subject,organ,iou,label,RF_class_weight=balanced_+_none,RF_class_weight=balanced_+_sigmoid,RF_class_weight=balanced_+_isotonic,RF_no_class_weight_+_none,RF_no_class_weight_+_sigmoid,RF_no_class_weight_+_isotonic
s0324,adrenal_gland_left,0.7025,0,0.31956683260712404,0.24616110085927068,0.32075471698113206,0.35516666666666663,0.26540594697719655,0.2605633802816901
s0324,adrenal_gland_right,0.77,0,0.17924544148068491,0.11947291386641788,0.125,0.2263333333333333,0.13745335710540532,0.12359550561797752
s0324,aorta,0.8888,0,0.6278846324178509,0.692215185729257,0.5666666666666667,0.7033095238095239,0.7674343313381408,0.7083333333333334
s0324,autochthon_left,0.976,1,0.9670197289743505,0.9494568496862561,0.9781818181818182,0.9810416666666666,0.950661865646847,0.981203007518797
s0324,autochthon_right,0.9755,1,0.9567224724400443,0.946272954540863,0.9595959595959596,0.976875,0.9494052577987349,0.9753086419753086
s0324,colon,0.7919,0,0.32142931697039556,0.2483306087852103,0.32075471698113206,0.34293749999999995,0.25053594664691486,0.2605633802816901
s0324,costal_cartilages,0.8752,0,0.1534335857223951,0.10349492930586739,0.12,0.17263194444444444,0.10176200705584651,0.12359550561797752
s0324,duodenum,0.643,0,0.47368169864408594,0.4614208723155414,0.516209476309227,0.5511726190476192,0.5565749741450022,0.5051546391752577
s0324,esophagus,0.8962,0,0.3767764754523123,0.31840080655095004,0.35365853658536583,0.4908273809523809,0.4610459941793678,0.5051546391752577
s0324,femur_left,0.9773,1,0.8561316203176635,0.9037009552931409,0.8942731277533039,0.8782767857142857,0.9093348943989394,0.9236111111111112
s0324,femur_right,0.9805,1,0.8441137521688254,0.896953446523792,0.8942731277533039,0.8806755952380955,0.9105836166988324,0.9236111111111112
s0324,gallbladder,0.7665,0,0.4706428066557518,0.4566978609951971,0.48079905055469135,0.5240535714285715,0.5137393738868543,0.5051546391752577
s0324,gluteus_maximus_left,0.9728,1,0.9059891022200877,0.9276464618652823,0.9304932735426009,0.913577380952381,0.9262063558371636,0.9298245614035088
s0324,gluteus_maximus_right,0.9721,1,0.9291735692071177,0.9368015951434221,0.9595959595959596,0.9460416666666667,0.9391227940145881,0.9555555555555556
s0324,gluteus_medius_left,0.9571,1,0.8117793660728663,0.87668976795793,0.84,0.8202708333333333,0.8740219764494648,0.8258064516129032
s0324,gluteus_medius_right,0.9662,1,0.8485044185776495,0.8994658165617128,0.8942731277533039,0.8547291666666665,0.8962216391191744,0.8897338403041825
s0324,gluteus_minimus_left,0.928,1,0.47691495655792493,0.46645356091270973,0.516209476309227,0.4895833333333334,0.4590825777366386,0.5051546391752577
s0324,gluteus_minimus_right,0.9403,1,0.4199723216194705,0.379710265158436,0.425531914893617,0.45666666666666667,0.4077743629129543,0.4409448818897638
s0324,heart,0.8806,0,0.714859578701908,0.794921686991206,0.7961165048543689,0.7412142857142857,0.8076340516326537,0.8199052132701422
s0324,hip_left,0.978,1,0.780339532250864,0.8537942400121467,0.84,0.7952886904761904,0.8554835012158345,0.8258064516129032
s0324,hip_right,0.9809,1,0.7815859996583336,0.8547653937902798,0.84,0.8044196428571427,0.862508979780752,0.8258064516129032
s0324,iliac_artery_left,0.708,0,0.45857211359624983,0.43802258779869624,0.43478260869565216,0.4000297619047619,0.3245327391765372,0.3670886075949367
s0324,iliac_artery_right,0.739,0,0.4851928087142066,0.47936709385610393,0.516209476309227,0.4379940476190476,0.3794670697591769,0.4409448818897638
s0324,iliac_vena_left,0.8329,0,0.22062512218427738,0.14951051365733048,0.1875,0.22595833333333334,0.13717112303243584,0.12359550561797752
s0324,iliac_vena_right,0.8246,0,0.4041533766321505,0.3566841338252511,0.35365853658536583,0.43472023809523813,0.3745816186489735,0.4409448818897638
s0324,iliopsoas_left,0.9613,1,0.9340716808734295,0.9385924507502336,0.9595959595959596,0.9209374999999999,0.9293394883987421,0.9523809523809523
s0324,iliopsoas_right,0.9512,1,0.9404464555425583,0.9408522071915979,0.9595959595959596,0.9415416666666665,0.9374675496522925,0.9555555555555556
s0324,inferior_vena_cava,0.797,0,0.38343899027395756,0.3275181399330954,0.35365853658536583,0.3909583333333334,0.3120282804900776,0.3670886075949367
s0324,kidney_left,0.8631,0,0.3576651589508934,0.2930236208769695,0.32075471698113206,0.43133333333333324,0.36955416268564256,0.4409448818897638
s0324,kidney_right,0.8243,0,0.5410618196962816,0.5663789686482464,0.516209476309227,0.5075119047619048,0.48747094282797776,0.5051546391752577
s0324,liver,0.9716,1,0.9450716407963696,0.9424427319910549,0.9595959595959596,0.9167083333333333,0.9275545045852688,0.9523809523809523
s0324,lung_lower_lobe_left,0.9913,1,0.9113089941074485,0.9298496615321447,0.9304932735426009,0.9550833333333333,0.9423254101164362,0.9555555555555556
s0324,lung_lower_lobe_right,0.9929,1,0.9415522680263589,0.9412361842128567,0.9595959595959596,0.9402083333333334,0.9369690949414646,0.9555555555555556
s0324,lung_middle_lobe_right,0.9693,1,0.5413875222710989,0.5668795427064065,0.516209476309227,0.5260119047619046,0.5168470385873802,0.5051546391752577
s0324,lung_upper_lobe_left,0.9751,1,0.6610906883480413,0.7346461752294493,0.7272727272727273,0.6245833333333333,0.6667874344028553,0.6407766990291263
s0324,pancreas,0.8818,0,0.5655700985406882,0.6035990609968441,0.516209476309227,0.6634761904761907,0.7192607830788805,0.7066666666666667
s0324,portal_vein_and_splenic_vein,0.414,0,0.10514583070132222,0.07862314497701421,0.05263157894736842,0.11908333333333332,0.07460444348209655,0.01818181818181818
s0324,rib_left_10,0.9727,1,0.719769065576436,0.7998855182369858,0.7961165048543689,0.7085000000000001,0.7732682048182709,0.7083333333333334
s0324,rib_left_11,0.9611,1,0.8123556441186007,0.8770791497241387,0.84,0.7782083333333333,0.8415428179221379,0.8199052132701422
s0324,rib_left_12,0.939,1,0.5800123109809876,0.625011432998886,0.516209476309227,0.522,0.5104794392822847,0.5051546391752577
s0324,rib_left_5,0.0,0,0.5382382254601419,0.5620337985325286,0.516209476309227,0.5403452380952382,0.5395375335458231,0.5051546391752577
s0324,rib_left_6,0.0,0,0.7583179902775418,0.8357373394066591,0.84,0.7665773809523811,0.831438241614919,0.8199052132701422
s0324,rib_left_7,0.0487,0,0.7111154588017337,0.79107511133516,0.7961165048543689,0.7699107142857141,0.8343855751101075,0.8199052132701422
s0324,rib_left_8,0.1829,0,0.7101255418273013,0.7900492756624644,0.7961165048543689,0.7677023809523809,0.8324376143719106,0.8199052132701422
s0324,rib_left_9,0.6375,0,0.5609234579376493,0.5966201015840982,0.516209476309227,0.5690833333333335,0.5844502933460002,0.5051546391752577
s0324,rib_right_10,0.9744,1,0.6715872639641682,0.747254063695227,0.7272727272727273,0.6765000000000001,0.7356625544398777,0.7066666666666667
s0324,rib_right_11,0.972,1,0.7895993125489504,0.860881415000363,0.84,0.7612916666666668,0.8266791071447486,0.8199052132701422
s0324,rib_right_12,0.9454,1,0.6749655240268757,0.7512264688004386,0.7272727272727273,0.668235119047619,0.7253255137569595,0.7066666666666667
s0324,rib_right_5,0.737,0,0.4233090848308394,0.38464129326335544,0.425531914893617,0.3867499999999999,0.30631761031909505,0.3670886075949367
s0324,rib_right_6,0.8856,0,0.7049175074266685,0.7845914367230385,0.7272727272727273,0.757952380952381,0.8236181234883454,0.8199052132701422
s0324,rib_right_7,0.982,1,0.7156542899502489,0.7957313504599561,0.7961165048543689,0.775827380952381,0.8395151556224181,0.8199052132701422
s0324,rib_right_8,0.9714,1,0.6700682597096863,0.7454542860023803,0.7272727272727273,0.6973690476190475,0.7606301265353355,0.7083333333333334
s0324,rib_right_9,0.9795,1,0.5524108608761842,0.5837346102031177,0.516209476309227,0.5518809523809522,0.55768539006361,0.5051546391752577
s0324,sacrum,0.9021,1,0.6362523615168619,0.7032594361193432,0.5666666666666667,0.6390297619047619,0.686859238746833,0.6407766990291263
s0324,small_bowel,0.6747,0,0.5838630340259608,0.6306427426841803,0.516209476309227,0.5742916666666668,0.5924639966547418,0.5051546391752577
s0324,spinal_cord,0.929,1,0.784243879455152,0.8568183304643993,0.84,0.7659999999999998,0.8309234934676485,0.8199052132701422
s0324,spleen,0.9229,1,0.952127911745897,0.9447920703294588,0.9595959595959596,0.952625,0.9414706513745591,0.9555555555555556
s0324,sternum,0.766,0,0.15062213300167795,0.10187363993701383,0.12,0.11662499999999999,0.07353326094110868,0.01818181818181818
s0324,stomach,0.8861,0,0.7861655159065439,0.8582874969465567,0.84,0.8591666666666667,0.8988147612071146,0.8897338403041825
s0324,urinary_bladder,0.7895,0,0.6021299240714552,0.6568534534227531,0.516209476309227,0.6523750000000001,0.7048010458386673,0.6407766990291263
s0324,vertebrae_L1,0.9855,1,0.9136434915218836,0.9307967656964846,0.9304932735426009,0.9202083333333333,0.9290346586800904,0.9523809523809523
s0324,vertebrae_L2,0.979,1,0.6052839733076457,0.6612890136299122,0.516209476309227,0.6141666666666666,0.6519242009298928,0.5625
s0324,vertebrae_L3,0.9814,1,0.8499791303834299,0.9002973750451756,0.8942731277533039,0.8429166666666668,0.8890307942406601,0.8897338403041825
s0324,vertebrae_L4,0.9823,1,0.8408934994111408,0.8950756191195094,0.8942731277533039,0.8281011904761906,0.8793987187831644,0.8897338403041825
s0324,vertebrae_L5,0.9842,1,0.8848642774649988,0.9182550414772132,0.9304932735426009,0.9259166666666667,0.9313888967739806,0.9523809523809523
s0324,vertebrae_S1,0.8955,0,0.8107347130730047,0.8759812104600598,0.84,0.7950892857142857,0.8553267988353417,0.8258064516129032
s0324,vertebrae_T10,0.9843,1,0.879004149036068,0.915459380652045,0.9304932735426009,0.8694583333333336,0.9046084797014076,0.8897338403041825
s0324,vertebrae_T11,0.9836,1,0.9083848208376384,0.9286464219959439,0.9304932735426009,0.9014166666666666,0.9207485249622789,0.9236111111111112
s0324,vertebrae_T12,0.9792,1,0.8596077600286233,0.9055777543931619,0.9166666666666666,0.8556666666666668,0.8967743320245625,0.8897338403041825
s0324,vertebrae_T9,0.9583,1,0.24012207669957428,0.16569939669097394,0.21212121212121213,0.24370833333333344,0.15107275844938522,0.22857142857142856
s0249,adrenal_gland_left,0.471,0,0.08199260209879838,0.06117291215618443,0.0,0.08412499999999999,0.05884680512377283,0.0
s0249,adrenal_gland_right,0.8251,0,0.25605133346068387,0.16703946325478664,0.23300970873786409,0.22497023809523814,0.13358238980357623,0.17777777777777778
s0249,aorta,0.9695,1,0.7625282160051015,0.8408225065169687,0.8103448275862069,0.7412261904761902,0.8082159267224064,0.77
s0249,autochthon_left,0.9217,1,0.8696265804692429,0.9134149483983582,0.9251101321585903,0.8152083333333334,0.8713028948693372,0.8478260869565217
s0249,autochthon_right,0.9209,1,0.8641638145140749,0.910583585052626,0.9251101321585903,0.7999583333333333,0.8599419413216196,0.8426966292134831
s0249,colon,0.9165,1,0.5905312441135492,0.6349486389935376,0.5917602996254682,0.5761845238095238,0.5940880929642406,0.6074498567335244
s0249,costal_cartilages,0.842,0,0.09303332978908987,0.06539858545977156,0.04,0.11458333333333331,0.07063374206455586,0.0
s0249,esophagus,0.9319,1,0.5522919285516399,0.5760392013765427,0.5917602996254682,0.5886250000000001,0.6131585359466418,0.6074498567335244
s0249,heart,0.925,1,0.8354822848413257,0.8943097669608512,0.8798076923076923,0.7982202380952381,0.8585951342435528,0.8426966292134831
s0249,iliopsoas_left,0.8084,0,0.041195350045366376,0.047678651726040674,0.0,0.04437499999999999,0.04622611487404782,0.0
s0249,iliopsoas_right,0.6296,0,0.05863875924736481,0.05306266787134146,0.0,0.060083333333333336,0.050872310254070074,0.0
s0249,inferior_vena_cava,0.9113,1,0.503534179434602,0.49790734729558084,0.5454545454545455,0.5410178571428571,0.5388086760545525,0.6074498567335244
s0249,kidney_left,0.8654,0,0.527886706802463,0.5371593252403767,0.5599999999999999,0.6053124999999998,0.6381953764487572,0.6074498567335244
s0249,kidney_right,0.6641,0,0.4266159969658406,0.3763306494736908,0.3181818181818182,0.4894861111111111,0.4564452133590746,0.5
s0249,liver,0.9731,1,0.9204999889744765,0.9361137355670418,0.9555921052631579,0.8978333333333335,0.9199729363850397,0.9276315789473685
s0249,lung_lower_lobe_left,0.9926,1,0.9769869978112494,0.9547591189260278,0.9723756906077348,0.9806666666666666,0.9513284953459713,0.9814814814814815
s0249,lung_lower_lobe_right,0.9945,1,0.9861220034501272,0.9572402445609874,1.0,0.9850416666666666,0.9526102628785933,0.9929078014184397
s0249,lung_middle_lobe_right,0.9694,1,0.8284609258256599,0.8899462102962176,0.8798076923076923,0.7597083333333334,0.8259067137390692,0.7751479289940828
s0249,lung_upper_lobe_left,0.9664,1,0.847960859728092,0.901688976748325,0.8798076923076923,0.817857142857143,0.8731942123773799,0.8478260869565217
s0249,lung_upper_lobe_right,0.1842,0,0.07068306749868268,0.05711000674189008,0.0,0.07147619047619048,0.05451508538359503,0.0
s0249,pancreas,0.643,0,0.12283804336914025,0.07819531280782255,0.04,0.1209047619047619,0.07333949627240076,0.0
s0249,portal_vein_and_splenic_vein,0.6714,0,0.17313035827329132,0.10505227975699885,0.12727272727272726,0.19524999999999995,0.113036566899562,0.09090909090909091
s0249,rib_left_10,0.9748,1,0.928458674487117,0.9391197586791542,0.9555921052631579,0.9338392857142855,0.9353964633783846,0.9538866930171278
s0249,rib_left_11,0.9697,1,0.7692405019158318,0.8465393457622966,0.8103448275862069,0.7709851190476192,0.8360532831778416,0.7751479289940828
s0249,rib_left_12,0.9089,1,0.7063576148293531,0.7861005867787995,0.7142857142857143,0.7227499999999999,0.7891926656879877,0.77
s0249,rib_left_7,0.9655,1,0.4363854719229424,0.3912513295846655,0.4623655913978496,0.42953571428571435,0.36382123818230655,0.3333333333333333
s0249,rib_left_8,0.9719,1,0.7043695602205569,0.7839336571926293,0.6842105263157895,0.7179166666666668,0.7839938739135083,0.77
s0249,rib_left_9,0.9663,1,0.7903304905521735,0.8634120911099827,0.8798076923076923,0.8417142857142857,0.8891782917975355,0.8811475409836066
s0249,rib_right_10,0.9621,1,0.8478684140155457,0.9016360364549865,0.8798076923076923,0.8616666666666667,0.9011642015423073,0.8811475409836066
s0249,rib_right_11,0.9562,1,0.852996166257278,0.9045344006131265,0.8798076923076923,0.8592708333333331,0.8997883746830194,0.8811475409836066
s0249,rib_right_12,0.9277,1,0.6474598821534958,0.7152832313698381,0.6170212765957447,0.6280654761904761,0.6711384317615687,0.6074498567335244
s0249,rib_right_7,0.9426,1,0.4632543711255036,0.43327030713363546,0.4623655913978496,0.474827380952381,0.4332524817258429,0.5
s0249,rib_right_8,0.9765,1,0.6913157612279721,0.7693119192953936,0.6666666666666666,0.6705833333333332,0.7282551667436008,0.6822429906542056
s0249,rib_right_9,0.9681,1,0.7417444048470209,0.8220248918168729,0.7927927927927928,0.7699285714285717,0.8351231869582474,0.7751479289940828
s0249,spinal_cord,0.9388,1,0.6761727428344093,0.7514998849445723,0.6666666666666666,0.6376904761904761,0.6846046093445963,0.6428571428571429
s0249,spleen,0.9689,1,0.8328580080145302,0.89269700357399,0.8798076923076923,0.8581547619047619,0.8991416689971101,0.8811475409836066
s0249,sternum,0.378,0,0.20599381562072827,0.12674435927555605,0.12727272727272726,0.17644642857142856,0.10150770044729931,0.09090909090909091
s0249,stomach,0.9125,1,0.8687951853103641,0.9129893312980437,0.9251101321585903,0.870994047619048,0.9063614803987763,0.8811475409836066
s0249,vertebrae_L1,0.9652,1,0.8743418483967653,0.9157933600443771,0.9251101321585903,0.9004285714285711,0.921188761585598,0.9276315789473685
s0249,vertebrae_T10,0.9797,1,0.4930958498553936,0.48106222565394335,0.5454545454545455,0.44744444444444453,0.3907740012605722,0.43478260869565216
s0249,vertebrae_T11,0.9819,1,0.9438695962621453,0.9445678024898502,0.9555921052631579,0.9489484126984127,0.9410062805682987,0.9538866930171278
s0249,vertebrae_T12,0.9825,1,0.9144568487093017,0.933739438049165,0.9555921052631579,0.9028333333333333,0.9223002509561178,0.9276315789473685
s0216,aorta,0.9505,1,0.42222177807458827,0.3830318248176932,0.425531914893617,0.47671428571428565,0.43885741516297394,0.4409448818897638
s0216,autochthon_left,0.9731,1,0.8583289858177535,0.904891172642393,0.9166666666666666,0.8933333333333333,0.9169190065940078,0.9236111111111112
s0216,autochthon_right,0.9766,1,0.9019619642951912,0.9259364043744439,0.9304932735426009,0.9430654761904763,0.9380327063771651,0.9555555555555556
s0216,colon,0.9024,1,0.3817653865695464,0.3252152707346546,0.35365853658536583,0.3408809523809524,0.24809051477591784,0.2605633802816901
s0216,duodenum,0.7203,0,0.1737158463615595,0.11587981434778237,0.12,0.2321666666666666,0.1419067894603402,0.12359550561797752
s0216,femur_left,0.9872,1,0.7893316215205303,0.860680638228824,0.84,0.8140059523809526,0.8695736012730088,0.8258064516129032
s0216,femur_right,0.9852,1,0.7825531513558819,0.855515231524563,0.84,0.7959642857142856,0.856013369866183,0.8258064516129032
s0216,gluteus_maximus_left,0.9757,1,0.9469611078166079,0.9430808656171488,0.9595959595959596,0.9567142857142857,0.9428860089664811,0.9555555555555556
s0216,gluteus_maximus_right,0.9791,1,0.9266091515519135,0.9358446718127476,0.9595959595959596,0.9605476190476192,0.9441835257924361,0.9555555555555556
s0216,gluteus_medius_left,0.9695,1,0.9083757181213125,0.9286426468272516,0.9304932735426009,0.9032083333333334,0.9215752122127598,0.9236111111111112
s0216,gluteus_medius_right,0.9634,1,0.8728464192287269,0.9124284975808991,0.9304932735426009,0.882625,0.9115869515930235,0.9236111111111112
s0216,gluteus_minimus_left,0.9463,1,0.6442453592729386,0.7135919831006414,0.7272727272727273,0.6706845238095239,0.7284150855016851,0.7066666666666667
s0216,gluteus_minimus_right,0.9335,1,0.5258636131074252,0.5428869734112987,0.516209476309227,0.5441250000000001,0.5454977598209386,0.5051546391752577
s0216,hip_left,0.9832,1,0.912693165710742,0.9304126559456819,0.9304932735426009,0.9090178571428572,0.9242017619487465,0.9236111111111112
s0216,hip_right,0.9822,1,0.8811644692543981,0.9164999520375958,0.9304932735426009,0.8941666666666667,0.9173214531372623,0.9236111111111112
s0216,iliac_artery_left,0.9246,1,0.6542001576227938,0.7261544869048789,0.7272727272727273,0.6448184523809525,0.6947148508223996,0.6407766990291263
s0216,iliac_artery_right,0.8953,0,0.5026552503839001,0.5066783000155386,0.516209476309227,0.49728571428571405,0.4712569298766333,0.5051546391752577
s0216,iliac_vena_left,0.8359,0,0.4097037203468711,0.36469427558956297,0.425531914893617,0.3348482142857142,0.24100975686945242,0.2605633802816901
s0216,iliac_vena_right,0.8112,0,0.3774033238146368,0.31925285305516904,0.35365853658536583,0.4252083333333333,0.3605344269988637,0.4409448818897638
s0216,iliopsoas_left,0.9594,1,0.920243382380646,0.933410645650422,0.95,0.9327083333333335,0.9340956026504843,0.9523809523809523
s0216,iliopsoas_right,0.9614,1,0.8910157909426881,0.9210988757074619,0.9304932735426009,0.8714583333333333,0.9056993744978219,0.8897338403041825
s0216,inferior_vena_cava,0.5574,0,0.3654524933150831,0.30322130286658294,0.32075471698113206,0.46635317460317455,0.42271688758654785,0.4409448818897638
s0216,kidney_right,0.9682,1,0.32389028600229425,0.2512168326164284,0.32075471698113206,0.32516666666666666,0.22993760483573794,0.2605633802816901
s0216,liver,0.9868,1,0.5989210304936724,0.6523124935223422,0.516209476309227,0.5784642857142857,0.5988490340424955,0.5051546391752577
s0216,sacrum,0.9328,1,0.5481070915189946,0.57717500534766,0.516209476309227,0.5061607142857143,0.4853263253379951,0.5051546391752577
s0216,small_bowel,0.8901,0,0.6498188697015327,0.720667937102661,0.7272727272727273,0.7044761904761906,0.7687546749945209,0.7083333333333334
s0216,spinal_cord,0.9516,1,0.779276166363101,0.8529614965519425,0.84,0.8196666666666665,0.873598711055758,0.8258064516129032
s0216,stomach,0.0,0,0.08454447189780412,0.06977556148979228,0.041874796871588106,0.07629166666666666,0.05787243174531668,0.0
s0216,urinary_bladder,0.8861,0,0.7036865814967525,0.7832865339910094,0.7272727272727273,0.752531746031746,0.8185590659811922,0.8199052132701422
s0216,vertebrae_L2,0.9879,1,0.5000663034499175,0.502627770778735,0.516209476309227,0.4632321428571429,0.4178854897002462,0.4409448818897638
s0216,vertebrae_L3,0.9903,1,0.9062907831455637,0.927773089372417,0.9304932735426009,0.9046448412698411,0.9222323202289862,0.9236111111111112
s0216,vertebrae_L4,0.9908,1,0.9014120628745758,0.9257000323436753,0.9304932735426009,0.9051309523809524,0.9224535400921429,0.9236111111111112
s0216,vertebrae_L5,0.9785,1,0.9494039033153441,0.9438960248448748,0.9595959595959596,0.943125,0.9380546857200631,0.9555555555555556
s0216,vertebrae_S1,0.9401,1,0.816823459121434,0.8800622289216462,0.8942731277533039,0.8036249999999999,0.8619091610449298,0.8258064516129032
s0123,adrenal_gland_left,0.9272,1,0.3568846408990738,0.29027284844656953,0.29357798165137616,0.34539285714285706,0.25643884593352373,0.3315508021390374
s0123,adrenal_gland_right,0.9051,1,0.32733379214645125,0.25337039594723854,0.29357798165137616,0.33330952380952383,0.24197858311812212,0.3315508021390374
s0123,aorta,0.9835,1,0.939358477359296,0.9418668853246319,0.9736842105263158,0.925919642857143,0.9339670370171453,0.9638157894736842
s0123,atrial_appendage_left,0.9125,1,0.5163013958035937,0.5281936656290721,0.5228215767634854,0.5609345238095238,0.5779442996833846,0.5757575757575758
s0123,autochthon_left,0.955,1,0.9266153440089606,0.9372996894979495,0.9584415584415584,0.9640297619047619,0.9475038831873775,0.9714285714285714
s0123,autochthon_right,0.9512,1,0.9507487983852119,0.9456832635062495,0.9736842105263158,0.9427916666666667,0.9403200266582414,0.9638157894736842
s0123,brachiocephalic_trunk,0.9324,1,0.6386638565141086,0.7080216814278186,0.6541666666666667,0.6922023809523807,0.7602608214586121,0.6614173228346457
s0123,brachiocephalic_vein_left,0.9148,1,0.6735285573614316,0.7513859160694741,0.6541666666666667,0.6626309523809525,0.7241078764147417,0.6614173228346457
s0123,brachiocephalic_vein_right,0.6111,0,0.3994882589843016,0.3486555558319641,0.40540540540540543,0.43344047619047626,0.377238241558393,0.44
s0123,clavicula_left,0.9568,1,0.9354344580083209,0.9404948035575891,0.9584415584415584,0.9598809523809523,0.9461679125926148,0.9714285714285714
s0123,clavicula_right,0.9625,1,0.9168387964725673,0.9335709960609805,0.9584415584415584,0.9383750000000001,0.9387145330080954,0.9638157894736842
s0123,colon,0.8929,0,0.4000711664000594,0.3494921676496458,0.40540540540540543,0.42824999999999996,0.36946968701709515,0.44
s0123,common_carotid_artery_left,0.8749,0,0.6485727159999893,0.720790139615598,0.6541666666666667,0.7228749999999998,0.794184268346265,0.7612903225806451
s0123,common_carotid_artery_right,0.9192,1,0.4690457211473108,0.45373388268203596,0.45,0.4977053571428572,0.47747512479383314,0.5
s0123,costal_cartilages,0.8923,0,0.11781902205177061,0.08285953089167364,0.125,0.15118452380952382,0.09054616185780034,0.1
s0123,duodenum,0.7075,0,0.34720196892246685,0.2778363054608336,0.29357798165137616,0.3589523809523809,0.27332546532474694,0.3315508021390374
s0123,esophagus,0.9411,1,0.6175083883166045,0.6796506838821151,0.6541666666666667,0.7786250000000001,0.8464451975799737,0.795774647887324
s0123,gallbladder,0.8921,0,0.7301517283161141,0.8120944210090498,0.7549019607843137,0.6553035714285714,0.7146455188730645,0.6614173228346457
s0123,heart,0.9312,1,0.9238212087772546,0.9362544288017437,0.9584415584415584,0.9645833333333336,0.9476797547078867,0.9714285714285714
s0123,humerus_left,0.9652,1,0.9054165749929969,0.9289542163633773,0.9584415584415584,0.9065416666666667,0.9258978176472736,0.9532374100719424
s0123,humerus_right,0.9309,1,0.8952672828357144,0.9246050993897611,0.9523809523809523,0.9024583333333333,0.9240854570201873,0.9532374100719424
s0123,iliopsoas_left,0.7845,0,0.055497017797339974,0.05744480382277777,0.0,0.0685,0.05541222392041901,0.0
s0123,iliopsoas_right,0.7916,0,0.031804684841606125,0.0498584864129167,0.0,0.06396428571428571,0.05391288922533057,0.0
s0123,inferior_vena_cava,0.9062,1,0.38346656160900544,0.32603906613232864,0.38271604938271603,0.4721666666666666,0.4369521011334797,0.4880952380952381
s0123,kidney_left,0.9625,1,0.46581494890565756,0.44868072977059176,0.45,0.4949285714285714,0.47304499165468966,0.5
s0123,kidney_right,0.9777,1,0.7507016267783442,0.8311051741758375,0.7619047619047619,0.7831874999999999,0.850200690084285,0.795774647887324
s0123,liver,0.9851,1,0.9862163861272992,0.9561066153189571,0.9801762114537445,0.991875,0.9556902148125946,0.9770491803278688
s0123,lung_lower_lobe_left,0.987,1,0.9883250123968658,0.9566621917658785,0.9801762114537445,0.9945833333333333,0.956418153009582,0.9770491803278688
s0123,lung_lower_lobe_right,0.9903,1,0.9811746575512009,0.9547505593720678,0.9801762114537445,0.9428333333333333,0.9403349836391707,0.9638157894736842
s0123,lung_middle_lobe_right,0.9603,1,0.9814220200378885,0.9548180127876111,0.9801762114537445,0.9933928571428571,0.9560995967411994,0.9770491803278688
s0123,lung_upper_lobe_left,0.9933,1,0.9936974170944787,0.9580475122237093,0.9801762114537445,0.9975,0.9571893168692417,1.0
s0123,lung_upper_lobe_right,0.9861,1,1.0,0.959618723318908,1.0,0.9947916666666667,0.9564736730641706,0.9770491803278688
s0123,pancreas,0.9157,1,0.46260875510478683,0.4436764690447977,0.45,0.5821547619047618,0.6106615909422405,0.5757575757575758
s0123,portal_vein_and_splenic_vein,0.8207,0,0.18812991933639778,0.12346747185726482,0.125,0.2403988095238095,0.1497902435840216,0.1
s0123,pulmonary_vein,0.8974,0,0.44542863182972253,0.4170798804085011,0.40540540540540543,0.49758333333333327,0.4772803662627208,0.5
s0123,rib_left_1,0.9281,1,0.7721857184117147,0.8493080308484682,0.803921568627451,0.7916041666666667,0.8569297948944435,0.795774647887324
s0123,rib_left_10,0.9207,1,0.8942055804279727,0.9241362715711399,0.9523809523809523,0.9177083333333335,0.9306525259346297,0.9532374100719424
s0123,rib_left_11,0.967,1,0.7732757442726154,0.8501870993515785,0.803921568627451,0.8307380952380952,0.8849714453155356,0.8421052631578947
s0123,rib_left_12,0.9223,1,0.6195992305273927,0.6825192896073524,0.6541666666666667,0.7218333333333333,0.7930928755335388,0.7612903225806451
s0123,rib_left_2,0.9697,1,0.8909523737398912,0.9226830104476205,0.9411764705882353,0.9080892857142855,0.9265742572210965,0.9532374100719424
s0123,rib_left_3,0.9717,1,0.9451914673817302,0.9438516915102727,0.9736842105263158,0.9632291666666668,0.9472485433272845,0.9714285714285714
s0123,rib_left_4,0.9664,1,0.9784047566084948,0.9539886541545324,0.9801762114537445,0.98125,0.9527210128748825,0.9770491803278688
s0123,rib_left_5,0.9565,1,0.9364907257634567,0.940867096450884,0.9584415584415584,0.9556666666666668,0.9447780739797275,0.9714285714285714
s0123,rib_left_6,0.9575,1,0.9180877638225889,0.9340585767544611,0.9584415584415584,0.9460416666666667,0.9414761819712165,0.9638157894736842
s0123,rib_left_7,0.9745,1,0.9320167346783714,0.9392750942438325,0.9584415584415584,0.9504166666666669,0.9429993945471578,0.9638157894736842
s0123,rib_left_8,0.9653,1,0.9055951056070929,0.9290286057148157,0.9584415584415584,0.9145416666666665,0.9293336225941242,0.9532374100719424
s0123,rib_left_9,0.9407,1,0.9311613491941054,0.9389661870735606,0.9584415584415584,0.9377083333333333,0.9384687146392532,0.9638157894736842
s0123,rib_right_1,0.9337,1,0.7724941241803326,0.8495571790754546,0.803921568627451,0.7864434523809523,0.8528342251062555,0.795774647887324
s0123,rib_right_10,0.9755,1,0.9115918949057948,0.9314858857770676,0.9584415584415584,0.9357916666666668,0.9377568458207721,0.9638157894736842
s0123,rib_right_11,0.9681,1,0.865672508341477,0.9104948526813509,0.8729016786570744,0.8660208333333331,0.9060295804029688,0.8421052631578947
s0123,rib_right_12,0.9392,1,0.6469822308965467,0.7187638316621537,0.6541666666666667,0.7317083333333335,0.8032677454331012,0.7612903225806451
s0123,rib_right_2,0.9665,1,0.9339002578502519,0.9399501463125927,0.9584415584415584,0.9271726190476189,0.9344596735088911,0.9638157894736842
s0123,rib_right_3,0.9736,1,0.9468602354483494,0.94440769923021,0.9736842105263158,0.9585059523809524,0.9457181130739151,0.9714285714285714
s0123,rib_right_4,0.9572,1,0.9645177458421678,0.9499813613728149,0.9801762114537445,0.9737500000000001,0.9505122482202079,0.9714285714285714
s0123,rib_right_5,0.9704,1,0.9313259585412382,0.9390257467409695,0.9584415584415584,0.9648750000000001,0.947772194140045,0.9714285714285714
s0123,rib_right_6,0.9757,1,0.8737168759742815,0.9145502745597133,0.8729016786570744,0.8962500000000001,0.9212518916276943,0.9532374100719424
s0123,rib_right_7,0.9705,1,0.9205713843704825,0.9350182802847042,0.9584415584415584,0.956875,0.9451799917162651,0.9714285714285714
s0123,rib_right_8,0.9819,1,0.9137045532552227,0.932332647510539,0.9584415584415584,0.9261666666666667,0.9340644316825303,0.9638157894736842
s0123,rib_right_9,0.9734,1,0.9402018847042828,0.9421578926226294,0.9736842105263158,0.9523333333333334,0.943654907458152,0.9638157894736842
s0123,scapula_left,0.962,1,0.9941094183575508,0.9581519845386113,0.9801762114537445,0.99875,0.9575158104633468,1.0
s0123,scapula_right,0.9522,1,0.9956503115264798,0.9585405119035265,0.9801762114537445,0.995,0.9565291256050411,0.9770491803278688
s0123,skull,0.7665,0,0.5634794361463726,0.6013021854787586,0.5228215767634854,0.4807916666666668,0.45057103280003236,0.4880952380952381
s0123,small_bowel,0.8195,0,0.60101925281364,0.656562683742951,0.6541666666666667,0.608952380952381,0.6505660946494976,0.6532258064516129
s0123,spinal_cord,0.9338,1,0.913725771587562,0.9323411024731021,0.9584415584415584,0.9408333333333333,0.9396130754521419,0.9638157894736842
s0123,spleen,0.9888,1,0.9846526588661755,0.9556902262330389,0.9801762114537445,0.9803125000000001,0.9524501268920108,0.9770491803278688
s0123,sternum,0.9353,1,0.8401608989217855,0.8964648940138515,0.8729016786570744,0.7928125,0.857874909050523,0.795774647887324
s0123,stomach,0.9417,1,0.9259913357042794,0.9370676495760477,0.9584415584415584,0.9474999999999999,0.9419881141438157,0.9638157894736842
s0123,subclavian_artery_left,0.9115,1,0.7297758671866248,0.8117318685536496,0.7549019607843137,0.765625,0.8353215635734831,0.7894736842105263
s0123,subclavian_artery_right,0.8747,0,0.7808307379754873,0.856164256352804,0.803921568627451,0.7652083333333333,0.8349545609798951,0.7894736842105263
s0123,superior_vena_cava,0.9062,1,0.7925234914933287,0.8650224951777259,0.819672131147541,0.7521726190476188,0.8231391679614635,0.7894736842105263
s0123,thyroid_gland,0.8571,0,0.6525367516863527,0.725801271171467,0.6541666666666667,0.7729761904761905,0.8416891660882493,0.795774647887324
s0123,trachea,0.9569,1,0.9086394280383145,0.930286074200343,0.9584415584415584,0.9239166666666666,0.9331723689864662,0.9532374100719424
s0123,vertebrae_C6,0.7056,0,0.4720987482215647,0.4585178240234658,0.45,0.5065535714285716,0.4916119928148476,0.5
s0123,vertebrae_C7,0.9185,1,0.8182401896608453,0.8828899572037928,0.8729016786570744,0.8714166666666665,0.9089276357035712,0.9137931034482759
s0123,vertebrae_L1,0.9387,1,0.8584311686225473,0.906696680729594,0.8729016786570744,0.9124583333333334,0.9284533223185614,0.9532374100719424
s0123,vertebrae_T1,0.9751,1,0.9404233153642388,0.942234067631386,0.9736842105263158,0.9739583333333335,0.9505749031576319,0.9714285714285714
s0123,vertebrae_T10,0.986,1,0.9446427817764245,0.9436677381695224,0.9736842105263158,0.9658749999999999,0.9480879590224746,0.9714285714285714
s0123,vertebrae_T11,0.981,1,0.9445008737774861,0.9436200696767657,0.9736842105263158,0.9722916666666666,0.9500715511728675,0.9714285714285714
s0123,vertebrae_T12,0.9851,1,0.9580450651112531,0.9480025276551549,0.9736842105263158,0.9536190476190476,0.944090651298694,0.9638157894736842
s0123,vertebrae_T2,0.9462,1,0.9367453919990812,0.9409565291641492,0.9584415584415584,0.9593809523809524,0.9460047573005582,0.9714285714285714
s0123,vertebrae_T3,0.9184,1,0.9307495320118037,0.9388169432431693,0.9584415584415584,0.9469642857142858,0.9418005475850447,0.9638157894736842
s0123,vertebrae_T4,0.9454,1,0.9348745371324618,0.9402965640778642,0.9584415584415584,0.9613333333333333,0.9466392067497914,0.9714285714285714
s0123,vertebrae_T5,0.9722,1,0.9700705421925144,0.9516219117819439,0.9801762114537445,0.9847916666666667,0.9537311794188185,0.9770491803278688
s0123,vertebrae_T6,0.9789,1,0.9697861446613137,0.9515391429451836,0.9801762114537445,0.975,0.9508870513517411,0.9714285714285714
s0123,vertebrae_T7,0.9818,1,0.9683296155877266,0.9511131354159257,0.9801762114537445,0.9751666666666666,0.9509368212511583,0.9714285714285714
s0123,vertebrae_T8,0.9855,1,0.9792726864297149,0.9542286963741471,0.9801762114537445,0.9800833333333333,0.9523836863759471,0.9770491803278688
s0123,vertebrae_T9,0.983,1,0.9224029109317707,0.9357176632736696,0.9584415584415584,0.957375,0.9453454951876975,0.9714285714285714
s0095,adrenal_gland_left,0.8541,0,0.4258672102394668,0.3873816321405344,0.40540540540540543,0.4166726190476192,0.35238834764300464,0.3315508021390374
s0095,adrenal_gland_right,0.798,0,0.3752789004440736,0.31477866005692934,0.38271604938271603,0.35976488095238096,0.2743590743061873,0.3315508021390374
s0095,aorta,0.9788,1,0.932489592703406,0.9394452302344042,0.9584415584415584,0.9451130952380954,0.9411480123844952,0.9638157894736842
s0095,atrial_appendage_left,0.9343,1,0.5550188662719171,0.5884236818831832,0.5228215767634854,0.5566190476190476,0.5711960019504038,0.5757575757575758
s0095,autochthon_left,0.9535,1,0.9101906807204467,0.930918869836257,0.9584415584415584,0.8962916666666664,0.9212712273483791,0.9532374100719424
s0095,autochthon_right,0.9414,1,0.9007755027927221,0.9269949620265506,0.9584415584415584,0.9004166666666664,0.9231640958867118,0.9532374100719424
s0095,brachiocephalic_trunk,0.9301,1,0.5990342585770364,0.6537299476301088,0.6541666666666667,0.5902767857142855,0.6229418297525869,0.5757575757575758
s0095,brachiocephalic_vein_left,0.9541,1,0.487006858629525,0.4819717898278817,0.5228215767634854,0.5082083333333333,0.4942579915849867,0.5
s0095,brachiocephalic_vein_right,0.891,0,0.3585284895350185,0.29241661780985595,0.29357798165137616,0.37452083333333325,0.2935471493879351,0.3315508021390374
s0095,clavicula_left,0.9712,1,0.9137070654628947,0.9323336486121592,0.9584415584415584,0.8894166666666665,0.9180215035522591,0.9230769230769231
s0095,clavicula_right,0.9638,1,0.8672229807801682,0.911289764913234,0.8729016786570744,0.8849166666666665,0.9158287246464678,0.9137931034482759
s0095,colon,0.8942,0,0.7473440353056248,0.8281072561467128,0.7619047619047619,0.7356250000000002,0.8071973076496591,0.7612903225806451
s0095,common_carotid_artery_left,0.8212,0,0.3800016032056518,0.32124824156854576,0.38271604938271603,0.3634583333333334,0.2790881556835372,0.3315508021390374
s0095,common_carotid_artery_right,0.907,1,0.5725985673590233,0.6150274110058987,0.5228215767634854,0.6178125,0.6633390656130965,0.6532258064516129
s0095,costal_cartilages,0.8197,0,0.17952254746550486,0.11770298019369618,0.125,0.19537499999999997,0.11667701310579058,0.1
s0095,duodenum,0.7673,0,0.5175720058407774,0.5301932704561515,0.5228215767634854,0.6624027777777778,0.7238161647842906,0.6614173228346457
s0095,esophagus,0.9224,1,0.753478149408511,0.833552678170181,0.7619047619047619,0.7934166666666667,0.8583455096572004,0.795774647887324
s0095,femur_left,0.9821,1,0.9444262873348204,0.9435950000483743,0.9736842105263158,0.9787500000000001,0.951995370865212,0.9743589743590245
s0095,femur_right,0.9613,1,0.9515654295118294,0.9459476155045448,0.9736842105263158,0.9545416666666666,0.9444013820716632,0.9714285714285714
s0095,gallbladder,0.4064,0,0.42717686246729386,0.3893466335327199,0.40540540540540543,0.4827916666666666,0.4537404213472911,0.4880952380952381
s0095,gluteus_maximus_left,0.9541,1,0.8274563750108419,0.8887761378719629,0.8729016786570744,0.8464999999999998,0.8948445048623935,0.8421052631578947
s0095,gluteus_maximus_right,0.9393,1,0.7828248521069261,0.8577084429453818,0.803921568627451,0.7902499999999998,0.8558643998838076,0.795774647887324
s0095,gluteus_medius_left,0.9401,1,0.9221634054277135,0.9356266061778219,0.9584415584415584,0.9573749999999999,0.9453454951876975,0.9714285714285714
s0095,gluteus_medius_right,0.9194,1,0.8113929101766791,0.8783434517059188,0.8729016786570744,0.836875,0.8889080008490762,0.8421052631578947
s0095,gluteus_minimus_left,0.9399,1,0.8283489753939521,0.8893322609194284,0.8729016786570744,0.8671666666666664,0.9066518294226144,0.9046251993618137
s0095,gluteus_minimus_right,0.9348,1,0.8050564039157264,0.8740014177838967,0.8729016786570744,0.8047083333333335,0.8669034513916419,0.795774647887324
s0095,heart,0.9307,1,0.9562391456304385,0.9474373486604184,0.9736842105263158,0.9683809523809523,0.9488713409476149,0.9714285714285714
s0095,hip_left,0.9725,1,0.9266441116174817,0.9373103675723882,0.9584415584415584,0.9240833333333331,0.9332388301524915,0.9532374100719424
s0095,hip_right,0.9753,1,0.9543630437567096,0.9468440634983467,0.9736842105263158,0.9522083333333334,0.9436123735544759,0.9638157894736842
s0095,humerus_left,0.9515,1,0.8150263272871068,0.8807746309682117,0.8729016786570744,0.8125416666666666,0.8725799965079153,0.8421052631578947
s0095,humerus_right,0.9236,1,0.6120543398557104,0.6721039839487565,0.6541666666666667,0.5954166666666666,0.6306334825781666,0.6153846153846154
s0095,iliac_artery_left,0.9206,1,0.8114344376455626,0.8783714781337786,0.8729016786570744,0.7941309523809521,0.8589002055844159,0.795774647887324
s0095,iliac_artery_right,0.9353,1,0.8121851166855472,0.8788771446400511,0.8729016786570744,0.7756547619047618,0.8439591430808334,0.795774647887324
s0095,iliac_vena_left,0.9032,1,0.6413454069880747,0.7115108406354869,0.6541666666666667,0.7478333333333331,0.8190615151981919,0.7894736842105263
s0095,iliac_vena_right,0.9168,1,0.6292211417327591,0.6955403361783573,0.6541666666666667,0.6947083333333333,0.7631705920693472,0.758342477251651
s0095,iliopsoas_left,0.9511,1,0.9628434333229905,0.9494764366502927,0.9801762114537445,0.9679583333333333,0.9487400152370236,0.9714285714285714
s0095,iliopsoas_right,0.9561,1,0.943046303998747,0.9431292720268686,0.9736842105263158,0.9629166666666664,0.9471485574600895,0.9714285714285714
s0095,inferior_vena_cava,0.8333,0,0.56734941612162,0.6071477330477045,0.5228215767634854,0.6397916666666666,0.6939855806779001,0.6532258064516129
s0095,kidney_left,0.9573,1,0.924893489753661,0.9366574659040675,0.9584415584415584,0.9421666666666666,0.9400952501777976,0.9638157894736842
s0095,kidney_right,0.9761,1,0.9253652345756841,0.9368340265353625,0.9584415584415584,0.9469583333333332,0.9417984603194705,0.9638157894736842
s0095,liver,0.9629,1,0.9048973113595021,0.928737442398543,0.9584415584415584,0.934875,0.9374136751250577,0.9638157894736842
s0095,lung_lower_lobe_left,0.9711,1,0.9104368049448806,0.9310187801270421,0.9584415584415584,0.8799404761904763,0.9133420022413502,0.9137931034482759
s0095,lung_lower_lobe_right,0.9792,1,0.7922173902210623,0.8647965849238792,0.819672131147541,0.7590297619047619,0.8294352191467083,0.7894736842105263
s0095,lung_middle_lobe_right,0.9493,1,0.9429240364199196,0.9430878343418183,0.9736842105263158,0.9437083333333334,0.9406482703462037,0.9638157894736842
s0095,lung_upper_lobe_left,0.9909,1,0.9655842264848328,0.9503004852888797,0.9801762114537445,0.9737083333333332,0.9504997082009803,0.9714285714285714
s0095,lung_upper_lobe_right,0.9851,1,0.9638831124570925,0.9497905391683562,0.9801762114537445,0.9808333333333334,0.9526008006422134,0.9770491803278688
s0095,pancreas,0.8742,0,0.5375935515812166,0.56153300603317,0.5228215767634854,0.6226527777777778,0.6702188506326617,0.6532258064516129
s0095,portal_vein_and_splenic_vein,0.7387,0,0.21243833823137453,0.1410674448597397,0.125,0.23271428571428576,0.14363664711599972,0.1
s0095,prostate,0.8151,0,0.47932345626193795,0.46986750428176716,0.5228215767634854,0.4925119047619048,0.4691928256736972,0.5
s0095,pulmonary_vein,0.9243,1,0.46423067666719875,0.4462066179023189,0.45,0.5131607142857143,0.5021782856056326,0.5
s0095,rib_left_1,0.9183,1,0.7487671842946735,0.829383072220003,0.7619047619047619,0.786375,0.8527792546994342,0.795774647887324
s0095,rib_left_10,0.9372,1,0.6066086435272967,0.6644790315303991,0.6541666666666667,0.5926011904761905,0.6264281576702957,0.6153846153846154
s0095,rib_left_11,0.6096,0,0.3780692926673045,0.31859270483397417,0.38271604938271603,0.3011250000000001,0.2062370051328832,0.25
s0095,rib_left_12,0.6072,0,0.4870831291194715,0.48209207465791487,0.5228215767634854,0.45062499999999983,0.40339205615501794,0.44
s0095,rib_left_2,0.9442,1,0.9468910250557581,0.9444179090085186,0.9736842105263158,0.9680625,0.9487724138516113,0.9714285714285714
s0095,rib_left_3,0.9248,1,0.39596157714225094,0.3436139428463636,0.38271604938271603,0.43520833333333336,0.3798988772853208,0.44
s0095,rib_left_4,0.9479,1,0.38244528862022437,0.32462316430123755,0.38271604938271603,0.408547619047619,0.3406192025817747,0.3315508021390374
s0095,rib_left_5,0.9457,1,0.3497434359437617,0.2810687191812743,0.29357798165137616,0.383360119047619,0.30540928853330473,0.3315508021390374
s0095,rib_left_6,0.9432,1,0.8387205022154056,0.8956173837774749,0.8729016786570744,0.83975,0.8907113162850693,0.8421052631578947
s0095,rib_left_7,0.9476,1,0.9195438475609482,0.9346228129335548,0.9584415584415584,0.9317083333333335,0.9362145472279498,0.9638157894736842
s0095,rib_left_8,0.9371,1,0.36406252457455984,0.29970138015680775,0.38271604938271603,0.23827380952380955,0.1480671811608495,0.1
s0095,rib_left_9,0.9185,1,0.5437332109882782,0.5710575146408992,0.5228215767634854,0.5274583333333334,0.5250241838252603,0.5
s0095,rib_right_1,0.9274,1,0.9253639616078675,0.936833550717953,0.9584415584415584,0.948047619047619,0.9421792624278792,0.9638157894736842
s0095,rib_right_10,0.0034,0,0.6246958016640365,0.6894536159181953,0.6541666666666667,0.6882499999999999,0.7556220137680915,0.6614173228346457
s0095,rib_right_11,0.0,0,0.3199796965290347,0.24468396261894756,0.29357798165137616,0.2396666666666667,0.14919472584460386,0.1
s0095,rib_right_12,0.0701,0,0.342853983166862,0.27235960031916895,0.29357798165137616,0.325422619047619,0.23284463594308216,0.3315508021390374
s0095,rib_right_2,0.925,1,0.7978180865966429,0.868879831682542,0.8359432814781942,0.8540476190476192,0.899302162127159,0.8421052631578947
s0095,rib_right_3,0.8899,0,0.41119281485457426,0.3656272249043252,0.40540540540540543,0.4759375,0.44289582059397736,0.4880952380952381
s0095,rib_right_4,0.9156,1,0.2671038229532668,0.18829019453552237,0.19444444444444445,0.28005357142857146,0.18504094521322748,0.1891891891891892
s0095,rib_right_5,0.8196,0,0.22522113699035906,0.15113715003691447,0.125,0.2503035714285714,0.1580402224356926,0.1
s0095,rib_right_6,0.6027,0,0.2806678071737532,0.20173561984797136,0.24,0.23759523809523814,0.1475204196941214,0.1
s0095,rib_right_7,0.4864,0,0.29336961596374544,0.21496534693313546,0.2857142857142857,0.23875000000000005,0.14845187234979818,0.1
s0095,rib_right_8,0.3713,0,0.2257900024380941,0.15159872061949567,0.125,0.21825000000000003,0.13262550697424513,0.1
s0095,rib_right_9,0.1757,0,0.2815335247640012,0.20261766117909946,0.24,0.2308869047619048,0.1422046444803344,0.1
s0095,sacrum,0.9076,1,0.6585490045895304,0.7332939297403922,0.6541666666666667,0.7020535714285715,0.7715583967922198,0.7612903225806451
s0095,scapula_left,0.9045,1,0.9003804987897308,0.9268259296352304,0.9584415584415584,0.9136250000000002,0.9289475301248585,0.9532374100719424
s0095,scapula_right,0.8931,0,0.965805085040833,0.9503663313880222,0.9801762114537445,0.9749166666666667,0.9508621484508291,0.9714285714285714
s0095,skull,0.9564,1,0.7553639578448572,0.8351987763809953,0.7619047619047619,0.7537321428571425,0.8245869304588489,0.7894736842105263
s0095,small_bowel,0.9178,1,0.6805001923904649,0.7595207423375385,0.7549019607843137,0.7311250000000002,0.802677346151799,0.7612903225806451
s0095,spinal_cord,0.9273,1,0.7925628084013044,0.8650514889225447,0.819672131147541,0.8316904761904762,0.8855902144923649,0.8421052631578947
s0095,spleen,0.9133,1,0.7768280448847318,0.8530226130193034,0.803921568627451,0.7958333333333333,0.860214913246115,0.795774647887324
s0095,sternum,0.9208,1,0.7925037508031693,0.865007935678921,0.819672131147541,0.756642857142857,0.8272640657833013,0.7894736842105263
s0095,stomach,0.9483,1,0.781291171656919,0.856522036795648,0.803921568627451,0.7914940476190477,0.8568434040068451,0.795774647887324
s0095,subclavian_artery_left,0.931,1,0.7755970325126313,0.8520450593928625,0.803921568627451,0.7704583333333334,0.83953101052467,0.795774647887324
s0095,subclavian_artery_right,0.9341,1,0.7349148137776982,0.8166424036662182,0.7549019607843137,0.6907857142857147,0.7586050752806606,0.6614173228346457
s0095,superior_vena_cava,0.9694,1,0.6700344301702656,0.747240180775282,0.6541666666666667,0.7659404761904763,0.8355990009097464,0.7894736842105263
s0095,thyroid_gland,0.8499,0,0.3985577505134247,0.34732198598791864,0.40540540540540543,0.3141964285714286,0.22026271329561553,0.28
s0095,trachea,0.9637,1,0.8400338544396695,0.8963903881548116,0.8729016786570744,0.8455416666666666,0.8942662101690502,0.8421052631578947
s0095,urinary_bladder,0.9487,1,0.8519596286020075,0.9031805784177088,0.8729016786570744,0.8577083333333332,0.901403188380143,0.8421052631578947
s0095,vertebrae_C7,0.8975,0,0.5546720065093755,0.5878929759502399,0.5228215767634854,0.6485416666666667,0.7057426642611998,0.6614173228346457
s0095,vertebrae_L1,0.0825,0,0.24969023963663242,0.17205234296839295,0.19444444444444445,0.23487500000000006,0.145345324950236,0.1
s0095,vertebrae_L2,0.4368,0,0.9398408023346925,0.9420334733630717,0.9736842105263158,0.9702500000000001,0.9494483253963523,0.9714285714285714
s0095,vertebrae_L3,0.7681,0,0.9449845184319955,0.943782375879488,0.9736842105263158,0.9547916666666667,0.9444852998174286,0.9714285714285714
s0095,vertebrae_L4,0.9655,1,0.9527045629311476,0.9463143391332602,0.9736842105263158,0.9629583333333335,0.9471618992405811,0.9714285714285714
s0095,vertebrae_L5,0.9576,1,0.9312287328592193,0.9389905746965603,0.9584415584415584,0.9278333333333333,0.9347180703867828,0.9638157894736842
s0095,vertebrae_S1,0.8994,0,0.8827021637295731,0.9188825112505286,0.9333333333333333,0.9121249999999997,0.9283115384069235,0.9532374100719424
s0095,vertebrae_T1,0.9399,1,0.7918765049708272,0.8645446279046575,0.819672131147541,0.8485386904761906,0.89606544910848,0.8421052631578947
s0095,vertebrae_T10,0.9428,1,0.9009803753289681,0.9270824905310885,0.9584415584415584,0.8832083333333334,0.9149824205324101,0.9137931034482759
s0095,vertebrae_T11,0.7107,0,0.9458884847330782,0.9440845601505798,0.9736842105263158,0.9225,0.9326049644635208,0.9532374100719424
s0095,vertebrae_T12,0.2888,0,0.9158870775863309,0.9331972114404686,0.9584415584415584,0.9105833333333332,0.9276524096351354,0.9532374100719424
s0095,vertebrae_T2,0.9666,1,0.8714784453234425,0.9134388418211083,0.8729016786570744,0.8957916666666667,0.9210389119034637,0.9532374100719424
s0095,vertebrae_T3,0.9567,1,0.9317502809086995,0.9391790263755607,0.9584415584415584,0.9196904761904762,0.9314664502735535,0.9532374100719424
s0095,vertebrae_T4,0.952,1,0.7362102145101241,0.8178644405967629,0.7549019607843137,0.8088333333333333,0.8699189118123828,0.8
s0095,vertebrae_T5,0.9181,1,0.8103209437188832,0.8776180661271844,0.8729016786570744,0.8637142857142857,0.9047657182501576,0.8421052631578947
s0095,vertebrae_T6,0.9183,1,0.6268133724897225,0.6923101500063064,0.6541666666666667,0.6837083333333333,0.7502170776356659,0.6614173228346457
s0095,vertebrae_T7,0.92,1,0.45350040120095886,0.42952554390657466,0.45,0.4103988095238095,0.3432840589293631,0.3315508021390374
s0095,vertebrae_T8,0.8588,0,0.5085755176986597,0.5160180204875859,0.5228215767634854,0.4811071428571428,0.4510707064362875,0.4880952380952381
s0095,vertebrae_T9,0.8289,0,0.48271071106863095,0.47520019917357265,0.5228215767634854,0.4206071428571429,0.3581536730179883,0.3315508021390374
s0045,adrenal_gland_left,0.8392,0,0.24095261515958297,0.16433205020444375,0.19444444444444445,0.28582142857142856,0.19067014843176186,0.1891891891891892
s0045,adrenal_gland_right,0.9416,1,0.30089875183520143,0.223099687683837,0.29357798165137616,0.29025,0.19508043959568275,0.25
s0045,aorta,0.9466,1,0.5914356754781195,0.64278650940266,0.6541666666666667,0.6058184523809523,0.6459947306830639,0.6532258064516129
s0045,autochthon_left,0.9792,1,0.9816719251915217,0.954886062281153,0.9801762114537445,0.9798333333333333,0.9523111052309102,0.9770491803278688
s0045,autochthon_right,0.9734,1,0.9852177789095203,0.955841139214337,0.9801762114537445,0.9908333333333335,0.9554071625628902,0.9770491803278688
s0045,colon,0.945,1,0.8510046643634007,0.9026518217235435,0.8729016786570744,0.8664940476190478,0.9062870105510358,0.8421052631578947
s0045,costal_cartilages,0.9238,1,0.3199311093832955,0.24462724772877228,0.29357798165137616,0.3086845238095238,0.21426638524095837,0.28
s0045,duodenum,0.841,0,0.45099258804287706,0.42564848608885475,0.45,0.6346666666666667,0.6869787779441445,0.6532258064516129
s0045,esophagus,0.9496,1,0.7007215189282248,0.782071904814531,0.7549019607843137,0.7652500000000001,0.8349912907490403,0.7894736842105263
s0045,femur_left,0.9851,1,0.9498639247505006,0.9453954453260923,0.9736842105263158,0.9814583333333333,0.9527810102829439,0.9770491803278688
s0045,femur_right,0.987,1,0.9681481570120569,0.951059813965316,0.9801762114537445,0.9925,0.9558592229057409,0.9770491803278688
s0045,gallbladder,0.9028,1,0.47109038225565286,0.4569368748894283,0.45,0.45616666666666666,0.41195263188971903,0.4880952380952381
s0045,gluteus_maximus_left,0.9745,1,0.9731194321837393,0.9525008456238481,0.9801762114537445,0.98,0.9523595043288753,0.9770491803278688
s0045,gluteus_maximus_right,0.979,1,0.9811552712336286,0.954745268854362,0.9801762114537445,0.9875,0.9544897688020898,0.9770491803278688
s0045,gluteus_medius_left,0.9701,1,0.9695848042803192,0.9514804651791537,0.9801762114537445,0.9781666666666667,0.9518245388512251,0.9743589743589743
s0045,gluteus_medius_right,0.9725,1,0.9975,0.9590023429729859,0.9801762114537445,0.9970833333333333,0.9570799539901114,1.0
s0045,gluteus_minimus_left,0.9534,1,0.8329584181043388,0.8921655011984683,0.8729016786570744,0.8777321428571427,0.9122172812788674,0.9137931034482759
s0045,gluteus_minimus_right,0.9571,1,0.8685272850960017,0.9119535280553314,0.8729016786570744,0.885625,0.9161773824391184,0.9137931034482759
s0045,heart,0.9429,1,0.8678183972523673,0.9115933320975752,0.8729016786570744,0.8580694444444446,0.9016083149559375,0.8421052631578947
s0045,hip_left,0.9857,1,0.9896397271628643,0.9570051855735779,0.9801762114537445,0.9854791666666667,0.9539248762199545,0.9770491803278688
s0045,hip_right,0.9845,1,0.9909864106558031,0.9573538308713362,0.9801762114537445,0.9947500000000001,0.9564625744567165,0.9770491803278688
s0045,iliac_artery_left,0.929,1,0.7840037423110146,0.858614823188413,0.8183044331647772,0.7962499999999997,0.860535128014023,0.795774647887324
s0045,iliac_artery_right,0.9243,1,0.8315551006328471,0.8913097567931672,0.8729016786570744,0.8349583333333332,0.8876913708527371,0.8421052631578947
s0045,iliac_vena_left,0.9158,1,0.6157524976246441,0.6772310798124471,0.6541666666666667,0.6722083333333333,0.7361786308607058,0.6614173228346457
s0045,iliac_vena_right,0.8984,0,0.6044665077059495,0.6614557092047126,0.6541666666666667,0.7406666666666666,0.8121672301152294,0.7612903225806451
s0045,iliopsoas_left,0.9647,1,0.9781814641744547,0.9539267049426022,0.9801762114537445,0.98625,0.9541411336732536,0.9770491803278688
s0045,iliopsoas_right,0.9714,1,0.9816462750522322,0.9548790822147444,0.9801762114537445,0.9916666666666667,0.955633741771636,0.9770491803278688
s0045,inferior_vena_cava,0.9256,1,0.6721722306370187,0.7497820714071229,0.6541666666666667,0.6685416666666667,0.7315976430575972,0.6614173228346457
s0045,kidney_left,0.9855,1,0.8668652265429465,0.911106915244007,0.8729016786570744,0.9021666666666667,0.9239544575823647,0.9532374100719424
s0045,kidney_right,0.9875,1,0.9067575178173851,0.9295111978700095,0.9584415584415584,0.9460416666666667,0.9414761819712165,0.9638157894736842
s0045,liver,0.9862,1,0.9698970662550674,0.9515714406742982,0.9801762114537445,0.949875,0.9428128461144182,0.9638157894736842
s0045,lung_lower_lobe_left,0.9908,1,0.9919727721497387,0.9576074762729252,0.9801762114537445,0.9975,0.9571893168692417,1.0
s0045,lung_lower_lobe_right,0.9936,1,0.9940444899239925,0.9581355369842873,0.9801762114537445,0.9925,0.9558592229057409,0.9770491803278688
s0045,lung_middle_lobe_right,0.9906,1,0.9447330329316418,0.9436980348296626,0.9736842105263158,0.9630000000000001,0.947175237840924,0.9714285714285714
s0045,lung_upper_lobe_left,0.9833,1,0.9260070811451472,0.9370735144188116,0.9584415584415584,0.9478333333333334,0.9421045357795882,0.9638157894736842
s0045,lung_upper_lobe_right,0.0,0,0.1836553844545117,0.12044112958018915,0.125,0.1368541666666667,0.08327484963591993,0.1
s0045,pancreas,0.9262,1,0.4031845678126364,0.35397625371180363,0.40540540540540543,0.480625,0.45030709445496486,0.4880952380952381
s0045,portal_vein_and_splenic_vein,0.8164,0,0.23554004863136346,0.15969077398274586,0.125,0.25420833333333337,0.16139264215356666,0.1
s0045,prostate,0.8925,0,0.5494078799427387,0.5798142830425885,0.5228215767634854,0.4802321428571429,0.44968506498798394,0.4880952380952381
s0045,pulmonary_vein,0.9129,1,0.6823592079897927,0.7616589475766302,0.7549019607843137,0.663529761904762,0.7252551093592802,0.6614173228346457
s0045,rib_left_10,0.9672,1,0.954352103194594,0.9468405852642304,0.9736842105263158,0.9706398809523811,0.949567904127571,0.9714285714285714
s0045,rib_left_11,0.9701,1,0.9426382346245923,0.9429908626115286,0.9736842105263158,0.9603333333333333,0.9463151285470587,0.9714285714285714
s0045,rib_left_12,0.878,0,0.7517174809673435,0.8320039596289552,0.7619047619047619,0.8178333333333334,0.8762966561751574,0.8421052631578947
s0045,rib_left_5,0.9521,1,0.4941502075166013,0.4932445977806269,0.5228215767634854,0.5154166666666666,0.5057860847542989,0.5
s0045,rib_left_6,0.9644,1,0.8288204040989602,0.8896249948816276,0.8729016786570744,0.8288750000000001,0.8837525568093809,0.8421052631578947
s0045,rib_left_7,0.966,1,0.8497739375712292,0.9019665786948152,0.8729016786570744,0.8765833333333335,0.9116269810586235,0.9137931034482759
s0045,rib_left_8,0.9691,1,0.8371038610569849,0.89465887940425,0.8729016786570744,0.8738809523809526,0.9102242449009241,0.9137931034482759
s0045,rib_left_9,0.9769,1,0.9698306516033784,0.9515521047627742,0.9801762114537445,0.9641458333333334,0.9475408056828654,0.9714285714285714
s0045,rib_right_10,0.9721,1,0.9646343139754363,0.9500163364301758,0.9801762114537445,0.9769166666666667,0.9514565248740782,0.9743589743589743
s0045,rib_right_11,0.9692,1,0.9537439520040238,0.9466469030634302,0.9736842105263158,0.9550059523809522,0.944557134413327,0.9714285714285714
s0045,rib_right_12,0.9548,1,0.9288898858898125,0.9381387440290743,0.9584415584415584,0.9495416666666666,0.9426977621822037,0.9638157894736842
s0045,rib_right_5,0.8914,0,0.5552421459842473,0.5887651979068951,0.5228215767634854,0.5264166666666666,0.5233621026034533,0.5
s0045,rib_right_6,0.9733,1,0.7383704080886706,0.8198881959422891,0.7549019607843137,0.730107142857143,0.8016439617618243,0.7612903225806451
s0045,rib_right_7,0.9669,1,0.8414864364703988,0.8972394390989265,0.8729016786570744,0.8985714285714286,0.9223225705842844,0.9532374100719424
s0045,rib_right_8,0.9822,1,0.8438627586539112,0.8986151454651369,0.8729016786570744,0.9005892857142858,0.923242390292366,0.9532374100719424
s0045,rib_right_9,0.9717,1,0.8812703987801236,0.9182058565383108,0.9333333333333333,0.9516666666666667,0.9434277108944665,0.9638157894736842
s0045,sacrum,0.9501,1,0.814297620360138,0.8802904329947807,0.8729016786570744,0.8332083333333331,0.8865703864654159,0.8421052631578947
s0045,small_bowel,0.9414,1,0.8135701875403375,0.8798053879950098,0.8729016786570744,0.8632857142857143,0.9045292153513782,0.8421052631578947
s0045,spinal_cord,0.9613,1,0.8699453352706631,0.9126700827457708,0.8729016786570744,0.8893035714285715,0.9179670369453292,0.9230769230769231
s0045,spleen,0.9878,1,0.9110165024574697,0.9312535708387407,0.9584415584415584,0.8890833333333334,0.9178608758153924,0.9230769230769231
s0045,sternum,0.8781,0,0.5388933695600955,0.5635534577395975,0.5228215767634854,0.6335863095238096,0.6854906297964445,0.6532258064516129
s0045,stomach,0.9659,1,0.816751236418339,0.8819140223319013,0.8729016786570744,0.8513541666666669,0.8977309871471869,0.8421052631578947
s0045,urinary_bladder,0.9424,1,0.7865096954509542,0.860525483311282,0.819672131147541,0.8067440476190475,0.8683989287990609,0.795774647887324
s0045,vertebrae_L1,0.9886,1,0.9893839563862928,0.9569386617052555,0.9801762114537445,0.9975,0.9571893168692417,1.0
s0045,vertebrae_L2,0.9876,1,0.9937445482866043,0.9580594760335147,0.9801762114537445,0.9925,0.9558592229057409,0.9770491803278688
s0045,vertebrae_L3,0.9884,1,0.9975,0.9590023429729859,0.9801762114537445,0.99375,0.9561953961737143,0.9770491803278688
s0045,vertebrae_L4,0.9874,1,0.972988112908036,0.9524633035492107,0.9801762114537445,0.9822083333333335,0.9529964022988665,0.9770491803278688
s0045,vertebrae_L5,0.9875,1,0.9861573339764803,0.9560909589686232,0.9801762114537445,0.9858333333333335,0.9540243580121344,0.9770491803278688
s0045,vertebrae_S1,0.9503,1,0.97965942741228,0.9543352724275681,0.9801762114537445,0.981375,0.9527570200082875,0.9770491803278688
s0045,vertebrae_T10,0.9839,1,0.9839120448525294,0.9554917035504076,0.9801762114537445,0.9871666666666666,0.9543970470003351,0.9770491803278688
s0045,vertebrae_T11,0.9872,1,0.9288987338109054,0.9381419873650613,0.9584415584415584,0.921416666666667,0.9321680545662107,0.9532374100719424
s0045,vertebrae_T12,0.9904,1,0.9651829522784702,0.9501806387199215,0.9801762114537445,0.9789791666666667,0.9520623259372986,0.9770491803278688
s0045,vertebrae_T9,0.9574,1,0.5569283889633104,0.5913415971558322,0.5228215767634854,0.5552291666666667,0.5690168094846355,0.5757575757575758
s0032,adrenal_gland_left,0.7403,0,0.10198266703704982,0.06902140670380402,0.04,0.14925000000000005,0.08668064366162408,0.09090909090909091
s0032,adrenal_gland_right,0.0633,0,0.055754952530361834,0.052134556260011164,0.0,0.051773809523809514,0.048361967976755814,0.0
s0032,aorta,0.9764,1,0.8486740363620723,0.9020965343066905,0.8798076923076923,0.8428452380952379,0.8898904025361147,0.8811475409836066
s0032,atrial_appendage_left,0.8195,0,0.23556257305697212,0.14942928443490472,0.1891891891891892,0.25766666666666665,0.15974405090891466,0.17777777777777778
s0032,autochthon_left,0.9495,1,0.9842091135704122,0.9567316903081635,0.9723756906077348,0.9784999999999999,0.9506815987911647,0.9814814814814815
s0032,autochthon_right,0.9413,1,0.9730565915179996,0.9536498986418279,0.9723756906077348,0.9747499999999999,0.9495426670055355,0.9538866930171278
s0032,brachiocephalic_trunk,0.923,1,0.5720479456993561,0.6068595276324412,0.5917602996254682,0.652738095238095,0.7050447821177159,0.6822429906542056
s0032,brachiocephalic_vein_left,0.9006,1,0.6023574700944395,0.6524637424584294,0.5917602996254682,0.546372023809524,0.547322050859585,0.6074498567335244
s0032,brachiocephalic_vein_right,0.9043,1,0.6490362632832273,0.7173521058737188,0.6170212765957447,0.6318333333333332,0.6764451060163232,0.6074498567335244
s0032,clavicula_left,0.965,1,0.9175999368832239,0.9349843879384995,0.9555921052631579,0.9275416666666666,0.9329145795678665,0.9538866930171278
s0032,clavicula_right,0.912,1,0.8576825135855948,0.9071162142998905,0.9015840008383726,0.8494166666666665,0.8939492304348662,0.8811475409836066
s0032,common_carotid_artery_left,0.921,1,0.5310820910155385,0.5422861188036275,0.5599999999999999,0.585357142857143,0.6081800438147906,0.6074498567335244
s0032,common_carotid_artery_right,0.9377,1,0.5874360554551697,0.6303026861103862,0.5917602996254682,0.6199880952380954,0.6596151374172717,0.6074498567335244
s0032,costal_cartilages,0.7611,0,0.09358656583271109,0.06561731939085427,0.04,0.10904166666666669,0.06833792412174688,0.0
s0032,esophagus,0.7328,0,0.5494154116679923,0.5714957849669046,0.5917602996254682,0.5749464285714285,0.5921735139883272,0.6074498567335244
s0032,heart,0.8778,0,0.8802328208895817,0.9186813721785948,0.9251101321585903,0.8921726190476191,0.9172613950049477,0.9172413793103448
s0032,humerus_left,0.9549,1,0.879758382562864,0.9184521649372807,0.9251101321585903,0.8598452380952379,0.900119774296949,0.8811475409836066
s0032,humerus_right,0.964,1,0.8674119979082782,0.91227703937535,0.9251101321585903,0.8570714285714287,0.8985103921819835,0.8811475409836066
s0032,iliopsoas_left,0.6608,0,0.020814861743675125,0.042045512235058945,0.0,0.02007936507936508,0.03982711805213863,0.0
s0032,iliopsoas_right,0.5119,0,0.03550624816359279,0.046037755996581886,0.0,0.018000000000000002,0.039320696121551146,0.0
s0032,inferior_vena_cava,0.689,0,0.488959162948559,0.4743963052097293,0.5454545454545455,0.49642063492063493,0.4674893798798471,0.5
s0032,kidney_left,0.9636,1,0.5216949063574717,0.5272035310706614,0.5454545454545455,0.6355456349206349,0.6816295110332562,0.623818701310509
s0032,kidney_right,0.0,0,0.08417231828666806,0.06198642649975629,0.0,0.08733333333333335,0.059995801433075896,0.0
s0032,liver,0.907,1,0.8090567591982102,0.8770588806903405,0.8798076923076923,0.8199166666666666,0.8746483025525368,0.8478260869565217
s0032,lung_lower_lobe_left,0.8157,0,0.6318335994549198,0.6942915801039521,0.5917602996254682,0.6444642857142858,0.6939008847620888,0.6822429906542056
s0032,lung_lower_lobe_right,0.3701,0,0.5806489214566636,0.6200311331533761,0.5917602996254682,0.4955059523809524,0.4660305622865654,0.5
s0032,lung_middle_lobe_right,0.5013,0,0.5544139117431748,0.5793826678627364,0.5917602996254682,0.4978214285714286,0.4697245603561509,0.5
s0032,lung_upper_lobe_left,0.9073,1,0.5169108653161313,0.519496014263607,0.5454545454545455,0.5150714285714287,0.49732149891442595,0.6074498567335244
s0032,lung_upper_lobe_right,0.8549,0,0.7466734921247814,0.82663468368725,0.7927927927927928,0.7225238095238095,0.7889514310636561,0.77
s0032,pancreas,0.8333,0,0.05544629398570328,0.052036132626558165,0.0,0.04690476190476191,0.04694610058687217,0.0
s0032,pulmonary_vein,0.8147,0,0.5382401942196421,0.5537368067792917,0.5917602996254682,0.582625,0.6040003075076887,0.6074498567335244
s0032,rib_left_1,0.8873,0,0.7680720983310093,0.8455564473447191,0.8103448275862069,0.791416666666667,0.8532189072840931,0.7751479289940828
s0032,rib_left_10,0.95,1,0.7648693808997038,0.8428358312749817,0.8103448275862069,0.7331220238095238,0.800037473436974,0.77
s0032,rib_left_11,0.963,1,0.8403614231244009,0.8972515035313715,0.8798076923076923,0.8272886904761907,0.8797365320749185,0.8648648648648649
s0032,rib_left_12,0.9035,1,0.42471458317887795,0.3734527703633748,0.3181818181818182,0.45435714285714285,0.4013690082362379,0.43910164123236606
s0032,rib_left_2,0.9004,1,0.3199459310076796,0.23252852903384014,0.23300970873786409,0.29061309523809525,0.19015292203221687,0.20833333333333334
s0032,rib_left_3,0.9456,1,0.9003780203127962,0.9278868534898358,0.9555555555555556,0.9091250000000001,0.9251406706348159,0.9276315789473685
s0032,rib_left_4,0.9698,1,0.8785693761760431,0.9178751523698466,0.9251101321585903,0.9057083333333332,0.9236102364435541,0.9276315789473685
s0032,rib_left_5,0.9746,1,0.831038059183556,0.8915658650318277,0.8798076923076923,0.8505833333333335,0.8946558877471278,0.8811475409836066
s0032,rib_left_6,0.9673,1,0.8828889275907129,0.9199537562666834,0.9251101321585903,0.91825,0.9290908462615843,0.9538866930171278
s0032,rib_left_7,0.9595,1,0.8684948670002091,0.9128351242062438,0.9251101321585903,0.8694583333333334,0.9055229522906546,0.8811475409836066
s0032,rib_left_8,0.9558,1,0.7679006910615342,0.8454118220742508,0.8103448275862069,0.8107499999999999,0.8680652694540322,0.8426966292134831
s0032,rib_left_9,0.9701,1,0.7570250235366296,0.8360076437054932,0.8103448275862069,0.813270833333333,0.8699042892661695,0.8426966292134831
s0032,rib_right_1,0.8564,0,0.8414814424929564,0.8979164758182001,0.8798076923076923,0.8854166666666665,0.9139159790312311,0.9172413793103448
s0032,rib_right_10,0.9367,1,0.7280454589882277,0.8087102444020262,0.7927927927927928,0.7058958333333333,0.7706643606869672,0.6822429906542056
s0032,rib_right_11,0.904,1,0.8224927845924267,0.8861138439361322,0.8798076923076923,0.7833125000000001,0.8465953044805483,0.7751479289940828
s0032,rib_right_12,0.9113,1,0.7591185155891199,0.837852941328201,0.8103448275862069,0.8289583333333331,0.8808638840278492,0.8648648648648649
s0032,rib_right_2,0.9554,1,0.9445715736599096,0.9448047104123297,0.9555921052631579,0.9545416666666666,0.9429647682475271,0.9538866930171278
s0032,rib_right_3,0.968,1,0.89818796048426,0.9269346471526607,0.9555555555555556,0.9253750000000003,0.932040425720453,0.9538866930171278
s0032,rib_right_4,0.9659,1,0.8883887308152665,0.922530759540216,0.9251101321585903,0.9218333333333334,0.9305887550871775,0.9538866930171278
s0032,rib_right_5,0.9625,1,0.8778271195364212,0.9175130605127451,0.9251101321585903,0.903375,0.9225486226366661,0.9276315789473685
s0032,rib_right_6,0.9674,1,0.8807520959598051,0.9189315674283284,0.9251101321585903,0.9002083333333334,0.9210862431552411,0.9276315789473685
s0032,rib_right_7,0.9704,1,0.8591853330633744,0.9079307872024349,0.9251101321585903,0.8376904761904762,0.8866119094335267,0.8811475409836066
s0032,rib_right_8,0.972,1,0.7220851696475445,0.8026842858925884,0.7857142857142857,0.7683988095238097,0.8337690141779592,0.7751479289940828
s0032,rib_right_9,0.9722,1,0.7496811100412973,0.8294008261169802,0.7927927927927928,0.8071041666666665,0.865366576224243,0.8426966292134831
s0032,scapula_left,0.9437,1,0.9155718754732292,0.9341836049975357,0.9555921052631579,0.8947500000000003,0.9185062022326647,0.9204883166969254
s0032,scapula_right,0.9294,1,0.8822814486162187,0.9196643617866582,0.9251101321585903,0.8569583333333334,0.8984442879913079,0.8811475409836066
s0032,skull,0.9697,1,0.8596866950127032,0.9082011091520168,0.9251101321585903,0.8623749999999998,0.9015677350903387,0.8811475409836066
s0032,spinal_cord,0.9106,1,0.9271098926661897,0.9386197964459556,0.9555921052631579,0.9255238095238095,0.9321007999751861,0.9538866930171278
s0032,spleen,0.8032,0,0.815522499951626,0.8814912249478799,0.8798076923076923,0.8686041666666666,0.9050536562321739,0.8811475409836066
s0032,sternum,0.9224,1,0.8028807291156881,0.8726927693308568,0.8798076923076923,0.771934523809524,0.8368854575521361,0.7751479289940828
s0032,stomach,0.7728,0,0.6538987366891837,0.723675962163796,0.6170212765957447,0.7123571428571428,0.7778998979696953,0.6822429906542056
s0032,subclavian_artery_left,0.9155,1,0.5298721441560515,0.5403458288932113,0.5599999999999999,0.6316130952380954,0.6761361507301717,0.6074498567335244
s0032,subclavian_artery_right,0.9037,1,0.6004937973486425,0.649729386392611,0.5917602996254682,0.6459702380952382,0.6959467173708835,0.6822429906542056
s0032,superior_vena_cava,0.8998,0,0.6742157357686847,0.7491319962458148,0.6666666666666666,0.5800714285714286,0.6000799599074016,0.6074498567335244
s0032,thyroid_gland,0.7381,0,0.05875856191910418,0.0531015601553912,0.0,0.06841666666666667,0.05351335842517218,0.0
s0032,trachea,0.9688,1,0.8753361924696625,0.9162872808687792,0.9251101321585903,0.8695833333333333,0.9055914552436453,0.8811475409836066
s0032,vertebrae_C4,0.9231,1,0.23385587749369263,0.14803368991222315,0.1891891891891892,0.2291964285714286,0.13674790431449205,0.17777777777777778
s0032,vertebrae_C5,0.8818,0,0.3624798769593426,0.2850842653930033,0.3,0.43922916666666656,0.3783159189493915,0.43478260869565216
s0032,vertebrae_C6,0.9317,1,0.7902435767128664,0.8633458779456561,0.8798076923076923,0.8086904761904761,0.8665464670962915,0.8426966292134831
s0032,vertebrae_C7,0.9465,1,0.7499490485394766,0.829645543794275,0.7927927927927928,0.8403095238095237,0.8882881644675442,0.8811475409836066
s0032,vertebrae_L1,0.9817,1,0.9054711995216206,0.9300571850445571,0.9555921052631579,0.9078392857142856,0.9245680933498835,0.9276315789473685
s0032,vertebrae_T1,0.9698,1,0.9161499551699377,0.9344127901786909,0.9555921052631579,0.9507083333333333,0.9416292214202479,0.9538866930171278
s0032,vertebrae_T10,0.9791,1,0.8899274570630195,0.9232380284413515,0.9316828786728,0.9228333333333332,0.9310015212460203,0.9538866930171278
s0032,vertebrae_T11,0.9842,1,0.8687091751867166,0.9129451921598704,0.9251101321585903,0.9177083333333335,0.9288618364836578,0.9538866930171278
s0032,vertebrae_T12,0.9817,1,0.8781514842401479,0.9176714723442417,0.9251101321585903,0.9046666666666667,0.9231379610144501,0.9276315789473685
s0032,vertebrae_T2,0.9681,1,0.8378781097084459,0.8957634307356697,0.8798076923076923,0.880625,0.9114694505552428,0.9172413793103448
s0032,vertebrae_T3,0.9776,1,0.8598152460619367,0.9082703056847837,0.9251101321585903,0.87875,0.9104951381726393,0.9172413793103448
s0032,vertebrae_T4,0.9756,1,0.8945397612985085,0.9253227171130675,0.9347826086956522,0.9281666666666666,0.9331647936283722,0.9538866930171278
s0032,vertebrae_T5,0.9765,1,0.9141385598398983,0.9336121387672502,0.9555921052631579,0.9505833333333332,0.9415851807795952,0.9538866930171278
s0032,vertebrae_T6,0.9777,1,0.9189545140983115,0.9355141854034117,0.9555921052631579,0.9379166666666667,0.936957492145348,0.9538866930171278
s0032,vertebrae_T7,0.9765,1,0.9297911054512046,0.9396099185646272,0.9555921052631579,0.9350833333333333,0.9358765245015209,0.9538866930171278
s0032,vertebrae_T8,0.9785,1,0.9549794731795029,0.9482071455558948,0.9555921052631579,0.95875,0.9443978810427116,0.9538866930171278
s0032,vertebrae_T9,0.9798,1,0.9164543905009045,0.9345331879596049,0.9555921052631579,0.9478750000000002,0.9406232819013515,0.9538866930171278
s0021,aorta,0.9741,1,0.918869710839031,0.9354811357323918,0.9555921052631579,0.9192500000000001,0.929511845287062,0.9538866930171278
s0021,atrial_appendage_left,0.895,0,0.47500997542281775,0.4519992203879365,0.5384615384615384,0.45224404761904763,0.39812000285795096,0.43478260869565216
s0021,autochthon_left,0.9387,1,0.8288452370150914,0.8901890769315239,0.8798076923076923,0.8396250000000001,0.887852155118254,0.8811475409836066
s0021,autochthon_right,0.9423,1,0.8351604816277372,0.8941131569867302,0.8798076923076923,0.8402083333333334,0.8882238043815558,0.8811475409836066
s0021,brachiocephalic_trunk,0.8458,0,0.5242818373589762,0.5313661472493805,0.5599999999999999,0.6092083333333332,0.6439395100038129,0.6074498567335244
s0021,brachiocephalic_vein_left,0.7964,0,0.3427589703609052,0.25984991833066967,0.2698412698412698,0.3413630952380952,0.2453039973442479,0.25
s0021,brachiocephalic_vein_right,0.939,1,0.7188486340330938,0.7993526010627124,0.7631578947368421,0.769720238095238,0.8349392886501649,0.7751479289940828
s0021,brain,0.9272,1,0.9196212861596242,0.9357734922420544,0.9555921052631579,0.9458333333333334,0.9398883690255658,0.9538866930171278
s0021,clavicula_left,0.9803,1,0.880354952467308,0.9187402804022283,0.9251101321585903,0.8674702380952384,0.904427430362007,0.8811475409836066
s0021,clavicula_right,0.9754,1,0.8961278078828283,0.926028363624713,0.9555555555555556,0.9123869047619049,0.9265754386232202,0.9276315789473685
s0021,common_carotid_artery_left,0.8768,0,0.6539103637062399,0.7236909783713332,0.6170212765957447,0.6932916666666666,0.7560787886654705,0.6822429906542056
s0021,common_carotid_artery_right,0.9158,1,0.5010237032763643,0.49385412254086153,0.5454545454545455,0.5275000000000002,0.5172248621399416,0.6074498567335244
s0021,costal_cartilages,0.8859,0,0.3311165470350861,0.24565120898795248,0.2698412698412698,0.32975694444444437,0.23179778364070497,0.25
s0021,esophagus,0.9298,1,0.7749416032996288,0.8512619814289718,0.8798076923076923,0.8392261904761904,0.8875974473961795,0.8811475409836066
s0021,heart,0.8752,0,0.5422639920857584,0.5601494424808519,0.5917602996254682,0.5940684523809522,0.6213987807895343,0.6074498567335244
s0021,humerus_left,0.9655,1,0.7776317699809551,0.8534484715977187,0.8798076923076923,0.7440277777777777,0.8109831912363841,0.77
s0021,lung_lower_lobe_left,0.9,1,0.6513071289967304,0.7203163639662842,0.6170212765957447,0.6746527777777779,0.7333848765770291,0.6822429906542056
s0021,lung_lower_lobe_right,0.9397,1,0.6505561857443628,0.7193382322362283,0.6170212765957447,0.6871111111111109,0.7487009630305,0.6822429906542056
s0021,lung_middle_lobe_right,0.75,0,0.681588361156842,0.7579741791877123,0.6666666666666666,0.6577569444444445,0.7116883268164785,0.6822429906542056
s0021,lung_upper_lobe_left,0.9841,1,0.9224898127814862,0.936878018108111,0.9555921052631579,0.9411666666666667,0.9381764861764733,0.9538866930171278
s0021,lung_upper_lobe_right,0.9657,1,0.9440705730167183,0.9446357270592065,0.9555921052631579,0.9574583333333331,0.9439616573457875,0.9538866930171278
s0021,pulmonary_vein,0.8981,0,0.5871311246352693,0.6298436524522527,0.5917602996254682,0.541559523809524,0.5396710655495426,0.6074498567335244
s0021,rib_left_1,0.9288,1,0.8821960750063882,0.9196236145482608,0.9251101321585903,0.8932916666666668,0.9178039766457887,0.9172413793103448
s0021,rib_left_2,0.9551,1,0.8737078997848714,0.9154770786143781,0.9251101321585903,0.8915833333333336,0.9169743657954634,0.9172413793103448
s0021,rib_left_3,0.9744,1,0.9232332528373823,0.9371613759065828,0.9555921052631579,0.949547619047619,0.9412190719198138,0.9538866930171278
s0021,rib_left_4,0.9759,1,0.9221048861679815,0.9367308377779322,0.9555921052631579,0.9407440476190476,0.9380192265460382,0.9538866930171278
s0021,rib_left_5,0.9671,1,0.916318351540302,0.9344794128290899,0.9555921052631579,0.9249107142857141,0.9318517380367052,0.9538866930171278
s0021,rib_left_6,0.9594,1,0.8037109993664511,0.8732873383061424,0.8798076923076923,0.789672619047619,0.8518137766317512,0.7751479289940828
s0021,rib_left_7,0.9632,1,0.8186791820006738,0.8836045003644439,0.8798076923076923,0.8050714285714282,0.8638417701295841,0.8426966292134831
s0021,rib_left_8,0.8442,0,0.32211596612927823,0.23503906035757832,0.23300970873786409,0.3126666666666667,0.2128719498339214,0.25
s0021,rib_right_1,0.9017,1,0.8534108686762353,0.9047654338335958,0.9,0.8762678571428572,0.909190466571234,0.9172413793103448
s0021,rib_right_2,0.9699,1,0.9386611646099327,0.9427799119878786,0.9555921052631579,0.955184523809524,0.9431859123496366,0.9538866930171278
s0021,rib_right_3,0.9697,1,0.9324668509578364,0.9405831066962032,0.9555921052631579,0.9654166666666666,0.9465989687239815,0.9538866930171278
s0021,rib_right_4,0.9713,1,0.8696883652511778,0.9134465026105265,0.9251101321585903,0.9118333333333333,0.9263337436713366,0.9276315789473685
s0021,rib_right_5,0.9652,1,0.8620161709000953,0.9094477660507366,0.9251101321585903,0.863791666666667,0.902370401022133,0.8811475409836066
s0021,rib_right_6,0.974,1,0.7975400528575288,0.8688110626208095,0.8798076923076923,0.7872142857142858,0.8498143182769058,0.7751479289940828
s0021,rib_right_7,0.947,1,0.868151730869346,0.9126586285232742,0.9251101321585903,0.8674583333333332,0.9044208362598386,0.8811475409836066
s0021,scapula_left,0.951,1,0.9631440276773964,0.950736436320453,0.9624060150375939,0.9472023809523809,0.940382102323095,0.9538866930171278
s0021,scapula_right,0.9183,1,0.6862274603931966,0.76342811518929,0.6666666666666666,0.6811041666666665,0.7413897275385503,0.6822429906542056
s0021,skull,0.9385,1,0.9373564363580792,0.942323626961388,0.9555921052631579,0.9388333333333333,0.9373035628869704,0.9538866930171278
s0021,spinal_cord,0.9324,1,0.8891583272321212,0.9228852443168162,0.9251101321585903,0.9085833333333335,0.9248999344994171,0.9276315789473685
s0021,sternum,0.9642,1,0.8240242624076322,0.8871082153075772,0.8798076923076923,0.8152916666666669,0.8713627615459086,0.8478260869565217
s0021,subclavian_artery_left,0.9221,1,0.5721387672534768,0.6069994651156675,0.5917602996254682,0.609272186147186,0.6440333175738331,0.6074498567335244
s0021,subclavian_artery_right,0.9296,1,0.5482134731586426,0.5695937182987537,0.5917602996254682,0.5694583333333333,0.5836537854807713,0.6074498567335244
s0021,superior_vena_cava,0.9651,1,0.6589596604540207,0.7301642038513197,0.6666666666666666,0.686916666666667,0.7484664624792646,0.6822429906542056
s0021,thyroid_gland,0.9195,1,0.31977946477684926,0.2323367168668709,0.23300970873786409,0.3320416666666667,0.2344149640241625,0.25
s0021,trachea,0.975,1,0.8909795976682845,0.9237182272728288,0.9347826086956522,0.8811249999999997,0.9117276452514999,0.9172413793103448
s0021,vertebrae_C1,0.8362,0,0.6615234269308883,0.7334141271456527,0.6666666666666666,0.727190476190476,0.7938875484881419,0.77
s0021,vertebrae_C2,0.9816,1,0.8473704171996542,0.9013504146950416,0.8798076923076923,0.8172083333333333,0.8727331545079267,0.8478260869565217
s0021,vertebrae_C3,0.964,1,0.8147233313236103,0.8809509704480687,0.8798076923076923,0.7674999999999998,0.8329692270201193,0.7751479289940828
s0021,vertebrae_C4,0.9633,1,0.802362565295679,0.8723204980142493,0.8798076923076923,0.7908749999999999,0.8527836865231626,0.7751479289940828
s0021,vertebrae_C5,0.9734,1,0.8082470107519086,0.8764938543027108,0.8798076923076923,0.7695892857142855,0.8348236112197706,0.7751479289940828
s0021,vertebrae_C6,0.9752,1,0.8759821503955945,0.9166067357602601,0.9251101321585903,0.8873333333333333,0.9148773308399968,0.9172413793103448
s0021,vertebrae_C7,0.9771,1,0.9010601548028399,0.9281810904931066,0.9555555555555556,0.9340952380952381,0.9354955045217865,0.9538866930171278
s0021,vertebrae_T1,0.9798,1,0.8686031606012504,0.9128907591542905,0.9251101321585903,0.8804583333333333,0.9113832342426245,0.9172413793103448
s0021,vertebrae_T2,0.9839,1,0.9310861982452809,0.9400828018815043,0.9555921052631579,0.9531666666666667,0.9424890482083729,0.9538866930171278
s0021,vertebrae_T3,0.9806,1,0.9388132686881296,0.9428328840930227,0.9555921052631579,0.953125,0.9424745744437565,0.9538866930171278
s0021,vertebrae_T4,0.9833,1,0.9122311035506242,0.9328444824433396,0.9555921052631579,0.9295,0.9336956903013187,0.9538866930171278
s0021,vertebrae_T5,0.9825,1,0.9550937655896661,0.9482433851406308,0.9555921052631579,0.9734999999999999,0.949157519006243,0.9538866930171278
s0021,vertebrae_T6,0.9801,1,0.8745721178340861,0.9159079767731221,0.9251101321585903,0.8952083333333333,0.9187257701467697,0.9276315789473685
s0021,vertebrae_T7,0.9824,1,0.9040213636576937,0.9294455994047616,0.9555921052631579,0.9139999999999998,0.9272755741992356,0.9538866930171278
s0021,vertebrae_T8,0.8908,0,0.1911827059610956,0.1165293594444682,0.12727272727272726,0.24873809523809523,0.15221321091202675,0.17777777777777778
s0000,colon,0.905,1,0.7241060987364919,0.8047433762361231,0.7927927927927928,0.655824404761905,0.7091407372160743,0.6822429906542056
s0000,femur_left,0.9837,1,0.8187893313720437,0.8836776469475687,0.8798076923076923,0.7997559523809524,0.8597856754467122,0.8426966292134831
s0000,femur_right,0.9778,1,0.7809980652949513,0.8561469239569512,0.8798076923076923,0.7860238095238092,0.8488381015915628,0.7751479289940828
s0000,gluteus_maximus_left,0.9385,1,0.9239954269478489,0.9374506417954089,0.9555921052631579,0.9104702380952381,0.9257354776412935,0.9276315789473685
s0000,gluteus_maximus_right,0.9306,1,0.9424446780414724,0.9440839655580435,0.9555921052631579,0.9006458333333331,0.92128977528622,0.9276315789473685
s0000,gluteus_medius_left,0.9171,1,0.7149708197676494,0.79530553021286,0.7631578947368421,0.6711488095238098,0.7289716635186577,0.6822429906542056
s0000,gluteus_medius_right,0.9007,1,0.8416399743771802,0.8980102898297071,0.8798076923076923,0.8524702380952383,0.8957900054655292,0.8811475409836066
s0000,gluteus_minimus_left,0.8899,0,0.6379331459217609,0.7025884850211854,0.5917602996254682,0.6119404761904761,0.6479434054548847,0.6074498567335244
s0000,gluteus_minimus_right,0.9095,1,0.7342752712115389,0.8148574390356135,0.7927927927927928,0.757434523809524,0.8238017668742111,0.7751479289940828
s0000,hip_left,0.9694,1,0.7732364767956362,0.8498622100269813,0.8421052631578947,0.7596130952380952,0.8258189480707114,0.7751479289940828
s0000,hip_right,0.9779,1,0.8054888582980384,0.8745525075998268,0.8798076923076923,0.7651130952380953,0.8308303588790193,0.7751479289940828
s0000,iliac_artery_left,0.8884,0,0.3409949110811203,0.25766467074909166,0.2698412698412698,0.35637500000000005,0.2635453407712141,0.25
s0000,iliac_artery_right,0.4598,0,0.3601079019479409,0.28197227210650716,0.3,0.37452976190476184,0.28673621042667863,0.25
s0000,iliac_vena_left,0.7866,0,0.26850728593553175,0.17853443520544124,0.23300970873786409,0.28036904761904763,0.18024928268908733,0.20833333333333334
s0000,iliac_vena_right,0.631,0,0.33641249894539077,0.25204448824768444,0.2698412698412698,0.30050000000000004,0.2001010837420393,0.20833333333333334
s0000,iliopsoas_left,0.9564,1,0.7061829687900318,0.7859108624537513,0.7142857142857143,0.7286785714285715,0.7954434778658992,0.77
s0000,iliopsoas_right,0.8117,0,0.765956808871936,0.8437639151760936,0.8103448275862069,0.7632083333333334,0.8291079278219075,0.7751479289940828
s0000,prostate,0.0,0,0.06375788434989639,0.05474870716265836,0.0,0.08920833333333332,0.06067698357607493,0.0
s0000,sacrum,0.8478,0,0.7274131957826332,0.8080777361115552,0.7927927927927928,0.6468273809523808,0.6971076986787101,0.6822429906542056
s0000,small_bowel,0.1836,0,0.21436366332088125,0.1328491187901632,0.14285714285714285,0.20527083333333335,0.11963616820608798,0.125
s0000,urinary_bladder,0.8789,0,0.917929230655899,0.9351135515613308,0.9555921052631579,0.8987351190476192,0.9203973369642158,0.9276315789473685
s0747,adrenal_gland_left,0.7088,0,0.42835049549470944,0.36565675641430695,0.4084507042253521,0.4265178571428573,0.3381514256089356,0.35
s0747,adrenal_gland_right,0.6971,0,0.4779025719166936,0.4468331992026533,0.5116279069767442,0.47856547619047624,0.42239105725626513,0.4810126582278481
s0747,aorta,0.9565,1,0.6783706413775497,0.7598025182709348,0.6891891891891891,0.7650833333333332,0.8403687074185189,0.8255813953488372
s0747,atrial_appendage_left,0.8228,0,0.66587175352645,0.7439282567295953,0.6891891891891891,0.5476785714285713,0.5407054784632854,0.5294117647058824
s0747,autochthon_left,0.9336,1,0.9508465673602885,0.9528893741062918,0.9664429530201343,0.9852500000000001,0.9599899764154964,0.9922480620155039
s0747,autochthon_right,0.9254,1,0.9586836405702557,0.9552279594100983,0.9842105263157894,0.9685833333333335,0.9553391573105886,0.9732739420935412
s0747,brachiocephalic_trunk,0.6708,0,0.6225717528882122,0.6838753452732195,0.5596330275229359,0.6699702380952381,0.7321779302075576,0.6328125
s0747,brachiocephalic_vein_left,0.0006,0,0.6030236215065932,0.6544205470991912,0.5596330275229359,0.6192500000000001,0.658421573567001,0.5966850828729282
s0747,brachiocephalic_vein_right,0.0867,0,0.17035922230281686,0.09049004075825948,0.0851063829787234,0.22199999999999995,0.11100160892267573,0.16901408450704225
s0747,clavicula_left,0.9395,1,0.9146261665794944,0.9404958010607707,0.9565217391304348,0.9031666666666668,0.9316481724512911,0.9323671497584541
s0747,clavicula_right,0.955,1,0.9262259037789278,0.9447654373470131,0.9655172413793104,0.9498333333333333,0.9494918783926563,0.9732739420935412
s0747,colon,0.8606,0,0.49594251348887186,0.47735732946065684,0.52,0.501345238095238,0.4610723527764163,0.4810126582278481
s0747,common_carotid_artery_left,0.8094,0,0.6437456332108192,0.7141898196389104,0.6666666666666666,0.6859642857142859,0.7532256133909127,0.6785714285714286
s0747,common_carotid_artery_right,0.5342,0,0.30484548153644725,0.199105772536748,0.2222222222222222,0.2432023809523809,0.12625567332730575,0.16901408450704225
s0747,costal_cartilages,0.8763,0,0.14610961694926947,0.077787716538685,0.0851063829787234,0.20345833333333332,0.09900834046851816,0.07142857142857142
s0747,duodenum,0.7035,0,0.4025977052882769,0.32601670459985993,0.3105263157894737,0.4042738095238095,0.3047475274429259,0.25581395348837205
s0747,esophagus,0.8587,0,0.818628152366582,0.8915497284294382,0.8819444444444444,0.7903333333333338,0.8623481787700648,0.8367346938775511
s0747,heart,0.9478,1,0.9195372904702802,0.9423399869089849,0.9655172413793104,0.9166805555555558,0.937343929153572,0.9323671497584541
s0747,humerus_left,0.5854,0,0.08881863039800814,0.05401779065548411,0.0,0.09850000000000002,0.05062333036050058,0.0
s0747,humerus_right,0.9634,1,0.884150605993407,0.9277640367691321,0.9109461966604824,0.8989166666666668,0.9297598958994093,0.9323671497584541
s0747,iliopsoas_left,0.856,0,0.1434803895501445,0.0765130453160527,0.0851063829787234,0.09185714285714285,0.048468510299208796,0.0
s0747,iliopsoas_right,0.8628,0,0.29391012481293377,0.18749709704205947,0.2,0.33107738095238093,0.20931295280559933,0.25581395348837205
s0747,inferior_vena_cava,0.8351,0,0.5204381954737043,0.5190329797704883,0.5217391304347826,0.5583333333333333,0.5588726714852501,0.5294117647058824
s0747,kidney_left,0.9212,1,0.7938698738990274,0.87414105427896,0.8819444444444444,0.8569166666666667,0.9083499048063305,0.8928571428571429
s0747,kidney_right,0.9081,1,0.7317651785432783,0.8198280537668555,0.7928994082840237,0.7430059523809525,0.8188942484468473,0.8255813953488372
s0747,liver,0.9569,1,0.9878616772412476,0.9629970132576625,0.9916317991631799,0.9722916666666667,0.9564166120015282,0.9732739420935412
s0747,lung_lower_lobe_left,0.9824,1,0.9981385785226567,0.9654114412336728,1.0,0.9972916666666666,0.9630575840298765,0.9922480620155039
s0747,lung_lower_lobe_right,0.988,1,0.9959386045597953,0.9649077052566196,1.0,0.99875,0.9634133767430761,0.9922480620155039
s0747,lung_middle_lobe_right,0.961,1,0.9717180749734379,0.9588741557795424,0.9901960784313726,0.9775833333333334,0.9579112241288856,0.9922480620155039
s0747,lung_upper_lobe_left,0.9854,1,0.9984895444361465,0.9654911556730532,1.0,0.9920416666666667,0.9617489860652189,0.9922480620155039
s0747,lung_upper_lobe_right,0.9795,1,0.9822065380620546,0.9616000869340433,0.9916317991631799,0.9896250000000001,0.9611317587089151,0.9922480620155039
s0747,pancreas,0.635,0,0.5091667819836485,0.4998542328000163,0.52,0.5457678571428572,0.537434660091734,0.5294117647058824
s0747,portal_vein_and_splenic_vein,0.3779,0,0.25694000868781763,0.15211590482728352,0.19402985074626866,0.20970833333333339,0.1029163045323035,0.07142857142857142
s0747,pulmonary_vein,0.8267,0,0.5664930854845739,0.5962287330767145,0.5596330275229359,0.6012817460317462,0.6300607427000041,0.5966850828729282
s0747,rib_left_1,0.8861,0,0.8311446210498262,0.899519709523168,0.9109461966604824,0.8610416666666666,0.9106884857643407,0.8928571428571429
s0747,rib_left_10,0.8958,0,0.9579845506688366,0.9550239273429624,0.9842105263157894,0.9685833333333332,0.9553391573105886,0.9732739420935412
s0747,rib_left_11,0.9375,1,0.8458573623428713,0.9082193647951314,0.9109461966604824,0.8224880952380951,0.886598643870569,0.8705035971223022
s0747,rib_left_12,0.6981,0,0.7451427656264875,0.8328937978690707,0.7928994082840237,0.7641785714285713,0.839530743482526,0.8255813953488372
s0747,rib_left_2,0.9431,1,0.9390041601509337,0.9491342434446558,0.9664429530201343,0.951125,0.949916936714754,0.9732739420935412
s0747,rib_left_3,0.9025,1,0.954033489740415,0.9538540437602292,0.9842105263157894,0.970375,0.9558628593353548,0.9732739420935412
s0747,rib_left_4,0.9538,1,0.9416850067462816,0.9500083755132703,0.9664429530201343,0.9537916666666665,0.9507837793324391,0.9732739420935412
s0747,rib_left_5,0.938,1,0.8945562729658217,0.9323711288392953,0.9109461966604824,0.9246666666666666,0.9404985429462808,0.94
s0747,rib_left_6,0.9277,1,0.9218091533852024,0.9431748288344941,0.9655172413793104,0.9295416666666668,0.9423504711587695,0.94
s0747,rib_left_7,0.9205,1,0.9161493569922077,0.9410736113010962,0.9565217391304348,0.9234166666666667,0.9400147875671018,0.9323671497584541
s0747,rib_left_8,0.9419,1,0.9640566335676926,0.9567668895548356,0.9842105263157894,0.969375,0.9555712870056011,0.9732739420935412
s0747,rib_left_9,0.9455,1,0.9589843109829479,0.955315439659436,0.9842105263157894,0.9688333333333332,0.9554125860503446,0.9732739420935412
s0747,rib_right_1,0.8614,0,0.7678198651327982,0.8532966190148166,0.8,0.8294583333333333,0.8913378378381642,0.8705035971223022
s0747,rib_right_10,0.963,1,0.9401203040609944,0.9494999236410621,0.9664429530201343,0.9463333333333334,0.9483228791893753,0.9732739420935412
s0747,rib_right_11,0.951,1,0.8822069693537091,0.9268720147403446,0.9109461966604824,0.8999702380952378,0.9302324456651311,0.9323671497584541
s0747,rib_right_12,0.906,1,0.8646872823984029,0.918362647947228,0.9109461966604824,0.8642023809523808,0.912443825047867,0.8928571428571429
s0747,rib_right_2,0.938,1,0.539793067644061,0.5518044721447798,0.5596330275229359,0.62125,0.661513668351388,0.5966850828729282
s0747,rib_right_3,0.9019,1,0.8869790756101374,0.9290442311734055,0.9109461966604824,0.9023749999999999,0.9313000362871116,0.9323671497584541
s0747,rib_right_4,0.948,1,0.9510468735857338,0.9529505665346178,0.9664429530201343,0.9616666666666667,0.9532613444738632,0.9732739420935412
s0747,rib_right_5,0.9228,1,0.7141136162580213,0.8013870477938816,0.703125,0.7794166666666669,0.8531748685825424,0.8255813953488372
s0747,rib_right_6,0.9371,1,0.8700731038724228,0.9210703721627239,0.9109461966604824,0.9143749999999998,0.9364045560380423,0.9323671497584541
s0747,rib_right_7,0.9452,1,0.8968800541494453,0.9333620888917074,0.9109461966604824,0.91325,0.9359414361286539,0.9323671497584541
s0747,rib_right_8,0.9619,1,0.8825888215212124,0.9270480609822888,0.9109461966604824,0.9071250000000002,0.9333644503874251,0.9323671497584541
s0747,rib_right_9,0.9475,1,0.9432439727314579,0.9505101373928506,0.9664429530201343,0.9425,0.9470132135604603,0.94
s0747,scapula_left,0.9189,1,0.9707926565692957,0.958624936917582,0.9901960784313726,0.9808333333333333,0.9588047538374336,0.9922480620155039
s0747,scapula_right,0.9487,1,0.9771317992812096,0.9603035408422805,0.9916317991631799,0.9922916666666666,0.9618122974015264,0.9922480620155039
s0747,small_bowel,0.8474,0,0.41271066061239803,0.341325404032178,0.3105263157894737,0.40729761904761913,0.30917926114179123,0.25581395348837205
s0747,spinal_cord,0.9439,1,0.9039877646969429,0.9363099940297559,0.9109461966604824,0.8982083333333337,0.9294405313634108,0.9323671497584541
s0747,spleen,0.9446,1,0.9120184571168631,0.9394942509755282,0.9565217391304348,0.9395833333333334,0.9459958025753743,0.94
s0747,sternum,0.907,1,0.7817359748759639,0.8647663266425483,0.8709677419354839,0.8242499999999997,0.8878133502740652,0.8705035971223022
s0747,stomach,0.9161,1,0.8908816393809667,0.930776181321891,0.9109461966604824,0.9142083333333333,0.936336143130903,0.9323671497584541
s0747,subclavian_artery_left,0.857,0,0.5360531671116866,0.5454981992252546,0.5416666666666666,0.5959821428571428,0.6215109202091335,0.5966850828729282
s0747,subclavian_artery_right,0.8704,0,0.5903298079357434,0.634620371628504,0.5596330275229359,0.5775416666666665,0.5911985245839531,0.5966850828729282
s0747,superior_vena_cava,0.7827,0,0.3602406096077892,0.26606419074353005,0.3105263157894737,0.45875000000000005,0.3894838169820042,0.4810126582278481
s0747,thyroid_gland,0.1868,0,0.1387147120748989,0.07425134181011195,0.0851063829787234,0.13884523809523813,0.06577741826723126,0.07142857142857142
s0747,trachea,0.9396,1,0.8890149703667117,0.9299526939593576,0.9109461966604824,0.8714583333333333,0.9163559954859275,0.92
s0747,vertebrae_C5,0.4661,0,0.20332322393575405,0.11074040739869744,0.1509433962264151,0.20008333333333334,0.09695340309784502,0.07142857142857142
s0747,vertebrae_C6,0.7681,0,0.6281052650575579,0.6919643800038145,0.6666666666666666,0.6460357142857143,0.6986349262319558,0.6328125
s0747,vertebrae_C7,0.8875,0,0.7445812701811786,0.8323609647980988,0.7928994082840237,0.8206845238095236,0.8853433470324669,0.8705035971223022
s0747,vertebrae_L1,0.9703,1,0.809481663847674,0.8853792457775107,0.8819444444444444,0.8810416666666666,0.9212794164957598,0.92
s0747,vertebrae_L2,0.9832,1,0.8144670822709863,0.8887795537573278,0.8819444444444444,0.7286250000000001,0.8037340062456306,0.7777777777777778
s0747,vertebrae_T1,0.9527,1,0.8962942737477515,0.9331135654792965,0.9109461966604824,0.9261011904761903,0.9410492054875284,0.94
s0747,vertebrae_T10,0.9541,1,0.9841427948395923,0.9620839878307658,0.9916317991631799,0.9734791666666665,0.9567563646117347,0.9732739420935412
s0747,vertebrae_T11,0.9682,1,0.8371130541388905,0.9031338761437693,0.9109461966604824,0.8426488095238096,0.8998315676092985,0.8928571428571429
s0747,vertebrae_T12,0.9652,1,0.7580652256989941,0.8447850192678497,0.7928994082840237,0.7678035714285714,0.8428667673763816,0.8255813953488372
s0747,vertebrae_T2,0.911,1,0.9673416771836133,0.9576827748289638,0.9842105263157894,0.9725208333333333,0.9564823760832569,0.9732739420935412
s0747,vertebrae_T3,0.9103,1,0.8470267162437578,0.9088809507202068,0.9109461966604824,0.9044791666666667,0.9322217455508472,0.9323671497584541
s0747,vertebrae_T4,0.8875,0,0.8752812359196076,0.9236104251805239,0.9109461966604824,0.877375,0.9194277769730081,0.92
s0747,vertebrae_T5,0.9016,1,0.9661491920393188,0.9573524687083961,0.9842105263157894,0.9820833333333333,0.9591435622595252,0.9922480620155039
s0747,vertebrae_T6,0.9379,1,0.967947980451553,0.9578497755843886,0.9842105263157894,0.9839166666666667,0.9596356591770375,0.9922480620155039
s0747,vertebrae_T7,0.9583,1,0.9400490813644748,0.9494766636147369,0.9664429530201343,0.9580416666666668,0.9521359631916378,0.9732739420935412
s0747,vertebrae_T8,0.9658,1,0.925206729595132,0.9444021633438636,0.9655172413793104,0.9485059523809524,0.949051510115932,0.9732739420935412
s0747,vertebrae_T9,0.948,1,0.8902028673971248,0.9304777807427681,0.9109461966604824,0.909625,0.9344277096443465,0.9323671497584541
s0625,adrenal_gland_left,0.9274,1,0.5156805610906848,0.5146546591233762,0.5094339622641509,0.5435555555555555,0.538217370416684,0.5473684210526316
s0625,adrenal_gland_right,0.937,1,0.4588788190946576,0.4214742475847177,0.4909090909090909,0.5318988095238094,0.5190921198068436,0.4968944099378882
s0625,aorta,0.977,1,0.9818418748259258,0.9584788071658424,0.9727520435967303,0.9941666666666668,0.9577327287697309,0.9859154929577465
s0625,atrial_appendage_left,0.9192,1,0.5193897231911266,0.5207746531886197,0.5371428571428571,0.5303928571428571,0.5166160173771497,0.4968944099378882
s0625,autochthon_left,0.9761,1,0.9793350705249548,0.9578145137913888,0.9727520435967303,0.9731666666666667,0.951766476235306,0.9664351851851852
s0625,autochthon_right,0.9765,1,0.9827225545919392,0.9587097997284754,0.9727520435967303,0.9782499999999998,0.9532801830753453,0.9664351851851852
s0625,brachiocephalic_trunk,0.8788,0,0.4208635409229504,0.36171260760105256,0.4909090909090909,0.40641964285714294,0.3208417324012593,0.367816091954023
s0625,brachiocephalic_vein_left,0.9505,1,0.7028603420981144,0.785087673345881,0.7402597402597403,0.7352083333333336,0.8045926797168482,0.7428571428571429
s0625,brachiocephalic_vein_right,0.8401,0,0.37518092207689613,0.2952916387135856,0.3384615384615385,0.4639404761904762,0.4082711223392842,0.45588235294117646
s0625,clavicula_left,0.9768,1,0.8013992074362332,0.8750900999767358,0.8615384615384616,0.8525178571428573,0.899145199363188,0.8633879781420765
s0625,clavicula_right,0.9573,1,0.9328503845493994,0.9435021322288673,0.9680851063829787,0.9431249999999999,0.9418288194538589,0.9664351851851852
s0625,colon,0.9085,1,0.8310189558690214,0.8949629073431438,0.8807339449541285,0.8159027777777774,0.8750801515685048,0.8387096774193549
s0625,common_carotid_artery_left,0.9197,1,0.4798297094196347,0.4555487248181238,0.5,0.5225178571428571,0.503657359189253,0.4968944099378882
s0625,common_carotid_artery_right,0.8778,0,0.3075268197859852,0.21133527545732844,0.16793893129770993,0.31725,0.20798559596548252,0.20388349514563106
s0625,costal_cartilages,0.9039,1,0.3822787627001318,0.3051449605135797,0.3384615384615385,0.4192738095238095,0.33955939528452805,0.4166666666666667
s0625,duodenum,0.8934,0,0.645039826578582,0.7137103438867302,0.6666666666666666,0.711125,0.7784497738591672,0.7422680412371134
s0625,esophagus,0.9391,1,0.8076564749549233,0.8795402578999846,0.8615384615384616,0.8460178571428573,0.8951967303502965,0.8633879781420765
s0625,femur_left,0.9822,1,0.8883600882309515,0.925628004105783,0.946524064171123,0.9413750000000001,0.941194216065942,0.9664351851851852
s0625,femur_right,0.9638,1,0.870788353295659,0.9172286373837674,0.9298245614035088,0.9209999999999998,0.9333132618599657,0.9664351851851852
s0625,gallbladder,0.9186,1,0.4567127427105185,0.4179879990811608,0.4909090909090909,0.5556190476190479,0.5578915462533568,0.5473684210526316
s0625,gluteus_maximus_left,0.9694,1,0.9346358666569147,0.9441278015872187,0.9680851063829787,0.920154761904762,0.9329659929228511,0.9664351851851852
s0625,gluteus_maximus_right,0.9825,1,0.9620790680076025,0.9529587176274226,0.9727520435967303,0.9483869047619048,0.9436984415200849,0.9664351851851852
s0625,gluteus_medius_left,0.972,1,0.9765110039055475,0.9570539786606508,0.9727520435967303,0.983125,0.9546893347266299,0.9664351851851852
s0625,gluteus_medius_right,0.9736,1,0.9644047525779095,0.9536428952505293,0.9727520435967303,0.9591785714285714,0.9473573772087696,0.9664351851851852
s0625,gluteus_minimus_left,0.9457,1,0.9413511503858395,0.9464230569721409,0.9680851063829787,0.95125,0.9446918572653243,0.9664351851851852
s0625,gluteus_minimus_right,0.9463,1,0.896530721661539,0.9292605993477684,0.946524064171123,0.9162499999999999,0.9313398229901277,0.9664351851851852
s0625,heart,0.917,1,0.97728847122603,0.9572646512639873,0.9727520435967303,0.9772083333333333,0.9529737232223934,0.9664351851851852
s0625,hip_left,0.9823,1,0.9562505734561748,0.9512016649514088,0.9712230215827338,0.9655000000000001,0.9493951889071045,0.9664351851851852
s0625,hip_right,0.9821,1,0.9225126353371208,0.9397483035773214,0.9562841530054644,0.8989999999999999,0.9237102089143013,0.9328859060402684
s0625,humerus_left,0.8358,0,0.3931017936666039,0.32051739896270426,0.37209302325581395,0.380297619047619,0.2845655543075382,0.367816091954023
s0625,humerus_right,0.9629,1,0.8685560282711127,0.916101765321584,0.9298245614035088,0.8848750000000001,0.9168915326175878,0.9134615384615384
s0625,iliac_artery_left,0.9041,1,0.36034138645414837,0.2753024956984582,0.3384615384615385,0.4153333333333332,0.33376454814716705,0.4090909090909091
s0625,iliac_artery_right,0.9126,1,0.6967580813862194,0.7782056126134411,0.7402597402597403,0.7054166666666666,0.7718988494439708,0.7422680412371134
s0625,iliac_vena_left,0.9091,1,0.803260969089575,0.8764287123643653,0.8615384615384616,0.8375416666666667,0.8898432222222128,0.8633879781420765
s0625,iliac_vena_right,0.922,1,0.8097759663759828,0.8810163240707508,0.8619267723590727,0.8094880952380951,0.8703888066654611,0.8387096774193549
s0625,iliopsoas_left,0.9719,1,0.992985137980144,0.9613124221483721,1.0,0.993125,0.9574541719872701,0.9859154929577465
s0625,iliopsoas_right,0.9692,1,0.9881753252891431,0.9601128447248479,0.9727520435967303,0.9815416666666665,0.9542361585104077,0.9664351851851852
s0625,inferior_vena_cava,0.9464,1,0.815577521706009,0.8849768369378779,0.8653846153846154,0.8276250000000002,0.8832771749795852,0.8633879781420765
s0625,kidney_left,0.9855,1,0.9891940400148372,0.9603698542916858,0.9727520435967303,0.9900000000000001,0.9566079395644655,0.9795918367346939
s0625,kidney_right,0.9857,1,0.9853136561241348,0.9593823061217495,0.9727520435967303,0.9929166666666667,0.9573982505045728,0.9859154929577465
s0625,liver,0.9876,1,0.9882017135309211,0.9601195222736817,0.9727520435967303,0.9778571428571428,0.9531648276432858,0.9664351851851852
s0625,lung_lower_lobe_left,0.9897,1,0.9763124849077062,0.9570000266073695,0.9727520435967303,0.9883333333333333,0.9561500688088878,0.9733333333333334
s0625,lung_lower_lobe_right,0.9923,1,0.9695981633422993,0.9551366853917731,0.9727520435967303,0.9770833333333333,0.9529368198686876,0.9664351851851852
s0625,lung_middle_lobe_right,0.98,1,0.9857857608521533,0.959503703444922,0.9727520435967303,0.985625,0.9553961831473659,0.9733333333333334
s0625,lung_upper_lobe_left,0.9925,1,0.9931625661787605,0.9613560044305702,1.0,0.9904166666666666,0.9567216921636621,0.9795918367346939
s0625,lung_upper_lobe_right,0.988,1,0.9978865516001438,0.9624991879579162,1.0,0.99875,0.9589377949836027,1.0
s0625,pancreas,0.9555,1,0.7230390612681684,0.8067316036897142,0.7415730337078649,0.7731488095238095,0.8409211001728858,0.7966101694915254
s0625,portal_vein_and_splenic_vein,0.8628,0,0.49142187510537555,0.47460389723908025,0.5,0.45512499999999995,0.39432473375775023,0.45588235294117646
s0625,prostate,0.8112,0,0.3906054063331307,0.31693532765155286,0.37209302325581395,0.3735833333333335,0.27565023325757976,0.367816091954023
s0625,pulmonary_vein,0.9553,1,0.4093950004466114,0.34440485595519965,0.37209302325581395,0.4715416666666668,0.4204171145722014,0.4968944099378882
s0625,rib_left_1,0.919,1,0.833742633295342,0.896642877141854,0.8807339449541285,0.8630238095238095,0.9052480874044924,0.890625
s0625,rib_left_10,0.9605,1,0.8448301702929757,0.9032384263128118,0.9104477611940298,0.8775833333333334,0.913158522228731,0.9134615384615384
s0625,rib_left_11,0.9503,1,0.7153406039843447,0.7986756871608722,0.7402597402597403,0.7634761904761903,0.8322140900147577,0.7614678899082569
s0625,rib_left_12,0.9189,1,0.6011447076814092,0.6509922089192143,0.5681818181818181,0.5873988095238096,0.6087085926155212,0.6222222222222222
s0625,rib_left_2,0.9513,1,0.8162711757199329,0.8854426157864838,0.8653846153846154,0.8369999999999997,0.8894930892015027,0.8633879781420765
s0625,rib_left_3,0.9261,1,0.8570085144284212,0.9100474216673843,0.9104477611940298,0.8552083333333331,0.9007405501331754,0.8633879781420765
s0625,rib_left_4,0.9559,1,0.9158573339218617,0.937209407799649,0.9562841530054644,0.9241785714285713,0.934604285661031,0.9664351851851852
s0625,rib_left_5,0.9614,1,0.9346204344691877,0.9441224218652194,0.9680851063829787,0.9467142857142855,0.943110348106986,0.9664351851851852
s0625,rib_left_6,0.9647,1,0.9263283498045718,0.9411602914366872,0.9562841530054644,0.9488392857142857,0.9438565140250456,0.9664351851851852
s0625,rib_left_7,0.9673,1,0.951992299034735,0.94987879316846,0.9712230215827338,0.9554880952380952,0.9461321065806878,0.9664351851851852
s0625,rib_left_8,0.9596,1,0.8840981263634466,0.9236657733686189,0.946524064171123,0.8771666666666667,0.9129406876378827,0.9134615384615384
s0625,rib_left_9,0.9493,1,0.9168310880184183,0.9375870191425031,0.9562841530054644,0.94525,0.9425907707553675,0.9664351851851852
s0625,rib_right_1,0.9311,1,0.8224900277699134,0.8895455482356568,0.8653846153846154,0.8769583333333334,0.9128315850732839,0.9134615384615384
s0625,rib_right_10,0.9726,1,0.9001566115252629,0.9308195593712371,0.9562841530054644,0.9122500000000001,0.9296361638276215,0.9594594594594594
s0625,rib_right_11,0.9418,1,0.8495926770554176,0.9059543331016944,0.9104477611940298,0.8835297619047622,0.9162139866289787,0.9134615384615384
s0625,rib_right_12,0.9361,1,0.6148783062136115,0.6713193641583446,0.5681818181818181,0.6569166666666665,0.7108836661212637,0.6222222222222222
s0625,rib_right_2,0.9595,1,0.8828514907410694,0.9230828979103469,0.946524064171123,0.8990416666666665,0.9237295425173548,0.9328859060402684
s0625,rib_right_3,0.9555,1,0.5339085247685831,0.5446532843662849,0.5371428571428571,0.6418472222222222,0.6900693569093853,0.6222222222222222
s0625,rib_right_4,0.9548,1,0.9605796385449962,0.9525125321696145,0.9712230215827338,0.9611666666666667,0.9480064875993656,0.9664351851851852
s0625,rib_right_5,0.949,1,0.9099119391240703,0.9348572522036463,0.9562841530054644,0.9509226190476191,0.9445791060043982,0.9664351851851852
s0625,rib_right_6,0.9664,1,0.976553458748392,0.957065508334921,0.9727520435967303,0.9698690476190477,0.9507597378120233,0.9664351851851852
s0625,rib_right_7,0.9759,1,0.996029987760098,0.9620538365009347,1.0,0.9843749999999999,0.9550440827592885,0.9733333333333334
s0625,rib_right_8,0.9582,1,0.9503133048135308,0.9493479163486752,0.9712230215827338,0.9282916666666665,0.9362403842165549,0.9664351851851852
s0625,rib_right_9,0.9589,1,0.9452155184666361,0.9477032677903156,0.9692307692307692,0.9618749999999998,0.948235924412358,0.9664351851851852
s0625,sacrum,0.9328,1,0.7527681416338468,0.8355341388089644,0.7586206896551724,0.7759523809523807,0.8433753264614667,0.7966101694915254
s0625,scapula_left,0.9658,1,0.8482733129637474,0.9052088582825545,0.9104477611940298,0.8679166666666667,0.9079759303930808,0.890625
s0625,scapula_right,0.9636,1,0.9143526674118221,0.9366217207684193,0.9562841530054644,0.9179583333333334,0.9320557210698734,0.9664351851851852
s0625,small_bowel,0.9316,1,0.7236296959040378,0.8073394233888473,0.7415730337078649,0.74225,0.8117804933479456,0.7614678899082569
s0625,spinal_cord,0.9426,1,0.8542254129251647,0.9085304828986648,0.9104477611940298,0.8396250000000001,0.8911808414176143,0.8633879781420765
s0625,spleen,0.982,1,0.8675359186619653,0.9155821909052027,0.9298245614035088,0.869779761904762,0.9089959519649015,0.890625
s0625,sternum,0.9273,1,0.7267588163415953,0.8105353055618131,0.7415730337078649,0.7457321428571426,0.815259132709654,0.7614678899082569
s0625,stomach,0.9748,1,0.934509627317308,0.9440837797370971,0.9680851063829787,0.9267738095238094,0.9356411031730113,0.9664351851851852
s0625,subclavian_artery_left,0.8378,0,0.5428508341367746,0.559265889987564,0.5371428571428571,0.49704166666666666,0.4617902868860364,0.4968944099378882
s0625,subclavian_artery_right,0.8996,0,0.4071464614034156,0.34105766370734997,0.37209302325581395,0.43116666666666675,0.3573370705604297,0.45
s0625,superior_vena_cava,0.9407,1,0.6942346358950132,0.7753140385018981,0.7402597402597403,0.7311666666666669,0.8003741702837299,0.7428571428571429
s0625,thyroid_gland,0.9294,1,0.5191428302143923,0.5203674613186205,0.5371428571428571,0.5078571428571428,0.4795327453872387,0.4968944099378882
s0625,trachea,0.9634,1,0.9306676461724163,0.9427283080035392,0.9562841530054644,0.9561666666666666,0.946359398527007,0.9664351851851852
s0625,urinary_bladder,0.9132,1,0.6192561895897302,0.6776708639498892,0.5681818181818181,0.6730009920634922,0.7321579790887766,0.6222222222222222
s0625,vertebrae_C6,0.9412,1,0.3296565565948731,0.23673629944075597,0.2923076923076923,0.3422916666666667,0.23645663695186434,0.20388349514563106
s0625,vertebrae_C7,0.9658,1,0.7537659869874135,0.836438262668448,0.7586206896551724,0.7923333333333332,0.8571028089535643,0.8125
s0625,vertebrae_L1,0.9839,1,0.9308591015929061,0.9427965791342513,0.9562841530054644,0.942625,0.9416481627478875,0.9664351851851852
s0625,vertebrae_L2,0.9787,1,0.9026560083581863,0.9318756008974791,0.9562841530054644,0.938875,0.9402763744077387,0.9664351851851852
s0625,vertebrae_L3,0.9823,1,0.8963036028742981,0.9291618764519508,0.946524064171123,0.9231250000000002,0.9341789584576621,0.9664351851851852
s0625,vertebrae_L4,0.9818,1,0.8549325037580813,0.9089180511450166,0.9104477611940298,0.8973750000000003,0.9229526832327282,0.9328859060402684
s0625,vertebrae_L5,0.9802,1,0.8714496094770787,0.9175597851334898,0.9298245614035088,0.9030416666666667,0.9255647627766206,0.9328859060402684
s0625,vertebrae_S1,0.9014,1,0.8882163320788221,0.9255625805589369,0.946524064171123,0.8657738095238093,0.9067900481024596,0.890625
s0625,vertebrae_T1,0.9735,1,0.761745933297329,0.8435253097941723,0.7843137254901961,0.7974434523809525,0.8611750331495915,0.8125
s0625,vertebrae_T10,0.9847,1,0.9526305094484785,0.9500792015360053,0.9712230215827338,0.9385416666666667,0.9401529865158856,0.9664351851851852
s0625,vertebrae_T11,0.9834,1,0.9400508744178745,0.945985684613447,0.9680851063829787,0.9404166666666667,0.9408439502909467,0.9664351851851852
s0625,vertebrae_T12,0.9809,1,0.8811299080029652,0.9222712487371842,0.946524064171123,0.8997499999999999,0.9240575266999274,0.9328859060402684
s0625,vertebrae_T2,0.9782,1,0.7634469686699049,0.8450032719727554,0.7843137254901961,0.8183779761904763,0.8768510963792294,0.8387096774193549
s0625,vertebrae_T3,0.9765,1,0.7289012182915516,0.8126998919928611,0.7415730337078649,0.7622083333333335,0.8310450295203182,0.7614678899082569
s0625,vertebrae_T4,0.9784,1,0.736677395700836,0.8203965715724986,0.7415730337078649,0.7813988095238096,0.848054868536124,0.7966101694915254
s0625,vertebrae_T5,0.9764,1,0.7599365734341076,0.8419406515982808,0.7843137254901961,0.7887946428571427,0.8542248745641224,0.8125
s0625,vertebrae_T6,0.9763,1,0.7634696737327005,0.84502292218595,0.7843137254901961,0.8209642857142857,0.8786784402734484,0.8387096774193549
s0625,vertebrae_T7,0.9739,1,0.7778703755036025,0.8570804489165845,0.8615384615384616,0.8461041666666667,0.8952500425803906,0.8633879781420765
s0625,vertebrae_T8,0.9788,1,0.8797396851059033,0.9216101049522714,0.946524064171123,0.9100416666666667,0.9286789394065339,0.9594594594594594
s0625,vertebrae_T9,0.9819,1,0.9613471412968555,0.9527414181787781,0.9715598362275486,0.9512500000000002,0.9446918572653243,0.9664351851851852
s0698,adrenal_gland_left,0.8704,0,0.37642609875428074,0.31792508376313855,0.35365853658536583,0.4018750000000001,0.3271079927083677,0.3670886075949367
s0698,adrenal_gland_right,0.8743,0,0.5421260744038151,0.5680141203677987,0.516209476309227,0.46001190476190473,0.41291699341888155,0.4409448818897638
s0698,aorta,0.981,1,0.9461944842472508,0.9428227576394713,0.9595959595959596,0.9495694444444445,0.94039167857281,0.9555555555555556
s0698,atrial_appendage_left,0.8893,0,0.3057697556876676,0.23049023713184508,0.2714285714285714,0.3528720238095238,0.26257326326022523,0.2605633802816901
s0698,autochthon_left,0.9504,1,0.9123677674420934,0.9302806813259761,0.9304932735426009,0.915184523809524,0.9269012311885961,0.9298245614035088
s0698,autochthon_right,0.9515,1,0.8981371940035305,0.924277925870905,0.9304932735426009,0.8841904761904762,0.9123853111214293,0.9236111111111112
s0698,brachiocephalic_trunk,0.8971,0,0.6627024887845727,0.7366080576485078,0.7272727272727273,0.7182083333333331,0.7839000324497335,0.7083333333333334
s0698,brachiocephalic_vein_left,0.9104,1,0.39022548137819707,0.336940885857159,0.35365853658536583,0.46251190476190485,0.4167727507078663,0.4409448818897638
s0698,brachiocephalic_vein_right,0.9259,1,0.7022655396580362,0.7817729910063193,0.7272727272727273,0.7113184523809523,0.7763923926512512,0.7083333333333334
s0698,clavicula_left,0.9794,1,0.9233571720281533,0.9346117726473472,0.9595959595959596,0.9524791666666667,0.9414195737899631,0.9555555555555556
s0698,clavicula_right,0.9659,1,0.8016103168540823,0.8696427926076991,0.84,0.829375,0.8802544232903649,0.8897338403041825
s0698,common_carotid_artery_left,0.9534,1,0.6534431733240743,0.7252113496516281,0.7272727272727273,0.7282559523809523,0.7945181771128732,0.7083333333333334
s0698,common_carotid_artery_right,0.957,1,0.49593590031718743,0.4961650651648389,0.516209476309227,0.4933809523809525,0.4650798875561466,0.5051546391752577
s0698,costal_cartilages,0.9086,1,0.15307304041211692,0.10328574375409336,0.12,0.08725595238095236,0.061789691862993726,0.01818181818181818
s0698,duodenum,0.5779,0,0.271925080599505,0.19507406165449198,0.2714285714285714,0.2825059523809524,0.18547124233911408,0.2605633802816901
s0698,esophagus,0.931,1,0.764601628116445,0.841065242911936,0.84,0.7999583333333333,0.8591129462542835,0.8258064516129032
s0698,gallbladder,0.2143,0,0.028149022302643715,0.050063264438107574,0.0,0.03270833333333333,0.04449735503377845,0.0
s0698,heart,0.9253,1,0.9548082259936347,0.9456605775074166,0.9595959595959596,0.9733749999999998,0.9483263498284603,0.9753086419753086
s0698,humerus_left,0.9558,1,0.6850889994436103,0.7628782340745643,0.7272727272727273,0.6769999999999997,0.7362798560188019,0.7066666666666667
s0698,humerus_right,0.9491,1,0.7233906946101478,0.8034891327668346,0.7961165048543689,0.7086309523809521,0.7734140434706757,0.7083333333333334
s0698,iliopsoas_right,0.8571,0,0.014605758696432679,0.04618247467562149,0.0,0.012291666666666666,0.03929667314044456,0.0
s0698,inferior_vena_cava,0.7956,0,0.40136759224965407,0.3526934316020763,0.35365853658536583,0.5275714285714286,0.519320915368336,0.5051546391752577
s0698,kidney_left,0.9593,1,0.35886906823924336,0.29458700494907647,0.32075471698113206,0.4361845238095237,0.3767636563486565,0.4409448818897638
s0698,kidney_right,0.9798,1,0.7545408197331703,0.8324661612007809,0.84,0.7883869047619046,0.849977218961612,0.8199052132701422
s0698,liver,0.9811,1,0.9409904136516112,0.9410413815429246,0.9595959595959596,0.9592738095238096,0.9437554699859717,0.9555555555555556
s0698,lung_lower_lobe_left,0.958,1,0.9375688990894089,0.9398419719507062,0.9595959595959596,0.9461666666666665,0.9391681830622389,0.9555555555555556
s0698,lung_lower_lobe_right,0.9846,1,0.987531152647975,0.9552738118599328,0.9781818181818182,0.9847083333333333,0.9517431512690787,0.981203007518797
s0698,lung_middle_lobe_right,0.9613,1,0.9717219679553137,0.9508506253896563,0.9781818181818182,0.970375,0.9473842920785466,0.9583333333333334
s0698,lung_upper_lobe_left,0.9851,1,0.997766439909297,0.9579323881801524,0.9912303298790291,0.999375,0.9558472377723524,1.0
s0698,lung_upper_lobe_right,0.9857,1,1.0,0.9584921336904293,1.0,1.0,0.9560145223127096,1.0
s0698,pancreas,0.8316,0,0.22773771075616941,0.15525979521494876,0.21212121212121213,0.25573809523809515,0.16113863043483817,0.22857142857142856
s0698,portal_vein_and_splenic_vein,0.6686,0,0.16012274040448285,0.10744438249278922,0.12,0.20287500000000006,0.12071805213854642,0.12359550561797752
s0698,pulmonary_vein,0.9253,1,0.40542686476900897,0.35851512239862704,0.35365853658536583,0.45869444444444446,0.410889328257446,0.4409448818897638
s0698,rib_left_1,0.908,1,0.7738649244393865,0.8486628981361134,0.84,0.789375,0.8507759933835644,0.8258064516129032
s0698,rib_left_10,0.974,1,0.9179441389941855,0.932510607908162,0.95,0.9067083333333332,0.9231674115747364,0.9236111111111112
s0698,rib_left_11,0.9623,1,0.8383902094538368,0.8935950675641348,0.8942731277533039,0.8639583333333333,0.9015501243643907,0.8897338403041825
s0698,rib_left_12,0.8303,0,0.6200877864225885,0.6817221362671011,0.516209476309227,0.6877500000000001,0.7493262742201245,0.7083333333333334
s0698,rib_left_2,0.9404,1,0.5612841139391369,0.597163225601417,0.516209476309227,0.5540773809523809,0.5611248998159545,0.5051546391752577
s0698,rib_left_3,0.9603,1,0.8876541167966843,0.9195561722781702,0.9304932735426009,0.9003273809523811,0.9202420355728035,0.9236111111111112
s0698,rib_left_4,0.9603,1,0.7244049624818659,0.8044895254405919,0.7961165048543689,0.796607142857143,0.8565160606860186,0.8258064516129032
s0698,rib_left_5,0.9446,1,0.6128146781351572,0.6717645436934503,0.516209476309227,0.6445416666666668,0.6943417553523421,0.6407766990291263
s0698,rib_left_6,0.9513,1,0.5179025928729658,0.5304981702225908,0.516209476309227,0.5821488095238095,0.6044594929464471,0.5051546391752577
s0698,rib_left_7,0.9624,1,0.8897203766683581,0.9205076277994834,0.9304932735426009,0.9160714285714286,0.9272821139398753,0.9468942626837412
s0698,rib_left_8,0.9626,1,0.8832493847564957,0.9174931507437695,0.9304932735426009,0.8456130952380951,0.8907097071921151,0.8897338403041825
s0698,rib_left_9,0.9646,1,0.8185366288480326,0.8811893951983626,0.8942731277533039,0.8255,0.87763492796713,0.8571428571428571
s0698,rib_right_1,0.8345,0,0.8432002533719155,0.8964238007202008,0.8942731277533039,0.9040059523809525,0.9219406953141073,0.9236111111111112
s0698,rib_right_10,0.9712,1,0.9480446668869519,0.9434438130410535,0.9595959595959596,0.9414642857142859,0.9374387223110536,0.9555555555555556
s0698,rib_right_11,0.9624,1,0.8801630538425234,0.9160190508908874,0.9304932735426009,0.8580833333333332,0.8981870542258193,0.8897338403041825
s0698,rib_right_12,0.8552,0,0.7082464425652697,0.7880918338257434,0.7961165048543689,0.7959166666666668,0.8559760752949923,0.8258064516129032
s0698,rib_right_2,0.9549,1,0.736539007267433,0.8161590273315816,0.7961165048543689,0.7297500000000001,0.7960635788203311,0.7254302642716098
s0698,rib_right_3,0.9454,1,0.8158402534401249,0.879411173635831,0.8942731277533039,0.831125,0.8814214597206248,0.8897338403041825
s0698,rib_right_4,0.9569,1,0.7244109515175944,0.8044954210808225,0.7961165048543689,0.8009583333333334,0.859880211522176,0.8258064516129032
s0698,rib_right_5,0.9527,1,0.6859439886228182,0.7638448731229278,0.7272727272727273,0.8005833333333332,0.8595928977452143,0.8258064516129032
s0698,rib_right_6,0.9237,1,0.5384332753049058,0.5623342707348717,0.516209476309227,0.6670773809523809,0.7238576171431248,0.7066666666666667
s0698,rib_right_7,0.9423,1,0.8310376272707453,0.8891396210683994,0.8942731277533039,0.8314523809523809,0.8816386868046682,0.8897338403041825
s0698,rib_right_8,0.9582,1,0.9087654605830086,0.9288041197147273,0.9304932735426009,0.9132380952380953,0.926058884800046,0.9298245614035088
s0698,rib_right_9,0.9695,1,0.8031090854697978,0.8707025164284987,0.84,0.8244642857142855,0.8769264835993535,0.8262885501594981
s0698,scapula_left,0.9698,1,0.9945106054783373,0.9571035111325973,0.9821428571428571,0.995,0.9546591469116875,0.981203007518797
s0698,scapula_right,0.9581,1,0.9600525609890695,0.9473227806034836,0.9595959595959596,0.9602083333333333,0.9440698113348738,0.9555555555555556
s0698,spinal_cord,0.9532,1,0.9531690840482137,0.9451309850326953,0.9595959595959596,0.9407291666666667,0.9371642433766912,0.9555555555555556
s0698,spleen,0.9843,1,0.958988583752074,0.9469894802593246,0.9595959595959596,0.9570833333333334,0.9430121477288806,0.9555555555555556
s0698,sternum,0.9282,1,0.9452277236434398,0.9424956997037781,0.9595959595959596,0.9535416666666666,0.941790755229904,0.9555555555555556
s0698,stomach,0.9828,1,0.6289447806266201,0.6936270351002527,0.5666666666666667,0.5833422619047619,0.6062709696146464,0.5051546391752577
s0698,subclavian_artery_left,0.9409,1,0.7082645429846679,0.7881107523644136,0.7961165048543689,0.7216666666666666,0.7875989918235422,0.7083333333333334
s0698,subclavian_artery_right,0.9331,1,0.6458934002190361,0.7156954328102616,0.7272727272727273,0.6779226190476192,0.7374164928244663,0.7083333333333334
s0698,superior_vena_cava,0.974,1,0.8171111426438966,0.8802521511227432,0.8942731277533039,0.8789166666666668,0.9096695174860168,0.9236111111111112
s0698,thyroid_gland,0.9283,1,0.5478852188775197,0.5768360776979952,0.516209476309227,0.649125,0.7004867975467357,0.6407766990291263
s0698,trachea,0.9588,1,0.9043801872255108,0.9269676732763772,0.9304932735426009,0.8877023809523809,0.9141526408855712,0.9236111111111112
s0698,vertebrae_C6,0.8724,0,0.14858310348421716,0.1007119117238119,0.12,0.194125,0.11494038950131553,0.12359550561797752
s0698,vertebrae_C7,0.9405,1,0.44382824116190955,0.41545253747915317,0.43478260869565216,0.46683333333333343,0.4234615179963751,0.4409448818897638
s0698,vertebrae_L1,0.965,1,0.9000591671870165,0.9251155417867345,0.9304932735426009,0.9153928571428572,0.9269908650906378,0.9298245614035088
s0698,vertebrae_L2,0.9136,1,0.32239506347990604,0.24946058340784955,0.32075471698113206,0.36257341269841264,0.2746815268757051,0.3670886075949367
s0698,vertebrae_T1,0.9578,1,0.7921590678983709,0.862789082161767,0.84,0.8287083333333334,0.8798072341360105,0.8897338403041825
s0698,vertebrae_T10,0.9535,1,0.9664306498070637,0.9492796268907381,0.9781818181818182,0.9815833333333334,0.950823035143873,0.981203007518797
s0698,vertebrae_T11,0.9514,1,0.9689939717714176,0.9500465291051778,0.9781818181818182,0.9744166666666668,0.9486497072691324,0.9753086419753086
s0698,vertebrae_T12,0.9512,1,0.9643766471996628,0.9486570746311141,0.9595959595959596,0.9659166666666666,0.9459542823516901,0.9571428571428572
s0698,vertebrae_T2,0.9543,1,0.9365870173760689,0.9394935782330405,0.9595959595959596,0.9466458333333334,0.9393418813657686,0.9555555555555556
s0698,vertebrae_T3,0.9413,1,0.9561104003657384,0.94607786089582,0.9595959595959596,0.9628541666666669,0.944950836237169,0.9555555555555556
s0698,vertebrae_T4,0.9309,1,0.9518398907487942,0.9446979683637837,0.9595959595959596,0.9595833333333335,0.9438597666175177,0.9555555555555556
s0698,vertebrae_T5,0.9232,1,0.9832916304509695,0.9541263246771313,0.9781818181818182,0.9868333333333333,0.9523594705492427,0.981203007518797
s0698,vertebrae_T6,0.9153,1,0.9270420334109154,0.9360071449993203,0.9595959595959596,0.9678888888888888,0.9465913373699251,0.9571428571428572
s0698,vertebrae_T7,0.9096,1,0.961879845843837,0.9478905799124918,0.9595959595959596,0.9790000000000001,0.9500498687514459,0.981203007518797
s0698,vertebrae_T8,0.9434,1,0.9325300219316012,0.9380339623601591,0.9595959595959596,0.977375,0.949557635879101,0.9812030075187917
s0698,vertebrae_T9,0.9553,1,0.9820727921476595,0.9537912750627818,0.9781818181818182,0.9897916666666667,0.9532050420899268,0.981203007518797
s0675,adrenal_gland_left,0.9054,1,0.16264960199177486,0.09327563736866326,0.09375,0.1534583333333333,0.08198179147294829,0.06976744186046512
s0675,adrenal_gland_right,0.8071,0,0.1847313687471209,0.10637098902422866,0.09375,0.16477380952380943,0.08776740527091202,0.06976744186046512
s0675,aorta,0.9755,1,0.950762323037459,0.949490409443903,0.9712230215827338,0.9406666666666667,0.9409355120128424,0.9664351851851852
s0675,atrial_appendage_left,0.9183,1,0.345282170844637,0.2558980680328317,0.2923076923076923,0.3311666666666667,0.22348598219017846,0.20388349514563106
s0675,autochthon_left,0.9615,1,0.9840807620712897,0.9590636333776318,0.9727520435967303,0.9804583333333334,0.9539236077274803,0.9664351851851852
s0675,autochthon_right,0.9643,1,0.9759600087728844,0.9569040736608933,0.9727520435967303,0.9668750000000002,0.9498284476307037,0.9664351851851852
s0675,brachiocephalic_trunk,0.8762,0,0.26554535685068253,0.16877708046117967,0.16793893129770993,0.243375,0.13900291668974013,0.14864864864864866
s0675,brachiocephalic_vein_left,0.8566,0,0.4919972844501161,0.47555214667856976,0.5,0.5157678571428571,0.49254536506607455,0.4968944099378882
s0675,brachiocephalic_vein_right,0.7892,0,0.25486095763929895,0.15910206926374773,0.16793893129770993,0.2506250000000001,0.1448159444743225,0.14864864864864866
s0675,clavicula_left,0.9515,1,0.7066354007769289,0.7892668352994627,0.7402597402597403,0.7644613095238095,0.8331179791030888,0.7614678899082569
s0675,clavicula_right,0.9679,1,0.8658310105419761,0.91470730363457,0.9298245614035088,0.8844821428571428,0.9166941819235305,0.9134615384615384
s0675,colon,0.9348,1,0.3200993570602779,0.22551475241378602,0.2923076923076923,0.35054166666666675,0.24640533586606167,0.20388349514563106
s0675,common_carotid_artery_left,0.7554,0,0.17854895087090142,0.10254946263502712,0.09375,0.18983333333333338,0.10190987898481262,0.06976744186046512
s0675,common_carotid_artery_right,0.8914,0,0.34209244954512635,0.25190512184731634,0.2923076923076923,0.31245833333333334,0.20283560827063174,0.20388349514563106
s0675,costal_cartilages,0.8605,0,0.22106823751117094,0.13144585488326255,0.16793893129770993,0.27192261904761905,0.16306425803386773,0.14864864864864866
s0675,duodenum,0.7738,0,0.12509079969794817,0.07429738275824671,0.06666666666666667,0.155875,0.08318751400916798,0.06976744186046512
s0675,esophagus,0.9293,1,0.6631039134563772,0.737467091289739,0.6666666666666666,0.7173333333333334,0.7854204403601737,0.7422680412371134
s0675,gallbladder,0.9601,1,0.46022305705324457,0.42364173309887015,0.4909090909090909,0.5380416666666669,0.5291812714625846,0.4968944099378882
s0675,heart,0.9246,1,0.7962851068175253,0.8713489632954246,0.8615384615384616,0.7518333333333331,0.8212339068314557,0.7614678899082569
s0675,humerus_left,0.6724,0,0.5701509549606137,0.6031455905350234,0.5371428571428571,0.5663333333333334,0.5752161971307015,0.5473684210526316
s0675,humerus_right,0.9179,1,0.7649739463288818,0.8463202749767152,0.7843137254901961,0.7735416666666666,0.8412668736915109,0.7966101694915254
s0675,iliopsoas_left,0.8885,0,0.006844215651363508,0.03543833306486479,0.0,0.01,0.03355530012507168,0.0
s0675,iliopsoas_right,0.8523,0,0.010759782982976944,0.03633351572720914,0.0,0.018958333333333334,0.03552194602589366,0.0
s0675,inferior_vena_cava,0.9108,1,0.36666550221833644,0.28371812335595037,0.3384615384615385,0.404125,0.31755800633221104,0.367816091954023
s0675,kidney_left,0.9796,1,0.7104792251540417,0.7934605979128159,0.7402597402597403,0.7441249999999998,0.8136598218560486,0.7614678899082569
s0675,kidney_right,0.9718,1,0.6064776980361004,0.6589559709170085,0.5681818181818181,0.6005000000000001,0.6290542592626931,0.6222222222222222
s0675,liver,0.9832,1,0.8742510040213329,0.9189493454159569,0.946524064171123,0.8804583333333333,0.914648181058525,0.9134615384615384
s0675,lung_lower_lobe_left,0.9733,1,0.9718202034587538,0.9557617060274602,0.9727520435967303,0.9858333333333333,0.9554546103820278,0.9733333333333334
s0675,lung_lower_lobe_right,0.9847,1,0.9671141729200472,0.9544280221877853,0.9727520435967303,0.9637500000000001,0.9488386450011271,0.9664351851851852
s0675,lung_middle_lobe_right,0.9695,1,0.9662304922148095,0.9541733536358107,0.9727520435967303,0.9584166666666666,0.9471065934636266,0.9664351851851852
s0675,lung_upper_lobe_left,0.9902,1,0.9858893795555478,0.9595303014824814,0.9727520435967303,0.978,0.9532068063750064,0.9664351851851852
s0675,lung_upper_lobe_right,0.9857,1,0.9696938664117374,0.9551637775663242,0.9727520435967303,0.9756666666666667,0.952516653537754,0.9664351851851852
s0675,pancreas,0.9251,1,0.517264130529614,0.5172681407192986,0.5371428571428571,0.6268095238095238,0.6685017634358688,0.6222222222222222
s0675,portal_vein_and_splenic_vein,0.6825,0,0.1035520949444615,0.06508202856252256,0.06666666666666667,0.09116666666666663,0.05593913870905649,0.058823529411764705
s0675,pulmonary_vein,0.9376,1,0.2488913099737408,0.15389495782496462,0.16793893129770993,0.27904761904761904,0.16956926535197378,0.16666666666666666
s0675,rib_left_1,0.9544,1,0.7060936208172051,0.7886707404903275,0.7402597402597403,0.769452380952381,0.8376377289310047,0.7614678899082569
s0675,rib_left_10,0.7698,0,0.2877588171858876,0.19038241837146586,0.16793893129770993,0.23362500000000008,0.1314952412738685,0.14864864864864866
s0675,rib_left_11,0.9823,1,0.8788359961049355,0.921177585180053,0.946524064171123,0.8790416666666667,0.9139170639141558,0.9134615384615384
s0675,rib_left_12,0.9479,1,0.6740283353494044,0.7512025625827384,0.6666666666666666,0.6372976190476192,0.6836254294750431,0.6222222222222222
s0675,rib_left_2,0.9485,1,0.9015628875562087,0.9314155880127615,0.9562841530054644,0.936404761904762,0.9393562959899107,0.9664351851851852
s0675,rib_left_3,0.9658,1,0.8281068636162108,0.8931401075254995,0.8807339449541285,0.9242202380952381,0.9346210538587707,0.9664351851851852
s0675,rib_left_4,0.9031,1,0.7938999558659183,0.8695717163278432,0.8615384615384616,0.9065892857142858,0.9271583605897166,0.9594594594594594
s0675,rib_left_5,0.6857,0,0.282144592392595,0.18472949374377653,0.16793893129770993,0.3146666666666666,0.20519718607985143,0.20388349514563106
s0675,rib_left_6,0.479,0,0.20164639417557434,0.11747317198786897,0.125,0.16729166666666667,0.08910403438773974,0.06976744186046512
s0675,rib_left_7,0.4105,0,0.24605488746632137,0.15147010838556926,0.16793893129770993,0.2025416666666667,0.10982851128161526,0.06976744186046512
s0675,rib_left_8,0.4302,0,0.22116398366099033,0.1315181073204765,0.16793893129770993,0.1817083333333334,0.09711610863754697,0.06976744186046512
s0675,rib_left_9,0.5476,0,0.2056977866024562,0.12027732352297095,0.13333333333333333,0.16149999999999998,0.08605658139851712,0.06976744186046512
s0675,rib_right_1,0.9497,1,0.4540702112479206,0.4137460104924704,0.4909090909090909,0.5146250000000001,0.4906643972975854,0.4968944099378882
s0675,rib_right_10,0.9748,1,0.8939145633152347,0.9281156846496721,0.946524064171123,0.9154404761904763,0.9309981474956265,0.9664351851851852
s0675,rib_right_11,0.9774,1,0.8368817628657318,0.8985495714459063,0.8807339449541285,0.8583749999999999,0.9025894630990116,0.8633879781420765
s0675,rib_right_12,0.9773,1,0.6854362155050212,0.7650237335368173,0.7027027027027027,0.7090416666666668,0.7760746332882654,0.7422680412371134
s0675,rib_right_2,0.973,1,0.79547356955799,0.8707465913978112,0.8615384615384616,0.844904761904762,0.8945070371511588,0.8633879781420765
s0675,rib_right_3,0.9711,1,0.8375894691011839,0.8989750969089683,0.8807339449541285,0.9318333333333332,0.9376185367573747,0.9664351851851852
s0675,rib_right_4,0.9488,1,0.5471469482248343,0.5662513931917833,0.5371428571428571,0.6285833333333334,0.6710852382250099,0.6222222222222222
s0675,rib_right_5,0.9539,1,0.9030222892660443,0.932029100432861,0.9562841530054644,0.9308333333333333,0.9372322534881478,0.9664351851851852
s0675,rib_right_6,0.8678,0,0.9338894726465248,0.9438670467724091,0.9680851063829787,0.9660833333333333,0.9495794265539739,0.9664351851851852
s0675,rib_right_7,0.8049,0,0.16970029390792077,0.0972916060982153,0.09375,0.13141666666666665,0.07169961621543662,0.06976744186046512
s0675,rib_right_8,0.8971,0,0.15697197747457203,0.09015050174866286,0.09375,0.1809166666666667,0.09665993971395694,0.06976744186046512
s0675,rib_right_9,0.9739,1,0.8677788305380951,0.9157061780234452,0.9298245614035088,0.8791666666666668,0.9139818017623896,0.9134615384615384
s0675,scapula_left,0.9583,1,0.9735325420042588,0.9562376821345024,0.9727520435967303,0.9888333333333335,0.9562879119494384,0.9795918367346939
s0675,scapula_right,0.9663,1,0.9646374153860545,0.9537108175340618,0.9727520435967303,0.9870833333333334,0.9558036442601014,0.9733333333333334
s0675,small_bowel,0.9121,1,0.5075420063316787,0.501213464760377,0.5094339622641509,0.5187202380952382,0.4974053786475317,0.4968944099378882
s0675,spinal_cord,0.9573,1,0.916609686535038,0.9375013486598618,0.9562841530054644,0.9081309523809524,0.9278410347426718,0.9594594594594594
s0675,spleen,0.9761,1,0.8016727268622763,0.8752875373983315,0.8615384615384616,0.8060892857142856,0.8678428439375786,0.8387096774193549
s0675,sternum,0.8817,0,0.5578907997988032,0.5836003739297556,0.5371428571428571,0.5298333333333334,0.5156958281298871,0.4968944099378882
s0675,stomach,0.9706,1,0.9502223599464336,0.9493190092627132,0.9712230215827338,0.9462499999999998,0.942946084292677,0.9664351851851852
s0675,subclavian_artery_left,0.7389,0,0.12509246748118893,0.07429814076446692,0.06666666666666667,0.16216666666666663,0.08640249987207824,0.06976744186046512
s0675,subclavian_artery_right,0.9056,1,0.30940110395040976,0.2134070186447698,0.16793893129770993,0.28908333333333336,0.17907966127549235,0.1875
s0675,superior_vena_cava,0.9255,1,0.5506799683936736,0.5719765670482077,0.5371428571428571,0.5884047619047618,0.6102852789461579,0.6222222222222222
s0675,thyroid_gland,0.7831,0,0.18857442925930823,0.10880926869473513,0.09375,0.17925000000000005,0.09570583452619048,0.06976744186046512
s0675,trachea,0.9695,1,0.9107038062566586,0.9351752042979943,0.9562841530054644,0.8719583333333332,0.9101757796550342,0.9134615384615384
s0675,vertebrae_C7,0.9384,1,0.27196859884196306,0.17481593291608202,0.16793893129770993,0.33144642857142864,0.22380585822077928,0.20388349514563106
s0675,vertebrae_L1,0.9856,1,0.8872601293559463,0.9251260635626343,0.946524064171123,0.9294166666666667,0.9366811974818843,0.9664351851851852
s0675,vertebrae_L2,0.946,1,0.20251528396955534,0.11806975539233563,0.12780701631419616,0.276375,0.1671053233113253,0.16666666666666666
s0675,vertebrae_T1,0.9606,1,0.6921446827910692,0.7728990014377619,0.7377930430134046,0.766779761904762,0.8352298872265176,0.7614678899082569
s0675,vertebrae_T10,0.9851,1,0.940220283690001,0.9460428587889654,0.9680851063829787,0.9685416666666664,0.9503488995609095,0.9664351851851852
s0675,vertebrae_T11,0.9821,1,0.9057616183244886,0.9331669577078243,0.9562841530054644,0.9164166666666668,0.9314099731405959,0.9664351851851852
s0675,vertebrae_T12,0.9795,1,0.7966078394163254,0.8715878491231236,0.8615384615384616,0.8387916666666666,0.8906475132467025,0.8633879781420765
s0675,vertebrae_T2,0.9708,1,0.7644681666031533,0.8458850623934581,0.7843137254901961,0.8735416666666665,0.9110245811130557,0.9134615384615384
s0675,vertebrae_T3,0.9773,1,0.7750642392286692,0.8547938981090866,0.8571428571428571,0.8755654761904761,0.9120989742707964,0.9134615384615384
s0675,vertebrae_T4,0.98,1,0.8205300127739524,0.8882664979954767,0.8653846153846154,0.9024583333333331,0.9252996781397571,0.9328859060402684
s0675,vertebrae_T5,0.9766,1,0.7056316623054276,0.7881614952247349,0.7402597402597403,0.8155238095238095,0.8748070897612928,0.8387096774193549
s0675,vertebrae_T6,0.9556,1,0.7544138749035884,0.8370231548603502,0.7586206896551724,0.8031488095238093,0.8656061188663843,0.8387096774193549
s0675,vertebrae_T7,0.9585,1,0.8188264028563959,0.887144270638888,0.8653846153846154,0.8629166666666664,0.9051875511757297,0.890625
s0675,vertebrae_T8,0.9782,1,0.7576920573674707,0.8399567928430924,0.7586206896551724,0.7903125000000002,0.8554651562407498,0.8125
s0675,vertebrae_T9,0.9823,1,0.805346288034606,0.8779134131814258,0.8615384615384616,0.8322708333333335,0.8863945740716439,0.8633879781420765
s0420,adrenal_gland_left,0.8375,0,0.39553650841996685,0.34300862674472143,0.38271604938271603,0.3641964285714285,0.28003917703477166,0.3315508021390374
s0420,adrenal_gland_right,0.8094,0,0.11753359821755388,0.08272262646674237,0.125,0.13191666666666665,0.0808950140632021,0.1
s0420,aorta,0.9645,1,0.8684730634847435,0.9119260241801282,0.8729016786570744,0.8906875,0.9186312754584575,0.9230769230769231
s0420,atrial_appendage_left,0.9068,1,0.6743568929680268,0.7523620261509428,0.6541666666666667,0.6930654761904762,0.7612657552256726,0.6614173228346457
s0420,autochthon_left,0.9593,1,0.9681899554413014,0.951072101286735,0.9801762114537445,0.9868750000000002,0.9543157678882218,0.9770491803278688
s0420,autochthon_right,0.9596,1,0.9692909832691377,0.9513947142548281,0.9801762114537445,0.9842083333333334,0.9535662232605742,0.9770491803278688
s0420,brachiocephalic_trunk,0.8925,0,0.6200062295964776,0.6830760870691178,0.6541666666666667,0.6177261904761903,0.6632157471716946,0.6532258064516129
s0420,brachiocephalic_vein_left,0.83,0,0.2063268711505707,0.13645450854862085,0.125,0.23725000000000002,0.1472428841926468,0.1
s0420,brachiocephalic_vein_right,0.8524,0,0.6548157886698901,0.7286568436845029,0.6541666666666667,0.6062023809523812,0.6465562116801422,0.6532258064516129
s0420,clavicula_left,0.9658,1,0.9236322282613538,0.936183149632548,0.9584415584415584,0.9413095238095238,0.9397856961839872,0.9638157894736842
s0420,clavicula_right,0.9716,1,0.8770368252388613,0.9161748890486728,0.9226807128745692,0.9003353174603174,0.9231271731466695,0.9532374100719424
s0420,colon,0.4319,0,0.5964966595016459,0.6500926906081179,0.6541666666666667,0.5466309523809525,0.5554793394789481,0.5757575757575758
s0420,common_carotid_artery_left,0.9546,1,0.5476964343719923,0.5771783191210959,0.5228215767634854,0.5861190476190474,0.6166740800491204,0.5757575757575758
s0420,common_carotid_artery_right,0.8842,0,0.6059881353944181,0.663604644992468,0.6541666666666667,0.6622708333333334,0.7236473923473256,0.6614173228346457
s0420,costal_cartilages,0.8508,0,0.09051361127939055,0.07066045342429464,0.0,0.12229166666666666,0.0764334167113452,0.1
s0420,duodenum,0.405,0,0.17905033338873705,0.11739357936789782,0.125,0.13956547619047618,0.08460859694223893,0.1
s0420,esophagus,0.8438,0,0.5848012317644854,0.633107805724945,0.5228215767634854,0.6296190476190475,0.6799932746588541,0.6532258064516129
s0420,heart,0.9411,1,0.7669541303176683,0.8450297761354257,0.803921568627451,0.749125,0.8202829036167395,0.7894736842105263
s0420,humerus_left,0.9751,1,0.8904830569660318,0.922471265398009,0.9411764705882353,0.8702916666666668,0.9083301211957089,0.9137931034482759
s0420,humerus_right,0.9541,1,0.8460957032947207,0.8998929319329027,0.8729016786570744,0.8844583333333333,0.9156024212919562,0.9137931034482759
s0420,iliopsoas_left,0.8011,0,0.09182318045385733,0.07120558011079901,0.0,0.09164880952380951,0.06369371431470577,0.0
s0420,iliopsoas_right,0.7734,0,0.041608518854092856,0.05287520069886346,0.0,0.05729166666666667,0.051776575551335136,0.0
s0420,inferior_vena_cava,0.8656,0,0.33962165269578093,0.26833222638511484,0.29357798165137616,0.38795238095238077,0.31167684391564476,0.3315508021390374
s0420,kidney_left,0.9664,1,0.4540361587956073,0.43035495958096576,0.45,0.5275773809523809,0.5252141013628528,0.5
s0420,liver,0.9614,1,0.9123981318609196,0.9318101808549296,0.9584415584415584,0.9155416666666667,0.9297526029371047,0.9532374100719424
s0420,lung_lower_lobe_left,0.9905,1,0.9847879419821821,0.95572639774804,0.9801762114537445,0.9944166666666666,0.9563736883063273,0.9770491803278688
s0420,lung_lower_lobe_right,0.988,1,0.9242248678120936,0.9364064314194428,0.9584415584415584,0.9348988095238098,0.9374226109439419,0.9638157894736842
s0420,lung_middle_lobe_right,0.9712,1,0.9713993290563411,0.9520068564727706,0.9801762114537445,0.9770416666666667,0.9514934459961268,0.9743589743589743
s0420,lung_upper_lobe_left,0.9925,1,0.974397667535953,0.9528648037829256,0.9801762114537445,0.9682916666666666,0.9488436226272147,0.9714285714285714
s0420,lung_upper_lobe_right,0.9855,1,0.9842107825733506,0.9555718824774184,0.9801762114537445,0.9847499999999999,0.9537194153503555,0.9770491803278688
s0420,pancreas,0.8766,0,0.23550753531178906,0.15966321739454015,0.125,0.2311309523809524,0.14239519778148074,0.1
s0420,portal_vein_and_splenic_vein,0.8065,0,0.29578139769582107,0.2175473234266262,0.2857142857142857,0.3712500000000001,0.2892266551031477,0.3315508021390374
s0420,pulmonary_vein,0.9253,1,0.6609545717265436,0.7362550694178509,0.6541666666666667,0.6448333333333335,0.7007920535256107,0.65589051660031
s0420,rib_left_1,0.854,0,0.747527399072371,0.8282720602907165,0.7619047619047619,0.8025000000000003,0.8652649238861306,0.795774647887324
s0420,rib_left_10,0.8923,0,0.5235647333362271,0.5396101200974432,0.5228215767634854,0.44928571428571423,0.4013317608432884,0.44
s0420,rib_left_11,0.9818,1,0.8698887883166623,0.9126416102444491,0.8729016786570744,0.865,0.9054720843357688,0.8421052631578947
s0420,rib_left_12,0.9401,1,0.8673767325712406,0.911368243733229,0.8729016786570744,0.8741666666666665,0.9103734953442879,0.9137931034482759
s0420,rib_left_2,0.9733,1,0.8583396078087686,0.906647742704066,0.8729016786570744,0.9166666666666667,0.9302212101439685,0.9532374100719424
s0420,rib_left_3,0.9191,1,0.9798329684514065,0.9543830191196403,0.9801762114537445,0.9904166666666667,0.9552934596819118,0.9770491803278688
s0420,rib_left_4,0.9686,1,0.987068683999393,0.9563319905548876,0.9801762114537445,0.9925000000000002,0.9558592229057409,0.9770491803278688
s0420,rib_left_5,0.9734,1,0.9479059955912628,0.944753485052483,0.9736842105263158,0.9705833333333334,0.9495505772683042,0.9714285714285714
s0420,rib_left_6,0.978,1,0.9436190831153353,0.9433230152547087,0.9736842105263158,0.9419166666666667,0.9400051178321739,0.9638157894736842
s0420,rib_left_7,0.9101,1,0.9609211935932206,0.9488907942517218,0.9749950163129211,0.9465625000000002,0.9416594994334684,0.9638157894736842
s0420,rib_left_8,0.7798,0,0.4868411140727165,0.4817104042645634,0.5228215767634854,0.3997857142857143,0.3281444930142523,0.3315508021390374
s0420,rib_left_9,0.7863,0,0.46689424603880186,0.45036770004393,0.45,0.37861904761904763,0.29901340150542977,0.3315508021390374
s0420,rib_right_1,0.7551,0,0.5881864771625529,0.6380603798162958,0.5228215767634854,0.5937738095238094,0.6281819996577473,0.6153846153846154
s0420,rib_right_10,0.9752,1,0.9634300316316606,0.9496538847379876,0.9801762114537445,0.977875,0.9517389065551591,0.9743589743589743
s0420,rib_right_11,0.9612,1,0.8179954381641887,0.8827300166240853,0.8729016786570744,0.8204761904761907,0.8781177970566288,0.8421052631578947
s0420,rib_right_12,0.9648,1,0.883819379869459,0.9194069605791649,0.9411764705882353,0.89975,0.9228610296567852,0.9532374100719424
s0420,rib_right_2,0.9587,1,0.9583108121487404,0.9480852093013892,0.9736842105263158,0.98125,0.9527210128748825,0.9770491803278688
s0420,rib_right_3,0.9705,1,0.9820370643363465,0.9549853145905262,0.9801762114537445,0.9908333333333332,0.9554071625628902,0.9770491803278688
s0420,rib_right_4,0.9705,1,0.988457882499733,0.9566969743553796,0.9801762114537445,0.9785416666666668,0.9519344255670874,0.9743589743589743
s0420,rib_right_5,0.9717,1,0.9847879228823128,0.9557263926431735,0.9801762114537445,0.9864583333333333,0.954199415572107,0.9770491803278688
s0420,rib_right_6,0.9786,1,0.9743894551196093,0.9528624739043124,0.9801762114537445,0.9469166666666666,0.9417838474938572,0.9638157894736842
s0420,rib_right_7,0.9789,1,0.94864600207824,0.9449969473664606,0.9736842105263158,0.9470833333333334,0.9418422781510445,0.9638157894736842
s0420,rib_right_8,0.9744,1,0.9745185243973512,0.9528990784550695,0.9801762114537445,0.9658333333333333,0.9480748382557324,0.9714285714285714
s0420,rib_right_9,0.9752,1,0.9753408270074181,0.9531316529605917,0.9801762114537445,0.9720833333333334,0.9500082917065655,0.9714285714285714
s0420,scapula_left,0.9625,1,0.9589287419737421,0.9482769850658109,0.9736842105263158,0.9538154761904762,0.9441569434764877,0.9638157894736842
s0420,scapula_right,0.9545,1,0.9645425389655736,0.9499888022325597,0.9801762114537445,0.9716458333333332,0.9498751995884471,0.9714285714285714
s0420,spinal_cord,0.9357,1,0.8850401467538012,0.9199764808560805,0.9411764705882353,0.851375,0.8977432228204013,0.8421052631578947
s0420,spleen,0.9864,1,0.7980691771240426,0.8690604163913026,0.8571428571428571,0.7974702380952382,0.8614693650495828,0.795774647887324
s0420,sternum,0.9288,1,0.9398517025987235,0.9420372329743366,0.9736842105263158,0.9640833333333333,0.9475209273884314,0.9714285714285714
s0420,stomach,0.8606,0,0.7094006775659822,0.7912709249843755,0.7549019607843137,0.7458750000000001,0.8171974130801593,0.7894736842105263
s0420,subclavian_artery_left,0.8833,0,0.6806001634693825,0.7596360600422167,0.7549019607843137,0.6990386904761904,0.7681410965451556,0.7612903225806451
s0420,subclavian_artery_right,0.873,0,0.5745520022269804,0.6179446854178672,0.5228215767634854,0.6001994047619047,0.637731659874168,0.6532258064516129
s0420,superior_vena_cava,0.9158,1,0.697519782472952,0.7786054090332994,0.7549019607843137,0.6133214285714287,0.6568930256116575,0.6532258064516129
s0420,thyroid_gland,0.8351,0,0.35414888523765337,0.28672578632522316,0.29357798165137616,0.34575,0.2568747449401736,0.3315508021390374
s0420,trachea,0.9552,1,0.8919739401942195,0.9231420870986349,0.9411764705882353,0.9219642857142857,0.932389237392667,0.9532374100719424
s0420,vertebrae_C7,0.8911,0,0.37020137227403915,0.307902360968072,0.38271604938271603,0.40043452380952366,0.3290602270207542,0.3315508021390374
s0420,vertebrae_L1,0.9863,1,0.9169928174500819,0.9336313043921091,0.9584415584415584,0.9419166666666666,0.9400051178321739,0.9638157894736842
s0420,vertebrae_L2,0.7143,0,0.2949921325979341,0.21669990434484024,0.2857142857142857,0.256345238095238,0.1632514633633419,0.1
s0420,vertebrae_T1,0.9756,1,0.8839719204774209,0.9194783264918561,0.9411764705882353,0.8985416666666666,0.922308928674471,0.9532374100719424
s0420,vertebrae_T10,0.9833,1,0.9659598181704807,0.9504124137891296,0.9801762114537445,0.9822916666666669,0.9530202770077502,0.9770491803278688
s0420,vertebrae_T11,0.9812,1,0.9792153590941435,0.9542128782683931,0.9801762114537445,0.9844583333333332,0.9536369871517837,0.9770491803278688
s0420,vertebrae_T12,0.9864,1,0.9837284566684944,0.9554423614588328,0.9801762114537445,0.997,0.9570580494151235,0.995409836065575
s0420,vertebrae_T2,0.9778,1,0.9854998172700712,0.9559162728903344,0.9801762114537445,0.9910833333333335,0.9554752519085052,0.9770491803278688
s0420,vertebrae_T3,0.9854,1,0.9838619606853084,0.9554782478453204,0.9801762114537445,0.9915,0.9555885139291569,0.9770491803278688
s0420,vertebrae_T4,0.9748,1,0.8618426504472602,0.9085037366458502,0.8729016786570744,0.8884166666666666,0.9175387603913293,0.9230769230769231
s0420,vertebrae_T5,0.9738,1,0.9234908345967873,0.9361297705809416,0.9584415584415584,0.9392916666666666,0.9390510346572791,0.9638157894736842
s0420,vertebrae_T6,0.984,1,0.9728317186365202,0.9524185561554959,0.9801762114537445,0.9845833333333333,0.9536723306114624,0.9770491803278688
s0420,vertebrae_T7,0.9864,1,0.9962725856697819,0.9586964345135605,0.9801762114537445,0.995,0.9565291256050411,0.9770491803278688
s0420,vertebrae_T8,0.99,1,0.996232747804266,0.9586864692136317,0.9801762114537445,0.9970833333333334,0.9570799539901114,1.0
s0420,vertebrae_T9,0.9819,1,0.9583006855639269,0.9480820609046078,0.9736842105263158,0.9687499999999999,0.9489857593249325,0.9714285714285714
s0655,aorta,0.9787,1,0.8124536563764692,0.8828587426419829,0.8653846153846154,0.7544345238095237,0.8237348440504499,0.7614678899082569
s0655,atrial_appendage_left,0.9369,1,0.7020414014844757,0.7841731653431597,0.7402597402597403,0.7053333333333334,0.7718022123682308,0.7422680412371134
s0655,costal_cartilages,0.4438,0,0.2935941646781675,0.1963972229406731,0.16793893129770993,0.277889880952381,0.16849839119132276,0.16666666666666666
s0655,esophagus,0.9194,1,0.6772465774366736,0.7551560244372385,0.7027027027027027,0.5861279761904761,0.606713498227911,0.6222222222222222
s0655,heart,0.9459,1,0.6697336505873918,0.7458606314721645,0.6666666666666666,0.6521815476190477,0.7044330045742188,0.6222222222222222
s0655,inferior_vena_cava,0.9312,1,0.6142423556554207,0.6703914134267266,0.5681818181818181,0.6339821428571428,0.6788844794443645,0.6222222222222222
s0655,liver,0.9378,1,0.6775044002219304,0.7554709041403699,0.7027027027027027,0.6629345238095238,0.7189600074333671,0.6222222222222222
s0655,lung_lower_lobe_left,0.9892,1,0.8700095670603093,0.9168370806753483,0.9298245614035088,0.845297619047619,0.8947509142405671,0.8633879781420765
s0655,lung_lower_lobe_right,0.9787,1,0.912302130571018,0.9358125712502335,0.9562841530054644,0.9155535714285713,0.9310459760049681,0.9664351851851852
s0655,lung_middle_lobe_right,0.9085,1,0.7818007174408137,0.8602325219451724,0.8615384615384616,0.7484880952380952,0.817976905359304,0.7614678899082569
s0655,lung_upper_lobe_left,0.9912,1,0.9090193223088545,0.934497107759336,0.9562841530054644,0.9040277777777779,0.9260109155025319,0.9594594594594594
s0655,lung_upper_lobe_right,0.9256,1,0.7484687888636335,0.8315926561096332,0.7586206896551724,0.7809761904761906,0.8476959029839656,0.7966101694915254
s0655,pulmonary_vein,0.9505,1,0.7552170750666981,0.8377459181444837,0.7586206896551724,0.6529999999999998,0.705553943890733,0.6222222222222222
s0655,rib_left_3,0.0,0,0.12912034396835437,0.07614968670038028,0.06666666666666667,0.12392857142857143,0.06848605804754528,0.06976744186046512
s0655,rib_left_4,0.0,0,0.2473533351682595,0.15257622958333775,0.16793893129770993,0.21956547619047623,0.12127749347269996,0.06976744186046512
s0655,rib_left_5,0.0,0,0.22050006293030333,0.13101778896922986,0.16793893129770993,0.21341071428571431,0.1170240436440905,0.06976744186046512
s0655,spleen,0.5836,0,0.5799489110333177,0.6185354107967375,0.5371428571428571,0.6080892857142856,0.6406390939970765,0.6222222222222222
s0655,sternum,0.4341,0,0.6213186110739874,0.6806406478872097,0.5681818181818181,0.5630000000000001,0.5698440198844622,0.5473684210526316
s0655,stomach,0.6593,0,0.6503306864901086,0.7208006196621966,0.6666666666666666,0.6356458333333331,0.681268156544773,0.6222222222222222
s0655,superior_vena_cava,0.8215,0,0.5543626940483509,0.5779238665257024,0.5371428571428571,0.5732946428571427,0.586376903409602,0.6206627680311754
s0655,trachea,0.9213,1,0.5214023817798742,0.5240929823797486,0.5371428571428571,0.44595833333333323,0.3800033477889838,0.45588235294117646
s0655,vertebrae_T10,0.9262,1,0.640614245344048,0.7076975570442087,0.6666666666666666,0.6201428571428571,0.6587019173216516,0.6222222222222222
s0655,vertebrae_T11,0.9651,1,0.6802853437448468,0.7588498422843913,0.7027027027027027,0.6661309523809521,0.7231934845682624,0.6222222222222222
s0655,vertebrae_T12,0.915,1,0.5428653844925004,0.5592895902006703,0.5371428571428571,0.5072678571428569,0.4785643004878267,0.4968944099378882
s0655,vertebrae_T6,0.9257,1,0.5280763415017279,0.5350797165250724,0.5371428571428571,0.5077500000000001,0.4793566528404699,0.4968944099378882
s0655,vertebrae_T7,0.9592,1,0.5854892482134185,0.6271356818320976,0.5681818181818181,0.5795059523809524,0.5962611858627458,0.6222222222222222
s0655,vertebrae_T8,0.889,0,0.6491168310332184,0.7191834698957211,0.6666666666666666,0.615172619047619,0.6513059476785092,0.6222222222222222
s0655,vertebrae_T9,0.7894,0,0.6023000710743577,0.6527248681473896,0.5681818181818181,0.6001845238095238,0.6285693575225647,0.6222222222222222
s0650,adrenal_gland_left,0.9178,1,0.549506935325428,0.5793116880014442,0.516209476309227,0.6559166666666667,0.709461083093769,0.7066666666666667
s0650,adrenal_gland_right,0.9138,1,0.5569413892971852,0.5906078934395864,0.516209476309227,0.606452380952381,0.6407210429640798,0.5051546391752577
s0650,aorta,0.9652,1,0.9687331678265012,0.9499690057849918,0.9781818181818182,0.9506666666666668,0.9407812549872571,0.9555555555555556
s0650,atrial_appendage_left,0.9344,1,0.5119857840364062,0.5212652643343871,0.516209476309227,0.5501309523809526,0.5549409851843429,0.5051546391752577
s0650,autochthon_left,0.9513,1,0.9822990833898433,0.9538536563846001,0.9781818181818182,0.9890178571428571,0.9529852547069948,0.981203007518797
s0650,autochthon_right,0.9394,1,0.9794827772258793,0.9530715524692754,0.9781818181818182,0.9690416666666667,0.9469604127541409,0.9571428571428572
s0650,brachiocephalic_trunk,0.9266,1,0.3812787022133952,0.3245471719649724,0.35365853658536583,0.4337916666666666,0.37320051793108217,0.4409448818897638
s0650,brachiocephalic_vein_left,0.9425,1,0.5605146394646959,0.596004161608037,0.516209476309227,0.6382738095238095,0.6858252726095906,0.6407766990291263
s0650,brachiocephalic_vein_right,0.7069,0,0.47079636222427124,0.4569363358572292,0.5,0.43730952380952376,0.3784435066685636,0.4409448818897638
s0650,clavicula_left,0.9764,1,0.9345748766577244,0.938773720186897,0.9595959595959596,0.9569226190476191,0.9429572485379868,0.9555555555555556
s0650,clavicula_right,0.9727,1,0.8265026381843259,0.8863108017368163,0.8942731277533039,0.8486458333333333,0.8925713547038298,0.8897338403041825
s0650,colon,0.8996,0,0.72527346019391,0.8053430743704912,0.7961165048543689,0.7760773809523809,0.8397290423125372,0.8199052132701422
s0650,common_carotid_artery_left,0.9485,1,0.289472938320208,0.2128982671156669,0.2714285714285714,0.294875,0.1976380137032226,0.2605633802816901
s0650,common_carotid_artery_right,0.9173,1,0.4835140850857014,0.47674547527718447,0.516209476309227,0.44797619047619036,0.39451109849803606,0.4409448818897638
s0650,costal_cartilages,0.898,0,0.2474342952380635,0.1721233161310654,0.21212121212121213,0.2070386904761904,0.12355432616232108,0.12359550561797752
s0650,duodenum,0.877,0,0.6143292692417958,0.6738513241902205,0.516209476309227,0.6891190476190476,0.7509565841671979,0.7083333333333334
s0650,esophagus,0.849,0,0.5919844647863467,0.6424021077954026,0.516209476309227,0.5789166666666669,0.5995393076291485,0.5051546391752577
s0650,femur_left,0.9871,1,0.9721254866703635,0.9509685184182933,0.9781818181818182,0.9815416666666666,0.9508106552356324,0.981203007518797
s0650,femur_right,0.9868,1,0.9628027852035166,0.9481751654644742,0.9595959595959596,0.943547619047619,0.9382105298013472,0.9555555555555556
s0650,gallbladder,0.932,1,0.6209866229373758,0.6829415139582588,0.516209476309227,0.6403452380952381,0.6886540777642052,0.6407766990291263
s0650,gluteus_maximus_left,0.9547,1,0.8531570109772494,0.9020685460567361,0.8942731277533039,0.7932678571428572,0.8538888866015137,0.8258064516129032
s0650,gluteus_maximus_right,0.9632,1,0.955911785949864,0.9460144105206724,0.9595959595959596,0.9750416666666668,0.9488428020922551,0.9753086419753086
s0650,gluteus_medius_left,0.9462,1,0.969042164960142,0.9500608419465112,0.9781818181818182,0.9542499999999999,0.9420369824880801,0.9555555555555556
s0650,gluteus_medius_right,0.9475,1,0.9473347778213421,0.9432062761644335,0.9595959595959596,0.944625,0.9386061669142275,0.9555555555555556
s0650,gluteus_minimus_left,0.9342,1,0.7799468188689059,0.853487154299924,0.84,0.7876666666666668,0.849392763617537,0.8199052132701422
s0650,gluteus_minimus_right,0.9203,1,0.7233334736237835,0.8034325794966073,0.7961165048543689,0.6826428571428571,0.7431821126806878,0.7083333333333334
s0650,heart,0.9348,1,0.9696433173835572,0.9502390513191825,0.9781818181818182,0.9639583333333333,0.9453146295243738,0.9555555555555556
s0650,hip_left,0.9797,1,0.9716941071780089,0.9508424756024866,0.9781818181818182,0.9774166666666667,0.9495703144194054,0.981203007518797
s0650,hip_right,0.9808,1,0.9508805438097161,0.9443834411540276,0.9595959595959596,0.9682916666666667,0.9467205660358494,0.9571428571428572
s0650,humerus_left,0.9613,1,0.8013424705629074,0.8694526325552411,0.84,0.8333035714285714,0.8828605340346888,0.8897338403041825
s0650,humerus_right,0.9716,1,0.7433271684690714,0.8224482751269042,0.8181818181818182,0.6854464285714286,0.746567114893658,0.7083333333333334
s0650,iliac_artery_left,0.9029,1,0.6860236256380268,0.7639347709108175,0.7272727272727273,0.7199553571428572,0.7857744173367547,0.7083333333333334
s0650,iliac_artery_right,0.9347,1,0.7340963963288213,0.8138541082329473,0.7961165048543689,0.731830357142857,0.7982010160974347,0.75
s0650,iliac_vena_left,0.949,1,0.7404415525442222,0.8197955926407652,0.8181818181818182,0.7253630952380955,0.7915012510047769,0.7083333333333334
s0650,iliac_vena_right,0.9339,1,0.7017481682334157,0.7812200532327295,0.7272727272727273,0.7148333333333334,0.7802454330239547,0.7083333333333334
s0650,iliopsoas_left,0.9321,1,0.9437377303728863,0.9419881889201888,0.9595959595959596,0.9273333333333333,0.9319618545165806,0.9523809523809523
s0650,iliopsoas_right,0.9322,1,0.8579468832913267,0.904685154146734,0.8942731277533039,0.8587083333333335,0.8985496130703159,0.8897338403041825
s0650,inferior_vena_cava,0.8994,0,0.5674868887858249,0.60646589002394,0.516209476309227,0.6580476190476192,0.7122439059572778,0.7066666666666667
s0650,kidney_cyst_left,0.0,0,0.5364795099338788,0.5593224865536177,0.516209476309227,0.4135625000000001,0.3436574302521119,0.39860527022191783
s0650,kidney_left,0.9818,1,0.8291057622634329,0.887942178713419,0.8942731277533039,0.8240416666666667,0.8766363942456341,0.8258064516129032
s0650,kidney_right,0.9742,1,0.9156967785174488,0.9316199856131681,0.95,0.929,0.9326302426628754,0.9523809523809523
s0650,liver,0.9805,1,0.9786650363342386,0.952842110272681,0.9781818181818182,0.9751249999999999,0.948868496107858,0.9753086419753086
s0650,lung_lower_lobe_left,0.3107,0,0.546266194655108,0.5743607223818453,0.516209476309227,0.5279166666666666,0.519868443693829,0.5051546391752577
s0650,lung_lower_lobe_right,0.9854,1,0.9772063872990573,0.9524301921988955,0.9781818181818182,0.9864583333333333,0.9522512543460483,0.981203007518797
s0650,lung_middle_lobe_right,0.942,1,0.9744290105784588,0.9516364015774439,0.9781818181818182,0.9660416666666666,0.945994870856868,0.9571428571428572
s0650,lung_upper_lobe_left,0.8321,0,0.7912453534589688,0.8621106706983502,0.84,0.6977857142857142,0.7611117940881985,0.7083333333333334
s0650,lung_upper_lobe_right,0.9703,1,0.9911316816837809,0.9562268132412671,0.9821428571428571,0.9891666666666667,0.953027597589741,0.981203007518797
s0650,pancreas,0.8786,0,0.6867180123239086,0.7647176230252505,0.7272727272727273,0.7364166666666668,0.802853899054115,0.75
s0650,portal_vein_and_splenic_vein,0.8339,0,0.3740275012857939,0.31467862978373484,0.35365853658536583,0.401110119047619,0.3260392326993534,0.3670886075949367
s0650,prostate,0.8389,0,0.33298907585933774,0.2620799602831227,0.32075471698113206,0.3004583333333333,0.20332375578799314,0.2605633802816901
s0650,pulmonary_vein,0.921,1,0.48247518720711136,0.4751236881763572,0.516209476309227,0.5601250000000001,0.5705639482983482,0.5051546391752577
s0650,rib_left_1,0.9511,1,0.871424730442306,0.9117149078199807,0.9304932735426009,0.893625,0.9170600651208444,0.9236111111111112
s0650,rib_left_10,0.3356,0,0.15810062074472747,0.10623668996171695,0.12,0.16129166666666667,0.09536248318188989,0.12359550561797752
s0650,rib_left_11,0.4019,0,0.37505822181255605,0.316071494897953,0.35365853658536583,0.3342916666666666,0.24036352173068615,0.2605633802816901
s0650,rib_left_12,0.3132,0,0.3931674656319855,0.3410668790359936,0.35365853658536583,0.3259166666666667,0.23078243814298688,0.2605633802816901
s0650,rib_left_2,0.9625,1,0.9566855700881625,0.9462612110612235,0.9595959595959596,0.9682916666666667,0.9467205660358494,0.9571428571428572
s0650,rib_left_3,0.9262,1,0.8174975491015354,0.880506839064582,0.8942731277533039,0.885625,0.9131111598374508,0.9236111111111112
s0650,rib_left_4,0.9597,1,0.8804387252753597,0.9161516846032637,0.9304932735426009,0.8986666666666666,0.9194641558882657,0.9236111111111112
s0650,rib_left_5,0.9103,1,0.8751572860113004,0.9135772719778851,0.9304932735426009,0.9095,0.9244160770320057,0.9236111111111112
s0650,rib_left_6,0.504,0,0.12363496859510917,0.08742540986892611,0.07407407407407407,0.13545833333333335,0.08211268876880115,0.01818181818181818
s0650,rib_left_7,0.1549,0,0.1448770981540528,0.09863053196046231,0.07407407407407407,0.11291666666666668,0.07194418027990594,0.01818181818181818
s0650,rib_left_8,0.1258,0,0.1581718705178417,0.10627903918021997,0.12,0.17941666666666667,0.1057704559765485,0.12359550561797752
s0650,rib_left_9,0.2566,0,0.15628744605255007,0.10516397500705334,0.12,0.17020238095238097,0.10035967581828342,0.12359550561797752
s0650,rib_right_1,0.8921,0,0.4867470178733845,0.481795278162866,0.516209476309227,0.44912499999999994,0.39625596196395657,0.4409448818897638
s0650,rib_right_10,0.554,0,0.25606347264067497,0.17995608447460593,0.2714285714285714,0.20613095238095244,0.12293114277547222,0.12359550561797752
s0650,rib_right_11,0.833,0,0.4445488707350049,0.4165482756319227,0.43478260869565216,0.39775,0.3213656683862876,0.3670886075949367
s0650,rib_right_12,0.9286,1,0.09152639693921408,0.07266575502293626,0.05263157894736842,0.08016666666666666,0.05922949369480198,0.01818181818181818
s0650,rib_right_2,0.8524,0,0.48107083786637944,0.47293224774153664,0.516209476309227,0.4139583333333334,0.34422491560985397,0.4409448818897638
s0650,rib_right_3,0.908,1,0.5221541279738507,0.5371199943923641,0.516209476309227,0.47733333333333333,0.43982622834432356,0.4409448818897638
s0650,rib_right_4,0.8123,0,0.852215682519481,0.9015468467558276,0.8942731277533039,0.86425,0.9017144798095014,0.8897338403041825
s0650,rib_right_5,0.6148,0,0.32709059370861326,0.25500335133387275,0.32075471698113206,0.3225416666666667,0.2269977972420281,0.2605633802816901
s0650,rib_right_6,0.4549,0,0.20582713082826495,0.13811175074950416,0.1875,0.17586904761904765,0.10365742671981706,0.12359550561797752
s0650,rib_right_7,0.4334,0,0.2524149569330169,0.17661084404843494,0.2714285714285714,0.17020238095238097,0.10035967581828342,0.12359550561797752
s0650,rib_right_8,0.2476,0,0.21109154516477333,0.14208083244266762,0.1875,0.1435,0.08604671906328774,0.01818181818181818
s0650,rib_right_9,0.3166,0,0.249041760397536,0.1735616735592307,0.21212121212121213,0.18778571428571428,0.1109061716327926,0.12359550561797752
s0650,sacrum,0.9412,1,0.8229754825541736,0.8840673318006104,0.8942731277533039,0.7598422619047618,0.8253556850602282,0.8199052132701422
s0650,scapula_left,0.953,1,0.9737494113226,0.951440261843435,0.9781818181818182,0.98225,0.9510207122676471,0.981203007518797
s0650,scapula_right,0.9389,1,0.9470782100165716,0.9431201952459568,0.9595959595959596,0.9769642857142857,0.9494325000943199,0.9753086419753086
s0650,small_bowel,0.8258,0,0.8505761800562239,0.9006322957485554,0.8942731277533039,0.8795416666666668,0.9099952843531232,0.9236111111111112
s0650,spinal_cord,0.9567,1,0.8011584923289432,0.8693218788992688,0.84,0.8059880952380954,0.8636864639658411,0.8258064516129032
s0650,spleen,0.9524,1,0.9666211972493631,0.9493370168133678,0.9781818181818182,0.9798749999999999,0.9503130289183114,0.981203007518797
s0650,sternum,0.9345,1,0.7087220937607966,0.7885885737700049,0.7961165048543689,0.7793095238095239,0.8424735564637047,0.8199052132701422
s0650,stomach,0.9471,1,0.8838631007471015,0.9177834543632891,0.9304932735426009,0.8830416666666668,0.9118000820132772,0.9236111111111112
s0650,subclavian_artery_left,0.911,1,0.5563436878693732,0.589703081481767,0.516209476309227,0.5470654761904761,0.5501256225483238,0.5051546391752577
s0650,subclavian_artery_right,0.9272,1,0.46684780927574493,0.45081073091206847,0.43478260869565216,0.4730000000000001,0.4330545686711137,0.4409448818897638
s0650,superior_vena_cava,0.9002,1,0.6508878570596326,0.7220127901440951,0.7272727272727273,0.6828184523809523,0.7433949906972891,0.7083333333333334
s0650,thyroid_gland,0.9049,1,0.6075010276438857,0.6643900559400162,0.516209476309227,0.5904404761904761,0.6169831782005123,0.5051546391752577
s0650,trachea,0.9514,1,0.8779864961747357,0.914965135940515,0.9304932735426009,0.7914583333333334,0.852448662377617,0.8258064516129032
s0650,urinary_bladder,0.958,1,0.7320087572764328,0.8118665381230613,0.7961165048543689,0.7439781746031744,0.810347539530574,0.8199052132701422
s0650,vertebrae_C6,0.9421,1,0.22331110718212852,0.1516607640593272,0.1875,0.28975000000000006,0.1925252326337291,0.2605633802816901
s0650,vertebrae_C7,0.9485,1,0.8329316207405713,0.8903027010915717,0.8942731277533039,0.8207916666666664,0.8743858862479349,0.8258064516129032
s0650,vertebrae_L1,0.9854,1,0.9455564055068119,0.9426070903549272,0.9595959595959596,0.9502083333333334,0.9406188115327329,0.9555555555555556
s0650,vertebrae_L2,0.9876,1,0.9198882947823321,0.9332723781845847,0.95,0.9008333333333333,0.9204776568602298,0.9236111111111112
s0650,vertebrae_L3,0.9865,1,0.9417589170483069,0.9413076803745208,0.9595959595959596,0.9289999999999999,0.9326302426628753,0.9523809523809523
s0650,vertebrae_L4,0.9857,1,0.9033676525028806,0.9265374900251602,0.9304932735426009,0.9137916666666664,0.926299355923577,0.9298245614035088
s0650,vertebrae_L5,0.9842,1,0.9339602174481765,0.9385522297659515,0.9595959595959596,0.955375,0.9424260410900048,0.9555555555555556
s0650,vertebrae_S1,0.9227,1,0.6376134671291807,0.7050341115871329,0.5666666666666667,0.6433214285714286,0.6926938887117924,0.6407766990291263
s0650,vertebrae_T1,0.9736,1,0.8477878034848139,0.8990595126107869,0.8942731277533039,0.8462976190476188,0.891132359962069,0.8897338403041825
s0650,vertebrae_T10,0.9842,1,0.9502888052542717,0.944188597708802,0.9595959595959596,0.9508333333333333,0.9408402220265372,0.9555555555555556
s0650,vertebrae_T11,0.9738,1,0.9261301385628384,0.9356644364839766,0.9595959595959596,0.9271250000000001,0.9318778750503924,0.9523809523809523
s0650,vertebrae_T12,0.9777,1,0.8999366995099457,0.9250624240858812,0.9304932735426009,0.8834285714285715,0.9119975731791551,0.9236111111111112
s0650,vertebrae_T2,0.9642,1,0.8064651363016797,0.8730488654927234,0.84,0.7844851190476194,0.8467885805919306,0.8199052132701422
s0650,vertebrae_T3,0.9582,1,0.8097386802360655,0.875302378562704,0.84,0.8024196428571427,0.8609951303844385,0.8258064516129032
s0650,vertebrae_T4,0.9812,1,0.762714308852965,0.839479872763747,0.84,0.6766160714285715,0.7358059390694133,0.7066666666666667
s0650,vertebrae_T5,0.9693,1,0.9327089906452382,0.9380990389711528,0.9595959595959596,0.9559166666666666,0.9426124899430869,0.9555555555555556
s0650,vertebrae_T6,0.9645,1,0.5763029021049308,0.6195545829129799,0.516209476309227,0.6128392857142857,0.6500080215716735,0.5625
s0650,vertebrae_T7,0.9638,1,0.5775046190125781,0.6213257939790546,0.516209476309227,0.6418214285714285,0.6906614651377639,0.6407766990291263
s0650,vertebrae_T8,0.974,1,0.6232956291746413,0.6860624322549731,0.516209476309227,0.6665297619047618,0.7231616028871222,0.7066666666666667
s0650,vertebrae_T9,0.9817,1,0.9333548724380138,0.9383333640059156,0.9595959595959596,0.9184702380952382,0.9283031402386386,0.9523809523809523
s0618,adrenal_gland_left,0.7644,0,0.20812705931563483,0.13779993778856994,0.125,0.2606875,0.16708168119857364,0.1891891891891892
s0618,adrenal_gland_right,0.9124,1,0.26038446212315197,0.18188901970128288,0.19444444444444445,0.27225,0.1776306656064434,0.1891891891891892
s0618,aorta,0.979,1,0.9751702075950884,0.9530834860716749,0.9801762114537445,0.9831666666666666,0.9532702663197499,0.9770491803278688
s0618,atrial_appendage_left,0.9232,1,0.17528526616420304,0.11495180478140136,0.125,0.27230952380952383,0.17768629838203254,0.1891891891891892
s0618,autochthon_left,0.9572,1,0.9171619436540146,0.9336974687252465,0.9584415584415584,0.9126190476190476,0.9285215899080517,0.9532374100719424
s0618,autochthon_right,0.9514,1,0.930112818747932,0.9385855247495025,0.9584415584415584,0.9367916666666667,0.938129209804103,0.9638157894736842
s0618,brachiocephalic_trunk,0.8757,0,0.37334318281535694,0.3121473873062508,0.38271604938271603,0.4515833333333332,0.40486841101324095,0.4626330532212947
s0618,brachiocephalic_vein_left,0.9254,1,0.4160484139449461,0.3727698978916419,0.40540540540540543,0.42554166666666676,0.365442546197534,0.44
s0618,brachiocephalic_vein_right,0.8327,0,0.2021388053404182,0.1333671979770608,0.125,0.23997916666666658,0.14944867107308105,0.1
s0618,clavicula_left,0.9762,1,0.9506092813792495,0.9456379786881397,0.9736842105263158,0.9429305555555555,0.9403698696097396,0.9638157894736842
s0618,clavicula_right,0.971,1,0.9434319495846887,0.9432597854418825,0.9736842105263158,0.9628710317460317,0.9471339413841736,0.9714285714285714
s0618,colon,0.9385,1,0.6889829611838763,0.7691708131245188,0.7549019607843137,0.6693154761904764,0.7325685911820959,0.6614173228346457
s0618,common_carotid_artery_left,0.9312,1,0.5920221987319934,0.6436367174206703,0.6541666666666667,0.6360416666666666,0.688867226421695,0.6532258064516129
s0618,common_carotid_artery_right,0.9181,1,0.3796363371520552,0.32074536974448714,0.38271604938271603,0.43244047619047626,0.37573649351145866,0.44
s0618,costal_cartilages,0.8323,0,0.27142558088578683,0.19249793122443132,0.24,0.17991666666666667,0.10686473788650352,0.1
s0618,duodenum,0.7796,0,0.2822480154500613,0.20334778838977288,0.24,0.315327380952381,0.22150783966573515,0.28
s0618,esophagus,0.9052,1,0.7649568103523499,0.8433704481761684,0.803921568627451,0.8284583333333331,0.883478431636713,0.8421052631578947
s0618,gallbladder,0.913,1,0.25684983928755367,0.17859029688877803,0.19444444444444445,0.2439375,0.1526962209093949,0.1
s0618,heart,0.9346,1,0.9301759495449339,0.9386085066237878,0.9584415584415584,0.9600000000000002,0.9462066905054596,0.9714285714285714
s0618,humerus_left,0.9604,1,0.8612520725466212,0.9081931772975874,0.8729016786570744,0.8505297619047616,0.8972457617062823,0.8421052631578947
s0618,humerus_right,0.9612,1,0.8883306959515684,0.9214933504458045,0.9411764705882353,0.8838988095238095,0.9153254061992593,0.9137931034482759
s0618,iliopsoas_left,0.8514,0,0.022636752036972876,0.047185601694248874,0.0,0.01833333333333333,0.040820907916242634,0.0
s0618,iliopsoas_right,0.873,0,0.03867224866553272,0.05195404768694865,0.0,0.043125,0.047503555914377375,0.0
s0618,inferior_vena_cava,0.9462,1,0.6422358593352416,0.7126639745284032,0.6541666666666667,0.7210833333333333,0.7923044277515882,0.7612903225806451
s0618,kidney_left,0.977,1,0.6896399037846328,0.7699067338576198,0.7549019607843137,0.7043988095238093,0.7741920514648171,0.7612903225806451
s0618,kidney_right,0.97,1,0.5228530338426232,0.5384931163031084,0.5228215767634854,0.5502916666666667,0.5612542308899527,0.5757575757575758
s0618,liver,0.9854,1,0.8887846747960861,0.9217005481319418,0.9411764705882353,0.8962500000000001,0.9212518916276943,0.9532374100719424
s0618,lung_lower_lobe_left,0.9668,1,0.9799049163646518,0.954402800349711,0.9801762114537445,0.9768750000000002,0.9514442119080295,0.9743589743589743
s0618,lung_lower_lobe_right,0.9935,1,0.9690450382341008,0.9513228252635042,0.9801762114537445,0.9466666666666668,0.941696098232966,0.9638157894736842
s0618,lung_middle_lobe_right,0.9776,1,0.8336845640214476,0.8926059762719296,0.8729016786570744,0.8727152777777776,0.9096130000164782,0.9137931034482759
s0618,lung_upper_lobe_left,0.9412,1,0.9731720678758566,0.9525158854140691,0.9801762114537445,0.9814583333333333,0.9527810102829439,0.9770491803278688
s0618,lung_upper_lobe_right,0.9533,1,0.7256334200680059,0.8077004874141993,0.7549019607843137,0.7080000000000003,0.7781940970248097,0.7612903225806451
s0618,pancreas,0.904,1,0.37733716830305014,0.3175896191311102,0.38271604938271603,0.3828630952380953,0.30473519329211785,0.3315508021390374
s0618,portal_vein_and_splenic_vein,0.8663,0,0.5501255024847265,0.5809182192040749,0.5228215767634854,0.5543958333333332,0.5677089387420063,0.5757575757575758
s0618,pulmonary_vein,0.8785,0,0.4110226117328705,0.36537790133458814,0.40540540540540543,0.4669761904761905,0.42880055204546647,0.4880952380952381
s0618,rib_left_1,0.9613,1,0.7522406693752132,0.8324653637285051,0.7619047619047619,0.8086071428571426,0.8697550787483723,0.795774647887324
s0618,rib_left_10,0.0,0,0.9432781650413549,0.9432077741656113,0.9736842105263158,0.9588333333333334,0.9458255284651828,0.9714285714285714
s0618,rib_left_11,0.0,0,0.8592670118258493,0.9071423646271762,0.8729016786570744,0.8583750000000001,0.9017815865592937,0.8421052631578947
s0618,rib_left_12,0.0,0,0.9035125514726866,0.9281563659309655,0.9584415584415584,0.9015416666666667,0.9236730457071117,0.9532374100719424
s0618,rib_left_2,0.9798,1,0.9287793078723589,0.938098196626311,0.9584415584415584,0.9751250000000001,0.9509243832625135,0.9714285714285714
s0618,rib_left_3,0.9655,1,0.9695530562858323,0.9514712065295097,0.9801762114537445,0.97375,0.9505122482202079,0.9714285714285714
s0618,rib_left_4,0.5339,0,0.7917111894375586,0.8644222964463334,0.819672131147541,0.8407916666666669,0.8913583276152591,0.8421052631578947
s0618,rib_left_5,0.3275,0,0.5181500868243412,0.5311027004974547,0.5228215767634854,0.5552916666666667,0.5691148612243484,0.5757575757575758
s0618,rib_left_6,0.2442,0,0.43526221452848995,0.40155540496590564,0.40540540540540543,0.335625,0.2447060261201868,0.3315508021390374
s0618,rib_left_7,0.0965,0,0.5465089180865446,0.5753467141522621,0.5228215767634854,0.5249107142857142,0.5209583026139839,0.5
s0618,rib_left_8,0.0,0,0.9129866696359739,0.93204601124542,0.9584415584415584,0.8867261904761905,0.9167168084233784,0.9230769230769231
s0618,rib_left_9,0.0,0,0.9385567451145275,0.9415889844157233,0.9736842105263158,0.9175,0.9305664606327069,0.9532374100719424
s0618,rib_right_1,0.9784,1,0.8507070657047302,0.90248651774651,0.8729016786570744,0.8933630952380951,0.9199015850489667,0.9532374100719424
s0618,rib_right_10,0.0002,0,0.47294312289489715,0.4598423063928377,0.45,0.4541309523809523,0.4088014430421135,0.4880952380952381
s0618,rib_right_11,0.0,0,0.81536877543912,0.8810015892857412,0.8729016786570744,0.832291666666667,0.8859793185919825,0.8421052631578947
s0618,rib_right_12,0.0,0,0.8837741463463089,0.9193857870472034,0.9411764705882353,0.8755416666666668,0.9110886383989395,0.9137931034482759
s0618,rib_right_2,0.9693,1,0.933524475511632,0.9398160298088322,0.9584415584415584,0.9555416666666667,0.9447363382809046,0.9714285714285714
s0618,rib_right_3,0.9607,1,0.9343188750261103,0.9400992210890987,0.9584415584415584,0.953875,0.944177017410232,0.9638157894736842
s0618,rib_right_4,0.7701,0,0.9799143640634739,0.9544053972762742,0.9801762114537445,0.9875,0.9544897688020898,0.9770491803278688
s0618,rib_right_5,0.4653,0,0.42874204877170263,0.391699756227684,0.40540540540540543,0.3616250000000001,0.2767345261997301,0.3315508021390374
s0618,rib_right_6,0.2832,0,0.4152641370879336,0.37161235224230244,0.40540540540540543,0.40341666666666676,0.3332858877976597,0.3315508021390374
s0618,rib_right_7,0.102,0,0.4350291738826166,0.4012017224253594,0.40540540540540543,0.40869444444444447,0.3408301982039165,0.3315508021390374
s0618,rib_right_8,0.0,0,0.96548999615514,0.9502723665562964,0.9801762114537445,0.9722916666666666,0.9500715511728675,0.9714285714285714
s0618,rib_right_9,0.0418,0,0.44766573952223515,0.42051935922528705,0.40540540540540543,0.39195833333333335,0.3172012012207697,0.3315508021390374
s0618,scapula_left,0.9648,1,0.9705183446496154,0.9517519647957767,0.9801762114537445,0.985125,0.9538251895882226,0.9770491803278688
s0618,scapula_right,0.9584,1,0.9783951788045345,0.9539859985613377,0.9801762114537445,0.9889583333333333,0.9548933196335415,0.9770491803278688
s0618,skull,0.9548,1,0.8059818571894785,0.8746437476845199,0.8729016786570744,0.7935416666666665,0.8584427127068283,0.795774647887324
s0618,small_bowel,0.8019,0,0.185350593134235,0.12158007504645321,0.125,0.1887738095238096,0.11239457155215996,0.1
s0618,spinal_cord,0.9467,1,0.9192278963306089,0.9345007637427867,0.9584415584415584,0.9290833333333332,0.9352043387878333,0.9638157894736842
s0618,spleen,0.9828,1,0.8251554218867243,0.8873312741493156,0.8729016786570744,0.8530198412698412,0.8987051722027366,0.8421052631578947
s0618,sternum,0.9429,1,0.7564230984430427,0.836117542552831,0.7619047619047619,0.7748392857142857,0.8432708840864652,0.795774647887324
s0618,stomach,0.9748,1,0.930287436256942,0.9386490721563883,0.9584415584415584,0.936125,0.9378811990423744,0.9638157894736842
s0618,subclavian_artery_left,0.9222,1,0.4678516591130027,0.4518651193034439,0.45,0.5765833333333333,0.6021547860678176,0.5757575757575758
s0618,subclavian_artery_right,0.9092,1,0.4591615215575227,0.4383087394793363,0.45,0.5663541666666666,0.586377896057004,0.5757575757575758
s0618,superior_vena_cava,0.9263,1,0.560434166660234,0.596681870673095,0.5228215767634854,0.6232916666666668,0.671121599605468,0.6532258064516129
s0618,thyroid_gland,0.8968,0,0.2875330623350313,0.20880931642336215,0.24156336451642796,0.3983541666666665,0.3261286225163084,0.3315508021390374
s0618,trachea,0.9609,1,0.8874939373168393,0.9211101359346524,0.9411764705882353,0.9029166666666667,0.9242908948412145,0.9532374100719424
s0618,vertebrae_C4,0.8977,0,0.2861068740054421,0.20732494437194235,0.24,0.29573214285714283,0.20064643365630516,0.25
s0618,vertebrae_C5,0.898,0,0.38524084982016094,0.32850650864892045,0.38271604938271603,0.4383749999999999,0.3846827298472578,0.44
s0618,vertebrae_C6,0.8977,0,0.6134386973304288,0.6740281410880639,0.6541666666666667,0.6892916666666667,0.7568504610561229,0.6614173228346457
s0618,vertebrae_C7,0.9409,1,0.8767072064999383,0.9160148535743567,0.9090909090909091,0.9256249999999998,0.9338506926477609,0.9614650384955138
s0618,vertebrae_L1,0.9816,1,0.8119433747983551,0.8787145025491662,0.8729016786570744,0.8294166666666665,0.884108082082028,0.8421052631578947
s0618,vertebrae_L2,0.9805,1,0.5308630331442645,0.5510397986675966,0.5228215767634854,0.5928333333333332,0.626775630590287,0.6153846153846154
s0618,vertebrae_T1,0.9668,1,0.9619451844863164,0.9492035651658087,0.9801762114537445,0.9810416666666667,0.9526609430205885,0.9770491803278688
s0618,vertebrae_T10,0.9831,1,0.8337008568229892,0.8926158411938834,0.8729016786570744,0.8659642857142857,0.9059987759496574,0.8421052631578947
s0618,vertebrae_T11,0.9843,1,0.8688879558014387,0.9121362806207508,0.8729016786570744,0.8589226190476189,0.9020914450189218,0.8421052631578947
s0618,vertebrae_T12,0.9769,1,0.8202860129604774,0.8842194770400594,0.8729016786570744,0.8294285714285714,0.8841158852035166,0.8421052631578947
s0618,vertebrae_T2,0.9089,1,0.9546352232237367,0.9469305259427322,0.9736842105263158,0.97675,0.9514072552249323,0.9743589743589743
s0618,vertebrae_T3,0.3973,0,0.841771659570114,0.8974054299791902,0.8729016786570744,0.8420833333333334,0.8921559482965216,0.8421052631578947
s0618,vertebrae_T4,0.1794,0,0.3944470196891829,0.34145948084460015,0.38271604938271603,0.40191666666666653,0.3311570031793361,0.3315508021390374
s0618,vertebrae_T5,0.4111,0,0.269567115941869,0.19067978098068064,0.24,0.21424999999999997,0.1297093670046452,0.1
s0618,vertebrae_T6,0.7337,0,0.5492064052276668,0.5795042054879259,0.5228215767634854,0.594547619047619,0.6293375142622855,0.6153846153846154
s0618,vertebrae_T7,0.8728,0,0.9221310204154265,0.9356142845733023,0.9584415584415584,0.9303869047619047,0.9357078547648552,0.9638157894736842
s0618,vertebrae_T8,0.9733,1,0.905343947001234,0.9289239334505144,0.9584415584415584,0.9227202380952381,0.9326934668984407,0.9532374100719424
s0618,vertebrae_T9,0.9809,1,0.9380754952378232,0.9414215729045272,0.9736842105263158,0.9429285714285713,0.9403691578421574,0.9638157894736842
s0614,autochthon_left,0.9405,1,0.786797400527766,0.8587678403548438,0.84,0.8108333333333334,0.867270368546667,0.8258064516129032
s0614,autochthon_right,0.9751,1,0.8944494806483145,0.9226466583610934,0.9304932735426009,0.9193392857142855,0.9286697651765257,0.9523809523809523
s0614,colon,0.9092,1,0.3180813455956129,0.24443991181095576,0.32075471698113206,0.40204166666666663,0.3273411130505491,0.3670886075949367
s0614,femur_left,0.9773,1,0.9308438414135237,0.9374176892770085,0.9595959595959596,0.9280624999999999,0.932255027414475,0.9523809523809523
s0614,femur_right,0.9789,1,0.8941789349320068,0.9225257226472846,0.9304932735426009,0.8929791666666665,0.9167474279611234,0.9236111111111112
s0614,gluteus_maximus_left,0.963,1,0.9046567189348232,0.9270847558729298,0.9304932735426009,0.9413749999999999,0.9374054445830767,0.9555555555555556
s0614,gluteus_maximus_right,0.9682,1,0.934908835829096,0.9388937481678934,0.9595959595959596,0.9359999999999999,0.9353714429831255,0.9555555555555556
s0614,gluteus_medius_left,0.9667,1,0.9478273396358736,0.9433711922595407,0.9595959595959596,0.9417916666666667,0.9375605994333756,0.9555555555555556
s0614,gluteus_medius_right,0.9714,1,0.9252958037833698,0.935349380060789,0.9595959595959596,0.9256279761904763,0.9312715916487451,0.9523809523809523
s0614,gluteus_minimus_left,0.9542,1,0.7313371205740465,0.8112236390620334,0.7961165048543689,0.7185059523809524,0.7842201859944039,0.7083333333333334
s0614,gluteus_minimus_right,0.9519,1,0.6451002932241717,0.7146843265162326,0.7272727272727273,0.6123452380952381,0.6492935824568915,0.5625
s0614,hip_left,0.9796,1,0.861729449936345,0.9067071120980786,0.9166666666666666,0.8951101190476187,0.9177749386813504,0.9236111111111112
s0614,hip_right,0.9787,1,0.8357701536242501,0.8920257746050181,0.8942731277533039,0.8711666666666666,0.9055409846420593,0.8897338403041825
s0614,iliac_artery_left,0.8268,0,0.5106724182922597,0.5192136227688736,0.516209476309227,0.47163095238095243,0.4309202350726339,0.4409448818897638
s0614,iliac_artery_right,0.7656,0,0.26811152691720086,0.1913535377963668,0.2714285714285714,0.22437500000000005,0.13598483755447216,0.12359550561797752
s0614,iliac_vena_left,0.9145,1,0.5155740708722871,0.5268667583275172,0.516209476309227,0.48931845238095234,0.4586646916395293,0.5051546391752577
s0614,iliac_vena_right,0.8907,0,0.46287800136490687,0.4446671495223597,0.43478260869565216,0.44224107142857144,0.3858412951169093,0.4409448818897638
s0614,iliopsoas_left,0.9647,1,0.9231003256548235,0.9345134629663404,0.9595959595959596,0.9189285714285714,0.9284967134170082,0.9523809523809523
s0614,iliopsoas_right,0.9671,1,0.8855437970775023,0.9185737123718357,0.9304932735426009,0.8767499999999999,0.9085319563779395,0.9236111111111112
s0614,inferior_vena_cava,0.8331,0,0.08085799059020114,0.06829276044448011,0.0,0.10395833333333333,0.06823529162114747,0.01818181818181818
s0614,prostate,0.8335,0,0.4052415006956863,0.35824835255166637,0.35365853658536583,0.4168452380952381,0.3483770895399962,0.4409448818897638
s0614,sacrum,0.9261,1,0.6651878422580819,0.7396149058774879,0.7272727272727273,0.6773958333333335,0.7367678964286417,0.7072600000000002
s0614,small_bowel,0.7764,0,0.3044240511804385,0.22899978608791707,0.2714285714285714,0.3107321428571428,0.21410211271166307,0.2605633802816901
s0614,spinal_cord,0.8863,0,0.5992331204413447,0.6527553712484667,0.516209476309227,0.5464880952380952,0.549217571252138,0.5051546391752577
s0614,urinary_bladder,0.9603,1,0.8349844928393327,0.8915512504787467,0.8942731277533039,0.8307589285714286,0.8811781518133668,0.8897338403041825
s0614,vertebrae_L4,0.9751,1,0.8320331023673497,0.8897522707967332,0.8942731277533039,0.8449404761904763,0.8902930034099605,0.8897338403041825
s0614,vertebrae_L5,0.9852,1,0.9169561700020452,0.9321204118604993,0.95,0.9165416666666666,0.9274833157931487,0.9523809523809523
s0614,vertebrae_S1,0.8797,0,0.8517226006055242,0.9012725859331977,0.8942731277533039,0.891232142857143,0.9158963472546331,0.9236111111111112
s0607,adrenal_gland_left,0.9323,1,0.3529948210501777,0.25654129197635794,0.3105263157894737,0.42534523809523817,0.336345752569844,0.35
s0607,adrenal_gland_right,0.9435,1,0.4669305584425863,0.4284477117661411,0.4411764705882353,0.45288095238095244,0.3799131745489956,0.4810126582278481
s0607,aorta,0.9405,1,0.7618966320735906,0.8481752919661035,0.7928994082840237,0.8428333333333334,0.899946094088349,0.8928571428571429
s0607,autochthon_left,0.9718,1,0.8734632948359335,0.9227324329128038,0.9109461966604824,0.8428333333333332,0.8999460940883489,0.8928571428571429
s0607,autochthon_right,0.9693,1,0.8794343458052662,0.9255819671725278,0.9109461966604824,0.8170000000000001,0.8827412710559825,0.8705035971223022
s0607,colon,0.9431,1,0.7106863446606247,0.7976463365416491,0.703125,0.7123690476190478,0.7854650964109916,0.7126436781609196
s0607,costal_cartilages,0.9098,1,0.46891319587907654,0.43175689159625574,0.4411764705882353,0.4753750000000001,0.4170376707942797,0.4810126582278481
s0607,duodenum,0.9168,1,0.45435376995915305,0.40761638919192633,0.4084507042253521,0.4977857142857143,0.45498487401314786,0.4810126582278481
s0607,esophagus,0.934,1,0.662504555311413,0.7395359950110437,0.6666666666666666,0.7617499999999998,0.8372638794506166,0.8255813953488372
s0607,femur_left,0.9794,1,0.9574800526857029,0.9548761375860018,0.9842105263157894,0.9612202380952379,0.9531241211804415,0.9732739420935412
s0607,femur_right,0.9814,1,0.9258769710183836,0.9446413161956758,0.9655172413793104,0.9179999999999999,0.9378756813222984,0.9323671497584541
s0607,gallbladder,0.8467,0,0.44620976895889464,0.3942973586890021,0.4084507042253521,0.38619642857142855,0.2790187965215819,0.25581395348837205
s0607,gluteus_maximus_left,0.9621,1,0.8432282653569417,0.9067161105230727,0.9109461966604824,0.8617886904761906,0.9111061968116478,0.8928571428571429
s0607,gluteus_maximus_right,0.9663,1,0.9294632385394351,0.9459045794907885,0.9655172413793104,0.90375,0.9319036470331499,0.9323671497584541
s0607,gluteus_medius_left,0.966,1,0.9782530471072255,0.9605935731169377,0.9916317991631799,0.9883333333333334,0.9607979533193917,0.9922480620155039
s0607,gluteus_medius_right,0.955,1,0.9734364812386274,0.9593331231565583,0.9901960784313726,0.971875,0.956296797859627,0.9732739420935412
s0607,gluteus_minimus_left,0.9422,1,0.9239217113245877,0.943940926885905,0.9655172413793104,0.9552142857142859,0.9512403865606218,0.9732739420935412
s0607,gluteus_minimus_right,0.9455,1,0.8977889281357712,0.9337459912060555,0.9109461966604824,0.9187916666666665,0.9381927069618181,0.9323671497584541
s0607,heart,0.9284,1,0.8463903334501326,0.9085214380044363,0.9109461966604824,0.8172499999999999,0.882919432802289,0.8705035971223022
s0607,hip_left,0.9811,1,0.9743776031420687,0.9595824036386111,0.9901960784313726,0.9798333333333332,0.958531772701883,0.9922480620155039
s0607,hip_right,0.9829,1,0.9832918668210295,0.9618720532834328,0.9916317991631799,0.9817499999999998,0.9590534750822761,0.9922480620155039
s0607,iliac_artery_left,0.8706,0,0.393379271081507,0.3123772217894762,0.3105263157894737,0.5068809523809524,0.4705619522495921,0.4810126582278481
s0607,iliac_artery_right,0.937,1,0.5498184071514258,0.568621945928063,0.5596330275229359,0.572904761904762,0.5834559358385458,0.5966850828729282
s0607,iliac_vena_left,0.9398,1,0.5294500967558273,0.5343295397040501,0.5416666666666666,0.5589642857142858,0.5599440520271775,0.5294117647058824
s0607,iliac_vena_right,0.9417,1,0.5291028998012882,0.5337412259922553,0.5416666666666666,0.61125,0.6459200079561357,0.5966850828729282
s0607,iliopsoas_left,0.9648,1,0.978494905329971,0.9606558674188124,0.9916317991631799,0.9668750000000002,0.9548343008861955,0.9732739420935412
s0607,iliopsoas_right,0.9635,1,0.9853408753265609,0.9623804677323561,0.9916317991631799,0.9677916666666667,0.9551058717721134,0.9732739420935412
s0607,inferior_vena_cava,0.9459,1,0.7186424463244714,0.806249933870298,0.7272727272727273,0.75725,0.8329954245111236,0.8255813953488372
s0607,kidney_left,0.987,1,0.9097623217122623,0.9386150265474661,0.9565217391304348,0.9039196428571428,0.9319777769254386,0.9323671497584541
s0607,kidney_right,0.9866,1,0.9638956843055236,0.9567215330926083,0.9842105263157894,0.9521785714285713,0.9502611318854041,0.9732739420935412
s0607,liver,0.9901,1,0.9269691984787207,0.9450289664669356,0.9655172413793104,0.9393690476190477,0.9459203319315111,0.94
s0607,lung_lower_lobe_left,0.9814,1,0.9862887736403059,0.9626134572383139,0.9916317991631799,0.9933333333333333,0.9620750130609019,0.9922480620155039
s0607,lung_lower_lobe_right,0.9935,1,0.9815770717404662,0.9614415002064262,0.9916317991631799,0.978875,0.9582685423813204,0.9922480620155039
s0607,lung_middle_lobe_right,0.99,1,0.9265923721028674,0.9448955140518189,0.9655172413793104,0.8930416666666666,0.9270701793374962,0.92
s0607,lung_upper_lobe_left,0.9665,1,0.9307770641016739,0.9463605363327006,0.9664429530201343,0.938875,0.9457459510869487,0.94
s0607,lung_upper_lobe_right,0.592,0,0.2824931488732279,0.17594017438642265,0.2,0.2551646825396826,0.13563055728934834,0.16901408450704225
s0607,pancreas,0.9453,1,0.4928805405252792,0.4721580969044293,0.52,0.5254583333333332,0.5025246521549482,0.4810126582278481
s0607,portal_vein_and_splenic_vein,0.8855,0,0.5896053341120691,0.6334757055427155,0.5596330275229359,0.5459583333333334,0.5377608722957944,0.5294117647058824
s0607,prostate,0.8045,0,0.278357165785857,0.17189405669519844,0.19402985074626866,0.3239970238095238,0.20135432339496537,0.25581395348837205
s0607,pulmonary_vein,0.8429,0,0.28767189927204906,0.181111536375493,0.2,0.23145833333333332,0.1175966852150789,0.16901408450704225
s0607,rib_left_10,0.9709,1,0.9166932382035508,0.9412786511501233,0.9565217391304348,0.9212559523809523,0.9391698894847323,0.9323671497584541
s0607,rib_left_11,0.9639,1,0.7526887377620325,0.8399236741140956,0.7928994082840237,0.8241309523809522,0.8877316348867579,0.8705035971223022
s0607,rib_left_12,0.8638,0,0.9069149663126703,0.9374883563386889,0.9565217391304348,0.9127916666666667,0.9357518583896258,0.9323671497584541
s0607,rib_left_6,0.913,1,0.6089763134663035,0.6635293095875912,0.5596330275229359,0.6043809523809525,0.6350235184711325,0.5966850828729282
s0607,rib_left_7,0.9678,1,0.8408302342973043,0.905325750949618,0.9109461966604824,0.8698333333333333,0.9154938926500865,0.92
s0607,rib_left_8,0.965,1,0.900272737289936,0.9347846780046898,0.9109461966604824,0.9390059523809521,0.9457922240750795,0.94
s0607,rib_left_9,0.9794,1,0.975223992384798,0.9598053410799815,0.9901960784313726,0.9635416666666667,0.9538335212172439,0.9732739420935412
s0607,rib_right_10,0.9638,1,0.9220815851465897,0.9432741733300464,0.9655172413793104,0.9370416666666668,0.9450942080197842,0.94
s0607,rib_right_11,0.9611,1,0.7965747490928438,0.876153518908939,0.8819444444444444,0.8524166666666665,0.9057360665583628,0.8928571428571429
s0607,rib_right_12,0.9646,1,0.9494503806639077,0.9524607410129453,0.9664429530201343,0.922,0.9394620813394757,0.9323671497584541
s0607,rib_right_6,0.8888,0,0.6922776791517397,0.7766580217032574,0.6891891891891891,0.7156785714285714,0.7892822201462394,0.7126436781609196
s0607,rib_right_7,0.9572,1,0.8471309089787795,0.9089396912384339,0.9109461966604824,0.9133154761904763,0.9359684760869994,0.9323671497584541
s0607,rib_right_8,0.9672,1,0.9536099722019066,0.9537269378851674,0.9664429530201343,0.964333333333333,0.9540731004106242,0.9732739420935412
s0607,rib_right_9,0.9656,1,0.9689110755239505,0.9581137567676102,0.9901960784313726,0.9777916666666667,0.9579690533108601,0.9922480620155039
s0607,sacrum,0.9297,1,0.8189618682378152,0.8917692497903479,0.8819444444444444,0.8585416666666665,0.9092776659836738,0.8928571428571429
s0607,small_bowel,0.94,1,0.49722273424891433,0.4795326659748625,0.52,0.5732083333333333,0.5839641375198734,0.5966850828729282
s0607,spinal_cord,0.9425,1,0.8403819528901357,0.905063790970713,0.9109461966604824,0.8726726190476193,0.9169949787443007,0.92
s0607,spleen,0.9901,1,0.9674724089057178,0.9577188370976372,0.9842105263157894,0.9581666666666665,0.9521751943703021,0.9732739420935412
s0607,sternum,0.6669,0,0.4566393237732509,0.41137971971074316,0.4084507042253521,0.4201329365079365,0.3283777707510557,0.32165898617508626
s0607,stomach,0.9759,1,0.8831814877136667,0.9273205261316467,0.9109461966604824,0.8617202380952382,0.9110679939944148,0.8928571428571429
s0607,urinary_bladder,0.9446,1,0.6254525545227166,0.6881008758721328,0.6666666666666666,0.7276607142857143,0.8026839298654271,0.7777777777777778
s0607,vertebrae_L1,0.9866,1,0.9787687833155375,0.9607262948768724,0.9916317991631799,0.99125,0.9615478345840255,0.9922480620155039
s0607,vertebrae_L2,0.9847,1,0.9900038717565083,0.9635133105476493,0.9916317991631799,0.99125,0.9615478345840255,0.9922480620155039
s0607,vertebrae_L3,0.9876,1,0.9501822384401131,0.9526858833978864,0.9664429530201343,0.9483333333333333,0.9489939762046389,0.9732739420935412
s0607,vertebrae_L4,0.9854,1,0.983061916762367,0.9618145862863933,0.9916317991631799,0.99075,0.9614202687279193,0.9922480620155039
s0607,vertebrae_L5,0.9857,1,0.9835448484484814,0.9619351801647099,0.9916317991631799,0.9797500000000001,0.9585089463128886,0.9922480620155039
s0607,vertebrae_S1,0.9241,1,0.9240186497116848,0.9439758464969048,0.9655172413793104,0.948416666666667,0.949021758867947,0.9732739420935412
s0607,vertebrae_T10,0.9875,1,0.9749789066626203,0.9597409073973613,0.9901960784313726,0.986875,0.960417771456527,0.9922480620155039
s0607,vertebrae_T11,0.9872,1,0.9786243650846939,0.9606891729513455,0.9916317991631799,0.9862083333333332,0.9602427989097703,0.9922480620155039
s0607,vertebrae_T12,0.9852,1,0.9904145435454995,0.9636114931066002,0.9916317991631799,0.9948333333333333,0.9624502754613914,0.9922480620155039
s0607,vertebrae_T7,0.959,1,0.27353186271724794,0.1672672017266131,0.19402985074626866,0.3920555555555555,0.2872110673532249,0.25581395348837205
s0607,vertebrae_T8,0.98,1,0.9666701943441772,0.9574970829260291,0.9842105263157894,0.97075,0.955971727717845,0.9732739420935412
s0607,vertebrae_T9,0.9863,1,0.9702538502835147,0.9584791692880056,0.9901960784313726,0.9827083333333334,0.9593119644926495,0.9922480620155039
s0572,autochthon_left,0.9142,1,0.8385560118299273,0.9039900607970336,0.9109461966604824,0.8913214285714285,0.9262648248737275,0.92
s0572,autochthon_right,0.9384,1,0.8546981007721284,0.9131156734612204,0.9109461966604824,0.8883809523809525,0.9248692238346353,0.92
s0572,brachiocephalic_vein_left,0.0,0,0.04842694976181205,0.0415685470322492,0.0,0.04083333333333334,0.03460021175376559,0.0
s0572,brachiocephalic_vein_right,0.3763,0,0.12483017532626023,0.0680084004317217,0.05,0.09564880952380954,0.049687564805729334,0.0
s0572,brain,0.7355,0,0.41000566582501285,0.3371964846961139,0.3105263157894737,0.47003571428571433,0.4081229255888158,0.4810126582278481
s0572,clavicula_left,0.9421,1,0.7655774479955236,0.8513748223564742,0.8,0.7748333333333332,0.8491750893770383,0.8255813953488372
s0572,clavicula_right,0.9012,1,0.9002648083866889,0.9347813864984414,0.9109461966604824,0.9109166666666667,0.9349708600445259,0.9323671497584541
s0572,common_carotid_artery_left,0.8955,0,0.404419262069652,0.3287480366533376,0.3105263157894737,0.4787797619047619,0.42275128210715873,0.4810126582278481
s0572,common_carotid_artery_right,0.9036,1,0.41955384835797793,0.35187782339521767,0.3105263157894737,0.5172857142857143,0.4884505938134007,0.4810126582278481
s0572,esophagus,0.9162,1,0.4604062636964857,0.41760474928290797,0.4411764705882353,0.4561190476190478,0.3851825067999756,0.4810126582278481
s0572,lung_lower_lobe_left,0.0,0,0.12344743757042409,0.0674140283171802,0.05,0.104375,0.05260435945447475,0.0
s0572,lung_upper_lobe_left,0.9779,1,0.8791506477278088,0.9254487940228447,0.9109461966604824,0.9200416666666666,0.9386901982560524,0.9323671497584541
s0572,lung_upper_lobe_right,0.9775,1,0.800903143711878,0.8793163892055832,0.8819444444444444,0.8467499999999998,0.9023496899860016,0.8928571428571429
s0572,rib_left_1,0.9482,1,0.8361418252488252,0.9025537617610474,0.9109461966604824,0.8458244047619047,0.901786355958692,0.8928571428571429
s0572,rib_left_2,0.9258,1,0.9502929492415185,0.9527198531514423,0.9664429530201343,0.9483333333333333,0.9489939762046389,0.9732739420935412
s0572,rib_left_3,0.9233,1,0.8612267019884138,0.9165784433232037,0.9109461966604824,0.8763690476190475,0.9189128744249143,0.92
s0572,rib_right_1,0.8482,0,0.8833517570564722,0.9273986300968952,0.9109461966604824,0.8661101190476191,0.9134881597700527,0.92
s0572,rib_right_2,0.9564,1,0.9006581734067606,0.9349444969362829,0.9109461966604824,0.9107291666666667,0.9348922761528572,0.9323671497584541
s0572,rib_right_3,0.8333,0,0.6135407093601072,0.6704327287866177,0.5596330275229359,0.6842738095238093,0.7510544418465726,0.6785714285714286
s0572,scapula_left,0.8884,0,0.964212141481901,0.9568106694996322,0.9842105263157894,0.9628749999999998,0.9536308483299034,0.9732739420935412
s0572,scapula_right,0.9317,1,0.9627028348285009,0.9563839622431392,0.9842105263157894,0.976,0.9574692300341746,0.9922480620155039
s0572,skull,0.9465,1,0.8797682747887867,0.9257384393302062,0.9109461966604824,0.8777738095238097,0.9196310829584452,0.92
s0572,spinal_cord,0.9187,1,0.8428829247327717,0.9065170197390072,0.9109461966604824,0.8587916666666665,0.90941964584568,0.8928571428571429
s0572,subclavian_artery_left,0.8959,0,0.30297195003649174,0.19707920840856785,0.2222222222222222,0.4259404761904762,0.3372617444875019,0.35
s0572,subclavian_artery_right,0.7365,0,0.32781576638014975,0.22522402324874616,0.3105263157894737,0.4399761904761905,0.3592034686607974,0.47619047619047616
s0572,thyroid_gland,0.862,0,0.3653210524971944,0.2728741042003904,0.3105263157894737,0.33235714285714285,0.2107758834156719,0.25581395348837205
s0572,trachea,0.9629,1,0.8085607591207638,0.8847413248881175,0.8819444444444444,0.8147261904761907,0.8811100318458773,0.8705035971223022
s0572,vertebrae_C1,0.8379,0,0.8713670708408034,0.9217085696612881,0.9109461966604824,0.8331249999999999,0.8937604237654468,0.8705035971223022
s0572,vertebrae_C2,0.9538,1,0.9405858660202463,0.9496517180595668,0.9664429530201343,0.9494583333333333,0.9493678359610523,0.9732739420935412
s0572,vertebrae_C3,0.9367,1,0.6698029709860301,0.7489944006631913,0.6891891891891891,0.6655654761904762,0.7261854754357958,0.6328125
s0572,vertebrae_C4,0.94,1,0.7212027182150555,0.8089587794267412,0.7272727272727273,0.7744166666666669,0.8488070651111681,0.8255813953488372
s0572,vertebrae_C5,0.9404,1,0.88076918728782,0.9262056347649039,0.9109461966604824,0.9064583333333333,0.9330782220358699,0.9323671497584541
s0572,vertebrae_C6,0.9309,1,0.9514748276469378,0.9530810510234772,0.9664429530201343,0.9643750000000001,0.9540856770056063,0.9732739420935412
s0572,vertebrae_C7,0.9081,1,0.9818005341680432,0.9614978708158323,0.9916317991631799,0.9933333333333333,0.9620750130609019,0.9922480620155039
s0572,vertebrae_T1,0.5444,0,0.9869971085832477,0.9627866569728978,0.9916317991631799,0.9891666666666667,0.9610136249893814,0.9922480620155039
s0572,vertebrae_T2,0.1516,0,0.9956308193668528,0.9648366692368565,0.9916317991631799,0.99625,0.9628014117065103,0.9922480620155039
s0572,vertebrae_T3,0.1143,0,0.8411048376703882,0.9054858997141646,0.9109461966604824,0.8404285714285713,0.8984443981305382,0.8928571428571429
s0572,vertebrae_T4,0.01,0,0.3055367548818076,0.19985745378992598,0.2222222222222222,0.31345535714285716,0.1899281487953768,0.25581395348837205
s0546,adrenal_gland_left,0.8961,0,0.34920913431277534,0.26087060126268524,0.2923076923076923,0.38242857142857145,0.2874310915915487,0.367816091954023
s0546,adrenal_gland_right,0.8938,0,0.4302031287982944,0.37607997782286817,0.4909090909090909,0.4594702380952381,0.4011790684001582,0.45588235294117646
s0546,aorta,0.976,1,0.9931438804110868,0.9613514168038629,1.0,0.9904999999999999,0.9567444084932333,0.9795918367346939
s0546,atrial_appendage_left,0.9066,1,0.4059759442607199,0.3393214493102807,0.37209302325581395,0.46091071428571434,0.40346002869094616,0.45588235294117646
s0546,autochthon_left,0.9682,1,0.9941095195728404,0.961587811974024,1.0,0.9933333333333334,0.9575100233220397,0.9859154929577465
s0546,autochthon_right,0.9653,1,0.9962542821550919,0.9621079087438624,1.0,0.9970833333333334,0.958503442292704,0.9859154929577559
s0546,brachiocephalic_trunk,0.9438,1,0.42366133629331515,0.3659919927188692,0.4909090909090909,0.44550297619047635,0.3792971201442971,0.45588235294117646
s0546,brachiocephalic_vein_left,0.9126,1,0.643193569074734,0.7112109512368248,0.6666666666666666,0.6800833333333332,0.7412044201003906,0.6666666666666666
s0546,brachiocephalic_vein_right,0.8205,0,0.5576761325637062,0.5832556041359275,0.5371428571428571,0.4977738095238097,0.4629888024787289,0.4968944099378882
s0546,clavicula_left,0.9854,1,0.8743603529170787,0.9190031497358001,0.946524064171123,0.8967083333333333,0.9226399136428465,0.9328859060402684
s0546,clavicula_right,0.9096,1,0.5470667273815861,0.5661211857033859,0.5371428571428571,0.5532321428571428,0.5540111821976081,0.5473684210526316
s0546,colon,0.8593,0,0.6870076668550921,0.7668853425563569,0.7333333333333333,0.6782916666666664,0.7389347795369225,0.6666666666666666
s0546,common_carotid_artery_left,0.9574,1,0.366109168055618,0.28297159344153555,0.3384615384615385,0.40820833333333334,0.32341379674477544,0.3956525965347153
s0546,common_carotid_artery_right,0.9019,1,0.4583685333674291,0.42065223610068037,0.4909090909090909,0.4476458333333334,0.38262495692837767,0.45588235294117646
s0546,costal_cartilages,0.8732,0,0.3349329251563723,0.24309431017109354,0.2923076923076923,0.3180416666666666,0.20884568167720755,0.20388349514563106
s0546,duodenum,0.8265,0,0.6643077205654484,0.7390043518922063,0.6666666666666666,0.7027083333333333,0.7687433948268432,0.7422680412371134
s0546,esophagus,0.952,1,0.5998025222539412,0.6489743597132211,0.5681818181818181,0.617735119047619,0.6551284529531134,0.6222222222222222
s0546,femur_left,0.9843,1,0.9558032981055036,0.9510642867126934,0.9712230215827338,0.9776250000000002,0.9530965358212901,0.9664351851851852
s0546,femur_right,0.9876,1,0.9401726480882505,0.946026787951895,0.9680851063829787,0.9745000000000001,0.9521679604013555,0.9664351851851852
s0546,gallbladder,0.9266,1,0.38153634733707453,0.3041057162437575,0.3384615384615385,0.4625833333333334,0.4061138221602685,0.45588235294117646
s0546,gluteus_maximus_left,0.9718,1,0.9787015689328329,0.9576450367712699,0.9727520435967303,0.9820416666666668,0.9543797310085056,0.9664351851851852
s0546,gluteus_maximus_right,0.9688,1,0.9706613690331701,0.9554367895151435,0.9727520435967303,0.9769166666666669,0.9528875725722804,0.9664351851851852
s0546,gluteus_medius_left,0.9575,1,0.9808812394454501,0.9582254335335486,0.9727520435967303,0.9921428571428572,0.9571899266612537,0.9859154929577465
s0546,gluteus_medius_right,0.9634,1,0.9797060251685038,0.9579134520051639,0.9727520435967303,0.9897916666666667,0.9565509562835429,0.9795918367346939
s0546,gluteus_minimus_left,0.9377,1,0.9535714794576192,0.9503732968420441,0.9712230215827338,0.9685416666666665,0.9503488995609095,0.9664351851851852
s0546,gluteus_minimus_right,0.944,1,0.955971322308378,0.9511159374183472,0.9712230215827338,0.9619583333333334,0.9482628539661534,0.9664351851851852
s0546,heart,0.9505,1,0.9721021492395222,0.9558404162175189,0.9727520435967303,0.9690000000000002,0.9504911244196436,0.9664351851851852
s0546,hip_left,0.9831,1,0.9465176551155117,0.9481280996470149,0.9692307692307692,0.9620059523809523,0.9482782363351745,0.9664351851851852
s0546,hip_right,0.9811,1,0.9369148254891358,0.9449169267153126,0.9680851063829787,0.9813392857142857,0.9541779236197963,0.9664351851851852
s0546,humerus_left,0.9621,1,0.760151149850093,0.8421292591936598,0.7843137254901961,0.7463571428571427,0.8158782134148114,0.7614678899082569
s0546,humerus_right,0.9651,1,0.8487714271883392,0.9054909253225166,0.9104477611940298,0.8043511904761905,0.8665245711402325,0.8387096774193549
s0546,iliac_artery_left,0.9096,1,0.7119405062608233,0.7950386300359473,0.7402597402597403,0.7999940476190477,0.863170920922671,0.8125
s0546,iliac_artery_right,0.9298,1,0.7937204060696685,0.8694370873185211,0.8615384615384616,0.8085000000000003,0.8696529836296927,0.8387096774193549
s0546,iliac_vena_left,0.924,1,0.8858667327977156,0.9244857499329714,0.946524064171123,0.9110595238095239,0.9291216244602538,0.9594594594594594
s0546,iliac_vena_right,0.8947,0,0.8545521564495221,0.9087097604483128,0.9104477611940298,0.8734583333333332,0.9109800883670456,0.9134615384615384
s0546,iliopsoas_left,0.9531,1,0.9927293025036608,0.9612494973664509,1.0,0.9887499999999999,0.9562649668426865,0.9733333333333334
s0546,iliopsoas_right,0.9496,1,0.9854524378867151,0.9594180286776411,0.9727520435967303,0.9934999999999999,0.9575546539367366,0.9859154929577465
s0546,inferior_vena_cava,0.9431,1,0.7940708750860019,0.8696997643616621,0.8615384615384616,0.8055833333333335,0.8674602430561658,0.8387096774193549
s0546,kidney_left,0.9856,1,0.9935141515965511,0.961442226367664,1.0,0.9954166666666667,0.9580646959782371,0.9859154929577465
s0546,kidney_right,0.9861,1,0.98691920981944,0.95979374209271,0.9727520435967303,0.989375,0.9564367753564262,0.9795918367346939
s0546,liver,0.9906,1,0.9699036234876728,0.9552231022749105,0.9727520435967303,0.960625,0.9478303877218984,0.9664351851851852
s0546,lung_lower_lobe_left,0.9938,1,0.9852875082245828,0.9593755722573355,0.9727520435967303,0.9865,0.9556410875709628,0.9733333333333334
s0546,lung_lower_lobe_right,0.9906,1,0.9927234060998409,0.9612480459414162,1.0,0.9925,0.9572861967772761,0.9859154929577465
s0546,lung_middle_lobe_right,0.9777,1,0.9378960012367129,0.9452534322109336,0.9680851063829787,0.9358333333333333,0.9391415779759648,0.9664351851851852
s0546,lung_upper_lobe_left,0.9946,1,0.9888514005243313,0.9602835881293508,0.9727520435967303,0.9791666666666667,0.9535482958339537,0.9664351851851852
s0546,lung_upper_lobe_right,0.9903,1,0.9885905068238197,0.96021778237241,0.9727520435967303,0.9706666666666667,0.9510050567010536,0.9664351851851852
s0546,pancreas,0.9572,1,0.6898552717240035,0.7702325102866711,0.7333333333333333,0.7283333333333334,0.7973763334823154,0.7428571428571429
s0546,portal_vein_and_splenic_vein,0.8915,0,0.49111222561870527,0.4740936837793555,0.5,0.4891041666666667,0.4488278327946205,0.4968944099378882
s0546,prostate,0.868,0,0.3475999399946956,0.2588254135149099,0.2923076923076923,0.28314285714285714,0.1734007131010692,0.1875
s0546,pulmonary_vein,0.9393,1,0.4825866678862163,0.4600709275526807,0.5,0.5477083333333334,0.5450066807464371,0.5473684210526316
s0546,rib_left_1,0.9122,1,0.8898630995108376,0.9263088653868025,0.946524064171123,0.8939166666666665,0.9213175213438375,0.9328859060402684
s0546,rib_left_10,0.9711,1,0.9510040751895399,0.9495669707012913,0.9712230215827338,0.9542499999999999,0.9457150563644088,0.9664351851851852
s0546,rib_left_11,0.9782,1,0.9197726713312616,0.9387148959967864,0.9562841530054644,0.9442499999999998,0.9422333799979361,0.9664351851851852
s0546,rib_left_12,0.9524,1,0.86664958975976,0.9151283855637635,0.9298245614035088,0.9123214285714285,0.9296669261471098,0.9594594594594594
s0546,rib_left_2,0.9445,1,0.9808344975874419,0.9582130674206673,0.9727520435967303,0.9698988095238095,0.9507689123849163,0.9664351851851852
s0546,rib_left_3,0.9707,1,0.9902256551354344,0.9606285001135868,1.0,0.9864583333333334,0.9556294545872575,0.9733333333333334
s0546,rib_left_4,0.9606,1,0.9944146033854402,0.961662209615935,1.0,0.9916666666666667,0.957061244044468,0.9795918367346939
s0546,rib_left_5,0.9432,1,0.9749421321129096,0.9566258327199094,0.9727520435967303,0.9741666666666667,0.952067887920324,0.9664351851851852
s0546,rib_left_6,0.9618,1,0.9583021943234425,0.9518271337369207,0.9712230215827338,0.9836666666666667,0.9548433850867183,0.9664351851851852
s0546,rib_left_7,0.9761,1,0.9662684068061594,0.9541843080319128,0.9727520435967303,0.9717083333333334,0.9513236906160879,0.9664351851851852
s0546,rib_left_8,0.9628,1,0.9702755801565953,0.9553281172892696,0.9727520435967303,0.9796250000000001,0.9536818027347139,0.9664351851851852
s0546,rib_left_9,0.9675,1,0.9846355426389134,0.959207325610891,0.9727520435967303,0.9785833333333335,0.9533778484738448,0.9664351851851852
s0546,rib_right_1,0.9067,1,0.8880193545854128,0.9254728499936827,0.946524064171123,0.8983988095238096,0.9234307517940464,0.9328859060402684
s0546,rib_right_10,0.9753,1,0.9444511078274554,0.9474523438309627,0.9692307692307692,0.941125,0.9411030302839655,0.9664351851851852
s0546,rib_right_11,0.9779,1,0.8946569129324571,0.9284422866600357,0.946524064171123,0.9345833333333333,0.9386694014307251,0.9664351851851852
s0546,rib_right_12,0.9574,1,0.9018139790697967,0.9315215075813915,0.9562841530054644,0.9291964285714285,0.9365951249930456,0.9664351851851852
s0546,rib_right_2,0.9482,1,0.8345606950113149,0.8971427974920804,0.8807339449541285,0.8622083333333335,0.9047864676817868,0.890625
s0546,rib_right_3,0.9523,1,0.9825611853465692,0.9586675665769109,0.9727520435967303,0.9861369047619049,0.9555396165990433,0.9733333333333334
s0546,rib_right_4,0.9706,1,0.9826962644739136,0.9587029219620673,0.9727520435967303,0.9975,0.9586124408043925,1.0
s0546,rib_right_5,0.9622,1,0.9659952418583093,0.954105328655209,0.9727520435967303,0.980125,0.9538270302311512,0.9664351851851852
s0546,rib_right_6,0.9539,1,0.978837667196725,0.9576815011510594,0.9727520435967303,0.9781666666666666,0.953255736341504,0.9664351851851852
s0546,rib_right_7,0.97,1,0.9661915260760565,0.9541620928254816,0.9727520435967303,0.9647500000000001,0.9491573753672108,0.9664351851851852
s0546,rib_right_8,0.9681,1,0.9673777894807799,0.9545037326840292,0.9727520435967303,0.96125,0.9480335299731327,0.9664351851851852
s0546,rib_right_9,0.9553,1,0.9817870040236568,0.9584643743202268,0.9727520435967303,0.9852500000000001,0.9552908299767215,0.9733333333333334
s0546,sacrum,0.943,1,0.8909379242028217,0.9267922356896254,0.946524064171123,0.8995000000000002,0.9239419156572363,0.9328859060402684
s0546,scapula_left,0.9545,1,0.969315652439095,0.9550566195516758,0.9727520435967303,0.9745,0.9521679604013553,0.9664351851851852
s0546,scapula_right,0.9542,1,0.9366097306259685,0.9448118945295343,0.9680851063829787,0.937970238095238,0.9399409089507774,0.9664351851851852
s0546,skull,0.5455,0,0.366119324216777,0.28298521106215585,0.3384615384615385,0.3129196428571429,0.20332725003493643,0.20388349514563106
s0546,small_bowel,0.8296,0,0.7262582048029644,0.8100267561108105,0.7415730337078649,0.7802321428571427,0.8470622311612438,0.7966101694915254
s0546,spinal_cord,0.9462,1,0.8785769890188488,0.9210532185277229,0.946524064171123,0.8771309523809524,0.9129219931185414,0.9134615384615384
s0546,spleen,0.9805,1,0.9176153478451137,0.9378896044516943,0.9562841530054644,0.9247559523809522,0.9348362890287636,0.9664351851851852
s0546,sternum,0.9306,1,0.872581202579295,0.9181236745336084,0.946524064171123,0.878583333333333,0.9136793140728345,0.9134615384615384
s0546,stomach,0.9737,1,0.877837464095368,0.9206971350866434,0.946524064171123,0.8575833333333331,0.9021301356504612,0.8633879781420765
s0546,subclavian_artery_left,0.9434,1,0.6108209750845264,0.6653763986734216,0.5681818181818181,0.6235416666666667,0.6637156824767562,0.6222222222222222
s0546,subclavian_artery_right,0.9302,1,0.49563743525864395,0.4815547615795065,0.5094339622641509,0.5073958333333334,0.4787746058852751,0.4968944099378882
s0546,superior_vena_cava,0.8431,0,0.7095291267473843,0.792429778756118,0.7402597402597403,0.6760833333333331,0.7361196647862198,0.6222222222222222
s0546,thyroid_gland,0.9306,1,0.7883827204939354,0.8653806198977034,0.8615384615384616,0.6961180555555556,0.7609383095538828,0.7422680412371134
s0546,trachea,0.9483,1,0.8904209318532188,0.9265600993938682,0.946524064171123,0.8440059523809521,0.893947200549068,0.8633879781420765
s0546,urinary_bladder,0.9345,1,0.924715041982947,0.9405671192806997,0.9562841530054644,0.9451666666666667,0.9425610676744628,0.9664351851851852
s0546,vertebrae_C6,0.9584,1,0.24742557326966222,0.15263796181652167,0.16793893129770993,0.25579166666666664,0.14908072482681425,0.14864864864864866
s0546,vertebrae_C7,0.9738,1,0.818223111883325,0.8867445090581593,0.8653846153846154,0.814,0.8737039566889001,0.8387096774193549
s0546,vertebrae_L1,0.9902,1,0.9581303531532884,0.9517750386522777,0.9712230215827338,0.9759166666666667,0.9525910586448636,0.9664351851851852
s0546,vertebrae_L2,0.9884,1,0.9593909246079962,0.9521559517850195,0.9712230215827338,0.9729583333333336,0.9517034560456982,0.9664351851851852
s0546,vertebrae_L3,0.9859,1,0.943448883403838,0.9471216324391276,0.9692307692307692,0.9492083333333337,0.9439851586632998,0.9664351851851852
s0546,vertebrae_L4,0.9812,1,0.9125919262446238,0.9359275068133266,0.9562841530054644,0.9497500000000001,0.9441734737178287,0.9664351851851852
s0546,vertebrae_L5,0.9849,1,0.908454354674283,0.9342682041223201,0.9562841530054644,0.9389166666666668,0.9402917811331716,0.9664351851851852
s0546,vertebrae_S1,0.9228,1,0.9567236165948794,0.9513465594850805,0.9712230215827338,0.9547321428571428,0.9458778259534468,0.9664351851851852
s0546,vertebrae_T1,0.9785,1,0.8342521375042736,0.8969544888740659,0.8807339449541285,0.8234285714285715,0.8803977782510624,0.8387096774193549
s0546,vertebrae_T10,0.9882,1,0.9660180267443796,0.954111921333329,0.9727520435967303,0.9613333333333334,0.9480605590524717,0.9664351851851852
s0546,vertebrae_T11,0.986,1,0.9419096880784469,0.9466099040655825,0.9680851063829787,0.9626666666666668,0.948491220953838,0.9664351851851852
s0546,vertebrae_T12,0.9888,1,0.9029360581447073,0.9319929919233589,0.9562841530054644,0.9089642857142859,0.9282075866044222,0.9594594594594594
s0546,vertebrae_T2,0.9494,1,0.9396598632566789,0.9458535035524265,0.9680851063829787,0.9575416666666667,0.9468171925409304,0.9664351851851852
s0546,vertebrae_T3,0.9493,1,0.9111971984289008,0.9353725812144362,0.9562841530054644,0.89325,0.9209986820747039,0.9328859060402684
s0546,vertebrae_T4,0.9628,1,0.7274599573346987,0.8112458095449847,0.7415730337078649,0.7186458333333331,0.7868735201781507,0.7428571428571429
s0546,vertebrae_T5,0.9495,1,0.8710208801584813,0.9173452212718729,0.9298245614035088,0.8376250000000003,0.8898970024855071,0.8633879781420765
s0546,vertebrae_T6,0.9166,1,0.9221734086797453,0.9396212505345393,0.9562841530054644,0.9176666666666666,0.931933986382538,0.9664351851851852
s0546,vertebrae_T7,0.941,1,0.9138852315125827,0.9364381097956079,0.9562841530054644,0.9239999999999999,0.9345323766442185,0.9664351851851852
s0546,vertebrae_T8,0.988,1,0.9254774701259484,0.9408481396199586,0.9562841530054644,0.9457083333333333,0.9427538800131686,0.9664351851851852
s0546,vertebrae_T9,0.9865,1,0.9606550322351398,0.9525350627780902,0.9712230215827338,0.9632916666666668,0.9486919292923363,0.9664351851851852
s0544,adrenal_gland_left,0.3797,0,0.18948330857943696,0.12439561801762623,0.125,0.1850119047619048,0.11001596976357504,0.1
s0544,adrenal_gland_right,0.7718,0,0.20706098867351003,0.13700183469041508,0.125,0.19243750000000007,0.11475412224215348,0.1
s0544,aorta,0.9062,1,0.8584161521398063,0.9066886561992544,0.8729016786570744,0.8966011904761904,0.9214147282501652,0.9532374100719424
s0544,autochthon_left,0.9537,1,0.9163184781123725,0.9333668839960383,0.9584415584415584,0.9036904761904759,0.9246365798860986,0.9532374100719424
s0544,autochthon_right,0.934,1,0.9215292287999103,0.9353849195272713,0.9584415584415584,0.9059821428571426,0.9256518507858905,0.9532374100719424
s0544,colon,0.8346,0,0.3807408391427341,0.3222672368583544,0.38271604938271603,0.31572619047619055,0.22194810973914691,0.28
s0544,costal_cartilages,0.8929,0,0.11643448907137369,0.08219735562155057,0.125,0.11295833333333338,0.07232364890134764,0.0
s0544,duodenum,0.0,0,0.15598421028022846,0.10311858669928892,0.125,0.14775,0.08875303046991422,0.1
s0544,esophagus,0.8421,0,0.6941143716386771,0.7748752863328562,0.7549019607843137,0.7503749999999999,0.8214587530329246,0.7894736842105263
s0544,gallbladder,0.6074,0,0.45857322207532114,0.4373940962067898,0.45,0.447857142857143,0.3991379504323195,0.44
s0544,heart,0.9263,1,0.8744706615297715,0.9149216254049176,0.8729016786570744,0.8719444444444443,0.9092067417462895,0.9137931034482759
s0544,iliopsoas_right,0.7632,0,0.01779123620017902,0.04582846902906765,0.0,0.023,0.042006002491591046,0.0
s0544,inferior_vena_cava,0.8478,0,0.513487624126873,0.5237624021238576,0.5228215767634854,0.5138750000000001,0.5033206390618662,0.5
s0544,kidney_left,0.8981,0,0.5456034734167985,0.5739487772292888,0.5228215767634854,0.5799345238095238,0.6072793456328474,0.5757575757575758
s0544,liver,0.9583,1,0.9264122425500555,0.937224253196491,0.9584415584415584,0.9411666666666666,0.9397339585138972,0.9638157894736842
s0544,lung_lower_lobe_left,0.9955,1,0.9791662074661417,0.9541993119096434,0.9801762114537445,0.9824166666666666,0.9530560674552627,0.9770491803278688
s0544,lung_lower_lobe_right,0.9934,1,0.9797525334585937,0.9543608947930667,0.9801762114537445,0.9849166666666668,0.9537664545550146,0.9770491803278688
s0544,lung_middle_lobe_right,0.9878,1,0.798284044754009,0.8692147817692344,0.8571428571428571,0.8407499999999999,0.8913325118691958,0.8421052631578947
s0544,lung_upper_lobe_left,0.99,1,0.8311694049040815,0.8910735167105382,0.8729016786570744,0.8774583333333333,0.912076912244528,0.9137931034482759
s0544,lung_upper_lobe_right,0.6875,0,0.12534549718531118,0.08654473190928898,0.125,0.10987499999999999,0.07101133772248917,0.0
s0544,pancreas,0.3812,0,0.43174979919302914,0.39623572465727375,0.40540540540540543,0.5326130952380952,0.5332402457031773,0.5
s0544,portal_vein_and_splenic_vein,0.2892,0,0.07096701129224474,0.06297017369169942,0.0,0.07577380952380952,0.05789885092101241,0.0
s0544,rib_left_10,0.9814,1,0.9178344519538838,0.9339599567242216,0.9584415584415584,0.9571666666666665,0.9452765926968962,0.9714285714285714
s0544,rib_left_11,0.968,1,0.873456703017713,0.9144217601549312,0.8729016786570744,0.8993333333333333,0.9226710573516769,0.9532374100719424
s0544,rib_left_12,0.9179,1,0.8586948675465489,0.9068374956935817,0.8729016786570744,0.8862083333333333,0.9164635266395144,0.9137931034482759
s0544,rib_left_6,0.9477,1,0.7551456407547843,0.8350088810576346,0.7619047619047619,0.789,0.8548751103428488,0.795774647887324
s0544,rib_left_7,0.9695,1,0.8491630818829213,0.9016248729199526,0.8729016786570744,0.8670833333333335,0.9066066998617918,0.8421052631580612
s0544,rib_left_8,0.9786,1,0.8625167595112433,0.9088570665186545,0.8729016786570744,0.8569166666666668,0.9009521546382375,0.8421052631578947
s0544,rib_left_9,0.965,1,0.9281315858973265,0.9378601871300508,0.9584415584415584,0.9466249999999999,0.9416814612984431,0.9638157894736842
s0544,rib_right_10,0.9695,1,0.9379464406714562,0.9413766024750567,0.9736842105263158,0.9433750000000001,0.940529105171805,0.9638157894736842
s0544,rib_right_11,0.9605,1,0.9098541114093415,0.9307820279069403,0.9584415584415584,0.91475,0.9294211001395722,0.9532374100719424
s0544,rib_right_12,0.9551,1,0.8781148110836529,0.9166963364232918,0.9333333333333333,0.8857083333333334,0.916218314633752,0.9137931034482759
s0544,rib_right_6,0.9271,1,0.5113464589466807,0.5203878458641258,0.5228215767634854,0.5565952380952381,0.5711586940119356,0.5757575757575758
s0544,rib_right_7,0.964,1,0.8695055013844676,0.9124483963744312,0.8729016786570744,0.8844583333333336,0.9156024212919565,0.9137931034482759
s0544,rib_right_8,0.9507,1,0.932210728658629,0.9393449479864576,0.9584415584415584,0.9488333333333335,0.9424524862448803,0.9638157894736842
s0544,rib_right_9,0.9724,1,0.9511326826669041,0.9458076822845364,0.9736842105263158,0.9802083333333332,0.952419937583236,0.9770491803278688
s0544,small_bowel,0.6161,0,0.3068118592238005,0.22964031659184478,0.29357798165137616,0.3199166666666667,0.22661200086872416,0.28
s0544,spinal_cord,0.9456,1,0.6984208069839966,0.77958491548735,0.7549019607843137,0.7015833333333333,0.7710277344577919,0.7612903225806451
s0544,spleen,0.9466,1,0.8932100416105365,0.9236942307821088,0.9463267626580022,0.9126666666666665,0.9285418057926575,0.9532374100719424
s0544,sternum,0.7587,0,0.40061014664569,0.3502665590532625,0.40540540540540543,0.42226190476190484,0.36059084624643184,0.3315508021390374
s0544,stomach,0.8333,0,0.8725464743172039,0.9139707661349182,0.8729016786570744,0.9281190476190477,0.9348295158406201,0.9638157894736842
s0544,vertebrae_L1,0.972,1,0.9081249321861568,0.9300750166939068,0.9584415584415584,0.9215833333333333,0.9322354420084858,0.9532374100719424
s0544,vertebrae_L2,0.4018,0,0.2999481766644712,0.22206071651444123,0.29357798165137616,0.26685714285714296,0.17264687775230264,0.1891891891891892
s0544,vertebrae_T10,0.9785,1,0.9737098060081374,0.9526692762839054,0.9801762114537445,0.9852083333333332,0.9538486637146736,0.9770491803278688
s0544,vertebrae_T11,0.9813,1,0.9666183308122346,0.9506080779149242,0.9801762114537445,0.9678333333333333,0.9487011113136078,0.9714285714285714
s0544,vertebrae_T12,0.9728,1,0.9405024174527553,0.9422612569365233,0.9736842105263158,0.9365059523809525,0.9380230329297964,0.9638157894736842
s0544,vertebrae_T9,0.8787,0,0.4409645810087613,0.4102409214690931,0.40540540540540543,0.473,0.43826413409634185,0.4880952380952381
s0506,autochthon_left,0.9733,1,0.9013865070493791,0.9272557180369474,0.9584415584415584,0.9225833333333335,0.9326384645611558,0.9532374100719424
s0506,autochthon_right,0.9664,1,0.876178521817734,0.9157575886275591,0.9090909090909091,0.9210416666666668,0.932016205580047,0.9532374100719424
s0506,colon,0.8552,0,0.3227759804079001,0.24796297130485345,0.29357798165137616,0.34845634920634927,0.26019361443950006,0.3315508021390374
s0506,duodenum,0.3026,0,0.0880398906921077,0.06964124152087993,0.0,0.07375000000000001,0.05719666170914084,0.0
s0506,femur_left,0.9726,1,0.9642518684726558,0.9499015008638206,0.9801762114537445,0.9467857142857143,0.9417378990588842,0.9638157894736842
s0506,femur_right,0.9877,1,0.96380551194638,0.9497671589126604,0.9801762114537445,0.9690773809523807,0.9490870566610041,0.9714285714285714
s0506,gluteus_maximus_left,0.9649,1,0.9721574680763356,0.9522251816309504,0.9801762114537445,0.9689583333333333,0.9490502433092772,0.9714285714285714
s0506,gluteus_maximus_right,0.9738,1,0.9446986087056736,0.943686480673917,0.9736842105263158,0.9505208333333333,0.9430352036377646,0.9638157894736842
s0506,gluteus_medius_left,0.9487,1,0.8778255392232842,0.9165566989496372,0.9333333333333333,0.9295833333333333,0.9353979006397313,0.9638157894736842
s0506,gluteus_medius_right,0.9354,1,0.9435275188987623,0.9432920852606201,0.9736842105263158,0.9512857142857143,0.9432974979105061,0.9638157894736842
s0506,gluteus_minimus_left,0.9047,1,0.762958297294465,0.8416956773760488,0.803921568627451,0.804315476190476,0.8666131999026643,0.795774647887324
s0506,gluteus_minimus_right,0.9368,1,0.8222536574381456,0.8854857963384204,0.8729016786570744,0.8324404761904763,0.8860754532990632,0.8421052631578947
s0506,hip_left,0.9816,1,0.9608591377454414,0.9488717812790346,0.9736842105263158,0.9635773809523809,0.9473597457314699,0.9714285714285714
s0506,hip_right,0.9777,1,0.9487065526625112,0.9450168237400719,0.9736842105263158,0.9554107142857142,0.9446925833160927,0.9714285714285714
s0506,iliac_artery_left,0.6917,0,0.6044550567563447,0.6614395120635408,0.6541666666666667,0.5555208333333331,0.5694743378504352,0.5757575757575758
s0506,iliac_artery_right,0.858,0,0.625446428778533,0.6904678555105875,0.6541666666666667,0.5831874999999999,0.6122312340463538,0.5757575757575758
s0506,iliac_vena_left,0.8732,0,0.6486065809623897,0.7208331868448044,0.6541666666666667,0.6890416666666666,0.7565560163596967,0.6614173228346457
s0506,iliac_vena_right,0.8675,0,0.6645290110305162,0.7406158786900368,0.6541666666666667,0.6857499999999999,0.7526566471102438,0.6614173228346457
s0506,iliopsoas_left,0.9614,1,0.9686629123869025,0.9512109308584512,0.9801762114537445,0.9802083333333335,0.952419937583236,0.9770491803278688
s0506,iliopsoas_right,0.9694,1,0.9684892166041504,0.9511599884853333,0.9801762114537445,0.9733333333333334,0.950386712407884,0.9714285714285714
s0506,inferior_vena_cava,0.6416,0,0.08767666865281382,0.06949273829419174,0.0,0.10137499999999999,0.06750672756222852,0.0
s0506,prostate,0.7263,0,0.5495025938475062,0.5799600297377796,0.5228215767634854,0.5204345238095238,0.5138081103626629,0.5
s0506,sacrum,0.9614,1,0.8797098504898223,0.917462485762971,0.9333333333333333,0.8832499999999999,0.915003153623356,0.9137931034482759
s0506,small_bowel,0.6223,0,0.2919659652970827,0.21347292073037183,0.25,0.27198214285714284,0.17738048710663037,0.1891891891891892
s0506,spinal_cord,0.9382,1,0.5012595244369552,0.5044705425206834,0.5228215767634854,0.6229166666666667,0.6705918778612182,0.6532258064516129
s0506,urinary_bladder,0.9661,1,0.7568856288205811,0.836517477192148,0.803921568627451,0.7919166666666668,0.8571747217353282,0.795774647887324
s0506,vertebrae_L4,0.9869,1,0.7047340017249182,0.7863606652624471,0.7549019607843137,0.751375,0.822395090688688,0.7894736842105263
s0506,vertebrae_L5,0.9855,1,0.9661892269490209,0.9504806613593919,0.9801762114537445,0.9472470238095237,0.941899611840533,0.9638157894736842
s0506,vertebrae_S1,0.9524,1,0.957522635087092,0.9478396214921824,0.9736842105263158,0.9424107142857142,0.9401831142138969,0.9638157894736842
s0466,aorta,0.9256,1,0.13008811278715443,0.09070186153702783,0.07407407407407407,0.1915416666666667,0.11328120294873327,0.12359550561797752
s0466,autochthon_left,0.9411,1,0.7245057844695286,0.8045887572316951,0.7961165048543689,0.6999583333333332,0.7636125583939963,0.7083333333333334
s0466,autochthon_right,0.9283,1,0.719288422090561,0.7994035597265233,0.7961165048543689,0.6764226190476189,0.7355669369932495,0.7066666666666667
s0466,brachiocephalic_trunk,0.9199,1,0.1336179967772676,0.09254050992926607,0.07407407407407407,0.175,0.1031455292743845,0.12359550561797752
s0466,brachiocephalic_vein_left,0.868,0,0.1864554607062718,0.12430221764896163,0.1875,0.1981607142857143,0.11757469555800219,0.12359550561797752
s0466,brachiocephalic_vein_right,0.9409,1,0.35990594044320995,0.2959373621542315,0.32075471698113206,0.4158333333333332,0.34691902634212596,0.4409448818897638
s0466,brain,0.0,0,0.49539439526957785,0.4953178387035966,0.516209476309227,0.5714583333333334,0.5881103540168138,0.5051546391752577
s0466,clavicula_left,0.9695,1,0.8853829084634913,0.9184983636979978,0.9304932735426009,0.900154761904762,0.9201615013573738,0.9236111111111112
s0466,clavicula_right,0.9545,1,0.8905725877226349,0.920897044524482,0.9304932735426009,0.8778184523809522,0.9090945253354757,0.9236111111111112
s0466,common_carotid_artery_left,0.747,0,0.1865732911981933,0.12438251472778011,0.1875,0.2000357142857143,0.11881630904578087,0.12359550561797752
s0466,common_carotid_artery_right,0.6819,0,0.17126420780902366,0.11431701420845179,0.12,0.16350000000000006,0.096579783396983,0.12359550561797752
s0466,costal_cartilages,0.7157,0,0.07064012167920333,0.0643342527049939,0.0,0.07454166666666667,0.057269176993556874,0.0
s0466,esophagus,0.9393,1,0.6739967421643156,0.7500915876603077,0.7272727272727273,0.6508095238095238,0.7027274447159394,0.6407766990291263
s0466,humerus_left,0.8571,0,0.23102294929499004,0.15797568214847463,0.21212121212121213,0.196375,0.11640267747986176,0.12359550561797752
s0466,humerus_right,0.9691,1,0.787508259625999,0.8593065913940555,0.84,0.7795059523809524,0.8426391121814328,0.8199052132701422
s0466,lung_lower_lobe_left,0.5047,0,0.15785904869732803,0.10609321577410667,0.12,0.10395238095238096,0.06823288717887135,0.01818181818181818
s0466,lung_lower_lobe_right,0.0,0,0.09743971715789929,0.07519947887050799,0.05263157894736842,0.10109126984126986,0.06708620239850695,0.01818181818181818
s0466,lung_upper_lobe_left,0.9903,1,0.970560186101551,0.9505096934874386,0.9781818181818182,0.9717142857142858,0.9478068414640085,0.9753086419753086
s0466,lung_upper_lobe_right,0.9919,1,0.9806251304232412,0.9533902981460486,0.9781818181818182,0.9889880952380952,0.9529767817771365,0.981203007518797
s0466,rib_left_1,0.8778,0,0.6437758104658431,0.7129909797991263,0.7272727272727273,0.614297619047619,0.6521129760839312,0.5625
s0466,rib_left_2,0.9482,1,0.7453946041655012,0.8243299293099485,0.8181818181818182,0.746577380952381,0.8128725084072093,0.8199052132701422
s0466,rib_left_3,0.9362,1,0.7408336343937282,0.8201578318247946,0.8181818181818182,0.7106071428571429,0.775606824317087,0.7083333333333334
s0466,rib_left_4,0.9255,1,0.7951046691738638,0.8649570289867782,0.84,0.759357142857143,0.8249109567879656,0.8199052132701422
s0466,rib_left_5,0.9388,1,0.8762209015633925,0.9141014163234686,0.9304932735426009,0.835375,0.8842147616483624,0.8897338403041825
s0466,rib_right_1,0.8904,0,0.6173123227054198,0.6779411932309535,0.516209476309227,0.6517440476190477,0.7039663091956665,0.6407766990291263
s0466,rib_right_2,0.9375,1,0.8063840710578438,0.8729926209184842,0.84,0.8571488095238092,0.8976427993844148,0.8897338403041825
s0466,rib_right_3,0.9312,1,0.730781614093888,0.8106906286561297,0.7961165048543689,0.7116190476190478,0.7767237800890638,0.7083333333333334
s0466,rib_right_4,0.9452,1,0.7580503661985677,0.8355072658829533,0.84,0.7292678571428572,0.7955658103078823,0.7184472867488026
s0466,rib_right_5,0.9495,1,0.8653751552433362,0.9086194091257149,0.9201293838431043,0.8520535714285714,0.8946298605554781,0.8897338403041825
s0466,scapula_left,0.9417,1,0.858603828113017,0.9050391130694017,0.9166666666666666,0.8247083333333335,0.877093732762796,0.846054590570734
s0466,scapula_right,0.9339,1,0.9150232736488491,0.9313509637584202,0.95,0.8944880952380951,0.917476207948285,0.9236111111111112
s0466,skull,0.9303,1,0.7333149731141563,0.8131120445005172,0.7961165048543689,0.7205744047619045,0.786435750447523,0.7083333333333334
s0466,spinal_cord,0.9309,1,0.7985034246590818,0.8674225018253783,0.84,0.7861190476190477,0.8481305729345916,0.8199052132701422
s0466,sternum,0.9318,1,0.7039221600410803,0.7835367121864207,0.7272727272727273,0.638690476190476,0.6863954041446432,0.6407766990291263
s0466,subclavian_artery_left,0.7912,0,0.14944454675086885,0.1012012732958506,0.12,0.15301785714285715,0.09092298186061251,0.01818181818181818
s0466,subclavian_artery_right,0.8325,0,0.11564013055619615,0.08351483030484874,0.07407407407407407,0.13514880952380953,0.08196458973593551,0.01818181818181818
s0466,thyroid_gland,0.7598,0,0.10045553151462444,0.07652272128410113,0.05263157894736842,0.12479166666666666,0.07714729585834995,0.01818181818181818
s0466,trachea,0.978,1,0.821356156419047,0.8830245242510649,0.8942731277533039,0.8109940476190477,0.8673878662619885,0.8258064516129032
s0466,vertebrae_C1,0.9217,1,0.7332060664678539,0.813008442682529,0.7961165048543689,0.7424821428571426,0.8088824446215395,0.8199052132701422
s0466,vertebrae_C2,0.9721,1,0.8354683070276481,0.8918436812828668,0.8942731277533039,0.8693571428571428,0.9045529866690885,0.8897338403041825
s0466,vertebrae_C3,0.9525,1,0.7598592396776833,0.8370573049056378,0.84,0.7709583333333332,0.8353033086829874,0.8199052132701422
s0466,vertebrae_C4,0.9195,1,0.7061390390696312,0.7858807362947141,0.7961165048543689,0.7665833333333332,0.831443541784228,0.8199052132701422
s0466,vertebrae_C5,0.901,1,0.6868271420425266,0.7648404923871527,0.7272727272727273,0.7227738095238095,0.7887733519815194,0.7083333333333334
s0466,vertebrae_C6,0.9323,1,0.749680111725213,0.8281802972943059,0.8181818181818182,0.7560000000000001,0.8218088627761442,0.8199052132701422
s0466,vertebrae_C7,0.9587,1,0.8246201835676125,0.8851182025756191,0.8942731277533039,0.8327500000000002,0.8824963095109031,0.8897338403041825
s0466,vertebrae_T1,0.9686,1,0.8399988751230039,0.8945486003644826,0.8942731277533039,0.850613095238095,0.8937639943572475,0.8897338403041825
s0466,vertebrae_T2,0.9757,1,0.7748248043863226,0.8494328722135149,0.84,0.7471071428571429,0.8133839530786905,0.8199052132701422
s0466,vertebrae_T3,0.9676,1,0.8943542119020461,0.9226040923461719,0.9304932735426009,0.8765952380952381,0.9084502109369083,0.9236111111111112
s0466,vertebrae_T4,0.9682,1,0.8725402310640398,0.912275254139493,0.9304932735426009,0.8768452380952381,0.9085822286321958,0.9236111111111112
s0466,vertebrae_T5,0.9655,1,0.7674374788048759,0.8434234834815166,0.84,0.8008541666666664,0.8598004515396491,0.8258064516129032
s0458,adrenal_gland_left,0.9347,1,0.2961142839981398,0.19903887308147386,0.16793893129770993,0.3478333333333333,0.24310854720359684,0.20388349514563106
s0458,adrenal_gland_right,0.9199,1,0.42115419475319427,0.36215617264931355,0.4909090909090909,0.5118869047619049,0.4861590878171034,0.4968944099378882
s0458,aorta,0.9554,1,0.6274331087697648,0.6893588588877128,0.5681818181818181,0.7112777777777778,0.778623239578043,0.7422680412371134
s0458,atrial_appendage_left,0.8583,0,0.22016446143289076,0.13076550146319496,0.16793893129770993,0.20102083333333332,0.1088531951551297,0.06976744186046512
s0458,autochthon_left,0.9636,1,0.9503135828603984,0.9493480047027297,0.9712230215827338,0.9467916666666667,0.9431376821678652,0.9664351851851852
s0458,autochthon_right,0.9697,1,0.9421961367862596,0.9467054907958673,0.9680851063829787,0.9364583333333334,0.9393763894322632,0.9664351851851852
s0458,colon,0.6669,0,0.2668878054541818,0.1700252969054468,0.16793893129770993,0.23495833333333332,0.13250124135704222,0.14864864864864866
s0458,costal_cartilages,0.8895,0,0.17821925727917126,0.1023491241148695,0.09375,0.16037500000000002,0.08547568791237534,0.06976744186046512
s0458,duodenum,0.8432,0,0.5668818147855351,0.5979632623472927,0.5371428571428571,0.6949999999999998,0.759596384115216,0.7422680412371134
s0458,esophagus,0.9384,1,0.7772245364389997,0.8565568661321762,0.8615384615384616,0.807422619047619,0.8688466265551625,0.8387096774193549
s0458,femur_left,0.932,1,0.7215296855503349,0.8051716901936756,0.7415730337078649,0.7189285714285716,0.787185600940538,0.7428571428571429
s0458,femur_right,0.9802,1,0.9686274233488881,0.954860999669712,0.9727520435967303,0.9758333333333334,0.952566269260513,0.9664351851851852
s0458,gallbladder,0.8681,0,0.6990698425533773,0.780831183318698,0.7402597402597403,0.7250654761904762,0.7938772021830981,0.7428571428571429
s0458,gluteus_maximus_left,0.9453,1,0.9800643492514668,0.9580088108203977,0.9727520435967303,0.9842083333333335,0.9549969363847338,0.9733333333333334
s0458,gluteus_maximus_right,0.9712,1,0.9670917296078388,0.954421570944801,0.9727520435967303,0.9658333333333334,0.9495005454626643,0.9664351851851852
s0458,gluteus_medius_left,0.8858,0,0.7525567534931963,0.8353420906112085,0.7586206896551724,0.6792142857142855,0.7401051370991147,0.6666666666666666
s0458,gluteus_medius_right,0.9471,1,0.8295823868517478,0.8940671538702908,0.8807339449541285,0.8519583333333334,0.8988105761772976,0.8633879781420765
s0458,gluteus_minimus_left,0.8535,0,0.5584734697013648,0.5845357672955444,0.5371428571428571,0.5406011904761904,0.5333785317025039,0.4968944099378882
s0458,gluteus_minimus_right,0.9314,1,0.612501025448266,0.6678437516201807,0.5681818181818181,0.6861249999999999,0.7487626376474209,0.7422680412371134
s0458,heart,0.9402,1,0.9237617569204517,0.9402139921833235,0.9562841530054644,0.9195416666666667,0.9327130511600109,0.9664351851851852
s0458,hip_left,0.9535,1,0.9562095228979404,0.9511890717557553,0.9712230215827338,0.9683809523809525,0.9502989368721458,0.9664351851851852
s0458,hip_right,0.9814,1,0.8975632078426132,0.9297077949038822,0.9562841530054644,0.9256666666666667,0.9352006765441063,0.9664351851851852
s0458,iliac_artery_left,0.8914,0,0.7001316467229143,0.7820296052425868,0.7402597402597403,0.7148749999999999,0.7826794626603579,0.7422680412371134
s0458,iliac_artery_right,0.8458,0,0.3375046862858641,0.24623498608165933,0.2923076923076923,0.41320833333333346,0.3306601095981664,0.4090909090909091
s0458,iliac_vena_left,0.8734,0,0.5126708719458442,0.5096854552549406,0.5094339622641509,0.5901666666666666,0.6130412475414105,0.6222222222222222
s0458,iliac_vena_right,0.7782,0,0.5071725594614528,0.5006031180152056,0.5094339622641509,0.6318333333333332,0.6757918996448051,0.6222222222222222
s0458,iliopsoas_left,0.9221,1,0.9293770146149377,0.9422660810198236,0.9562841530054644,0.9493214285714285,0.9440245264823245,0.9664351851851852
s0458,iliopsoas_right,0.9596,1,0.9716016728490764,0.9557006072880334,0.9727520435967303,0.9753630952380954,0.9524261553134395,0.9664351851851852
s0458,inferior_vena_cava,0.9572,1,0.6750793622935259,0.7524983809489381,0.6666666666666666,0.7659107142857142,0.8344407851229712,0.7614678899082569
s0458,kidney_left,0.9828,1,0.9837775769668456,0.9589849015786541,0.9727520435967303,0.9826666666666667,0.954558593545994,0.9664351851851852
s0458,kidney_right,0.9624,1,0.9776435236530987,0.9573605321392458,0.9727520435967303,0.99125,0.9569483437618951,0.9795918367346939
s0458,liver,0.9899,1,0.9914582844299379,0.960935421528097,1.0,0.9904166666666666,0.9567216921636621,0.9795918367346939
s0458,lung_lower_lobe_left,0.9922,1,0.9295143648066845,0.9423154376677444,0.9562841530054644,0.9322500000000001,0.9377788322897349,0.9664351851851852
s0458,lung_lower_lobe_right,0.9886,1,0.9838669812140679,0.9590081333344264,0.9727520435967303,0.9895,0.9564710596727803,0.9795918367346939
s0458,lung_middle_lobe_right,0.9838,1,0.8588067130896002,0.9110154439477566,0.9104477611940298,0.8879166666666666,0.918405168248578,0.9328859060402684
s0458,lung_upper_lobe_left,0.9887,1,0.930615647562029,0.9427097525963469,0.9562841530054644,0.9255833333333334,0.9351674128773565,0.9664351851851852
s0458,lung_upper_lobe_right,0.4549,0,0.2097777885838412,0.12315948732013604,0.13333333333333333,0.19937499999999997,0.10780629036238451,0.06976744186046512
s0458,pancreas,0.8977,0,0.5742105860035666,0.6095488338627874,0.5371428571428571,0.6904166666666666,0.7540416833991926,0.7422680412371134
s0458,portal_vein_and_splenic_vein,0.8871,0,0.39363283173686286,0.32128214089748935,0.37209302325581395,0.43563095238095245,0.36411628773334037,0.45196078431372566
s0458,pulmonary_vein,0.944,1,0.38512837164949537,0.3091522932617182,0.3384615384615385,0.4157500000000002,0.3343749655806208,0.4090909090909091
s0458,rib_left_10,0.9668,1,0.9137646007313994,0.9363906450407782,0.9562841530054644,0.9403333333333334,0.94081340016927,0.9664351851851852
s0458,rib_left_11,0.954,1,0.7600063320028745,0.8420019878013574,0.7843137254901961,0.8130267857142858,0.8729950733261144,0.8387096774193549
s0458,rib_left_12,0.91,1,0.3351937170921241,0.2434115509870915,0.2923076923076923,0.3900416666666667,0.2978076994326677,0.367816091954023
s0458,rib_left_5,0.9116,1,0.44718069661883386,0.4027479132330173,0.4909090909090909,0.470375,0.41854622781452705,0.4968944099378882
s0458,rib_left_6,0.9383,1,0.7351691745218247,0.8189233262979875,0.7415730337078649,0.7234999999999999,0.7921851565825396,0.7428571428571429
s0458,rib_left_7,0.9632,1,0.7755343966487329,0.8551791075121298,0.8571428571428571,0.8109166666666668,0.8714463941332637,0.8387096774193549
s0458,rib_left_8,0.9443,1,0.9622473234821601,0.953008536035815,0.9727520435967303,0.955875,0.9462618139342394,0.9664351851851852
s0458,rib_left_9,0.9589,1,0.9710310462811017,0.9555406867842451,0.9727520435967303,0.964375,0.9490380723094736,0.9664351851851852
s0458,rib_right_10,0.9522,1,0.8122106052954854,0.8826925346788843,0.8653846153846154,0.7298809523809524,0.7990179509533153,0.7428571428571429
s0458,rib_right_11,0.9684,1,0.9041488167689207,0.9324991935360835,0.9562841530054644,0.9369404761904759,0.9395569503439666,0.9664351851851852
s0458,rib_right_12,0.9133,1,0.6444727323622798,0.7129440128173201,0.6666666666666666,0.6694464285714283,0.7275427982005107,0.6222222222222222
s0458,rib_right_5,0.9189,1,0.5330383309834072,0.5432267745450007,0.5371428571428571,0.5768154761904762,0.5919888193721591,0.6222222222222222
s0458,rib_right_6,0.9479,1,0.8891386969328223,0.925981431568131,0.946524064171123,0.9389583333333336,0.9403071841364913,0.9664351851851852
s0458,rib_right_7,0.9455,1,0.7739576492738804,0.853883889686484,0.8571428571428571,0.7447083333333332,0.814241543250369,0.7614678899082569
s0458,rib_right_8,0.699,0,0.775878711163756,0.8554606725549032,0.8615384615384616,0.6892559523809524,0.7526213295002675,0.7422680412371134
s0458,rib_right_9,0.7182,0,0.6803056971846712,0.7588744545852394,0.7027027027027027,0.6377559523809524,0.6842778575218874,0.6222222222222222
s0458,sacrum,0.9329,1,0.7370340324212986,0.8207435661011199,0.7415730337078649,0.7501428571428573,0.8195937522594766,0.7614678899082569
s0458,scapula_left,0.8901,0,0.27471717836715565,0.17745157837418085,0.16793893129770993,0.28135416666666674,0.1717188876074355,0.1875
s0458,scapula_right,0.9709,1,0.31213349960143416,0.21645371968494267,0.16793893129770993,0.309375,0.19957230426610564,0.20388349514563106
s0458,small_bowel,0.7495,0,0.44449738657149607,0.3984900833242735,0.4909090909090909,0.45912500000000006,0.4006330232386679,0.45588235294117646
s0458,spinal_cord,0.9581,1,0.9086414521788454,0.9343440912309092,0.9562841530054644,0.9231249999999999,0.9341789584576619,0.9664351851851852
s0458,spleen,0.988,1,0.9589765526200615,0.9520310552796417,0.9712230215827338,0.9510892857142856,0.9446365336576253,0.9664351851851852
s0458,sternum,0.9048,1,0.5341051522793067,0.5449755154838192,0.5371428571428571,0.4801904761904761,0.43435444786623967,0.4968944099378882
s0458,stomach,0.9779,1,0.8875269812913824,0.9252481205055989,0.946524064171123,0.8886249999999998,0.9187540348948416,0.9328859060402684
s0458,superior_vena_cava,0.9466,1,0.14950605143199294,0.08618473575709497,0.06666666666666667,0.17510416666666662,0.09336894447480615,0.06976744186046512
s0458,urinary_bladder,0.678,0,0.3902968545789382,0.31649407798782814,0.37209302325581395,0.3877559523809525,0.2946696600497691,0.367816091954023
s0458,vertebrae_L1,0.9797,1,0.9981415446901277,0.9625599618628707,1.0,0.99625,0.9582846208428516,0.9859154929577465
s0458,vertebrae_L2,0.9776,1,0.9832343534553398,0.9588434734187115,0.9727520435967303,0.9899583333333334,0.956596548618673,0.9795918367346939
s0458,vertebrae_L3,0.9751,1,0.9628688036722919,0.9531921143300439,0.9727520435967303,0.9782083333333333,0.9532679612286465,0.9664351851851852
s0458,vertebrae_L4,0.9634,1,0.8934657849904872,0.9279175749804557,0.946524064171123,0.9345833333333334,0.9386694014307251,0.9664351851851852
s0458,vertebrae_L5,0.9566,1,0.9034314427966086,0.9322001876801523,0.9562841530054644,0.9623333333333334,0.9483838731247871,0.9664351851851852
s0458,vertebrae_S1,0.9055,1,0.7780959883259196,0.8572629779290977,0.8615384615384616,0.8331874999999997,0.88700102665627,0.8633879781420765
s0458,vertebrae_T10,0.9813,1,0.9509633959104302,0.9495540955450306,0.9712230215827338,0.9749583333333334,0.9523052360925304,0.9664351851851852
s0458,vertebrae_T11,0.9747,1,0.9501447516583111,0.9492943288978574,0.9712230215827338,0.9710416666666666,0.9511199921695987,0.9664351851851852
s0458,vertebrae_T12,0.9784,1,0.9668656776446423,0.9543565446771155,0.9727520435967303,0.975,0.9523176971269904,0.9664351851851852
s0458,vertebrae_T7,0.928,1,0.1637146645666767,0.09387260110867807,0.09375,0.1772083333333333,0.09454853829517813,0.06976744186046512
s0458,vertebrae_T8,0.9821,1,0.7476675684853237,0.8308498560847616,0.7586206896551724,0.7819999999999997,0.8485643127162638,0.7966101694915254
s0458,vertebrae_T9,0.9786,1,0.9150964448455048,0.9369128607874035,0.9562841530054644,0.9400833333333334,0.9407216610753258,0.9664351851851852
s0352,brain,0.9338,1,0.9061306524822506,0.9371746367045874,0.9565217391304348,0.8628660714285714,0.911705527795635,0.8928571428571429
s0352,skull,0.889,0,0.8628785087426546,0.9174344606773508,0.9109461966604824,0.8313869047619049,0.8926180439517328,0.8705035971223022
s0346,aorta,0.9781,1,0.8632832231433595,0.9176429736470755,0.9109461966604824,0.9069345238095237,0.9332827870605925,0.9323671497584541
s0346,autochthon_left,0.9616,1,0.8786047050642414,0.925191901668452,0.9109461966604824,0.9028333333333332,0.9315017884945488,0.9323671497584541
s0346,autochthon_right,0.9565,1,0.924111498645121,0.9440092738002276,0.9655172413793104,0.9347916666666667,0.9442842622139495,0.94
s0346,brachiocephalic_trunk,0.9537,1,0.43527568944040546,0.37666249266409985,0.4084507042253521,0.5096041666666667,0.47523847551465687,0.4810126582278481
s0346,brachiocephalic_vein_left,0.9571,1,0.7608172768031847,0.8472264072309637,0.7928994082840237,0.7910208333333334,0.8629094514837705,0.8367346938775511
s0346,brachiocephalic_vein_right,0.8511,0,0.25614604726566315,0.1514199139540053,0.19402985074626866,0.3535416666666667,0.2360775333339295,0.25581395348837205
s0346,brain,0.9668,1,0.9501836946968127,0.9526863303763466,0.9664429530201343,0.9500416666666667,0.9495606664759847,0.9732739420935412
s0346,clavicula_left,0.968,1,0.8731589645529823,0.9225845531301093,0.9109461966604824,0.8492916666666666,0.9038817972710524,0.8928571428571429
s0346,clavicula_right,0.9674,1,0.848423597379984,0.9096656381725432,0.9109461966604824,0.8495,0.904006422632866,0.8928571428571429
s0346,common_carotid_artery_left,0.9069,1,0.6345082945499335,0.7011793146666837,0.6666666666666666,0.5935803571428573,0.6176107579590662,0.5966850828729282
s0346,common_carotid_artery_right,0.7985,0,0.5804141297365295,0.6188264476771631,0.5596330275229359,0.7049374999999999,0.7767115450683806,0.7126436781609196
s0346,costal_cartilages,0.8757,0,0.11275021300594912,0.06297630008140166,0.05,0.15605952380952381,0.073451448454976,0.07142857142857142
s0346,esophagus,0.9281,1,0.7575596848708905,0.8443330992710231,0.7928994082840237,0.8062440476190476,0.8748508413039207,0.8705035971223022
s0346,humerus_left,0.9483,1,0.7070541416895493,0.7936248336330756,0.703125,0.7582499999999998,0.8339516409914656,0.8255813953488372
s0346,humerus_right,0.9794,1,0.7801771370220781,0.8635201620067564,0.8333333333333334,0.8384166666666668,0.897172703553346,0.8928571428571429
s0346,lung_lower_lobe_left,0.9347,1,0.3890291857230593,0.306050205265891,0.3105263157894737,0.34580952380952373,0.22660597543649041,0.25581395348837205
s0346,lung_lower_lobe_right,0.9478,1,0.4610352843976275,0.4186468530576714,0.4411764705882353,0.40464285714285725,0.3052864950985261,0.25581395348837205
s0346,lung_upper_lobe_left,0.9948,1,0.970213944191775,0.9584683536495979,0.9901960784313726,0.9860833333333335,0.9602099091153179,0.9922480620155039
s0346,lung_upper_lobe_right,0.9951,1,0.9859737325085127,0.9625361757127285,0.9916317991631799,0.9866666666666667,0.9603631719956561,0.9922480620155039
s0346,rib_left_1,0.9443,1,0.7855811454532988,0.867799216284192,0.8709677419354839,0.8413333333333333,0.899011724349782,0.8928571428571429
s0346,rib_left_2,0.9777,1,0.9190878597380769,0.9421734757905647,0.9655172413793104,0.9374166666666666,0.9452281162649998,0.94
s0346,rib_left_3,0.9677,1,0.8644862445085427,0.9182599551668085,0.9109461966604824,0.9304583333333332,0.9426925993149696,0.94
s0346,rib_left_4,0.9675,1,0.7952154711037681,0.875145673572511,0.8819444444444444,0.8889166666666665,0.92512527844801,0.92
s0346,rib_left_5,0.9624,1,0.7561366355315541,0.8430552245178171,0.7928994082840237,0.8221488095238095,0.8863634177931351,0.8705035971223022
s0346,rib_left_6,0.931,1,0.671248712926412,0.7508406745840874,0.6891891891891891,0.7619404761904761,0.837442601001975,0.8255813953488372
s0346,rib_right_1,0.9442,1,0.8158886053761404,0.8897328065095244,0.8819444444444444,0.8142083333333333,0.8807357851951626,0.8705035971223022
s0346,rib_right_2,0.9804,1,0.9081919005229266,0.9379959939593963,0.9565217391304348,0.9415416666666664,0.9466809333918771,0.94
s0346,rib_right_3,0.9616,1,0.8909635552724552,0.9308121127736573,0.9109461966604824,0.9352499999999999,0.9444501578736387,0.94
s0346,rib_right_4,0.9568,1,0.5881712038439421,0.6312053468440009,0.5596330275229359,0.7181071428571427,0.7920514530632371,0.7126436781609196
s0346,rib_right_5,0.9375,1,0.8116777614142141,0.886888111742292,0.8819444444444444,0.8917499999999999,0.9264662291450743,0.92
s0346,rib_right_6,0.9704,1,0.8547594215677883,0.9131487949801176,0.9109461966604824,0.8840833333333333,0.9227858173066783,0.92
s0346,scapula_left,0.959,1,0.9760354036699465,0.9600179588959886,0.9916317991631799,0.97175,0.9562607923649507,0.9732739420935412
s0346,scapula_right,0.9418,1,0.9716597464480919,0.9588584901903535,0.9901960784313726,0.9857916666666666,0.9601330648059635,0.9922480620155039
s0346,skull,0.9539,1,0.8995110563249622,0.9344677767477214,0.9109461966604824,0.8982380952380952,0.9294539770051609,0.9323671497584541
s0346,spinal_cord,0.9342,1,0.821942590555245,0.8937127307672267,0.9109461966604824,0.8701666666666668,0.9156713892568494,0.92
s0346,sternum,0.9326,1,0.7420586363705525,0.8299503542864202,0.7928994082840237,0.7478541666666666,0.8237952252099766,0.8255813953488372
s0346,subclavian_artery_left,0.9337,1,0.4224390368099014,0.356371323636931,0.3105263157894737,0.5545059523809525,0.5523622338217323,0.5294117647058824
s0346,subclavian_artery_right,0.9435,1,0.5497624642844688,0.5685285026912625,0.5596330275229359,0.6011666666666666,0.6298759277047862,0.5966850828729282
s0346,superior_vena_cava,0.916,1,0.6930986103558796,0.7776261765734229,0.6891891891891891,0.7907083333333331,0.8626545665322056,0.8367346938775511
s0346,thyroid_gland,0.8323,0,0.6829291095674312,0.7654217297727872,0.6891891891891891,0.6381666666666667,0.687099274465972,0.6328125
s0346,trachea,0.9725,1,0.8714326837293425,0.9217408044869979,0.9109461966604824,0.8868035714285715,0.9241106069701103,0.92
s0346,vertebrae_C1,0.9349,1,0.7892317651213908,0.870625105634818,0.8709677419354839,0.810184523809524,0.8777930212334033,0.8705035971223022
s0346,vertebrae_C2,0.9794,1,0.8661956606352791,0.9191294045425754,0.9109461966604824,0.8594583333333335,0.909797281135468,0.8928571428571429
s0346,vertebrae_C3,0.9727,1,0.8153086343095702,0.889344753734275,0.8819444444444444,0.8389999999999997,0.8975428641363695,0.8928571428571429
s0346,vertebrae_C4,0.963,1,0.7854339652637066,0.8676841964165857,0.8709677419354839,0.8299523809523808,0.891667063082593,0.8705035971223022
s0346,vertebrae_C5,0.9605,1,0.6229813844888055,0.6844780657394398,0.5596330275229359,0.6396249999999999,0.6892552595007588,0.6328125
s0346,vertebrae_C6,0.9582,1,0.763740743129085,0.8497852885006452,0.7928994082840237,0.7669583333333333,0.8420939890663749,0.8255813953488372
s0346,vertebrae_C7,0.9708,1,0.8967320936141256,0.9332993961597137,0.9109461966604824,0.94125,0.9465794149488638,0.94
s0346,vertebrae_T1,0.9798,1,0.9610360985356506,0.9559080726373531,0.9842105263157894,0.9699583333333333,0.9557415933292994,0.9732739420935412
s0346,vertebrae_T2,0.9805,1,0.9813429693106624,0.9613823605846983,0.9916317991631799,0.9694375000000001,0.9555895639586226,0.9732739420935412
s0346,vertebrae_T3,0.9797,1,0.9328520375531092,0.9470732681582538,0.9664429530201343,0.9184791666666666,0.9380677461946567,0.9323671497584541
s0346,vertebrae_T4,0.9806,1,0.960572944880098,0.9557749551876369,0.9842105263157894,0.9548333333333333,0.9511185106816431,0.9732739420935412
s0346,vertebrae_T5,0.9808,1,0.9574832907118782,0.9548770876206587,0.9842105263157894,0.9632440476190475,0.9537431466213977,0.9732739420935412
s0346,vertebrae_T6,0.9403,1,0.4927465294476102,0.4719306756327236,0.52,0.5912083333333333,0.6137439951717041,0.5966850828729282
s1287,adrenal_gland_left,0.7392,0,0.4867329547760103,0.4708125809550768,0.5454545454545455,0.5054374999999998,0.4818961192488943,0.6074498567335244
s1287,adrenal_gland_right,0.7973,0,0.41284209676633504,0.3556919487250366,0.3088235294117647,0.49078571428571416,0.45851207953077583,0.5
s1287,aorta,0.9129,1,0.9844202663236784,0.9567881089700038,0.9723756906077348,0.98125,0.9515012795692391,0.9814814814814815
s1287,atrial_appendage_left,0.7555,0,0.6196460193123103,0.6773338081906172,0.5917602996254682,0.6266666666666666,0.6691570772715922,0.6074498567335244
s1287,autochthon_left,0.9759,1,1.0,0.9607623016967087,1.0,0.9975,0.9560867147384284,1.0
s1287,autochthon_right,0.9744,1,0.9984892714570859,0.9603928175954087,1.0,1.0,0.9567544079929666,1.0
s1287,brachiocephalic_trunk,0.7295,0,0.6070804084151954,0.6593479921950797,0.5917602996254682,0.6601666666666667,0.7148462949777311,0.6822429906542056
s1287,brachiocephalic_vein_left,0.8226,0,0.75682669631199,0.8358319567481011,0.8103448275862069,0.8216845238095237,0.8758850513650692,0.8478260869565217
s1287,brachiocephalic_vein_right,0.7724,0,0.2357854573175629,0.14961233923656259,0.1891891891891892,0.26043750000000004,0.16214167695495724,0.20833333333333334
s1287,clavicula_left,0.924,1,0.9307313229292611,0.9399535705205222,0.9555921052631579,0.9338174603174605,0.9353880114622,0.9538866930171278
s1287,clavicula_right,0.8976,0,0.9529172114506055,0.9475491132074537,0.9555921052631579,0.9545000000000001,0.9429504069602291,0.9538866930171278
s1287,colon,0.8911,0,0.27557470855538324,0.1853272870899701,0.23300970873786409,0.28202380952380945,0.18182136876963131,0.20833333333333334
s1287,common_carotid_artery_left,0.8057,0,0.548250635360969,0.5696525585357153,0.5917602996254682,0.5994642857142858,0.6294983756823396,0.6074498567335244
s1287,common_carotid_artery_right,0.6306,0,0.5053742954426368,0.5008784641127959,0.5454545454545455,0.55975,0.5684625035778199,0.6074498567335244
s1287,costal_cartilages,0.8687,0,0.6973525265020433,0.7761585595734287,0.6666666666666666,0.7598958333333334,0.8260794003979812,0.7751479289940828
s1287,duodenum,0.9235,1,0.5329358826536894,0.5452563818850387,0.5599999999999999,0.6444345238095238,0.6938603758231652,0.6822429906542056
s1287,esophagus,0.8936,0,0.8319845366668197,0.8921554230328678,0.8798076923076923,0.8732619047619048,0.9075875681234954,0.8811475409836066
s1287,femur_left,0.9572,1,0.9731252305338184,0.9536694897858945,0.9723756906077348,0.9660744047619048,0.9468116189746703,0.9538866930171278
s1287,femur_right,0.9627,1,0.9642517609166904,0.9510704448103091,0.9624060150375939,0.9712589285714285,0.9484600287945718,0.9538866930171278
s1287,gallbladder,0.6622,0,0.39274475781740237,0.32653211675995714,0.3088235294117647,0.40784956709956716,0.3323047814004723,0.25
s1287,gluteus_maximus_left,0.9675,1,0.9731028971587127,0.9536631161949801,0.9723756906077348,0.9804166666666666,0.9512542662999154,0.9814814814814815
s1287,gluteus_maximus_right,0.9681,1,0.9719575042120929,0.953335118559837,0.9723756906077348,0.983875,0.9522716286296973,0.9929078014184397
s1287,gluteus_medius_left,0.9427,1,0.9047612537608462,0.9297583229489543,0.9555921052631579,0.9228392857142859,0.9310039713699716,0.9538866930171278
s1287,gluteus_medius_right,0.9398,1,0.9274468801820366,0.9387450683598209,0.9555921052631579,0.96625,0.9468682545507884,0.9538866930171278
s1287,gluteus_minimus_left,0.9302,1,0.8068996795496757,0.8755487697570173,0.8798076923076923,0.8451309523809524,0.8913173811988347,0.8811475409836066
s1287,gluteus_minimus_right,0.9309,1,0.9283556409823916,0.9390817012753623,0.9555921052631579,0.9637142857142856,0.9460448489735149,0.9538866930171278
s1287,heart,0.9478,1,0.9913511378462578,0.958601458911905,1.0,0.9952083333333333,0.9554660317386651,1.0
s1287,hip_left,0.9828,1,0.9655937871202753,0.9514722208470069,0.9624060150375939,0.9622261904761903,0.9455560416032225,0.9538866930171278
s1287,hip_right,0.98,1,0.9870198544445296,0.9574769703968995,1.0,0.9855833333333333,0.952766708736204,0.9929078014184397
s1287,humerus_left,0.9435,1,0.861007469978633,0.9089098255412345,0.9251101321585903,0.8822083333333333,0.912284735120145,0.9172413793103448
s1287,humerus_right,0.913,1,0.785861240818012,0.859972152234948,0.8798076923076923,0.7574166666666667,0.8237851569786032,0.7751479289940828
s1287,iliac_artery_left,0.926,1,0.7233821345041336,0.8040076178680491,0.7927927927927928,0.760041666666667,0.8262136187314423,0.7751479289940828
s1287,iliac_artery_right,0.9301,1,0.7626269393073862,0.8409078259017937,0.8103448275862069,0.7605416666666668,0.8266731749201752,0.7751479289940828
s1287,iliac_vena_left,0.9083,1,0.7809952970402695,0.8561447219803707,0.8798076923076923,0.8021458333333336,0.8616217008487079,0.8426966292134831
s1287,iliac_vena_right,0.7395,0,0.7118735055774797,0.7920297075733834,0.7631578947368421,0.7511339285714285,0.8178646496688144,0.7751479289940828
s1287,iliopsoas_left,0.9441,1,0.9594544719114824,0.9496082896459938,0.9555921052631579,0.9818333333333333,0.9516734815665101,0.9814814814814815
s1287,iliopsoas_right,0.9615,1,0.9708541233755844,0.9530170643988436,0.9624060150375939,0.9887500000000001,0.9536715348571169,0.9929078014184397
s1287,inferior_vena_cava,0.837,0,0.8305062619129739,0.8912333693311443,0.8798076923076923,0.8347500000000001,0.884703833950698,0.8811475409836066
s1287,kidney_left,0.9494,1,0.9339313171475048,0.9411095039865528,0.9555921052631579,0.9337738095238095,0.9353711045416626,0.9538866930171278
s1287,kidney_right,0.9386,1,0.9334188959842459,0.9409258150767488,0.9555921052631579,0.9378988095238096,0.9369507328468194,0.9538866930171278
s1287,liver,0.9635,1,0.9135853456031385,0.9333903406508355,0.9555921052631579,0.9356666666666665,0.9361004788278035,0.9538866930171278
s1287,lung_lower_lobe_left,0.9916,1,0.9978715612718828,0.9602407831850714,1.0,0.9947499999999999,0.9553408953307353,1.0
s1287,lung_lower_lobe_right,0.9239,1,0.9934580316588043,0.9591381121829486,1.0,0.9955833333333333,0.9555681673556237,1.0
s1287,lung_middle_lobe_right,0.7908,0,0.9358570919393417,0.941795064079443,0.9555921052631579,0.9279444444444445,0.9330759280474119,0.9538866930171278
s1287,lung_upper_lobe_left,0.9936,1,0.988605588203046,0.9578920060652423,1.0,0.9941249999999999,0.9551697145144568,1.0
s1287,lung_upper_lobe_right,0.9791,1,0.9819528216704895,0.9561244169056354,0.9723756906077348,0.99625,0.9557491905278985,1.0
s1287,pancreas,0.8763,0,0.6096555552391546,0.6630736642499946,0.5917602996254682,0.6420922619047619,0.6906629611549251,0.6822429906542056
s1287,portal_vein_and_splenic_vein,0.7696,0,0.38955073749030483,0.32201199393459407,0.3088235294117647,0.34149999999999997,0.2454664425207932,0.25
s1287,prostate,0.6861,0,0.36317815963008804,0.2860043255177328,0.3,0.36511904761904757,0.2745634134345025,0.25
s1287,pulmonary_vein,0.7127,0,0.8476392727585491,0.9015047060920601,0.8798076923076923,0.87075,0.906228673355105,0.8811475409836066
s1287,rib_left_1,0.9362,1,0.8261311240940243,0.8884637888672126,0.8798076923076923,0.8235833333333333,0.877201730994405,0.8648648648648649
s1287,rib_left_10,0.9576,1,0.9128600741886551,0.9330985178184511,0.9555921052631579,0.9337916666666666,0.9353780215068721,0.9538866930171278
s1287,rib_left_11,0.9542,1,0.5359033596939468,0.5500042796542787,0.5917602996254682,0.6878958333333334,0.7496458634631606,0.6822429906542056
s1287,rib_left_12,0.8567,0,0.6666405647236209,0.739825829388303,0.6666666666666666,0.7411369047619049,0.8081272288772209,0.77
s1287,rib_left_2,0.9425,1,0.938460765293206,0.9427100500849305,0.9555921052631579,0.9572023809523809,0.9438748353771107,0.9538866930171278
s1287,rib_left_3,0.9108,1,0.943528127017592,0.9444522154616176,0.9555921052631579,0.9731249999999999,0.9490414330598518,0.9538866930171278
s1287,rib_left_4,0.9334,1,0.8127077894875967,0.8795789558716184,0.8798076923076923,0.8868779761904761,0.9146498207964646,0.9172413793103448
s1287,rib_left_5,0.9498,1,0.8928528693325979,0.9245663750496924,0.9347826086956522,0.9077003968253969,0.9245060007040834,0.9276315789473685
s1287,rib_left_6,0.9424,1,0.8331776020988998,0.8928945635901604,0.8798076923076923,0.8832023809523807,0.9127931132470414,0.9172413793103448
s1287,rib_left_7,0.9525,1,0.8685867213280861,0.9128823156811893,0.9251101321585903,0.9058690476190473,0.9236828643454801,0.9276315789473685
s1287,rib_left_8,0.963,1,0.843269584410763,0.898970217090352,0.8798076923076923,0.8690773809523811,0.9053139067277389,0.8811475409836066
s1287,rib_left_9,0.9614,1,0.8856215586850681,0.9212438052630638,0.9251101321585903,0.9449999999999997,0.9395859644082787,0.9538866930171278
s1287,rib_right_1,0.9009,1,0.8647915400292541,0.9109131343346801,0.9251101321585903,0.908125,0.9246956793265029,0.9276315789473685
s1287,rib_right_10,0.5227,0,0.20484740253712277,0.125927124114208,0.12727272727272726,0.20346527777777776,0.11842295181092573,0.125
s1287,rib_right_11,0.0839,0,0.18867622885460508,0.11487309154457923,0.12727272727272726,0.17445833333333333,0.10035169440251085,0.09090909090909091
s1287,rib_right_12,0.0554,0,0.38690266942860824,0.31828954231028334,0.3088235294117647,0.38079166666666653,0.29501234172212326,0.25
s1287,rib_right_2,0.9439,1,0.7024988865354045,0.781880188958473,0.6842105263157895,0.7689345238095237,0.8342442484923492,0.7751479289940828
s1287,rib_right_3,0.9104,1,0.7370615665030141,0.817556955927079,0.7927927927927928,0.7861517857142857,0.8489432945593407,0.7751479289940828
s1287,rib_right_4,0.9252,1,0.9394179141889626,0.9430430040599076,0.9555921052631579,0.9525,0.9422570571576508,0.9538866930171278
s1287,rib_right_5,0.92,1,0.9133252773869244,0.9332858348528129,0.9555921052631579,0.9565892857142859,0.9436663517354562,0.9538866930171278
s1287,rib_right_6,0.9392,1,0.8459774825768622,0.9005475837627989,0.8798076923076923,0.913327380952381,0.9269843867129014,0.9538866930171278
s1287,rib_right_7,0.9153,1,0.7162755713228539,0.7966739596570498,0.7631578947368421,0.85125,0.89505782417338,0.8811475409836066
s1287,rib_right_8,0.8339,0,0.1539240806378287,0.09394825371811096,0.12727272727272726,0.2212142857142857,0.13082132138907893,0.17777777777777778
s1287,rib_right_9,0.7616,0,0.1480871572723609,0.09078805838163169,0.12727272727272726,0.14041666666666666,0.08230313147099144,0.09090909090909091
s1287,sacrum,0.8104,0,0.8160539164363608,0.8818492976888515,0.8798076923076923,0.8818392857142857,0.9120953150484529,0.9172413793103448
s1287,scapula_left,0.9072,1,0.9750890636294461,0.9542266862621983,0.9723756906077348,0.9898333333333333,0.9539772775477413,1.0
s1287,scapula_right,0.9047,1,0.947878917209973,0.945908119482406,0.9555921052631579,0.9808333333333334,0.9513779217793791,0.9814814814814815
s1287,small_bowel,0.9283,1,0.5986569207156045,0.6470246828536111,0.5917602996254682,0.5789583333333332,0.5983670383846024,0.6074498567335244
s1287,spinal_cord,0.8891,0,0.9835277989252532,0.9565491674532852,0.9723756906077348,0.9924583333333332,0.954710170061873,1.0
s1287,spleen,0.9256,1,0.8046218518584783,0.8739368810818557,0.8798076923076923,0.8221369047619048,0.8761998383925537,0.8648648648648649
s1287,sternum,0.8671,0,0.7627442976635004,0.8410092019681541,0.8103448275862069,0.8092083333333335,0.8669297488524993,0.8426966292134831
s1287,stomach,0.9166,1,0.9183207695347033,0.9352668196900834,0.9555921052631579,0.9360833333333334,0.9362599997892382,0.9538866930171278
s1287,subclavian_artery_left,0.716,0,0.6401654895227696,0.7055923617917569,0.6170212765957447,0.65325,0.7057264677364908,0.6822429906542056
s1287,subclavian_artery_right,0.6663,0,0.6123204788514189,0.6669079987136235,0.5917602996254682,0.6459583333333333,0.6959305749947208,0.6822429906542056
s1287,superior_vena_cava,0.8509,0,0.823231381454022,0.8865943560569584,0.8798076923076923,0.8892916666666667,0.9158495148155384,0.9172413793103448
s1287,thyroid_gland,0.7637,0,0.7085679697384668,0.7884911962705227,0.7631578947368421,0.7547500000000003,0.8212909146976117,0.7751479289940828
s1287,trachea,0.9484,1,0.898918719008906,0.9272536509881097,0.9555555555555556,0.8979166666666667,0.920012241390698,0.9276315789473685
s1287,urinary_bladder,0.9539,1,0.6831363259698969,0.7598035062607663,0.6666666666666666,0.7365982142857145,0.803577172670673,0.77
s1287,vertebrae_C6,0.6404,0,0.41406306846723595,0.35750121242303123,0.3088235294117647,0.5234722222222223,0.5107776292450381,0.6074498567335244
s1287,vertebrae_C7,0.485,0,0.42708631501925837,0.37704385535663987,0.3181818181818182,0.36912500000000004,0.27970573226300705,0.25
s1287,vertebrae_L1,0.9722,1,0.9552747816089137,0.9483007322523973,0.9555921052631579,0.9669722222222222,0.9471005983361598,0.9538866930171278
s1287,vertebrae_L2,0.9762,1,0.9416554268268428,0.9438142649302248,0.9555921052631579,0.9500000000000003,0.9413792454044488,0.9538866930171278
s1287,vertebrae_L3,0.9793,1,0.9587351875479945,0.9493855241540937,0.9555921052631579,0.9735416666666665,0.9491704019845375,0.9538866930171278
s1287,vertebrae_L4,0.9805,1,0.9217707449700064,0.9366028163383968,0.9555921052631579,0.9372499999999999,0.9367046861017232,0.9538866930171278
s1287,vertebrae_L5,0.9788,1,0.949886558057265,0.9465677392169353,0.9555921052631579,0.9632083333333334,0.9458791205627275,0.9538866930171278
s1287,vertebrae_S1,0.6133,0,0.8182527098648552,0.8833209174599603,0.8798076923076923,0.8427083333333332,0.8898044134435162,0.8811475409836066
s1287,vertebrae_T1,0.4482,0,0.4240491386878595,0.37244768960137686,0.3181818181818182,0.390875,0.30862609581822753,0.25
s1287,vertebrae_T10,0.9683,1,0.9618805651936515,0.9503528327464998,0.9624060150375939,0.9663333333333333,0.9468951125300097,0.9538866930171278
s1287,vertebrae_T11,0.974,1,0.9593308679618915,0.94957007513893,0.9555921052631579,0.9679166666666665,0.9474029852602228,0.9538866930171278
s1287,vertebrae_T12,0.9732,1,0.9467107733405302,0.945520794741985,0.9555921052631579,0.9517083333333334,0.9419804268524041,0.9538866930171278
s1287,vertebrae_T2,0.5483,0,0.5863785326290037,0.62870971964994,0.5917602996254682,0.593125,0.6199754544334906,0.6074498567335244
s1287,vertebrae_T3,0.6799,0,0.4957332399208425,0.4853158286640346,0.5454545454545455,0.47830357142857155,0.4387299141632579,0.5
s1287,vertebrae_T4,0.7987,0,0.5746989293683629,0.6109368492117909,0.5917602996254682,0.5430416666666666,0.5420295617529342,0.6074498567335244
s1287,vertebrae_T5,0.8491,0,0.6884340812156746,0.7659923671348707,0.6666666666666666,0.6945833333333333,0.7576019981916842,0.6822429906542056
s1287,vertebrae_T6,0.8462,0,0.8491838997779115,0.9023869809115493,0.8798076923076923,0.8690833333333334,0.9053171762474859,0.8811475409836066
s1287,vertebrae_T7,0.8833,0,0.8406479759136976,0.8974219984513544,0.8798076923076923,0.9127083333333332,0.9267154423618761,0.9276315789473685
s1287,vertebrae_T8,0.9647,1,0.7780434350540536,0.8537807024234699,0.8798076923076923,0.8687499999999997,0.9051339273957046,0.8811475409836066
s1287,vertebrae_T9,0.974,1,0.9798779920946491,0.9555588131247903,0.9723756906077348,0.9738333333333334,0.9492604963590555,0.9538866930171278
s1278,adrenal_gland_left,0.8982,0,0.2917750856631076,0.19450693860660245,0.16793893129770993,0.2452529761904762,0.1404896247472615,0.14864864864864866
s1278,adrenal_gland_right,0.9159,1,0.2598291158918752,0.16354376916579572,0.16793893129770993,0.2879285714285715,0.17796446467246654,0.1875
s1278,aorta,0.9674,1,0.9743498560357523,0.9564631430900256,0.9727520435967303,0.9580416666666665,0.9469827470078656,0.9664351851851852
s1278,atrial_appendage_left,0.909,1,0.2331186819991345,0.1408070961338215,0.16793893129770993,0.24973214285714287,0.14408929821298763,0.14864864864864866
s1278,autochthon_left,0.9678,1,0.9920636600093508,0.9610853167193191,1.0,0.9866666666666666,0.9556875904285349,0.9733333333333334
s1278,autochthon_right,0.9616,1,0.9816360140470632,0.9584246341571481,0.9727520435967303,0.9929583333333334,0.9574094404167621,0.9859154929577465
s1278,brachiocephalic_trunk,0.9087,1,0.3867567785438777,0.31145528548203655,0.3384615384615385,0.3594821428571429,0.25750032085227265,0.367816091954023
s1278,brachiocephalic_vein_left,0.9452,1,0.3587245489676936,0.2731759540645468,0.3384615384615385,0.3963333333333333,0.306543866575165,0.367816091954023
s1278,brachiocephalic_vein_right,0.9494,1,0.3273572709535616,0.2340018088372509,0.2923076923076923,0.3405238095238097,0.2343612249446308,0.20388349514563106
s1278,clavicula_left,0.9669,1,0.8967550248216497,0.9293579735898385,0.946524064171123,0.9455000000000001,0.9426797934715053,0.9664351851851852
s1278,clavicula_right,0.9713,1,0.9532851320300793,0.9502839746858421,0.9712230215827338,0.960625,0.9478303877218984,0.9664351851851852
s1278,colon,0.958,1,0.5039297791583942,0.4952459900956617,0.5094339622641509,0.5023452380952381,0.470481349025753,0.4968944099378882
s1278,common_carotid_artery_left,0.9303,1,0.32429380468457675,0.2303927075613412,0.2923076923076923,0.34206547619047617,0.23618781708582354,0.20388349514563106
s1278,common_carotid_artery_right,0.7844,0,0.1387312868840227,0.08073979599295207,0.06666666666666667,0.17395833333333333,0.0927321573052971,0.06976744186046512
s1278,costal_cartilages,0.8689,0,0.4565109540730426,0.4176636362938793,0.4909090909090909,0.42520238095238105,0.3483687746311527,0.4166666666666667
s1278,duodenum,0.9066,1,0.1515118027604947,0.08723436084254489,0.09375,0.15879166666666664,0.08466415593084198,0.06976744186046512
s1278,esophagus,0.9312,1,0.5575160598614027,0.5829984637487535,0.5371428571428571,0.569655753968254,0.5805531654593736,0.5473684210526316
s1278,gallbladder,0.9192,1,0.29997560527974776,0.20313804080831535,0.16793893129770993,0.36058333333333337,0.2588892219833615,0.367816091954023
s1278,heart,0.94,1,0.9489703290620252,0.948919457119167,0.9692307692307692,0.9215416666666666,0.9335349284203366,0.9664351851851852
s1278,humerus_left,0.9779,1,0.862636884405626,0.9130460565826032,0.9104477611940298,0.9007499999999997,0.9245183595754839,0.9328859060402684
s1278,humerus_right,0.9705,1,0.8877660990595706,0.9253573365586526,0.946524064171123,0.9284583333333335,0.9363058698814988,0.9664351851851852
s1278,iliopsoas_left,0.8628,0,0.16089188278364847,0.09229788839154963,0.09375,0.20847222222222223,0.1137052730438644,0.06976744186046512
s1278,iliopsoas_right,0.928,1,0.1488983069877346,0.08586896338658996,0.06666666666666667,0.17580555555555555,0.09376066826648184,0.06976744186046512
s1278,inferior_vena_cava,0.8953,0,0.3326965824259005,0.2403854446942079,0.2923076923076923,0.39302380952380955,0.30193063603325865,0.367816091954023
s1278,kidney_cyst_right,0.0,0,0.36134682491758746,0.27663006067152923,0.3384615384615385,0.2655327380952381,0.15740266437908976,0.14864864864864866
s1278,kidney_left,0.9696,1,0.9486823941205406,0.9488271497573597,0.9692307692307692,0.9716666666666667,0.9513109830944934,0.9664351851851852
s1278,kidney_right,0.9544,1,0.8899854790550719,0.9263640497822145,0.946524064171123,0.9163333333333332,0.9313749063685445,0.9664351851851852
s1278,liver,0.9894,1,0.9787752489201137,0.95766478134506,0.9727520435967303,0.9811666666666667,0.9541281969430607,0.9664351851851852
s1278,lung_lower_lobe_left,0.9902,1,0.958333090944558,0.9518364946370452,0.9712230215827338,0.9717916666666666,0.9513490962191938,0.9664351851851852
s1278,lung_lower_lobe_right,0.9931,1,0.9774953118259779,0.957320532983351,0.9727520435967303,0.9780833333333335,0.9532312774431896,0.9664351851851852
s1278,lung_middle_lobe_right,0.9811,1,0.9720905229649216,0.9558371731778038,0.9727520435967303,0.9485833333333333,0.9437671296079498,0.9664351851851852
s1278,lung_upper_lobe_left,0.9939,1,0.9912271548753775,0.9608780462610977,1.0,0.9931666666666666,0.9574653478635152,0.9859154929577465
s1278,lung_upper_lobe_right,0.9895,1,0.9944588913111181,0.9616729981493206,1.0,0.9826666666666667,0.954558593545994,0.9664351851851852
s1278,pancreas,0.9182,1,0.5875945728515957,0.6303831361107586,0.5681818181818181,0.6518750000000001,0.7040125248504764,0.6222222222222222
s1278,portal_vein_and_splenic_vein,0.8008,0,0.19330106627988194,0.11187531284751039,0.125,0.2760238095238095,0.16678368998381324,0.16197289726701636
s1278,pulmonary_vein,0.9098,1,0.403802840362199,0.3361095661044579,0.37209302325581395,0.4034166666666667,0.3165479894527092,0.367816091954023
s1278,rib_left_1,0.9165,1,0.7131715705954572,0.7963610932038838,0.7402597402597403,0.7708154761904761,0.8388548191067956,0.7966101694915254
s1278,rib_left_10,0.9632,1,0.8958026253464731,0.9289436638276459,0.946524064171123,0.9224851190476191,0.9339193845620317,0.9664351851851852
s1278,rib_left_11,0.9632,1,0.8743140740766201,0.9189803825490488,0.946524064171123,0.8873541666666667,0.9181271553295226,0.9328859060402684
s1278,rib_left_12,0.9476,1,0.613207842953321,0.6688790596471559,0.5681818181818181,0.619833333333333,0.6582435332083912,0.6222222222222222
s1278,rib_left_2,0.96,1,0.9093597116851819,0.9346346626773726,0.9562841530054644,0.9385833333333332,0.9401684230459207,0.9664351851851852
s1278,rib_left_3,0.9598,1,0.9643525455626603,0.9536276412050692,0.9727520435967303,0.9734166666666666,0.9518419974176389,0.9664351851851852
s1278,rib_left_4,0.9643,1,0.9529158010090473,0.9501685419368732,0.9712230215827338,0.9850416666666666,0.9552321979875399,0.9733333333333334
s1278,rib_left_5,0.8755,0,0.908184645776512,0.9341586661699351,0.9562841530054644,0.9648749999999999,0.9491970842801065,0.9664351851851852
s1278,rib_left_6,0.726,0,0.3059407588245545,0.20959365121977724,0.16793893129770993,0.27224404761904764,0.163353337613686,0.14864864864864866
s1278,rib_left_7,0.5973,0,0.3070995445909531,0.21086505221417698,0.16793893129770993,0.27745238095238095,0.1680951226110412,0.16666666666666666
s1278,rib_left_8,0.5481,0,0.24400182159886366,0.1497345960442913,0.16793893129770993,0.20380357142857147,0.11064358260717448,0.06976744186046512
s1278,rib_left_9,0.6724,0,0.2399714004493865,0.14637524771157603,0.16793893129770993,0.20375000000000004,0.11060887313514867,0.06976744186046512
s1278,rib_right_1,0.8904,0,0.6035689090534359,0.6546230499471785,0.5681818181818181,0.6923630952380954,0.7564111462494434,0.7422680412371134
s1278,rib_right_10,0.8213,0,0.1918271472665342,0.11091120450796625,0.09375,0.15295833333333336,0.08173432673074783,0.06976744186046512
s1278,rib_right_11,0.8185,0,0.8694946439492794,0.9165772643624117,0.9298245614035088,0.9181309523809523,0.9321276730178507,0.9664351851851852
s1278,rib_right_12,0.9682,1,0.7409508209477836,0.8245200173205248,0.7586206896551724,0.7163333333333334,0.784308507945473,0.7422680412371134
s1278,rib_right_2,0.9429,1,0.8671216413291402,0.9153703534170046,0.9298245614035088,0.8693571428571429,0.9087654692143836,0.890625
s1278,rib_right_3,0.9663,1,0.9661500298097252,0.9541500979382632,0.9727520435967303,0.9779375,0.9531884450841457,0.9664351851851852
s1278,rib_right_4,0.9742,1,0.9484419632597707,0.9487499505646061,0.9692307692307692,0.9629166666666665,0.9485715932353688,0.9664351851851852
s1278,rib_right_5,0.9739,1,0.909332585486401,0.9346237105550337,0.9562841530054644,0.9673333333333334,0.9499720848368961,0.9664351851851852
s1278,rib_right_6,0.9672,1,0.9241819824503136,0.9403698985886373,0.9562841530054644,0.9119583333333332,0.9295104219118603,0.9594594594594594
s1278,rib_right_7,0.789,0,0.38355267294749695,0.30693282984727444,0.3384615384615385,0.334625,0.2274630541894017,0.20388349514563106
s1278,rib_right_8,0.5409,0,0.2618328086631172,0.16536316500358497,0.16793893129770993,0.25470833333333337,0.14817799746883617,0.14864864864864866
s1278,rib_right_9,0.574,0,0.1758606376683794,0.10092599776105014,0.09375,0.131,0.07151720307189462,0.06976744186046512
s1278,scapula_left,0.9555,1,0.9529210822456591,0.9501701943520089,0.9712230215827338,0.9731666666666666,0.951766476235306,0.9664351851851852
s1278,scapula_right,0.9632,1,0.9905537214153174,0.96071041286118,1.0,0.9922916666666667,0.9572300643734492,0.9859154929577465
s1278,small_bowel,0.9431,1,0.1628221882832805,0.09337213960565464,0.09375,0.13844642857142858,0.07484255972538158,0.06976744186046512
s1278,spinal_cord,0.9473,1,0.8637055011060716,0.9136050714244549,0.9298245614035088,0.8712142857142859,0.9097743914038905,0.890625
s1278,spleen,0.9763,1,0.9483689448912327,0.9487264835231672,0.9692307692307692,0.9665892857142857,0.949738709995256,0.9664351851851852
s1278,sternum,0.902,1,0.9215530311994715,0.9393882473253248,0.9562841530054644,0.9277321428571429,0.9360200803408883,0.9664351851851852
s1278,stomach,0.9702,1,0.8006915163947285,0.8745780160547925,0.8615384615384616,0.8447499999999998,0.8944108275777627,0.8633879781420765
s1278,subclavian_artery_left,0.9462,1,0.5215150100410413,0.5242786157905962,0.5371428571428571,0.4321904761904761,0.3588868472501895,0.45
s1278,subclavian_artery_right,0.8665,0,0.3829503664895496,0.30608679522810023,0.3384615384615385,0.41608333333333336,0.33486369924580617,0.4090909090909091
s1278,superior_vena_cava,0.9559,1,0.48388171712526806,0.4621974975470914,0.5,0.47042857142857136,0.41863208500811744,0.4968944099378882
s1278,thyroid_gland,0.8657,0,0.46304109429234575,0.4281950673578256,0.4909090909090909,0.4579166666666667,0.3987238157451195,0.45588235294117646
s1278,trachea,0.8191,0,0.879493725565977,0.9214926003931981,0.946524064171123,0.8189583333333332,0.8772631924979911,0.8387096774193549
s1278,urinary_bladder,0.0,0,0.07649264434429484,0.05501174377322498,0.0,0.06604166666666668,0.04781678288800666,0.0
s1278,vertebrae_C6,0.9557,1,0.17393347963790956,0.09977627139114861,0.09375,0.2164166666666667,0.11908500131643131,0.06976744186046512
s1278,vertebrae_C7,0.9644,1,0.7877180747482181,0.8648681269210836,0.8615384615384616,0.8321488095238092,0.8863136313234893,0.8633879781420765
s1278,vertebrae_L1,0.9819,1,0.9617838549152137,0.9528711872563707,0.9727520435967303,0.9769166666666667,0.9528875725722804,0.9664351851851852
s1278,vertebrae_L2,0.9809,1,0.7242465164539524,0.8079726361354771,0.7415730337078649,0.8201785714285715,0.8781257831704067,0.8387096774193549
s1278,vertebrae_T1,0.9756,1,0.8600729564866663,0.9116914492286351,0.9104477611940298,0.8576845238095236,0.9021889541310383,0.8633879781420765
s1278,vertebrae_T10,0.9727,1,0.9817148022522336,0.9584453755405439,0.9727520435967303,0.9817083333333333,0.9542840637424682,0.9664351851851852
s1278,vertebrae_T11,0.9722,1,0.9062788714881275,0.9333798190937651,0.9562841530054644,0.9015059523809523,0.9248650213412274,0.9328859060402684
s1278,vertebrae_T12,0.9759,1,0.9626235927446548,0.9531197633605466,0.9727520435967303,0.9797916666666667,0.9537302601242666,0.9664351851851852
s1278,vertebrae_T2,0.9802,1,0.9123101299062252,0.935815746433991,0.9562841530054644,0.9459940476190476,0.9428553381631385,0.9664351851851852
s1278,vertebrae_T3,0.9754,1,0.8915245703158108,0.9270548288067755,0.946524064171123,0.9320654761904763,0.9377078917658037,0.9664351851851852
s1278,vertebrae_T4,0.9762,1,0.9063936819323463,0.9334269807378373,0.9562841530054644,0.9421904761904761,0.9414907361793554,0.9664351851851852
s1278,vertebrae_T5,0.9723,1,0.9478485214296432,0.9485589323742353,0.9692307692307692,0.9614583333333333,0.9481010777569707,0.9664351851851852
s1278,vertebrae_T6,0.9734,1,0.9198984256252644,0.9387626862409396,0.9562841530054644,0.9592499999999999,0.9473808305272199,0.9664351851851852
s1278,vertebrae_T7,0.9711,1,0.9645563205376958,0.9536871539129963,0.9727520435967303,0.9810416666666667,0.9540921559068483,0.9664351851851852
s1278,vertebrae_T8,0.977,1,0.959742600067813,0.9522617084826169,0.9712230215827338,0.985625,0.9553961831473659,0.9733333333333334
s1278,vertebrae_T9,0.9736,1,0.9234786430192231,0.9401087399597193,0.9562841530054644,0.95025,0.9443467741650879,0.9664351851851852
s1233,adrenal_gland_left,0.7759,0,0.5715618157059893,0.604509577219047,0.5596330275229359,0.5835416666666667,0.601149907868556,0.5966850828729282
s1233,adrenal_gland_right,0.7774,0,0.43958049468765403,0.3835693594569893,0.4084507042253521,0.492875,0.4466090014262145,0.4810126582278481
s1233,aorta,0.9711,1,0.9890370105678223,0.9632811479675537,0.9916317991631799,0.9804166666666667,0.9586912213258365,0.9922480620155039
s1233,atrial_appendage_left,0.7737,0,0.4851993003984225,0.45914436215737553,0.5116279069767442,0.5291845238095237,0.5089415354118464,0.4827586206896552
s1233,autochthon_left,0.9466,1,0.9951528325325184,0.9647260763828385,0.9916317991631799,0.9908333333333332,0.9614415578780869,0.9922480620155039
s1233,autochthon_right,0.9475,1,1.0,0.9658322061632316,1.0,0.9979166666666666,0.963210472233219,0.9922480620155039
s1233,brachiocephalic_trunk,0.8913,0,0.617175363756678,0.6758780360175084,0.5596330275229359,0.643422619047619,0.6948310653200002,0.6328125
s1233,brachiocephalic_vein_left,0.8883,0,0.6281013916358734,0.6919587579914126,0.6666666666666666,0.6645416666666667,0.7247807321415018,0.6328125
s1233,brachiocephalic_vein_right,0.9133,1,0.5976654209966684,0.646123198691963,0.5596330275229359,0.6889166666666666,0.7569868759073721,0.6845238095238149
s1233,clavicula_left,0.9617,1,0.8953048203752582,0.932691824730289,0.9109461966604824,0.9366666666666665,0.9449599914542706,0.94
s1233,clavicula_right,0.9172,1,0.9481335673442379,0.9520530825323839,0.9664429530201343,0.9507916666666667,0.9498075697476739,0.9732739420935412
s1233,colon,0.9139,1,0.4360812934520317,0.37795133635074857,0.4084507042253521,0.4717083333333334,0.4109094119859518,0.4810126582278481
s1233,common_carotid_artery_left,0.8721,0,0.4497634299127058,0.4000911186445376,0.4084507042253521,0.5574940476190475,0.5574466848107076,0.5294117647058824
s1233,common_carotid_artery_right,0.8128,0,0.3810310220831352,0.29460689889762437,0.3105263157894737,0.4759166666666666,0.4179452070961148,0.4810126582278481
s1233,costal_cartilages,0.8583,0,0.07085168909866162,0.04809647645564834,0.0,0.08283333333333331,0.045680491459367076,0.0
s1233,duodenum,0.9311,1,0.4259942648763555,0.361943273269483,0.3105263157894737,0.4928273809523808,0.4465279212279464,0.4810126582278481
s1233,esophagus,0.9103,1,0.7682569016586356,0.8536687632779251,0.8,0.8153035714285716,0.8815260971457143,0.8705035971223022
s1233,femur_left,0.972,1,0.8977423940377578,0.9337263855199845,0.9109461966604824,0.9356428571428572,0.9445919840175752,0.94
s1233,femur_right,0.9801,1,0.9243374118305253,0.9440905283072027,0.9655172413793104,0.948916666666667,0.949188154343208,0.9732739420935412
s1233,gallbladder,0.8284,0,0.7216849333004111,0.8094657277069531,0.7272727272727273,0.7582083333333333,0.8339118863362833,0.8255813953488372
s1233,gluteus_maximus_left,0.936,1,0.7981412141665561,0.8773063126090657,0.8819444444444444,0.7822099567099566,0.8555691853314707,0.8255813953488372
s1233,gluteus_maximus_right,0.9638,1,0.9133669471852854,0.9400141230627242,0.9565217391304348,0.9358333333333335,0.9446606254488162,0.94
s1233,gluteus_medius_left,0.9232,1,0.9549583740201729,0.9541304654348843,0.9842105263157894,0.9760833333333335,0.9574926030584154,0.9922480620155039
s1233,gluteus_medius_right,0.9448,1,0.9198668071343654,0.9424617845460714,0.9655172413793104,0.965875,0.9545362570210795,0.9732739420935412
s1233,gluteus_minimus_left,0.8361,0,0.6381138511332527,0.7062980263831483,0.6666666666666666,0.6538214285714288,0.7098065952331797,0.6328125
s1233,gluteus_minimus_right,0.9106,1,0.8245714835724369,0.8954012289009886,0.9109461966604824,0.8783749999999999,0.9199366744129596,0.92
s1233,heart,0.9128,1,0.9412495842890172,0.9498673735427773,0.9664429530201343,0.9451666666666667,0.9479275590724807,0.9732739420935412
s1233,hip_left,0.9685,1,0.966530003042233,0.9574582162778282,0.9842105263157894,0.9687083333333333,0.9553758860783362,0.9732739420935412
s1233,hip_right,0.9703,1,0.9286183067744912,0.9456094218525712,0.9655172413793104,0.9402083333333333,0.9462153584169204,0.94
s1233,humerus_left,0.8615,0,0.7639678348107788,0.8499825753396569,0.7928994082840237,0.7489583333333333,0.8248967219672013,0.8255813953488372
s1233,humerus_right,0.9615,1,0.9048332887355786,0.9366524748418711,0.9565217391304348,0.9333472222222226,0.9437583849413044,0.94
s1233,iliac_artery_left,0.8256,0,0.5223073503812442,0.5222095220026055,0.5217391304347826,0.585357142857143,0.6041450017094111,0.5966850828729282
s1233,iliac_artery_right,0.9255,1,0.5165671474261314,0.5124497086828048,0.5217391304347826,0.6372797619047619,0.6857841083270073,0.6328125
s1233,iliac_vena_left,0.8624,0,0.5476284968713427,0.5649604824160775,0.5596330275229359,0.6342023809523809,0.6811976585086297,0.6328125
s1233,iliac_vena_right,0.8708,0,0.5293417268824974,0.534145920726734,0.5416666666666666,0.6677500000000001,0.72916782758084,0.6328125
s1233,iliopsoas_left,0.9378,1,0.9660217744372814,0.9573170300175168,0.9842105263157894,0.9698333333333333,0.9557051516085806,0.9732739420935412
s1233,iliopsoas_right,0.9397,1,0.9228409388501896,0.9435502169908109,0.9655172413793104,0.9595833333333332,0.9526176849611712,0.9732739420935412
s1233,inferior_vena_cava,0.8636,0,0.5374333659147704,0.5478273191725747,0.5596330275229359,0.6000833333333331,0.6281342581664505,0.5966850828729282
s1233,kidney_left,0.9237,1,0.7761566725395468,0.8602614667353915,0.8235294117647058,0.8108690476190477,0.878298013764613,0.8705035971223022
s1233,kidney_right,0.9362,1,0.7993191980149682,0.8781671244132101,0.8819444444444444,0.8283690476190477,0.8906088506246828,0.8705035971223022
s1233,liver,0.9631,1,0.9727259439382321,0.9591439442586974,0.9901960784313726,0.9827678571428572,0.959327968091084,0.9922480620155039
s1233,lung_lower_lobe_left,0.9899,1,0.9975,0.9652659460974231,1.0,0.998,0.963230811290344,0.9922480620155039
s1233,lung_lower_lobe_right,0.9872,1,0.99068470208332,0.9636759433682993,0.9916317991631799,0.9895833333333333,0.9611210334888884,0.9922480620155039
s1233,lung_middle_lobe_right,0.97,1,0.9851605030755226,0.9623359752420144,0.9916317991631799,0.9715416666666669,0.9562007202955971,0.9732739420935412
s1233,lung_upper_lobe_left,0.9908,1,0.9932977395645541,0.9642936772386613,0.9916317991631799,0.98375,0.9595911587317233,0.9922480620155039
s1233,lung_upper_lobe_right,0.9835,1,0.9941216718853716,0.964486352146336,0.9916317991631799,0.9891666666666667,0.9610136249893814,0.9922480620155039
s1233,pancreas,0.8312,0,0.5545710740764958,0.5765419964661893,0.5596330275229359,0.5412569444444444,0.5297004515868884,0.5294117647058824
s1233,portal_vein_and_splenic_vein,0.6685,0,0.32622817335111476,0.223343200747346,0.3105263157894737,0.28825,0.16463646541449176,0.25
s1233,pulmonary_vein,0.9019,1,0.545054391585397,0.5606476073010653,0.5596330275229359,0.6183511904761904,0.657027553086046,0.5966850828729282
s1233,rib_left_1,0.9276,1,0.905215905310251,0.9368068893201507,0.9565217391304348,0.9272916666666667,0.9415025561658826,0.94
s1233,rib_left_10,0.9571,1,0.9795291892314983,0.9609211991641661,0.9916317991631799,0.9847916666666667,0.9598685173324718,0.9922480620155039
s1233,rib_left_11,0.7903,0,0.9147294308580695,0.940535140685679,0.9565217391304348,0.9062440476190478,0.9329859779426971,0.9323671497584541
s1233,rib_left_12,0.8233,0,0.8815898173757704,0.9265866601988177,0.9109461966604824,0.9209166666666665,0.9390362125923492,0.9323671497584541
s1233,rib_left_2,0.9546,1,0.9839496884969057,0.9620359917005882,0.9916317991631799,0.9851666666666666,0.9599679191789835,0.9922480620155039
s1233,rib_left_3,0.9482,1,0.9219117393397823,0.9432122568288276,0.9655172413793104,0.9633333333333333,0.9537702766609345,0.9732739420935412
s1233,rib_left_4,0.9611,1,0.9789541349586952,0.9607738892497624,0.9916317991631799,0.9725416666666666,0.9564883499372006,0.9732739420935412
s1233,rib_left_5,0.9461,1,0.9847194133167878,0.9622269583634565,0.9916317991631799,0.9879166666666666,0.9606896887722854,0.9922480620155039
s1233,rib_left_6,0.945,1,0.9228676293396011,0.9435598966254602,0.9655172413793104,0.9704166666666667,0.9558749684908033,0.9732739420935412
s1233,rib_left_7,0.9518,1,0.9867756818574962,0.9627325974763502,0.9916317991631799,0.9859166666666667,0.9601660154835508,0.9922480620155039
s1233,rib_left_8,0.9506,1,0.9414094405958999,0.9499191831958638,0.9664429530201343,0.9477083333333334,0.9487851491054916,0.9732739420935412
s1233,rib_left_9,0.9617,1,0.9981354748603352,0.9654107355114625,1.0,0.9954166666666666,0.962595245088617,0.9922480620155039
s1233,rib_right_1,0.9112,1,0.906940548152211,0.9374985642201109,0.9565217391304348,0.914375,0.9364045560380424,0.9323671497584541
s1233,rib_right_10,0.9256,1,0.9250837676258022,0.9443581831212059,0.9655172413793104,0.9414374999999999,0.9466446977214396,0.94
s1233,rib_right_11,0.8665,0,0.93449850169837,0.947632439818508,0.9664429530201343,0.9101607142857142,0.9346534894872743,0.9323671497584541
s1233,rib_right_12,0.9098,1,0.885293594791176,0.9282839099657767,0.9109461966604824,0.9116250000000001,0.9352669367017307,0.9323671497584541
s1233,rib_right_2,0.9507,1,0.9672180551637466,0.9576486467246572,0.9842105263157894,0.9691666666666667,0.9555103120172254,0.9732739420935412
s1233,rib_right_3,0.9211,1,0.9712229708211504,0.9587410015003915,0.9901960784313726,0.9729166666666665,0.9565957455462346,0.9732739420935412
s1233,rib_right_4,0.9425,1,0.9839329862995763,0.9620318376674739,0.9916317991631799,0.9974107142857143,0.9630867526226352,0.9922480620155039
s1233,rib_right_5,0.9145,1,0.9480325684428056,0.952021678626155,0.9664429530201343,0.9772916666666666,0.9578301354647225,0.9922480620155039
s1233,rib_right_6,0.9548,1,0.9551295130846065,0.954181440943159,0.9842105263157894,0.9827083333333332,0.9593119644926495,0.9922480620155039
s1233,rib_right_7,0.9345,1,0.9822229410613146,0.9616042110963758,0.9916317991631799,0.9940000000000001,0.9622422390525329,0.9922480620155039
s1233,rib_right_8,0.9496,1,0.9676405670608252,0.9577651802339116,0.9842105263157894,0.97025,0.9558265128483692,0.9732739420935412
s1233,rib_right_9,0.9636,1,0.9898479380234373,0.9634759635104208,0.9916317991631799,0.9904166666666666,0.9613349992488023,0.9922480620155039
s1233,sacrum,0.9219,1,0.7733376053353735,0.8579378598316634,0.8,0.7815416666666666,0.8549993191008888,0.8255813953488372
s1233,scapula_left,0.9213,1,0.9351262758087877,0.9478441710396566,0.9664429530201343,0.9588541666666666,0.9523904204890341,0.9732739420935412
s1233,scapula_right,0.9402,1,0.9877731427339735,0.9629755247792661,0.9916317991631799,0.981875,0.9590872800363314,0.9922480620155039
s1233,skull,0.8929,0,0.8106865348520894,0.8862092300552674,0.8819444444444444,0.7627470238095236,0.8381976224253227,0.8255813953488372
s1233,small_bowel,0.9269,1,0.4800195934467238,0.45039904384417095,0.5116279069767442,0.6837916666666666,0.7504328638931578,0.6785714285714286
s1233,spinal_cord,0.9393,1,0.846332542107359,0.9084887267457746,0.9109461966604824,0.8678750000000002,0.9144442364424085,0.92
s1233,spleen,0.9268,1,0.8981338892743854,0.9338911618373934,0.9109461966604824,0.9137083333333333,0.9361304926594133,0.9323671497584541
s1233,sternum,0.9203,1,0.8311885079794089,0.8995467170647452,0.9109461966604824,0.8081190476190473,0.8762583189096691,0.8705035971223022
s1233,stomach,0.8817,0,0.551748499991309,0.5718428089338854,0.5596330275229359,0.6074583333333334,0.6399231159817605,0.5966850828729282
s1233,subclavian_artery_left,0.8794,0,0.3247753490404778,0.22163186752875838,0.3105263157894737,0.4132916666666667,0.3180682356970576,0.2857142857142857
s1233,subclavian_artery_right,0.8229,0,0.35806483249794974,0.2631810987675136,0.3105263157894737,0.4380297619047619,0.35612272474557144,0.35
s1233,superior_vena_cava,0.9419,1,0.5620234993553672,0.5888807871766908,0.5596330275229359,0.6623809523809525,0.7218014437495425,0.6328125
s1233,thyroid_gland,0.5519,0,0.1472392949943395,0.07834134374724204,0.0851063829787234,0.1733333333333334,0.08197310833796496,0.07142857142857142
s1233,trachea,0.93,1,0.8666512922641167,0.9193597218508157,0.9109461966604824,0.8530396825396823,0.906101890514705,0.8928571428571429
s1233,urinary_bladder,0.869,0,0.7771396682749026,0.8610641806424085,0.8235294117647058,0.8113809523809523,0.8786744846565185,0.8705035971223022
s1233,vertebrae_C5,0.8953,0,0.5185172494484646,0.5157668194459405,0.5217391304347826,0.4422857142857143,0.3628740098312045,0.47619047619047616
s1233,vertebrae_C6,0.817,0,0.64218488051636,0.7120155108053756,0.6666666666666666,0.6815833333333334,0.7475726699917454,0.6785714285714286
s1233,vertebrae_C7,0.8143,0,0.9429328921294678,0.950410397118275,0.9664429530201343,0.9237896825396824,0.9401595304749777,0.9323671497584541
s1233,vertebrae_L1,0.9692,1,0.9453752308513432,0.9511883742834619,0.9664429530201343,0.9743750000000001,0.957010994274375,0.9922480620155039
s1233,vertebrae_L2,0.9662,1,0.9459049934125301,0.9513555889840594,0.9664429530201343,0.9733333333333334,0.9567147772074949,0.9732739420935412
s1233,vertebrae_L3,0.9609,1,0.943354600703714,0.9505455616467159,0.9664429530201343,0.9582083333333334,0.952188264641801,0.9732739420935412
s1233,vertebrae_L4,0.9622,1,0.9385695344674981,0.9489911709908425,0.9664429530201343,0.9490000000000001,0.9492158368989091,0.9732739420935412
s1233,vertebrae_L5,0.9594,1,0.9758701397733822,0.9599747416300998,0.9916317991631799,0.984375,0.9597577934654303,0.9922480620155039
s1233,vertebrae_S1,0.8671,0,0.96180539758631,0.9561283366702734,0.9842105263157894,0.9631250000000001,0.9537069496693734,0.9732739420935412
s1233,vertebrae_T1,0.8852,0,0.8958283673699806,0.9329152858282285,0.9109461966604824,0.9114980158730159,0.9352139509985087,0.9323671497584541
s1233,vertebrae_T10,0.9485,1,0.996266294227188,0.9649831831822834,1.0,0.9882500000000001,0.9607763233150578,0.9922480620155039
s1233,vertebrae_T11,0.9579,1,0.92347840242876,0.9437809749936622,0.9655172413793104,0.9620000000000001,0.953363555341458,0.9732739420935412
s1233,vertebrae_T12,0.9611,1,0.8674117148610506,0.919742775538251,0.9109461966604824,0.8819583333333331,0.9217362078859042,0.92
s1233,vertebrae_T2,0.9511,1,0.9335436504346829,0.9473088368838307,0.9664429530201343,0.908498015873016,0.9339503659696469,0.9323671497584541
s1233,vertebrae_T3,0.9424,1,0.9569931326777045,0.9547330584952656,0.9842105263157894,0.9621527777777779,0.9534103309109297,0.9732739420935412
s1233,vertebrae_T4,0.9444,1,0.940629932391279,0.9496660633004858,0.9664429530201343,0.9475119047619047,0.9487193508516863,0.9732739420935412
s1233,vertebrae_T5,0.9371,1,0.9824595835350258,0.9616636621802049,0.9916317991631799,0.9820833333333333,0.9591435622595252,0.9922480620155039
s1233,vertebrae_T6,0.9475,1,0.9397757823700081,0.9493873150051785,0.9664429530201343,0.9404583333333332,0.9463029448163747,0.94
s1233,vertebrae_T7,0.9485,1,0.9612212911235257,0.9559611927861679,0.9842105263157894,0.9761666666666667,0.9575159638078169,0.9922480620155039
s1233,vertebrae_T8,0.9439,1,0.9862468963376785,0.9626031933156596,0.9916317991631799,0.9858333333333333,0.9601440512669117,0.9922480620155039
s1233,vertebrae_T9,0.9325,1,0.9980842644320298,0.9653990890904184,1.0,0.9903333333333333,0.9613136536321062,0.9922480620155039
s1337,adrenal_gland_left,0.7518,0,0.4299977423469484,0.3814705968956398,0.46153846153846156,0.49111309523809515,0.45903296851582126,0.5
s1337,adrenal_gland_right,0.758,0,0.40289016739184885,0.3411020088661951,0.3088235294117647,0.45007142857142846,0.39478881206651145,0.43478260869565216
s1337,aorta,0.9763,1,0.9738939244321841,0.9538883550699786,0.9723756906077348,0.988,0.9534587358206789,0.9929078014184397
s1337,atrial_appendage_left,0.8102,0,0.2008229530370725,0.12309388393322913,0.12727272727272726,0.1970119047619048,0.11417345720802034,0.09090909090909091
s1337,autochthon_left,0.9562,1,0.9948024421626812,0.959477063430054,1.0,0.995,0.9554091930482722,1.0
s1337,autochthon_right,0.9458,1,0.9972631771612026,0.9600904974350466,1.0,0.99875,0.9564217818596082,1.0
s1337,brachiocephalic_trunk,0.9265,1,0.48560089682460833,0.4689913372696091,0.5454545454545455,0.5282916666666666,0.5184914704721771,0.6074498567335244
s1337,brachiocephalic_vein_left,0.9271,1,0.6664888094147975,0.7396371275822373,0.6666666666666666,0.7548095238095239,0.8213468899055877,0.7751479289940828
s1337,brachiocephalic_vein_right,0.9296,1,0.48742603654962574,0.4719279908729376,0.5454545454545455,0.5657083333333334,0.5778030736487717,0.6074498567335244
s1337,clavicula_left,0.9657,1,0.7650969229641784,0.84303040125044,0.8103448275862069,0.8856249999999999,0.9140209483003413,0.9172413793103448
s1337,clavicula_right,0.9613,1,0.9628835218157932,0.9506575740508572,0.9624060150375939,0.9752083333333335,0.9496831945523035,0.9538866930171278
s1337,colon,0.7977,0,0.40971767693522204,0.3510809407213128,0.3088235294117647,0.4626249999999999,0.41416234368431754,0.5
s1337,common_carotid_artery_left,0.886,0,0.6265032548519112,0.6869360751711111,0.5917602996254682,0.650202380952381,0.7016545656076665,0.6822429906542056
s1337,common_carotid_artery_right,0.6891,0,0.19576446203823733,0.1196105613688471,0.12727272727272726,0.2455416666666667,0.14958886688088058,0.17777777777777778
s1337,costal_cartilages,0.8583,0,0.3261919477885123,0.23980515391139062,0.2698412698412698,0.37504166666666655,0.2874075465043762,0.25
s1337,duodenum,0.772,0,0.15551744162264292,0.09482789788557924,0.12727272727272726,0.21254166666666666,0.12463086117335402,0.125
s1337,esophagus,0.8878,0,0.7171172770656922,0.7975531226973518,0.7631578947368421,0.7824166666666664,0.8458483054593631,0.7751479289940828
s1337,gallbladder,0.8545,0,0.43135662141966874,0.38354354241270167,0.46153846153846156,0.5045625,0.48049637826508645,0.6074498567335244
s1337,heart,0.9392,1,0.9716985039573083,0.953260645063422,0.9723756906077348,0.9752500000000001,0.9496959513891184,0.9538866930171278
s1337,humerus_left,0.8178,0,0.4562349277193261,0.4221737565571725,0.4623655913978496,0.48894047619047604,0.4555778878163295,0.5
s1337,humerus_right,0.9536,1,0.8499219870461708,0.9028060750999156,0.8798076923076923,0.9030833333333333,0.9224149745446232,0.9276315789473685
s1337,iliopsoas_left,0.889,0,0.15908998673012842,0.09682702863253008,0.12727272727272726,0.17761309523809526,0.1021915623444853,0.09090909090909091
s1337,iliopsoas_right,0.8632,0,0.14191107914140014,0.08754873201420653,0.09090909090909091,0.13983333333333334,0.08202124844549874,0.09090909090909091
s1337,inferior_vena_cava,0.8751,0,0.5543729601185581,0.5793182109725105,0.5917602996254682,0.6214166666666667,0.6616674346238798,0.6074498567335244
s1337,kidney_left,0.9392,1,0.8621164204742456,0.9095010726240805,0.9251101321585903,0.8911666666666668,0.9167708696265969,0.9172413793103448
s1337,kidney_right,0.8503,0,0.23699356495969057,0.15060777487497423,0.1891891891891892,0.2785833333333333,0.1785647048694685,0.20833333333333334
s1337,liver,0.958,1,0.9428809126273643,0.9442325112918363,0.9555921052631579,0.9299404761904762,0.9338702132458426,0.9538866930171278
s1337,lung_lower_lobe_left,0.9882,1,0.9836541331440267,0.9565830675593785,0.9723756906077348,0.9879166666666669,0.9534350341714739,0.9929078014184397
s1337,lung_lower_lobe_right,0.987,1,0.9899910457169944,0.9582514507633574,1.0,0.9894166666666669,0.9538599121342524,0.9929078014184397
s1337,lung_middle_lobe_right,0.9224,1,0.9753167836778123,0.9542908827842949,0.9723756906077348,0.9846250000000001,0.9524895849725992,0.9929078014184397
s1337,lung_upper_lobe_left,0.9907,1,0.9865897533478991,0.9573637273643878,1.0,0.9945833333333333,0.9552953081319524,1.0
s1337,lung_upper_lobe_right,0.9657,1,0.9667678778073585,0.9518211508135854,0.9624060150375939,0.9612500000000002,0.9452331202280138,0.9538866930171278
s1337,pancreas,0.8431,0,0.5740665742905686,0.6099656460797561,0.5917602996254682,0.68625,0.7476613582426562,0.6822429906542056
s1337,portal_vein_and_splenic_vein,0.6889,0,0.3950488674068165,0.32981304603734635,0.3088235294117647,0.5023125,0.4768985025218462,0.6074498567335244
s1337,pulmonary_vein,0.8824,0,0.3450304228481384,0.26268135861761377,0.2698412698412698,0.38482440476190477,0.30041513847501156,0.25
s1337,rib_left_1,0.8508,0,0.6458579164603058,0.7131714678562042,0.6170212765957447,0.7387797619047618,0.8057742869327652,0.77
s1337,rib_left_10,0.9637,1,0.9104640788586066,0.9321260004067974,0.9555921052631579,0.8803988095238094,0.9113524243372135,0.9172413793103448
s1337,rib_left_11,0.9427,1,0.895915196759872,0.9259342470741996,0.9555555555555556,0.9278273809523809,0.9330290708318587,0.9538866930171278
s1337,rib_left_12,0.9442,1,0.7250735665968553,0.8057233367323802,0.7927927927927928,0.8035952380952378,0.8627253463084451,0.8426966292134831
s1337,rib_left_2,0.9374,1,0.9394143437272006,0.9430417654235319,0.9555921052631579,0.9729166666666665,0.9489768325317745,0.9538866930171278
s1337,rib_left_3,0.9454,1,0.8684169688347321,0.9127950847910339,0.9251101321585903,0.9182738095238097,0.9291008969852471,0.9538866930171278
s1337,rib_left_4,0.9624,1,0.9510455510961284,0.9469450690728023,0.9555921052631579,0.9853333333333333,0.9526945640439446,0.9929078014184397
s1337,rib_left_5,0.9534,1,0.8059265661240532,0.8748623270806624,0.8798076923076923,0.8717500000000001,0.9067717885080351,0.8811475409836066
s1337,rib_left_6,0.9521,1,0.7851227306008416,0.8593967954635109,0.8798076923076923,0.8438571428571425,0.890524152328021,0.8811475409836066
s1337,rib_left_7,0.9429,1,0.8657257391797732,0.9114015502700712,0.9251101321585903,0.87175,0.9067717885080351,0.8811475409836066
s1337,rib_left_8,0.9649,1,0.9369307982500278,0.9421740367796976,0.9555921052631579,0.9197916666666669,0.9297389208231979,0.9538866930171278
s1337,rib_left_9,0.9485,1,0.8333184156705026,0.8929815071578698,0.8798076923076923,0.8724374999999999,0.907143541408184,0.8811475409836066
s1337,rib_right_1,0.8554,0,0.8741783345052179,0.9157118848098204,0.9251101321585903,0.8881547619047621,0.915286350436121,0.9172413793103448
s1337,rib_right_10,0.9649,1,0.9174997027307643,0.9349450241882056,0.9555921052631579,0.9188333333333333,0.9293367104813642,0.9538866930171278
s1337,rib_right_11,0.9455,1,0.8059084988052098,0.8748495516093973,0.8798076923076923,0.8771805555555559,0.9096721801231966,0.9172413793103448
s1337,rib_right_12,0.95,1,0.8104980886129041,0.8780591127273778,0.8798076923076923,0.8749464285714282,0.9084889315554472,0.9172413793103448
s1337,rib_right_2,0.9286,1,0.8370537236929175,0.8952652400959867,0.8798076923076923,0.9242916666666667,0.9315993990973664,0.9538866930171278
s1337,rib_right_3,0.9482,1,0.8340295949042332,0.8934196672509627,0.8798076923076923,0.8422738095238097,0.8895311017282918,0.8811475409836066
s1337,rib_right_4,0.7563,0,0.24380383261378907,0.15632139266900663,0.1891891891891892,0.2527083333333333,0.15552533205368435,0.17777777777777778
s1337,rib_right_5,0.6096,0,0.1495271983041543,0.09155870993923493,0.12727272727272726,0.1594345238095238,0.09198847545083867,0.09090909090909091
s1337,rib_right_6,0.6133,0,0.06646458785699726,0.055660467579708384,0.0,0.08,0.057399827475381617,0.0
s1337,rib_right_7,0.6871,0,0.07186276806279712,0.057521674958145336,0.0,0.09079166666666666,0.06125783122209754,0.0
s1337,rib_right_8,0.8311,0,0.9276731459580161,0.9388290463719261,0.9555921052631579,0.9627499999999999,0.9457285759298797,0.9538866930171278
s1337,rib_right_9,0.9683,1,0.9647528592450751,0.9512208315093194,0.9624060150375939,0.966875,0.9470693772537485,0.9538866930171278
s1337,scapula_left,0.9131,1,0.9968327069974636,0.9599838320316816,1.0,0.990125,0.9540592642182524,1.0
s1337,scapula_right,0.9523,1,0.9687212087578879,0.9523963918213546,0.9624060150375939,0.9933333333333333,0.9549519876566483,1.0
s1337,small_bowel,0.9191,1,0.4866949810385136,0.4707514763084879,0.5454545454545455,0.5214613095238095,0.5075573000377092,0.6074498567335244
s1337,spinal_cord,0.9326,1,0.8028296033730935,0.8726560796481295,0.8798076923076923,0.7479017857142857,0.8147591338742424,0.77
s1337,spleen,0.9566,1,0.9827675485889695,0.9563446302854596,0.9723756906077348,0.9891666666666667,0.9537893562274046,0.9929078014184397
s1337,sternum,0.9396,1,0.8840604178137451,0.9205091516127762,0.9251101321585903,0.922047619047619,0.9306773969052999,0.9538866930171278
s1337,stomach,0.9187,1,0.9258652070806734,0.9381550181747599,0.9555921052631579,0.930767857142857,0.9341968799493662,0.9538866930171278
s1337,subclavian_artery_left,0.8576,0,0.595570331284479,0.6424586312470572,0.5917602996254682,0.6167499999999999,0.6549411220284133,0.6074498567335244
s1337,subclavian_artery_right,0.8518,0,0.5671533373201424,0.59929253026879,0.5917602996254682,0.6024166666666667,0.6338998289012129,0.6074498567335244
s1337,superior_vena_cava,0.9261,1,0.43737263650533165,0.39277089569602675,0.4623655913978496,0.4912678571428571,0.4592792381824753,0.5
s1337,thyroid_gland,0.7772,0,0.7269187943586582,0.8075820329192446,0.7927927927927928,0.7202499999999997,0.7865151583349365,0.77
s1337,trachea,0.9264,1,0.7474674734081209,0.827368343554702,0.7927927927927928,0.7316666666666667,0.7985413864898991,0.77
s1337,vertebrae_C6,0.8846,0,0.3773622526416239,0.30507187921966716,0.3088235294117647,0.38410119047619035,0.29944207426177977,0.25
s1337,vertebrae_C7,0.9325,1,0.5627983557345414,0.5925196259250862,0.5917602996254682,0.6240000000000001,0.6653632305825157,0.6074498567335244
s1337,vertebrae_L1,0.9875,1,0.9561499418990579,0.9485771425920729,0.9555921052631579,0.9765416666666665,0.9500898973094876,0.9538866930171278
s1337,vertebrae_L2,0.9832,1,0.8916651080413364,0.9240296111224833,0.9347826086956522,0.9237499999999998,0.9313778926121943,0.9538866930171278
s1337,vertebrae_T1,0.9699,1,0.9866835545057394,0.9573884491878614,1.0,0.9760357142857145,0.9499359361421744,0.9538866930171278
s1337,vertebrae_T10,0.9836,1,0.9877591062711228,0.9576709396924143,1.0,0.99875,0.9564217818596082,1.0
s1337,vertebrae_T11,0.9833,1,0.9780833132266642,0.9550639778002558,0.9723756906077348,0.9975,0.9560867147384284,1.0
s1337,vertebrae_T12,0.9854,1,0.9799556076842709,0.9555800959505959,0.9723756906077348,0.990625,0.9541994894479543,1.0
s1337,vertebrae_T2,0.9749,1,0.9937791601866252,0.9592193206615885,1.0,0.9941666666666668,0.955181145998093,1.0
s1337,vertebrae_T3,0.9742,1,0.9793309340664591,0.9554085293670233,0.9723756906077348,0.9827083333333334,0.951930696696053,0.9929078014184397
s1337,vertebrae_T4,0.9735,1,0.9931135303265941,0.959050820950133,1.0,0.993125,0.9548945238637904,1.0
s1337,vertebrae_T5,0.9756,1,0.9942825548236256,0.9593463105331128,1.0,0.996875,0.9559182607787339,1.0
s1337,vertebrae_T6,0.9787,1,0.989058674719929,0.9580098797420294,1.0,0.9975,0.9560867147384284,1.0
s1337,vertebrae_T7,0.9806,1,0.9887542768273717,0.9579307232987534,1.0,0.9983333333333334,0.9563103648336111,1.0
s1337,vertebrae_T8,0.9814,1,0.9976014196573334,0.9601741186799739,1.0,0.9983333333333333,0.9563103648336111,1.0
s1337,vertebrae_T9,0.9835,1,0.9861962973445401,0.9572598804440917,1.0,0.99375,0.9550667060416578,1.0
s1286,aorta,0.3432,0,0.32099213636330376,0.2337365537319871,0.23300970873786409,0.34567857142857145,0.2504593895834909,0.25
s1286,autochthon_left,0.9636,1,0.8310020808554844,0.8915433984822596,0.8798076923076923,0.7573333333333335,0.8237076278577332,0.7751479289940828
s1286,autochthon_right,0.9633,1,0.8092955740089717,0.8772250959972937,0.8798076923076923,0.7401428571428572,0.8071376131239568,0.77
s1286,colon,0.8793,0,0.7603367803738564,0.8389190458984996,0.8103448275862069,0.7227599206349206,0.7892032415265186,0.77
s1286,costal_cartilages,0.7876,0,0.3658055258538495,0.2894820461578285,0.3,0.36330059523809516,0.2722486086177585,0.25
s1286,duodenum,0.5138,0,0.2695642103392346,0.17953776587251694,0.23300970873786409,0.2715208333333333,0.1720229105167335,0.20833333333333334
s1286,gallbladder,0.8959,0,0.6060635185871269,0.6578713027837416,0.5917602996254682,0.5879404761904763,0.6121176003835468,0.6074498567335244
s1286,iliopsoas_left,0.9317,1,0.51016084693772,0.5086061855468539,0.5454545454545455,0.4638674242424242,0.4160953219685702,0.5
s1286,iliopsoas_right,0.9386,1,0.5559262275705151,0.5817611042450801,0.5917602996254682,0.5165340909090907,0.4996646156092259,0.6074498567335244
s1286,inferior_vena_cava,0.0856,0,0.17032893129787202,0.1033633377163853,0.12727272727272726,0.2093214285714286,0.12239701567162595,0.125
s1286,kidney_left,0.8033,0,0.721243099365841,0.8018214948096349,0.7857142857142857,0.6891369047619048,0.7511354255684979,0.6822429906542056
s1286,kidney_right,0.8352,0,0.7431748559470277,0.8233724901361911,0.7927927927927928,0.7312916666666667,0.7981545383025156,0.77
s1286,liver,0.8789,0,0.745301424139012,0.8253610517386397,0.7927927927927928,0.7305416666666666,0.7973791777135896,0.77
s1286,pancreas,0.0,0,0.13939984369457875,0.08626173247512552,0.09090909090909091,0.11412499999999998,0.07044119029831607,0.0
s1286,rib_left_10,0.5682,0,0.34135056414954307,0.2581042727125813,0.2698412698412698,0.3170833333333333,0.2176526043162637,0.25
s1286,rib_left_11,0.9125,1,0.6247620953451897,0.6845126273238946,0.5917602996254682,0.5852569444444446,0.6080270322413793,0.6074498567335244
s1286,rib_left_12,0.9602,1,0.8045244739419896,0.8738675756680807,0.8798076923076923,0.7637499999999998,0.8295991561599827,0.7751479289940828
s1286,rib_left_8,0.8423,0,0.2500088256943806,0.16167982058423588,0.1891891891891892,0.22103571428571425,0.13069126530655312,0.17777777777777778
s1286,rib_left_9,0.377,0,0.3188863091627016,0.2313094555381612,0.23300970873786409,0.306720238095238,0.20655718857833727,0.20833333333333334
s1286,rib_right_10,0.654,0,0.5021673037524215,0.495700425172184,0.5454545454545455,0.4578125,0.40670042006701573,0.5
s1286,rib_right_11,0.7341,0,0.6613816266732154,0.7332350283467429,0.6666666666666666,0.6403958333333333,0.6883357006006102,0.6822429906542056
s1286,rib_right_12,0.9638,1,0.7614373173570199,0.8398772511367649,0.8103448275862069,0.7465,0.8133996034207953,0.77
s1286,rib_right_8,0.7077,0,0.3132910383018302,0.22494649688330928,0.23300970873786409,0.34807738095238094,0.2533560880542468,0.25
s1286,rib_right_9,0.8327,0,0.3694182957633142,0.2943047675572023,0.3,0.31588690476190473,0.21634996656832065,0.25
s1286,small_bowel,0.3706,0,0.4273428457417869,0.37743309184162915,0.3181818181818182,0.3904583333333333,0.30805668351167587,0.25
s1286,spinal_cord,0.9641,1,0.5860802309728518,0.6282598741036844,0.5917602996254682,0.5717916666666665,0.587282479425552,0.6074498567335244
s1286,vertebrae_L1,0.8437,0,0.692075581190184,0.7701816810188469,0.6666666666666666,0.6549583333333334,0.7079947312909052,0.6822429906542056
s1286,vertebrae_L2,0.6471,0,0.6116256485686309,0.6659103675920234,0.5917602996254682,0.5131150793650793,0.49418772093302027,0.6074498567335244
s1286,vertebrae_L3,0.5035,0,0.5713769551153343,0.605825125818223,0.5917602996254682,0.47462103174603176,0.43292783601584983,0.5
s1286,vertebrae_L4,0.0086,0,0.6034559572947201,0.6540707451522496,0.5917602996254682,0.5663749999999999,0.5788448470014739,0.6074498567335244
s1260,brain,0.9789,1,0.9564494413847204,0.9545727867754924,0.9842105263157894,0.9258660714285714,0.9409592801159935,0.94
s1260,skull,0.9352,1,0.8585864118440508,0.9151934015476931,0.9109461966604824,0.8242232142857145,0.8877949688435153,0.8705035971223022
s1260,spinal_cord,0.6934,0,0.39945937427398415,0.3213386027594324,0.3105263157894737,0.3795714285714285,0.26993029251626743,0.25581395348837205
s1260,vertebrae_C1,0.9161,1,0.6411304022097233,0.710540938311469,0.6666666666666666,0.6759702380952382,0.7402055522115494,0.6328125
s1260,vertebrae_C2,0.8789,0,0.30897908528948526,0.2036322771049895,0.2222222222222222,0.3366805555555556,0.21577341182203907,0.25581395348837205
s1305,adrenal_gland_left,0.9214,1,0.10143553478161117,0.07532711079744686,0.0,0.12901785714285718,0.07952686418007399,0.1
s1305,adrenal_gland_right,0.8849,0,0.16641926479383873,0.10937597379996461,0.125,0.22241666666666668,0.13572201486104465,0.1
s1305,aorta,0.9805,1,0.7698414415730293,0.8474030791562724,0.803921568627451,0.7615952380952379,0.8317445712694904,0.7894736842105263
s1305,atrial_appendage_left,0.948,1,0.6923491092191418,0.7729242363272667,0.7549019607843137,0.6751249999999999,0.7397865733693809,0.6614173228346457
s1305,autochthon_left,0.9499,1,0.995578635645317,0.9585225160214288,0.9801762114537445,0.99175,0.9556563392193794,0.9770491803278688
s1305,autochthon_right,0.9569,1,0.9959687251605769,0.9586203667182377,0.9801762114537445,0.9895,0.9550423398533874,0.9770491803278688
s1305,brachiocephalic_trunk,0.9329,1,0.7881041506871176,0.8617298777595078,0.819672131147541,0.7567500000000001,0.8273619909904857,0.7894736842105263
s1305,brachiocephalic_vein_left,0.9644,1,0.6713189105602553,0.7487695015152641,0.6541666666666667,0.6436130952380953,0.6991526427748306,0.6532258064516129
s1305,brachiocephalic_vein_right,0.8966,0,0.42795966136180297,0.3905228674745332,0.40540540540540543,0.5068928571428571,0.4921544842986211,0.5
s1305,clavicula_left,0.958,1,0.9428636791989916,0.9430673682281071,0.9736842105263158,0.9534861111111111,0.9440457448954669,0.9638157894736842
s1305,clavicula_right,0.9624,1,0.9703105276725011,0.9516916508809413,0.9801762114537445,0.971611111111111,0.9498646223580172,0.9714285714285714
s1305,colon,0.9262,1,0.6938917059832292,0.7746298427918882,0.7549019607843137,0.698217261904762,0.7672038630152253,0.7612903225806451
s1305,common_carotid_artery_left,0.917,1,0.6692324742047804,0.7462822422750403,0.6541666666666667,0.656827380952381,0.7166293133792253,0.6614173228346457
s1305,common_carotid_artery_right,0.9547,1,0.6953387740055048,0.7762215503610751,0.7549019607843137,0.671297619047619,0.7350455159528799,0.6614173228346457
s1305,costal_cartilages,0.8215,0,0.10423277052363819,0.07656705924526286,0.0,0.10675000000000001,0.0697037618531704,0.0
s1305,duodenum,0.814,0,0.40890522734994156,0.3622823001866682,0.40540540540540543,0.6192500000000001,0.6653896756519596,0.6532258064516129
s1305,esophagus,0.9155,1,0.7476970922479738,0.8284244659346994,0.7619047619047619,0.8289583333333335,0.8838073145908556,0.8421052631578947
s1305,gallbladder,0.8491,0,0.181306915283933,0.11887850802468432,0.125,0.23693452380952384,0.14698965202375383,0.1
s1305,gluteus_medius_right,0.0,0,0.12320528804845798,0.08548197869328575,0.125,0.1264583333333333,0.07833645430080452,0.1
s1305,heart,0.9442,1,0.673127407408912,0.7509122769739739,0.6541666666666667,0.6589434523809524,0.719370277256455,0.6614173228346457
s1305,hip_left,0.9052,1,0.3749423146104892,0.3143202687483404,0.38271604938271603,0.36950000000000005,0.28693060571871715,0.3315508021390374
s1305,hip_right,0.946,1,0.5631463997334748,0.6007977608478469,0.5228215767634854,0.5808690476190475,0.6087042467454824,0.5757575757575758
s1305,humerus_left,0.9614,1,0.8853226943150245,0.9201077721567217,0.9411764705882353,0.9227142857142857,0.9326910763591933,0.9532374100719424
s1305,humerus_right,0.9565,1,0.9302004941797497,0.9386174395810409,0.9584415584415584,0.9394583333333333,0.939112030864571,0.9638157894736842
s1305,iliac_artery_left,0.959,1,0.48673382005176646,0.48154120278055895,0.5228215767634854,0.5348452380952382,0.5367926851562077,0.5
s1305,iliac_artery_right,0.8546,0,0.4461333623615647,0.4181625265130455,0.40540540540540543,0.4672321428571429,0.4292016539043146,0.4880952380952381
s1305,iliac_vena_left,0.8056,0,0.09679918086544269,0.07331249149749504,0.0,0.08229166666666667,0.06021566253960571,0.0
s1305,iliac_vena_right,0.55,0,0.07303308733949644,0.06374461405369276,0.0,0.06979166666666665,0.05584633028169696,0.0
s1305,iliopsoas_left,0.9577,1,0.7571711664141979,0.8367639798153769,0.803921568627451,0.8304345238095237,0.8847736015617653,0.8421052631578947
s1305,iliopsoas_right,0.9633,1,0.7676991687176193,0.8456450508372535,0.803921568627451,0.8483333333333333,0.8959430333549808,0.8421052631578947
s1305,inferior_vena_cava,0.8652,0,0.5243165154138437,0.5407896008422457,0.5228215767634854,0.6019583333333334,0.6403272808454743,0.6532258064516129
s1305,kidney_left,0.6707,0,0.08032014784892948,0.0665474454474969,0.0,0.10454166666666666,0.06879320999834415,0.0
s1305,kidney_right,0.9704,1,0.9223327068808743,0.9356909849769839,0.9584415584415584,0.9097142857142856,0.9272783959861454,0.9532374100719424
s1305,liver,0.9835,1,0.881939076931805,0.9185225126212496,0.9333333333333333,0.8837916666666666,0.9152722667137472,0.9137931034482759
s1305,lung_lower_lobe_left,0.9885,1,0.9026902237762319,0.9278092329898143,0.9584415584415584,0.9345833333333333,0.9373041146621077,0.9638157894736842
s1305,lung_lower_lobe_right,0.9846,1,0.8860111346250994,0.9204268463663067,0.9411764705882353,0.9535833333333334,0.9440785902238273,0.9638157894736842
s1305,lung_middle_lobe_right,0.9452,1,0.9547086856550968,0.946953839774708,0.9736842105263158,0.9506666666666667,0.9430853008551848,0.9638157894736842
s1305,lung_upper_lobe_left,0.9933,1,0.9897636605046897,0.9570373843000054,0.9801762114537445,0.9933333333333333,0.9560836107473589,0.9770491803278688
s1305,lung_upper_lobe_right,0.9783,1,0.9838855123180231,0.9554845757535774,0.9801762114537445,0.9923333333333333,0.9558142142951269,0.9770491803278688
s1305,pancreas,0.8029,0,0.23040375610310324,0.15538513218399755,0.125,0.3120416666666667,0.2179043424403772,0.28
s1305,portal_vein_and_splenic_vein,0.726,0,0.37445640288652626,0.3136591509765756,0.38271604938271603,0.4058333333333334,0.3367300795268062,0.3315508021390374
s1305,pulmonary_vein,0.9114,1,0.6220662194583438,0.6858862096102541,0.6541666666666667,0.6606249999999997,0.7215368302921135,0.6614173228346457
s1305,rib_left_1,0.7362,0,0.5650643214668726,0.6036997272339559,0.5228215767634854,0.5167976190476191,0.5079942795094636,0.5
s1305,rib_left_10,0.9315,1,0.9423035793037715,0.942877117713467,0.9736842105263158,0.9549999999999998,0.9445551401898703,0.9714285714285714
s1305,rib_left_11,0.9644,1,0.8125697626506444,0.879135543845004,0.8729016786570744,0.8607142857142859,0.9030991387915237,0.8421052631578947
s1305,rib_left_12,0.6807,0,0.2501595690531482,0.17247504943085273,0.19444444444444445,0.24033928571428573,0.14974175446878535,0.1
s1305,rib_left_2,0.8305,0,0.7487981631648283,0.8294107601441159,0.7619047619047619,0.790154761904762,0.8557892232401835,0.795774647887324
s1305,rib_left_3,0.9303,1,0.9183175751797056,0.9341479290707739,0.9584415584415584,0.9520208333333332,0.9435485160906102,0.9638157894736842
s1305,rib_left_4,0.9062,1,0.8775836530332525,0.9164397722144872,0.9333333333333333,0.9351249999999999,0.9375074418579582,0.9638157894736842
s1305,rib_left_5,0.9472,1,0.969722539211372,0.9515206133302445,0.9801762114537445,0.9800833333333333,0.9523836863759471,0.9770491803278688
s1305,rib_left_6,0.9522,1,0.9711227854851763,0.9519269832340556,0.9801762114537445,0.9794999999999999,0.9522141668795352,0.9770491803278688
s1305,rib_left_7,0.9626,1,0.9773200892574876,0.9536869846038353,0.9801762114537445,0.9859583333333333,0.9540594203970283,0.9770491803278688
s1305,rib_left_8,0.9617,1,0.9665215532830694,0.9505793683165259,0.9801762114537445,0.9775,0.9516285955603649,0.9743589743589743
s1305,rib_left_9,0.9498,1,0.9574182371739514,0.9478070099604357,0.9736842105263158,0.9778333333333332,0.951726661580706,0.9743589743589743
s1305,rib_right_1,0.8599,0,0.7582402245816252,0.8376842337884083,0.803921568627451,0.8417559523809522,0.8919542747612746,0.8421052631578947
s1305,rib_right_10,0.8452,0,0.8930909485748715,0.9236411929307506,0.9411764705882353,0.9362976190476189,0.9379455050369725,0.9638157894736842
s1305,rib_right_11,0.8689,0,0.7819428176071841,0.8570271323056061,0.803921568627451,0.8268809523809524,0.882435583975196,0.8421052631578947
s1305,rib_right_12,0.8997,0,0.4606511855563041,0.44062661769803546,0.45,0.5211011904761905,0.514873462106834,0.5
s1305,rib_right_2,0.9636,1,0.9280722958237472,0.9378383579825125,0.9584415584415584,0.9470833333333333,0.9418422781510445,0.9638157894736842
s1305,rib_right_3,0.9451,1,0.9212383005959737,0.9352737634796111,0.9584415584415584,0.968,0.948752977008198,0.9714285714285714
s1305,rib_right_4,0.9331,1,0.9587310919675001,0.948215716957794,0.9736842105263158,0.9816666666666666,0.952840935322561,0.9770491803278688
s1305,rib_right_5,0.9534,1,0.9700957840246796,0.9516292514812402,0.9801762114537445,0.9933333333333334,0.9560836107473589,0.9770491803278688
s1305,rib_right_6,0.9597,1,0.965745795846758,0.9503486632108805,0.9801762114537445,0.9535833333333334,0.9440785902238273,0.9638157894736842
s1305,rib_right_7,0.9592,1,0.9527038797720234,0.9463141199073092,0.9736842105263158,0.965625,0.9480091873898667,0.9714285714285714
s1305,rib_right_8,0.8984,0,0.9480677671571945,0.9448067944464144,0.9736842105263158,0.9579166666666667,0.9455242593045566,0.9714285714285714
s1305,rib_right_9,0.8532,0,0.2988354142754991,0.22084887443929258,0.29357798165137616,0.3129166666666666,0.21885982080248442,0.28
s1305,scapula_left,0.9538,1,0.9767300333735595,0.9535220878649012,0.9801762114537445,0.9758333333333334,0.9511354228964713,0.9714285714285714
s1305,scapula_right,0.9413,1,0.9865614597665295,0.9561979973895592,0.9801762114537445,0.9855000000000002,0.9539307337567043,0.9770491803278688
s1305,skull,0.9646,1,0.673545627861989,0.7514060578932058,0.6541666666666667,0.705270833333333,0.775165814310597,0.7612903225806451
s1305,small_bowel,0.8707,0,0.6802212252870123,0.7591987509028675,0.7549019607843137,0.7686964285714284,0.8380067023588168,0.7894736842105263
s1305,spinal_cord,0.9395,1,0.8831004804163477,0.9190698470703964,0.9411764705882353,0.9157083333333333,0.9298222093481491,0.9532374100719424
s1305,spleen,0.9718,1,0.7865758754321247,0.8605756476759131,0.819672131147541,0.8199404761904764,0.8777505224687603,0.8421052631578947
s1305,sternum,0.8891,0,0.8803553737181425,0.9177707249747129,0.9333333333333333,0.9188333333333333,0.9311155746962906,0.9532374100719424
s1305,stomach,0.9518,1,0.5050493498341185,0.5104537327131345,0.5228215767634854,0.5536547619047617,0.5665450739673638,0.5757575757575758
s1305,subclavian_artery_left,0.7697,0,0.5177620951087372,0.5304923390269276,0.5228215767634854,0.42639880952380965,0.36671506610849525,0.44
s1305,subclavian_artery_right,0.7937,0,0.587107855512102,0.6364854921456908,0.5228215767634854,0.4812678571428573,0.4513252951650228,0.4880952380952381
s1305,superior_vena_cava,0.9543,1,0.6986689913716353,0.7798541708316761,0.7549019607843137,0.6823392857142856,0.7485722511119861,0.6614173228346457
s1305,thyroid_gland,0.8305,0,0.34116458593813886,0.27024995719536266,0.29357798165137616,0.3092916666666667,0.2149210271823797,0.28
s1305,trachea,0.9735,1,0.9216985887725069,0.9354495456776656,0.9584415584415584,0.9360416666666667,0.9378501325028533,0.9638157894736842
s1305,vertebrae_C5,0.8368,0,0.42653564767455066,0.3883841018060679,0.40540540540540543,0.5202738095238095,0.5135512653581276,0.5
s1305,vertebrae_C6,0.9116,1,0.6524800896377169,0.7257300373804981,0.6541666666666667,0.6278749999999998,0.6775605528864916,0.6532258064516129
s1305,vertebrae_C7,0.9498,1,0.5760544386719303,0.6201826767074176,0.5228215767634854,0.64125,0.6959632905126265,0.6532258064516129
s1305,vertebrae_L1,0.9765,1,0.5957549767985088,0.6490262745696743,0.6541666666666667,0.587797619047619,0.6192093114283741,0.5757575757575758
s1305,vertebrae_L2,0.9822,1,0.9107938479300516,0.9311634783532216,0.9584415584415584,0.9072976190476192,0.9262289456503818,0.9532374100719424
s1305,vertebrae_L3,0.9831,1,0.853914875392295,0.9042551900403373,0.8729016786570744,0.847375,0.8953700735584316,0.8421052631578947
s1305,vertebrae_L4,0.9777,1,0.8527271340983233,0.9036036805433421,0.8729016786570744,0.9028750000000001,0.9242722397871245,0.9532374100719424
s1305,vertebrae_L5,0.8468,0,0.35370707136621105,0.28615538639848015,0.29357798165137616,0.320720238095238,0.22751422929570836,0.28
s1305,vertebrae_T1,0.9579,1,0.8931905755581689,0.9236855639247821,0.9445696698494054,0.937172619047619,0.9382705146875283,0.9638157894736842
s1305,vertebrae_T10,0.922,1,0.37901315704710065,0.31988838079674975,0.38271604938271603,0.3779107142857142,0.29806445049239944,0.3315508021390374
s1305,vertebrae_T11,0.8609,0,0.7243689949552921,0.8064569368287872,0.7549019607843137,0.7234791666666665,0.7948153192367885,0.7612903225806451
s1305,vertebrae_T12,0.8885,0,0.3883698991935254,0.33288106572123594,0.38271604938271603,0.3393928571428571,0.2491884877580682,0.3315508021390374
s1305,vertebrae_T2,0.9637,1,0.9086837044760415,0.9303042098032865,0.9584415584415584,0.9470833333333333,0.9418422781510445,0.9638157894736842
s1305,vertebrae_T3,0.9695,1,0.7441606567099588,0.8252260921552887,0.7619047619047619,0.8253333333333334,0.8814045599577849,0.8421052631578947
s1305,vertebrae_T4,0.9725,1,0.8855414587595027,0.9202092902349884,0.9411764705882353,0.9282499999999999,0.9348805358354305,0.9638157894736842
s1305,vertebrae_T5,0.9703,1,0.7535603550615323,0.8336247079112336,0.7619047619047619,0.8468333333333333,0.8950449956675122,0.8421052631578947
s1305,vertebrae_T6,0.9754,1,0.766918515714038,0.8450003144474698,0.803921568627451,0.8391249999999999,0.8903214888155444,0.8421052631578947
s1305,vertebrae_T7,0.9425,1,0.7574590919335483,0.8370122408917927,0.803921568627451,0.8534583333333333,0.8989602556918741,0.8421052631578947
s1305,vertebrae_T8,0.6597,0,0.29001105936945704,0.21140697689539897,0.25,0.3165476190476191,0.22285690426502433,0.28
s1305,vertebrae_T9,0.7226,0,0.3486884459672562,0.279724131856285,0.29357798165137616,0.3539583333333334,0.26702599443005265,0.3315508021390374
s1197,adrenal_gland_right,0.0,0,0.07069150277684536,0.05305252442880469,0.0,0.06275595238095238,0.04684121439145139,0.0
s1197,aorta,0.9698,1,0.9794470258355521,0.9578443970669169,0.9727520435967303,0.9829166666666667,0.9546299513945289,0.9664351851851852
s1197,atrial_appendage_left,0.9408,1,0.6903036060253982,0.7707564129779251,0.7333333333333333,0.6126190476190474,0.6474772938624812,0.6222222222222222
s1197,autochthon_left,0.9069,1,0.9332022500794648,0.9436259519900552,0.9680851063829787,0.9294999999999999,0.9367137370315796,0.9664351851851852
s1197,autochthon_right,0.9163,1,0.9030050264596613,0.9320218732105607,0.9562841530054644,0.9235833333333333,0.9343643028944878,0.9664351851851852
s1197,brachiocephalic_trunk,0.9056,1,0.6290682411381301,0.6916680052167612,0.5681818181818181,0.6580654761904762,0.7124360430256784,0.6222222222222222
s1197,brachiocephalic_vein_left,0.939,1,0.671702089569451,0.7483184221146162,0.6666666666666666,0.7323809523809522,0.801648726084016,0.7428571428571429
s1197,brachiocephalic_vein_right,0.9143,1,0.6015177892865505,0.6515521457173956,0.5681818181818181,0.5777738095238094,0.593512244223958,0.6222222222222222
s1197,clavicula_left,0.9667,1,0.9500323534873858,0.9492585647633163,0.9712230215827338,0.963,0.9485983576281668,0.9664351851851852
s1197,clavicula_right,0.9564,1,0.9112289724962005,0.9353852729400786,0.9562841530054644,0.9307916666666667,0.9372161100146579,0.9664351851851852
s1197,common_carotid_artery_left,0.9301,1,0.5755280024990637,0.6116188213060184,0.5371428571428571,0.5907678571428567,0.6139799845521505,0.6222222222222222
s1197,common_carotid_artery_right,0.8047,0,0.5337966177068987,0.5444698755241902,0.5371428571428571,0.5330952380952382,0.5210586376769546,0.4968944099378882
s1197,costal_cartilages,0.8341,0,0.3243357506416407,0.2304418601714297,0.2923076923076923,0.20454166666666662,0.11112277360925629,0.06976744186046512
s1197,esophagus,0.7462,0,0.43532075908406087,0.3840479253169474,0.4909090909090909,0.5042916666666666,0.47367577558999674,0.4968944099378882
s1197,heart,0.9395,1,0.9265761817651399,0.9412509197250266,0.9562841530054644,0.938375,0.9400912030976573,0.9664351851851852
s1197,humerus_left,0.9581,1,0.9215199853899123,0.9393758123149611,0.9562841530054644,0.9284999999999998,0.9363222315008461,0.9664351851851852
s1197,humerus_right,0.9418,1,0.8519228352368067,0.9072581054703658,0.9104477611940298,0.8762499999999999,0.9124597107646704,0.9134615384615384
s1197,inferior_vena_cava,0.5569,0,0.2784698063548086,0.18110019534542574,0.16793893129770993,0.31329166666666663,0.2037243814040084,0.20388349514563106
s1197,kidney_right,0.7122,0,0.31588855444962094,0.22069186818304815,0.16793893129770993,0.29262499999999997,0.18253404280177177,0.20388349514563106
s1197,liver,0.9463,1,0.49940609953452253,0.4877748882852974,0.5094339622641509,0.446095238095238,0.380215777197111,0.45588235294117646
s1197,lung_lower_lobe_left,0.9903,1,1.0,0.9630000470479202,1.0,0.9947916666666665,0.9578990251883395,0.9859154929577465
s1197,lung_lower_lobe_right,0.9856,1,0.9781222660094001,0.957489489746993,0.9727520435967303,0.99,0.9566079395644655,0.9795918367346939
s1197,lung_middle_lobe_right,0.9645,1,0.9292506295606354,0.9422206296625691,0.9562841530054644,0.926047619047619,0.9353525368313923,0.9664351851851852
s1197,lung_upper_lobe_left,0.992,1,0.991965872995653,0.9610611414038946,1.0,0.9828333333333333,0.9546061773118064,0.9664351851851852
s1197,lung_upper_lobe_right,0.9866,1,0.9899280526745958,0.9605540520297781,1.0,0.9908333333333335,0.9568351600153694,0.9795918367346939
s1197,pulmonary_vein,0.8707,0,0.5158020457184432,0.5148551843832709,0.5094339622641509,0.6193194444444445,0.6574818451486031,0.6222222222222222
s1197,rib_left_1,0.9313,1,0.6859113129345846,0.7655876387941638,0.7027027027027027,0.7628571428571427,0.8316440899151015,0.7614678899082569
s1197,rib_left_10,0.9605,1,0.7806216969587083,0.8592931277224741,0.8615384615384616,0.8416666666666667,0.8924778527218765,0.8633879781420765
s1197,rib_left_11,0.9165,1,0.4220253552050949,0.36348705016687405,0.4909090909090909,0.5185833333333334,0.49717999718964695,0.4968944099378882
s1197,rib_left_2,0.9645,1,0.852453055700239,0.9075524999766008,0.9104477611940298,0.9111488095238094,0.9291603351657409,0.9594594594594594
s1197,rib_left_3,0.9651,1,0.9468808638557679,0.9482460161278893,0.9692307692307692,0.9728630952380953,0.951674620790547,0.9664351851851852
s1197,rib_left_4,0.9763,1,0.9823091344416084,0.9586015177358669,0.9727520435967303,0.9816666666666667,0.9542720919123867,0.9664351851851852
s1197,rib_left_5,0.9749,1,0.9191829925039081,0.9384903357753421,0.9562841530054644,0.9478750000000001,0.9435190653111106,0.9664351851851852
s1197,rib_left_6,0.9717,1,0.922821237451804,0.9398636691965606,0.9562841530054644,0.9432916666666666,0.9418889216540534,0.9664351851851852
s1197,rib_left_7,0.9812,1,0.9226493620917248,0.9397994420677807,0.9562841530054644,0.9596666666666666,0.9475174449774519,0.9664351851851852
s1197,rib_left_8,0.9708,1,0.9306496204563228,0.9427218762689936,0.9562841530054644,0.9498214285714287,0.9441982619748658,0.9664351851851852
s1197,rib_left_9,0.9546,1,0.9067281411883249,0.933564192685976,0.9562841530054644,0.9020416666666669,0.9251098009343391,0.9328859060402684
s1197,rib_right_1,0.9235,1,0.5827693179760324,0.6229231998314431,0.5681818181818181,0.6895,0.7529204246235014,0.7422680412371134
s1197,rib_right_10,0.9775,1,0.7229192275782558,0.8066081055417075,0.7415730337078649,0.7685416666666665,0.8368204414393174,0.7614678899082569
s1197,rib_right_11,0.8232,0,0.3566983625988026,0.27052553948172203,0.3384615384615385,0.361375,0.2598907361150763,0.367816091954023
s1197,rib_right_2,0.9443,1,0.9193490975487714,0.9385536692153754,0.9562841530054644,0.9680416666666666,0.9501933035745581,0.9664351851851852
s1197,rib_right_3,0.9535,1,0.9457388267117346,0.9478743947088529,0.9692307692307692,0.97725,0.9529860182260778,0.9664351851851852
s1197,rib_right_4,0.9633,1,0.9872410815605598,0.9598757424694387,0.9727520435967303,0.9889583333333334,0.956322308071333,0.9795918367346939
s1197,rib_right_5,0.96,1,0.9659269514048051,0.9540855637970016,0.9727520435967303,0.9739166666666667,0.9519927031120028,0.9664351851851852
s1197,rib_right_6,0.9678,1,0.9513117728457824,0.9496642575186405,0.9712230215827338,0.9754166666666666,0.952442137486792,0.9664351851851852
s1197,rib_right_7,0.9819,1,0.9050265801088639,0.9328633865571918,0.9562841530054644,0.9205,0.9331080374802344,0.9664351851851852
s1197,rib_right_8,0.9804,1,0.8789182921304288,0.9212170634947071,0.946524064171123,0.9065416666666667,0.9271371796672285,0.9594594594594594
s1197,rib_right_9,0.9743,1,0.8693458749744774,0.9165020622813468,0.9298245614035088,0.9114642857142857,0.9292969566245934,0.9594594594594594
s1197,scapula_left,0.9718,1,0.9866593772942015,0.9597274297916257,0.9727520435967303,0.9975,0.9586124408043925,1.0
s1197,scapula_right,0.9567,1,0.9663785259682715,0.9542161098541136,0.9727520435967303,0.9834583333333334,0.9547841940880728,0.9664351851851852
s1197,spinal_cord,0.9407,1,0.8252700523242597,0.8913377096952624,0.8807339449541285,0.8427916666666665,0.8931867076149949,0.8633879781420765
s1197,spleen,0.9054,1,0.6686929075463413,0.7445547837892639,0.6666666666666666,0.7247083333333335,0.7934920842336728,0.7428571428571429
s1197,sternum,0.9319,1,0.8651355279668228,0.9143480558188389,0.9298245614035088,0.8454821428571428,0.8948652907746188,0.8633879781420765
s1197,stomach,0.3286,0,0.43406374292209604,0.38208484200332704,0.4909090909090909,0.47579166666666667,0.42725146445772905,0.4968944099378882
s1197,subclavian_artery_left,0.8463,0,0.30456186086631115,0.20808809811869333,0.16793893129770993,0.3160833333333334,0.20672286707825066,0.20388349514563106
s1197,subclavian_artery_right,0.8731,0,0.3578487588252812,0.2720283634714116,0.3384615384615385,0.3348333333333333,0.22770422436163532,0.20388349514563106
s1197,superior_vena_cava,0.9217,1,0.7173339792465352,0.8007854337629156,0.7402597402597403,0.7486011904761906,0.8180877670148945,0.7614678899082569
s1197,thyroid_gland,0.8489,0,0.7007144652524988,0.7826854003313848,0.7402597402597403,0.6793571428571429,0.7402860490746604,0.6666666666666666
s1197,trachea,0.9578,1,0.9213701122524307,0.9393193856715716,0.9562841530054644,0.880625,0.9147338237531469,0.9134615384615384
s1197,vertebrae_C5,0.7931,0,0.37560385304313665,0.29587356025969513,0.3384615384615385,0.3897529761904761,0.2974102976904581,0.367816091954023
s1197,vertebrae_C6,0.8343,0,0.3243955590738916,0.23051195687772405,0.2923076923076923,0.3932083333333335,0.3021868100154201,0.367816091954023
s1197,vertebrae_C7,0.8585,0,0.7068858161871263,0.7895419387113756,0.7402597402597403,0.7419999999999999,0.8115288192683081,0.7614678899082569
s1197,vertebrae_T1,0.9269,1,0.9361197640982408,0.9446428236079584,0.9680851063829787,0.9385357142857145,0.9401507809929158,0.9664351851851852
s1197,vertebrae_T10,0.9808,1,0.922387727504847,0.9397015500627041,0.9562841530054644,0.9464166666666667,0.9430051019957272,0.9664351851851852
s1197,vertebrae_T11,0.9755,1,0.8924953871001662,0.9274874777606003,0.946524064171123,0.8900416666666667,0.9194476916986072,0.9328859060402684
s1197,vertebrae_T12,0.9073,1,0.3183544534252098,0.2235071925854484,0.2923076923076923,0.327875,0.21974680907355423,0.20388349514563106
s1197,vertebrae_T2,0.9519,1,0.9437209210330016,0.9472115925204809,0.9692307692307692,0.9168333333333333,0.9315850581332329,0.9664351851851852
s1197,vertebrae_T3,0.969,1,0.8693149521218486,0.9164864231787404,0.9298245614035088,0.8809583333333332,0.9149048754026597,0.9134615384615384
s1197,vertebrae_T4,0.9739,1,0.8743379738526194,0.918992140933099,0.946524064171123,0.8999999999999999,0.9241729764318825,0.9328859060402684
s1197,vertebrae_T5,0.9707,1,0.8971803089334434,0.9295422575093686,0.946524064171123,0.9136488095238096,0.930236334860301,0.9664351851851852
s1197,vertebrae_T6,0.9713,1,0.9319622736078337,0.9431884723928476,0.9562841530054644,0.9540000000000001,0.9456304757642316,0.9664351851851852
s1197,vertebrae_T7,0.9786,1,0.9068576789083287,0.9336172649471043,0.9562841530054644,0.9225,0.9339254319535988,0.9664351851851852
s1197,vertebrae_T8,0.9737,1,0.9341600901511827,0.9439617197444774,0.9680851063829787,0.9332083333333334,0.9381460536223398,0.9664351851851852
s1197,vertebrae_T9,0.9745,1,0.9489839171453639,0.9489238093474917,0.9692307692307692,0.9585833333333333,0.9471615486141032,0.9664351851851852
s1238,adrenal_gland_left,0.852,0,0.4746053395675139,0.45135198100384427,0.5384615384615384,0.4641746031746033,0.4165736351799131,0.5
s1238,adrenal_gland_right,0.9007,1,0.6775628538306617,0.7531727425815672,0.6666666666666666,0.6440416666666667,0.6933253772506894,0.6822429906542056
s1238,aorta,0.9762,1,0.9944999036803955,0.9594010233593311,1.0,0.989375,0.9538481599397381,0.9929078014184397
s1238,atrial_appendage_left,0.9168,1,0.4232257910503969,0.37120563868602213,0.3181818181818182,0.4094345238095239,0.33456205078540685,0.25
s1238,autochthon_left,0.967,1,0.9956298600311042,0.9596843307053655,1.0,0.99875,0.9564217818596082,1.0
s1238,autochthon_right,0.9545,1,0.987819636926967,0.957686784575749,1.0,0.990625,0.9541994894479543,1.0
s1238,brachiocephalic_trunk,0.8921,0,0.48692276550583136,0.471118024005393,0.5454545454545455,0.4815178571428572,0.44380801394890634,0.5
s1238,brachiocephalic_vein_left,0.9412,1,0.648542212333587,0.7167046841907572,0.6170212765957447,0.6836666666666666,0.7445254893379434,0.6822429906542056
s1238,brachiocephalic_vein_right,0.9264,1,0.5409379411184606,0.5580382548594203,0.5917602996254682,0.5589851190476189,0.5672597582976535,0.6074498567335244
s1238,clavicula_left,0.9828,1,0.9063069662671629,0.9304075060916182,0.9555921052631579,0.8969226190476188,0.9195422381243824,0.9276315789473685
s1238,clavicula_right,0.9745,1,0.8760757259408234,0.9166529210285506,0.9251101321585903,0.9002142857142856,0.9210890155261239,0.9276315789473685
s1238,colon,0.8144,0,0.4004784910990572,0.33760999787277746,0.3088235294117647,0.3889166666666666,0.3059549387953342,0.25
s1238,common_carotid_artery_left,0.9486,1,0.4753812860168447,0.452593296956702,0.5384615384615384,0.4911249999999999,0.4590519116274487,0.5
s1238,common_carotid_artery_right,0.8978,0,0.3990498709259356,0.3355497049701598,0.3088235294117647,0.3999583333333333,0.3211819480213469,0.25
s1238,costal_cartilages,0.8942,0,0.30820297601984203,0.21926904821137197,0.23300970873786409,0.37816666666666665,0.2915260759949149,0.25
s1238,duodenum,0.8334,0,0.5937353297849962,0.6397317068904763,0.5917602996254682,0.5487083333333332,0.5510285300256287,0.6074498567335244
s1238,esophagus,0.9237,1,0.733745253403368,0.8143404483600841,0.7927927927927928,0.7323630952380954,0.7992583474102993,0.77
s1238,femur_left,0.9866,1,0.9580963206528392,0.949186882838184,0.9555921052631579,0.9332916666666666,0.9351840857694032,0.9538866930171278
s1238,femur_right,0.9885,1,0.9591204724927487,0.9495049642713425,0.9555921052631579,0.9452142857142857,0.9396638612817345,0.9538866930171278
s1238,gallbladder,0.8073,0,0.6282472873510329,0.6893533290654728,0.5917602996254682,0.6359880952380952,0.6822444700988416,0.6394850203691734
s1238,gluteus_maximus_left,0.9434,1,0.8354399910724392,0.8942839454037487,0.8798076923076923,0.7598154761904762,0.8260054083938878,0.7751479289940828
s1238,gluteus_maximus_right,0.9578,1,0.9197403689926105,0.9358197010840881,0.9555921052631579,0.915065476190476,0.9277346460659261,0.9538866930171278
s1238,gluteus_medius_left,0.9548,1,0.9418204372270513,0.9438707527674761,0.9555921052631579,0.9592083333333334,0.9445519005001423,0.9538866930171278
s1238,gluteus_medius_right,0.9553,1,0.9651653088402234,0.9513442843550638,0.9624060150375939,0.986875,0.9531377932807189,0.9929078014184397
s1238,gluteus_minimus_left,0.9446,1,0.8379254634814169,0.8957919837453051,0.8798076923076923,0.8399255952380952,0.8880438028969685,0.8811475409836066
s1238,gluteus_minimus_right,0.9487,1,0.8203025020147845,0.8846784590254567,0.8798076923076923,0.8514999999999996,0.8952082009872118,0.8811475409836066
s1238,heart,0.9118,1,0.9553249278630568,0.9483166082985681,0.9555921052631579,0.9385833333333333,0.9372093561489137,0.9538866930171278
s1238,hip_left,0.9842,1,0.9550206588698442,0.9482202073873816,0.9555921052631579,0.9667916666666667,0.947042602480348,0.9538866930171278
s1238,hip_right,0.9861,1,0.9840066913178993,0.9566775383564329,0.9723756906077348,0.9797916666666667,0.9510682235200181,0.9814814814814815
s1238,humerus_left,0.9588,1,0.7206434196556651,0.8012053291860537,0.7857142857142857,0.6521071428571429,0.7042033026331553,0.6822429906542056
s1238,humerus_right,0.9277,1,0.6249526537778316,0.6847783504696535,0.5917602996254682,0.5460000000000003,0.54673135166113,0.6074498567335244
s1238,iliac_artery_left,0.9534,1,0.7196400710060783,0.8001711784071097,0.7857142857142857,0.7188988095238095,0.7850577499254652,0.77
s1238,iliac_artery_right,0.94,1,0.8176343387113669,0.8829086662198825,0.8798076923076923,0.7643988095238095,0.8301860728985262,0.7751479289940828
s1238,iliac_vena_left,0.9358,1,0.5896081144225531,0.6335655822508551,0.5917602996254682,0.5830714285714287,0.6046843279437398,0.6074498567335244
s1238,iliac_vena_right,0.9383,1,0.6345008104694884,0.6979356044901808,0.5917602996254682,0.6611607142857145,0.7161429309046442,0.6822429906542056
s1238,iliopsoas_left,0.9506,1,0.9354716292908258,0.9416584445881134,0.9555921052631579,0.9525,0.9422570571576508,0.9538866930171278
s1238,iliopsoas_right,0.9485,1,0.9581348542666908,0.9491988848815305,0.9555921052631579,0.9791666666666665,0.9508815073537592,0.9814814814814815
s1238,inferior_vena_cava,0.9169,1,0.5308265837181257,0.5418764880813781,0.5599999999999999,0.5221190476190476,0.5086107013948115,0.6074498567335244
s1238,kidney_left,0.9869,1,0.9520355876633877,0.9472653988775501,0.9555921052631579,0.9553333333333334,0.9432369881419405,0.9538866930171278
s1238,kidney_right,0.9843,1,0.9422669343967168,0.9440233339746131,0.9555921052631579,0.9478928571428572,0.9406296724266794,0.9538866930171278
s1238,liver,0.9801,1,0.9409941089727575,0.9435873397671203,0.9555921052631579,0.9405833333333332,0.9379593255979851,0.9538866930171278
s1238,lung_lower_lobe_left,0.9472,1,0.5937353109312294,0.6397316788259,0.5917602996254682,0.6037083333333334,0.635818506761314,0.6074498567335244
s1238,lung_lower_lobe_right,0.9421,1,0.7281087772178091,0.8087734994258067,0.7927927927927928,0.7029424603174603,0.7673024438285322,0.6822429906542056
s1238,lung_middle_lobe_right,0.6978,0,0.43012915383413725,0.38167087563461033,0.46153846153846156,0.4121547619047618,0.33845383638251186,0.25
s1238,lung_upper_lobe_left,0.9782,1,0.8683109340840764,0.9127405565255027,0.9251101321585903,0.8747916666666665,0.9084064517106911,0.9172413793103448
s1238,lung_upper_lobe_right,0.9507,1,0.9648381713735561,0.9512463911641531,0.9624060150375939,0.9686011904761905,0.9476211310452376,0.9538866930171278
s1238,pancreas,0.9282,1,0.6197398475169924,0.6774662360549898,0.5917602996254682,0.6850833333333334,0.7462483234213121,0.6822429906542056
s1238,portal_vein_and_splenic_vein,0.8681,0,0.4043647143218094,0.3432456491219948,0.3088235294117647,0.43599999999999994,0.3734616727248487,0.43478260869565216
s1238,prostate,0.6735,0,0.33365085702840697,0.24869692467897073,0.2698412698412698,0.32083333333333336,0.22177210804303685,0.25
s1238,pulmonary_vein,0.8914,0,0.6774937458112986,0.7530897571870123,0.6666666666666666,0.6673958333333335,0.724194251345372,0.6822429906542056
s1238,rib_left_1,0.9241,1,0.9392031523199019,0.9429684555308392,0.9555921052631579,0.9504821428571426,0.9415495060067324,0.9538866930171278
s1238,rib_left_10,0.9566,1,0.8366011388519149,0.8949908422124969,0.8798076923076923,0.8515624999999997,0.895245765451239,0.8811475409836066
s1238,rib_left_11,0.9603,1,0.8809582993283286,0.9190307247610942,0.9251101321585903,0.9158273809523808,0.9280612807677676,0.9538866930171278
s1238,rib_left_12,0.9491,1,0.8289368179747808,0.8902468824359343,0.8798076923076923,0.848895833333333,0.8936324115977167,0.8811475409836066
s1238,rib_left_2,0.9514,1,0.9588400330759983,0.9494180532161216,0.9555921052631579,0.9839166666666666,0.9522837621926376,0.9929078014184397
s1238,rib_left_3,0.9479,1,0.972624282395842,0.9535263264791674,0.9723756906077348,0.9788333333333332,0.9507816493136066,0.9814814814814815
s1238,rib_left_4,0.9691,1,0.967054101127809,0.9519058521988198,0.9624060150375939,0.9723958333333332,0.9488149920311513,0.9538866930171278
s1238,rib_left_5,0.9701,1,0.9743482169807174,0.95401723993265,0.9723756906077348,0.9789583333333333,0.9508191186175678,0.9814814814814815
s1238,rib_left_6,0.9682,1,0.9703035562453851,0.9528575913716499,0.9624060150375939,0.9642499999999999,0.9462198044478003,0.9538866930171278
s1238,rib_left_7,0.9659,1,0.9451478500329112,0.944998483036593,0.9555921052631579,0.9389583333333335,0.9373506167836634,0.9538866930171278
s1238,rib_left_8,0.9598,1,0.8857619493794934,0.9213095662288876,0.9251101321585903,0.8646458333333336,0.902851536126797,0.8811475409836066
s1238,rib_left_9,0.9668,1,0.9720749362043974,0.9533688480132095,0.9723756906077348,0.9782499999999998,0.9506064343854268,0.9814814814814815
s1238,rib_right_1,0.9458,1,0.8965943273567853,0.9262344922352,0.9555555555555556,0.9250238095238095,0.931897745106907,0.9538866930171278
s1238,rib_right_10,0.9607,1,0.9288105498648518,0.9392495630393738,0.9555921052631579,0.9477083333333333,0.9405636059145117,0.9538866930171278
s1238,rib_right_11,0.9554,1,0.8951647751595162,0.9256011767328416,0.9347826086956522,0.9310654761904763,0.934314018699868,0.9538866930171278
s1238,rib_right_12,0.9097,1,0.8522263390730214,0.9041041958992495,0.8798076923076923,0.9004285714285714,0.9211887615855983,0.9276315789473685
s1238,rib_right_2,0.9715,1,0.9699132471267857,0.9527442259173182,0.9624060150375939,0.9822499999999998,0.9517961274927662,0.9929078014184397
s1238,rib_right_3,0.9623,1,0.9408361579356669,0.9435330129658726,0.9555921052631579,0.9248154761904762,0.9318129728986964,0.9538866930171278
s1238,rib_right_4,0.96,1,0.9209416599247997,0.9362841204823814,0.9555921052631579,0.9280595238095237,0.9331219614077144,0.9538866930171278
s1238,rib_right_5,0.9579,1,0.9005863793137654,0.9279768463600641,0.9555555555555556,0.9113333333333334,0.9261148093160347,0.9276315789473685
s1238,rib_right_6,0.9691,1,0.9644948118306285,0.9511434426744373,0.9624060150375939,0.99,0.9540241441105238,1.0
s1238,rib_right_7,0.9691,1,0.9704460948405778,0.9528989272932104,0.9624060150375939,0.9582916666666667,0.9442434590161543,0.9538866930171278
s1238,rib_right_8,0.9532,1,0.9731919212391341,0.9536885172912511,0.9723756906077348,0.9833333333333333,0.9521136253873594,0.9929078014184397
s1238,rib_right_9,0.9421,1,0.983503332864793,0.956542599391801,0.9723756906077348,0.9960416666666666,0.9556926964741891,1.0
s1238,sacrum,0.9566,1,0.9209485136815022,0.936286761139847,0.9555921052631579,0.9248392857142856,0.9318226660987724,0.9538866930171278
s1238,scapula_left,0.967,1,0.998097200622084,0.9602963835928026,1.0,0.99625,0.9557491905278985,1.0
s1238,scapula_right,0.9645,1,0.9822891769341453,0.9562154588834809,0.9723756906077348,0.9869166666666667,0.9531497174796282,0.9929078014184397
s1238,small_bowel,0.8542,0,0.44461081395080604,0.4039745719996512,0.4623655913978496,0.4407559523809524,0.38061964527533904,0.43478260869565216
s1238,spinal_cord,0.9275,1,0.969258474713083,0.9525534648839346,0.9624060150375939,0.9704166666666667,0.948195558856743,0.9538866930171278
s1238,spleen,0.9573,1,0.937647546601928,0.9424257281483174,0.9555921052631579,0.9329107142857143,0.9350359617753484,0.9538866930171278
s1238,sternum,0.9366,1,0.865290018305407,0.9111740491758198,0.9251101321585903,0.9055833333333332,0.9235537042486749,0.9276315789473685
s1238,stomach,0.7675,0,0.8675856272154623,0.9123667406689444,0.9251101321585903,0.9031249999999998,0.922434080053071,0.9276315789473685
s1238,subclavian_artery_left,0.8118,0,0.4034744037265379,0.34195057835410364,0.3088235294117647,0.4182499999999999,0.34725334038713523,0.25
s1238,subclavian_artery_right,0.8932,0,0.46614951726448967,0.43786727403437803,0.4623655913978496,0.3938750000000001,0.31274298051948646,0.25
s1238,superior_vena_cava,0.9561,1,0.7785753866678025,0.85420908481975,0.8798076923076923,0.8370000000000002,0.8861663485111976,0.8811475409836066
s1238,thyroid_gland,0.8792,0,0.5485907115045293,0.5701909216146057,0.5917602996254682,0.6246249999999999,0.6662543562232633,0.6074498567335244
s1238,trachea,0.9575,1,0.832579798156109,0.8925247646472344,0.8798076923076923,0.8029107142857146,0.8622050426540332,0.8426966292134831
s1238,urinary_bladder,0.1187,0,0.46387306339275286,0.4342517414856335,0.4623655913978496,0.5141130952380952,0.49578635108747593,0.6074498567335244
s1238,vertebrae_C6,0.964,1,0.34205549086536996,0.2589770356030475,0.2698412698412698,0.3878511904761905,0.3045070780793367,0.25
s1238,vertebrae_C7,0.9817,1,0.839368020935271,0.8966584989567123,0.8798076923076923,0.87275,0.9073120797220826,0.8811475409836066
s1238,vertebrae_L1,0.9871,1,0.924783157803818,0.937748300879825,0.9555921052631579,0.9539583333333331,0.9427634008190796,0.9538866930171278
s1238,vertebrae_L2,0.9866,1,0.9096217171382434,0.9317809883612935,0.9555921052631579,0.939625,0.9376010147943364,0.9538866930171278
s1238,vertebrae_L3,0.9898,1,0.9171410692456715,0.9348040007110131,0.9555921052631579,0.9384583333333335,0.9371622032684352,0.9538866930171278
s1238,vertebrae_L4,0.9897,1,0.9195809099961234,0.9357578176631045,0.9555921052631579,0.9420833333333332,0.9385163043814595,0.9538866930171278
s1238,vertebrae_L5,0.9873,1,0.9024916422746179,0.9287949607388488,0.9555921052631579,0.9282142857142857,0.9331838219950807,0.9538866930171278
s1238,vertebrae_S1,0.9281,1,0.8998428899110548,0.9276552485460148,0.9555555555555556,0.9152559523809523,0.9278164327215349,0.9538866930171278
s1238,vertebrae_T1,0.9732,1,0.9419643441911658,0.9439199726791513,0.9555921052631579,0.9135297619047617,0.9270721134320289,0.9538866930171278
s1238,vertebrae_T10,0.9827,1,0.9728651803790916,0.9535952238836768,0.9723756906077348,0.9742500000000001,0.949388940431871,0.9538866930171278
s1238,vertebrae_T11,0.989,1,0.9440702354013333,0.944635613020298,0.9555921052631579,0.9596250000000001,0.9446915696180529,0.9538866930171278
s1238,vertebrae_T12,0.9878,1,0.9292738071585832,0.9394200606892904,0.9555921052631579,0.959375,0.9446078079429425,0.9538866930171278
s1238,vertebrae_T2,0.9128,1,0.9763660876063366,0.9545855858555745,0.9723756906077348,0.9459166666666668,0.9399185314397374,0.9538866930171278
s1238,vertebrae_T3,0.7695,0,0.8457097610441993,0.9003926155862884,0.8798076923076923,0.8540833333333333,0.8967509829220903,0.8811475409836066
s1238,vertebrae_T4,0.518,0,0.7591928872690943,0.8379181868063292,0.8103448275862069,0.7429583333333334,0.8099304784430846,0.77
s1238,vertebrae_T5,0.3181,0,0.9879293853947363,0.9577154985651058,1.0,0.9852291666666666,0.9526644728577705,0.9929078014184397
s1238,vertebrae_T6,0.0884,0,0.8621198871216658,0.9095029154689275,0.9251101321585903,0.8680416666666665,0.9047434691355649,0.8811475409836066
s1238,vertebrae_T7,0.2274,0,0.8135476880466195,0.8801523405899934,0.8798076923076923,0.7921369047619048,0.8537959567943694,0.8
s1238,vertebrae_T8,0.6469,0,0.9951885667969868,0.959573913931665,1.0,0.9985416666666667,0.9563661072863266,1.0
s1238,vertebrae_T9,0.981,1,0.9976885667969867,0.9601956362130522,1.0,0.996875,0.9559182607787339,1.0
s1223,adrenal_gland_left,0.2667,0,0.11390941870970456,0.06344370885745139,0.05,0.1197916666666667,0.05815625046601418,0.05240683229813782
s1223,adrenal_gland_right,0.8881,0,0.5545853953892592,0.5765658049107371,0.5596330275229359,0.5198095238095238,0.4927959284268097,0.4810126582278481
s1223,aorta,0.9743,1,0.9484464817610244,0.9521502541173051,0.9664429530201343,0.9542916666666666,0.950944720774499,0.9732739420935412
s1223,atrial_appendage_left,0.8738,0,0.5178865422116102,0.514694128432475,0.5217391304347826,0.5677559523809523,0.5748102411998659,0.5966850828729282
s1223,autochthon_left,0.9658,1,0.9919084681957855,0.9639665172648912,0.9916317991631799,0.9908333333333335,0.9614415578780872,0.9922480620155039
s1223,autochthon_right,0.9631,1,0.9637945836611067,0.9566930190995301,0.9842105263157894,0.9716666666666667,0.9562367729776493,0.9732739420935412
s1223,brachiocephalic_trunk,0.939,1,0.3593259427743111,0.2648497289526792,0.3105263157894737,0.4195416666666667,0.3274800059499096,0.2857142857142857
s1223,brachiocephalic_vein_left,0.9449,1,0.46209801266470435,0.42040912971619004,0.4411764705882353,0.5740208333333334,0.585323443587653,0.5966850828729282
s1223,brachiocephalic_vein_right,0.9086,1,0.3668925950264481,0.27500254177145583,0.3105263157894737,0.4848333333333334,0.43296020692213205,0.4810126582278481
s1223,clavicula_left,0.9616,1,0.9251016329114858,0.9443645750905248,0.9655172413793104,0.9383869047619048,0.9455731508214049,0.94
s1223,clavicula_right,0.9529,1,0.8836475818180957,0.9275341434337802,0.9109461966604824,0.9126785714285713,0.9357049991553648,0.9323671497584541
s1223,colon,0.8836,0,0.4305145950011699,0.36908157875068415,0.4084507042253521,0.4908988095238094,0.44324661031483004,0.4810126582278481
s1223,common_carotid_artery_left,0.9406,1,0.42389233393852044,0.3586444149088196,0.3105263157894737,0.4480000000000001,0.3720239811235142,0.4810126582278481
s1223,common_carotid_artery_right,0.8044,0,0.32683839706418355,0.22406480656579275,0.3105263157894737,0.3324166666666667,0.21084410874426643,0.25581395348837205
s1223,costal_cartilages,0.8665,0,0.3470481642642143,0.24889452444385263,0.3105263157894737,0.40175000000000005,0.3010760688816005,0.25581395348837205
s1223,duodenum,0.6212,0,0.274725141325651,0.16840206051725856,0.19402985074626866,0.32797619047619053,0.20579891853793322,0.25581395348837205
s1223,esophagus,0.8987,0,0.7001104371654183,0.7857731330917894,0.703125,0.7917916666666666,0.8635364668133771,0.8367346938775511
s1223,femur_left,0.9753,1,0.958006267634305,0.9550302788362379,0.9842105263157894,0.9459940476190476,0.9482082071823279,0.9732739420935412
s1223,femur_right,0.9787,1,0.978449173020908,0.9606440956048894,0.9916317991631799,0.9784999999999999,0.9581651047791865,0.9922480620155039
s1223,gallbladder,0.6776,0,0.5531522821773981,0.5741815833034135,0.5596330275229359,0.5549107142857143,0.5530516298584964,0.5294117647058824
s1223,gluteus_maximus_left,0.9747,1,0.9618097490242914,0.9561295795736298,0.9842105263157894,0.9687083333333334,0.9553758860783362,0.9732739420935412
s1223,gluteus_maximus_right,0.9729,1,0.9768138820689682,0.9602209337574982,0.9916317991631799,0.9792499999999998,0.9583717353432791,0.9922480620155039
s1223,gluteus_medius_left,0.9666,1,0.9676014961164818,0.9577544169044827,0.9842105263157894,0.9738750000000002,0.9568690524831042,0.9922480620155039
s1223,gluteus_medius_right,0.9683,1,0.9189598619070712,0.9421259709248492,0.9655172413793104,0.9457916666666668,0.9481396918366464,0.9732739420935412
s1223,gluteus_minimus_left,0.944,1,0.8695964984740133,0.9208341092932647,0.9109461966604824,0.891517857142857,0.9263571981127703,0.92
s1223,gluteus_minimus_right,0.9549,1,0.8657768478296666,0.9189171697773806,0.9109461966604824,0.8785833333333334,0.9200423247061784,0.92
s1223,heart,0.9189,1,0.9267324672278504,0.9449451640906854,0.9655172413793104,0.9429583333333335,0.9471714382561316,0.94
s1223,hip_left,0.9803,1,0.9771096671321229,0.9602977953908505,0.9916317991631799,0.9706666666666665,0.9559475569034152,0.9732739420935412
s1223,hip_right,0.9819,1,0.9673445817930617,0.9576835763830183,0.9842105263157894,0.9756666666666667,0.9573756150723448,0.9922480620155039
s1223,humerus_left,0.9762,1,0.9216263196907077,0.9431080653548709,0.9655172413793104,0.9584761904761904,0.9522722068396132,0.9732739420935412
s1223,humerus_right,0.962,1,0.9253992230379211,0.9444709474313615,0.9655172413793104,0.93125,0.9429865381029932,0.94
s1223,iliac_artery_left,0.9274,1,0.6974447959548357,0.7827017810499906,0.703125,0.6343273809523808,0.6813846487820494,0.6328125
s1223,iliac_artery_right,0.9265,1,0.6577226171112893,0.7332150332815375,0.6666666666666666,0.5727976190476189,0.5832765281231459,0.5966850828729282
s1223,iliac_vena_left,0.9011,1,0.643661993045817,0.7140735491915077,0.6666666666666666,0.6586845238095239,0.7166589529841019,0.6328125
s1223,iliac_vena_right,0.921,1,0.754791662258161,0.8418396256626238,0.7928994082840237,0.7389821428571426,0.8147465428656714,0.8181818181818182
s1223,iliopsoas_left,0.9605,1,0.9710821455888039,0.9587030523848679,0.9901960784313726,0.9780416666666667,0.9580383480506526,0.9922480620155039
s1223,iliopsoas_right,0.962,1,0.9541483755473206,0.9538884659032072,0.9842105263157894,0.937625,0.9453023767364527,0.94
s1223,inferior_vena_cava,0.937,1,0.8195126396940069,0.8921306984160746,0.8819444444444444,0.8006994047619048,0.8706082838217902,0.8372093023255814
s1223,kidney_cyst_left,0.0,0,0.14188836336555152,0.0757505571351054,0.0851063829787234,0.1495952380952381,0.07047753618494897,0.07142857142857142
s1223,kidney_left,0.0,0,0.364786809946483,0.2721528947927807,0.3105263157894737,0.3956726190476191,0.2923395254566735,0.25581395348837205
s1223,kidney_right,0.9728,1,0.970711317755655,0.9586029630911842,0.9901960784313726,0.9765416666666666,0.9576209354349898,0.9922480620155039
s1223,liver,0.9595,1,0.9020580098105122,0.9355218708935481,0.9109461966604824,0.8686805555555556,0.9148774332640981,0.92
s1223,lung_lower_lobe_left,0.9929,1,0.9767233299141114,0.960197374698909,0.9916317991631799,0.9864583333333333,0.9603085003331866,0.9922480620155039
s1223,lung_lower_lobe_right,0.9937,1,0.9835645189212572,0.9619400843588732,0.9916317991631799,0.9895833333333333,0.9611210334888884,0.9922480620155039
s1223,lung_middle_lobe_right,0.9864,1,0.9517545855464438,0.9531661640033107,0.9664429530201343,0.9207916666666667,0.9389868940032358,0.9323671497584541
s1223,lung_upper_lobe_left,0.9918,1,0.9831568318851196,0.9618383166718196,0.9916317991631799,0.9746250000000001,0.9570817977635921,0.9922480620155039
s1223,lung_upper_lobe_right,0.9916,1,0.8909764300806264,0.930817758588114,0.9109461966604824,0.9134821428571428,0.9360372570980492,0.9323671497584541
s1223,pancreas,0.4381,0,0.6136984952412293,0.6706700835782269,0.5596330275229359,0.5731488095238095,0.5838645041644206,0.5966850828729282
s1223,portal_vein_and_splenic_vein,0.831,0,0.6097468130925244,0.6646996615103501,0.5596330275229359,0.5801666666666667,0.595561971940093,0.5966850828729282
s1223,pulmonary_vein,0.9247,1,0.3578782268256686,0.26293476740423294,0.3105263157894737,0.42041666666666666,0.3288090236619258,0.3333333333333333
s1223,rib_left_1,0.9486,1,0.9003780116481014,0.9348283656477357,0.9109461966604824,0.8858749999999997,0.9236607432960657,0.92
s1223,rib_left_10,0.9321,1,0.9421975138143148,0.9501738582643097,0.9664429530201343,0.9417499999999999,0.9467533350740148,0.94
s1223,rib_left_11,0.8992,0,0.8733925363168977,0.9226980731339754,0.9109461966604824,0.906160714285714,0.9329500733784472,0.9323671497584541
s1223,rib_left_12,0.9333,1,0.9354607456174778,0.9479566480914853,0.9664429530201343,0.9179999999999998,0.9378756813222981,0.9323671497584541
s1223,rib_left_2,0.9401,1,0.9760548720232329,0.9600230470142276,0.9916317991631799,0.9639166666666668,0.953947153987643,0.9732739420935412
s1223,rib_left_3,0.9324,1,0.9547247895172062,0.954060802785025,0.9842105263157894,0.9517083333333334,0.9501077859025191,0.9732739420935412
s1223,rib_left_4,0.9301,1,0.8259588790847466,0.8962827489506665,0.9109461966604824,0.9053333333333332,0.9325926225486095,0.9323671497584541
s1223,rib_left_5,0.9445,1,0.5786641721737474,0.6160116996833203,0.5596330275229359,0.525375,0.5023811261975937,0.4810126582278481
s1223,rib_left_6,0.9417,1,0.9863043140906269,0.9626172654380323,0.9916317991631799,0.9735416666666667,0.9567741761039907,0.9732739420935412
s1223,rib_left_7,0.9417,1,0.9773026155288043,0.9603478575112369,0.9916317991631799,0.96675,0.9547971474468437,0.9732739420935412
s1223,rib_left_8,0.9283,1,0.9799606552106126,0.9610313778699352,0.9916317991631799,0.9658333333333333,0.9545237979636658,0.9732739420935412
s1223,rib_left_9,0.9415,1,0.9877248876653995,0.9629638075936435,0.9916317991631799,0.9814999999999999,0.9589857849394086,0.9922480620155039
s1223,rib_right_1,0.9497,1,0.8803894121663386,0.9260286866379284,0.9109461966604824,0.8852499999999999,0.9233565743443819,0.92
s1223,rib_right_10,0.9574,1,0.9297240543482803,0.9459953841170373,0.9655172413793104,0.9494999999999999,0.94938163268217,0.9732739420935412
s1223,rib_right_11,0.9472,1,0.8710650849974653,0.9215600509400707,0.9109461966604824,0.8728690476190474,0.9170979255918132,0.92
s1223,rib_right_12,0.9102,1,0.9025891755392353,0.9357397033070088,0.9109461966604824,0.8734583333333333,0.9174060696385102,0.92
s1223,rib_right_2,0.912,1,0.9236039862415624,0.9438263308660266,0.9655172413793104,0.9161250000000001,0.9371187652254348,0.9323671497584541
s1223,rib_right_3,0.9057,1,0.9499273256617239,0.9526075794789757,0.9664429530201343,0.9653333333333333,0.9543740354312892,0.9732739420935412
s1223,rib_right_4,0.9217,1,0.9527982746801835,0.9534824000574288,0.9664429530201343,0.9537083333333333,0.9507569071262552,0.9732739420935412
s1223,rib_right_5,0.895,0,0.9514620240625775,0.9530771521694523,0.9664429530201343,0.9819583333333333,0.959109801827096,0.9922480620155039
s1223,rib_right_6,0.9301,1,0.976662587716796,0.9601815638371619,0.9916317991631799,0.9693749999999999,0.9555712870056009,0.9732739420935412
s1223,rib_right_7,0.9625,1,0.9786401409156034,0.960693229680091,0.9916317991631799,0.9635416666666667,0.9538335212172439,0.9732739420935412
s1223,rib_right_8,0.96,1,0.9630333937489663,0.9564777597774304,0.9842105263157894,0.964375,0.9540856770056063,0.9732739420935412
s1223,rib_right_9,0.9703,1,0.9772356864074593,0.9603304990344033,0.9916317991631799,0.9757916666666666,0.9574107437329382,0.9922480620155039
s1223,sacrum,0.9412,1,0.8467087871264987,0.9087015017122373,0.9109461966604824,0.8371249999999999,0.8963488464959852,0.8928571428571429
s1223,scapula_left,0.9663,1,0.9868425417863611,0.9627489287239167,0.9916317991631799,0.9934999999999999,0.962116886136304,0.9922480620155039
s1223,scapula_right,0.9597,1,0.9827205656546706,0.9617291255632605,0.9916317991631799,0.98875,0.9609059318287709,0.9922480620155039
s1223,small_bowel,0.7236,0,0.628609120594219,0.6926952068430228,0.6666666666666666,0.6704523809523809,0.732828787344035,0.6328125
s1223,spinal_cord,0.9232,1,0.8390600664323711,0.90428754599806,0.9109461966604824,0.8229821428571432,0.8869404066401727,0.8705035971223022
s1223,spleen,0.8379,0,0.8965400346208202,0.9332179366762379,0.9109461966604824,0.8731071428571425,0.9172225539379245,0.92
s1223,sternum,0.8962,0,0.857305087253453,0.9145137517496327,0.9109461966604824,0.8650416666666669,0.9129046640224588,0.8928571428571429
s1223,stomach,0.8392,0,0.7315134267940994,0.8195746980802875,0.7928994082840237,0.7678750000000001,0.842931931387063,0.8255813953488372
s1223,subclavian_artery_left,0.8809,0,0.3220403760504663,0.2184357533106808,0.3105263157894737,0.3146666666666666,0.19121542834429836,0.25581395348837205
s1223,subclavian_artery_right,0.8741,0,0.19849857418795666,0.10754627189775481,0.1509433962264151,0.18387500000000004,0.08760702878378145,0.07142857142857142
s1223,superior_vena_cava,0.9396,1,0.6712293021299186,0.7508159463652706,0.6891891891891891,0.6931755952380952,0.7623436976469373,0.6875
s1223,thyroid_gland,0.8873,0,0.6798822589782952,0.7616760350734776,0.6891891891891891,0.6660625,0.726865816557412,0.6328125
s1223,trachea,0.9472,1,0.9284857196620012,0.9455629680093817,0.9655172413793104,0.9069166666666665,0.933275126361222,0.9323671497584541
s1223,urinary_bladder,0.7359,0,0.7567644142535564,0.8436200087148058,0.7928994082840237,0.7418750000000003,0.817735831886223,0.8255813953488372
s1223,vertebrae_C6,0.7711,0,0.5252233380142967,0.527161427574551,0.5217391304347826,0.5591904761904761,0.5603279964264007,0.5294117647058824
s1223,vertebrae_C7,0.8787,0,0.9833534710892481,0.9618874347422595,0.9916317991631799,0.9736666666666666,0.9568097780759632,0.9875045320349942
s1223,vertebrae_L1,0.9831,1,0.9909761973929235,0.9637453606192107,0.9916317991631799,0.995,0.9624917503619542,0.9922480620155039
s1223,vertebrae_L2,0.9834,1,0.9803068051697976,0.9611195548371844,0.9916317991631799,0.9873333333333334,0.960537636548476,0.9922480620155039
s1223,vertebrae_L3,0.9827,1,0.9705533985745852,0.9585602690530245,0.9901960784313726,0.9814583333333334,0.9589744928398412,0.9922480620155039
s1223,vertebrae_L4,0.9798,1,0.9109183653107727,0.9390670227215427,0.9565217391304348,0.9222857142857143,0.9395739337074035,0.9323671497584541
s1223,vertebrae_L5,0.9773,1,0.9332081058744935,0.947194671715074,0.9664429530201343,0.9050833333333332,0.9324842684968001,0.9323671497584541
s1223,vertebrae_S1,0.9437,1,0.9723234903048454,0.9590364184408697,0.9901960784313726,0.9755416666666668,0.9573404587278167,0.9922480620155039
s1223,vertebrae_T1,0.8251,0,0.9791511559765133,0.9608244194118232,0.9916317991631799,0.9636964285714285,0.9538804495801653,0.9732739420935412
s1223,vertebrae_T10,0.9757,1,0.9737835782086637,0.9594252316732178,0.9901960784313726,0.9680416666666667,0.9551796660715829,0.9732739420935412
s1223,vertebrae_T11,0.9792,1,0.9756360978252403,0.9599134619930176,0.9909062901796165,0.9624166666666666,0.95349101999024,0.9732739420935412
s1223,vertebrae_T12,0.9771,1,0.9940344227355985,0.9644659966091639,0.9916317991631799,0.9813333333333333,0.95894059868277,0.9922480620155039
s1223,vertebrae_T2,0.5193,0,0.930754758747196,0.9463528257044709,0.9664429530201343,0.9560416666666667,0.951504093398128,0.9732739420935412
s1223,vertebrae_T3,0.1197,0,0.9344642946475596,0.9476208794063536,0.9664429530201343,0.9776666666666667,0.9579343649244113,0.9922480620155039
s1223,vertebrae_T4,0.0642,0,0.8659420850487011,0.9190009648693139,0.9109461966604824,0.8442380952380953,0.9008141631274968,0.8928571428571429
s1223,vertebrae_T5,0.1617,0,0.6493178369258642,0.7218715932604438,0.6666666666666666,0.7742916666666666,0.848696514005829,0.8255813953488372
s1223,vertebrae_T6,0.1791,0,0.3683125861054081,0.2769345609230521,0.3105263157894737,0.3665000000000001,0.2525551799709558,0.25581395348837205
s1223,vertebrae_T7,0.2598,0,0.4103452366219718,0.3377134621984977,0.3105263157894737,0.4119107142857144,0.31600823326985883,0.2853857106348875
s1223,vertebrae_T8,0.4362,0,0.9898712044504431,0.9634815382887064,0.9916317991631799,0.9929166666666666,0.9619701357792623,0.9922480620155039
s1223,vertebrae_T9,0.8362,0,0.601015918209771,0.651322232195009,0.5596330275229359,0.6206130952380952,0.6605304639863624,0.5966850828729282
s1106,aorta,0.9835,1,0.8431642896307818,0.898212490342213,0.8729016786570744,0.8014166666666667,0.8644549094148782,0.795774647887324
s1106,atrial_appendage_left,0.9509,1,0.7267599809793436,0.8088033134980857,0.7549019607843137,0.7410833333333332,0.8125735292961445,0.7612903225806451
s1106,colon,0.908,1,0.33927184780978287,0.2678986498849237,0.29357798165137616,0.30904166666666677,0.21465129295995794,0.28
s1106,costal_cartilages,0.84,0,0.22597326482900865,0.15174766388321426,0.125,0.24852976190476195,0.1565361070215484,0.1
s1106,esophagus,0.9262,1,0.8607524627264418,0.9079297146018974,0.8729016786570744,0.859720238095238,0.9025412015551353,0.8421052631578947
s1106,heart,0.9512,1,0.8935804387619126,0.9238589704860946,0.9523809523809523,0.847410714285714,0.8953914759881881,0.8421052631578947
s1106,inferior_vena_cava,0.9298,1,0.7358216603157444,0.8174985578570431,0.7549019607843137,0.6962023809523811,0.7648937663436889,0.7612903225806451
s1106,liver,0.9304,1,0.8928088470415237,0.9235154246123695,0.9411764705882353,0.8783630952380952,0.9125399695261711,0.9137931034482759
s1106,lung_lower_lobe_left,0.976,1,0.9082644770450524,0.9301323193944285,0.9584415584415584,0.8909999999999998,0.9187805848562577,0.9230769230769231
s1106,lung_lower_lobe_right,0.9822,1,0.9349138589328256,0.9403105060947338,0.9584415584415584,0.9224940476190475,0.9326025710080578,0.9532374100719424
s1106,lung_middle_lobe_right,0.9712,1,0.9101396693206489,0.9308981458002196,0.9584415584415584,0.8970178571428571,0.9216075247231883,0.9532374100719424
s1106,lung_upper_lobe_left,0.9878,1,0.9828453236204818,0.9552042764968786,0.9801762114537445,0.98625,0.9541411336732536,0.9770491803278688
s1106,lung_upper_lobe_right,0.952,1,0.5731873476984419,0.6159075816126223,0.5228215767634854,0.5160535714285714,0.5068045526675848,0.5
s1106,portal_vein_and_splenic_vein,0.0,0,0.2947716507360498,0.21646360424163305,0.2857142857142857,0.2987559523809524,0.2037670131773312,0.25
s1106,pulmonary_vein,0.9305,1,0.8590367606008867,0.9070197823428252,0.8729016786570744,0.816625,0.8754562598185425,0.8421052631578947
s1106,rib_left_3,0.0,0,0.1677547557925379,0.1102004225788537,0.125,0.1430833333333333,0.0863679861554003,0.1
s1106,rib_left_4,0.2023,0,0.2729197338658292,0.19396922462886618,0.24,0.29237500000000005,0.19722394338163365,0.25
s1106,rib_left_5,0.0,0,0.4163936683314098,0.3732799362117432,0.40540540540540543,0.41138690476190476,0.3447105230186417,0.3315508021390374
s1106,spleen,0.6919,0,0.3602360364462199,0.29465326288635446,0.29357798165137616,0.33281250000000007,0.2413958349384235,0.3315508021390374
s1106,sternum,0.9048,1,0.7272504266765636,0.8092819150794976,0.7549019607843137,0.6519613095238094,0.7102652693167597,0.6614173228346457
s1106,stomach,0.9224,1,0.5717853630722616,0.6138105101653526,0.5228215767634854,0.5382113095238096,0.5421425948664174,0.5
s1106,superior_vena_cava,0.9465,1,0.47055566730535636,0.45609888109497204,0.45,0.4610892857142857,0.4196020350650641,0.4880952380952381
s1106,trachea,0.9211,1,0.46824215624472204,0.4524761189803948,0.45,0.41004761904761916,0.3427777417007818,0.3315508021390374
s1106,vertebrae_T10,0.9891,1,0.7193366277826676,0.801447129154807,0.7549019607843137,0.7443095238095236,0.8156965681620799,0.7612903225806451
s1106,vertebrae_T11,0.9857,1,0.7374237166699786,0.8190034653977734,0.7549019607843137,0.7534345238095238,0.8243113621219266,0.7894736842105263
s1106,vertebrae_T12,0.9604,1,0.6038311028623901,0.6605563705773102,0.6541666666666667,0.566375,0.5864102209384663,0.5757575757575758
s1106,vertebrae_T5,0.0,0,0.4479045252518846,0.4208869467868511,0.40540540540540543,0.3837738095238094,0.3059709983910054,0.3315508021390374
s1106,vertebrae_T6,0.0035,0,0.587281660680718,0.6367394626962835,0.5228215767634854,0.5290178571428572,0.5275115094788492,0.5
s1106,vertebrae_T7,0.7387,0,0.6922087441929158,0.7727685870088713,0.7549019607843137,0.6743928571428573,0.7388839198811112,0.6614173228346457
s1106,vertebrae_T8,0.9689,1,0.7527120025059532,0.8328801690335916,0.7619047619047619,0.7174166666666669,0.7884179106078856,0.7612903225806451
s1106,vertebrae_T9,0.9768,1,0.7644917150282019,0.8429819870305667,0.803921568627451,0.7271904761904763,0.7986602682829281,0.7612903225806451
s1133,adrenal_gland_left,0.413,0,0.27372414637576126,0.1674496577330716,0.19402985074626866,0.35993749999999997,0.24411635323688483,0.25581395348837205
s1133,adrenal_gland_right,0.8492,0,0.31393824505050133,0.20916329620046328,0.3105263157894737,0.3547291666666667,0.23755615143309025,0.25581395348837205
s1133,aorta,0.9658,1,0.8919052533437157,0.9312239393120157,0.9109461966604824,0.8896875000000002,0.9254923054320717,0.92
s1133,atrial_appendage_left,0.9444,1,0.7712179350464408,0.8561695652866232,0.8,0.8020833333333333,0.8716785453512835,0.8372093023255814
s1133,autochthon_left,0.9372,1,0.974974589017023,0.9597397713904003,0.9901960784313726,0.9705833333333332,0.9559233734314029,0.9732739420935412
s1133,autochthon_right,0.9443,1,0.9666879432343193,0.9575020012091774,0.9842105263157894,0.9808333333333333,0.9588047538374336,0.9922480620155039
s1133,brachiocephalic_trunk,0.8228,0,0.6587510167132268,0.7345826181632233,0.6666666666666666,0.701422619047619,0.7724837171776241,0.7126436781609196
s1133,brachiocephalic_vein_left,0.8852,0,0.7333217291563359,0.8213883589347399,0.7928994082840237,0.7305416666666666,0.8058086402982619,0.7777777777777778
s1133,brachiocephalic_vein_right,0.9014,1,0.6473590925539334,0.7191857920736417,0.6666666666666666,0.6598095238095241,0.7182301326559093,0.6328125
s1133,clavicula_left,0.9588,1,0.8400703820290174,0.9048813378572459,0.9109461966604824,0.8368690476190472,0.8961849022997375,0.8928571428571429
s1133,clavicula_right,0.9346,1,0.9124204373020623,0.9396496624714873,0.9565217391304348,0.9227083333333332,0.9397390274855729,0.9323671497584541
s1133,colon,0.6705,0,0.3515031447437572,0.2546087786846362,0.3105263157894737,0.3768035714285714,0.26618894966530626,0.25581395348837205
s1133,common_carotid_artery_left,0.8959,0,0.7560220789754122,0.8429519842335582,0.7928994082840237,0.8673452380952382,0.9141582626043231,0.92
s1133,common_carotid_artery_right,0.8772,0,0.7905672108865457,0.871645935480595,0.8819444444444444,0.8551785714285716,0.9073481408468278,0.8928571428571429
s1133,costal_cartilages,0.8136,0,0.14319321012723832,0.07637498461712196,0.0851063829787234,0.17560119047619047,0.08315659012732089,0.07142857142857142
s1133,duodenum,0.0,0,0.018654454937150934,0.03420143531176142,0.0,0.03054761904761905,0.03230968687186183,0.0
s1133,esophagus,0.7524,0,0.5201704078797306,0.5185777550894018,0.5217391304347826,0.5065892857142859,0.4700613704384167,0.4810126582278481
s1133,heart,0.9232,1,0.836171825896916,0.9025717274229893,0.9109461966604824,0.8365833333333333,0.8960016240546029,0.8928571428571429
s1133,humerus_left,0.7627,0,0.7242977582194925,0.8121946802345056,0.7928994082840237,0.7540000000000002,0.8298573125986369,0.8255813953488372
s1133,humerus_right,0.8935,0,0.8195375452632503,0.8921470178121793,0.8873074585805979,0.8534583333333333,0.9063469995131892,0.8928571428571429
s1133,iliopsoas_left,0.9011,1,0.2847600101447361,0.17818937428045958,0.2,0.28853571428571434,0.1649073612278335,0.25
s1133,iliopsoas_right,0.8142,0,0.3657709730987041,0.27348240715217526,0.3105263157894737,0.44628571428571434,0.3692690015286593,0.47619047619047616
s1133,inferior_vena_cava,0.7605,0,0.554106704671908,0.5757698142454671,0.5596330275229359,0.5882321428571429,0.6088720300063484,0.5966850828729282
s1133,kidney_left,0.7177,0,0.4993785275784872,0.4831974774977512,0.52,0.5019642857142856,0.4621322828079487,0.4810126582278481
s1133,kidney_right,0.9028,1,0.6195543096702424,0.6794165950949567,0.5596330275229359,0.6568333333333333,0.7140620778299478,0.6328125
s1133,liver,0.9699,1,0.881066122244813,0.9263437138316178,0.9109461966604824,0.8481220238095238,0.9031794270724415,0.8928571428571429
s1133,lung_lower_lobe_left,0.9829,1,0.982270574894424,0.9616161851335229,0.9916317991631799,0.993125,0.9620226091941493,0.9922480620155039
s1133,lung_lower_lobe_right,0.99,1,0.9930947939157881,0.9642460645169919,0.9916317991631799,0.9958333333333332,0.9626984653144502,0.9922480620155039
s1133,lung_middle_lobe_right,0.9779,1,0.931865777713345,0.94673561996305,0.9664429530201343,0.9177916666666667,0.9377920014944472,0.9323671497584541
s1133,lung_upper_lobe_left,0.987,1,0.9960123762376237,0.9649247110117994,1.0,0.9960416666666667,0.9627499726980611,0.9922480620155039
s1133,lung_upper_lobe_right,0.9869,1,0.9889993731553531,0.9632720818024636,0.9916317991631799,0.9983333333333334,0.9633120594173378,0.9922480620155039
s1133,pancreas,0.8852,0,0.585702400774179,0.6272834098663785,0.5596330275229359,0.6081666666666667,0.6410468035021796,0.5966850828729282
s1133,portal_vein_and_splenic_vein,0.0,0,0.08551348447704246,0.05287920687842544,0.0,0.06629166666666668,0.04096185588530427,0.0
s1133,pulmonary_vein,0.9323,1,0.8118751099080935,0.8870228513390499,0.8819444444444444,0.8095416666666666,0.8773171260454291,0.8705035971223022
s1133,rib_left_1,0.655,0,0.9036670965240436,0.9361796561266045,0.9109461966604824,0.9391666666666668,0.9458489628036009,0.94
s1133,rib_left_10,0.8872,0,0.7619713348197361,0.848240785414908,0.7928994082840237,0.7954791666666666,0.8665026351196046,0.8367346938775511
s1133,rib_left_11,0.9065,1,0.8347336285316332,0.9017071428836144,0.9109461966604824,0.8430267857142855,0.9000660371885847,0.8928571428571429
s1133,rib_left_12,0.8875,0,0.8330056381085097,0.9006593110973273,0.9109461966604824,0.8096577380952378,0.8774031693301444,0.8705035971223022
s1133,rib_left_2,0.8457,0,0.5903845612210061,0.634706820008907,0.5596330275229359,0.5808333333333331,0.5966677767930566,0.5966850828729282
s1133,rib_left_3,0.6833,0,0.45280306941093584,0.40506917614688537,0.4084507042253521,0.3722023809523809,0.2600430772176022,0.25581395348837205
s1133,rib_left_4,0.8299,0,0.6293080555114445,0.6937073908419531,0.6666666666666666,0.625595238095238,0.6681840181760923,0.5966850828729282
s1133,rib_left_5,0.8699,0,0.6325094519999154,0.6983196665669099,0.6666666666666666,0.5760833333333333,0.5887681164863643,0.5966850828729282
s1133,rib_left_6,0.8883,0,0.6769628606808651,0.7580486621726603,0.6891891891891891,0.646797619047619,0.6997389348605594,0.6328125
s1133,rib_left_7,0.9166,1,0.7659824253172727,0.8517234269817747,0.8,0.6950416666666664,0.7646650566232426,0.7126436781609196
s1133,rib_left_8,0.8689,0,0.7078816761294985,0.7945462369565648,0.703125,0.6321041666666664,0.6780502139466789,0.6328125
s1133,rib_left_9,0.8986,0,0.6996208579563565,0.7852114158355362,0.703125,0.7024166666666665,0.7736850954832737,0.7126436781609196
s1133,rib_right_1,0.9248,1,0.9177062150388957,0.9416587549873688,0.9655172413793104,0.9590000000000001,0.952435956074508,0.9732739420935412
s1133,rib_right_10,0.8946,0,0.7907714918709599,0.8718014830715216,0.8819444444444444,0.7680535714285713,0.8430947452143256,0.8255813953488372
s1133,rib_right_11,0.9223,1,0.8241830557236718,0.895153247590963,0.9109461966604824,0.8216398809523807,0.8860097811612827,0.8705035971223022
s1133,rib_right_12,0.9115,1,0.8115821470105375,0.8868227806463029,0.8819444444444444,0.7771815476190475,0.851235408036048,0.8255813953488372
s1133,rib_right_2,0.9344,1,0.8949825089048161,0.9325539120048509,0.9109461966604824,0.8571160714285712,0.9084642084655102,0.8928571428571429
s1133,rib_right_3,0.8642,0,0.5988306843720498,0.6479353570142334,0.5596330275229359,0.5889374999999998,0.6100286895590439,0.5966850828729282
s1133,rib_right_4,0.88,0,0.6588609999319381,0.7347286105686226,0.6666666666666666,0.6706249999999997,0.7330615657862563,0.6328125
s1133,rib_right_5,0.8778,0,0.5277692321463573,0.5314805119142375,0.5416666666666666,0.5039999999999999,0.4656201853700944,0.4810126582278481
s1133,rib_right_6,0.8813,0,0.7162404818833609,0.803682144520321,0.703125,0.710375,0.7831410640541626,0.7126436781609196
s1133,rib_right_7,0.8671,0,0.6301170717627194,0.6948766638712971,0.6666666666666666,0.5848333333333333,0.6032816343292035,0.5966850828729282
s1133,rib_right_8,0.8823,0,0.6653626038273651,0.7432672355865515,0.6891891891891891,0.6611904761904762,0.7201515202729917,0.6328125
s1133,rib_right_9,0.8056,0,0.8019720520390168,0.8800866623535645,0.8819444444444444,0.7848869047619046,0.8578332363742192,0.8255813953488372
s1133,scapula_left,0.9297,1,0.9390952772250947,0.9491641896665454,0.9664429530201343,0.9472083333333333,0.9486175053351414,0.9732739420935412
s1133,scapula_right,0.9333,1,0.9242613499220874,0.9440631834107172,0.9655172413793104,0.9210624999999999,0.9390937038309777,0.9323671497584541
s1133,skull,0.5118,0,0.3408433491286452,0.241079902758387,0.3105263157894737,0.31048809523809523,0.1868028488942736,0.25581395348837205
s1133,spinal_cord,0.9235,1,0.9446822458714819,0.9509688166224165,0.9664429530201343,0.9737916666666667,0.9568453520477599,0.9922480620155039
s1133,spleen,0.9536,1,0.8397231968869333,0.9046776597558515,0.9109461966604824,0.8549583333333329,0.9072205054582501,0.8928571428571429
s1133,sternum,0.8428,0,0.7759086297220411,0.8600583022976637,0.8235294117647058,0.8520833333333334,0.9055398151571639,0.8928571428571429
s1133,stomach,0.936,1,0.7525067466504092,0.8397569838707714,0.7928994082840237,0.7244761904761903,0.7991860105576789,0.7126436781609196
s1133,subclavian_artery_left,0.7417,0,0.2623577364292268,0.15693536448989412,0.19402985074626866,0.32528571428571423,0.20278583890030177,0.25581395348837205
s1133,subclavian_artery_right,0.8294,0,0.398344046919221,0.3196845948917787,0.3105263157894737,0.3897083333333333,0.28391195431640043,0.25581395348837205
s1133,superior_vena_cava,0.9166,1,0.7798848529335923,0.8632854309885256,0.8333333333333334,0.8154166666666666,0.8816074467094409,0.8705035971223022
s1133,thyroid_gland,0.3397,0,0.22230136135239012,0.12412108306253584,0.1509433962264151,0.24841666666666662,0.13027205804049785,0.16901408450704225
s1133,trachea,0.91,1,0.9425400863357735,0.9502841814973549,0.9664429530201343,0.9298333333333332,0.9424595376028859,0.94
s1133,vertebrae_C7,0.8512,0,0.6217788904152051,0.68270699351652,0.5596330275229359,0.7239583333333335,0.7986128222642145,0.7126436781609196
s1133,vertebrae_L1,0.9743,1,0.9679285078079412,0.9578444218266278,0.9842105263157894,0.97575,0.9573990372541851,0.9922480620155039
s1133,vertebrae_L2,0.9776,1,0.9059030949729394,0.937083340849526,0.9565217391304348,0.9326488095238094,0.9435024436593561,0.94
s1133,vertebrae_L3,0.9633,1,0.754112425100336,0.8412228246906395,0.7928994082840237,0.6965714285714284,0.7665563109214005,0.7126436781609196
s1133,vertebrae_T1,0.9339,1,0.9473246462497171,0.9518010133137987,0.9664429530201343,0.9774166666666667,0.9578649060208666,0.9922480620155039
s1133,vertebrae_T10,0.9618,1,0.9095575731567158,0.9385346468889209,0.9565217391304348,0.9163630952380951,0.9372153563374255,0.9323671497584541
s1133,vertebrae_T11,0.9697,1,0.8468910676253182,0.9088044253001829,0.9109461966604824,0.8863333333333333,0.9238830963212954,0.92
s1133,vertebrae_T12,0.9788,1,0.9184190296721547,0.9419248428827572,0.9655172413793104,0.9537083333333335,0.9507569071262552,0.9732739420935412
s1133,vertebrae_T2,0.9371,1,0.9678997758297375,0.9578365211443335,0.9842105263157894,0.9555555555555557,0.9513493221724683,0.9732739420935412
s1133,vertebrae_T3,0.8816,0,0.9505129331764073,0.9527872827600893,0.9664429530201343,0.9292976190476189,0.9422590623697039,0.94
s1133,vertebrae_T4,0.882,0,0.9590507615543573,0.9553347515003073,0.9842105263157894,0.9774583333333333,0.9578764901143001,0.9922480620155039
s1133,vertebrae_T5,0.9184,1,0.9549740982353377,0.9541351513034122,0.9842105263157894,0.9763333333333333,0.95756264850538,0.9922480620155039
s1133,vertebrae_T6,0.9159,1,0.9188963417249486,0.9421023825715129,0.9655172413793104,0.9062083333333334,0.9329705924579877,0.9323671497584541
s1133,vertebrae_T7,0.9292,1,0.8430974656435103,0.9066407485542409,0.9109461966604824,0.8314107142857143,0.8926337657368886,0.8705035971223022
s1133,vertebrae_T8,0.9664,1,0.9231095364114352,0.9436475560632481,0.9655172413793104,0.9276666666666666,0.9416446831284768,0.94
s1133,vertebrae_T9,0.9683,1,0.9177043926621018,0.9416580732455415,0.9655172413793104,0.9319880952380953,0.9432593098129213,0.94
s1199,adrenal_gland_left,0.8421,0,0.3243747613495219,0.23767215725253754,0.23300970873786409,0.3356309523809524,0.23856778375525317,0.25
s1199,adrenal_gland_right,0.8486,0,0.2588008543850045,0.16952489002154755,0.23300970873786409,0.2632916666666666,0.1646416703605415,0.20833333333333334
s1199,aorta,0.9785,1,0.9789370416650901,0.9553000222672057,0.9723756906077348,0.9782916666666667,0.9506189693239215,0.9814814814814815
s1199,atrial_appendage_left,0.9426,1,0.3400141418538024,0.25645493456473245,0.2698412698412698,0.35301785714285716,0.2593913494963938,0.25
s1199,autochthon_left,0.9621,1,0.9207845175598659,0.9362235477219735,0.9555921052631579,0.877,0.9095770675971082,0.9172413793103448
s1199,autochthon_right,0.9586,1,0.896905398137664,0.9263716429420201,0.9555555555555556,0.8309375,0.8821883801769057,0.8811475409836066
s1199,brachiocephalic_trunk,0.9481,1,0.4415224384532646,0.3991812131950979,0.4623655913978496,0.4679583333333332,0.4224779647497403,0.5
s1199,brachiocephalic_vein_left,0.943,1,0.31847299503379517,0.23083515898577772,0.23300970873786409,0.3819166666666666,0.2965138549164519,0.25
s1199,brachiocephalic_vein_right,0.8586,0,0.39638097258392785,0.3317175085486996,0.3088235294117647,0.4294583333333333,0.3637064792438861,0.3333333333333333
s1199,clavicula_left,0.9677,1,0.8532871876982049,0.9046965828147286,0.8957584716319781,0.8577291666666667,0.8988940842070465,0.8811475409836066
s1199,clavicula_right,0.9636,1,0.8684412951895065,0.912807590247835,0.9251101321585903,0.8071875,0.8654287778302484,0.8426966292134831
s1199,colon,0.8941,0,0.4970941878727795,0.4875116473676497,0.5454545454545455,0.4732113095238094,0.43071149822255606,0.5
s1199,common_carotid_artery_left,0.9168,1,0.32390072538736914,0.23711789051727708,0.23300970873786409,0.3958869047619046,0.31552059792054976,0.25
s1199,common_carotid_artery_right,0.8571,0,0.20843038482480494,0.12849636170256654,0.13050916343918648,0.25704166666666667,0.15920721830119294,0.17777777777777778
s1199,costal_cartilages,0.7796,0,0.24634921079650532,0.15850178702012424,0.1891891891891892,0.21477380952380948,0.12619972033566604,0.15384615384615385
s1199,duodenum,0.8552,0,0.25349625395199615,0.16475599575896224,0.1891891891891892,0.253875,0.15650972151047732,0.17777777777777778
s1199,esophagus,0.9235,1,0.7524998422779801,0.8319613164991009,0.7927927927927928,0.7824583333333335,0.8458831154584843,0.7751479289940828
s1199,gallbladder,0.861,0,0.5632746071852729,0.5932620606296818,0.5917602996254682,0.5167559523809524,0.5000200311451067,0.6074498567335244
s1199,heart,0.9404,1,0.9466857263485751,0.9455124612857645,0.9555921052631579,0.9502083333333331,0.9414528717879136,0.9538866930171278
s1199,humerus_left,0.9552,1,0.7136868325564322,0.7939522130455396,0.7631578947368421,0.7286666666666668,0.7954310651238894,0.77
s1199,humerus_right,0.9474,1,0.8515628898506236,0.9037320491703742,0.8798076923076923,0.8650892857142857,0.9031004887342751,0.8811475409836066
s1199,iliopsoas_left,0.7642,0,0.09931081924542465,0.06792077248838418,0.04,0.062329365079365075,0.05157174210449998,0.0
s1199,iliopsoas_right,0.828,0,0.2327777786894359,0.14715767157789605,0.1891891891891892,0.17094047619047614,0.09833482845922889,0.09090909090909091
s1199,inferior_vena_cava,0.8856,0,0.4803855399912401,0.460612331427121,0.5454545454545455,0.5202599206349208,0.5056330474180519,0.6074498567335244
s1199,kidney_left,0.9678,1,0.7961804028334987,0.8678069275246071,0.8798076923076923,0.7847539682539683,0.8477910615198818,0.7751479289940828
s1199,kidney_right,0.9646,1,0.8284680766204521,0.8899507335576295,0.8798076923076923,0.8229236111111109,0.876745631242627,0.8648648648648649
s1199,liver,0.9835,1,0.9012092768058604,0.9282452661896112,0.9555555555555556,0.8811904761904765,0.9117614060560072,0.9172413793103448
s1199,lung_lower_lobe_left,0.989,1,0.9813138941786188,0.9559509794428425,0.9723756906077348,0.9891666666666667,0.9537893562274046,0.9929078014184397
s1199,lung_lower_lobe_right,0.9875,1,0.9746645021020861,0.9541067689271086,0.9723756906077348,0.9941666666666668,0.955181145998093,1.0
s1199,lung_middle_lobe_right,0.9675,1,0.9701124876911638,0.9528021277619514,0.9624060150375939,0.9662500000000002,0.9468682545507886,0.9538866930171278
s1199,lung_upper_lobe_left,0.9929,1,0.9780596262338328,0.9550574117577864,0.9723756906077348,0.96025,0.9449004523841884,0.9538866930171278
s1199,lung_upper_lobe_right,0.9842,1,0.9631693413137508,0.9507440930786217,0.9624060150375939,0.97375,0.9492347705443757,0.9538866930171278
s1199,pancreas,0.9248,1,0.42150712642176574,0.36861846321659836,0.3181818181818182,0.5415486111111111,0.5396536937289269,0.6074498567335244
s1199,portal_vein_and_splenic_vein,0.7309,0,0.5601711889996775,0.588416589401037,0.5917602996254682,0.5710535714285714,0.5861356325537025,0.6074498567335244
s1199,pulmonary_vein,0.933,1,0.4871643925837874,0.47150688108387906,0.5454545454545455,0.5293869047619046,0.5202433755576259,0.6074498567335244
s1199,rib_left_1,0.9187,1,0.768830795806723,0.8461952722531538,0.8103448275862069,0.8402946428571428,0.8882787017812888,0.8811475409836066
s1199,rib_left_10,0.9578,1,0.859210432891522,0.907944337400233,0.9251101321585903,0.8546904761904759,0.8971106435170466,0.8811475409836066
s1199,rib_left_11,0.8496,0,0.8951050075130708,0.9255745900654547,0.9347826086956522,0.9191458333333332,0.9294680992296072,0.9538866930171278
s1199,rib_left_12,0.9076,1,0.6389387662499734,0.7039438513639613,0.6153920317179491,0.6776011904761906,0.7370627430815954,0.6822429906542056
s1199,rib_left_2,0.9388,1,0.7165377499578238,0.7969481102164759,0.7631578947368421,0.7146666666666666,0.7804462540790214,0.6822429906542056
s1199,rib_left_3,0.8696,0,0.7997496385344363,0.8704290782515658,0.8798076923076923,0.790565476190476,0.852534509898851,0.7751479289940828
s1199,rib_left_4,0.9457,1,0.856594623080632,0.906522514722575,0.9,0.8786428571428573,0.9104391721493797,0.9172413793103448
s1199,rib_left_5,0.8924,0,0.6152304937690328,0.6710698715248782,0.5917602996254682,0.7175892857142857,0.7836384019343853,0.77
s1199,rib_left_6,0.9254,1,0.6259585462840649,0.6861790065449369,0.5917602996254682,0.7173640873015872,0.7833936345732997,0.77
s1199,rib_left_7,0.9505,1,0.9024727606100792,0.9287868952628816,0.9555921052631579,0.9287083333333334,0.9333809447128046,0.9538866930171278
s1199,rib_left_8,0.9507,1,0.9054399283713371,0.9300440457886432,0.9555921052631579,0.8957083333333334,0.9189646836618944,0.9276315789473685
s1199,rib_left_9,0.9368,1,0.918418952879875,0.9353052007408869,0.9555921052631579,0.9129583333333333,0.9268241641486524,0.9276315789473685
s1199,rib_right_1,0.8817,0,0.7849988897890203,0.8593001205017365,0.8798076923076923,0.8522291666666668,0.895645713742276,0.8811475409836066
s1199,rib_right_10,0.9623,1,0.906475352213139,0.9304778901977452,0.9555921052631579,0.9053333333333332,0.9234405247241716,0.9276315789473685
s1199,rib_right_11,0.9286,1,0.824481684247288,0.8874037412191695,0.8798076923076923,0.855875,0.8978091423290572,0.8811475409836066
s1199,rib_right_12,0.9333,1,0.7830707573933957,0.8577877653341676,0.8798076923076923,0.7892678571428572,0.8514860868365715,0.7751479289940828
s1199,rib_right_2,0.956,1,0.8912682598187434,0.9238494906285318,0.9347826086956522,0.9048333333333334,0.9232137045504512,0.9276315789473685
s1199,rib_right_3,0.9399,1,0.8475567791704256,0.9014573873697586,0.8798076923076923,0.9045416666666668,0.9230811084196389,0.9276315789473685
s1199,rib_right_4,0.9522,1,0.8978859265107911,0.9268024218604859,0.9555555555555556,0.9246845238095238,0.9317596374631207,0.9538866930171278
s1199,rib_right_5,0.9388,1,0.7996645231874899,0.8703670665452415,0.8798076923076923,0.870434523809524,0.9060567457310337,0.8811475409836066
s1199,rib_right_6,0.9278,1,0.6424407448128667,0.708635709852424,0.6170212765957447,0.757125992063492,0.8235146116878985,0.7751479289940828
s1199,rib_right_7,0.9324,1,0.7305114050646992,0.8111619339780712,0.7927927927927928,0.7633363095238095,0.829224088600316,0.7751479289940828
s1199,rib_right_8,0.912,1,0.925329558687482,0.9379539915019619,0.9555921052631579,0.9255416666666669,0.9321080415431138,0.9538866930171278
s1199,rib_right_9,0.9524,1,0.48138164666715,0.4622111067020388,0.5454545454545455,0.5582916666666666,0.5661686456834107,0.6074498567335244
s1199,scapula_left,0.8859,0,0.8740939623788325,0.9156698161184111,0.9251101321585903,0.8718749999999998,0.9068394791191662,0.8811475409836066
s1199,scapula_right,0.8864,0,0.9075972521039308,0.9309451571959404,0.9555921052631579,0.8858690476190476,0.9141437648128523,0.9172413793103448
s1199,small_bowel,0.5962,0,0.2625139805539209,0.1729279599374809,0.23300970873786409,0.2849761904761905,0.18465268977073787,0.20833333333333334
s1199,spinal_cord,0.9257,1,0.8755086965609092,0.916372700465539,0.9251101321585903,0.8177916666666666,0.8731477484518343,0.8478260869565217
s1199,spleen,0.9147,1,0.9606122217278579,0.9499649009666801,0.9555921052631579,0.9370416666666667,0.9366254905510627,0.9538866930171278
s1199,sternum,0.9098,1,0.8434658572954337,0.8990852896609615,0.8798076923076923,0.8687499999999999,0.9051339273957049,0.8811475409836066
s1199,stomach,0.9566,1,0.8884316021303108,0.9225505457488024,0.9251101321585903,0.8757916666666665,0.9089382208246478,0.9172413793103448
s1199,subclavian_artery_left,0.8776,0,0.26727429407407965,0.1773695171927206,0.23300970873786409,0.24712499999999998,0.15088413046041307,0.17777777777777778
s1199,subclavian_artery_right,0.9208,1,0.445509487403249,0.4053728646133431,0.4623655913978496,0.4547083333333334,0.40190983298275157,0.45184278721566706
s1199,superior_vena_cava,0.9418,1,0.5994349055640186,0.6481713863279958,0.5917602996254682,0.6142916666666668,0.6513724790613532,0.6074498567335244
s1199,thyroid_gland,0.9126,1,0.4394365095242033,0.39595455099183513,0.4623655913978496,0.5331666666666665,0.5262852605118684,0.6074498567335244
s1199,trachea,0.9714,1,0.9378019299731464,0.9424798061908437,0.9555921052631579,0.9320833333333333,0.9347131694240972,0.9538866930171278
s1199,vertebrae_C7,0.9523,1,0.39125216768636306,0.32441575063627787,0.3088235294117647,0.4569434523809525,0.4053574074265698,0.5
s1199,vertebrae_L1,0.9804,1,0.9102903230607572,0.9320549667105859,0.9555921052631579,0.9178750000000001,0.9289323736777413,0.9538866930171278
s1199,vertebrae_L2,0.7464,0,0.22228236692329875,0.1388522779670097,0.1891891891891892,0.20308333333333334,0.11816767855763219,0.125
s1199,vertebrae_T1,0.9556,1,0.7960348865793274,0.8676990751110258,0.8798076923076923,0.8682767857142857,0.9048732341954152,0.8811475409836066
s1199,vertebrae_T10,0.9709,1,0.9244289695747783,0.937614628102536,0.9555921052631579,0.9264583333333334,0.9324788148369548,0.9538866930171278
s1199,vertebrae_T11,0.9753,1,0.9269492897514828,0.9385600096216971,0.9555921052631579,0.930529761904762,0.9341030291691146,0.9538866930171278
s1199,vertebrae_T12,0.9768,1,0.9251352272505323,0.9378809089658229,0.9555921052631579,0.926154761904762,0.9323562347640821,0.9538866930171278
s1199,vertebrae_T2,0.9671,1,0.9039403534263728,0.9294112814046861,0.9555921052631579,0.9141666666666667,0.927347561231056,0.9538866930171278
s1199,vertebrae_T3,0.9572,1,0.882970118749825,0.9199923624164941,0.9251101321585903,0.9160833333333332,0.9281707036638984,0.9538866930171278
s1199,vertebrae_T4,0.9393,1,0.8283275621251378,0.8898618207409834,0.8798076923076923,0.8322083333333333,0.8830321047209742,0.8811475409836066
s1199,vertebrae_T5,0.9449,1,0.917995465843349,0.9351395030766384,0.9555921052631579,0.935625,0.9360845062883941,0.9538866930171278
s1199,vertebrae_T6,0.9492,1,0.9080259457762674,0.9311229374758763,0.9555921052631579,0.9067083333333333,0.9240611151450978,0.9276315789473685
s1199,vertebrae_T7,0.9632,1,0.9164441799118971,0.9345291532192112,0.9555921052631579,0.9350000000000002,0.9358444714031439,0.9538866930171278
s1199,vertebrae_T8,0.9712,1,0.9146012263819291,0.9337971069456165,0.9555921052631579,0.9335416666666667,0.935281121254557,0.9538866930171278
s1199,vertebrae_T9,0.973,1,0.9208835582982366,0.9362617306332816,0.9555921052631579,0.9347916666666669,0.9357642733548044,0.9538866930171278
s1059,aorta,0.9361,1,0.49516316356545625,0.4949560667563027,0.516209476309227,0.5679166666666668,0.5826489241699991,0.5051546391752577
s1059,autochthon_left,0.9432,1,0.8376852713622199,0.8931748286826758,0.8942731277533039,0.828702380952381,0.8798032348889543,0.8897338403041825
s1059,autochthon_right,0.9143,1,0.8190961433730165,0.8815555330686018,0.8942731277533039,0.8393690476190475,0.8867875418789819,0.8897338403041825
s1059,brachiocephalic_trunk,0.9251,1,0.4600658811283899,0.44032527813614003,0.43478260869565216,0.5122986111111111,0.4950716055438546,0.5051546391752577
s1059,brachiocephalic_vein_left,0.9443,1,0.5859587946610602,0.6336928177214407,0.516209476309227,0.6025,0.6349202217387367,0.5051546391752577
s1059,brachiocephalic_vein_right,0.9593,1,0.5686078632908285,0.608139086884916,0.516209476309227,0.5919761904761904,0.6192863065428343,0.5051546391752577
s1059,brain,0.8408,0,0.44002169707483374,0.40967867745290826,0.43478260869565216,0.5597777777777777,0.5700233269446118,0.5051546391752577
s1059,clavicula_left,0.9809,1,0.9063524623560864,0.9277989534207151,0.9304932735426009,0.907589285714286,0.923563475443833,0.9236111111111112
s1059,clavicula_right,0.9437,1,0.8981872053433421,0.9242998299248085,0.9304932735426009,0.8787559523809526,0.9095855773736441,0.9236111111111112
s1059,common_carotid_artery_left,0.9397,1,0.5156921509935806,0.5270509801231477,0.516209476309227,0.5153333333333333,0.4998917493125914,0.5051546391752577
s1059,common_carotid_artery_right,0.8598,0,0.5681593086808353,0.6074698646329268,0.516209476309227,0.5984999999999999,0.6290093627785918,0.5051546391752577
s1059,costal_cartilages,0.8084,0,0.0904505291663389,0.07221331182223517,0.05263157894736842,0.13879166666666667,0.08372310497301642,0.01818181818181818
s1059,esophagus,0.8866,0,0.5715481215443076,0.6125156512341574,0.516209476309227,0.6265059523809523,0.6694959299483122,0.6407766990291263
s1059,humerus_left,0.9671,1,0.8839006875813002,0.9178012036586927,0.9304932735426009,0.8235416666666663,0.8762924313881431,0.8258064516129032
s1059,humerus_right,0.9683,1,0.6279264051187209,0.6922708847606773,0.5666666666666667,0.6397500000000002,0.6878426312675122,0.6407766990291263
s1059,lung_upper_lobe_left,0.9827,1,0.9184278447730456,0.9327008867761031,0.95,0.927672619047619,0.932098415683289,0.9523809523809523
s1059,lung_upper_lobe_right,0.9866,1,0.8870597377457464,0.9192805584806879,0.9304932735426009,0.932392857142857,0.9339721030293918,0.9523809523809523
s1059,rib_left_1,0.9475,1,0.8736403762565429,0.9128247365657112,0.9304932735426009,0.9280972222222224,0.9322689587683315,0.9523809523809523
s1059,rib_left_2,0.9647,1,0.9074873785154256,0.9282733376368753,0.9304932735426009,0.9480416666666668,0.9398452311900586,0.9555555555555556
s1059,rib_left_3,0.9225,1,0.8833493813497365,0.9175405152663993,0.9304932735426009,0.8900833333333334,0.9153323940618947,0.9236111111111112
s1059,rib_left_4,0.8365,0,0.8617216122270839,0.9067029625387727,0.9166666666666666,0.9267916666666665,0.9317433080415534,0.9523809523809523
s1059,rib_right_1,0.9312,1,0.9110777821090581,0.9297552094288517,0.9304932735426009,0.9360833333333335,0.9354034424417438,0.9555555555555556
s1059,rib_right_2,0.9623,1,0.9022742348808731,0.9260703239643685,0.9304932735426009,0.8906250000000003,0.9155987257808456,0.9236111111111112
s1059,rib_right_3,0.9356,1,0.758830074940616,0.8361768522705763,0.84,0.7943333333333333,0.8547314506919953,0.8258064516129032
s1059,rib_right_4,0.9428,1,0.8040547432470401,0.871367375172924,0.84,0.823547619047619,0.8762965310240602,0.8258064516129032
s1059,scapula_left,0.9284,1,0.9650835361317058,0.948872138636348,0.9595959595959596,0.977375,0.949557635879101,0.9812030075187917
s1059,scapula_right,0.9507,1,0.9282875268559491,0.9364724791613059,0.9595959595959596,0.9562916666666665,0.9427412375918917,0.9555555555555556
s1059,skull,0.9568,1,0.908165892920977,0.928555574914946,0.9304932735426009,0.9390625,0.9365377769978347,0.9555555555555556
s1059,spinal_cord,0.9113,1,0.7416050008727098,0.8208688271350244,0.8181818181818182,0.7273214285714285,0.7935471264712756,0.7083333333333334
s1059,sternum,0.9436,1,0.7916782677695839,0.8624324499696095,0.84,0.8379583333333334,0.8858845713184431,0.8897338403041825
s1059,subclavian_artery_left,0.8507,0,0.5686326811041379,0.6081761020494565,0.516209476309227,0.6667083333333332,0.7233886829916827,0.7066666666666667
s1059,subclavian_artery_right,0.9,1,0.5542410261733227,0.586515242550431,0.516209476309227,0.6409375,0.6894603186477534,0.6407766990291263
s1059,thyroid_gland,0.9136,1,0.3304890188420167,0.2590651567298887,0.32075471698113206,0.3503750000000001,0.2595129519984679,0.2605633802816901
s1059,trachea,0.4032,0,0.5185405139329424,0.5314924835622369,0.516209476309227,0.5057499999999998,0.4846745406448835,0.5051546391752577
s1059,vertebrae_C1,0.8966,0,0.8456308890901261,0.897827785066992,0.8942731277533039,0.885952380952381,0.9132760456544116,0.9236111111111112
s1059,vertebrae_C2,0.9783,1,0.931788238706301,0.9377635533148696,0.9595959595959596,0.9416607142857142,0.9375118752013579,0.9555555555555556
s1059,vertebrae_C3,0.9752,1,0.8930024981059874,0.9219978313622977,0.9304932735426009,0.9167142857142856,0.9275570458501864,0.9523809523809523
s1059,vertebrae_C4,0.9708,1,0.9186031205187067,0.9327697133281202,0.95,0.9217023809523808,0.929657948029351,0.9523809523809523
s1059,vertebrae_C5,0.9657,1,0.9081419203369628,0.9285456206860065,0.9304932735426009,0.9469583333333332,0.9394549128028281,0.9555555555555556
s1059,vertebrae_C6,0.9668,1,0.9126765549750405,0.9304059245863497,0.9304932735426009,0.9051666666666666,0.9224697702309977,0.9236111111111112
s1059,vertebrae_C7,0.9651,1,0.8759514296538274,0.9139688949875854,0.9304932735426009,0.9014791666666668,0.9207774964810187,0.9236111111111112
s1059,vertebrae_T1,0.9686,1,0.8999431739056386,0.9250652330813697,0.9304932735426009,0.9091369047619048,0.9242547310607471,0.9236111111111112
s1059,vertebrae_T2,0.9737,1,0.9007873480574605,0.9254306604816842,0.9304932735426009,0.8889166666666667,0.9147561646485244,0.9236111111111112
s1059,vertebrae_T3,0.969,1,0.8693923494028397,0.9106856724575685,0.9304932735426009,0.8679761904761905,0.9037927794999305,0.8897338403041825
s1059,vertebrae_T4,0.9235,1,0.7075374085092184,0.7873497805475158,0.7961165048543689,0.766297619047619,0.8311889837567675,0.8199052132701422
s1161,adrenal_gland_left,0.9211,1,0.5232913011941954,0.5391810180841503,0.5228215767634854,0.492875,0.46977137638627076,0.5
s1161,adrenal_gland_right,0.9243,1,0.593203899131219,0.6453469268131437,0.6541666666666667,0.5771726190476191,0.6030575668551507,0.5757575757575758
s1161,aorta,0.977,1,0.9643907051984332,0.9499432177455519,0.9801762114537445,0.9775416666666666,0.9516408641461963,0.9743589743589743
s1161,atrial_appendage_left,0.9046,1,0.4513442990997214,0.4261916888599395,0.45,0.47125000000000006,0.43550988391630974,0.4880952380952381
s1161,autochthon_left,0.9632,1,0.9746419030228304,0.9529340438539805,0.9801762114537445,0.9794166666666668,0.9521899030634228,0.9770491803278688
s1161,autochthon_right,0.9501,1,0.9856620153674188,0.955959426447104,0.9801762114537445,0.9789583333333334,0.9520562427790308,0.9770491803278688
s1161,brachiocephalic_trunk,0.8884,0,0.5782855145975662,0.6234965978452026,0.5228215767634854,0.6281071428571431,0.6778849215331207,0.6532258064516129
s1161,brachiocephalic_vein_left,0.9293,1,0.766173613017901,0.844383055325848,0.803921568627451,0.7324494047619048,0.8040158684872559,0.7612903225806451
s1161,brachiocephalic_vein_right,0.9162,1,0.5462048519855522,0.5748773927286602,0.5228215767634854,0.6171696428571429,0.662420022588265,0.6532258064516129
s1161,brain,0.9814,1,0.9083440391651186,0.9301649713396674,0.9584415584415584,0.8965694444444445,0.9214000212271071,0.9532374100719424
s1161,clavicula_left,0.9728,1,0.819300497735685,0.8835806651089567,0.8729016786570744,0.9325416666666666,0.9365321672081616,0.9638157894736842
s1161,clavicula_right,0.8286,0,0.9513341933853794,0.9458728853204915,0.9736842105263158,0.9545833333333335,0.944415376648512,0.9714285714285714
s1161,colon,0.925,1,0.28356606783233684,0.2046998230855841,0.24,0.3185714285714285,0.225107272639142,0.28
s1161,common_carotid_artery_left,0.866,0,0.5688241642966009,0.6093673633491384,0.5228215767634854,0.7295714285714284,0.801098441607049,0.7612903225806451
s1161,common_carotid_artery_right,0.7678,0,0.41762478725549235,0.3751009354495957,0.40540540540540543,0.3697321428571429,0.28723455646302337,0.3315508021390374
s1161,costal_cartilages,0.9155,1,0.2939670030157809,0.2156028106304042,0.2857142857142857,0.2840773809523809,0.18895434448009135,0.1891891891891892
s1161,duodenum,0.8914,0,0.669401490595522,0.7464843319428679,0.6541666666666667,0.7345892857142857,0.8061640279315297,0.7612903225806451
s1161,esophagus,0.9258,1,0.7061334025944613,0.7878418865240833,0.7549019607843137,0.7798749999999999,0.847481699916911,0.795774647887324
s1161,femur_left,0.1447,0,0.41342946109011364,0.36891024766816277,0.40540540540540543,0.39542261904761916,0.32202054918051437,0.3315508021390374
s1161,gallbladder,0.9419,1,0.45576313457926,0.43303116019634047,0.45,0.4851904761904761,0.4575467302944476,0.4880952380952381
s1161,gluteus_maximus_left,0.9096,1,0.48649567171779273,0.48116566067485506,0.5228215767634854,0.44729761904761917,0.3982798048172268,0.44
s1161,gluteus_maximus_right,0.9467,1,0.857961719943581,0.9064455230216467,0.8729016786570744,0.8779583333333332,0.9123330855121696,0.9137931034482759
s1161,gluteus_medius_left,0.9386,1,0.9152071139379296,0.9329289628990802,0.9584415584415584,0.8998273809523809,0.9228962631053547,0.9532374100719424
s1161,gluteus_medius_right,0.9521,1,0.912618976964281,0.9318987635113669,0.9584415584415584,0.9115148809523808,0.9280513514411373,0.9532374100719424
s1161,gluteus_minimus_left,0.9006,1,0.6131102756743201,0.6735721859503674,0.6541666666666667,0.6437916666666665,0.6993928760618734,0.6532258064516129
s1161,gluteus_minimus_right,0.948,1,0.7178389800779024,0.7999374897613354,0.7549019607843137,0.6849791666666667,0.7517374682319674,0.6614173228346457
s1161,heart,0.938,1,0.9534852181674114,0.9465643005158674,0.9736842105263158,0.9276071428571429,0.9346297170436276,0.9638157894736842
s1161,hip_left,0.9501,1,0.8088886354297614,0.8766430356773525,0.8729016786570744,0.8161666666666666,0.8751362099087572,0.8421052631578947
s1161,hip_right,0.9829,1,0.8402840010380436,0.896537042642665,0.8729016786570744,0.812375,0.8724614016162997,0.8421052631578947
s1161,humerus_left,0.9733,1,0.5918197625699764,0.6433433734952987,0.6541666666666667,0.5929285714285714,0.6269181457576877,0.6153846153846154
s1161,humerus_right,0.9811,1,0.8232420552211553,0.8861173392939374,0.8729016786570744,0.8794255952380952,0.9130809412053451,0.9137931034482759
s1161,iliac_artery_left,0.9672,1,0.5064117359579247,0.5126039587726909,0.5228215767634854,0.5107767857142858,0.4983655835996861,0.5
s1161,iliac_artery_right,0.9389,1,0.614669193155376,0.6757335345379034,0.6541666666666667,0.626047619047619,0.6750012322649384,0.6532258064516129
s1161,iliac_vena_left,0.95,1,0.4262392030308462,0.3879394004416783,0.40540540540540543,0.47793749999999996,0.4460550512858899,0.4880952380952381
s1161,iliac_vena_right,0.9372,1,0.3611591259381845,0.29586651852372836,0.29357798165137616,0.41963690476190474,0.3567280751178994,0.3315508021390374
s1161,iliopsoas_left,0.8827,0,0.8874613398573148,0.9210951725545086,0.9411764705882353,0.8993333333333332,0.9226710573516769,0.9532374100719424
s1161,iliopsoas_right,0.9711,1,0.942341380812914,0.9428899766173885,0.9736842105263158,0.9733630952380952,0.9503956892521576,0.9714285714285714
s1161,inferior_vena_cava,0.9531,1,0.8067528440065463,0.8751767231004828,0.8729016786570744,0.7535833333333334,0.8244491888481277,0.7894736842105263
s1161,kidney_left,0.9837,1,0.953618138611468,0.9466067513381341,0.9736842105263158,0.968125,0.9487918437209617,0.9714285714285714
s1161,kidney_right,0.9847,1,0.9416252505232705,0.942645908463141,0.9736842105263158,0.9337916666666666,0.9370058335404547,0.9638157894736842
s1161,liver,0.9893,1,0.952378529153351,0.9462096187906243,0.9736842105263158,0.9454791666666665,0.941277592421758,0.9638157894736842
s1161,lung_lower_lobe_left,0.9725,1,0.663412187103729,0.7392584011951333,0.6541666666666667,0.6331964285714287,0.684952645340919,0.6532258064516129
s1161,lung_lower_lobe_right,0.9824,1,0.9322332267540913,0.9393530442801289,0.9584415584415584,0.9727916666666667,0.9502230645899956,0.9714285714285714
s1161,lung_middle_lobe_right,0.9551,1,0.8811866102382531,0.91816609908532,0.9333333333333333,0.8820833333333333,0.9144208904822045,0.9137931034482759
s1161,lung_upper_lobe_left,0.9835,1,0.9685521609321213,0.9511784549415324,0.9801762114537445,0.9864166666666665,0.9541877648363228,0.9770491803278688
s1161,lung_upper_lobe_right,0.9776,1,0.9678514329717893,0.9509725029797023,0.9801762114537445,0.9664583333333333,0.9482713209914941,0.9714285714285714
s1161,pancreas,0.8905,0,0.6924114846909041,0.7729933796710498,0.7549019607843137,0.7854583333333334,0.852041491354732,0.795774647887324
s1161,portal_vein_and_splenic_vein,0.8781,0,0.3270857139984601,0.25307407850227054,0.29357798165137616,0.3524583333333333,0.2651520269209124,0.3315508021390374
s1161,pulmonary_vein,0.933,1,0.38302865081094817,0.3254315520573467,0.38271604938271603,0.4123392857142858,0.3460880814745369,0.3315508021390374
s1161,rib_left_1,0.9389,1,0.823895544512027,0.8865332217514001,0.8729016786570744,0.8582916666666667,0.9017343576513366,0.8421052631578947
s1161,rib_left_10,0.8876,0,0.2585136240284645,0.1801371738760435,0.19444444444444445,0.252,0.15948968455537268,0.1
s1161,rib_left_11,0.9302,1,0.24413766476617998,0.16711352912421265,0.19444444444444445,0.24562500000000004,0.1540981957096503,0.1
s1161,rib_left_12,0.9521,1,0.5160445756879533,0.527789386529165,0.5228215767634854,0.552261904761905,0.5643555910832523,0.5757575757575758
s1161,rib_left_2,0.9645,1,0.8654158647323427,0.9103626560188758,0.8729016786570744,0.8878541666666666,0.9172660816926176,0.9230769230769231
s1161,rib_left_3,0.9732,1,0.9081575211387216,0.9300884029100526,0.9584415584415584,0.9345138888888889,0.9372780024722882,0.9638157894736842
s1161,rib_left_4,0.9583,1,0.9183001778377948,0.9341411687976874,0.9584415584415584,0.9715,0.9498307610116912,0.9714285714285714
s1161,rib_left_5,0.9661,1,0.801957569542174,0.8718300733735188,0.8729016786570744,0.8244107142857142,0.8807861947272394,0.8421052631578947
s1161,rib_left_6,0.9673,1,0.9021875019394262,0.9275962555306546,0.9584415584415584,0.9186011904761904,0.9310202599993423,0.9532374100719424
s1161,rib_left_7,0.9258,1,0.9349423592541208,0.940320609320218,0.9584415584415584,0.9641666666666667,0.9475474302002582,0.9714285714285714
s1161,rib_left_8,0.8617,0,0.22370297692792643,0.14991098743144474,0.125,0.21795833333333334,0.13241100829403268,0.1
s1161,rib_left_9,0.869,0,0.23755433043924293,0.16140549444739835,0.19444444444444445,0.19679166666666664,0.11761432204210738,0.1
s1161,rib_right_1,0.9794,1,0.7489079587002366,0.8295088631437798,0.7619047619047619,0.7734761904761904,0.8421149207879286,0.795774647887324
s1161,rib_right_10,0.9742,1,0.9337304797247454,0.939889587277776,0.9584415584415584,0.9424999999999999,0.9402152294322225,0.9638157894736842
s1161,rib_right_11,0.9725,1,0.8435921058086371,0.8984592868213777,0.8729016786570744,0.8383750000000001,0.889852086986375,0.8421052631578947
s1161,rib_right_12,0.9491,1,0.35806872039243864,0.2918160901937811,0.29357798165137616,0.39312499999999984,0.3188199040283951,0.3315508021390374
s1161,rib_right_2,0.9767,1,0.8816103529883209,0.9183669835011631,0.9333333333333333,0.9461904761904762,0.9415286134424075,0.9638157894736842
s1161,rib_right_3,0.9744,1,0.9116877293638292,0.9315245082531104,0.9584415584415584,0.9582738095238098,0.9456418241817646,0.9714285714285714
s1161,rib_right_4,0.9768,1,0.8211347038588248,0.8847671559561211,0.8729016786570744,0.8635416666666668,0.9046705232508575,0.8421052631578947
s1161,rib_right_5,0.9753,1,0.8645637221079612,0.9099224555403869,0.8729016786570744,0.8952023809523811,0.9207643070315358,0.9532374100719424
s1161,rib_right_6,0.9722,1,0.878074502463496,0.9166768913701591,0.9333333333333333,0.9089166666666665,0.9269335557606505,0.9532374100719424
s1161,rib_right_7,0.9706,1,0.9203484580893998,0.9349326723261431,0.9584415584415584,0.925,0.9336032707957004,0.9532374100719424
s1161,rib_right_8,0.9684,1,0.8581412439406014,0.9065416408959681,0.8729016786570744,0.876702380952381,0.9116883181639539,0.9137931034482759
s1161,rib_right_9,0.9666,1,0.5375257006372466,0.5614274811050035,0.5228215767634854,0.6964791666666666,0.7652120446327524,0.7612903225806451
s1161,sacrum,0.9422,1,0.715116753291176,0.7971714624379213,0.7549019607843137,0.7125357142857144,0.7831621552525677,0.7612903225806451
s1161,scapula_left,0.9333,1,0.949954168501033,0.9454248641144238,0.9736842105263158,0.9689999999999999,0.9490631308467914,0.9714285714285714
s1161,scapula_right,0.944,1,0.9858604474638529,0.9560121654229963,0.9801762114537445,0.9917500000000001,0.9556563392193796,0.9770491803278688
s1161,skull,0.9533,1,0.8493035712324648,0.9017035549102306,0.8729016786570744,0.7384255952380956,0.8099703064743292,0.7612903225806451
s1161,small_bowel,0.9279,1,0.48815276006903785,0.48377918285439736,0.5228215767634854,0.5237916666666668,0.5191714447469392,0.5
s1161,spinal_cord,0.944,1,0.7950379340733095,0.8668661789900715,0.819672131147541,0.8222083333333334,0.8792988199550571,0.8421052631578947
s1161,spleen,0.9871,1,0.9319778940056803,0.9392610993782184,0.9584415584415584,0.9406250000000002,0.9395374083603351,0.9638157894736842
s1161,sternum,0.9114,1,0.9469113880888065,0.9444246603840404,0.9736842105263158,0.9585059523809524,0.9457181130739151,0.9714285714285714
s1161,stomach,0.9744,1,0.8113411716720009,0.8783085261797605,0.8729016786570744,0.8549583333333337,0.8998285421310436,0.8421052631578947
s1161,subclavian_artery_left,0.8607,0,0.5823211118701118,0.6294614251879229,0.5228215767634854,0.6690833333333335,0.7322775410325272,0.6614173228346457
s1161,subclavian_artery_right,0.8785,0,0.3353762705218111,0.26310027665057967,0.29357798165137616,0.37329166666666663,0.29191910229629037,0.3315508021390374
s1161,superior_vena_cava,0.9367,1,0.6684320747306967,0.7453237768289752,0.6541666666666667,0.7106428571428571,0.7810987104879066,0.7612903225806451
s1161,thyroid_gland,0.9217,1,0.7058135605076191,0.7875040066466074,0.7549019607843137,0.7416011904761903,0.813077558298251,0.7612903225806451
s1161,trachea,0.9047,1,0.5039129168844183,0.5086598245789583,0.5228215767634854,0.4737976190476192,0.4395207464914647,0.4880952380952381
s1161,urinary_bladder,0.9796,1,0.8475051144490153,0.9006920714193567,0.8729016786570744,0.8047956349206351,0.8669678790753791,0.795774647887324
s1161,vertebrae_C1,0.8926,0,0.5703117078372518,0.611601674628878,0.5228215767634854,0.5520833333333333,0.5640747047033464,0.5757575757575758
s1161,vertebrae_C2,0.9729,1,0.763844751975528,0.8424403213598093,0.803921568627451,0.7613214285714284,0.8314992914648576,0.7894736842105263
s1161,vertebrae_C3,0.9587,1,0.5971803240600533,0.6510743590283973,0.6541666666666667,0.6197380952380951,0.6660845355283561,0.6532258064516129
s1161,vertebrae_C4,0.9644,1,0.6762595509460297,0.7545943642350451,0.6541666666666667,0.673761904761905,0.7381044009966321,0.6614173228346457
s1161,vertebrae_C5,0.9685,1,0.6200445000924966,0.6831284163166146,0.6541666666666667,0.647967261904762,0.7049789664782047,0.6614173228346457
s1161,vertebrae_C6,0.952,1,0.6262956413630697,0.6916130958827328,0.6541666666666667,0.6506488095238094,0.7085343087782305,0.6614173228346457
s1161,vertebrae_C7,0.9101,1,0.8705929730315709,0.9129955830619418,0.8729016786570744,0.9008749999999999,0.9233718203118728,0.9532374100719424
s1161,vertebrae_L1,0.981,1,0.911654858964205,0.9315112633474469,0.9584415584415584,0.8905803571428572,0.9185800261008047,0.9230769230769231
s1161,vertebrae_L2,0.9849,1,0.9496725181447009,0.9453329987401435,0.9736842105263158,0.9431458333333333,0.940447049140467,0.9638157894736842
s1161,vertebrae_L3,0.9876,1,0.9731645200726576,0.9525137290303812,0.9801762114537445,0.96725,0.9485191901087465,0.9714285714285714
s1161,vertebrae_L4,0.9859,1,0.9152618345543359,0.9329505873516032,0.9584415584415584,0.9336369047619048,0.9369473684732994,0.9638157894736842
s1161,vertebrae_L5,0.9885,1,0.9060214472573226,0.9292059609339343,0.9584415584415584,0.9166279761904762,0.9302051421432849,0.9532374100719424
s1161,vertebrae_S1,0.9243,1,0.7174336852512987,0.7995274728986722,0.7549019607843137,0.7699375,0.8390816243823838,0.795774647887324
s1161,vertebrae_T1,0.8992,0,0.34836715292670317,0.2793154254969322,0.29357798165137616,0.3748750000000001,0.2940172313559743,0.3315508021390374
s1161,vertebrae_T10,0.9887,1,0.8359046772365606,0.8939428764092691,0.8729016786570744,0.8696250000000002,0.907974377441598,0.9137931034482759
s1161,vertebrae_T11,0.9864,1,0.8785268084733441,0.916894849285791,0.9333333333333333,0.8850416666666665,0.9158903480407943,0.9137931034482759
s1161,vertebrae_T12,0.9812,1,0.9235761151456232,0.9361619707402665,0.9584415584415584,0.9431636904761903,0.9404534469249061,0.9638157894736842
s1161,vertebrae_T2,0.9494,1,0.3744433423215056,0.3136413915627026,0.38271604938271603,0.38679166666666664,0.3100860452779309,0.3315508021390374
s1161,vertebrae_T3,0.9597,1,0.7427818457608072,0.8239664159668578,0.7549019607843137,0.7564166666666666,0.827057190477205,0.7894736842105263
s1161,vertebrae_T4,0.9656,1,0.846824004797165,0.9003065917598032,0.8729016786570744,0.8635624999999998,0.9046820168179959,0.8421052631578947
s1161,vertebrae_T5,0.9824,1,0.919921922462483,0.9347685819579772,0.9584415584415584,0.9435416666666666,0.9405887157490292,0.9638157894736842
s1161,vertebrae_T6,0.9841,1,0.933962557827404,0.9399723540852135,0.9584415584415584,0.9454583333333335,0.9412702251324175,0.9638157894736842
s1161,vertebrae_T7,0.9872,1,0.9303869942229365,0.9386852761215088,0.9584415584415584,0.9566250000000001,0.9450970630450013,0.9714285714285714
s1161,vertebrae_T8,0.9904,1,0.9335918835780697,0.9398401083268372,0.9584415584415584,0.9467083333333335,0.9417107317212675,0.9638157894736842
s1161,vertebrae_T9,0.9879,1,0.9355455418379093,0.940534059321982,0.9584415584415584,0.9592916666666668,0.9459755734034909,0.9714285714285714
s1046,adrenal_gland_left,0.9146,1,0.37445142097791484,0.3011009309317623,0.3088235294117647,0.42523511904761896,0.3574671064407125,0.3333333333333333
s1046,adrenal_gland_right,0.9147,1,0.4222024360182322,0.36966424048227936,0.3181818181818182,0.378952380952381,0.2925670398774882,0.25
s1046,aorta,0.9716,1,0.9801077850844996,0.9556217960270699,0.9723756906077348,0.9823333333333334,0.9518206211938767,0.9929078014184397
s1046,atrial_appendage_left,0.926,1,0.696544353176036,0.7752504100343389,0.6666666666666666,0.7427916666666667,0.809766015795343,0.77
s1046,autochthon_left,0.9748,1,0.9701855514329699,0.9528233441127536,0.9624060150375939,0.9677083333333332,0.947336422920007,0.9538866930171278
s1046,autochthon_right,0.9716,1,0.9738171685408139,0.9538665451517746,0.9723756906077348,0.9731249999999999,0.9490414330598518,0.9538866930171278
s1046,brachiocephalic_trunk,0.8816,0,0.5887233416204114,0.6322379235414511,0.5917602996254682,0.5998333333333332,0.6300497525329859,0.6074498567335244
s1046,brachiocephalic_vein_left,0.965,1,0.7429955659477484,0.8232040250913103,0.7927927927927928,0.8290000000000001,0.8808919003683513,0.8648648648648649
s1046,brachiocephalic_vein_right,0.8672,0,0.7297203558859241,0.810378094663168,0.7927927927927928,0.7771369047619048,0.8413851776121791,0.7751479289940828
s1046,clavicula_left,0.9712,1,0.923659068539794,0.9373231381115619,0.9555921052631579,0.9553452380952382,0.943241072340561,0.9538866930171278
s1046,clavicula_right,0.9502,1,0.8788775138092966,0.918025044283007,0.9251101321585903,0.9346666666666664,0.9357161097177632,0.9538866930171278
s1046,colon,0.9098,1,0.4476341894521853,0.4086848724287235,0.4623655913978496,0.4590059523809522,0.4085470343618695,0.5
s1046,common_carotid_artery_left,0.9431,1,0.47124809254002004,0.44598840999118367,0.4623655913978496,0.5642916666666665,0.575587016174006,0.6074498567335244
s1046,common_carotid_artery_right,0.8712,0,0.4112265702094629,0.353304353152856,0.3088235294117647,0.4349642857142858,0.3719100645547085,0.43093010456797887
s1046,costal_cartilages,0.8943,0,0.605078092614746,0.6564373792282517,0.5917602996254682,0.6013869047619046,0.6323671390841344,0.6074498567335244
s1046,duodenum,0.9218,1,0.49108255214529556,0.47781697739546214,0.5454545454545455,0.6075833333333334,0.641548484110608,0.6074498567335244
s1046,esophagus,0.9481,1,0.8581162076891051,0.9073519511842771,0.9245982780137905,0.9239404761904761,0.9314558606466707,0.9538866930171278
s1046,femur_left,0.9418,1,0.7715061504221794,0.848430682114998,0.8421052631578947,0.7347857142857144,0.8017374973110304,0.77
s1046,femur_right,0.9777,1,0.9853220877022286,0.957028280125952,0.9723756906077348,0.98625,0.9529585836690254,0.9929078014184397
s1046,gallbladder,0.9698,1,0.61053046447928,0.6643348963432402,0.5917602996254682,0.6470357142857143,0.6973895026571895,0.6822429906542056
s1046,gluteus_maximus_left,0.9688,1,0.9620030527553197,0.9503901451347985,0.9624060150375939,0.9761666666666667,0.949975828014731,0.9538866930171278
s1046,gluteus_maximus_right,0.9716,1,0.9568900316157009,0.9488098009387524,0.9555921052631579,0.9711666666666666,0.9484311209747388,0.9538866930171278
s1046,gluteus_medius_left,0.9594,1,0.9709092255095593,0.953032996595633,0.9624060150375939,0.9708750000000002,0.9483396340845202,0.9538866930171278
s1046,gluteus_medius_right,0.9658,1,0.9793097259457231,0.9554026934834156,0.9723756906077348,0.99125,0.9543741980256569,1.0
s1046,gluteus_minimus_left,0.9389,1,0.9101636868937666,0.9320031527366777,0.9555921052631579,0.9098749999999999,0.9254728267598359,0.9276315789473685
s1046,gluteus_minimus_right,0.952,1,0.9209405056595068,0.9362836757499268,0.9555921052631579,0.9487499999999999,0.9409356608708875,0.9538866930171278
s1046,heart,0.9207,1,0.9826499328173769,0.956312905065299,0.9723756906077348,0.9879166666666667,0.9534350341714737,0.9929078014184397
s1046,hip_left,0.9689,1,0.9641831093590718,0.9510498072838464,0.9624060150375939,0.9484226190476189,0.9408189651298926,0.9538866930171278
s1046,hip_right,0.9828,1,0.9704639280406763,0.9529040964618176,0.9624060150375939,0.9749999999999999,0.9496193644009282,0.9538866930171278
s1046,humerus_left,0.9316,1,0.9184499488010404,0.9353173130195624,0.9555921052631579,0.9277499999999997,0.9329980807022503,0.9538866930171278
s1046,humerus_right,0.945,1,0.8842509903794245,0.9205991671092496,0.9251101321585903,0.9190773809523809,0.9294393381609477,0.9538866930171278
s1046,iliac_artery_left,0.8785,0,0.6200521297941822,0.6779067818340992,0.5917602996254682,0.6473333333333332,0.6977918221735798,0.6822429906542056
s1046,iliac_artery_right,0.7862,0,0.5616957750375939,0.5907991815186844,0.5917602996254682,0.6040833333333334,0.6363747374556823,0.6074498567335244
s1046,iliac_vena_left,0.9197,1,0.7275435230967159,0.8082082442955462,0.7927927927927928,0.7593452380952381,0.8255719199531256,0.7751479289940828
s1046,iliac_vena_right,0.9284,1,0.6561490563898592,0.7265728141355657,0.6170212765957447,0.7030952380952382,0.7674771947583546,0.6822429906542056
s1046,iliopsoas_left,0.9643,1,0.9870067847191772,0.9574735334549122,1.0,0.99125,0.9543741980256569,1.0
s1046,iliopsoas_right,0.972,1,0.9897967253634659,0.9582012135680009,1.0,0.9783333333333333,0.9506315012465452,0.9814814814814815
s1046,inferior_vena_cava,0.9304,1,0.901240668164907,0.9282587689370876,0.9555555555555556,0.9259166666666667,0.9322599491462452,0.9538866930171278
s1046,kidney_left,0.9823,1,0.9602592626541483,0.9498564362157031,0.9555921052631579,0.9724999999999998,0.9488473989356443,0.9538866930171278
s1046,kidney_right,0.9835,1,0.9514068145317647,0.9470621694042959,0.9555921052631579,0.9601785714285714,0.9448766177185725,0.9538866930171278
s1046,liver,0.9872,1,0.938751027443216,0.9428112133890438,0.9555921052631579,0.9651666666666666,0.946517932167192,0.9538866930171278
s1046,lung_lower_lobe_left,0.9922,1,0.9969340206374998,0.9600089609072752,1.0,0.9975,0.9560867147384284,1.0
s1046,lung_lower_lobe_right,0.9924,1,0.9902162226924659,0.958309593018879,1.0,0.9945833333333333,0.9552953081319524,1.0
s1046,lung_middle_lobe_right,0.9831,1,0.9883599209359994,0.957827961781154,1.0,0.9920833333333334,0.9546061558557464,1.0
s1046,lung_upper_lobe_left,0.993,1,0.9962682737169518,0.9598435581436932,1.0,0.99875,0.9564217818596082,1.0
s1046,lung_upper_lobe_right,0.9908,1,0.9975,0.960149063076058,1.0,0.999375,0.9565883990464765,1.0
s1046,pancreas,0.9317,1,0.6961264091288395,0.7747797384036333,0.6666666666666666,0.7824583333333334,0.8458831154584843,0.7751479289940828
s1046,portal_vein_and_splenic_vein,0.8943,0,0.40041933019341824,0.3375245554876092,0.3088235294117647,0.4489583333333333,0.3930859045759438,0.43478260869565216
s1046,prostate,0.844,0,0.47230558947374773,0.4476765813316962,0.4623655913978496,0.3771666666666667,0.2902043708296014,0.25
s1046,pulmonary_vein,0.9294,1,0.7853220706285855,0.8595522913600576,0.8798076923076923,0.8093253968253967,0.8670162618555066,0.8426966292134831
s1046,rib_left_1,0.9277,1,0.9367523351556677,0.9421112077706338,0.9555921052631579,0.9535833333333333,0.9426335978953756,0.9538866930171278
s1046,rib_left_10,0.9494,1,0.8989759719469259,0.9272785897766813,0.9555555555555556,0.8914583333333335,0.9169133645037147,0.9172413793103448
s1046,rib_left_11,0.9609,1,0.8394473782398114,0.8967059818182042,0.8798076923076923,0.8132440476190479,0.8698848634253219,0.8426966292134831
s1046,rib_left_12,0.9319,1,0.6543509938309486,0.7242596769865394,0.6170212765957447,0.6638194444444443,0.719593426565453,0.6822429906542056
s1046,rib_left_2,0.9584,1,0.9745921389504387,0.9540863001596421,0.9723756906077348,0.9823333333333334,0.9518206211938767,0.9929078014184397
s1046,rib_left_3,0.9464,1,0.8610537454946513,0.9089345670944345,0.9251101321585903,0.8917777777777778,0.9170691757362897,0.9172413793103448
s1046,rib_left_4,0.9464,1,0.9624379350015089,0.9505224051791513,0.9624060150375939,0.9489702380952377,0.9410140439016369,0.9538866930171278
s1046,rib_left_5,0.9182,1,0.9273361994233531,0.9387039502160524,0.9555921052631579,0.953470238095238,0.9425943967521334,0.9538866930171278
s1046,rib_left_6,0.9535,1,0.9388416737582601,0.9428427714000726,0.9555921052631579,0.9267857142857143,0.9326107780889427,0.9538866930171278
s1046,rib_left_7,0.9626,1,0.9509363916661648,0.9469096379362357,0.9555921052631579,0.9537857142857143,0.9427036845692287,0.9538866930171278
s1046,rib_left_8,0.9634,1,0.9359239529279425,0.9418187310461453,0.9555921052631579,0.9346607142857143,0.9357138153725462,0.9538866930171278
s1046,rib_left_9,0.9556,1,0.9453246627294534,0.945057807657809,0.9555921052631579,0.938125,0.9370363007024723,0.9538866930171278
s1046,rib_right_1,0.9157,1,0.901315047438073,0.9282907532409772,0.9555555555555556,0.8996190476190477,0.920811337241327,0.9276315789473685
s1046,rib_right_10,0.9558,1,0.8496840695622491,0.9026711585610506,0.8798076923076923,0.8313750000000002,0.8824794362935146,0.8811475409836066
s1046,rib_right_11,0.9479,1,0.5038464034453499,0.498411470651344,0.5454545454545455,0.46833829365079366,0.42307212993186083,0.5
s1046,rib_right_12,0.9274,1,0.6492399744304627,0.7176187948850243,0.6170212765957447,0.6898611111111111,0.7520018917192726,0.6822429906542056
s1046,rib_right_2,0.9621,1,0.9832642655596514,0.9564783704385467,0.9723756906077348,0.9975,0.9560867147384284,1.0
s1046,rib_right_3,0.9456,1,0.9711495605488644,0.9531024268788827,0.9624060150375939,0.9792361111111112,0.9509022869151308,0.9814814814814815
s1046,rib_right_4,0.9334,1,0.9660272761447556,0.9516013285594616,0.9624060150375939,0.9870535714285714,0.9531888766806369,0.9929078014184397
s1046,rib_right_5,0.9269,1,0.9220996285989307,0.93672882528316,0.9555921052631579,0.9285,0.9332978866105458,0.9538866930171278
s1046,rib_right_6,0.9666,1,0.945249929284363,0.9450327402693469,0.9555921052631579,0.9502023809523809,0.9414507693809637,0.9538866930171278
s1046,rib_right_7,0.9769,1,0.9566568674789121,0.9487366099341806,0.9555921052631579,0.9589583333333335,0.9444679397375064,0.9538866930171278
s1046,rib_right_8,0.966,1,0.9667676456481563,0.9518210820538174,0.9624060150375939,0.9687440476190475,0.9476665491945839,0.9538866930171278
s1046,rib_right_9,0.9677,1,0.9789244610966316,0.9552965525038183,0.9723756906077348,0.98625,0.9529585836690254,0.9929078014184397
s1046,sacrum,0.9277,1,0.8693610022907005,0.9132791959026043,0.9251101321585903,0.8962619047619046,0.9192284479435566,0.9276315789473685
s1046,scapula_left,0.9735,1,0.9921813990164904,0.9588137376791167,1.0,0.9889583333333334,0.9537304812255845,0.9929078014184397
s1046,scapula_right,0.9663,1,0.9670340001040278,0.9518999083696236,0.9624060150375939,0.9615,0.9453159910726747,0.9538866930171278
s1046,small_bowel,0.9126,1,0.5857981727478418,0.6278343194623949,0.5917602996254682,0.6465892857142859,0.69678545535185,0.6822429906542056
s1046,spinal_cord,0.9478,1,0.9504005942108666,0.9467354038840312,0.9555921052631579,0.9537499999999999,0.9426913221792679,0.9538866930171278
s1046,spleen,0.9822,1,0.8659877070180744,0.9115380770979763,0.9251101321585903,0.8977291666666666,0.9199237803306172,0.9276315789473685
s1046,sternum,0.9368,1,0.9411255684551911,0.943632517400445,0.9555921052631579,0.9549166666666667,0.9430938670693437,0.9538866930171278
s1046,stomach,0.9691,1,0.6415568617066666,0.7074556419287862,0.6170212765957447,0.6965416666666665,0.7598990142007948,0.6822429906542056
s1046,subclavian_artery_left,0.9134,1,0.6924593870148361,0.7706201459214074,0.6666666666666666,0.7290000000000003,0.7957784104160504,0.77
s1046,subclavian_artery_right,0.9374,1,0.6793964547837361,0.7553676882009377,0.6666666666666666,0.7092916666666667,0.7744875902306587,0.6822429906542056
s1046,superior_vena_cava,0.9398,1,0.8400591501204174,0.8970713833941817,0.8798076923076923,0.8827500000000001,0.9125620867969185,0.9172413793103448
s1046,thyroid_gland,0.9233,1,0.7206632035926716,0.8012256799635716,0.7857142857142857,0.7720238095238097,0.8369635432579874,0.7751479289940828
s1046,trachea,0.9661,1,0.9517247628841677,0.9471650276167556,0.9555921052631579,0.9655297619047619,0.9466355900448977,0.9538866930171278
s1046,urinary_bladder,0.9735,1,0.9164899820489221,0.9345472502432443,0.9555921052631579,0.9388095238095236,0.9372945965019128,0.9538866930171278
s1046,vertebrae_C7,0.9228,1,0.4439912018890702,0.40301139150569576,0.4623655913978496,0.4692083333333335,0.424433495441696,0.5
s1046,vertebrae_L1,0.9856,1,0.8807427787358771,0.9189270844270541,0.9251101321585903,0.9115833333333332,0.9262243512377423,0.9276315789473685
s1046,vertebrae_L2,0.9846,1,0.9287831644369987,0.9392394700431099,0.9555921052631579,0.9657499999999999,0.9467068372485113,0.9538866930171278
s1046,vertebrae_L3,0.9817,1,0.915836109384105,0.9342884552630312,0.9555921052631579,0.9444999999999999,0.9394038389466605,0.9538866930171278
s1046,vertebrae_L4,0.9811,1,0.9511471631247361,0.9469780304017473,0.9555921052631579,0.9667916666666665,0.9470426024803478,0.9538866930171278
s1046,vertebrae_L5,0.9712,1,0.933963415522397,0.9411209925343607,0.9555921052631579,0.9385357142857143,0.937191397040714,0.9538866930171278
s1046,vertebrae_S1,0.9343,1,0.8753710572417135,0.9163045513985896,0.9251101321585903,0.8834523809523809,0.9129205487764718,0.9172413793103448
s1046,vertebrae_T1,0.9611,1,0.8738989220794612,0.9155724943172391,0.9251101321585903,0.8642916666666666,0.9026522983969176,0.8811475409836066
s1046,vertebrae_T10,0.9799,1,0.8806413709646722,0.9188782772515309,0.9251101321585903,0.9207916666666663,0.930156361375379,0.9538866930171278
s1046,vertebrae_T11,0.9794,1,0.7998033500202122,0.8704681973404015,0.8798076923076923,0.8193749999999997,0.8742672586317443,0.8478260869565217
s1046,vertebrae_T12,0.9815,1,0.8211917953891958,0.8852631383087695,0.8798076923076923,0.8785277777777776,0.9103790253519558,0.9172413793103448
s1046,vertebrae_T2,0.9723,1,0.9166289544862614,0.9346021316055122,0.9555921052631579,0.9248333333333335,0.931820242918491,0.9538866930171278
s1046,vertebrae_T3,0.9754,1,0.95865030345088,0.9493591737600313,0.9555921052631579,0.9682916666666668,0.9475225972787078,0.9538866930171278
s1046,vertebrae_T4,0.9839,1,0.9427411974137869,0.9441849762077876,0.9555921052631579,0.944125,0.9392669079179051,0.9538866930171278
s1046,vertebrae_T5,0.9762,1,0.9696852771418968,0.9526778921243553,0.9624060150375939,0.9815,0.9515751516165942,0.9814814814814815
s1046,vertebrae_T6,0.972,1,0.9385566879263046,0.9427434999980308,0.9555921052631579,0.9586458333333334,0.9443628205098794,0.9538866930171278
s1046,vertebrae_T7,0.9799,1,0.9348654058430739,0.941442972179151,0.9555921052631579,0.9553541666666665,0.9432441353082801,0.9538866930171278
s1046,vertebrae_T8,0.9799,1,0.9443084902126787,0.944716035191813,0.9555921052631579,0.9611666666666666,0.9452054703315541,0.9538866930171278
s1046,vertebrae_T9,0.9798,1,0.8720914431939515,0.9146657320954016,0.9251101321585903,0.9288749999999999,0.933447322033122,0.9538866930171278
s1024,adrenal_gland_left,0.7517,0,0.6161975235078453,0.6732400434849614,0.5681818181818181,0.6166220238095237,0.6534704676347114,0.6222222222222222
s1024,adrenal_gland_right,0.8249,0,0.4811227779580556,0.4576688615293135,0.5,0.5250386904761906,0.5078068702444491,0.4968944099378882
s1024,aorta,0.9649,1,0.950747521978106,0.9494857184761913,0.9712230215827338,0.9608333333333334,0.9478981850452716,0.9664351851851852
s1024,atrial_appendage_left,0.8447,0,0.5228044807077277,0.5264034249961558,0.5371428571428571,0.48664880952380946,0.44483128099207303,0.4968944099378882
s1024,autochthon_left,0.9404,1,0.9794474793311807,0.957844518073472,0.9727520435967303,0.9849166666666666,0.9551969836237101,0.9733333333333334
s1024,autochthon_right,0.9388,1,0.977311014612835,0.9572707451590727,0.9727520435967303,0.978875,0.9534631463807964,0.9664351851851852
s1024,brachiocephalic_trunk,0.9044,1,0.44627718765691626,0.40131256867229376,0.4909090909090909,0.4567499999999999,0.39688335987220824,0.45588235294117646
s1024,brachiocephalic_vein_left,0.9426,1,0.5989726834998885,0.6477241005088171,0.5681818181818181,0.583392857142857,0.6024075869671425,0.6222222222222222
s1024,brachiocephalic_vein_right,0.6033,0,0.1996660959993117,0.11612325034997396,0.125,0.22399999999999998,0.12442415478484166,0.14864864864864866
s1024,clavicula_left,0.9288,1,0.423016964153396,0.3650044843263106,0.4909090909090909,0.5016964285714286,0.46941706432289193,0.4968944099378882
s1024,clavicula_right,0.9717,1,0.5529942229887561,0.5757164395412102,0.5371428571428571,0.6207916666666666,0.6596617981393832,0.6222222222222222
s1024,colon,0.5446,0,0.46958364737521774,0.4388121556851164,0.4909090909090909,0.4224107142857143,0.3442072171830766,0.4166666666666667
s1024,common_carotid_artery_left,0.916,1,0.29413036954564464,0.19695705871112223,0.16793893129770993,0.3630595238095238,0.2620301262600172,0.367816091954023
s1024,common_carotid_artery_right,0.8374,0,0.19698387361961328,0.11431634454719986,0.125,0.18995238095238098,0.10198165259907215,0.06976744186046512
s1024,costal_cartilages,0.8846,0,0.454338328997925,0.4141758413379252,0.4909090909090909,0.48908333333333337,0.448793894100052,0.4968944099378882
s1024,duodenum,0.7222,0,0.7570000792468082,0.8393411234401945,0.7586206896551724,0.8075654761904764,0.8689537898858469,0.8387096774193549
s1024,esophagus,0.9187,1,0.651309697452631,0.7221007348305342,0.6666666666666666,0.6673333333333332,0.7247757384542616,0.6222222222222222
s1024,femur_left,0.9806,1,0.8691692371060417,0.9164126925869274,0.9298245614035088,0.8522380952380955,0.8989780107506169,0.8633879781420765
s1024,femur_right,0.9827,1,0.8756120982446752,0.9196167451864813,0.946524064171123,0.8743333333333334,0.9114462623360965,0.9134615384615384
s1024,gallbladder,0.7528,0,0.18638670786860256,0.10741528416236318,0.09375,0.22899404761904762,0.12805143836967442,0.14864864864864866
s1024,gluteus_maximus_left,0.5535,0,0.7573742910708067,0.8396743060656097,0.7586206896551724,0.6980059523809523,0.7631925377691363,0.7422680412371134
s1024,gluteus_maximus_right,0.8018,0,0.9592102019650974,0.9521015179137943,0.9712230215827338,0.9656666666666667,0.9494478931704385,0.9664351851851852
s1024,gluteus_medius_left,0.8546,0,0.9187543236230766,0.938326608613418,0.9562841530054644,0.9302083333333335,0.9369896942796404,0.9664351851851852
s1024,gluteus_medius_right,0.89,0,0.9526332086559046,0.950080047516261,0.9712230215827338,0.94075,0.9409660030595101,0.9664351851851852
s1024,gluteus_minimus_left,0.8457,0,0.7158136975909761,0.7991779073869192,0.7402597402597403,0.6683630952380955,0.7261263685102277,0.6222222222222222
s1024,gluteus_minimus_right,0.8585,0,0.8373618344518209,0.8988383991998073,0.8807339449541285,0.788625,0.8540857078336209,0.8125
s1024,heart,0.8449,0,0.5948905301462208,0.6415445612053109,0.5681818181818181,0.5792916666666666,0.595921434233739,0.6222222222222222
s1024,hip_left,0.9653,1,0.8567431123919566,0.9099037469545966,0.9104477611940298,0.8291250000000001,0.8842917210690932,0.8633879781420765
s1024,hip_right,0.9676,1,0.8494417257356358,0.9058693086191167,0.9104477611940298,0.8497500000000001,0.8974802483152345,0.8633879781420765
s1024,iliac_artery_left,0.9206,1,0.6995151168453271,0.7813343253665876,0.7402597402597403,0.6892500000000001,0.7526140314617165,0.7422680412371134
s1024,iliac_artery_right,0.8998,0,0.6651416515823759,0.7400658611193079,0.6666666666666666,0.7185416666666667,0.7867584589714074,0.7428571428571429
s1024,iliac_vena_left,0.913,1,0.7069232211744374,0.789583008769471,0.7402597402597403,0.6820833333333333,0.743722754983483,0.6666666666666666
s1024,iliac_vena_right,0.9083,1,0.7584826317134147,0.8406578467330972,0.7586206896551724,0.770190476190476,0.8382976821042034,0.787148786526777
s1024,iliopsoas_left,0.896,0,0.9044172184744781,0.9326107502416184,0.9562841530054644,0.8743750000000001,0.9114684060292452,0.9134615384615384
s1024,iliopsoas_right,0.9337,1,0.9204614702820909,0.9389762325133493,0.9562841530054644,0.9390833333333335,0.9403533708214616,0.9664351851851852
s1024,inferior_vena_cava,0.8922,0,0.8603727478937535,0.9118508174520183,0.9104477611940298,0.8873333333333335,0.9181168420034361,0.9328859060402684
s1024,kidney_left,0.9716,1,0.9849713150014803,0.9592940583911103,0.9727520435967303,0.9882500000000001,0.956127054665849,0.9733333333333334
s1024,kidney_right,0.9819,1,0.9337176898221716,0.9438068721449165,0.9680851063829787,0.9188095238095237,0.932409834378157,0.9664351851851852
s1024,liver,0.9406,1,0.8116267855266712,0.882292459909509,0.8653846153846154,0.8159047619047621,0.8750815798669992,0.8387096774193549
s1024,lung_lower_lobe_left,0.7589,0,0.6486274670725095,0.7185299060381948,0.6666666666666666,0.6415833333333333,0.6896975700065908,0.6222222222222222
s1024,lung_lower_lobe_right,0.9772,1,0.8071397004347913,0.87917797511003,0.8615384615384616,0.8447083333333333,0.8943849117817495,0.8633879781420765
s1024,lung_middle_lobe_right,0.8676,0,0.6227285539546119,0.6826625107114516,0.5681818181818181,0.5837499999999999,0.6029707550893064,0.6222222222222222
s1024,lung_upper_lobe_left,0.8004,0,0.6269103888627356,0.6886186688696916,0.5681818181818181,0.6319285714285714,0.6759292949877486,0.6222222222222222
s1024,lung_upper_lobe_right,0.9459,1,0.5717869703239435,0.6057304599965306,0.5371428571428571,0.5861726190476191,0.6067836443090703,0.6222222222222222
s1024,pancreas,0.8968,0,0.7288896923441572,0.8126882977784873,0.7415730337078649,0.7538333333333334,0.8231592785318069,0.7614678899082569
s1024,portal_vein_and_splenic_vein,0.695,0,0.4421116989786454,0.3947173460395759,0.4909090909090909,0.5324563492063492,0.5200086009726349,0.4968944099378882
s1024,prostate,0.1828,0,0.493104527358444,0.477377324751032,0.5,0.3742083333333334,0.2764727782363451,0.367816091954023
s1024,pulmonary_vein,0.895,0,0.6472206581748295,0.7166459168926216,0.6666666666666666,0.736875,0.8063125046177066,0.7428571428571429
s1024,rib_left_1,0.952,1,0.700788800954062,0.7827689412774412,0.7402597402597403,0.6983958333333335,0.7636562411582227,0.7422680412371134
s1024,rib_left_10,0.4971,0,0.3247765129293743,0.2309587930576775,0.2923076923076923,0.33662499999999995,0.22978572607490333,0.20388349514563106
s1024,rib_left_11,0.6011,0,0.42450668257624974,0.36728920544119276,0.4909090909090909,0.40605357142857124,0.32031666833001365,0.367816091954023
s1024,rib_left_12,0.6819,0,0.290937918559013,0.19364165054722696,0.16793893129770993,0.32106547619047615,0.21215489118922332,0.20388349514563106
s1024,rib_left_2,0.9639,1,0.8391606477286687,0.8999141465971137,0.8807339449541285,0.8661071428571426,0.9069754150660596,0.890625
s1024,rib_left_3,0.9569,1,0.8409364769175433,0.9009661635338629,0.8807339449541285,0.8578333333333333,0.902275394642776,0.8633879781420765
s1024,rib_left_4,0.9604,1,0.9768672787521743,0.9571506423510423,0.9727520435967303,0.9687083333333333,0.9504006624386813,0.9664351851851852
s1024,rib_left_5,0.9556,1,0.9664536057867911,0.9542377804523036,0.9727520435967303,0.98725,0.9558499845773194,0.9733333333333334
s1024,rib_left_6,0.799,0,0.9198209571976916,0.9387332501346752,0.9562841530054644,0.9726250000000001,0.951602461141678,0.9664351851851852
s1024,rib_left_7,0.2013,0,0.21895893207638534,0.1298626502958887,0.16793893129770993,0.24164880952380952,0.13764802839711224,0.14864864864864866
s1024,rib_left_8,0.0777,0,0.18936252174281948,0.10931530835808129,0.09375,0.236875,0.13395878348608156,0.14864864864864866
s1024,rib_left_9,0.3277,0,0.2953064943447216,0.19818923188389842,0.16793893129770993,0.2982916666666667,0.18816832054364566,0.20388349514563106
s1024,rib_right_1,0.9362,1,0.7318824720460827,0.8156802750651683,0.7415730337078649,0.7397083333333333,0.8092097644820814,0.7428571428571429
s1024,rib_right_10,0.9556,1,0.9070004438896562,0.9336757108630453,0.9562841530054644,0.9185833333333332,0.9323159016872478,0.9664351851851852
s1024,rib_right_11,0.9537,1,0.7883760287659388,0.8653754682498637,0.8615384615384616,0.8095833333333331,0.8704595422556286,0.8387096774193549
s1024,rib_right_12,0.9427,1,0.5689398122072599,0.6012282856789436,0.5371428571428571,0.5627916666666664,0.5695076983839046,0.5473684210526316
s1024,rib_right_2,0.9703,1,0.8517307311078924,0.9071512358737416,0.9104477611940298,0.8887499999999998,0.9188154582782782,0.9328859060402684
s1024,rib_right_3,0.9672,1,0.8760583874349641,0.91983448483189,0.946524064171123,0.90675,0.9272298043232319,0.9594594594594594
s1024,rib_right_4,0.9548,1,0.9014320657440953,0.9313603424783283,0.9562841530054644,0.9337499999999999,0.9383527170673561,0.9664351851851852
s1024,rib_right_5,0.7576,0,0.9254603200251538,0.9408418320448096,0.9562841530054644,0.9503333333333331,0.9443756083089067,0.9664351851851852
s1024,rib_right_6,0.6652,0,0.2772899943728314,0.17994682715761814,0.16793893129770993,0.29708333333333337,0.18695578897541507,0.20388349514563106
s1024,rib_right_7,0.814,0,0.31222542502130096,0.21655676452426745,0.16793893129770993,0.3004583333333333,0.19035762495589598,0.20388349514563106
s1024,rib_right_8,0.9631,1,0.5332715775030028,0.5436092064149546,0.5371428571428571,0.6399999999999999,0.6874617105951523,0.6222222222222222
s1024,rib_right_9,0.956,1,0.9451541580036819,0.9476831675837959,0.9692307692307692,0.9768749999999998,0.9528752530963774,0.9664351851851852
s1024,sacrum,0.9039,1,0.8247057156120361,0.8909759840257225,0.8807339449541285,0.8143333333333334,0.873945975358243,0.8387096774193549
s1024,scapula_left,0.9113,1,0.8447371835356691,0.903184708272503,0.9104477611940298,0.8676666666666668,0.9078382792452073,0.890625
s1024,scapula_right,0.9524,1,0.9280716664479961,0.9417950230192933,0.9562841530054644,0.9400833333333332,0.9407216610753258,0.9664351851851852
s1024,small_bowel,0.6538,0,0.5556204742591431,0.5799500026064978,0.5371428571428571,0.5564880952380951,0.5593026192761533,0.5473684210526316
s1024,spinal_cord,0.9325,1,0.895457722462575,0.9287930725770525,0.946524064171123,0.8318749999999997,0.8861318207084703,0.8633879781420765
s1024,spleen,0.9584,1,0.8566673165845953,0.9098626771485567,0.9104477611940298,0.861315476190476,0.9042787378058946,0.890625
s1024,sternum,0.9451,1,0.8126749753038329,0.8830099115898746,0.8653846153846154,0.8115416666666665,0.8719067707609245,0.8387096774193549
s1024,stomach,0.7535,0,0.7080777085534138,0.7908477258766653,0.7402597402597403,0.753333333333333,0.8226794672200878,0.7614678899082569
s1024,subclavian_artery_left,0.844,0,0.3111922257034359,0.21540063050358413,0.16793893129770993,0.4392499999999999,0.36965198787266,0.45588235294117646
s1024,subclavian_artery_right,0.8894,0,0.47681016594972087,0.4506042311414252,0.4909090909090909,0.42497916666666663,0.34803516499278314,0.4166666666666667
s1024,superior_vena_cava,0.8555,0,0.5704093520659987,0.6035542396302013,0.5371428571428571,0.5579107142857144,0.5616104498176729,0.5473684210526316
s1024,trachea,0.9602,1,0.7144948673759408,0.797775542400391,0.7402597402597403,0.674875,0.7345711013227543,0.6222222222222222
s1024,urinary_bladder,0.7955,0,0.9163629946725773,0.9374057628883571,0.9562841530054644,0.911809523809524,0.9294461878981484,0.9594594594594594
s1024,vertebrae_C5,0.0,0,0.1316455350278124,0.07733197270149698,0.06666666666666667,0.1248065476190476,0.06885582686381213,0.06976744186046512
s1024,vertebrae_C7,0.9744,1,0.35749451222829576,0.27156503547016664,0.3384615384615385,0.3832083333333334,0.2884839460375552,0.367816091954023
s1024,vertebrae_L1,0.9313,1,0.7899575331899682,0.8665883715313947,0.8615384615384616,0.8454583333333333,0.8948505386782831,0.8633879781420765
s1024,vertebrae_L2,0.0007,0,0.20249877177301986,0.11805839362819841,0.12771798342417495,0.20042857142857137,0.10847543685648332,0.06976744186046512
s1024,vertebrae_L3,0.1889,0,0.8397762877614566,0.9002799772899268,0.8807339449541285,0.884375,0.9166402851114515,0.9134615384615384
s1024,vertebrae_L4,0.9477,1,0.8252385482952508,0.8913175442072903,0.8807339449541285,0.8462083333333333,0.89531435303556,0.8633879781420765
s1024,vertebrae_L5,0.9819,1,0.8105239198455223,0.8815334711148096,0.8653846153846154,0.8562916666666667,0.9013765607707028,0.8633879781420765
s1024,vertebrae_S1,0.8804,0,0.8559197139684248,0.909456685752285,0.9104477611940298,0.8744583333333336,0.9115126784178313,0.9134615384615384
s1024,vertebrae_T1,0.9801,1,0.6966019439896391,0.7780274721376604,0.7402597402597403,0.7328630952380951,0.8021530982253392,0.7428571428571429
s1024,vertebrae_T10,0.9813,1,0.8808503131071369,0.9221386942099982,0.946524064171123,0.9148750000000001,0.9307585438999655,0.9664351851851852
s1024,vertebrae_T11,0.9835,1,0.8692868951711118,0.9164722311904044,0.9298245614035088,0.9015654761904761,0.924892255331323,0.9328859060402684
s1024,vertebrae_T12,0.9827,1,0.778390911639792,0.8575012886074269,0.8615384615384616,0.858625,0.902734113858457,0.8633879781420765
s1024,vertebrae_T2,0.9803,1,0.8340601863296467,0.8968371896734874,0.8807339449541285,0.8549166666666668,0.9005686940101699,0.8633879781420765
s1024,vertebrae_T3,0.9788,1,0.8279408648516384,0.8930353675203545,0.8807339449541285,0.8750595238095238,0.9118314801587545,0.9134615384615384
s1024,vertebrae_T4,0.9758,1,0.812130327683209,0.882637592758103,0.8653846153846154,0.8427857142857141,0.8931829679101594,0.8633879781420765
s1024,vertebrae_T5,0.9812,1,0.8562331368035782,0.9096270925269374,0.9104477611940298,0.9161666666666665,0.9313047229988327,0.9664351851851852
s1024,vertebrae_T6,0.977,1,0.8825525032714288,0.9229424983423969,0.946524064171123,0.9306666666666666,0.9371676563482877,0.9664351851851852
s1024,vertebrae_T7,0.983,1,0.8925650775034489,0.9275184444418895,0.946524064171123,0.9361666666666666,0.939266916405918,0.9664351851851852
s1024,vertebrae_T8,0.9826,1,0.9199789373710088,0.9387932647237656,0.9562841530054644,0.9381666666666666,0.9400138898464083,0.9664351851851852
s1024,vertebrae_T9,0.9842,1,0.8948456922648294,0.928525122792748,0.946524064171123,0.9384166666666666,0.9401066545484678,0.9664351851851852
s1017,adrenal_gland_left,0.6521,0,0.3802497096801219,0.3231369686731726,0.35365853658536583,0.31835416666666666,0.2223632837169314,0.2605633802816901
s1017,adrenal_gland_right,0.6221,0,0.25998283897658214,0.1836045409684102,0.2714285714285714,0.22210714285714278,0.1343007543625123,0.12359550561797752
s1017,aorta,0.9535,1,0.895113993220328,0.9229429660631624,0.9304932735426009,0.8184047619047619,0.8727107253638653,0.8258064516129032
s1017,atrial_appendage_left,0.8679,0,0.4931155835587162,0.4917528134836663,0.516209476309227,0.40720833333333323,0.33460970989436634,0.3670886075949367
s1017,autochthon_left,0.9358,1,0.8792113438332388,0.9155596892070622,0.9304932735426009,0.8562767857142856,0.8971326205280119,0.8897338403041825
s1017,autochthon_right,0.952,1,0.8893967133364283,0.9203592718699058,0.9304932735426009,0.8420386904761904,0.8884792760982682,0.8897338403041825
s1017,brachiocephalic_trunk,0.8611,0,0.42878840306964394,0.3927898026014751,0.425531914893617,0.37845833333333345,0.2952390933827295,0.3670886075949367
s1017,brachiocephalic_vein_left,0.7911,0,0.18989360911580316,0.126663537222312,0.1875,0.15872916666666664,0.09396717476482495,0.12359550561797752
s1017,brachiocephalic_vein_right,0.8817,0,0.421371197934034,0.3817745503620018,0.425531914893617,0.4385833333333333,0.3803490843815702,0.4409448818897638
s1017,brain,0.9321,1,0.8576821854993963,0.9045422028501006,0.8942731277533039,0.8099374999999999,0.8666138112120421,0.8258064516129032
s1017,clavicula_left,0.9694,1,0.8116361293341001,0.87659282087733,0.84,0.8523095238095241,0.894783059870707,0.8897338403041825
s1017,clavicula_right,0.9404,1,0.900755096185937,0.9254167293948238,0.9304932735426009,0.9150059523809527,0.9268243214621659,0.9298245614035088
s1017,colon,0.8578,0,0.5120761861751414,0.5214064581896034,0.516209476309227,0.4397916666666667,0.38216012683229444,0.4409448818897638
s1017,common_carotid_artery_left,0.7093,0,0.20154621392309977,0.1349531803927545,0.1875,0.23633333333333337,0.14516105424486817,0.12359550561797752
s1017,common_carotid_artery_right,0.7914,0,0.24793002883080764,0.17256588818846708,0.21212121212121213,0.23492857142857143,0.14405703552067753,0.12359550561797752
s1017,costal_cartilages,0.8399,0,0.12380802809795628,0.0875118636874615,0.07407407407407407,0.12041666666666664,0.07519140758626328,0.01818181818181818
s1017,duodenum,0.8234,0,0.4178285565101849,0.3765552179845665,0.425531914893617,0.4404047619047619,0.3830802871828218,0.4409448818897638
s1017,esophagus,0.8801,0,0.6246095494420582,0.6878309038881579,0.516209476309227,0.5869226190476191,0.6116877182472541,0.5051546391752577
s1017,gallbladder,0.552,0,0.4232347247278145,0.3845311419910168,0.425531914893617,0.4005654761904763,0.32527930911794994,0.3670886075949367
s1017,heart,0.9085,1,0.755806526448878,0.8335680715085373,0.84,0.6749434523809528,0.7337349186886422,0.7066666666666667
s1017,humerus_right,0.9584,1,0.7901254124031079,0.8612752997046784,0.84,0.7778988095238095,0.8412804025407993,0.8199052132701422
s1017,inferior_vena_cava,0.6909,0,0.29881485197032864,0.2228604338257723,0.2714285714285714,0.30060714285714285,0.2034769484420616,0.2605633802816901
s1017,kidney_left,0.9427,1,0.4481150739756722,0.4219827380468384,0.43478260869565216,0.42999999999999994,0.36758265812046864,0.4409448818897638
s1017,kidney_right,0.9602,1,0.5914822625188283,0.6416797318883515,0.516209476309227,0.5507440476190477,0.5559028505384085,0.5051546391752577
s1017,liver,0.9748,1,0.8170742727824528,0.8802278249922689,0.8942731277533039,0.7281458333333335,0.7944039301680563,0.7083333333333334
s1017,lung_lower_lobe_left,0.9713,1,0.7492199016371434,0.827770043113785,0.8181818181818182,0.7578839285714287,0.8235549339832058,0.8199052132701422
s1017,lung_lower_lobe_right,0.8684,0,0.8729805406229286,0.912495547452234,0.9304932735426009,0.8433333333333334,0.889291695493061,0.8897338403041825
s1017,lung_middle_lobe_right,0.8453,0,0.8045934837395908,0.8717448402325502,0.84,0.7314781746031744,0.7978403509365526,0.75
s1017,lung_upper_lobe_left,0.9828,1,0.824527500671801,0.885059204518329,0.8942731277533039,0.8442500000000003,0.8898637883493079,0.8897338403041825
s1017,lung_upper_lobe_right,0.8346,0,0.718612431799237,0.7987242494297009,0.7961165048543689,0.7573333333333333,0.8230460235414795,0.8199052132701422
s1017,pancreas,0.7433,0,0.24363792439362433,0.1687638363191959,0.21212121212121213,0.24349999999999994,0.15090307862281863,0.22857142857142856
s1017,portal_vein_and_splenic_vein,0.3869,0,0.13715612330750593,0.09441697106275512,0.07407407407407407,0.1266964285714286,0.07801332404827405,0.01818181818181818
s1017,pulmonary_vein,0.8248,0,0.26778469132135146,0.19103720889207332,0.2714285714285714,0.24370833333333333,0.15107275844938514,0.22857142857142856
s1017,rib_left_1,0.9388,1,0.724981575443894,0.8050565292629188,0.7961165048543689,0.7313988095238093,0.7977590078651018,0.7493103232076236
s1017,rib_left_10,0.9406,1,0.5263072850726455,0.5435759930693188,0.516209476309227,0.4766666666666668,0.4387829102765687,0.4409448818897638
s1017,rib_left_11,0.9725,1,0.4982653485513358,0.4998098568856397,0.516209476309227,0.492875,0.46428025139197593,0.5051546391752577
s1017,rib_left_2,0.9624,1,0.39054605895017064,0.33738929004910584,0.35365853658536583,0.41154166666666664,0.3407672470914643,0.375
s1017,rib_left_3,0.9625,1,0.41410234391892353,0.3710961969410728,0.425531914893617,0.5268958333333333,0.518249326012928,0.5051546391752577
s1017,rib_left_4,0.9735,1,0.5764668439535314,0.6197964056046761,0.516209476309227,0.6596388888888888,0.7143115601670527,0.7066666666666667
s1017,rib_left_5,0.9769,1,0.7044072025612534,0.7840511560877007,0.7272727272727273,0.7145555555555557,0.7799426742034606,0.7083333333333334
s1017,rib_left_6,0.9724,1,0.7090318479737436,0.7889116029192487,0.7961165048543689,0.7295833333333335,0.7958916127158697,0.7230163954982941
s1017,rib_left_7,0.6674,0,0.6611252606390008,0.7346883544242206,0.7272727272727273,0.6987291666666665,0.7621999673559628,0.7083333333333334
s1017,rib_left_8,0.4344,0,0.3955828659384939,0.3444724899664925,0.35365853658536583,0.41883333333333356,0.3512500213350748,0.4409448818897638
s1017,rib_left_9,0.6702,0,0.41294567001439025,0.36940823253529653,0.425531914893617,0.3942916666666669,0.31659258663497897,0.3670886075949367
s1017,rib_right_1,0.9536,1,0.7349566275681448,0.8146683802984074,0.7961165048543689,0.7897321428571429,0.8510638429534924,0.8258064516129032
s1017,rib_right_10,0.9298,1,0.5084743211813442,0.5157785046831291,0.516209476309227,0.48045833333333343,0.4447237259298896,0.4409448818897638
s1017,rib_right_11,0.9661,1,0.5919051209804544,0.642288021299146,0.516209476309227,0.6056250000000001,0.6395100486871302,0.5051546391752577
s1017,rib_right_12,0.8156,0,0.2178013732511252,0.1472771353461364,0.1875,0.21395833333333333,0.12839447491506858,0.12359550561797752
s1017,rib_right_2,0.9563,1,0.7456637515080259,0.8245737329758227,0.8181818181818182,0.7529404761904762,0.8189444360933876,0.8199052132701422
s1017,rib_right_3,0.9625,1,0.7401850848316132,0.8195583377422974,0.8181818181818182,0.7494761904761903,0.81565790817126,0.8199052132701422
s1017,rib_right_4,0.9807,1,0.735929408170914,0.8155858702361651,0.7961165048543689,0.7330238095238093,0.799419637476822,0.75
s1017,rib_right_5,0.9803,1,0.7273236963076661,0.8073468035849152,0.7961165048543689,0.7314999999999999,0.7978627159983851,0.75
s1017,rib_right_6,0.8056,0,0.7302403554010497,0.8101701802622361,0.7961165048543689,0.6889155844155844,0.7507147419893565,0.7083333333333334
s1017,rib_right_7,0.626,0,0.3863284929603956,0.33151365313982417,0.35365853658536583,0.3414999999999999,0.2488249358843384,0.2605633802816901
s1017,rib_right_8,0.6105,0,0.36747616307964764,0.30590393274703803,0.35365853658536583,0.2920119047619048,0.1947692289203766,0.2605633802816901
s1017,rib_right_9,0.7762,0,0.45223840506727087,0.42828974688562593,0.43478260869565216,0.42340476190476184,0.3578967936791924,0.4409448818897638
s1017,scapula_left,0.8996,0,0.6589431615847842,0.7320177473465849,0.7272727272727273,0.6750416666666667,0.7338568120723753,0.7066666666666667
s1017,scapula_right,0.9474,1,0.8860941415997081,0.9188309744474124,0.9304932735426009,0.8822976190476192,0.9114191658330111,0.9236111111111112
s1017,skull,0.9518,1,0.7396627069875348,0.8190743396672301,0.8181818181818182,0.7187083333333333,0.7844376939458537,0.7083333333333334
s1017,spinal_cord,0.9131,1,0.7301273817385637,0.8100614121127452,0.7961165048543689,0.7322619047619048,0.7986423021282429,0.75
s1017,spleen,0.9583,1,0.4557672899481723,0.4337061435570979,0.43478260869565216,0.37740476190476185,0.2938481847731377,0.3670886075949367
s1017,sternum,0.861,0,0.7164864610035019,0.7965766292960719,0.7961165048543689,0.6427499999999999,0.6919205079186416,0.6407766990291263
s1017,stomach,0.9157,1,0.27173322244589104,0.19488558165538253,0.2714285714285714,0.23577976190476188,0.14472515974998426,0.12359550561797752
s1017,subclavian_artery_left,0.7603,0,0.5566079588089312,0.59010321518514,0.516209476309227,0.47558333333333336,0.43708867605728285,0.4409448818897638
s1017,subclavian_artery_right,0.8418,0,0.2868382584488565,0.2101481040523249,0.2714285714285714,0.31525000000000003,0.2189716048923771,0.2605633802816901
s1017,superior_vena_cava,0.9251,1,0.4428013959198027,0.4138926352389599,0.43478260869565216,0.4879970238095239,0.45658083645779646,0.5051546391752577
s1017,thyroid_gland,0.9109,1,0.4845897329914219,0.4784251479898103,0.516209476309227,0.42571428571428577,0.3612758795218185,0.4409448818897638
s1017,trachea,0.9253,1,0.7174484604703796,0.797550532327821,0.7961165048543689,0.6363591269841269,0.6831981858087601,0.6407766990291263
s1017,vertebrae_C1,0.9309,1,0.5789124276857865,0.623396652925275,0.516209476309227,0.5546666666666668,0.5620467109062801,0.5051546391752577
s1017,vertebrae_C2,0.9569,1,0.7116171373700291,0.7915935829156361,0.7961165048543689,0.676464285714286,0.7356184260633255,0.7066666666666667
s1017,vertebrae_C3,0.9385,1,0.625901287652508,0.689564202301899,0.516209476309227,0.5877916666666668,0.6129984114205865,0.5051546391752577
s1017,vertebrae_C4,0.9481,1,0.6944541256255136,0.773317397856232,0.7272727272727273,0.6742083333333332,0.7328214365088015,0.7066666666666667
s1017,vertebrae_C5,0.9206,1,0.5287032967709229,0.5472940363905878,0.516209476309227,0.5285416666666667,0.5208595364686762,0.5051546391752577
s1017,vertebrae_C6,0.9039,1,0.6289379536039609,0.6936179548045499,0.5666666666666667,0.6430059523809524,0.6922670515862559,0.6407766990291263
s1017,vertebrae_C7,0.9374,1,0.7948988163359659,0.864806466710117,0.84,0.7477559523809524,0.8140088608556755,0.8199052132701422
s1017,vertebrae_L1,0.9473,1,0.6697040790890502,0.745021537978224,0.7272727272727273,0.6186309523809524,0.6583324873144575,0.6016383495145632
s1017,vertebrae_L2,0.0,0,0.2700947270968062,0.19328155870517935,0.2714285714285714,0.3411011904761904,0.24835163266614996,0.2605633802816901
s1017,vertebrae_T1,0.97,1,0.797893163886966,0.8669826423699517,0.84,0.7475416666666668,0.813802648033931,0.8199052132701422
s1017,vertebrae_T10,0.9405,1,0.7763826714328087,0.8506756618751332,0.84,0.7283749999999999,0.7946416343703057,0.7083333333333334
s1017,vertebrae_T11,0.9384,1,0.5808389383701841,0.6262232097542226,0.516209476309227,0.4630684523809524,0.4176325206317,0.4409448818897638
s1017,vertebrae_T12,0.9427,1,0.598070795108019,0.6511046138248106,0.516209476309227,0.5688690476190476,0.5841195972490718,0.5051546391752577
s1017,vertebrae_T2,0.9533,1,0.7900375095902674,0.8612095530770836,0.84,0.7520833333333333,0.8181355472152482,0.8199052132701422
s1017,vertebrae_T3,0.3554,0,0.7477605593487341,0.8264639827252895,0.8181818181818182,0.7107499999999999,0.7757647526275921,0.7083333333333334
s1017,vertebrae_T4,0.023,0,0.8038163187515872,0.8712000225353198,0.84,0.7980297619047618,0.8576233029679318,0.8258064516129032
s1017,vertebrae_T5,0.0517,0,0.7637528345411773,0.8403538233010321,0.84,0.7458392857142857,0.8121581359017571,0.8199052132701422
s1017,vertebrae_T6,0.2738,0,0.35319854833296105,0.2872660343524707,0.32075471698113206,0.2317529761904762,0.1415870326799462,0.12359550561797752
s1017,vertebrae_T7,0.8114,0,0.541015668628186,0.5663080278387601,0.516209476309227,0.5207261904761906,0.5084568692521235,0.5051546391752577
s1017,vertebrae_T8,0.9555,1,0.7315361030393585,0.811414283116002,0.7961165048543689,0.7261309523809524,0.7923052080899928,0.7083333333333334
s1017,vertebrae_T9,0.9635,1,0.7901655264002663,0.8613052941570701,0.84,0.7488333333333334,0.815042983186641,0.8199052132701422
s0918,adrenal_gland_left,0.8494,0,0.31548249699906916,0.2414483386677326,0.32075471698113206,0.34511904761904766,0.2531474961299775,0.2605633802816901
s0918,adrenal_gland_right,0.8595,0,0.27122381633379067,0.19438581482071327,0.2714285714285714,0.31067857142857136,0.21404484715880956,0.2605633802816901
s0918,aorta,0.9791,1,0.965083719944671,0.9488721944486379,0.9595959595959596,0.9839583333333333,0.9515238250972143,0.981203007518797
s0918,atrial_appendage_left,0.926,1,0.3764917780198067,0.31801423066677564,0.35365853658536583,0.4481547619047619,0.3947821455820312,0.4409448818897638
s0918,autochthon_left,0.9727,1,0.9946588833456457,0.9571415967820465,0.9821428571428571,0.9954761904761904,0.9547899255551112,0.981203007518797
s0918,autochthon_right,0.9735,1,0.9975,0.9578651366351476,0.9821428571428571,0.9990178571428571,0.9557513743290748,1.0
s0918,brachiocephalic_trunk,0.8202,0,0.5049660239114933,0.5102928896339908,0.516209476309227,0.48929166666666674,0.4586224367219174,0.5051546391752577
s0918,brachiocephalic_vein_left,0.8603,0,0.2650999682027065,0.1884539041813811,0.2714285714285714,0.38633333333333325,0.3057553804201159,0.3670886075949367
s0918,brachiocephalic_vein_right,0.9418,1,0.42961970358090873,0.39403141845830647,0.425531914893617,0.4384642857142857,0.38017083571837523,0.4409448818897638
s0918,clavicula_left,0.9814,1,0.9300645213094572,0.9371309310190179,0.9595959595959596,0.9229999999999999,0.9301951810722002,0.9523809523809523
s0918,clavicula_right,0.9714,1,0.8995104885161804,0.9248772942613577,0.9304932735426009,0.9235416666666667,0.9304183142178184,0.9523809523809523
s0918,colon,0.9465,1,0.8415120392823386,0.8954386371343798,0.8942731277533039,0.865827380952381,0.9025991105633757,0.8897338403041825
s0918,common_carotid_artery_left,0.9312,1,0.5069821184203129,0.5134456666298032,0.516209476309227,0.5503869047619048,0.5553425910991344,0.5051546391752577
s0918,common_carotid_artery_right,0.9165,1,0.3752869335261248,0.3163810139096659,0.35365853658536583,0.3753690476190477,0.29117153930059764,0.3670886075949367
s0918,costal_cartilages,0.9182,1,0.31324984198308253,0.23889830256919437,0.32075471698113206,0.33843452380952377,0.24520237775316867,0.2605633802816901
s0918,duodenum,0.8725,0,0.5389927742850695,0.5631959184957792,0.516209476309227,0.6023511904761906,0.6347010379373814,0.5051546391752577
s0918,esophagus,0.9336,1,0.6024865859167163,0.6573564223530546,0.516209476309227,0.6135238095238094,0.6509967951588697,0.5625
s0918,femur_left,0.9478,1,0.7610792899994538,0.8380961193719513,0.84,0.699613095238095,0.7632163874555457,0.7083333333333334
s0918,femur_right,0.9886,1,0.9707452524606116,0.9505641520488607,0.9781818181818182,0.9810416666666666,0.950661865646847,0.981203007518797
s0918,gallbladder,0.9354,1,0.5715331931672007,0.6124934755452174,0.516209476309227,0.6250059523809524,0.6673837532696059,0.6407766990291263
s0918,gluteus_maximus_left,0.9548,1,0.9631887493330697,0.9482937401296909,0.9595959595959596,0.9684821428571431,0.9467815762784948,0.9571428571428572
s0918,gluteus_maximus_right,0.9727,1,0.9807665954236923,0.9534296269128665,0.9781818181818182,0.9822500000000001,0.9510207122676473,0.981203007518797
s0918,gluteus_medius_left,0.9429,1,0.9544321289991754,0.9455394913771049,0.9595959595959596,0.9694583333333334,0.947093220165869,0.9571428571428572
s0918,gluteus_medius_right,0.9683,1,0.9937698465266336,0.9569127601701374,0.9821428571428571,0.995625,0.9548307201347797,0.981203007518797
s0918,gluteus_minimus_left,0.9091,1,0.7335543801474254,0.8133396346315921,0.7961165048543689,0.83325,0.8828253293398433,0.8897338403041825
s0918,gluteus_minimus_right,0.9606,1,0.9211172508233544,0.9337497886598493,0.9595959595959596,0.9570833333333337,0.9430121477288809,0.9555555555555556
s0918,heart,0.9382,1,0.9647624616272382,0.948774560724697,0.9595959595959596,0.9651785714285714,0.9457140299952791,0.9571428571428572
s0918,hip_left,0.9569,1,0.9774593721947867,0.9525018785794657,0.9781818181818182,0.9829583333333335,0.9512299182881314,0.981203007518797
s0918,hip_right,0.9836,1,0.9727528743594561,0.951151285014575,0.9781818181818182,0.9880833333333334,0.952718510843348,0.981203007518797
s0918,humerus_left,0.9775,1,0.9226084983107928,0.9343248290464674,0.9595959595959596,0.9255416666666666,0.9312364849904644,0.9523809523809523
s0918,humerus_right,0.9723,1,0.867920386066525,0.9099334982731401,0.9304932735426009,0.8706071428571428,0.9052364675849879,0.8897338403041825
s0918,iliac_artery_left,0.8968,0,0.8041956924009426,0.8714662216555787,0.84,0.7908154761904762,0.8519341849668632,0.8258064516129032
s0918,iliac_artery_right,0.9276,1,0.7934490863415129,0.8637421092268701,0.84,0.7885476190476188,0.8501073794558563,0.8199052132701422
s0918,iliac_vena_left,0.8677,0,0.4747651488944885,0.4631064792004774,0.516209476309227,0.5728839285714283,0.590302663850621,0.5051546391752577
s0918,iliac_vena_right,0.9169,1,0.4953518492723057,0.49525127328150576,0.516209476309227,0.5620982142857143,0.5736329899722581,0.5051546391752577
s0918,iliopsoas_left,0.9654,1,0.6237922363311916,0.6867314799381665,0.516209476309227,0.6454166666666667,0.6955203454532558,0.6407766990291263
s0918,iliopsoas_right,0.9703,1,0.9896722955841346,0.9558428952962457,0.9781818181818182,0.991875,0.9537919308354885,0.981203007518797
s0918,inferior_vena_cava,0.9107,1,0.745899738811013,0.8247872798071176,0.8181818181818182,0.762125,0.8274364116076265,0.8199052132701422
s0918,kidney_left,0.9848,1,0.9655809197243821,0.9490229515724231,0.9595959595959596,0.9709166666666665,0.9475555775561644,0.9583333333333334
s0918,kidney_right,0.983,1,0.9625179039963565,0.9480874803301409,0.9595959595959596,0.9744583333333332,0.9486626016768213,0.9753086419753086
s0918,liver,0.987,1,0.9881287008592536,0.9554333306947881,0.9781818181818182,0.992875,0.9540711434784551,0.981203007518797
s0918,lung_lower_lobe_left,0.9323,1,0.9985272277227724,0.9581238526104654,1.0,0.99875,0.9556793465140412,1.0
s0918,lung_lower_lobe_right,0.9935,1,0.9768954671671719,0.9523419483608264,0.9781818181818182,0.9799166666666668,0.9503255275252943,0.981203007518797
s0918,lung_middle_lobe_right,0.956,1,0.9709426507815428,0.9506221768599709,0.9781818181818182,0.9752083333333335,0.948894177913562,0.9753086419753086
s0918,lung_upper_lobe_left,0.8353,0,0.794069578593667,0.8641985213011143,0.84,0.8059940476190477,0.8636909163769886,0.8258064516129032
s0918,lung_upper_lobe_right,0.98,1,0.9738843686184485,0.951479271958779,0.9781818181818182,0.975625,0.9490224039721931,0.9753086419753086
s0918,pancreas,0.9218,1,0.38041456217583736,0.3233626786676841,0.35365853658536583,0.47191666666666676,0.4313654520855276,0.4409448818897638
s0918,portal_vein_and_splenic_vein,0.9156,1,0.3825334405549239,0.3262710684969171,0.35365853658536583,0.34804761904761894,0.2566814957387067,0.2605633802816901
s0918,prostate,0.8199,0,0.25155028312041033,0.17582524136269678,0.2714285714285714,0.3222142857142857,0.22663302271727415,0.2605633802816901
s0918,pulmonary_vein,0.9221,1,0.47465321895560264,0.46293230146199066,0.516209476309227,0.5375297619047618,0.535090413492267,0.5051546391752577
s0918,rib_left_1,0.9408,1,0.8799506665247274,0.9159167351065408,0.9304932735426009,0.8934097222222221,0.9169559715667845,0.9236111111111112
s0918,rib_left_10,0.9766,1,0.9795073670757444,0.9530784354395108,0.9781818181818182,0.977375,0.949557635879101,0.9812030075187917
s0918,rib_left_11,0.98,1,0.9289553306764481,0.9367206794253533,0.9595959595959596,0.9579166666666669,0.9432960149588463,0.9555555555555556
s0918,rib_left_12,0.9586,1,0.5280508404936147,0.5462820836584201,0.516209476309227,0.6337291666666666,0.6795705780096596,0.6407766990291263
s0918,rib_left_2,0.9755,1,0.9816834544825198,0.9536837591761566,0.9781818181818182,0.9845833333333333,0.9517066624365368,0.981203007518797
s0918,rib_left_3,0.9768,1,0.9704134226210896,0.9504664656982202,0.9781818181818182,0.9605000000000002,0.9441675790012521,0.9555555555555556
s0918,rib_left_4,0.8345,0,0.47169446353364747,0.4583314969854117,0.5108304524284719,0.38843452380952376,0.3085964944606609,0.3670886075949367
s0918,rib_left_5,0.7036,0,0.41795148857842357,0.3767358612124464,0.425531914893617,0.3844583333333332,0.3032325131866066,0.3670886075949367
s0918,rib_left_6,0.7991,0,0.26708791589977543,0.19036416639619733,0.2714285714285714,0.213375,0.1279802842521183,0.12359550561797752
s0918,rib_left_7,0.9116,1,0.28096077611642906,0.20410727560334846,0.2714285714285714,0.268625,0.17251554008040604,0.2605633802816901
s0918,rib_left_8,0.984,1,0.9529330505985679,0.945054325367077,0.9595959595959596,0.9759523809523809,0.9491229393825789,0.9753086419753086
s0918,rib_left_9,0.9852,1,0.9863851488125444,0.9549663557939595,0.9781818181818182,0.995625,0.9548307201347797,0.981203007518797
s0918,rib_right_1,0.9475,1,0.9026081914055459,0.9262132971382032,0.9304932735426009,0.9084999999999998,0.9239709504308846,0.9236111111111112
s0918,rib_right_10,0.9857,1,0.957229611214063,0.946434096893331,0.9595959595959596,0.9567083333333334,0.9428839723225263,0.9555555555555556
s0918,rib_right_11,0.9754,1,0.9311369717622223,0.9375252331376082,0.9595959595959596,0.9138333333333335,0.9263174267415504,0.9298245614035088
s0918,rib_right_12,0.971,1,0.7908439567796577,0.8618117533701228,0.84,0.8421130952380953,0.8885261077284197,0.8897338403041825
s0918,rib_right_2,0.9664,1,0.9802144034823325,0.953275932635128,0.9781818181818182,0.984375,0.9516457895084434,0.981203007518797
s0918,rib_right_3,0.9768,1,0.9712836850914454,0.9507222710513789,0.9781818181818182,0.9758333333333333,0.9490864027807774,0.9753086419753086
s0918,rib_right_4,0.974,1,0.9733000160415075,0.9513101471087849,0.9781818181818182,0.9854166666666666,0.95194942743333,0.981203007518797
s0918,rib_right_5,0.9734,1,0.9729264140233294,0.9512017252721874,0.9781818181818182,0.9777976190476191,0.9496860926677072,0.981203007518797
s0918,rib_right_6,0.987,1,0.9771374091063986,0.95241062855299,0.9781818181818182,0.9847500000000001,0.9517553083962454,0.981203007518797
s0918,rib_right_7,0.9866,1,0.9675310247933957,0.9496101961685085,0.9781818181818182,0.9786309523809524,0.949938480548181,0.981203007518797
s0918,rib_right_8,0.9857,1,0.918955767423685,0.9329079913859145,0.95,0.9449107142857142,0.9387106894075153,0.9555555555555556
s0918,rib_right_9,0.9827,1,0.922015676257374,0.9340967885473381,0.9595959595959596,0.9587440476190475,0.9435765393674324,0.9555555555555556
s0918,sacrum,0.9429,1,0.865814387604831,0.9088474071351429,0.9304932735426009,0.8959940476190478,0.9181977572791101,0.9236111111111112
s0918,scapula_left,0.9728,1,0.9882383678140321,0.9554625479353728,0.9781818181818182,0.99375,0.9543141365138216,0.981203007518797
s0918,scapula_right,0.9561,1,0.9875880213966197,0.9552890166930978,0.9781818181818182,0.9905208333333334,0.9534112550487502,0.981203007518797
s0918,small_bowel,0.9401,1,0.908569016785661,0.9287227739601901,0.9304932735426009,0.9468690476190477,0.9394226382289783,0.9555555555555556
s0918,spinal_cord,0.958,1,0.8704378198517556,0.9112164627338949,0.9304932735426009,0.9217291666666668,0.9296690762342988,0.9523809523809523
s0918,spleen,0.9901,1,0.9745521806853583,0.9516718692241026,0.9781818181818182,0.9627500000000002,0.9449163987051132,0.9555555555555556
s0918,sternum,0.9328,1,0.9058344998096861,0.9275814897743695,0.9304932735426009,0.9149583333333335,0.9268037996178771,0.9298245614035088
s0918,stomach,0.9278,1,0.7167482290373729,0.7968419814110131,0.7961165048543689,0.7993333333333332,0.858631623966735,0.8258064516129032
s0918,subclavian_artery_left,0.8469,0,0.6337073007081903,0.6999245697301242,0.5666666666666667,0.6457916666666665,0.6960246725853197,0.6407766990291263
s0918,subclavian_artery_right,0.9338,1,0.5667920640850203,0.605427517830223,0.516209476309227,0.6173095238095239,0.6564415234449253,0.5625
s0918,superior_vena_cava,0.9635,1,0.6656645366103323,0.740189074820518,0.7272727272727273,0.6613690476190476,0.7165495361589682,0.7066666666666667
s0918,thyroid_gland,0.9165,1,0.5797305802165328,0.6245980767618435,0.516209476309227,0.5725595238095239,0.5898040995132882,0.5051546391752577
s0918,trachea,0.9533,1,0.8707052103272613,0.9113517602004406,0.9304932735426009,0.8525476190476192,0.8949253943711196,0.8897338403041825
s0918,urinary_bladder,0.9112,1,0.6820278511046838,0.7593950284248264,0.7272727272727273,0.7278928571428572,0.794141292677114,0.7083333333333334
s0918,vertebrae_C6,0.9708,1,0.49295874878373414,0.49150748427728613,0.516209476309227,0.5079375,0.48814654938246305,0.5051546391752577
s0918,vertebrae_C7,0.9783,1,0.8475553041931476,0.8989273780991412,0.8942731277533039,0.838190476190476,0.8860335914906913,0.8897338403041825
s0918,vertebrae_L1,0.9881,1,0.9879609963259434,0.9553886158643441,0.9781818181818182,0.9899999999999999,0.953264048482122,0.981203007518797
s0918,vertebrae_L2,0.9874,1,0.9671991885824914,0.9495107229917547,0.9781818181818182,0.9627083333333333,0.9449026180125816,0.9555555555555556
s0918,vertebrae_L3,0.9895,1,0.9450168597334251,0.9424241308288144,0.9595959595959596,0.9510833333333334,0.9409285694221288,0.9555555555555556
s0918,vertebrae_L4,0.9889,1,0.9410230911823662,0.9410527278538602,0.9595959595959596,0.9514583333333333,0.9410608586919098,0.9555555555555556
s0918,vertebrae_L5,0.9889,1,0.9726040019216868,0.9511079750115593,0.9781818181818182,0.971815476190476,0.947838636802032,0.9753086419753086
s0918,vertebrae_S1,0.9397,1,0.9441215069632989,0.9421193086167463,0.9595959595959596,0.9321845238095239,0.9338904288027504,0.9523809523809523
s0918,vertebrae_T1,0.9768,1,0.9081397953069735,0.9285447382398037,0.9304932735426009,0.9154583333333334,0.927019014827312,0.9298245614035088
s0918,vertebrae_T10,0.9906,1,0.9912722963622208,0.9562636358010002,0.9821428571428571,0.99625,0.9550016747143285,1.0
s0918,vertebrae_T11,0.9869,1,0.9728191934815084,0.9511705668684953,0.9781818181818182,0.9620238095238094,0.9446757556458418,0.9555555555555556
s0918,vertebrae_T12,0.9866,1,0.9877054840881214,0.9553204067567381,0.9781818181818182,0.9879166666666667,0.9526707878005329,0.981203007518797
s0918,vertebrae_T2,0.982,1,0.9321206249635597,0.9378848570897982,0.9595959595959596,0.9393690476190477,0.9366534374054157,0.9555555555555556
s0918,vertebrae_T3,0.9602,1,0.939004492417872,0.9403479743820365,0.9595959595959596,0.9357083333333334,0.9352593286374108,0.9555555555555556
s0918,vertebrae_T4,0.9572,1,0.8731536870260509,0.9125820380399291,0.9304932735426009,0.8781607142857143,0.9092740758746428,0.9236111111111112
s0918,vertebrae_T5,0.975,1,0.9065076929373959,0.9278640087314962,0.9304932735426009,0.9565416666666667,0.9428269185849144,0.9555555555555556
s0918,vertebrae_T6,0.9326,1,0.9214017053495261,0.9338598370972012,0.9595959595959596,0.961,0.9443348067093633,0.9555555555555556
s0918,vertebrae_T7,0.9457,1,0.9390759816140285,0.9403730676508638,0.9595959595959596,0.958125,0.9433667738377766,0.9555555555555556
s0918,vertebrae_T8,0.9881,1,0.9691835611249674,0.9501028126162173,0.9781818181818182,0.985625,0.9520099373890382,0.981203007518797
s0918,vertebrae_T9,0.9884,1,0.9866962446126921,0.9550500168276677,0.9781818181818182,0.9943749999999999,0.9544869530409646,0.981203007518797
s1002,aorta,0.9828,1,0.8948195574673402,0.9285136601573909,0.946524064171123,0.8900714285714288,0.9194622062092593,0.9328859060402684
s1002,atrial_appendage_left,0.9367,1,0.6571323075958461,0.7297556478555606,0.6666666666666666,0.669672619047619,0.727837957358935,0.6222222222222222
s1002,brachiocephalic_trunk,0.9768,1,0.6417164632101477,0.7092019984606727,0.6666666666666666,0.6792083333333333,0.7400975973259419,0.6666666666666666
s1002,brachiocephalic_vein_left,0.9716,1,0.7219946858649199,0.8056532747140628,0.7415730337078649,0.7047202380952382,0.7710903533260305,0.7422680412371134
s1002,brachiocephalic_vein_right,0.9266,1,0.695054341725949,0.7762562523385396,0.7402597402597403,0.6442767857142857,0.6934807358491422,0.6222222222222222
s1002,common_carotid_artery_left,0.9455,1,0.3222344942462753,0.22798862883780818,0.2923076923076923,0.35838095238095236,0.25611629593073804,0.367816091954023
s1002,costal_cartilages,0.8978,0,0.3170858941293603,0.22205568990877353,0.2923076923076923,0.25714583333333335,0.15021550733579647,0.14864864864864866
s1002,esophagus,0.96,1,0.7770416778383646,0.8564083325749288,0.8615384615384616,0.7745952380952383,0.8421911650511227,0.7966101694915254
s1002,heart,0.9459,1,0.8855874931920844,0.9243568263217015,0.946524064171123,0.8751458333333333,0.9118771634680991,0.9134615384615384
s1002,inferior_vena_cava,0.9243,1,0.6619702117336597,0.7360140344377598,0.6666666666666666,0.7196934523809524,0.7880281897221788,0.7428571428571429
s1002,liver,0.9623,1,0.8281831883926991,0.8931882357532072,0.8807339449541285,0.7562261904761904,0.8254414088649524,0.7614678899082569
s1002,lung_lower_lobe_left,0.9903,1,0.9164205819698354,0.9374280884552764,0.9562841530054644,0.906375,0.9270630017410401,0.9594594594594594
s1002,lung_lower_lobe_right,0.9886,1,0.9291871234127644,0.9421977785209091,0.9562841530054644,0.9381666666666666,0.9400138898464083,0.9664351851851852
s1002,lung_middle_lobe_right,0.9198,1,0.8326431369432339,0.8959675855960578,0.8807339449541285,0.8216071428571429,0.8791290063475034,0.8387096774193549
s1002,lung_upper_lobe_left,0.9936,1,0.9170903956305135,0.937687217883124,0.9562841530054644,0.9057083333333336,0.9267655938059608,0.9594594594594594
s1002,lung_upper_lobe_right,0.9666,1,0.9233651781320575,0.9400665088528852,0.9562841530054644,0.8978452380952378,0.9231726000000284,0.9328859060402684
s1002,pulmonary_vein,0.9587,1,0.7108800414405997,0.7938943305135987,0.7402597402597403,0.6968482142857142,0.7618118915820566,0.7422680412371134
s1002,rib_left_1,0.6962,0,0.39603407750730296,0.3247520877323355,0.37209302325581395,0.44033333333333324,0.3713158222686799,0.45588235294117646
s1002,rib_left_10,0.9743,1,0.3378301978779902,0.24663444790202227,0.2923076923076923,0.2997142857142859,0.189603614558627,0.20388349514563106
s1002,rib_left_2,0.9631,1,0.6541396381301519,0.7258378452422746,0.6666666666666666,0.6881309523809523,0.7512394339450448,0.7422680412371134
s1002,rib_left_3,0.9739,1,0.8069495418518402,0.8790444288018626,0.8615384615384616,0.8258749999999998,0.882083789113551,0.8633879781420765
s1002,rib_left_4,0.975,1,0.7801180043450191,0.8588901995456547,0.8615384615384616,0.7870892857142857,0.8528208657398451,0.7966101694915254
s1002,rib_left_5,0.9736,1,0.6200534076063224,0.6788205368279533,0.5681818181818181,0.7084583333333332,0.7754063567382503,0.7422680412371134
s1002,rib_left_6,0.9596,1,0.39900783691989844,0.32907614418563297,0.37209302325581395,0.39594047619047634,0.3059941977645593,0.367816091954023
s1002,rib_left_7,0.956,1,0.40874871580609323,0.34344119161447584,0.37209302325581395,0.4082738095238097,0.3235081529587556,0.40621127068603985
s1002,rib_left_8,0.9813,1,0.5310183330962834,0.5399126940168808,0.5371428571428571,0.5610357142857141,0.5666704690391171,0.5473684210526316
s1002,rib_left_9,0.9858,1,0.46025959478378164,0.4237006889557508,0.4909090909090909,0.47488095238095235,0.4257845279469618,0.4968944099378882
s1002,rib_right_1,0.0,0,0.4319341734808828,0.37876788865841593,0.4909090909090909,0.4103749999999999,0.3265437248381525,0.4090909090909091
s1002,rib_right_2,0.8796,0,0.23984832491538582,0.14627365382414517,0.16793893129770993,0.30016071428571434,0.19005574590666005,0.20388349514563106
s1002,spleen,0.9703,1,0.6083827874953173,0.6617795138765743,0.5681818181818181,0.6183988095238093,0.6561152474779529,0.6222222222222222
s1002,sternum,0.8916,0,0.844904336333281,0.9032812526281889,0.9104477611940298,0.8292321428571426,0.884363894577955,0.8633879781420765
s1002,stomach,0.9469,1,0.7252459096620929,0.8089952184699327,0.7415730337078649,0.7379464285714284,0.8074120196441852,0.7428571428571429
s1002,subclavian_artery_left,0.9482,1,0.40703471974779504,0.34089173349937885,0.37209302325581395,0.4213749999999999,0.34266928910710165,0.4166666666666667
s1002,superior_vena_cava,0.9729,1,0.7653491464699475,0.846642476399615,0.7843137254901961,0.7822559523809525,0.8487807785464031,0.7966101694915254
s1002,trachea,0.9768,1,0.781442558288159,0.8599477124958238,0.8615384615384616,0.7538759920634918,0.823200167581157,0.7614678899082569
s1002,vertebrae_T10,0.971,1,0.7806552346976169,0.8593199219946253,0.8615384615384616,0.7470892857142857,0.8166013776813122,0.7614678899082569
s1002,vertebrae_T11,0.9918,1,0.7983501907510089,0.8728710074058288,0.8615384615384616,0.736220238095238,0.8056382342990498,0.7428571428571429
s1002,vertebrae_T12,0.9908,1,0.6504100070243216,0.720906095037768,0.6666666666666666,0.6218392857142857,0.6612089322352772,0.6222222222222222
s1002,vertebrae_T3,0.9777,1,0.6604424315255573,0.7340477501852407,0.6666666666666666,0.6298690476190477,0.6729513886787725,0.6222222222222222
s1002,vertebrae_T4,0.9878,1,0.5659434794493788,0.5964716810404226,0.5371428571428571,0.5492083333333334,0.5474550330178413,0.5473684210526316
s1002,vertebrae_T5,0.9836,1,0.4860318971022868,0.4657312601234758,0.5,0.48891666666666694,0.44852240173581653,0.4968944099378882
s1002,vertebrae_T6,0.9794,1,0.42767573697498007,0.3721692297385024,0.4909090909090909,0.4189583333333335,0.3390936552420194,0.4166666666666667
s1002,vertebrae_T7,0.9737,1,0.47075963284102584,0.4407267613940621,0.4909090909090909,0.4015000000000001,0.3138236805782838,0.367816091954023
s1002,vertebrae_T8,0.9831,1,0.7705776252613548,0.8510750232589345,0.7843137254901961,0.7545119047619047,0.8238088196835704,0.7614678899082569
s1002,vertebrae_T9,0.9688,1,0.786190556632326,0.8636840526050414,0.8615384615384616,0.7557857142857145,0.8250230662202425,0.7614678899082569
s0991,adrenal_gland_left,0.9034,1,0.509313494932401,0.5170901330765947,0.516209476309227,0.5428333333333333,0.5434623370825182,0.5051546391752577
s0991,adrenal_gland_right,0.8958,0,0.4055304407045015,0.3586642236158144,0.35365853658536583,0.46670833333333356,0.4232676343130319,0.4409448818897638
s0991,aorta,0.9755,1,0.9688268190859434,0.9499968564938827,0.9781818181818182,0.9573958333333333,0.9431187540709612,0.9555555555555556
s0991,atrial_appendage_left,0.9371,1,0.6279531688302739,0.6923065681098926,0.5666666666666667,0.5892559523809526,0.6152031337078261,0.5051546391752577
s0991,autochthon_left,0.9693,1,0.9966962663042976,0.9576616446757032,0.9821428571428571,0.995267857142857,0.9547327541737176,0.981203007518797
s0991,autochthon_right,0.967,1,0.992806070709557,0.9566633679239572,0.9821428571428571,0.99625,0.9550016747143285,1.0
s0991,brachiocephalic_trunk,0.9076,1,0.463799127855851,0.446091227089974,0.43478260869565216,0.5746249999999999,0.5929752508813407,0.5051546391752577
s0991,brachiocephalic_vein_left,0.9403,1,0.5700981993635539,0.6103596682399859,0.516209476309227,0.5855208333333333,0.6095701506579364,0.5051546391752577
s0991,brachiocephalic_vein_right,0.9134,1,0.5664134070088221,0.6048612368807996,0.516209476309227,0.6668184523809524,0.7235286583640032,0.7066666666666667
s0991,clavicula_left,0.9728,1,0.9436742199741004,0.9419664633278737,0.9595959595959596,0.9692222222222222,0.9470180012274442,0.9571428571428572
s0991,clavicula_right,0.9742,1,0.8498121327823448,0.9002035166520216,0.8942731277533039,0.8647083333333333,0.90197225872768,0.8897338403041825
s0991,colon,0.8085,0,0.5225784173044442,0.5377801516342573,0.516209476309227,0.6113541666666665,0.6478583831258207,0.5051546391752577
s0991,common_carotid_artery_left,0.9196,1,0.41834922669179503,0.3773205543170273,0.425531914893617,0.5327083333333332,0.52746225128931,0.5051546391752577
s0991,common_carotid_artery_right,0.8517,0,0.45810741475348654,0.43730677909191457,0.43478260869565216,0.4684613095238093,0.4259887539836772,0.4409448818897638
s0991,costal_cartilages,0.9006,1,0.23991530299627084,0.16552056705892926,0.21212121212121213,0.2532976190476191,0.15905368219719537,0.22857142857142856
s0991,duodenum,0.7738,0,0.4816932131361974,0.4739033200013057,0.516209476309227,0.5868869047619047,0.6116338194243885,0.5051546391752577
s0991,esophagus,0.9321,1,0.558757897492954,0.5933539713442963,0.516209476309227,0.6035595238095238,0.6364791896354283,0.5051546391752577
s0991,femur_left,0.9148,1,0.680915263704036,0.7581204149826416,0.7272727272727273,0.646172619047619,0.6965365227700061,0.6407766990291263
s0991,femur_right,0.9861,1,0.8892896189375006,0.920310127888136,0.9304932735426009,0.8958333333333331,0.9181210287635745,0.9236111111111112
s0991,gallbladder,0.9085,1,0.5585881901658629,0.5930976630801076,0.516209476309227,0.6372261904761907,0.6843893222401971,0.6407766990291263
s0991,gluteus_maximus_left,0.9668,1,0.9497604800940012,0.9440140920403075,0.9595959595959596,0.960625,0.944209430188343,0.9555555555555556
s0991,gluteus_maximus_right,0.9677,1,0.9538643149009195,0.9453561992237873,0.9595959595959596,0.9457142857142857,0.9390037677993147,0.9555555555555556
s0991,gluteus_medius_left,0.9537,1,0.8697450772639899,0.9108650732079184,0.9304932735426009,0.8897083333333332,0.9151475640176037,0.9236111111111112
s0991,gluteus_medius_right,0.967,1,0.890492870002769,0.9208606916746229,0.9304932735426009,0.8887916666666665,0.914694215289862,0.9236111111111112
s0991,gluteus_minimus_left,0.9172,1,0.48832703825172663,0.4842646690890789,0.516209476309227,0.50975,0.4910242378733137,0.5051546391752577
s0991,gluteus_minimus_right,0.9493,1,0.6455704870993604,0.7152840221031557,0.7272727272727273,0.6145625,0.6524946706306537,0.5625
s0991,heart,0.9431,1,0.9455100169020638,0.9425913814949948,0.9595959595959596,0.9460952380952381,0.9391422503404068,0.9555555555555556
s0991,hip_left,0.9707,1,0.8494061916890969,0.8999750361516679,0.8942731277533039,0.8078601190476189,0.8650807190002813,0.8258064516129032
s0991,hip_right,0.984,1,0.9268223671014116,0.9359247457889361,0.9595959595959596,0.9506488095238096,0.9407749338245924,0.9555555555555556
s0991,humerus_left,0.9665,1,0.8119086266679842,0.8767771993621517,0.84,0.7641249999999999,0.829243253461388,0.8199052132701422
s0991,humerus_right,0.9673,1,0.7164531783022086,0.7965428724077724,0.7961165048543689,0.6898333333333332,0.751804362272318,0.7083333333333334
s0991,iliac_artery_left,0.8791,0,0.7789083062696095,0.8526725053258193,0.84,0.7816488095238094,0.8444359923996466,0.8199052132701422
s0991,iliac_artery_right,0.9096,1,0.6621013460493476,0.7358774378583208,0.7272727272727273,0.664595238095238,0.7206942085627487,0.7066666666666667
s0991,iliac_vena_left,0.8876,0,0.5434879855357603,0.5701044352908776,0.516209476309227,0.6119642857142857,0.6487422320701439,0.5625
s0991,iliac_vena_right,0.9312,1,0.675043966307599,0.7513182091300505,0.7272727272727273,0.7379107142857143,0.8043520465980537,0.8199052132701422
s0991,iliopsoas_left,0.9569,1,0.8950531399322661,0.9229158747682951,0.9304932735426009,0.9290416666666669,0.9326468740669631,0.9523809523809523
s0991,iliopsoas_right,0.9676,1,0.9139319057874127,0.9309129503822037,0.9304932735426009,0.9312202380952381,0.9335111696505891,0.9523809523809523
s0991,inferior_vena_cava,0.9511,1,0.7568310275082212,0.8344557370001859,0.84,0.8095833333333333,0.8663534850518172,0.8258064516129032
s0991,kidney_left,0.9861,1,0.9547010151237623,0.945626086363278,0.9595959595959596,0.969815476190476,0.9472068051409075,0.9571428571428572
s0991,kidney_right,0.987,1,0.9487994099689777,0.9436953340842249,0.9595959595959596,0.9530833333333333,0.9416309091361427,0.9555555555555556
s0991,liver,0.9867,1,0.9709654778443535,0.9506288826593825,0.9781818181818182,0.9700833333333331,0.9472918427216922,0.957738095238093
s0991,lung_lower_lobe_left,0.9924,1,1.0,0.9584921336904293,1.0,0.9991666666666668,0.9557913415301617,1.0
s0991,lung_lower_lobe_right,0.9911,1,0.9792143130790711,0.9529963439163781,0.9781818181818182,0.9727499999999999,0.9481314121987396,0.9753086419753086
s0991,lung_middle_lobe_right,0.9774,1,0.9727564810051803,0.9511523338090888,0.9781818181818182,0.9598750000000001,0.9439578796527156,0.9555555555555556
s0991,lung_upper_lobe_left,0.9946,1,0.995742316529961,0.9574189013901894,0.9821428571428571,1.0,0.9560145223127096,1.0
s0991,lung_upper_lobe_right,0.9879,1,1.0,0.9584921336904293,1.0,0.99625,0.9550016747143285,1.0
s0991,pancreas,0.93,1,0.3967510567969477,0.3461253651741504,0.35365853658536583,0.45777380952380947,0.40947419587865913,0.4409448818897638
s0991,portal_vein_and_splenic_vein,0.894,0,0.34507882599110856,0.2769745244937162,0.32075471698113206,0.3002559523809524,0.2031155516560197,0.2605633802816901
s0991,pulmonary_vein,0.9477,1,0.497603052652566,0.49877357083956364,0.516209476309227,0.5207738095238093,0.508532484740351,0.5051546391752577
s0991,rib_left_1,0.9429,1,0.8064775413272848,0.8730574704521669,0.84,0.8014583333333333,0.8602625308559209,0.8258064516129032
s0991,rib_left_10,0.9798,1,0.8665509439331075,0.9092285923346803,0.9304932735426009,0.8522559523809522,0.8947510111701844,0.8897338403041825
s0991,rib_left_11,0.9741,1,0.9023351589312716,0.9260964257119253,0.9304932735426009,0.9136458333333333,0.9262360759320138,0.9298245614035088
s0991,rib_left_12,0.9426,1,0.6682198321947154,0.7432528403698527,0.7272727272727273,0.7023750000000001,0.7663729254209006,0.7083333333333334
s0991,rib_left_2,0.9742,1,0.9553912843881875,0.9458477942786416,0.9595959595959596,0.9622499999999999,0.9447508159766421,0.9555555555555556
s0991,rib_left_3,0.9669,1,0.9047702794142041,0.9271327868881103,0.9304932735426009,0.9516666666666665,0.9411342326861369,0.9555555555555556
s0991,rib_left_4,0.9715,1,0.954465821050439,0.9455503490466277,0.9595959595959596,0.9772023809523809,0.9495050783382587,0.9753086419753086
s0991,rib_left_5,0.9737,1,0.9741104664935833,0.9515445600957295,0.9781818181818182,0.9734999999999998,0.9483652541424975,0.9753086419753086
s0991,rib_left_6,0.9741,1,0.9465103082451034,0.9429292226431069,0.9595959595959596,0.9431309523809525,0.9380568832538493,0.9555555555555556
s0991,rib_left_7,0.9724,1,0.9392389709924411,0.9404302412409291,0.9595959595959596,0.9403750000000002,0.9370316038663581,0.9555555555555556
s0991,rib_left_8,0.974,1,0.9089982263663429,0.9289003951401614,0.9304932735426009,0.887488095238095,0.9140457355998685,0.9236111111111112
s0991,rib_left_9,0.9791,1,0.9519130704087507,0.94472189185749,0.9595959595959596,0.9469166666666667,0.9394398533374726,0.9555555555555556
s0991,rib_right_1,0.9134,1,0.8710829467685841,0.9115425746642422,0.9304932735426009,0.8959166666666667,0.9181608220989742,0.9236111111111112
s0991,rib_right_10,0.9663,1,0.8943110506369695,0.922584800858384,0.9304932735426009,0.8865138888888885,0.9135581905195955,0.9236111111111112
s0991,rib_right_11,0.9599,1,0.8593247890961502,0.9054262091006158,0.9166666666666666,0.8612083333333332,0.8999884165843594,0.8897338403041825
s0991,rib_right_12,0.9636,1,0.7106623959012586,0.7906060676238359,0.7961165048543689,0.6959583333333336,0.7589944015184766,0.7083333333333334
s0991,rib_right_2,0.9563,1,0.9587381601285475,0.9469107438884832,0.9595959595959596,0.9696666666666666,0.947159506078138,0.9571428571428572
s0991,rib_right_3,0.9714,1,0.9550456929291962,0.9457369003274535,0.9595959595959596,0.9644583333333334,0.9454786200098448,0.9555555555555556
s0991,rib_right_4,0.9701,1,0.9419355895635413,0.9413687406209775,0.9595959595959596,0.9635416666666667,0.9451776159025906,0.9555555555555556
s0991,rib_right_5,0.9652,1,0.9403843358778134,0.9408305674487303,0.9595959595959596,0.9510297619047617,0.9409096482529071,0.9555555555555556
s0991,rib_right_6,0.9656,1,0.6985393585407286,0.7777681505975919,0.7272727272727273,0.7663333333333333,0.8312208202564895,0.8199052132701422
s0991,rib_right_7,0.9725,1,0.9668838319934419,0.9494160175614161,0.9781818181818182,0.9620000000000001,0.9446678489760065,0.9555555555555556
s0991,rib_right_8,0.9787,1,0.8513882162583201,0.9010862085631697,0.8942731277533039,0.8539464285714287,0.8957581817036596,0.8897338403041825
s0991,rib_right_9,0.9792,1,0.955785125595456,0.9459739102001269,0.9595959595959596,0.9531666666666667,0.9416600026555494,0.9555555555555556
s0991,sacrum,0.9375,1,0.8958292005178382,0.923260716040754,0.9304932735426009,0.8844464285714286,0.9125152199168641,0.9236111111111112
s0991,scapula_left,0.9698,1,0.9836521322432009,0.954224979993284,0.9781818181818182,0.9926607142857142,0.9540114477122107,0.981203007518797
s0991,scapula_right,0.9696,1,0.959622128338865,0.9471881827778026,0.9595959595959596,0.9715833333333334,0.9477656673699846,0.9583333333333334
s0991,small_bowel,0.8187,0,0.8257681222772235,0.8858467501607831,0.8942731277533039,0.8596666666666666,0.8991033121772063,0.8897338403041825
s0991,spinal_cord,0.9629,1,0.8643445029843173,0.9080824002449235,0.9166666666666666,0.9206666666666667,0.9292264074184015,0.9523809523809523
s0991,spleen,0.9866,1,0.9485263126513521,0.9436044450238819,0.9595959595959596,0.9636250000000003,0.9452050444719777,0.9555555555555556
s0991,sternum,0.9214,1,0.8613513781483636,0.9065067588506309,0.9166666666666666,0.895625,0.9180214683123252,0.9236111111111112
s0991,stomach,0.9678,1,0.8528089986411076,0.9018759597898646,0.8942731277533039,0.8376458333333332,0.8856836991944695,0.8897338403041825
s0991,subclavian_artery_left,0.893,0,0.4743133847342928,0.46240353021860997,0.516209476309227,0.4535535714285713,0.4030066585111095,0.4409448818897638
s0991,subclavian_artery_right,0.8854,0,0.45798630504512483,0.4371202679438329,0.43478260869565216,0.5013214285714285,0.47765037074502326,0.5051546391752577
s0991,superior_vena_cava,0.9532,1,0.6802105946344021,0.757310750296556,0.7272727272727273,0.7725386904761906,0.8366799994690263,0.8199052132701422
s0991,thyroid_gland,0.8151,0,0.21041407766707018,0.14156477304820603,0.1875,0.218375,0.13156769404901275,0.12359550561797752
s0991,trachea,0.98,1,0.9246828000320343,0.9351169866776212,0.9595959595959596,0.858638888888889,0.8985093853829913,0.8897338403041825
s0991,urinary_bladder,0.9214,1,0.668099520953193,0.7431091205802544,0.7272727272727273,0.7318531746031747,0.7982243665444887,0.75
s0991,vertebrae_C7,0.9739,1,0.27757787830612896,0.2006893542105999,0.2714285714285714,0.3348333333333333,0.2409924624363985,0.2605633802816901
s0991,vertebrae_L1,0.9823,1,0.9807834890965732,0.953434321422369,0.9781818181818182,0.9950000000000001,0.9546591469116875,0.981203007518797
s0991,vertebrae_L2,0.9862,1,0.986674256609054,0.9550441085996196,0.9781818181818182,0.9829999999999999,0.9512421980878788,0.981203007518797
s0991,vertebrae_L3,0.9833,1,0.9847690925768537,0.9545293676546988,0.9781818181818182,0.98725,0.9524794375047329,0.981203007518797
s0991,vertebrae_L4,0.9798,1,0.9761104917372697,0.9521184680766747,0.9781818181818182,0.976875,0.9494052577987349,0.9753086419753086
s0991,vertebrae_L5,0.9763,1,0.9633407064865765,0.9483403535105598,0.9595959595959596,0.9613333333333333,0.9444460298690474,0.9555555555555556
s0991,vertebrae_S1,0.9348,1,0.9011587820834321,0.9255909277984206,0.9304932735426009,0.8962976190476191,0.918342510240409,0.9236111111111112
s0991,vertebrae_T1,0.9784,1,0.6275897562026911,0.6918218434543705,0.5666666666666667,0.6535208333333336,0.7063134549072395,0.6407766990291263
s0991,vertebrae_T10,0.9689,1,0.9596071140407538,0.9471834818966622,0.9595959595959596,0.9367499999999999,0.9356589075827456,0.9555555555555556
s0991,vertebrae_T11,0.9761,1,0.9534078136616044,0.9452084178803818,0.9595959595959596,0.9436845238095236,0.9382609359148519,0.9555555555555556
s0991,vertebrae_T12,0.9804,1,0.9567553618815785,0.9462834189471389,0.9595959595959596,0.9533333333333333,0.9417181488896774,0.9555555555555556
s0991,vertebrae_T2,0.9833,1,0.9103851780506321,0.9294715707149609,0.9304932735426009,0.9257976190476191,0.9313405460143931,0.9523809523809523
s0991,vertebrae_T3,0.9855,1,0.9101270616002823,0.9293655951022508,0.9304932735426009,0.9196309523809525,0.9287924221370373,0.9523809523809523
s0991,vertebrae_T4,0.9808,1,0.9484890307954259,0.9435920266156128,0.9595959595959596,0.9459583333333333,0.9390925170563713,0.9555555555555556
s0991,vertebrae_T5,0.9831,1,0.9590054885839071,0.9469947913795882,0.9595959595959596,0.9673750000000001,0.9464260300031858,0.9571428571428572
s0991,vertebrae_T6,0.9811,1,0.9115212323470019,0.929936259315313,0.9304932735426009,0.9377738095238095,0.9360493977004182,0.9555555555555556
s0991,vertebrae_T7,0.9769,1,0.9835758895631705,0.9542041321940536,0.9781818181818182,0.9805000000000001,0.9505001954414525,0.981203007518797
s0991,vertebrae_T8,0.9748,1,0.9729719068007224,0.9512149398215808,0.9781818181818182,0.9697916666666667,0.9471992399783551,0.9571428571428572
s0991,vertebrae_T9,0.9754,1,0.9559428051592184,0.9460243247125824,0.9595959595959596,0.9574583333333332,0.9431400528398348,0.9555555555555556
s0874,aorta,0.9687,1,0.6265959243916902,0.6920174924968154,0.6541666666666667,0.6168749999999998,0.6619983836136611,0.6532258064516129
s0874,autochthon_left,0.9383,1,0.9105937371666495,0.931082414448127,0.9584415584415584,0.9535833333333334,0.9440785902238273,0.9638157894736842
s0874,autochthon_right,0.9492,1,0.8950846195184865,0.9245246286685411,0.9523809523809523,0.9632916666666668,0.9472685190548586,0.9714285714285714
s0874,brachiocephalic_trunk,0.9195,1,0.475559308071698,0.4639495636800525,0.45,0.4907083333333334,0.4663202982721524,0.4880952380952381
s0874,brachiocephalic_vein_left,0.9529,1,0.393405992779952,0.3399823972289843,0.38271604938271603,0.4748214285714286,0.4411348465332653,0.4880952380952381
s0874,brachiocephalic_vein_right,0.9226,1,0.576694614752149,0.621134722359465,0.5228215767634854,0.6243750000000001,0.6726494612805238,0.6532258064516129
s0874,brain,0.9773,1,0.9608319608364991,0.9488634525785102,0.9736842105263158,0.9733750000000001,0.9503992795588004,0.9714285714285714
s0874,clavicula_left,0.9819,1,0.8757269576349495,0.9155372851475687,0.9090909090909091,0.8995833333333333,0.9227850921114301,0.9532374100719424
s0874,clavicula_right,0.9723,1,0.9214705187031456,0.935362502258446,0.9584415584415584,0.9118869047619046,0.9282101054914924,0.9532374100719424
s0874,common_carotid_artery_left,0.9024,1,0.47052964973468947,0.4560581132179184,0.45,0.5454583333333332,0.5536262456800696,0.5757575757575758
s0874,common_carotid_artery_right,0.8698,0,0.5482829671862028,0.5780821984259751,0.5228215767634854,0.579,0.6058526155762699,0.5757575757575758
s0874,costal_cartilages,0.613,0,0.11126918988232967,0.07976929191060403,0.125,0.135625,0.0826765171465555,0.1
s0874,esophagus,0.8926,0,0.602897047967363,0.659232224777814,0.6541666666666667,0.5741130952380953,0.5983628975224611,0.5757575757575758
s0874,lung_lower_lobe_left,0.9461,1,0.5801761244270838,0.6262958063898603,0.5228215767634854,0.5926607142857143,0.6265172657446559,0.6153846153846154
s0874,lung_lower_lobe_right,0.2491,0,0.16458120905295165,0.10825012376616544,0.125,0.10404166666666669,0.06858858222244822,0.0
s0874,lung_upper_lobe_left,0.9915,1,0.9113599448209391,0.9313923234640983,0.9584415584415584,0.8983749999999999,0.9222324934267526,0.9532374100719424
s0874,lung_upper_lobe_right,0.9752,1,0.7708926602203935,0.8482597266372444,0.803921568627451,0.8112738095238092,0.8716754579921859,0.8421052631578947
s0874,rib_left_1,0.8484,0,0.9225276596478251,0.9357650437029785,0.9584415584415584,0.92625,0.9340972575864528,0.9638157894736842
s0874,rib_left_2,0.9325,1,0.9123337457038234,0.9317843349767597,0.9584415584415584,0.9364583333333333,0.9380053202477149,0.9638157894736842
s0874,rib_left_3,0.8935,0,0.9078834996843657,0.9299757721906927,0.9584415584415584,0.8967916666666664,0.9215029175392125,0.9532374100719424
s0874,rib_left_4,0.9344,1,0.8088674294884067,0.8766285499116846,0.8729016786570744,0.8262500000000003,0.882016184701761,0.8421052631578947
s0874,rib_right_1,0.9125,1,0.8947010328598572,0.9243553861444439,0.9523809523809523,0.8892857142857141,0.9179584339429431,0.9230769230769231
s0874,rib_right_2,0.9609,1,0.9221055886195001,0.9356046069364992,0.9584415584415584,0.9307916666666665,0.9358634548113001,0.9638157894736842
s0874,rib_right_3,0.9424,1,0.30947051492605904,0.23262463634098032,0.29357798165137616,0.2609583333333333,0.16732294140098106,0.1891891891891892
s0874,rib_right_4,0.9426,1,0.8326950600784951,0.8920053579816144,0.8729016786570744,0.8724375000000001,0.9094667896711114,0.9137931034482759
s0874,scapula_left,0.9061,1,0.790800914483551,0.8637470347686467,0.819672131147541,0.8108095238095236,0.8713428512125538,0.8421052631578947
s0874,scapula_right,0.9039,1,0.8622543109070832,0.9087196519607028,0.8729016786570744,0.9108333333333333,0.927759673680659,0.9532374100719424
s0874,skull,0.9609,1,0.8776329039255046,0.9164635919487644,0.9333333333333333,0.8948333333333334,0.9205918880672224,0.9532374100719424
s0874,spinal_cord,0.9221,1,0.8302314040068469,0.8904971060795995,0.8729016786570744,0.8877083333333333,0.917195253420661,0.9230769230769231
s0874,sternum,0.8775,0,0.8939294936850903,0.9240139191645258,0.9523809523809523,0.9045714285714284,0.925028363899575,0.9532374100719424
s0874,subclavian_artery_left,0.9278,1,0.40875065557860885,0.36205676055123914,0.40540540540540543,0.4539345238095238,0.40849777263863063,0.4880952380952381
s0874,subclavian_artery_right,0.8719,0,0.46348334587367,0.4450404499512163,0.45,0.5204375,0.5138128666832786,0.5
s0874,superior_vena_cava,0.9364,1,0.49755422932233356,0.4986195541045271,0.5228215767634854,0.4902499999999999,0.4655906642107799,0.4880952380952381
s0874,thyroid_gland,0.9009,1,0.542969938324422,0.569876155032241,0.5228215767634854,0.6000773809523808,0.6375512910551753,0.6532258064516129
s0874,trachea,0.9316,1,0.7704778450404061,0.847922162651149,0.803921568627451,0.8038749999999999,0.8662871297522299,0.795774647887324
s0874,vertebrae_C1,0.8916,0,0.7020717152131719,0.7835219656189715,0.7549019607843137,0.7292976190476191,0.8008191849870236,0.7612903225806451
s0874,vertebrae_C2,0.9753,1,0.8089310427288203,0.8766719996938412,0.8729016786570744,0.8366666666666666,0.8887763191835528,0.8421052631578947
s0874,vertebrae_C3,0.9692,1,0.7920992191267834,0.8647092864472798,0.819672131147541,0.8334583333333333,0.8867311224127697,0.8421052631578947
s0874,vertebrae_C4,0.9311,1,0.6794463614151929,0.7583028383930008,0.7549019607843137,0.7235416666666665,0.7948805183713943,0.7612903225806451
s0874,vertebrae_C5,0.9278,1,0.7401244623391006,0.8215185218626905,0.7549019607843137,0.7572083333333335,0.8277803973720902,0.7894736842105263
s0874,vertebrae_C6,0.9459,1,0.9083776729240752,0.9301787702420973,0.9584415584415584,0.9347083333333334,0.937351091042992,0.9638157894736842
s0874,vertebrae_C7,0.9494,1,0.9267148534909382,0.9373366186035033,0.9584415584415584,0.9614583333333334,0.9466795864895767,0.9714285714285714
s0874,vertebrae_T1,0.9495,1,0.9182206268357292,0.9341102485861191,0.9584415584415584,0.9262242063492063,0.9340870988110737,0.9638157894736842
s0874,vertebrae_T2,0.9803,1,0.9495764906749412,0.9453016443470994,0.9736842105263158,0.9559642857142857,0.9448773252718403,0.9714285714285714
s0874,vertebrae_T3,0.9747,1,0.9351174780628249,0.9403826529418334,0.9584415584415584,0.9461785714285716,0.9415244205464909,0.9638157894736842
s0874,vertebrae_T4,0.9599,1,0.9026540296847938,0.9277939187292923,0.9584415584415584,0.932696428571429,0.936590991212698,0.9638157894736842
s0874,vertebrae_T5,0.8077,0,0.2559892422042248,0.17779425871182494,0.19444444444444445,0.231375,0.14258596397921006,0.1
s0839,aorta,0.9786,1,0.6663002171234144,0.7415359406042646,0.6666666666666666,0.6195892857142856,0.6578819063764185,0.6222222222222222
s0839,atrial_appendage_left,0.9248,1,0.743844119234852,0.8272692318222248,0.7586206896551724,0.7026666666666667,0.7686946118065022,0.7422680412371134
s0839,costal_cartilages,0.83,0,0.32382337059653077,0.22984195235741842,0.2923076923076923,0.2388125,0.13544592036193573,0.14864864864864866
s0839,esophagus,0.9367,1,0.7121668168653045,0.795282220120381,0.7402597402597403,0.6743333333333336,0.7338750366562728,0.6222222222222222
s0839,heart,0.9386,1,0.7132117977340475,0.7964041996120228,0.7402597402597403,0.6828392857142854,0.7446704321503397,0.6666666666666666
s0839,inferior_vena_cava,0.8573,0,0.6906442934664283,0.7711539629726465,0.7333333333333333,0.7452291666666668,0.8147597519878503,0.7614678899082569
s0839,liver,0.9496,1,0.8232718603790816,0.8900521622118325,0.8807339449541285,0.7848928571428572,0.8509960968480699,0.7966101694915254
s0839,lung_lower_lobe_left,0.9637,1,0.8046716541114329,0.8774347770004213,0.8615384615384616,0.8096190476190476,0.8704860596292839,0.8387096774193549
s0839,lung_lower_lobe_right,0.9859,1,0.9100256159889569,0.9349029849955908,0.9562841530054644,0.8793988095238096,0.9141019121947906,0.9134615384615384
s0839,lung_middle_lobe_right,0.96,1,0.7750731000794415,0.8548011658393402,0.8571428571428571,0.776986111111111,0.8442724349644838,0.7966101694915254
s0839,lung_upper_lobe_left,0.9353,1,0.855286152506049,0.9091113370828685,0.9104477611940298,0.8660297619047617,0.906932412957311,0.890625
s0839,lung_upper_lobe_right,0.9292,1,0.7559576283464433,0.838410016318393,0.7586206896551724,0.7261666666666666,0.7950613004197145,0.7428571428571429
s0839,pulmonary_vein,0.9244,1,0.5627089258745424,0.5913164965626113,0.5371428571428571,0.5532619047619046,0.5540596073488252,0.5473684210526316
s0839,rib_left_3,0.0,0,0.11432939616172928,0.06955201412862275,0.06666666666666667,0.1099642857142857,0.06284723898406694,0.058823529411764705
s0839,rib_left_4,0.8179,0,0.4076297692498047,0.34177579745830666,0.37209302325581395,0.37106547619047625,0.2723519519273417,0.367816091954023
s0839,rib_left_5,0.8759,0,0.23802859789969694,0.14477835313139925,0.16793893129770993,0.2580357142857143,0.15096508685864865,0.14864864864864866
s0839,rib_left_6,0.7528,0,0.30623838415629445,0.20991966243473037,0.16793893129770993,0.256125,0.14935939818664012,0.14864864864864866
s0839,rib_right_3,0.4769,0,0.17999197456026286,0.10343040866765593,0.09375,0.1512083333333333,0.0808735507888638,0.06976744186046512
s0839,rib_right_4,0.0,0,0.23467248292170456,0.14205389843486319,0.16793893129770993,0.22474999999999998,0.12496321533754084,0.14864864864864866
s0839,rib_right_5,0.0,0,0.2931153815592977,0.1958983563879819,0.16793893129770993,0.24083333333333334,0.1370118295169657,0.14864864864864866
s0839,spinal_cord,0.0,0,0.08988898055453108,0.05979929222877598,0.06666666666666667,0.08436309523809524,0.053619618077568855,0.0
s0839,spleen,0.9525,1,0.6174828142713336,0.6751057576528156,0.5681818181818181,0.6039166666666665,0.6342890096719597,0.6222222222222222
s0839,sternum,0.9474,1,0.722519839640483,0.8061960713640192,0.7415730337078649,0.7052499999999999,0.7717055464599671,0.7422680412371134
s0839,stomach,0.825,0,0.6402057548037641,0.7071388404624355,0.6666666666666666,0.6486527777777777,0.699571846339187,0.6222222222222222
s0839,superior_vena_cava,0.9403,1,0.381528880671763,0.3040952744175823,0.3384615384615385,0.41549404761904773,0.3339999290154551,0.4090909090909091
s0839,vertebrae_T10,0.9911,1,0.7481143166630758,0.8312643513062585,0.7586206896551724,0.719297619047619,0.7875924466126504,0.7428571428571429
s0839,vertebrae_T11,0.9855,1,0.7351993438431582,0.8189528880245828,0.7415730337078649,0.7404226190476187,0.8099349173780901,0.7614678899082569
s0839,vertebrae_T12,0.9831,1,0.7215799768507583,0.8052238187259311,0.7415730337078649,0.7255892857142854,0.7944410795420865,0.7428571428571429
s0839,vertebrae_T7,0.9689,1,0.5811751241551645,0.6204454908066134,0.5371428571428571,0.5257738095238095,0.5090167630538409,0.4968944099378882
s0839,vertebrae_T8,0.9649,1,0.7547486115529136,0.837324683757301,0.7586206896551724,0.7462440476190473,0.8157663084491855,0.7614678899082569
s0839,vertebrae_T9,0.9842,1,0.746688625010121,0.8299387527102741,0.7586206896551724,0.7549285714285713,0.8242067305109834,0.7614678899082569
s0867,aorta,0.5809,0,0.6519928975739648,0.7255139748277388,0.6666666666666666,0.6269166666666667,0.6701993741913489,0.5966850828729282
s0867,autochthon_left,0.9465,1,0.8297491186706064,0.8986575633029831,0.9109461966604824,0.8771964285714285,0.9193365924387787,0.92
s0867,autochthon_right,0.9279,1,0.8203063044338151,0.892649681411721,0.9109461966604824,0.8592976190476189,0.9097063740055564,0.8928571428571429
s0867,brachiocephalic_trunk,0.8919,0,0.6545757864989681,0.7290025781661553,0.6666666666666666,0.6922380952380953,0.7611715331436124,0.6875
s0867,brachiocephalic_vein_left,0.817,0,0.5390833723822701,0.5506089911478782,0.5596330275229359,0.5752678571428573,0.587407173310758,0.5966850828729282
s0867,brachiocephalic_vein_right,0.9312,1,0.6972515685581102,0.7824779126240325,0.703125,0.681342261904762,0.747259127658779,0.6785714285714286
s0867,brain,0.8854,0,0.7770621514740508,0.8610010211688479,0.8235294117647058,0.8133958333333332,0.8801465526304103,0.8705035971223022
s0867,clavicula_left,0.9663,1,0.8310877369493981,0.8994846940652195,0.9109461966604824,0.8244226190476188,0.8879317452865151,0.8705035971223022
s0867,clavicula_right,0.9516,1,0.8271025137195727,0.8970044429582449,0.9109461966604824,0.83725,0.8964288290234425,0.8928571428571429
s0867,common_carotid_artery_left,0.9222,1,0.6416290413025172,0.7112387880930179,0.6666666666666666,0.6843541666666666,0.751157937488864,0.6785714285714286
s0867,common_carotid_artery_right,0.8883,0,0.6476238364740949,0.7195497277441845,0.6666666666666666,0.6086964285714286,0.6418861986244186,0.5966850828729282
s0867,costal_cartilages,0.7771,0,0.1556601180706245,0.08258297992357251,0.0851063829787234,0.20116666666666666,0.09760882935977536,0.07142857142857142
s0867,esophagus,0.9117,1,0.4504909312547322,0.4012807222058384,0.4084507042253521,0.47170833333333334,0.4109094119859517,0.4810126582278481
s0867,lung_lower_lobe_left,0.0915,0,0.15748628397451836,0.0835300066265446,0.0851063829787234,0.122125,0.05904303981749863,0.07142857142857142
s0867,lung_upper_lobe_left,0.9455,1,0.8735382037950913,0.9227687928632342,0.9109461966604824,0.8923124999999998,0.926729803651305,0.92
s0867,lung_upper_lobe_right,0.9552,1,0.9048402050966845,0.9366552692318085,0.9565217391304348,0.9287232142857142,0.9420433800662773,0.94
s0867,rib_left_1,0.8856,0,0.789037303338589,0.8704758816173078,0.8709677419354839,0.7815535714285712,0.8550094868781626,0.8255813953488372
s0867,rib_left_2,0.8941,0,0.5456705645870126,0.5616808554628525,0.5596330275229359,0.5502916666666665,0.5451729270165573,0.5294117647058824
s0867,rib_left_3,0.8358,0,0.5748220082919472,0.6098046058647234,0.5596330275229359,0.6110714285714285,0.6456385897708357,0.5966850828729282
s0867,rib_right_1,0.9023,1,0.8362344023825936,0.9026091913708753,0.9109461966604824,0.8295178571428569,0.8913775500294617,0.8705035971223022
s0867,rib_right_2,0.6054,0,0.5459655444860491,0.5621753126305492,0.5596330275229359,0.47652380952380946,0.41896310613928817,0.4810126582278481
s0867,rib_right_3,0.5483,0,0.4767810399543797,0.44494631640341314,0.5116279069767442,0.4510833333333335,0.3770000053435061,0.4810126582278481
s0867,rib_right_4,0.0,0,0.31245591062278283,0.2074985352389444,0.3105263157894737,0.2811448412698413,0.158014291145538,0.25
s0867,scapula_left,0.7927,0,0.7451300203261373,0.8328817182021047,0.7928994082840237,0.7742857142857139,0.8486912480110295,0.8255813953488372
s0867,scapula_right,0.7486,0,0.6245750210213196,0.6868169875767477,0.6666666666666666,0.6844791666666667,0.7513188735101016,0.6785714285714286
s0867,skull,0.9227,1,0.6975017877608721,0.782767778537285,0.703125,0.6374107142857143,0.6859784823801665,0.6328125
s0867,spinal_cord,0.9035,1,0.7493956284000102,0.8368856726313573,0.7928994082840237,0.7573928571428573,0.8331322959224936,0.8255813953488372
s0867,sternum,0.8862,0,0.6030545569199045,0.6544681854563301,0.5596330275229359,0.5750416666666668,0.587029447685063,0.5966850828729282
s0867,subclavian_artery_left,0.8946,0,0.5394136558894557,0.5511654269885652,0.5596330275229359,0.5762261904761907,0.5890063907804544,0.5966850828729282
s0867,subclavian_artery_right,0.8568,0,0.6625644364530089,0.7396145302957354,0.6666666666666666,0.6232559523809523,0.6646011722944312,0.5966850828729282
s0867,thyroid_gland,0.8991,0,0.43576196283768714,0.37744024852908575,0.4084507042253521,0.3670238095238096,0.25323701367155005,0.25581395348837205
s0867,trachea,0.9655,1,0.7631239910630488,0.8492484047734322,0.7928994082840237,0.7346071428571429,0.8101539747788742,0.8181818181818182
s0867,vertebrae_C1,0.9323,1,0.6946573455713388,0.7794561934078246,0.703125,0.6896190476190476,0.7578759385625548,0.6875
s0867,vertebrae_C2,0.9689,1,0.9589240325670525,0.9552979146836951,0.9842105263157894,0.9400833333333334,0.9461715147044055,0.94
s0867,vertebrae_C3,0.9551,1,0.8568451738401955,0.9142685991478069,0.9109461966604824,0.8265555555555557,0.8893856830408153,0.8705035971223022
s0867,vertebrae_C4,0.9473,1,0.7864414412990601,0.8684698344034649,0.8709677419354839,0.7461666666666666,0.8221012934735343,0.8255813953488372
s0867,vertebrae_C5,0.9309,1,0.6538353241579132,0.7280053186896741,0.6666666666666666,0.7225357142857143,0.7970319081086297,0.7126436781609196
s0867,vertebrae_C6,0.9126,1,0.8590672803151098,0.9154471997545226,0.9109461966604824,0.8682083333333334,0.9146237321431903,0.92
s0867,vertebrae_C7,0.9288,1,0.894762888167446,0.9324597891379065,0.9109461966604824,0.9023809523809523,0.9313026599697979,0.9323671497584541
s0867,vertebrae_T1,0.9679,1,0.8564982477456151,0.9140832520186132,0.9109461966604824,0.8619226190476189,0.9111808986228009,0.8928571428571429
s0867,vertebrae_T2,0.8143,0,0.8393827337847857,0.904477546341344,0.9109461966604824,0.8471934523809523,0.902618560872351,0.8928571428571429
s0867,vertebrae_T3,0.5749,0,0.7492680906743994,0.8367670864440971,0.7928994082840237,0.7441369047619044,0.8200469226799298,0.8255813953488372
s0832,aorta,0.9842,1,0.7227471354637686,0.8064306460020265,0.7415730337078649,0.7417619047619044,0.811288889539133,0.7614678899082569
s0832,atrial_appendage_left,0.9004,1,0.6856180432418362,0.765239660477857,0.7027027027027027,0.653690476190476,0.7064976799834123,0.6222222222222222
s0832,autochthon_left,0.9696,1,0.9082530086117786,0.9341864466837502,0.9562841530054644,0.8939583333333333,0.9213374096719749,0.9328859060402684
s0832,autochthon_right,0.9632,1,0.8669143613133993,0.9152641814118676,0.9298245614035088,0.8579166666666664,0.9023237715701082,0.8633879781420765
s0832,colon,0.9099,1,0.5437086737547225,0.5606627090972035,0.5371428571428571,0.5787261904761904,0.5950244265615765,0.6222222222222222
s0832,costal_cartilages,0.8487,0,0.3320050755153541,0.2395520160622822,0.2923076923076923,0.30763095238095234,0.19774398343774383,0.20388349514563106
s0832,esophagus,0.9155,1,0.7624991144975007,0.8441811303022079,0.7843137254901961,0.7710416666666668,0.8390560671077469,0.7966101694915254
s0832,heart,0.9367,1,0.7998263854314689,0.8739495670616612,0.8615384615384616,0.7501190476190477,0.8195705679030111,0.7614678899082569
s0832,inferior_vena_cava,0.8595,0,0.47440097379573265,0.4466661235988623,0.4909090909090909,0.53425,0.5229560517617272,0.4968944099378882
s0832,liver,0.9825,1,0.8594724881070135,0.9113714592494893,0.9104477611940298,0.8202678571428572,0.8781886941356246,0.8387096774193549
s0832,lung_lower_lobe_left,0.9885,1,0.9415387015630051,0.9464858669841554,0.9680851063829787,0.953625,0.9455033719473896,0.9664351851851852
s0832,lung_lower_lobe_right,0.9921,1,0.9901408558481036,0.9606073005044313,1.0,0.9897916666666666,0.9565509562835429,0.9795918367346939
s0832,lung_middle_lobe_right,0.9771,1,0.9582049642104674,0.9517976641830678,0.9712230215827338,0.9646666666666667,0.949130886441041,0.9664351851851852
s0832,lung_upper_lobe_left,0.9903,1,0.9718045882800063,0.9557573428638301,0.9727520435967303,0.966125,0.9495925620544238,0.9664351851851852
s0832,lung_upper_lobe_right,0.9761,1,0.9546322410878431,0.9507028632091447,0.9712230215827338,0.9414226190476189,0.9412115697735323,0.9664351851851852
s0832,pancreas,0.8154,0,0.05358896573583431,0.04765322457517412,0.0,0.057333333333333326,0.04527244916566803,0.0
s0832,portal_vein_and_splenic_vein,0.4194,0,0.1813275989535746,0.10425174805858818,0.09375,0.14217261904761908,0.07655941716577178,0.06976744186046512
s0832,pulmonary_vein,0.9495,1,0.7142765226303838,0.7975426636712002,0.7402597402597403,0.7117678571428572,0.7791790253812194,0.7422680412371134
s0832,rib_left_10,0.9667,1,0.8954941581695168,0.9288089950198054,0.946524064171123,0.9272916666666667,0.9358461509533766,0.9664351851851852
s0832,rib_left_11,0.9513,1,0.47262332817776775,0.443764610191823,0.4909090909090909,0.5234374999999999,0.5051712598819537,0.4968944099378882
s0832,rib_left_12,0.4905,0,0.22422762541311003,0.1338478473684112,0.16793893129770993,0.2582916666666667,0.15118125369870555,0.14864864864864866
s0832,rib_left_4,0.9402,1,0.6287366370464491,0.6912004805272197,0.5681818181818181,0.6333958333333333,0.6780422003806643,0.6222222222222222
s0832,rib_left_5,0.9731,1,0.875305913983404,0.9194670491930048,0.946524064171123,0.9079880952380951,0.9277780242323881,0.9594594594594594
s0832,rib_left_6,0.9766,1,0.914575611147428,0.9367091198178098,0.9562841530054644,0.9475,0.9433873209948596,0.9664351851851852
s0832,rib_left_7,0.9763,1,0.9876484014783656,0.9599792820208382,0.9727520435967303,0.9845833333333333,0.955102949541483,0.9733333333333334
s0832,rib_left_8,0.9791,1,0.9755807263450634,0.9568005949836889,0.9727520435967303,0.9828333333333334,0.9546061773118064,0.9664351851851852
s0832,rib_left_9,0.9747,1,0.8560349805110115,0.9095193893331159,0.9104477611940298,0.836,0.8888441288539934,0.8633879781420765
s0832,rib_right_10,0.093,0,0.43980698047259664,0.3910845229667432,0.4909090909090909,0.4351369047619048,0.36336333685846256,0.4507462686567166
s0832,rib_right_11,0.1068,0,0.3012217457098288,0.2044742916017068,0.16793893129770993,0.3155119047619048,0.2061064591278331,0.20388349514563106
s0832,rib_right_12,0.6479,0,0.20028758604059047,0.11654544799800724,0.125,0.23625000000000007,0.1334820147923267,0.14864864864864866
s0832,rib_right_3,0.0,0,0.20201441022953615,0.11772553371223113,0.12510633161038753,0.19479166666666667,0.10493740116047685,0.06976744186046512
s0832,rib_right_4,0.286,0,0.4515343043671977,0.4096871734799442,0.4909090909090909,0.4266458333333334,0.35052969652045934,0.45
s0832,rib_right_5,0.2194,0,0.3507300103061307,0.262813127456071,0.2923076923076923,0.32799999999999996,0.21988797850979316,0.20388349514563106
s0832,rib_right_6,0.202,0,0.39626509637935103,0.3250869489885727,0.37209302325581395,0.37116666666666676,0.27248402969851265,0.367816091954023
s0832,rib_right_7,0.257,0,0.3842865641864951,0.3079654544604781,0.3384615384615385,0.3889583333333334,0.29631800011555054,0.367816091954023
s0832,rib_right_8,0.1798,0,0.36586042307439043,0.2826381941702657,0.3384615384615385,0.30595833333333333,0.19600242593794268,0.20388349514563106
s0832,rib_right_9,0.0931,0,0.36329378053491185,0.2792119991760063,0.3384615384615385,0.31520833333333337,0.2057795463472452,0.20388349514563106
s0832,scapula_left,0.9643,1,0.8360358885381045,0.898038883797302,0.8807339449541285,0.8785,0.9136360229966709,0.9134615384615384
s0832,scapula_right,0.9661,1,0.8968368227234962,0.9293934527776486,0.946524064171123,0.8527142857142858,0.8992624402763676,0.8633879781420765
s0832,spinal_cord,0.9591,1,0.7957352197690425,0.8709410658596368,0.8615384615384616,0.7767619047619047,0.8440782171326822,0.7966101694915254
s0832,spleen,0.9755,1,0.8275411087798283,0.8927827630979196,0.8807339449541285,0.864833333333333,0.9062652607872405,0.890625
s0832,sternum,0.9569,1,0.730633745414786,0.8144364033508347,0.7415730337078649,0.7522708333333336,0.8216564785133624,0.7614678899082569
s0832,stomach,0.9527,1,0.6094922084286665,0.6634185139307809,0.5681818181818181,0.6353749999999999,0.6808807576902164,0.6222222222222222
s0832,superior_vena_cava,0.9314,1,0.6569478449340393,0.7295151837396231,0.6666666666666666,0.7049166666666669,0.7713185945349544,0.7422680412371134
s0832,trachea,0.9483,1,0.45954455517355425,0.42254732563292324,0.4909090909090909,0.5292916666666666,0.5148049051622702,0.4968944099378882
s0832,vertebrae_T10,0.9753,1,0.94216392509722,0.9466947499551397,0.9680851063829787,0.9362500000000001,0.9392982132671813,0.9664351851851852
s0832,vertebrae_T11,0.9765,1,0.8922750254258918,0.9273894805736995,0.946524064171123,0.9054583333333334,0.9266537781601659,0.9594594594594594
s0832,vertebrae_T12,0.9819,1,0.8758828549903083,0.9197489087700331,0.946524064171123,0.9202678571428572,0.933012555567221,0.9664351851851852
s0832,vertebrae_T5,0.9189,1,0.3079693331917174,0.21182307726502234,0.16793893129770993,0.3085297619047619,0.19868464343342052,0.20388349514563106
s0832,vertebrae_T6,0.9512,1,0.4475642792768054,0.40335779113740705,0.4909090909090909,0.44401488095238095,0.376992764371266,0.45588235294117646
s0832,vertebrae_T7,0.9526,1,0.9094128940491791,0.9346561299469811,0.9562841530054644,0.9018333333333337,0.92501469607981,0.9328859060402684
s0832,vertebrae_T8,0.9823,1,0.9019111856471898,0.9315624721576352,0.9562841530054644,0.9168750000000003,0.9316025438390204,0.9664351851851852
s0832,vertebrae_T9,0.9791,1,0.9570521094824319,0.9514469375756365,0.9712230215827338,0.9474583333333335,0.94337266491922,0.9664351851851852
s0824,adrenal_gland_left,0.3438,0,0.11529435407003857,0.06400637468555408,0.05,0.10879166666666666,0.054141624600043355,0.0
s0824,adrenal_gland_right,0.7103,0,0.10027803045149294,0.05814680735066992,0.05,0.06974999999999999,0.04190813612230199,0.0
s0824,aorta,0.9802,1,0.9849627320448526,0.9622871328763264,0.9916317991631799,0.9720833333333333,0.956356744170071,0.9732739420935412
s0824,atrial_appendage_left,0.8976,0,0.34225453307392817,0.24284240376769176,0.3105263157894737,0.5108809523809523,0.47743262161272043,0.4810126582278481
s0824,autochthon_left,0.9595,1,0.9050016736788098,0.936720474089045,0.9565217391304348,0.9177083333333335,0.9377585001056715,0.9323671497584541
s0824,autochthon_right,0.9545,1,0.8982217345506734,0.9339280826821389,0.9109461966604824,0.8980075757575758,0.929349772519015,0.9323671497584541
s0824,brachiocephalic_trunk,0.9463,1,0.5844945972461096,0.6253585399528518,0.5596330275229359,0.5780208333333335,0.5919961214067221,0.5966850828729282
s0824,brachiocephalic_vein_left,0.9377,1,0.5515744841502555,0.5715526634894119,0.5596330275229359,0.6579166666666666,0.7155835242547866,0.6328125
s0824,brachiocephalic_vein_right,0.8756,0,0.5350705729744745,0.5438388268743982,0.5416666666666666,0.581,0.5969440750521334,0.5966850828729282
s0824,clavicula_left,0.9726,1,0.9191040858119424,0.9421794952894165,0.9655172413793104,0.9320833333333333,0.9432944166944677,0.94
s0824,clavicula_right,0.9728,1,0.8977583339207414,0.9337331018977378,0.9109461966604824,0.923375,0.9399985991402839,0.9323671497584541
s0824,common_carotid_artery_left,0.9238,1,0.5823182197734247,0.6218800648058667,0.5596330275229359,0.6088214285714285,0.6420841316051255,0.5966850828729282
s0824,common_carotid_artery_right,0.8542,0,0.274601369230829,0.16828406315319241,0.19402985074626866,0.23070833333333338,0.11706156990214965,0.16901408450704225
s0824,costal_cartilages,0.8696,0,0.11012107093952979,0.06192807220471798,0.05,0.14566666666666667,0.06872494133635187,0.07142857142857142
s0824,esophagus,0.8898,0,0.7051171456441457,0.7914561786332017,0.703125,0.7723333333333335,0.846955863951727,0.8255813953488372
s0824,heart,0.9257,1,0.8303720897062391,0.8990432450570276,0.9109461966604824,0.8832083333333333,0.9223551963634914,0.92
s0824,humerus_left,0.9744,1,0.8799123462357517,0.9258058547187594,0.9109461966604824,0.7982083333333333,0.8686626640609082,0.8372093023255814
s0824,humerus_right,0.9741,1,0.8770884956386792,0.924474179100729,0.9109461966604824,0.8296666666666664,0.891476774752774,0.8705035971223022
s0824,iliopsoas_right,0.0,0,0.01759441356508603,0.033963803704501146,0.0,0.025720238095238095,0.031285874740918054,0.0
s0824,inferior_vena_cava,0.8595,0,0.5661777130979608,0.5957116364448165,0.5596330275229359,0.6020238095238095,0.6312515635535069,0.5966850828729282
s0824,liver,0.9856,1,0.9018980869202191,0.9354561515636852,0.9109461966604824,0.8977083333333333,0.9292142902371724,0.9323671497584541
s0824,lung_lower_lobe_left,0.9751,1,0.9224275465249698,0.9434000957486054,0.9655172413793104,0.9239166666666666,0.9402087299986049,0.9343757945588586
s0824,lung_lower_lobe_right,0.9875,1,0.9736262776284782,0.9593835138749532,0.9901960784313726,0.9633750000000001,0.9537829321639483,0.9732739420935412
s0824,lung_middle_lobe_right,0.9774,1,0.9617870629484109,0.9561230993696735,0.9842105263157894,0.9574583333333332,0.9519524799091594,0.9732739420935412
s0824,lung_upper_lobe_left,0.9861,1,0.9559366358896701,0.9544211245480434,0.9842105263157894,0.9120833333333335,0.9354578466130119,0.9323671497584541
s0824,lung_upper_lobe_right,0.991,1,0.9607447017528227,0.9558243653979241,0.9842105263157894,0.9564583333333334,0.9516363824281154,0.9732739420935412
s0824,portal_vein_and_splenic_vein,0.7997,0,0.19159767222967836,0.10311852923352886,0.1509433962264151,0.2055416666666666,0.10029609392439695,0.07142857142857142
s0824,pulmonary_vein,0.9173,1,0.326445914781145,0.22360049566099013,0.3105263157894737,0.34449404761904767,0.2250215945022849,0.25581395348837205
s0824,rib_left_1,0.9425,1,0.8614376744518062,0.9166882235039892,0.9109461966604824,0.8791249999999998,0.9203164199468207,0.92
s0824,rib_left_10,0.9755,1,0.8112792208009093,0.8866155808282771,0.8819444444444444,0.8758750000000001,0.9186588962141454,0.92
s0824,rib_left_11,0.969,1,0.6984324268148856,0.7838434251637666,0.703125,0.7124166666666666,0.7855203737370102,0.7126436781609196
s0824,rib_left_12,0.9636,1,0.6916623321376059,0.7759303532647895,0.6891891891891891,0.7143750000000003,0.7877846839884513,0.7126436781609196
s0824,rib_left_2,0.9451,1,0.5191273963276949,0.5168044037844112,0.5217391304347826,0.6012916666666667,0.6300766732435176,0.5966850828729282
s0824,rib_left_3,0.9476,1,0.7867251719917725,0.8686903744018237,0.8709677419354839,0.8982083333333332,0.9294405313634105,0.9323671497584541
s0824,rib_left_4,0.965,1,0.9627708065678671,0.9564032652641689,0.9842105263157894,0.9506666666666664,0.9497664988453637,0.9732739420935412
s0824,rib_left_5,0.954,1,0.936296458359619,0.9482366842046238,0.9664429530201343,0.9572499999999999,0.9518867884526466,0.9732739420935412
s0824,rib_left_6,0.9645,1,0.9060209505768553,0.937130639844859,0.9565217391304348,0.9362500000000001,0.9448104995768177,0.94
s0824,rib_left_7,0.9703,1,0.9068860813005799,0.9374768285271491,0.9565217391304348,0.893625,0.9273414303470697,0.92
s0824,rib_left_8,0.9689,1,0.8258460877328585,0.8962113298855034,0.9109461966604824,0.8483333333333334,0.9033066566223609,0.8928571428571429
s0824,rib_left_9,0.9703,1,0.8870463866284605,0.9290744400795766,0.9109461966604824,0.9457916666666665,0.9481396918366464,0.9732739420935412
s0824,rib_right_1,0.9407,1,0.7768559977919487,0.8608329332167621,0.8235294117647058,0.8230833333333334,0.8870102952642421,0.8705035971223022
s0824,rib_right_10,0.963,1,0.7981863797672207,0.8773394136010674,0.8819444444444444,0.8230238095238096,0.8869691888757529,0.8705035971223022
s0824,rib_right_11,0.9512,1,0.7308863111494242,0.8189423791603401,0.7928994082840237,0.6822500000000001,0.7484384077573273,0.6785714285714286
s0824,rib_right_12,0.9485,1,0.6718799038465384,0.7516438810273584,0.6891891891891891,0.6424107142857145,0.6933508330978613,0.6328125
s0824,rib_right_2,0.9372,1,0.6685837903837097,0.7474304021349187,0.6891891891891891,0.8055833333333337,0.8743516135667098,0.8705035971223022
s0824,rib_right_3,0.9341,1,0.9019416142421325,0.9354740450237709,0.9109461966604824,0.9175416666666666,0.9376914467898485,0.9323671497584541
s0824,rib_right_4,0.9546,1,0.9104268844410671,0.9388752424293921,0.9565217391304348,0.9482916666666665,0.9489800795007416,0.9732739420935412
s0824,rib_right_5,0.9478,1,0.9498358836700089,0.9525794603968499,0.9664429530201343,0.9514583333333332,0.9500260779147024,0.9732739420935412
s0824,rib_right_6,0.955,1,0.8722644512766441,0.9221483902406672,0.9109461966604824,0.8817083333333333,0.9216118695193155,0.92
s0824,rib_right_7,0.9445,1,0.9075570288608128,0.9377440875262547,0.9565217391304348,0.9112499999999999,0.9351103468685935,0.9323671497584541
s0824,rib_right_8,0.97,1,0.7900563671398085,0.8712562543874094,0.8819444444444444,0.8406250000000002,0.8985678073812187,0.8928571428571429
s0824,rib_right_9,0.9567,1,0.835498377428437,0.9021677259262357,0.9109461966604824,0.8994166666666666,0.929984524589146,0.9323671497584541
s0824,scapula_left,0.9579,1,0.9111329434502785,0.9391505764817719,0.9565217391304348,0.9633571428571428,0.9537775087806577,0.9732739420935412
s0824,scapula_right,0.9543,1,0.9018177836189267,0.9354231279003776,0.9109461966604824,0.9204196428571428,0.9388398916719812,0.9323671497584541
s0824,spinal_cord,0.9531,1,0.9000282535594332,0.9346831149624121,0.9109461966604824,0.9019196428571429,0.9310990492309397,0.9323671497584541
s0824,spleen,0.9685,1,0.9646330095987836,0.9569289437393437,0.9842105263157894,0.9654166666666666,0.954399028425247,0.9732739420935412
s0824,sternum,0.9395,1,0.8501814891287285,0.9106444684542759,0.9109461966604824,0.8569761904761906,0.9083840387315414,0.8928571428571429
s0824,stomach,0.9665,1,0.8745552306012907,0.9232608968141894,0.9109461966604824,0.8388472222222221,0.8974460315650209,0.8928571428571429
s0824,subclavian_artery_left,0.9246,1,0.48644299073664354,0.46124814405930076,0.5116279069767442,0.5665952380952383,0.5728546758320522,0.5966850828729282
s0824,subclavian_artery_right,0.9354,1,0.5439278909607177,0.5587572473590873,0.5596330275229359,0.578125,0.5921694480692992,0.5966850828729282
s0824,superior_vena_cava,0.931,1,0.591357200357359,0.6362410403286424,0.5596330275229359,0.6265000000000001,0.6695645721212764,0.5966850828729282
s0824,thyroid_gland,0.3415,0,0.07630668935439126,0.049825943670404264,0.0,0.11172023809523811,0.05518419396053432,0.0
s0824,trachea,0.9653,1,0.8350205525112883,0.9018801737558455,0.9109461966604824,0.7877619047619049,0.8602317355988996,0.8367346938775511
s0824,vertebrae_C5,0.9478,1,0.22942296192441275,0.12948991738856255,0.19402985074626866,0.21210119047619044,0.10444830335956941,0.11877302710840398
s0824,vertebrae_C6,0.9315,1,0.47952747460146034,0.44956966588153674,0.5116279069767442,0.5124166666666667,0.48007288108443824,0.4810126582278481
s0824,vertebrae_C7,0.9342,1,0.782687326574552,0.8655221291138296,0.8709677419354839,0.7824761904761905,0.8557956899215265,0.8255813953488372
s0824,vertebrae_L1,0.9771,1,0.825478439194032,0.8959782342567786,0.9109461966604824,0.8324761904761903,0.8933352454066691,0.8705035971223022
s0824,vertebrae_T1,0.9705,1,0.9450063489620569,0.9510716181967808,0.9664429530201343,0.9676666666666667,0.955068931215619,0.9732739420935412
s0824,vertebrae_T10,0.9805,1,0.9273637126979619,0.9451683568021537,0.9655172413793104,0.9454910714285716,0.9480377682385297,0.9732739420935412
s0824,vertebrae_T11,0.9813,1,0.8762945545141362,0.9240958363685333,0.9109461966604824,0.9219910714285714,0.9394585828336329,0.9323671497584541
s0824,vertebrae_T12,0.9831,1,0.8610056791764055,0.9164632923898812,0.9109461966604824,0.8986607142857145,0.9296446497550069,0.9323671497584541
s0824,vertebrae_T2,0.9777,1,0.9754889048737461,0.959874876149721,0.9901960784313726,0.9785416666666665,0.9581766099433892,0.9922480620155039
s0824,vertebrae_T3,0.9725,1,0.955995664973005,0.954438606926004,0.9842105263157894,0.9820833333333335,0.9591435622595252,0.9922480620155039
s0824,vertebrae_T4,0.965,1,0.957021401961442,0.9547413770914843,0.9842105263157894,0.9608452380952383,0.9530085576600963,0.9732739420935412
s0824,vertebrae_T5,0.9669,1,0.9450208625101072,0.9510762169324932,0.9664429530201343,0.9558035714285714,0.9514283455558288,0.9732739420935412
s0824,vertebrae_T6,0.9481,1,0.9700738985724432,0.9584303761399915,0.9901960784313726,0.9601785714285715,0.9528024423513906,0.9732739420935412
s0824,vertebrae_T7,0.9599,1,0.9572826188218874,0.9548181746069482,0.9842105263157894,0.9718452380952383,0.9562882276891489,0.9732739420935412
s0824,vertebrae_T8,0.9764,1,0.9642799256360662,0.9568297394356398,0.9842105263157894,0.9785119047619049,0.9581683922777766,0.9922480620155039
s0824,vertebrae_T9,0.9731,1,0.922001229989592,0.9432448881423067,0.9655172413793104,0.9435416666666667,0.9473721699570309,0.9732739420935412
s0808,adrenal_gland_left,0.826,0,0.3904179745762208,0.33721009835989374,0.35365853658536583,0.3593363095238095,0.27060296567000097,0.2605633802816901
s0808,adrenal_gland_right,0.8997,0,0.49653229890462997,0.49709820210308203,0.516209476309227,0.45931249999999985,0.41184018726283506,0.4409448818897638
s0808,aorta,0.9717,1,0.9782998381302964,0.9527392986760794,0.9781818181818182,0.9674166666666666,0.946439451265321,0.9571428571428572
s0808,atrial_appendage_left,0.8268,0,0.3387273542712487,0.26908471861923683,0.32075471698113206,0.4919999999999998,0.46289778688980565,0.5051546391752577
s0808,autochthon_left,0.9495,1,0.9489751313049121,0.9437537427621053,0.9595959595959596,0.9512976190476191,0.9410041973291375,0.9555555555555556
s0808,autochthon_right,0.9526,1,0.9315337940739493,0.9376705447776487,0.9595959595959596,0.9409642857142857,0.9372521541676266,0.9555555555555556
s0808,brachiocephalic_trunk,0.9346,1,0.6220416654372203,0.6843696038984747,0.516209476309227,0.689640873015873,0.7515761235688107,0.7083333333333334
s0808,brachiocephalic_vein_left,0.9446,1,0.6706684182377153,0.7461663854509735,0.7272727272727273,0.7429702380952381,0.8093613942372625,0.8199052132701422
s0808,brachiocephalic_vein_right,0.7735,0,0.5213367138357277,0.5358478042550497,0.516209476309227,0.6431071428571429,0.6924039974827507,0.6407766990291263
s0808,clavicula_left,0.9544,1,0.8921109328112538,0.9215955767036031,0.9304932735426009,0.9033419913419913,0.9216365656737363,0.9236111111111112
s0808,clavicula_right,0.9608,1,0.6276833295842471,0.6919466933695197,0.5666666666666667,0.6951359126984129,0.7580372906041136,0.7083333333333334
s0808,colon,0.7567,0,0.45804250350710424,0.4372068123871495,0.43478260869565216,0.47923809523809524,0.4428100377891702,0.4409448818897638
s0808,common_carotid_artery_left,0.9043,1,0.47227143850593073,0.4592281486227717,0.516209476309227,0.5767559523809522,0.5962388257319889,0.5051546391752577
s0808,common_carotid_artery_right,0.8395,0,0.4458387877578721,0.4185116855519673,0.43478260869565216,0.5772142857142857,0.5969396670044683,0.5051546391752577
s0808,costal_cartilages,0.7828,0,0.06643399057834316,0.06276765662499148,0.0,0.07483333333333334,0.05736930768082703,0.0
s0808,esophagus,0.9197,1,0.7683095080143171,0.8441428953839843,0.84,0.7074166666666665,0.7720591777523522,0.7083333333333334
s0808,heart,0.9337,1,0.9508605030637383,0.9443768527659698,0.9595959595959596,0.9737916666666666,0.9484559231951825,0.9753086419753086
s0808,humerus_left,0.9626,1,0.8965074876117519,0.9235609528571486,0.9304932735426009,0.9122500000000001,0.9256278616642661,0.9298245614035088
s0808,humerus_right,0.9722,1,0.887915098570319,0.9196769181106359,0.9304932735426009,0.9097500000000001,0.9245269841911674,0.9236111111111112
s0808,iliopsoas_right,0.7048,0,0.00613687313655958,0.04390299866918671,0.0,0.009291666666666667,0.038583373995305176,0.0
s0808,inferior_vena_cava,0.9079,1,0.5217203975659035,0.5364450131370785,0.516209476309227,0.5572559523809523,0.5660919364270844,0.5051546391752577
s0808,kidney_left,0.9725,1,0.3886098855014911,0.33468556604728167,0.35365853658536583,0.446922619047619,0.39291324618786566,0.4409448818897638
s0808,kidney_right,0.5611,0,0.5423039586137754,0.5682872832937207,0.516209476309227,0.5110297619047619,0.4930564729042104,0.5051546391752577
s0808,liver,0.9819,1,0.9615965598568562,0.9478029337214524,0.9595959595959596,0.9598333333333333,0.943943873385906,0.9555555555555556
s0808,lung_lower_lobe_left,0.9887,1,0.9899408089733435,0.9559137728923751,0.9781818181818182,0.9954166666666666,0.9547735978974577,0.981203007518797
s0808,lung_lower_lobe_right,0.9884,1,0.9747564267257485,0.9517306288114136,0.9781818181818182,0.9805416666666668,0.9505126494190056,0.981203007518797
s0808,lung_middle_lobe_right,0.9535,1,0.9592250288358046,0.9470637204104293,0.9595959595959596,0.953125,0.9416454575966107,0.9555555555555556
s0808,lung_upper_lobe_left,0.9938,1,0.996007976065526,0.9574866347461305,0.9821428571428571,0.99875,0.9556793465140412,1.0
s0808,lung_upper_lobe_right,0.9773,1,0.992148154212845,0.9564923307580315,0.9821428571428571,0.9950000000000001,0.9546591469116875,0.981203007518797
s0808,pancreas,0.8233,0,0.27040945186676174,0.19358888113512954,0.2714285714285714,0.3229999999999999,0.227509177936233,0.2605633802816901
s0808,portal_vein_and_splenic_vein,0.8057,0,0.3270223824780404,0.25492225536514695,0.32075471698113206,0.35911309523809526,0.27032313674021474,0.2605633802816901
s0808,pulmonary_vein,0.9241,1,0.3601718784159344,0.29628428067553186,0.32075471698113206,0.4755297619047619,0.4370049329861096,0.4409448818897638
s0808,rib_left_1,0.873,0,0.590771102834271,0.6406556877670444,0.516209476309227,0.6560654761904762,0.7096559297720754,0.7066666666666667
s0808,rib_left_10,0.9347,1,0.42179276049372055,0.3823974810538133,0.425531914893617,0.4902083333333335,0.4600688281946867,0.5051546391752577
s0808,rib_left_11,0.8298,0,0.5492247594016555,0.5788812188657263,0.516209476309227,0.5211765873015876,0.5091720497847116,0.5051546391752577
s0808,rib_left_12,0.6954,0,0.6579593840290714,0.7308081727591279,0.7272727272727273,0.6982440476190477,0.7616408598035248,0.7083333333333334
s0808,rib_left_2,0.9376,1,0.806569457494396,0.8731212141542349,0.84,0.8748809523809521,0.9075403203586304,0.9236111111111112
s0808,rib_left_3,0.9295,1,0.8502297092628497,0.900438061728713,0.8942731277533039,0.8842976190476187,0.912439712754093,0.9236111111111112
s0808,rib_left_4,0.9379,1,0.891077288637094,0.9211268440345702,0.9304932735426009,0.9043690476190476,0.9221065550279183,0.9236111111111112
s0808,rib_left_5,0.9617,1,0.7968858471503099,0.8662538934814805,0.84,0.8718333333333333,0.9059026689527319,0.8897338403041825
s0808,rib_left_6,0.9585,1,0.8560705357437471,0.9036676790797123,0.8942731277533039,0.8563988095238096,0.8972041459794389,0.8897338403041825
s0808,rib_left_7,0.9544,1,0.8221289096542356,0.8835231703126073,0.8942731277533039,0.8149583333333331,0.8702583425783252,0.8258064516129032
s0808,rib_left_8,0.9399,1,0.6410885632315529,0.709536965866573,0.7272727272727273,0.6325297619047621,0.6779089234712661,0.6407766990291263
s0808,rib_left_9,0.9421,1,0.6055079888976387,0.6616029843632144,0.516209476309227,0.7569642857142856,0.8227042714643001,0.8199052132701422
s0808,rib_right_1,0.9174,1,0.6218507798582924,0.6841114807969457,0.516209476309227,0.7230595238095237,0.7890756397619134,0.7083333333333334
s0808,rib_right_10,0.9335,1,0.4469081680052128,0.4201413742299058,0.43478260869565216,0.5033333333333334,0.4808405304392137,0.5051546391752577
s0808,rib_right_11,0.9403,1,0.6347187230253207,0.7012524290896005,0.5666666666666667,0.6518125,0.7040569363748137,0.6407766990291263
s0808,rib_right_12,0.9096,1,0.5089293512227063,0.5164897446737489,0.516209476309227,0.48449404761904746,0.45106428279212657,0.4409448818897638
s0808,rib_right_2,0.9507,1,0.8446371332551678,0.8972558210935241,0.8942731277533039,0.8847083333333332,0.9126479695480635,0.9236111111111112
s0808,rib_right_3,0.943,1,0.8336109403909114,0.89071724988855,0.8942731277533039,0.8413690476190476,0.8880570167313316,0.8897338403041825
s0808,rib_right_4,0.9659,1,0.9153217772904276,0.9314703175104112,0.95,0.9320833333333336,0.9338507246004757,0.9523809523809523
s0808,rib_right_5,0.9534,1,0.8938063180983861,0.9223588769344462,0.9304932735426009,0.9161666666666668,0.9273229051851861,0.9523809523809523
s0808,rib_right_6,0.9731,1,0.883599252552091,0.9176587614390386,0.9304932735426009,0.8557738095238098,0.896837330814937,0.8897338403041825
s0808,rib_right_7,0.9617,1,0.8356651741510528,0.8919624748024445,0.8942731277533039,0.7917321428571427,0.8526673423663218,0.8258064516129032
s0808,rib_right_8,0.9556,1,0.6315604686338752,0.6970949373694801,0.5666666666666667,0.6837142857142857,0.7444792296384457,0.7083333333333334
s0808,rib_right_9,0.9518,1,0.5543539499439326,0.5866866328386589,0.516209476309227,0.6420622294372293,0.6909882379860153,0.6407766990291263
s0808,scapula_left,0.9543,1,0.8882663787894833,0.9198391802648583,0.9304932735426009,0.9111666666666669,0.9251526395223812,0.9298245614035088
s0808,scapula_right,0.9587,1,0.8750994398821668,0.9135486828312606,0.9304932735426009,0.9012916666666666,0.9206905528744398,0.9236111111111112
s0808,skull,0.9258,1,0.5529549315564319,0.5845618005133699,0.516209476309227,0.509047619047619,0.4899089934491756,0.5051546391752577
s0808,spinal_cord,0.9411,1,0.9419493292064698,0.9413734867174449,0.9595959595959596,0.9486041666666667,0.9400469664151391,0.9555555555555556
s0808,spleen,0.9835,1,0.9377644138561313,0.9399111204652412,0.9595959595959596,0.9696726190476191,0.9471613988086549,0.9571428571428572
s0808,sternum,0.916,1,0.8684255964673575,0.9101923022237277,0.9304932735426009,0.9167321428571428,0.9275646691518602,0.9523809523809523
s0808,stomach,0.975,1,0.9174849541347317,0.932329513380663,0.95,0.9072559523809524,0.9234138341553483,0.9236111111111112
s0808,subclavian_artery_left,0.8383,0,0.5991074592528947,0.6525770808674114,0.516209476309227,0.584297619047619,0.6077189544035642,0.5051546391752577
s0808,subclavian_artery_right,0.9113,1,0.6362413538678183,0.7032450586733612,0.5666666666666667,0.6681071428571427,0.7251634912213669,0.7066666666666667
s0808,superior_vena_cava,0.896,0,0.7290078825604449,0.8089810078656704,0.7961165048543689,0.7955952380952378,0.855724126751988,0.8258064516129032
s0808,thyroid_gland,0.6038,0,0.06347553085410207,0.06168716033908757,0.0,0.08979166666666666,0.06273027990833456,0.01818181818181818
s0808,trachea,0.9726,1,0.8192258989708372,0.8816403035371174,0.8942731277533039,0.8267767857142857,0.8785034363993437,0.8897338403041825
s0808,vertebrae_C5,0.7805,0,0.29864855883075636,0.22268022766386308,0.2714285714285714,0.3062083333333334,0.20930562878372572,0.2605633802816901
s0808,vertebrae_C6,0.8833,0,0.579249091554299,0.623891214860978,0.516209476309227,0.5924583333333334,0.6200082814857287,0.5051546391752577
s0808,vertebrae_C7,0.9403,1,0.6953147136337254,0.7742601986504544,0.7272727272727273,0.7886250000000001,0.850170016141905,0.8199052132701422
s0808,vertebrae_L1,0.9635,1,0.7085388279771633,0.7883972835961506,0.7961165048543689,0.6880714285714284,0.7497096798163873,0.7083333333333334
s0808,vertebrae_T1,0.9687,1,0.8816022580646363,0.9167094003272355,0.9304932735426009,0.892607142857143,0.9165668514216582,0.9236111111111112
s0808,vertebrae_T10,0.9797,1,0.8633759862253466,0.9075751830356714,0.9166666666666666,0.8595416666666666,0.8990312429948684,0.8897338403041825
s0808,vertebrae_T11,0.8836,0,0.6587917556803558,0.7318318151834384,0.7272727272727273,0.6227142857142856,0.6641438056244331,0.6407766990291263
s0808,vertebrae_T12,0.8704,0,0.6774690313004473,0.7541432069839575,0.7272727272727273,0.6297380952380953,0.674023930722324,0.6407766990291263
s0808,vertebrae_T2,0.9736,1,0.8394961695072394,0.8942514353166632,0.8942731277533039,0.8556071428571427,0.8967393179883535,0.8897338403041825
s0808,vertebrae_T3,0.9718,1,0.7640511871097299,0.840604182199827,0.84,0.8336726190476189,0.8831028060622044,0.8897338403041825
s0808,vertebrae_T4,0.9738,1,0.7831869265205035,0.8560048536681076,0.84,0.7969047619047619,0.856748292724999,0.8258064516129032
s0808,vertebrae_T5,0.9639,1,0.6957432488733128,0.7747286350238,0.7272727272727273,0.7257916666666666,0.7919502535930478,0.7083333333333334
s0808,vertebrae_T6,0.9756,1,0.8060602095238518,0.872767707265006,0.84,0.879,0.9097130143498874,0.9236111111111112
s0808,vertebrae_T7,0.9733,1,0.8380119115064717,0.8933697319597701,0.8942731277533039,0.8893571428571428,0.9149741373442313,0.9236111111111112
s0808,vertebrae_T8,0.9796,1,0.9142843390384222,0.9310546792826446,0.9304932735426009,0.9378154761904763,0.9360652428904631,0.9555555555555556
s0808,vertebrae_T9,0.9778,1,0.8613673789898503,0.9065152460618012,0.9166666666666666,0.8697916666666669,0.9047910761980565,0.8897338403041825
s0794,adrenal_gland_left,0.9421,1,0.6228607214781441,0.684300589916018,0.5596330275229359,0.6443541666666667,0.6961902002275251,0.6328125
s0794,adrenal_gland_right,0.9329,1,0.4762801054435404,0.44410404563328504,0.5116279069767442,0.4736666666666667,0.4141791478415736,0.4810126582278481
s0794,aorta,0.9747,1,0.9644494352033122,0.9568773929243601,0.9842105263157894,0.9720833333333333,0.956356744170071,0.9732739420935412
s0794,atrial_appendage_left,0.9389,1,0.5758413941943017,0.6114550049285136,0.5596330275229359,0.6188750000000001,0.6578402934817424,0.5966850828729282
s0794,autochthon_left,0.9713,1,0.9738141848697579,0.9594333441169581,0.9901960784313726,0.9895833333333333,0.9611210334888884,0.9922480620155039
s0794,autochthon_right,0.974,1,0.9796623517528092,0.9609552352532895,0.9916317991631799,0.9775,0.9578880711629657,0.9922480620155039
s0794,brachiocephalic_trunk,0.9223,1,0.43198951938586333,0.3714233433372094,0.4084507042253521,0.43628571428571417,0.3533723750663053,0.35
s0794,brachiocephalic_vein_left,0.9533,1,0.6603407144225418,0.7366877972485457,0.6666666666666666,0.7330000000000001,0.8084451590530445,0.8181818181818182
s0794,brachiocephalic_vein_right,0.86,0,0.5805103321776465,0.6189809567692379,0.5596330275229359,0.6642916666666666,0.7244370351812232,0.6328125
s0794,clavicula_left,0.985,1,0.9401433541963685,0.9495074492206189,0.9664429530201343,0.94675,0.9484633760391706,0.9732739420935412
s0794,clavicula_right,0.9628,1,0.9020187463505394,0.9355057415885945,0.9109461966604824,0.9371250000000001,0.9451239920308796,0.94
s0794,colon,0.9591,1,0.7571663826775523,0.8439807713781126,0.7928994082840237,0.7240000000000001,0.7986589860873871,0.7126436781609196
s0794,common_carotid_artery_left,0.9403,1,0.3971908507274982,0.31797918559709726,0.3105263157894737,0.46523809523809534,0.4001636391398993,0.4810126582278481
s0794,common_carotid_artery_right,0.8915,0,0.3740636355867509,0.28484437879661767,0.3105263157894737,0.4084166666666667,0.3108283484976287,0.25581395348837205
s0794,costal_cartilages,0.9154,1,0.22318895567232638,0.12477965120634674,0.1509433962264151,0.24170833333333333,0.12512454855306382,0.16901408450704225
s0794,duodenum,0.9034,1,0.3371258945941014,0.23647889831238053,0.3105263157894737,0.48866666666666675,0.43945498859759996,0.4810126582278481
s0794,esophagus,0.9572,1,0.717224874712398,0.8047375951410182,0.7077481556165897,0.7790416666666666,0.8528509408948665,0.8255813953488372
s0794,femur_left,0.9876,1,0.9713964684059769,0.9587877091700087,0.9901960784313726,0.9659821428571429,0.954568279671705,0.9732739420935412
s0794,femur_right,0.9885,1,0.9888495038148861,0.9632359596550197,0.9916317991631799,0.9912499999999999,0.9615478345840255,0.9922480620155039
s0794,gallbladder,0.8927,0,0.6916963874647211,0.7759706688695405,0.6891891891891891,0.7282083333333333,0.8032807885788682,0.7777777777777778
s0794,gluteus_maximus_left,0.9721,1,0.9833883590666214,0.9618961429887356,0.9916317991631799,0.9909166666666667,0.9614628357513251,0.9922480620155039
s0794,gluteus_maximus_right,0.9742,1,0.9671278170263168,0.9576237182394958,0.9842105263157894,0.9760714285714285,0.9574892648066089,0.9922480620155039
s0794,gluteus_medius_left,0.9671,1,0.8438638819990787,0.9070815528681228,0.9109461966604824,0.8681249999999998,0.9145788902528755,0.92
s0794,gluteus_medius_right,0.9686,1,0.9900097199935058,0.9635147105193886,0.9916317991631799,0.9923333333333333,0.9618228395028967,0.9922480620155039
s0794,gluteus_minimus_left,0.9517,1,0.8290445346701878,0.8982197800703002,0.9109461966604824,0.8890535714285716,0.9251905858381934,0.92
s0794,gluteus_minimus_right,0.9563,1,0.8820479531352952,0.9267985877571228,0.9109461966604824,0.884375,0.9229288706421803,0.92
s0794,heart,0.9429,1,0.9730663627862368,0.9592346848885417,0.9901960784313726,0.9847500000000001,0.9598574580949,0.9922480620155039
s0794,hip_left,0.9863,1,0.9888287974258911,0.963230966226945,0.9916317991631799,0.9891904761904762,0.9610197702798248,0.9922480620155039
s0794,hip_right,0.9853,1,0.9950780237858587,0.9647087374196894,0.9916317991631799,0.99725,0.9630473697869546,0.9922480620155039
s0794,humerus_left,0.9825,1,0.873573811584264,0.9227860709780418,0.9109461966604824,0.8231547619047619,0.8870596057104114,0.8705035971223022
s0794,humerus_right,0.976,1,0.9268935527512175,0.9450022011046055,0.9655172413793104,0.9113869047619049,0.9351675553984166,0.9323671497584541
s0794,iliac_artery_left,0.8756,0,0.4918843904040094,0.47046787952332547,0.52,0.55075,0.5459557829951807,0.5294117647058824
s0794,iliac_artery_right,0.9351,1,0.5295600821243486,0.5345158864203383,0.5416666666666666,0.6000000000000001,0.6280001449780088,0.5966850828729282
s0794,iliac_vena_left,0.9466,1,0.6648436024063368,0.742592275549852,0.6891891891891891,0.7245833333333332,0.7993044486176014,0.7126436781609196
s0794,iliac_vena_right,0.9343,1,0.7352832451328903,0.8233395219480151,0.7928994082840237,0.7466071428571428,0.8225446754914619,0.8255813953488372
s0794,iliopsoas_left,0.9627,1,0.9399181876534068,0.949433889676796,0.9664429530201343,0.9443749999999999,0.9476576802468313,0.9732739420935412
s0794,iliopsoas_right,0.967,1,0.8766286952642788,0.9242552785185304,0.9109461966604824,0.8990833333333333,0.9298348460563164,0.9323671497584541
s0794,inferior_vena_cava,0.9541,1,0.7981625473952638,0.8773219482756511,0.8819444444444444,0.8078749999999999,0.8760758959012247,0.8705035971223022
s0794,kidney_left,0.9849,1,0.9165336859914119,0.9412185703890786,0.9565217391304348,0.9538690476190478,0.9508087196439902,0.9732739420935412
s0794,kidney_right,0.9832,1,0.9094575466992001,0.9384953430070565,0.9565217391304348,0.9501666666666668,0.9496018967367992,0.9732739420935412
s0794,liver,0.9896,1,0.9589388107508435,0.955302211808037,0.9842105263157894,0.9434166666666666,0.947329216752637,0.9732739420935412
s0794,lung_lower_lobe_left,0.9932,1,0.9922436462208084,0.9640457115843882,0.9916317991631799,0.98875,0.9609059318287709,0.9922480620155039
s0794,lung_lower_lobe_right,0.9906,1,1.0,0.9658322061632316,1.0,0.9925,0.9618649799674585,0.9922480620155039
s0794,lung_middle_lobe_right,0.9802,1,0.9698813507349004,0.9583781068611384,0.9901960784313726,0.9715416666666669,0.9562007202955971,0.9732739420935412
s0794,lung_upper_lobe_left,0.9949,1,0.9881540968342645,0.9630679021166126,0.9916317991631799,0.9880416666666667,0.9607221982114234,0.9922480620155039
s0794,lung_upper_lobe_right,0.9894,1,0.990798493553415,0.9637030570931685,0.9916317991631799,0.9859166666666667,0.9601660154835508,0.9922480620155039
s0794,pancreas,0.9602,1,0.5194980076998824,0.5174345762294676,0.5217391304347826,0.657827380952381,0.715458314896994,0.6328125
s0794,portal_vein_and_splenic_vein,0.8984,0,0.2762125006986614,0.16982518911358688,0.19402985074626866,0.3012083333333333,0.1772849032383078,0.25581395348837205
s0794,pulmonary_vein,0.9464,1,0.5186791510012777,0.5160421545006901,0.5217391304347826,0.6054166666666666,0.6366756961055982,0.5966850828729282
s0794,rib_left_1,0.948,1,0.9385589451836241,0.9489876804050281,0.9664429530201343,0.9457083333333334,0.948111454738745,0.9732739420935412
s0794,rib_left_10,0.972,1,0.969544180509808,0.9582864267405199,0.9901960784313726,0.9732499999999998,0.9566909958349374,0.9732739420935412
s0794,rib_left_11,0.9647,1,0.9494438997270344,0.95245874273407,0.9664429530201343,0.955,0.9511718668959557,0.9732739420935412
s0794,rib_left_12,0.9061,1,0.7949498057644547,0.8749478747507674,0.8819444444444444,0.79625,0.8671157469958931,0.8367346938775511
s0794,rib_left_2,0.964,1,0.9903184031657356,0.9635885308799639,0.9916317991631799,0.9770833333333333,0.9577721235749088,0.9922480620155039
s0794,rib_left_3,0.9648,1,0.956468381666954,0.9545783791503162,0.9842105263157894,0.9679166666666665,0.9551427833839896,0.9732739420935412
s0794,rib_left_4,0.961,1,0.9731519871230305,0.9592574781650138,0.9901960784313726,0.9599583333333332,0.952734162058978,0.9732739420935412
s0794,rib_left_5,0.9804,1,0.9649238059442066,0.9570104838676117,0.9842105263157894,0.9783333333333334,0.9581190538479314,0.9922480620155039
s0794,rib_left_6,0.9715,1,0.8845095353261874,0.9279276641817656,0.9109461966604824,0.9387500000000002,0.9457017466850088,0.94
s0794,rib_left_7,0.9807,1,0.9768341464482385,0.960226204133767,0.9916317991631799,0.9628988095238096,0.9536381012013583,0.9732739420935412
s0794,rib_left_8,0.9704,1,0.9716184706750357,0.9588474010951287,0.9901960784313726,0.9879166666666666,0.9606896887722854,0.9922480620155039
s0794,rib_left_9,0.9676,1,0.990560418055789,0.9636463072546444,0.9916317991631799,0.99125,0.9615478345840255,0.9922480620155039
s0794,rib_right_1,0.9265,1,0.8881815010252828,0.9295820883864874,0.9109461966604824,0.9141011904761904,0.9362921271907345,0.9323671497584541
s0794,rib_right_10,0.9738,1,0.9679716337470361,0.9578562778853389,0.9856807995758272,0.9695416666666666,0.9556200096161758,0.9732739420935412
s0794,rib_right_11,0.9578,1,0.7141365022526345,0.801411851091311,0.703125,0.8621666666666666,0.911316876250308,0.8928571428571429
s0794,rib_right_12,0.952,1,0.8926153764428923,0.9315329900044036,0.9109461966604824,0.9127916666666666,0.9357518583896258,0.9323671497584541
s0794,rib_right_2,0.9474,1,0.975432281109408,0.9598600230567459,0.9901960784313726,0.968125,0.955204238470969,0.9732739420935412
s0794,rib_right_3,0.9501,1,0.9467698964690078,0.9516274201277587,0.9664429530201343,0.9643333333333333,0.9540731004106243,0.9732739420935412
s0794,rib_right_4,0.9417,1,0.9684402914451922,0.9579849145178628,0.9901960784313726,0.9866666666666666,0.9603631719956561,0.9922480620155039
s0794,rib_right_5,0.9453,1,0.9203855808872149,0.942653046920845,0.9655172413793104,0.9747499999999998,0.95711715772585,0.9922480620155039
s0794,rib_right_6,0.9558,1,0.9203281693523157,0.9426319097586502,0.9655172413793104,0.9583035714285715,0.9522181268093224,0.9732739420935412
s0794,rib_right_7,0.9713,1,0.9389857867964483,0.9491282028992754,0.9664429530201343,0.9549404761904761,0.9511528174506858,0.9732739420935412
s0794,rib_right_8,0.975,1,0.9443371267413592,0.9508591238184734,0.9664429530201343,0.9442083333333333,0.9476006955041545,0.9732739420935412
s0794,rib_right_9,0.965,1,0.9673231159634512,0.9576776523445482,0.9842105263157894,0.9702321428571429,0.9558213181632191,0.9732739420935412
s0794,sacrum,0.9637,1,0.8288671339102639,0.8981092906915217,0.9109461966604824,0.9007499999999999,0.9305802904475716,0.9323671497584541
s0794,scapula_left,0.9701,1,0.9960026719366928,0.9649224744421506,1.0,0.99875,0.9634133767430761,0.9922480620155039
s0794,scapula_right,0.9731,1,0.9894716854105758,0.9633856973243925,0.9916317991631799,0.9944166666666666,0.962346395310466,0.9922480620155039
s0794,small_bowel,0.9574,1,0.8715000199968777,0.9217738733598901,0.9109461966604824,0.917041666666667,0.9374898820191846,0.9323671497584541
s0794,spinal_cord,0.9469,1,0.8292480451089108,0.8983464003196718,0.9109461966604824,0.8389166666666665,0.8974900564148258,0.8928571428571429
s0794,spleen,0.9815,1,0.9053213480163409,0.9368493816252259,0.9565217391304348,0.9356666666666666,0.9446005685775215,0.94
s0794,sternum,0.9286,1,0.947304291092345,0.9517946542105796,0.9664429530201343,0.9716666666666667,0.9562367729776493,0.9732739420935412
s0794,stomach,0.9777,1,0.9131886920470333,0.9399456424631858,0.9565217391304348,0.9154166666666668,0.9368305864067583,0.9323671497584541
s0794,subclavian_artery_left,0.9441,1,0.5517575110819437,0.5718578322391639,0.5596330275229359,0.6214464285714285,0.6618166189259783,0.5966850828729282
s0794,subclavian_artery_right,0.9264,1,0.5096368891688778,0.5006545217769717,0.52,0.5581845238095237,0.5586199070982042,0.5294117647058824
s0794,superior_vena_cava,0.9218,1,0.64875193168613,0.721097256118565,0.6666666666666666,0.7249226190476189,0.7996791573061656,0.7126436781609196
s0794,thyroid_gland,0.9417,1,0.5310299062403142,0.537005244453646,0.5416666666666666,0.543794642857143,0.5340534704393866,0.5294117647058824
s0794,trachea,0.9784,1,0.7894394426684118,0.8707843093673016,0.8709677419354839,0.77875,0.8525985884868128,0.8255813953488372
s0794,urinary_bladder,0.9549,1,0.7878057296893158,0.8695274046593725,0.8709677419354839,0.8399583333333333,0.898148422724949,0.8928571428571429
s0794,vertebrae_C6,0.9492,1,0.2827729545036828,0.17621658737861415,0.2,0.3205119047619047,0.1975208618755656,0.25581395348837205
s0794,vertebrae_C7,0.9813,1,0.9566026880593427,0.9546180161253927,0.9842105263157894,0.9530773809523808,0.9505529942538574,0.9732739420935412
s0794,vertebrae_L1,0.9905,1,0.9918886812279025,0.9639618368459312,0.9916317991631799,0.9913690476190475,0.9615781476706741,0.9922480620155039
s0794,vertebrae_L2,0.9906,1,0.9874922408441962,0.9629072667728203,0.9916317991631799,0.9958333333333335,0.9626984653144502,0.9922480620155039
s0794,vertebrae_L3,0.9889,1,0.9893763330363724,0.963362787419438,0.9916317991631799,0.9970833333333334,0.9630064856511176,0.9922480620155039
s0794,vertebrae_L4,0.9888,1,0.995,0.9646906445356741,0.9916317991631799,0.9878571428571428,0.960674199018163,0.9922480620155039
s0794,vertebrae_L5,0.9899,1,0.9834888780890977,0.9619212224510055,0.9916317991631799,0.98725,0.9605158688150988,0.9922480620155039
s0794,vertebrae_S1,0.9625,1,0.9837278365801262,0.9619807788889062,0.9916317991631799,0.9708988095238097,0.9560148584226511,0.9732739420935412
s0794,vertebrae_T1,0.9844,1,0.9785836482967007,0.9606787008411578,0.9916317991631799,0.9793333333333334,0.9583946339425621,0.9922480620155039
s0794,vertebrae_T10,0.9856,1,0.9918660769708256,0.9639564893078886,0.9916317991631799,0.9907440476190476,0.9614187476426768,0.9922480620155039
s0794,vertebrae_T11,0.9855,1,0.9294858076120667,0.945912442737912,0.9655172413793104,0.955827380952381,0.951435925389542,0.9732739420935412
s0794,vertebrae_T12,0.9887,1,0.977433274136185,0.9603817236379181,0.9916317991631799,0.9749107142857143,0.9571625796463075,0.9922480620155039
s0794,vertebrae_T2,0.9826,1,0.9889570167248042,0.9632618763371009,0.9916317991631799,0.9890773809523811,0.9609905718707658,0.9922480620155039
s0794,vertebrae_T3,0.9788,1,0.9808801472253122,0.961265184850408,0.9916317991631799,0.986702380952381,0.9603725370286126,0.9922480620155039
s0794,vertebrae_T4,0.9794,1,0.9734361246303461,0.9593330284211544,0.9901960784313726,0.9882440476190476,0.9607747778767899,0.9922480620155039
s0794,vertebrae_T5,0.9823,1,0.9776451416309438,0.9604365798106272,0.9916317991631799,0.9910416666666667,0.9614947314288684,0.9922480620155039
s0794,vertebrae_T6,0.9844,1,0.9720767392848505,0.9589703586624834,0.9901960784313726,0.9840000000000001,0.9596578917916788,0.9922480620155039
s0794,vertebrae_T7,0.9835,1,0.986341509291719,0.9626263786376108,0.9916317991631799,0.985,0.9599237697424494,0.9922480620155039
s0794,vertebrae_T8,0.9853,1,0.9858633617433277,0.962509064787349,0.9916317991631799,0.9964583333333334,0.9628527824229797,0.9922480620155039
s0794,vertebrae_T9,0.989,1,0.9786753758753277,0.9607022888417415,0.9916317991631799,0.9867440476190477,0.9603834602192056,0.9922480620155039
s0792,brain,0.9788,1,0.9381394571527677,0.9488492210144656,0.9664429530201343,0.9308244047619048,0.9428286948719276,0.94
s0792,skull,0.935,1,0.772237802857226,0.8570226456914106,0.8,0.7496607142857142,0.8255945776651966,0.8255813953488372
s0792,spinal_cord,0.6205,0,0.2605435539538107,0.1553078284065567,0.19402985074626866,0.24554166666666663,0.12804428086704495,0.16901408450704225
s0792,vertebrae_C1,0.3358,0,0.20714320710194278,0.11332803238724241,0.1509433962264151,0.17258333333333334,0.08158510791462112,0.07142857142857142
s0792,vertebrae_C2,0.541,0,0.41028711463424555,0.3376249471723332,0.3105263157894737,0.40124007936507944,0.3003373366619653,0.25581395348837205
s0760,adrenal_gland_left,0.8954,0,0.6587326103742727,0.7298751859645263,0.6666666666666666,0.6663749999999999,0.7228857817750168,0.6822429906542056
s0760,adrenal_gland_right,0.9254,1,0.6098893900974969,0.6634109790502518,0.5917602996254682,0.6341666666666668,0.6797088763436346,0.6074498567335244
s0760,aorta,0.9784,1,0.8093970686993939,0.8772956778437022,0.8798076923076923,0.8125000000000001,0.869344270149565,0.8426966292134831
s0760,autochthon_left,0.9811,1,0.976045968239283,0.9544958708299731,0.9723756906077348,0.9768333333333333,0.9501784474449888,0.9538866930171278
s0760,autochthon_right,0.978,1,0.9754021113185987,0.9543149154006652,0.9723756906077348,0.9732976190476191,0.9490949005703921,0.9538866930171278
s0760,colon,0.8454,0,0.3125457662303415,0.22410841440519197,0.23300970873786409,0.35523214285714283,0.26212643174599554,0.25
s0760,costal_cartilages,0.878,0,0.31446791468106455,0.2262744569551505,0.23300970873786409,0.35058333333333336,0.2564057124839105,0.25
s0760,duodenum,0.8666,0,0.531690672975101,0.5432615695438758,0.5599999999999999,0.5465416666666666,0.5475913655547084,0.6074498567335244
s0760,esophagus,0.9148,1,0.391057553601194,0.32414033014041177,0.3088235294117647,0.49129166666666657,0.4593171275919289,0.5
s0760,femur_left,0.9856,1,0.9716579651730243,0.9532489782279844,0.9723756906077348,0.9787500000000001,0.9507566547410237,0.9814814814814815
s0760,femur_right,0.9852,1,0.9589211791548397,0.9494432157694835,0.9555921052631579,0.9846666666666667,0.9525016658901708,0.9929078014184397
s0760,gallbladder,0.9296,1,0.5674643931736749,0.5997748714538692,0.5917602996254682,0.63775,0.6846869605320937,0.6428571428571429
s0760,gluteus_maximus_left,0.9788,1,0.9738339986413185,0.9538713282061033,0.9723756906077348,0.9709583333333334,0.948365788844098,0.9538866930171278
s0760,gluteus_maximus_right,0.9795,1,0.9733076533279698,0.9537215191341974,0.9723756906077348,0.985,0.9525982082074423,0.9929078014184397
s0760,gluteus_medius_left,0.967,1,0.9701422881869839,0.9528107823662013,0.9624060150375939,0.9775,0.9503802890464176,0.9538866930171278
s0760,gluteus_medius_right,0.9714,1,0.9759031962046238,0.9544558038636866,0.9723756906077348,0.9730833333333332,0.9490285191491994,0.9538866930171278
s0760,gluteus_minimus_left,0.932,1,0.8224153711700046,0.8860633781553144,0.8798076923076923,0.8228392857142857,0.8766872279535421,0.8648648648648649
s0760,gluteus_minimus_right,0.9552,1,0.7852859404977877,0.8595241186020175,0.8798076923076923,0.8242142857142857,0.8776365819923113,0.8648648648648649
s0760,heart,0.9039,1,0.7219517378205731,0.802547759827638,0.7857142857142857,0.6625238095238096,0.7179151536333629,0.6822429906542056
s0760,hip_left,0.9842,1,0.9495316201008922,0.946451677563006,0.9555921052631579,0.9626666666666667,0.9457011618026262,0.9538866930171278
s0760,hip_right,0.9877,1,0.9138845028576661,0.9335103659621731,0.9555921052631579,0.9495416666666666,0.9412169616414066,0.9538866930171278
s0760,iliac_artery_left,0.8847,0,0.2723731414305939,0.18222566017111025,0.23300970873786409,0.3159642857142857,0.21643404579486308,0.25
s0760,iliac_artery_right,0.9222,1,0.49341011222317815,0.48156893848016097,0.5454545454545455,0.4990208333333333,0.47163936313290516,0.6074498567335244
s0760,iliac_vena_left,0.9565,1,0.5359259242934918,0.5500403487580029,0.5917602996254682,0.5909047619047617,0.6166178088297513,0.6074498567335244
s0760,iliac_vena_right,0.9496,1,0.5801006299750293,0.6191965038552556,0.5917602996254682,0.5771964285714285,0.5956507744039493,0.6074498567335244
s0760,iliopsoas_left,0.9678,1,0.9634648991519487,0.9508334086591242,0.9624060150375939,0.9444999999999999,0.9394038389466605,0.9538866930171278
s0760,iliopsoas_right,0.9723,1,0.9404514988532968,0.943400504774769,0.9555921052631579,0.9383333333333332,0.9371150173542361,0.9538866930171278
s0760,inferior_vena_cava,0.9499,1,0.8468234835260238,0.9010358748112102,0.8798076923076923,0.8298750000000001,0.881478928482116,0.8718147875984759
s0760,kidney_left,0.982,1,0.9556432582954052,0.9484172826148641,0.9555921052631579,0.95575,0.9433797708701355,0.9538866930171278
s0760,kidney_right,0.9834,1,0.9345479378007749,0.9413298357130353,0.9555921052631579,0.9484166666666666,0.9408168413905638,0.9538866930171278
s0760,liver,0.9801,1,0.9543621783877028,0.9480110000828514,0.9555921052631579,0.9306309523809526,0.9341429309426089,0.9538866930171278
s0760,lung_lower_lobe_left,0.9834,1,0.9729244587466888,0.9536121627366938,0.9723756906077348,0.9678333333333333,0.9473763698644926,0.9538866930171278
s0760,lung_lower_lobe_right,0.9557,1,0.9351430952991748,0.9415417649229573,0.9555921052631579,0.96825,0.9475093197536362,0.9538866930171278
s0760,lung_middle_lobe_right,0.7948,0,0.7163653149766627,0.7967678323161792,0.7631578947368421,0.6581964285714283,0.712265825129592,0.6822429906542056
s0760,lung_upper_lobe_left,0.809,0,0.6531988848928515,0.7227711802858988,0.6170212765957447,0.6309702380952381,0.675233457294761,0.6074498567335244
s0760,pancreas,0.8933,0,0.7414248424905636,0.8217227402360887,0.7927927927927928,0.7913333333333334,0.853152019651637,0.7751479289940828
s0760,portal_vein_and_splenic_vein,0.8844,0,0.4727965669768618,0.4484607826356444,0.4623655913978496,0.4752797619047619,0.4339644051819843,0.5
s0760,rib_left_10,0.9789,1,0.8916418090275978,0.9240190470366682,0.9347826086956522,0.8825416666666669,0.9124555070382134,0.9172413793103448
s0760,rib_left_11,0.9724,1,0.8354462624807824,0.8942877746293866,0.8798076923076923,0.8493750000000003,0.8939239155656419,0.8811475409836066
s0760,rib_left_12,0.9438,1,0.7731165820006938,0.8497633790812398,0.8421052631578947,0.7563095238095238,0.822752938541883,0.7751479289940828
s0760,rib_left_6,0.0,0,0.3269376496603046,0.24068423479079287,0.2698412698412698,0.22912499999999994,0.13669388206712152,0.17777777777777778
s0760,rib_left_7,0.7794,0,0.642115565108497,0.7082018900204846,0.6170212765957447,0.6822023809523808,0.7427366887510186,0.6822429906542056
s0760,rib_left_8,0.9765,1,0.7482798000841023,0.8281164100762717,0.7927927927927928,0.735315476190476,0.802276539852857,0.77
s0760,rib_left_9,0.9802,1,0.7992247069564635,0.8700462311045515,0.8798076923076923,0.7974166666666668,0.8579688182122985,0.8426966292134831
s0760,rib_right_10,0.9665,1,0.8334343562633206,0.893053046582852,0.8798076923076923,0.8612500000000002,0.9009261413970365,0.8811475409836066
s0760,rib_right_11,0.9612,1,0.8310234686539344,0.8915567545160012,0.8798076923076923,0.8365000000000004,0.8858427490501677,0.8811475409836066
s0760,rib_right_12,0.9709,1,0.814065351111295,0.8805045646196425,0.8798076923076923,0.8032678571428572,0.8624767118442523,0.8426966292134831
s0760,rib_right_6,0.8664,0,0.2623456687423752,0.17277254056223468,0.23300970873786409,0.19042261904761904,0.10997214231308913,0.09090909090909091
s0760,rib_right_7,0.9627,1,0.7711429371321284,0.8481287698556356,0.8421052631578947,0.7695357142857143,0.8347762698952375,0.7751479289940828
s0760,rib_right_8,0.982,1,0.7753779585135325,0.8516184586911154,0.8798076923076923,0.7857916666666668,0.848647132783298,0.7751479289940828
s0760,rib_right_9,0.9742,1,0.8497905891642481,0.902731583577688,0.8798076923076923,0.9161666666666666,0.9282062965739781,0.9538866930171278
s0760,sacrum,0.9645,1,0.9317004887841391,0.9403058865260758,0.9555921052631579,0.9454583333333333,0.9397524626839016,0.9538866930171278
s0760,small_bowel,0.8462,0,0.5214007993604384,0.5267300347194543,0.5454545454545455,0.5579583333333334,0.565643933332749,0.6074498567335244
s0760,spinal_cord,0.9481,1,0.914060629238428,0.9335809359064865,0.9555921052631579,0.9260416666666665,0.9323105149324669,0.9538866930171278
s0760,spleen,0.9792,1,0.8230777466341129,0.8864945510536528,0.8798076923076923,0.884125,0.9132625750702723,0.9172413793103448
s0760,stomach,0.9268,1,0.9170264855301038,0.9347588836718381,0.9555921052631579,0.925,0.9318880618010322,0.9538866930171278
s0760,urinary_bladder,0.9673,1,0.9373029893213629,0.9423048630056811,0.9555921052631579,0.9316666666666668,0.9345500478587507,0.9538866930171278
s0760,vertebrae_L1,0.9896,1,0.9176686645401285,0.9350113657137792,0.9555921052631579,0.9319583333333334,0.9346642727009998,0.9538866930171278
s0760,vertebrae_L2,0.992,1,0.9410797674817835,0.9436167812074756,0.9555921052631579,0.9444583333333333,0.9393886386619696,0.9538866930171278
s0760,vertebrae_L3,0.9896,1,0.9205953403680434,0.9361505554965424,0.9555921052631579,0.9456666666666667,0.9398280016713482,0.9538866930171278
s0760,vertebrae_L4,0.9898,1,0.9262669412769493,0.9383053879728199,0.9555921052631579,0.9382083333333333,0.9370677983867435,0.9538866930171278
s0760,vertebrae_L5,0.9884,1,0.9551432989621627,0.9482590836255494,0.9555921052631579,0.9865416666666667,0.9530422957533459,0.9929078014184397
s0760,vertebrae_S1,0.9463,1,0.9543803578815557,0.9480167866395942,0.9555921052631579,0.954172619047619,0.9428374500071818,0.9538866930171278
s0760,vertebrae_T10,0.9878,1,0.9078126230440314,0.9310345250747871,0.9555921052631579,0.9119821428571427,0.9263987873102502,0.9276315789473685
s0760,vertebrae_T11,0.9876,1,0.8930962992857567,0.9246759531165966,0.9347826086956522,0.8817559523809523,0.9120524916489753,0.9172413793103448
s0760,vertebrae_T12,0.9893,1,0.9164968536374366,0.9345499648964932,0.9555921052631579,0.9089642857142857,0.9250693175247239,0.9276315789473685
s0760,vertebrae_T9,0.98,1,0.5396162826247928,0.5559319709599638,0.5917602996254682,0.5396964285714284,0.5367038601555624,0.6074498567335244
