subject,organ,iou,fam,raw_lo,raw_hi,cqr_lo,cqr_hi,mondrian_lo,mondrian_hi,q50
s0324,adrenal_gland_left,0.7025,urinary,0.7707567707997162,0.9028693536468685,0.7427518874438395,0.9308742370027452,0.7329335290644596,0.940692595382125,0.8440901958260101
s0324,adrenal_gland_right,0.77,urinary,0.6421846389818358,0.9000299535210488,0.6141797556259591,0.9280348368769255,0.6043613972465792,0.9378531952563053,0.7428805564730538
s0324,aorta,0.8888,great_vessel,0.8966106257120896,0.9569341742093661,0.8686057423562129,0.9849390575652428,0.8575828960214854,0.9959619038999703,0.9214416277654828
s0324,autochthon_left,0.976,muscle,0.957483648166307,0.9768728790348378,0.9294787648104303,1.0,0.9321364071224169,1.0,0.9641989405835162
s0324,autochthon_right,0.9755,muscle,0.9571187087809782,0.9743379328225875,0.9291138254251015,1.0,0.931771467737088,0.9996851738664777,0.9556352888592423
s0324,colon,0.7919,digestive,0.7810626890484177,0.9159162648172415,0.753057805692541,0.9439211481731182,0.6407402304766636,1.0,0.8196162288846518
s0324,costal_cartilages,0.8752,costal_cartilage,0.806183007949098,0.9132026395510108,0.7781781245932213,0.9412075229068875,0.7655669370804715,0.9538187104196373,0.8452032065775817
s0324,duodenum,0.643,digestive,0.8611166254010996,0.9454206639206698,0.8331117420452229,0.9734255472765465,0.7207941668293455,1.0,0.8701985824410453
s0324,esophagus,0.8962,digestive,0.8133314436557503,0.9244823614576934,0.7853265602998736,0.95248724481357,0.6730089850839962,1.0,0.8892689628874333
s0324,femur_left,0.9773,pelvic_bone,0.9761783846909233,0.9830900065335175,0.9481735013350466,1.0,0.9720171952652262,0.9872511959592146,0.9690065032682237
s0324,femur_right,0.9805,pelvic_bone,0.9701342979861801,0.982573339925692,0.9421294146303034,1.0,0.965973108560483,0.9867345293513891,0.9660382074227865
s0324,gallbladder,0.7665,solid_abdominal,0.7493735759191402,0.938759342878084,0.7213686925632635,0.9667642262339607,0.718863628134897,0.9692692906623273,0.8771942124401007
s0324,gluteus_maximus_left,0.9728,muscle,0.9458431935583523,0.9772464380685373,0.9178383102024756,1.0,0.9204959525144621,1.0,0.9510584505429681
s0324,gluteus_maximus_right,0.9721,muscle,0.9591271108870919,0.9719216030965057,0.9311222275312152,0.9999264864523824,0.9337798698432017,0.9972688441403958,0.9565164863789241
s0324,gluteus_medius_left,0.9571,muscle,0.8460186700302178,0.9651572769749155,0.8180137866743411,0.9931621603307922,0.8206714289863276,0.9905045180188057,0.9281212608203828
s0324,gluteus_medius_right,0.9662,muscle,0.9248883886876585,0.9629561063092513,0.8968835053317818,0.990960989665128,0.8995411476437684,0.9883033473531415,0.9336445263788776
s0324,gluteus_minimus_left,0.928,muscle,0.9140957369723783,0.9549519909488796,0.8860908536165016,0.9829568743047563,0.8887484959284881,0.9802992319927698,0.9026819038010592
s0324,gluteus_minimus_right,0.9403,muscle,0.8651190992507056,0.9538585866310455,0.8371142158948289,0.9818634699869222,0.8397718582068154,0.9792058276749357,0.9040759116890749
s0324,heart,0.8806,heart,0.9010572742970101,0.9539155682123317,0.8730523909411334,0.9819204515682084,0.8892214881644732,0.9657513543448686,0.9293906824845339
s0324,hip_left,0.978,pelvic_bone,0.9390894009499264,0.9799753598760629,0.9110845175940497,1.0,0.9349282115242293,0.98413654930176,0.9751287490791143
s0324,hip_right,0.9809,pelvic_bone,0.951159836121832,0.9809671219594565,0.9231549527659553,1.0,0.9469986466961349,0.9851283113851536,0.9757595052548536
s0324,iliac_artery_left,0.708,great_vessel,0.9012378571740344,0.9326214709416918,0.8732329738181577,0.9606263542975685,0.8622101274834302,0.971649200632296,0.8725891289484667
s0324,iliac_artery_right,0.739,great_vessel,0.8624987333803794,0.9352104334865412,0.8344938500245027,0.9632153168424179,0.8234710036897752,0.9742381631771454,0.8784413849666792
s0324,iliac_vena_left,0.8329,great_vessel,0.7344543690029204,0.906801157697153,0.7064494856470437,0.9348060410530297,0.6954266393123162,0.9458288873877572,0.7477883701558307
s0324,iliac_vena_right,0.8246,great_vessel,0.9045593267075294,0.939402786522871,0.8765544433516527,0.9674076698787477,0.8655315970169252,0.9784305162134752,0.8926814446230134
s0324,iliopsoas_left,0.9613,muscle,0.9559310773569558,0.9634607556678263,0.9279261940010791,0.991465639023703,0.9305838363130656,0.9888079967117165,0.9409028162126333
s0324,iliopsoas_right,0.9512,muscle,0.9469399908828516,0.9642253942246267,0.9189351075269749,0.9922302775805034,0.9215927498389614,0.9895726352685169,0.9507068689613426
s0324,inferior_vena_cava,0.797,great_vessel,0.7746082515197477,0.9270240440543814,0.746603368163871,0.9550289274102581,0.7355805218291435,0.9660517737449856,0.8342318648211843
s0324,kidney_left,0.8631,urinary,0.7943083880844533,0.946663393889388,0.7663035047285766,0.9746682772452647,0.7564851463491967,0.9844866356246446,0.8827554994538712
s0324,kidney_right,0.8243,urinary,0.9224184903165458,0.9553162577525157,0.8944136069606691,0.9833211411083924,0.8845952485812892,0.9931394994877722,0.9051261035244165
s0324,liver,0.9716,solid_abdominal,0.9735157104503216,0.9836744399531082,0.9455108270944449,1.0,0.9430057626660784,1.0,0.9701225597058936
s0324,lung_lower_lobe_left,0.9913,lung,0.969915311318846,0.98552792290913,0.9419104279629693,1.0,0.9638349465527308,0.9916082876752452,0.9748236455555014
s0324,lung_lower_lobe_right,0.9929,lung,0.9639836301342303,0.9903060194556065,0.9359787467783536,1.0,0.9579032653681151,0.9963863842217217,0.978914021239964
s0324,lung_middle_lobe_right,0.9693,lung,0.8000280554713962,0.9402320957867993,0.7720231721155195,0.968236979142676,0.793947690705281,0.9463124605529145,0.905710880173823
s0324,lung_upper_lobe_left,0.9751,lung,0.7588246604120386,0.9521269638513901,0.7308197770561619,0.9801318472072668,0.7527442956459234,0.9582073286175052,0.897703083393693
s0324,pancreas,0.8818,solid_abdominal,0.8660810575309911,0.9541985799762441,0.8380761741751144,0.9822034633321208,0.8355711097467479,0.9847085277604873,0.9038516273324738
s0324,portal_vein_and_splenic_vein,0.414,great_vessel,0.4472038460577203,0.8853714436038813,0.4191989627018436,0.913376326959758,0.4081761163671161,0.9243991732944855,0.6095979468835796
s0324,rib_left_10,0.9727,rib,0.6694152229678138,0.9686281291651014,0.641410339611937,0.9966330125209781,0.6295559319000777,1.0,0.9447276919400674
s0324,rib_left_11,0.9611,rib,0.5689210018159793,0.9638665874523744,0.5409161184601026,0.9918714708082511,0.5290617107482433,1.0,0.944694437344693
s0324,rib_left_12,0.939,rib,0.7158999557844073,0.9579109042470164,0.6878950724285307,0.9859157876028931,0.6760406647166713,0.9977701953147524,0.8868700997834866
s0324,rib_left_5,0.0,rib,0.7331659043630255,0.9365381747230883,0.7051610210071488,0.964543058078965,0.6933066132952895,0.9763974657908243,0.8478545902098634
s0324,rib_left_6,0.0,rib,0.8305647430305196,0.9638168345839337,0.8025598596746429,0.9918217179398104,0.7907054519627836,1.0,0.9244810156256966
s0324,rib_left_7,0.0487,rib,0.8876006022605589,0.9662669348248104,0.8595957189046822,0.9942718181806871,0.8477413111928229,1.0,0.9541616922305245
s0324,rib_left_8,0.1829,rib,0.7965240174756416,0.9735718974359481,0.7685191341197649,1.0,0.7566647264079056,1.0,0.9437252991112354
s0324,rib_left_9,0.6375,rib,0.6964787736101313,0.9603739566231453,0.6684738902542546,0.988378839979022,0.6566194825423953,1.0,0.9042378272212797
s0324,rib_right_10,0.9744,rib,0.6979048412564238,0.9671054593183622,0.6698999579005471,0.9951103426742389,0.6580455501886878,1.0,0.95061756125364
s0324,rib_right_11,0.972,rib,0.6766455352842085,0.9682590665532165,0.6486406519283318,0.9962639499090932,0.6367862442164725,1.0,0.9494042488405441
s0324,rib_right_12,0.9454,rib,0.6909699517374996,0.9556364246635228,0.662965068381623,0.9836413080193995,0.6511106606697636,0.9954957157312588,0.9264949904411199
s0324,rib_right_5,0.737,rib,0.6451261399045766,0.9060644061185276,0.6171212565486999,0.9340692894744043,0.6052668488368406,0.9459236971862636,0.6957572994760913
s0324,rib_right_6,0.8856,rib,0.7987213708683477,0.9534020900231444,0.770716487512471,0.981406973379021,0.7588620798006117,0.9932613810908804,0.9067961329319955
s0324,rib_right_7,0.982,rib,0.8241493360365949,0.9675646617186133,0.7961444526807182,0.99556954507449,0.7842900449688589,1.0,0.9447695333067831
s0324,rib_right_8,0.9714,rib,0.8164514571079029,0.9735739863590938,0.7884465737520262,1.0,0.7765921660401669,1.0,0.9452484285446431
s0324,rib_right_9,0.9795,rib,0.7111594450558973,0.9663769627042716,0.6831545617000206,0.9943818460601483,0.6713001539881613,1.0,0.9438187476990699
s0324,sacrum,0.9021,pelvic_bone,0.8791306640601044,0.9585280244738562,0.8511257807042277,0.9865329078297329,0.8749694746344073,0.9626892138995533,0.9093381302731316
s0324,small_bowel,0.6747,digestive,0.9180157592544184,0.951912220746459,0.8900108758985417,0.9799171041023357,0.7776933006826643,1.0,0.8802823459194578
s0324,spinal_cord,0.929,neuro,0.8846152852096837,0.9482661124755616,0.856610401853807,0.9762709958314383,0.8752020401386509,0.9576793575465944,0.9164396826439288
s0324,spleen,0.9229,solid_abdominal,0.9547487511506315,0.9776313112242673,0.9267438677947548,1.0,0.9242388033663883,1.0,0.9449953422527209
s0324,sternum,0.766,shoulder_bone,0.0752376207860104,0.8372870396464467,0.0472327374301337,0.8652919230023234,0.042504479020111924,0.8700201814123452,0.6589356570485267
s0324,stomach,0.8861,digestive,0.9249315646002501,0.962607664567407,0.8969266812443734,0.9906125479232837,0.784609106028496,1.0,0.9334347470214766
s0324,urinary_bladder,0.7895,urinary,0.8553148066197378,0.9594552247812063,0.8273099232638611,0.987460108137083,0.8174915648844813,0.9972784665164628,0.9050088362245812
s0324,vertebrae_L1,0.9855,vertebrae,0.8960373685771349,0.982103244394701,0.8680324852212582,1.0,0.8664154453113485,1.0,0.9789346125607914
s0324,vertebrae_L2,0.979,vertebrae,0.8641782414076209,0.9644049414353202,0.8361733580517442,0.9924098247911969,0.8345563181418345,0.9940268647011066,0.9168541179891603
s0324,vertebrae_L3,0.9814,vertebrae,0.9646868656677121,0.9818851223718554,0.9366819823118354,1.0,0.9350649424019257,1.0,0.9819120846694769
s0324,vertebrae_L4,0.9823,vertebrae,0.9267143779727557,0.9815540852965354,0.898709494616879,1.0,0.8970924547069693,1.0,0.9766633292763836
s0324,vertebrae_L5,0.9842,vertebrae,0.9427933345526175,0.9813560917670029,0.9147884511967408,1.0,0.9131714112868311,1.0,0.9777009091796385
s0324,vertebrae_S1,0.8955,vertebrae,0.8912097156494868,0.9796356332984585,0.8632048322936101,1.0,0.8615877923837004,1.0,0.9616824345133177
s0324,vertebrae_T10,0.9843,vertebrae,0.8525170129186574,0.9739135546617734,0.8245121295627807,1.0,0.8228950896528711,1.0,0.9736703813916581
s0324,vertebrae_T11,0.9836,vertebrae,0.881377596511315,0.9769027035987622,0.8533727131554383,1.0,0.8517556732455286,1.0,0.962033052427487
s0324,vertebrae_T12,0.9792,vertebrae,0.9065554261343045,0.9804878608322558,0.8785505427784278,1.0,0.8769335028685181,1.0,0.9568869316872043
s0324,vertebrae_T9,0.9583,vertebrae,0.06447968508060706,0.9085684765299368,0.03647480172473036,0.9365733598858135,0.03485776181482067,0.9381903997957232,0.8242109883243303
s0249,adrenal_gland_left,0.471,urinary,0.1470179468719805,0.8448962933151084,0.13445664852991784,0.8574575916571711,0.09104221253187533,0.9008720276552136,0.5601699740382495
s0249,adrenal_gland_right,0.8251,urinary,0.8278003953353905,0.8981556147184729,0.8152390969933279,0.9107169130605356,0.7718246609952853,0.9541313490585781,0.8093619008522819
s0249,aorta,0.9695,great_vessel,0.931309114693804,0.9658068719615872,0.9187478163517413,0.9783681703036499,0.8931420297934577,1.0,0.9376752386462214
s0249,autochthon_left,0.9217,muscle,0.9018692977061984,0.9645055052172373,0.8893079993641357,0.9770668035593,0.8938826117350033,0.9724921911884324,0.9549527257112659
s0249,autochthon_right,0.9209,muscle,0.9118635145407332,0.9637124384555392,0.8993022161986706,0.9762737367976019,0.9038768285695381,0.9716991244267343,0.9520583226679266
s0249,colon,0.9165,digestive,0.8655937041443872,0.9691042635302929,0.8530324058023245,0.9816655618723555,0.8295887579376233,1.0,0.8876663490913299
s0249,costal_cartilages,0.842,costal_cartilage,0.9048465655817385,0.9190803165615392,0.8922852672396758,0.9316416149036019,0.8699914754340337,0.953935406709244,0.9104746269922506
s0249,esophagus,0.9319,digestive,0.8671363009136767,0.9408338028594811,0.854575002571614,0.9533951012015438,0.8311313547069128,0.976838749066245,0.9028922839455039
s0249,heart,0.925,heart,0.8853687033522889,0.9739185209121024,0.8728074050102262,0.9864798192541651,0.8687635249312794,0.9905236993331119,0.9418225832047077
s0249,iliopsoas_left,0.8084,muscle,0.12696976518609548,0.8743818115584278,0.11440846684403283,0.8869431099004904,0.11898307921490037,0.8823684975296229,0.7936518434415759
s0249,iliopsoas_right,0.6296,muscle,0.12338709641344088,0.8813569920214045,0.11082579807137823,0.8939182903634671,0.11540041044224576,0.8893436779925996,0.8157629897103699
s0249,inferior_vena_cava,0.9113,great_vessel,0.8610678572154988,0.9571309435472433,0.8485065588734362,0.9696922418893059,0.8229007723151526,0.9952980284475895,0.8951526437656565
s0249,kidney_left,0.8654,urinary,0.9281870149566284,0.953270037433187,0.9156257166145657,0.9658313357752496,0.8722112806165232,1.0,0.8951014033822637
s0249,kidney_right,0.6641,urinary,0.9110725264556538,0.9460719315806048,0.8985112281135912,0.9586332299226674,0.8550967921155487,1.0,0.9040621713616338
s0249,liver,0.9731,solid_abdominal,0.9580627282804524,0.9785233675379283,0.9455014299383897,0.991084665879991,0.9459336458078199,0.9906524500105608,0.9700396493876345
s0249,lung_lower_lobe_left,0.9926,lung,0.9853757601241901,0.9931492961504207,0.9728144617821275,1.0,0.9807573320135923,0.9977677242610186,0.9937014309446073
s0249,lung_lower_lobe_right,0.9945,lung,0.9905890887646066,0.9935980635339212,0.978027790422544,1.0,0.9859706606540087,0.9982164916445191,0.9958494297087724
s0249,lung_middle_lobe_right,0.9694,lung,0.8666847080971681,0.9725867335913223,0.8541234097551055,0.985148031933385,0.8620662799865703,0.9772051617019202,0.9537692271657094
s0249,lung_upper_lobe_left,0.9664,lung,0.9275694590644832,0.9805877058453591,0.9150081607224205,0.9931490041874218,0.9229510309538853,0.985206133955957,0.9466768714819219
s0249,lung_upper_lobe_right,0.1842,lung,0.0,0.8838332485907294,0.0,0.8963945469327921,0.0,0.8884516767013273,0.03505680631004962
s0249,pancreas,0.643,solid_abdominal,0.6827331777863341,0.8991452159540608,0.6701718794442715,0.9117065142961235,0.6706040953137017,0.9112742984266933,0.767778213223859
s0249,portal_vein_and_splenic_vein,0.6714,great_vessel,0.7766188364866654,0.8946645458591393,0.7640575381446028,0.907225844201202,0.7384517515863191,0.9328316307594856,0.8166896459850918
s0249,rib_left_10,0.9748,rib,0.6267796500548747,0.9756007973525819,0.614218351712812,0.9881620956946445,0.6132880667454143,0.9890923806620423,0.9726129838053162
s0249,rib_left_11,0.9697,rib,0.6048175520347585,0.9688455887640953,0.5922562536926959,0.981406887106158,0.5913259687252981,0.9823371720735558,0.9641658400085276
s0249,rib_left_12,0.9089,rib,0.5775868444818701,0.9565226636383476,0.5650255461398075,0.9690839619804102,0.5640952611724097,0.970014246947808,0.9332564204578244
s0249,rib_left_7,0.9655,rib,0.8081491445354069,0.9523958521114478,0.7955878461933442,0.9649571504535105,0.7946575612259464,0.9658874354209083,0.8616449276836875
s0249,rib_left_8,0.9719,rib,0.8290140205217652,0.951477860402875,0.8164527221797026,0.9640391587449376,0.8155224372123048,0.9649694437123354,0.9107555575078299
s0249,rib_left_9,0.9663,rib,0.8185355013818003,0.9720031419091961,0.8059742030397377,0.9845644402512588,0.8050439180723399,0.9854947252186566,0.9464580625607969
s0249,rib_right_10,0.9621,rib,0.7371678148172002,0.9762202092773546,0.7246065164751375,0.9887815076194173,0.7236762315077397,0.9897117925868151,0.9781695086456745
s0249,rib_right_11,0.9562,rib,0.6847595862940493,0.9628913043587983,0.6721982879519867,0.975452602700861,0.6712680029845889,0.9763828876682588,0.9646033347807399
s0249,rib_right_12,0.9277,rib,0.6153503513079833,0.9531020342776563,0.6027890529659207,0.9656633326197189,0.6018587679985229,0.9665936175871167,0.9192644263081166
s0249,rib_right_7,0.9426,rib,0.7804167139838698,0.9550924997417691,0.7678554156418071,0.9676537980838318,0.7669251306744094,0.9685840830512296,0.8969919364870544
s0249,rib_right_8,0.9765,rib,0.7858740313059965,0.9576816455585486,0.7733127329639339,0.9702429439006113,0.7723824479965361,0.971173228868009,0.943012277484089
s0249,rib_right_9,0.9681,rib,0.7853489707791215,0.9641340666160079,0.7727876724370588,0.9766953649580705,0.771857387469661,0.9776256499254683,0.9461328224125861
s0249,spinal_cord,0.9388,neuro,0.9091399511381473,0.9451323983288517,0.8965786527960846,0.9576936966709143,0.9034585732490041,0.9508137762179948,0.9234210802360715
s0249,spleen,0.9689,solid_abdominal,0.9368467565271749,0.9680405695346267,0.9242854581851122,0.9806018678766893,0.9247176740545424,0.9801696520072591,0.9415177762067057
s0249,sternum,0.378,shoulder_bone,0.0996418357746771,0.8706780589819455,0.08708053743261444,0.8832393573240082,0.0893856799409337,0.8809342148156889,0.34125716717097443
s0249,stomach,0.9125,digestive,0.954146221411818,0.9706413428658022,0.9415849230697554,0.9832026412078648,0.9181412752050542,1.0,0.9619254566638242
s0249,vertebrae_L1,0.9652,vertebrae,0.9737892649029054,0.977412613056097,0.9612279665608428,0.9899739113981596,0.9645887477685422,0.9866131301904602,0.9636095395551691
s0249,vertebrae_T10,0.9797,vertebrae,0.4176552990960361,0.9481120248010956,0.40509400075397345,0.9606733231431582,0.4084547819616729,0.9573125419354588,0.7419881997535351
s0249,vertebrae_T11,0.9819,vertebrae,0.9316704343896866,0.9791767358019335,0.9191091360476239,0.9917380341439962,0.9224699172553233,0.9883772529362967,0.9737293125946532
s0249,vertebrae_T12,0.9825,vertebrae,0.9552007838442836,0.9753503113796073,0.942639485502221,0.9879116097216699,0.9460002667099204,0.9845508285139705,0.962887872848943
s0216,aorta,0.9505,great_vessel,0.9110975125617358,0.9449539864772338,0.8830926292058591,0.9729588698331105,0.8720697828711316,0.983981716167838,0.9444152883983068
s0216,autochthon_left,0.9731,muscle,0.9508650308473869,0.973912943835824,0.9228601474915102,1.0,0.9255177898034967,0.9992601848797142,0.9659904570302376
s0216,autochthon_right,0.9766,muscle,0.9520567707702249,0.9688005099409522,0.9240518874143482,0.9968053932968289,0.9267095297263347,0.9941477509848424,0.9581721174997717
s0216,colon,0.9024,digestive,0.8508037685641436,0.9304979777327457,0.8227988852082669,0.9585028610886224,0.7104813099923896,1.0,0.8386966950218017
s0216,duodenum,0.7203,digestive,0.6179111232471347,0.9094359837819173,0.589906239891258,0.937440867137794,0.47758866467538064,1.0,0.8552801488592349
s0216,femur_left,0.9872,pelvic_bone,0.8798849479799301,0.9814007071671021,0.8518800646240534,1.0,0.875723758554233,0.9855618965927992,0.9772229564837309
s0216,femur_right,0.9852,pelvic_bone,0.8956681934052546,0.9891498607105186,0.8676633100493779,1.0,0.8915070039795575,0.9933110501362157,0.9754729707905954
s0216,gluteus_maximus_left,0.9757,muscle,0.9682290785337705,0.977781861425575,0.9402241951778938,1.0,0.9428818374898803,1.0,0.9666815764091728
s0216,gluteus_maximus_right,0.9791,muscle,0.9688273094323473,0.9750681213053336,0.9408224260764706,1.0,0.9434800683884571,1.0,0.9652364310710716
s0216,gluteus_medius_left,0.9695,muscle,0.9510279690078645,0.9715610258634699,0.9230230856519878,0.9995659092193466,0.9256807279639743,0.9969082669073601,0.9647580367977
s0216,gluteus_medius_right,0.9634,muscle,0.9439613902043507,0.9642783737642455,0.915956506848474,0.9922832571201222,0.9186141491604605,0.9896256148081357,0.9633066567415379
s0216,gluteus_minimus_left,0.9463,muscle,0.9253132570190407,0.9559198490286884,0.897308373663164,0.9839247323845651,0.8999660159751505,0.9812670900725786,0.9199966368182696
s0216,gluteus_minimus_right,0.9335,muscle,0.924049773624997,0.9549627181939704,0.8960448902691203,0.9829676015498471,0.8987025325811068,0.9803099592378606,0.9172163342045769
s0216,hip_left,0.9832,pelvic_bone,0.9899096133227457,0.9820116007780608,0.961904729966869,1.0,0.9857484238970486,0.9861727902037579,0.9833552586717456
s0216,hip_right,0.9822,pelvic_bone,0.9970899165890283,0.9820131244060494,0.9690850332331516,1.0,0.9929287271633312,0.9861743138317465,0.9829757952903545
s0216,iliac_artery_left,0.9246,great_vessel,0.9033384792706092,0.9576983756424314,0.8753335959147325,0.9857032589983081,0.864310749580005,0.9967261053330356,0.947478810950636
s0216,iliac_artery_right,0.8953,great_vessel,0.8995215536303791,0.9553139844110632,0.8715166702745024,0.9833188677669399,0.8604938239397749,0.9943417141016674,0.9228863309183111
s0216,iliac_vena_left,0.8359,great_vessel,0.907415575582764,0.9401647023454502,0.8794106922268873,0.9681695857013269,0.8683878458921598,0.9791924320360544,0.8918067176686612
s0216,iliac_vena_right,0.8112,great_vessel,0.8898481885506301,0.9335045400066926,0.8618433051947534,0.9615094233625693,0.8508204588600259,0.9725322696972968,0.8995056325534705
s0216,iliopsoas_left,0.9594,muscle,0.9540307343503918,0.9584720378477515,0.9260258509945151,0.9864769212036282,0.9286834933065016,0.9838192788916417,0.9483616418126852
s0216,iliopsoas_right,0.9614,muscle,0.9451560579551943,0.9578665565910789,0.9171511745993176,0.9858714399469556,0.9198088169113041,0.9832137976349691,0.9429582378095093
s0216,inferior_vena_cava,0.5574,great_vessel,0.7994554820346848,0.9251430039896095,0.771450598678808,0.9531478873454862,0.7604277523440806,0.9641707336802137,0.8863246477826152
s0216,kidney_right,0.9682,urinary,0.871589904902909,0.9227015992814248,0.8435850215470323,0.9507064826373015,0.8337666631676525,0.9605248410166813,0.9531223452948814
s0216,liver,0.9868,solid_abdominal,0.9251654101366742,0.963339535666539,0.8971605267807975,0.9913444190224157,0.894655462352431,0.9938494834507822,0.955402988903269
s0216,sacrum,0.9328,pelvic_bone,0.8429181900322522,0.9576701349581427,0.8149133066763755,0.9856750183140194,0.8387570006065551,0.9618313243838398,0.9121248767976777
s0216,small_bowel,0.8901,digestive,0.86065517914643,0.9579911388889436,0.8326502957905533,0.9859960222448203,0.7203327205746759,1.0,0.9022558435916372
s0216,spinal_cord,0.9516,neuro,0.9068776704304641,0.9511607411111876,0.8788727870745874,0.9791656244670643,0.8974644253594313,0.9605739861822205,0.9443264962789761
s0216,stomach,0.0,digestive,0.014561095033858263,0.8027521755508737,0.0,0.8307570589067504,0.0,0.9430746341226278,0.4416807565486496
s0216,urinary_bladder,0.8861,urinary,0.9230549066405217,0.9541389198671786,0.895050023284645,0.9821438032230553,0.8852316649052652,0.9919621616024351,0.9323196954174081
s0216,vertebrae_L2,0.9879,vertebrae,0.6575227341428408,0.959948370508856,0.6295178507869641,0.9879532538647327,0.6279008108770544,0.9895702937746423,0.9680077934580632
s0216,vertebrae_L3,0.9903,vertebrae,0.9683704991622489,0.9878595844259965,0.9403656158063722,1.0,0.9387485758964625,1.0,0.9748361458392439
s0216,vertebrae_L4,0.9908,vertebrae,0.989919629182012,0.9878733446758532,0.9619147458261353,1.0,0.9602977059162257,1.0,0.969975376892985
s0216,vertebrae_L5,0.9785,vertebrae,0.9681701736336481,0.9868495661496036,0.9401652902777714,1.0,0.9385482503678617,1.0,0.9760584268950891
s0216,vertebrae_S1,0.9401,vertebrae,0.957959356042972,0.9870755760534219,0.9299544726870953,1.0,0.9283374327771856,1.0,0.9783456035691978
s0123,adrenal_gland_left,0.9272,urinary,0.4798158448482156,0.9099454741362851,0.46494719624040703,0.9248141227440937,0.46312880246146093,0.9266325165230398,0.8294919078085252
s0123,adrenal_gland_right,0.9051,urinary,0.6339123854830321,0.9046239014900075,0.6190437368752235,0.919492550097816,0.6172253430962774,0.9213109438767622,0.8549563363847086
s0123,aorta,0.9835,great_vessel,0.9520224810986345,0.976257473278787,0.937153832490826,0.9911261218865955,0.9375057774604442,0.9907741769169773,0.9692493111525676
s0123,atrial_appendage_left,0.9125,heart,0.888061995870982,0.9322818479552617,0.8731933472631734,0.9471504965630703,0.8767521867028566,0.9435916571233871,0.8990878560742063
s0123,autochthon_left,0.955,muscle,0.9481694829240531,0.9657132553485241,0.9333008343162446,0.9805819039563327,0.9398124464530816,0.9740702918194957,0.9579949134083037
s0123,autochthon_right,0.9512,muscle,0.9235450427483365,0.9650635482792744,0.9086763941405279,0.979932196887083,0.915188006277365,0.973420584750246,0.9550806437480511
s0123,brachiocephalic_trunk,0.9324,great_vessel,0.8789870708056648,0.9337329178208486,0.8641184221978563,0.9486015664286571,0.8644703671674745,0.9482496214590389,0.9060329939699658
s0123,brachiocephalic_vein_left,0.9148,great_vessel,0.900134208311532,0.9533265939535797,0.8852655597037234,0.9681952425613882,0.8856175046733417,0.96784329759177,0.9463312856543179
s0123,brachiocephalic_vein_right,0.6111,great_vessel,0.7423071469956639,0.929576472835864,0.7274384983878553,0.9444451214436725,0.7277904433574736,0.9440931764740543,0.8796005877018281
s0123,clavicula_left,0.9568,shoulder_bone,0.9441988902073774,0.9601532181840332,0.9293302415995688,0.9750218667918418,0.9337051337958889,0.9706469745955216,0.9700187532313423
s0123,clavicula_right,0.9625,shoulder_bone,0.9314120278962946,0.9597270779907952,0.9165433792884861,0.9745957265986037,0.9209182714848062,0.9702208344022836,0.958963303474087
s0123,colon,0.8929,digestive,0.7717789827541921,0.8946159058224098,0.7569103341463835,0.9094845544302184,0.706637239760889,0.9597576488157129,0.8769491317443716
s0123,common_carotid_artery_left,0.8749,great_vessel,0.9086907324420094,0.9237998162833784,0.8938220838342008,0.9386684648911869,0.894174028803819,0.9383165199215687,0.9000821600070024
s0123,common_carotid_artery_right,0.9192,great_vessel,0.7458137315814566,0.9148136426297154,0.730945082973648,0.929682291237524,0.7312970279432662,0.9293303462679058,0.8798152228819583
s0123,costal_cartilages,0.8923,costal_cartilage,0.8600951689755804,0.895114858133827,0.8452265203677718,0.9099835067416355,0.8436542523732806,0.9115557747361267,0.8678444407787848
s0123,duodenum,0.7075,digestive,0.8229168534895989,0.9369531478160962,0.8080482048817903,0.9518217964239047,0.7577751104962958,1.0,0.8942993657336628
s0123,esophagus,0.9411,digestive,0.856895887934959,0.9397560731434211,0.8420272393271504,0.9546247217512297,0.7917541449416559,1.0,0.9178113398567814
s0123,gallbladder,0.8921,solid_abdominal,0.7569140550496205,0.9369392680805755,0.7420454064418119,0.951807916688384,0.737764232233941,0.9560890908962549,0.9132333905065392
s0123,heart,0.9312,heart,0.9454466267152821,0.9687153441326833,0.9305779781074736,0.9835839927404919,0.9341368175471567,0.9800251533008087,0.9348859773159057
s0123,humerus_left,0.9652,shoulder_bone,0.8396363870300547,0.9612904136139028,0.8247677384222462,0.9761590622217113,0.8291426306185663,0.9717841700253912,0.9388205056968175
s0123,humerus_right,0.9309,shoulder_bone,0.9425926307028075,0.9642707671887986,0.927723982094999,0.9791394157966071,0.9320988742913191,0.974764523600287,0.9438631869963285
s0123,iliopsoas_left,0.7845,muscle,0.039091724167213085,0.8916655245749846,0.02422307555940452,0.9065341731827932,0.03073468769624156,0.9000225610459561,0.39477668821217254
s0123,iliopsoas_right,0.7916,muscle,0.2218708810017467,0.8952425473782647,0.20700223239393814,0.9101111959860733,0.21351384453077518,0.9035995838492362,0.5142952640198554
s0123,inferior_vena_cava,0.9062,great_vessel,0.8656481795435425,0.9474686321918353,0.8507795309357339,0.9623372807996439,0.8511314759053521,0.9619853358300257,0.8949195980241362
s0123,kidney_left,0.9625,urinary,0.7839586272806233,0.9551879491214167,0.7690899786728147,0.9700565977292253,0.7672715848938686,0.9718749915081714,0.9076648554153778
s0123,kidney_right,0.9777,urinary,0.9027023679280985,0.9727446325994572,0.88783371932029,0.9876132812072658,0.8860153255413439,0.9894316749862119,0.9112437005476891
s0123,liver,0.9851,solid_abdominal,0.971758349147964,0.9846778783120466,0.9568897005401554,0.9995465269198551,0.9526085263322845,1.0,0.9888203762840743
s0123,lung_lower_lobe_left,0.987,lung,0.990693607144318,0.9885572922447318,0.9758249585365094,1.0,0.974655434618098,1.0,0.9898394111402725
s0123,lung_lower_lobe_right,0.9903,lung,0.9315689509513099,0.9818421886552928,0.9167003023435013,0.9967108372631014,0.9155307784250899,0.9978803611815128,0.9797169952882546
s0123,lung_middle_lobe_right,0.9603,lung,0.9665737920422877,0.9791227530609115,0.9517051434344791,0.99399140166872,0.9505356195160677,0.9951609255871314,0.9753571683669754
s0123,lung_upper_lobe_left,0.9933,lung,0.9893944517740214,0.990346386373373,0.9745258031662128,1.0,0.9733562792478014,1.0,0.9914860255155872
s0123,lung_upper_lobe_right,0.9861,lung,0.9719814622503571,0.986739330675747,0.9571128136425485,1.0,0.9559432897241371,1.0,0.9911469300775735
s0123,pancreas,0.9157,solid_abdominal,0.8327099188673843,0.9385343003503211,0.8178412702595758,0.9534029489581297,0.8135600960517049,0.9576841231660006,0.9064451582898202
s0123,portal_vein_and_splenic_vein,0.8207,great_vessel,0.8312402169178926,0.8863070645895756,0.8163715683100841,0.9011757131973842,0.8167235132797023,0.900823768227766,0.7858456005521889
s0123,pulmonary_vein,0.8974,great_vessel,0.6677859667748375,0.9136175618035125,0.6529173181670289,0.9284862104113211,0.6532692631366471,0.9281342654417029,0.85528781930434
s0123,rib_left_1,0.9281,rib,0.8601852050509798,0.9411895329035508,0.8453165564431713,0.9560581815113594,0.8419056126646356,0.959469125289895,0.9258189425541905
s0123,rib_left_10,0.9207,rib,0.9590603336842883,0.9656712055004455,0.9441916850764798,0.9805398541082541,0.9407807412979441,0.9839507978867897,0.964132150921169
s0123,rib_left_11,0.967,rib,0.9407756202851933,0.9624282367074134,0.9259069716773848,0.977296885315222,0.9224960278988491,0.9807078290937576,0.9352646074938163
s0123,rib_left_12,0.9223,rib,0.8940822555806738,0.9492334033217018,0.8792136069728652,0.9641020519295104,0.8758026631943295,0.967512995708046,0.8874684840211406
s0123,rib_left_2,0.9697,rib,0.946240947722702,0.955583159772672,0.9313722991148934,0.9704518083804806,0.9279613553363577,0.9738627521590163,0.949790420966008
s0123,rib_left_3,0.9717,rib,0.9545956582663878,0.9652268770705195,0.9397270096585792,0.980095525678328,0.9363160658800436,0.9835064694568637,0.9614189388230471
s0123,rib_left_4,0.9664,rib,0.9464065598170575,0.9660670377749498,0.9315379112092489,0.9809356863827584,0.9281269674307132,0.9843466301612941,0.9622483402408777
s0123,rib_left_5,0.9565,rib,0.9534008399770807,0.9658682195930371,0.9385321913692721,0.9807368682008457,0.9351212475907364,0.9841478119793814,0.9667185254111078
s0123,rib_left_6,0.9575,rib,0.9585820755581321,0.96563061514941,0.9437134269503236,0.9804992637572185,0.9403024831717879,0.9839102075357542,0.9725663956851357
s0123,rib_left_7,0.9745,rib,0.9511135589157004,0.9655840566044758,0.9362449103078918,0.9804527052122843,0.9328339665293561,0.98386364899082,0.9610420039247815
s0123,rib_left_8,0.9653,rib,0.9649354478675063,0.9653324719303091,0.9500667992596977,0.9802011205381177,0.946655855481162,0.9836120643166534,0.9623122079043513
s0123,rib_left_9,0.9407,rib,0.9644181532685948,0.9651582398017428,0.9495495046607862,0.9800268884095513,0.9461385608822506,0.983437832188087,0.9641814123040212
s0123,rib_right_1,0.9337,rib,0.9066783245970135,0.9382260552962874,0.8918096759892049,0.953094703904096,0.8883987322106692,0.9565056476826317,0.9214053177635191
s0123,rib_right_10,0.9755,rib,0.9339222276795399,0.9696769389946274,0.9190535790717314,0.9845455876024359,0.9156426352931957,0.9879565313809716,0.9648542277560237
s0123,rib_right_11,0.9681,rib,0.9505742980602292,0.970199757241773,0.9357056494524206,0.9850684058495816,0.932294705673885,0.9884793496281172,0.947966721260937
s0123,rib_right_12,0.9392,rib,0.8798739130317392,0.9571572182993715,0.8650052644239307,0.9720258669071801,0.861594320645395,0.9754368106857157,0.8878047278923578
s0123,rib_right_2,0.9665,rib,0.9462811306122895,0.9543355937983714,0.9314124820044809,0.96920424240618,0.9280015382259452,0.9726151861847157,0.945231477376188
s0123,rib_right_3,0.9736,rib,0.9503794119119338,0.9629553704286972,0.9355107633041252,0.9778240190365057,0.9320998195255895,0.9812349628150414,0.9521606022534389
s0123,rib_right_4,0.9572,rib,0.9352910822744036,0.9651608947653518,0.920422433666595,0.9800295433731604,0.9170114898880594,0.9834404871516961,0.9602656479930344
s0123,rib_right_5,0.9704,rib,0.9513536383195208,0.966560498188144,0.9364849897117122,0.9814291467959526,0.9330740459331766,0.9848400905744883,0.9575270942770392
s0123,rib_right_6,0.9757,rib,0.9360087994767635,0.962329258720423,0.921140150868955,0.9771979073282315,0.9177292070904193,0.9806088511067672,0.955717122575627
s0123,rib_right_7,0.9705,rib,0.9316689328067126,0.9630988340715482,0.916800284198904,0.9779674826793567,0.9133893404203683,0.9813784264578924,0.9608489932796781
s0123,rib_right_8,0.9819,rib,0.9530988372157133,0.9683674359907137,0.9382301886079047,0.9832360845985223,0.9348192448293691,0.986647028377058,0.9626515508726742
s0123,rib_right_9,0.9734,rib,0.9322818099737616,0.9666457423496309,0.9174131613659531,0.9815143909574394,0.9140022175874174,0.9849253347359751,0.9700370859396851
s0123,scapula_left,0.962,shoulder_bone,0.9421036060518676,0.9750756177549171,0.927234957444059,0.9899442663627257,0.9316098496403792,0.9855693741664056,0.9648607369600906
s0123,scapula_right,0.9522,shoulder_bone,0.946255738789822,0.9735061918050035,0.9313870901820135,0.9883748404128121,0.9357619823783336,0.983999948216492,0.9611216463432977
s0123,skull,0.7665,neuro,0.42013247320364017,0.9294444463133762,0.4052638245958316,0.9443130949211848,0.4123212218990376,0.9372556976179788,0.8975335689896118
s0123,small_bowel,0.8195,digestive,0.8640024424441363,0.9608141379713431,0.8491337938363277,0.9756827865791516,0.7988606994508332,1.0,0.917124577057343
s0123,spinal_cord,0.9338,neuro,0.8838911517399217,0.9483175842761392,0.8690225031321132,0.9631862328839478,0.8760799004353191,0.9561288355807418,0.9395106760028176
s0123,spleen,0.9888,solid_abdominal,0.9668195773265815,0.9854427122258941,0.951950928718773,1.0,0.9476697545109021,1.0,0.980610201499444
s0123,sternum,0.9353,shoulder_bone,0.871487572066311,0.9443230876301559,0.8566189234585024,0.9591917362379645,0.8609938156548226,0.9548168440416444,0.9271523094652032
s0123,stomach,0.9417,digestive,0.9228992959658299,0.9687761023092452,0.9080306473580213,0.9836447509170537,0.8577575529725268,1.0,0.948609747407587
s0123,subclavian_artery_left,0.9115,great_vessel,0.9398186837885536,0.9325683126088617,0.924950035180745,0.9474369612166703,0.9253019801503632,0.9470850162470521,0.9197560501356307
s0123,subclavian_artery_right,0.8747,great_vessel,0.9120878153842151,0.934445442154838,0.8972191667764066,0.9493140907626466,0.8975711117460248,0.9489621457930284,0.9286601164467854
s0123,superior_vena_cava,0.9062,great_vessel,0.8937876201303885,0.9587992159994307,0.8789189715225799,0.9736678646072393,0.8792709164921981,0.9733159196376211,0.9377998190220087
s0123,thyroid_gland,0.8571,airway_neck,0.872349125091664,0.9399360044879851,0.8574804764838554,0.9548046530957937,0.8614754955865587,0.9508096339930904,0.9206921682480529
s0123,trachea,0.9569,airway_neck,0.8108715904340047,0.9624891352346174,0.7960029418261961,0.977357783842426,0.7999979609288994,0.9733627647397227,0.954944897007462
s0123,vertebrae_C6,0.7056,vertebrae,0.7504635822784164,0.9294441658981483,0.7355949336706078,0.9443128145059568,0.7351023602361367,0.9448053879404279,0.8193151494000281
s0123,vertebrae_C7,0.9185,vertebrae,0.8885261814200156,0.9546400323344912,0.873657532812207,0.9695086809422998,0.873164959377736,0.9700012543767709,0.9296017265717884
s0123,vertebrae_L1,0.9387,vertebrae,0.9385524670582698,0.980979956221381,0.9236838184504612,0.9958486048291896,0.9231912450159901,0.9963411782636606,0.9706950510400494
s0123,vertebrae_T1,0.9751,vertebrae,0.9588185132341682,0.9718268478250516,0.9439498646263597,0.9866954964328601,0.9434572911918886,0.9871880698673312,0.9590112628049722
s0123,vertebrae_T10,0.986,vertebrae,0.9466594236604596,0.9819654042542291,0.9317907750526511,0.9968340528620376,0.93129820161818,0.9973266262965087,0.9752237311828673
s0123,vertebrae_T11,0.981,vertebrae,0.9166211107935904,0.9807100572719744,0.9017524621857819,0.9955787058797829,0.9012598887513108,0.996071279314254,0.9773890045617974
s0123,vertebrae_T12,0.9851,vertebrae,0.9330109275581959,0.9809979638840205,0.9181422789503874,0.9958666124918291,0.9176497055159163,0.9963591859263001,0.9777478586232875
s0123,vertebrae_T2,0.9462,vertebrae,0.9309208739754707,0.9746497941374213,0.9160522253676622,0.9895184427452298,0.9155596519331911,0.9900110161797009,0.9599213062190793
s0123,vertebrae_T3,0.9184,vertebrae,0.9219133272441411,0.9746887169297723,0.9070446786363325,0.9895573655375809,0.9065521052018615,0.990049938972052,0.9642484265817548
s0123,vertebrae_T4,0.9454,vertebrae,0.943084991429591,0.9740805995012098,0.9282163428217824,0.9889492481090184,0.9277237693873114,0.9894418215434895,0.9650292040372559
s0123,vertebrae_T5,0.9722,vertebrae,0.9478920832980755,0.9773190947357905,0.9330234346902669,0.992187743343599,0.9325308612557959,0.9926803167780701,0.9625923942004103
s0123,vertebrae_T6,0.9789,vertebrae,0.9450185268200416,0.9772118482267338,0.930149878212233,0.9920804968345424,0.929657304777762,0.9925730702690134,0.9649754930862214
s0123,vertebrae_T7,0.9818,vertebrae,0.9446196621876068,0.9786282834236432,0.9297510135797983,0.9934969320314517,0.9292584401453272,0.9939895054659228,0.9679190499496774
s0123,vertebrae_T8,0.9855,vertebrae,0.9654633990404312,0.9777792446060531,0.9505947504326226,0.9926478932138617,0.9501021769981516,0.9931404666483328,0.9726552799227515
s0123,vertebrae_T9,0.983,vertebrae,0.9286688929566949,0.9817925456987315,0.9138002443488863,0.9966611943065401,0.9133076709144152,0.9971537677410112,0.9754411358742349
s0095,adrenal_gland_left,0.8541,urinary,0.8678587853540389,0.9291516446087623,0.8529901367462304,0.9440202932165709,0.8511717429672843,0.945838686995517,0.8461950856991913
s0095,adrenal_gland_right,0.798,urinary,0.8124335243615941,0.9222002199502972,0.7975648757537855,0.9370688685581058,0.7957464819748394,0.9388872623370519,0.8551811143042489
s0095,aorta,0.9788,great_vessel,0.9678663684092761,0.9758098234671635,0.9529977198014675,0.9906784720749721,0.9533496647710857,0.9903265271053538,0.9719946730488421
s0095,atrial_appendage_left,0.9343,heart,0.8422566370084762,0.9358297314602413,0.8273879884006676,0.9506983800680499,0.8309468278403508,0.9471395406283667,0.9004885671338478
s0095,autochthon_left,0.9535,muscle,0.9624662079687512,0.9665373613358172,0.9475975593609426,0.9814060099436258,0.9541091714977796,0.9748943978067888,0.9504279124279592
s0095,autochthon_right,0.9414,muscle,0.9543175471408911,0.9669415203945555,0.9394488985330826,0.9818101690023641,0.9459605106699196,0.975298556865527,0.9527319079072519
s0095,brachiocephalic_trunk,0.9301,great_vessel,0.7825206164484664,0.9379526793421984,0.7676519678406578,0.952821327950007,0.768003912810276,0.9524693829803887,0.8993636879183353
s0095,brachiocephalic_vein_left,0.9541,great_vessel,0.8482489159228243,0.9304251536596209,0.8333802673150157,0.9452938022674294,0.8337322122846339,0.9449418572978112,0.904843479398622
s0095,brachiocephalic_vein_right,0.891,great_vessel,0.795427751083284,0.9195710156429444,0.7805591024754754,0.934439664250753,0.7809110474450937,0.9340877192811348,0.863867113175103
s0095,clavicula_left,0.9712,shoulder_bone,0.916402131137112,0.9661884915062652,0.9015334825293034,0.9810571401140737,0.9059083747256236,0.9766822479177536,0.9429027508927837
s0095,clavicula_right,0.9638,shoulder_bone,0.9187026582629143,0.9687558099297372,0.9038340096551057,0.9836244585375458,0.9082089018514259,0.9792495663412256,0.9490178784762975
s0095,colon,0.8942,digestive,0.9223518938512535,0.9463907844906823,0.9074832452434449,0.9612594330984908,0.8572101508579504,1.0,0.9372314589952826
s0095,common_carotid_artery_left,0.8212,great_vessel,0.4612759868611947,0.9020606985551108,0.44640733825338613,0.9169293471629194,0.44675928322300434,0.9165774021933012,0.7581038753347263
s0095,common_carotid_artery_right,0.907,great_vessel,0.8928719826610895,0.943927307993218,0.8780033340532809,0.9587959566010266,0.8783552790228991,0.9584440116314084,0.9511484565894466
s0095,costal_cartilages,0.8197,costal_cartilage,0.8029612895923726,0.890117108741149,0.788092640984564,0.9049857573489576,0.7865203729900728,0.9065580253434488,0.8615366634149801
s0095,duodenum,0.7673,digestive,0.8394018035665651,0.9355553540543903,0.8245331549587566,0.9504240026621988,0.774260060573262,1.0,0.8848056597600886
s0095,esophagus,0.9224,digestive,0.8833572780821932,0.9455426018230702,0.8684886294743847,0.9604112504308787,0.8182155350888901,1.0,0.9167944558836237
s0095,femur_left,0.9821,pelvic_bone,0.9743391907602406,0.983021093829946,0.959470542152432,0.9978897424377545,0.9673778403356849,0.9899824442545017,0.9718318816605152
s0095,femur_right,0.9613,pelvic_bone,0.9695803727957627,0.9824743636886989,0.9547117241879541,0.9973430122965075,0.962619022371207,0.9894357141132546,0.9763152923738075
s0095,gallbladder,0.4064,solid_abdominal,0.791080896719667,0.9205253472915048,0.7762122481118584,0.9353939958993134,0.7719310739039875,0.9396751701071843,0.8688571536223129
s0095,gluteus_maximus_left,0.9541,muscle,0.9374277604129118,0.9730722897957765,0.9225591118051032,0.9879409384035851,0.9290707239419402,0.9814293262667481,0.9532733066252498
s0095,gluteus_maximus_right,0.9393,muscle,0.9408569643103417,0.9707327478453212,0.9259883157025331,0.9856013964531297,0.9324999278393702,0.9790897843162927,0.9578237817828398
s0095,gluteus_medius_left,0.9401,muscle,0.9473676524130338,0.9652219348733546,0.9324990038052252,0.9800905834811632,0.9390106159420623,0.9735789713443261,0.9484963588335159
s0095,gluteus_medius_right,0.9194,muscle,0.9387238182684091,0.9642343044193631,0.9238551696606006,0.9791029530271717,0.9303667817974376,0.9725913408903346,0.9324110683914338
s0095,gluteus_minimus_left,0.9399,muscle,0.9005375988358892,0.9525613998451313,0.8856689502280807,0.9674300484529399,0.8921805623649177,0.9609184363161029,0.9409812170424364
s0095,gluteus_minimus_right,0.9348,muscle,0.9199133561146757,0.9549659568272009,0.9050447075068672,0.9698346054350094,0.9115563196437042,0.9633229932981724,0.9447205899002665
s0095,heart,0.9307,heart,0.9330910978666824,0.9671905477204797,0.9182224492588739,0.9820591963282883,0.921781288698557,0.9785003568886051,0.9311856075240527
s0095,hip_left,0.9725,pelvic_bone,0.9684822159799888,0.9783927324155578,0.9536135673721803,0.9932613810233664,0.9615208655554331,0.9853540828401135,0.9723581315105636
s0095,hip_right,0.9753,pelvic_bone,0.9630486890336969,0.9806928720281929,0.9481800404258883,0.9955615206360015,0.9560873386091412,0.9876542224527486,0.9753970351468944
s0095,humerus_left,0.9515,shoulder_bone,0.8109555923180293,0.95813036833841,0.7960869437102207,0.9729990169462186,0.8004618359065409,0.9686241247498985,0.950227053570208
s0095,humerus_right,0.9236,shoulder_bone,0.9099612506401558,0.9518043009332848,0.8950926020323472,0.9666729495410934,0.8994674942286673,0.9622980573447732,0.9327834109851224
s0095,iliac_artery_left,0.9206,great_vessel,0.9386386406674296,0.96788862764988,0.9237699920596211,0.9827572762576886,0.9241219370292393,0.9824053312880704,0.942568660251681
s0095,iliac_artery_right,0.9353,great_vessel,0.9134891568841877,0.9734400948703087,0.8986205082763792,0.9883087434781173,0.8989724532459974,0.987956798508499,0.9382858118720104
s0095,iliac_vena_left,0.9032,great_vessel,0.8909626099874403,0.946945280567745,0.8760939613796317,0.9618139291755535,0.8764459063492499,0.9614619842059353,0.89916811634499
s0095,iliac_vena_right,0.9168,great_vessel,0.891723360825167,0.9468037263620531,0.8768547122173584,0.9616723749698617,0.8772066571869767,0.9613204300002435,0.8965004533320075
s0095,iliopsoas_left,0.9511,muscle,0.9541363716594431,0.9712291687247182,0.9392677230516345,0.9860978173325268,0.9457793351884716,0.9795862051956897,0.9547868189116566
s0095,iliopsoas_right,0.9561,muscle,0.9585448966370179,0.971213571988053,0.9436762480292094,0.9860822205958616,0.9501878601660464,0.9795706084590245,0.9529782456330113
s0095,inferior_vena_cava,0.8333,great_vessel,0.9207699202991284,0.9468796593796912,0.9059012716913198,0.9617483079874998,0.906253216660938,0.9613963630178816,0.9006739746500477
s0095,kidney_left,0.9573,urinary,0.936440725875413,0.9755402004443369,0.9215720772676045,0.9904088490521454,0.9197536834886584,0.9922272428310915,0.9643185306245078
s0095,kidney_right,0.9761,urinary,0.9464674256229906,0.9790432231730064,0.931598777015182,0.993911871780815,0.9297803832362359,0.9957302655597611,0.9647678761106631
s0095,liver,0.9629,solid_abdominal,0.9640843557605637,0.9800775375279248,0.9492157071527552,0.9949461861357334,0.9449345329448843,0.9992273603436043,0.9737536275251909
s0095,lung_lower_lobe_left,0.9711,lung,0.8685255515473791,0.9820002531480762,0.8536569029395705,0.9968689017558847,0.8524873790211591,0.9980384256742961,0.9771068646528254
s0095,lung_lower_lobe_right,0.9792,lung,0.8125948484107403,0.9770166272991644,0.7977261998029317,0.991885275906973,0.7965566758845203,0.9930547998253844,0.9748680254174471
s0095,lung_middle_lobe_right,0.9493,lung,0.934668989376234,0.9808701574022819,0.9198003407684254,0.9957388060100905,0.918630816850014,0.9969083299285019,0.9576008091954454
s0095,lung_upper_lobe_left,0.9909,lung,0.9615136290266726,0.9900536054150247,0.946644980418864,1.0,0.9454754565004526,1.0,0.9901498039642372
s0095,lung_upper_lobe_right,0.9851,lung,0.9690914023742361,0.991160701456334,0.9542227537664275,1.0,0.9530532298480161,1.0,0.9838510056086838
s0095,pancreas,0.8742,solid_abdominal,0.815370954866177,0.934908129828053,0.8005023062583684,0.9497767784358616,0.7962211320504975,0.9540579526437325,0.8838872380919391
s0095,portal_vein_and_splenic_vein,0.7387,great_vessel,0.7852830634546092,0.8947410259679397,0.7704144148468006,0.9096096745757483,0.7707663598164188,0.90925772960613,0.8225184382998582
s0095,prostate,0.8151,reproductive,0.8795023503035843,0.9506667714386475,0.8646337016957757,0.9655354200464561,0.8646337016957757,0.9655354200464561,0.8517828087351303
s0095,pulmonary_vein,0.9243,great_vessel,0.6788349278486959,0.953552796294787,0.6639662792408874,0.9684214449025955,0.6643182242105056,0.9680694999329773,0.8868569642925977
s0095,rib_left_1,0.9183,rib,0.8430171397670759,0.9559986445122829,0.8281484911592674,0.9708672931200915,0.8247375473807317,0.9742782368986271,0.9262790576682773
s0095,rib_left_10,0.9372,rib,0.6865121557879316,0.944661335465945,0.671643507180123,0.9595299840737536,0.6682325634015873,0.9629409278522892,0.9385017589547942
s0095,rib_left_11,0.6096,rib,0.4865672042986274,0.9165874074076811,0.4716985556908188,0.9314560560154896,0.46828761191228313,0.9348669997940253,0.539939013343218
s0095,rib_left_12,0.6072,rib,0.5626778325049281,0.9358309987395669,0.5478091838971195,0.9506996473473754,0.5443982401185838,0.9541105911259111,0.896414258795408
s0095,rib_left_2,0.9442,rib,0.9593603370827264,0.9601621393662748,0.9444916884749178,0.9750307879740834,0.9410807446963821,0.9784417317526191,0.9406050105671906
s0095,rib_left_3,0.9248,rib,0.8976772475396193,0.9289378784277146,0.8828085989318107,0.9438065270355231,0.8793976551532751,0.9472174708140588,0.8960656595640567
s0095,rib_left_4,0.9479,rib,0.8455509892712147,0.9315804808605525,0.8306823406634062,0.946449129468361,0.8272713968848705,0.9498600732468967,0.8716901179175471
s0095,rib_left_5,0.9457,rib,0.7725064622158853,0.9089971445104827,0.7576378136080767,0.9238657931182913,0.754226869829541,0.927276736896827,0.8621650062802934
s0095,rib_left_6,0.9432,rib,0.8840705577030674,0.9617185452766819,0.8692019090952589,0.9765871938844904,0.8657909653167232,0.9799981376630261,0.9308961143101454
s0095,rib_left_7,0.9476,rib,0.9596579061073048,0.9689396149138907,0.9447892574994963,0.9838082635216993,0.9413783137209606,0.9872192073002349,0.9663895612151702
s0095,rib_left_8,0.9371,rib,0.3557370058389679,0.8944162493593091,0.3408683572311593,0.9092848979671176,0.33745741345262364,0.9126958417456533,0.657258020118179
s0095,rib_left_9,0.9185,rib,0.6822187260003894,0.9424290235961149,0.6673500773925808,0.9572976722039235,0.6639391336140451,0.9607086159824592,0.8884385113542284
s0095,rib_right_1,0.9274,rib,0.9266416655420847,0.9621117793063197,0.9117730169342761,0.9769804279141283,0.9083620731557405,0.980391371692664,0.9579373780020095
s0095,rib_right_10,0.0034,rib,0.800137892686042,0.947581050783706,0.7852692440782334,0.9624496993915146,0.7818583002996977,0.9658606431700503,0.9238434274303864
s0095,rib_right_11,0.0,rib,0.5222428909457035,0.9208994343003982,0.507374242337895,0.9357680829082068,0.5039632985593593,0.9391790266867425,0.6661104273960301
s0095,rib_right_12,0.0701,rib,0.4296191883591195,0.899963119624803,0.41475053975131093,0.9148317682326116,0.41133959597277525,0.9182427120111473,0.6280851756708359
s0095,rib_right_2,0.925,rib,0.9104887002934682,0.9460874578812531,0.8956200516856596,0.9609561064890617,0.8922091079071239,0.9643670502675974,0.9310785663518328
s0095,rib_right_3,0.8899,rib,0.8354396622104419,0.9203537848472226,0.8205710136026333,0.9352224334550312,0.8171600698240976,0.9386333772335669,0.8828415765742524
s0095,rib_right_4,0.9156,rib,0.7545653677925418,0.8978987162750615,0.7396967191847332,0.91276736488287,0.7362857754061976,0.9161783086614057,0.8475897683427359
s0095,rib_right_5,0.8196,rib,0.6249142821671813,0.8838435955753144,0.6100456335593727,0.898712244183123,0.606634689780837,0.9021231879616587,0.7333099669400746
s0095,rib_right_6,0.6027,rib,0.5040245747407797,0.9178347358216739,0.4891559261329711,0.9327033844294824,0.4857449823544354,0.9361143282080181,0.7405976123138075
s0095,rib_right_7,0.4864,rib,0.4131773860918867,0.9122016759515906,0.39830873748407813,0.9270703245593992,0.39489779370554245,0.9304812683379349,0.5818319260466196
s0095,rib_right_8,0.3713,rib,0.5108164085290344,0.9033634769380016,0.49594775992122586,0.9182321255458101,0.4925368161426902,0.9216430693243458,0.5473742484909042
s0095,rib_right_9,0.1757,rib,0.5543873322273577,0.8965736336350648,0.5395186836195491,0.9114422822428734,0.5361077398410135,0.9148532260214091,0.5305738993993202
s0095,sacrum,0.9076,pelvic_bone,0.8580362156019009,0.9443114221473271,0.8431675669940923,0.9591800707551357,0.8510748651773452,0.9512727725718828,0.8818785069164917
s0095,scapula_left,0.9045,shoulder_bone,0.9475440411201853,0.9659529314079068,0.9326753925123767,0.9808215800157154,0.9370502847086969,0.9764466878193953,0.9327308353961928
s0095,scapula_right,0.8931,shoulder_bone,0.9569551034140021,0.9709311324890834,0.9420864548061936,0.9857997810968919,0.9464613470025137,0.9814248889005718,0.9505764442549017
s0095,skull,0.9564,neuro,0.8846855413973982,0.9500879863465238,0.8698168927895896,0.9649566349543324,0.8768742900927956,0.9578992376511264,0.9500138903255452
s0095,small_bowel,0.9178,digestive,0.8998088530021309,0.9480315786840223,0.8849402043943223,0.9629002272918309,0.8346671100088278,1.0,0.9124544163369422
s0095,spinal_cord,0.9273,neuro,0.9417332019088502,0.9487041142773406,0.9268645533010417,0.9635727628851491,0.9339219506042477,0.9565153655819432,0.9225615145639255
s0095,spleen,0.9133,solid_abdominal,0.9280627478198569,0.9664920837382098,0.9131940992120483,0.9813607323460184,0.9089129250041774,0.9856419065538893,0.9473383709215184
s0095,sternum,0.9208,shoulder_bone,0.9168869570939401,0.9385030214671249,0.9020183084861315,0.9533716700749335,0.9063932006824517,0.9489967778786134,0.9075257559872358
s0095,stomach,0.9483,digestive,0.8730006445584447,0.9525451489223782,0.8581319959506362,0.9674137975301867,0.8078589015651416,1.0,0.9274108337639181
s0095,subclavian_artery_left,0.931,great_vessel,0.9085453837583047,0.9508599414834996,0.8936767351504962,0.9657285900913082,0.8940286801201144,0.96537664512169,0.9364293532085273
s0095,subclavian_artery_right,0.9341,great_vessel,0.8612690152878899,0.94996685802657,0.8464003666800813,0.9648355066343786,0.8467523116496996,0.9644835616647603,0.9510086956135331
s0095,superior_vena_cava,0.9694,great_vessel,0.897037403502143,0.9584560148893774,0.8821687548943344,0.9733246634971859,0.8825206998639527,0.9729727185275677,0.9331507881093994
s0095,thyroid_gland,0.8499,airway_neck,0.6220269747058337,0.9061435902114491,0.6071583260980251,0.9210122388192576,0.6111533452007284,0.9170172197165544,0.888278269937369
s0095,trachea,0.9637,airway_neck,0.8984391819792185,0.9674401383450414,0.8835705333714099,0.98230878695285,0.8875655524741132,0.9783137678501467,0.9241602928947757
s0095,urinary_bladder,0.9487,urinary,0.9161940636313048,0.9641454740401936,0.9013254150234963,0.9790141226480021,0.8995070212445502,0.9808325164269482,0.9354206050547266
s0095,vertebrae_C7,0.8975,vertebrae,0.7807687861246674,0.950675227570602,0.7659001375168588,0.9655438761784105,0.7654075640823877,0.9660364496128816,0.9286982191695864
s0095,vertebrae_L1,0.0825,vertebrae,0.4725648719231212,0.9192434403124259,0.4576962233153126,0.9341120889202345,0.45720364988084156,0.9346046623547055,0.5417850928352533
s0095,vertebrae_L2,0.4368,vertebrae,0.9732116037348697,0.9753709702406383,0.9583429551270611,0.9902396188484469,0.9578503816925901,0.990732192282918,0.9606749906454711
s0095,vertebrae_L3,0.7681,vertebrae,0.9531722370998182,0.975660568571845,0.9383035884920097,0.9905292171796536,0.9378110150575386,0.9910217906141247,0.9674697575847511
s0095,vertebrae_L4,0.9655,vertebrae,0.956321824113975,0.9766507877542012,0.9414531755061665,0.9915194363620098,0.9409606020716954,0.9920120097964809,0.9655356272946186
s0095,vertebrae_L5,0.9576,vertebrae,0.9541467095563446,0.9750006886486339,0.939278060948536,0.9898693372564424,0.938785487514065,0.9903619106909135,0.9630177517394012
s0095,vertebrae_S1,0.8994,vertebrae,0.9602383494755616,0.9777631553114923,0.9453697008677531,0.9926318039193008,0.944877127433282,0.9931243773537719,0.9695106597116581
s0095,vertebrae_T1,0.9399,vertebrae,0.9171157694188292,0.9704841317192975,0.9022471208110207,0.985352780327106,0.9017545473765496,0.9858453537615771,0.9688978805833439
s0095,vertebrae_T10,0.9428,vertebrae,0.9718072676809744,0.9741925296599516,0.9569386190731658,0.9890611782677602,0.9564460456386947,0.9895537517022313,0.9597486641337595
s0095,vertebrae_T11,0.7107,vertebrae,0.953095295280162,0.9766338869782004,0.9382266466723534,0.991502535586009,0.9377340732378824,0.99199510902048,0.9614533621057112
s0095,vertebrae_T12,0.2888,vertebrae,0.9543953312659924,0.977514167648562,0.9395266826581838,0.9923828162563706,0.9390341092237128,0.9928753896908417,0.9629040022588997
s0095,vertebrae_T2,0.9666,vertebrae,0.929954037171637,0.9755230521268767,0.9150853885638285,0.9903917007346853,0.9145928151293574,0.9908842741691564,0.9596331261378002
s0095,vertebrae_T3,0.9567,vertebrae,0.9457744504114126,0.9738533137679877,0.930905801803604,0.9887219623757962,0.930413228369133,0.9892145358102673,0.948082166805336
s0095,vertebrae_T4,0.952,vertebrae,0.8005899985189406,0.9719871957145705,0.7857213499111321,0.986855844322379,0.785228776476661,0.9873484177568501,0.9244140728375929
s0095,vertebrae_T5,0.9181,vertebrae,0.7509552988681424,0.9695387524663651,0.7360866502603338,0.9844074010741737,0.7355940768258628,0.9848999745086447,0.924011136871079
s0095,vertebrae_T6,0.9183,vertebrae,0.7451803056869801,0.9599533466381117,0.7303116570791716,0.9748219952459203,0.7298190836447005,0.9753145686803913,0.9026475476733316
s0095,vertebrae_T7,0.92,vertebrae,0.7157276968057171,0.948999449629725,0.7008590481979086,0.9638680982375336,0.7003664747634375,0.9643606716720047,0.8378871328125088
s0095,vertebrae_T8,0.8588,vertebrae,0.6841622814857461,0.956232572935857,0.6692936328779375,0.9711012215436655,0.6688010594434665,0.9715937949781366,0.7914376399869285
s0095,vertebrae_T9,0.8289,vertebrae,0.7196211273296544,0.9425947497686393,0.7047524787218459,0.9574633983764479,0.7042599052873748,0.957955971810919,0.816853522922775
s0045,adrenal_gland_left,0.8392,urinary,0.7363856501105649,0.9080643031611939,0.7215170015027563,0.9229329517690025,0.7196986077238102,0.9247513455479486,0.8188266236387642
s0045,adrenal_gland_right,0.9416,urinary,0.7723756513123079,0.8991564627744401,0.7575070027044993,0.9140251113822486,0.7556886089255532,0.9158435051611947,0.8330944280762547
s0045,aorta,0.9466,great_vessel,0.9182406057631357,0.9511372701919245,0.9033719571553271,0.9660059187997331,0.9037239021249454,0.9656539738301149,0.9371646649153376
s0045,autochthon_left,0.9792,muscle,0.9460037002035167,0.9761450843759414,0.9311350515957081,0.99101373298375,0.9376466637325451,0.9845021208469129,0.9793576456292651
s0045,autochthon_right,0.9734,muscle,0.9416308730702891,0.9742826910188475,0.9267622244624806,0.989151339626656,0.9332738365993176,0.982639727489819,0.9795715532971502
s0045,colon,0.945,digestive,0.9127913270541328,0.947983818064801,0.8979226784463242,0.9628524666726096,0.8476495840608297,1.0,0.9539915899240864
s0045,costal_cartilages,0.9238,costal_cartilage,0.8521097605313229,0.894076645617099,0.8372411119235144,0.9089452942249076,0.8356688439290232,0.9105175622193987,0.9053421916271779
s0045,duodenum,0.841,digestive,0.8331401184902396,0.9324632483024505,0.818271469882431,0.9473318969102591,0.7679983754969365,0.9976049912957536,0.8921027457351809
s0045,esophagus,0.9496,digestive,0.7793394787764518,0.9271709486220712,0.7644708301686433,0.9420395972298797,0.7141977357831487,0.9923126916153743,0.922433864412739
s0045,femur_left,0.9851,pelvic_bone,0.9703155243004848,0.97967360746144,0.9554468756926763,0.9945422560692486,0.9633541738759291,0.9866349578859958,0.9766749740059999
s0045,femur_right,0.987,pelvic_bone,0.9677173739544035,0.9811565988773573,0.9528487253465949,0.9960252474851659,0.9607560235298478,0.988117949301913,0.9811756925807454
s0045,gallbladder,0.9028,solid_abdominal,0.8022569017924872,0.9173155560480738,0.7873882531846786,0.9321842046558824,0.7831070789768078,0.9364653788637533,0.8646264363717252
s0045,gluteus_maximus_left,0.9745,muscle,0.9345143229813069,0.9715165657682546,0.9196456743734983,0.9863852143760632,0.9261572865103354,0.9798736022392261,0.9598507386682765
s0045,gluteus_maximus_right,0.979,muscle,0.934846372071747,0.9715576830315433,0.9199777234639385,0.9864263316393519,0.9264893356007755,0.9799147195025149,0.96613952168888
s0045,gluteus_medius_left,0.9701,muscle,0.9587524008149487,0.9679070347763649,0.9438837522071402,0.9827756833841734,0.9503953643439772,0.9762640712473364,0.9648977366600782
s0045,gluteus_medius_right,0.9725,muscle,0.9502609673874312,0.9687984560497048,0.9353923187796226,0.9836671046575134,0.9419039309164596,0.9771554925206763,0.9623607327840228
s0045,gluteus_minimus_left,0.9534,muscle,0.8783248498014008,0.945186149191867,0.8634562011935922,0.9600547977996756,0.8699678133304293,0.9535431856628386,0.9328282036191793
s0045,gluteus_minimus_right,0.9571,muscle,0.9165372258593467,0.9486564424918504,0.9016685772515382,0.963525091099659,0.9081801893883752,0.957013478962822,0.9477010506346061
s0045,heart,0.9429,heart,0.9602702848647899,0.9606661013376242,0.9454016362569814,0.9755347499454328,0.9489604756966645,0.9719759105057496,0.9399898362965727
s0045,hip_left,0.9857,pelvic_bone,0.9663191501198586,0.982365380443774,0.95145050151205,0.9972340290515825,0.9593577996953029,0.9893267308683297,0.9802236527920608
s0045,hip_right,0.9845,pelvic_bone,0.9586504019451154,0.9831611731197734,0.9437817533373069,0.9980298217275819,0.9516890515205597,0.9901225235443291,0.9836317936130449
s0045,iliac_artery_left,0.929,great_vessel,0.9276650122833967,0.9745130372455104,0.9127963636755881,0.989381685853319,0.9131483086452064,0.9890297408837008,0.9391345916484246
s0045,iliac_artery_right,0.9243,great_vessel,0.8813283108496859,0.9732308273688718,0.8664596622418773,0.9880994759766804,0.8668116072114955,0.9877475310070621,0.9445124717634175
s0045,iliac_vena_left,0.9158,great_vessel,0.8838211229914008,0.9391339077308234,0.8689524743835922,0.954002556338632,0.8693044193532105,0.9536506113690137,0.9081967850409911
s0045,iliac_vena_right,0.8984,great_vessel,0.7879226953273804,0.9417931100624245,0.7730540467195718,0.9566617586702331,0.77340599168919,0.9563098137006149,0.9057715098989408
s0045,iliopsoas_left,0.9647,muscle,0.9519150858865587,0.9658522143130832,0.9370464372787501,0.9807208629208918,0.9435580494155872,0.9742092507840547,0.9629930741039266
s0045,iliopsoas_right,0.9714,muscle,0.9507482676120017,0.9646386472214248,0.9358796190041931,0.9795072958292333,0.9423912311410302,0.9729956836923963,0.963155851178724
s0045,inferior_vena_cava,0.9256,great_vessel,0.8740170379951937,0.9449154474587045,0.8591483893873851,0.959784096066513,0.8595003343570033,0.9594321510968948,0.9105249052887218
s0045,kidney_left,0.9855,urinary,0.9579817331550515,0.9737886330056482,0.943113084547243,0.9886572816134568,0.9412946907682969,0.9904756753924029,0.9716496445613836
s0045,kidney_right,0.9875,urinary,0.9564320210714243,0.9704359344364342,0.9415633724636158,0.9853045830442427,0.9397449786846697,0.9871229768231888,0.9599197973743671
s0045,liver,0.9862,solid_abdominal,0.9643578313000079,0.9843906017058693,0.9494891826921993,0.9992592503136779,0.9452080084843284,1.0,0.9761970396568378
s0045,lung_lower_lobe_left,0.9908,lung,0.9799143492381076,0.9950005797881074,0.965045700630299,1.0,0.9638761767118876,1.0,0.9927469694419185
s0045,lung_lower_lobe_right,0.9936,lung,0.9739289187620747,0.9920158170730257,0.9590602701542661,1.0,0.9578907462358547,1.0,0.9918188180859718
s0045,lung_middle_lobe_right,0.9906,lung,0.9832075814206256,0.9888930441759739,0.968338932812817,1.0,0.9671694088944056,1.0,1.0
s0045,lung_upper_lobe_left,0.9833,lung,0.9700445405861615,0.9863260137823622,0.955175891978353,1.0,0.9540063680599415,1.0,0.9840474819014983
s0045,lung_upper_lobe_right,0.0,lung,0.0,0.8940372787345734,0.0,0.908905927342382,0.0,0.9100754512607934,0.49689806021533767
s0045,pancreas,0.9262,solid_abdominal,0.868274159777327,0.93465264710563,0.8534055111695185,0.9495212957134386,0.8491243369616476,0.9538024699213095,0.8737306700676969
s0045,portal_vein_and_splenic_vein,0.8164,great_vessel,0.791013401417033,0.9109999086142979,0.7761447528092245,0.9258685572221065,0.7764966977788427,0.9255166122524883,0.8740578684642077
s0045,prostate,0.8925,reproductive,0.8785285412909457,0.9363825045235252,0.8636598926831371,0.9512511531313338,0.8636598926831371,0.9512511531313338,0.8573137008483136
s0045,pulmonary_vein,0.9129,great_vessel,0.8516437208283325,0.9573780536935771,0.8367750722205239,0.9722467023013857,0.8371270171901422,0.9718947573317674,0.9542034349149798
s0045,rib_left_10,0.9672,rib,0.901285516973489,0.9704570939335483,0.8864168683656805,0.9853257425413569,0.8830059245871448,0.9887366863198925,0.973285170376088
s0045,rib_left_11,0.9701,rib,0.9196948049060972,0.9642985466742963,0.9048261562982887,0.9791671952821048,0.901415212519753,0.9825781390606405,0.9686880516734504
s0045,rib_left_12,0.878,rib,0.7765979974478757,0.9427024141022117,0.7617293488400672,0.9575710627100202,0.7583184050615315,0.9609820064885559,0.9482112060378648
s0045,rib_left_5,0.9521,rib,0.3282812366717032,0.9047237294449261,0.31341258806389466,0.9195923780527346,0.310001644285359,0.9230033218312703,0.8198720197398477
s0045,rib_left_6,0.9644,rib,0.5917679564310696,0.9368344954624696,0.576899307823261,0.9517031440702781,0.5734883640447254,0.9551140878488138,0.9304204258604845
s0045,rib_left_7,0.966,rib,0.8165273002063796,0.9450635973846601,0.8016586515985711,0.9599322459924686,0.7982477078200354,0.9633431897710043,0.9521699468134123
s0045,rib_left_8,0.9691,rib,0.8439802184407322,0.9647924784313989,0.8291115698329237,0.9796611270392075,0.825700626054388,0.9830720708177432,0.9716785260917616
s0045,rib_left_9,0.9769,rib,0.9155536974188558,0.9734666760437903,0.9006850488110473,0.9883353246515989,0.8972741050325116,0.9917462684301346,0.9697287906133543
s0045,rib_right_10,0.9721,rib,0.8832879316694668,0.9657421029648174,0.8684192830616583,0.980610751572626,0.8650083392831226,0.9840216953511617,0.9713126889319562
s0045,rib_right_11,0.9692,rib,0.9323521215962082,0.9650893405267267,0.9174834729883996,0.9799579891345352,0.9140725292098639,0.9833689329130709,0.9682691339060904
s0045,rib_right_12,0.9548,rib,0.8808785441777867,0.9528162186334941,0.8660098955699781,0.9676848672413026,0.8625989517914424,0.9710958110198383,0.9432571641398665
s0045,rib_right_5,0.8914,rib,0.4459540135300275,0.9190113154525723,0.43108536492221894,0.9338799640603809,0.42767442114368326,0.9372909078389166,0.8592795067203335
s0045,rib_right_6,0.9733,rib,0.8598930085792862,0.9385836994098439,0.8450243599714776,0.9534523480176524,0.8416134161929419,0.9568632917961881,0.932224210357934
s0045,rib_right_7,0.9669,rib,0.9150252927354835,0.9538940103971205,0.9001566441276749,0.9687626590049291,0.8967457003491393,0.9721736027834648,0.9592902892729842
s0045,rib_right_8,0.9822,rib,0.9394063913029366,0.9706960511236135,0.924537742695128,0.985564699731422,0.9211267989165923,0.9889756435099577,0.965469721613472
s0045,rib_right_9,0.9717,rib,0.9080862996288023,0.9698413865165011,0.8932176510209937,0.9847100351243097,0.889806707242458,0.9881209789028453,0.9631647393308523
s0045,sacrum,0.9501,pelvic_bone,0.8888333322374262,0.9464512344800251,0.8739646836296177,0.9613198830878337,0.8818719818128705,0.9534125849045808,0.9361132787468979
s0045,small_bowel,0.9414,digestive,0.8995633964426122,0.9513309634941305,0.8846947478348036,0.966199612101939,0.8344216534493091,1.0,0.9565854221560127
s0045,spinal_cord,0.9613,neuro,0.9384028456579806,0.95167603776411,0.923534197050172,0.9665446863719186,0.930591594353378,0.9594872890687126,0.9616895534987204
s0045,spleen,0.9878,solid_abdominal,0.9587366248994509,0.9797553034998447,0.9438679762916423,0.9946239521076533,0.9395868020837714,0.9989051263155242,0.984420459706317
s0045,sternum,0.8781,shoulder_bone,0.8172551909079079,0.9231977273898322,0.8023865423000993,0.9380663759976408,0.8067614344964195,0.9336914838013206,0.862992221973346
s0045,stomach,0.9659,digestive,0.9338676992878112,0.9574795588175031,0.9189990506800026,0.9723482074253117,0.8687259562945081,1.0,0.9458757996539483
s0045,urinary_bladder,0.9424,urinary,0.876811326353268,0.9581618925927737,0.8619426777454594,0.9730305412005823,0.8601242839665133,0.9748489349795284,0.935104275210508
s0045,vertebrae_L1,0.9886,vertebrae,0.9685629119674618,0.9803203823478928,0.9536942633596532,0.9951890309557013,0.9532016899251822,0.9956816043901724,0.9810782287581171
s0045,vertebrae_L2,0.9876,vertebrae,0.9696471390340193,0.9804793048601037,0.9547784904262108,0.9953479534679123,0.9542859169917397,0.9958405269023833,0.9807315429507423
s0045,vertebrae_L3,0.9884,vertebrae,0.9513052487383554,0.9790909733356803,0.9364366001305469,0.9939596219434889,0.9359440266960758,0.9944521953779599,0.9792705431297776
s0045,vertebrae_L4,0.9874,vertebrae,0.9716849569717774,0.9827555013280933,0.9568163083639688,0.9976241499359019,0.9563237349294977,0.9981167233703729,0.9781034947956884
s0045,vertebrae_L5,0.9875,vertebrae,0.9549366391181229,0.982672504913231,0.9400679905103143,0.9975411535210396,0.9395754170758432,0.9980337269555106,0.9790655295438323
s0045,vertebrae_S1,0.9503,vertebrae,0.9623930035747944,0.9824965352959356,0.9475243549669858,0.9973651839037442,0.9470317815325148,0.9978577573382152,0.9739866534853299
s0045,vertebrae_T10,0.9839,vertebrae,0.9758579313513885,0.9813636711970742,0.96098928274358,0.9962323198048828,0.9604967093091089,0.9967248932393539,0.9831657771698881
s0045,vertebrae_T11,0.9872,vertebrae,0.9586013695854696,0.9813609321891897,0.943732720977661,0.9962295807969983,0.94324014754319,0.9967221542314694,0.9697662486841157
s0045,vertebrae_T12,0.9904,vertebrae,0.9157883762719968,0.9812095782441452,0.9009197276641883,0.9960782268519538,0.9004271542297172,0.9965708002864249,0.9768861141064936
s0045,vertebrae_T9,0.9574,vertebrae,0.4456920835646081,0.9498468493021871,0.43082343495679953,0.9647154979099957,0.43033086152232847,0.9652080713444667,0.7509737404272371
s0032,adrenal_gland_left,0.7403,urinary,0.28953342189680353,0.8789595069663596,0.2769721235547409,0.8915208053084223,0.23355768755669837,0.9349352413064648,0.6926278098331498
s0032,adrenal_gland_right,0.0633,urinary,0.030098862756833475,0.8190827867197124,0.01753756441477082,0.831644085061775,0.0,0.8750585210598175,0.3632006937019529
s0032,aorta,0.9764,great_vessel,0.85372088517567,0.982435492601889,0.8411595868336074,0.9949967909439517,0.8155538002753238,1.0,0.9618073799524703
s0032,atrial_appendage_left,0.8195,heart,0.30682278807285296,0.8961418371886472,0.2942614897307903,0.9087031355307098,0.29021760965184346,0.9127470156096567,0.8075658906397025
s0032,autochthon_left,0.9495,muscle,0.931374448901907,0.9610942994812713,0.9188131505598444,0.973655597823334,0.9233877629307119,0.9690809854524665,0.9571241810306754
s0032,autochthon_right,0.9413,muscle,0.9178138766249898,0.9623672933291636,0.9052525782829272,0.9749285916712263,0.9098271906537947,0.9703539793003587,0.9543795420299376
s0032,brachiocephalic_trunk,0.923,great_vessel,0.9113902978935315,0.952250875697922,0.8988289995514689,0.9648121740399846,0.8732232129931853,0.9904179605982683,0.9101077495724925
s0032,brachiocephalic_vein_left,0.9006,great_vessel,0.783467166708208,0.9509722393452542,0.7709058683661454,0.9635335376873169,0.7453000818078618,0.9891393242456005,0.9112063563873863
s0032,brachiocephalic_vein_right,0.9043,great_vessel,0.8570776276807249,0.9395861534202251,0.8445163293386623,0.9521474517622878,0.8189105427803787,0.9777532383205714,0.9142220704551371
s0032,clavicula_left,0.965,shoulder_bone,0.8596043346080706,0.9723319217062205,0.847043036266008,0.9848932200482832,0.8493481787743272,0.9825880775399639,0.9591829393080066
s0032,clavicula_right,0.912,shoulder_bone,0.8443265168392196,0.9713303050051871,0.8317652184971569,0.9838916033472498,0.8340703610054762,0.9815864608389305,0.958330843655166
s0032,common_carotid_artery_left,0.921,great_vessel,0.8472188592051666,0.9441566994696167,0.8346575608631039,0.9567179978116793,0.8090517743048203,0.9823237843699629,0.9201618748130308
s0032,common_carotid_artery_right,0.9377,great_vessel,0.7904313782719018,0.9526069114742238,0.7778700799298391,0.9651682098162865,0.7522642933715555,0.9907739963745701,0.9122751605205839
s0032,costal_cartilages,0.7611,costal_cartilage,0.8794705370342736,0.8923989592199872,0.8669092386922109,0.9049602575620499,0.8446154468865688,0.9272540493676921,0.8927269855919991
s0032,esophagus,0.7328,digestive,0.8382907166455286,0.9382538351479476,0.8257294183034659,0.9508151334900102,0.8022857704387647,0.9742587813547114,0.9002329040646098
s0032,heart,0.8778,heart,0.9415106465102213,0.9716737336971087,0.9289493481681587,0.9842350320391714,0.9249054680892118,0.9882789121181182,0.9465869407486804
s0032,humerus_left,0.9549,shoulder_bone,0.9427379101209464,0.9765204568313534,0.9301766117788838,0.989081755173416,0.932481754287203,0.9867766126650968,0.9708294993360685
s0032,humerus_right,0.964,shoulder_bone,0.949763514740968,0.976578498341963,0.9372022163989053,0.9891397966840256,0.9395073589072246,0.9868346541757064,0.9761565835601932
s0032,iliopsoas_left,0.6608,muscle,0.12073110695324304,0.8667638828996066,0.10816980861118039,0.8793251812416693,0.11274442098204793,0.8747505688708017,0.750228429997428
s0032,iliopsoas_right,0.5119,muscle,0.01729176417189886,0.8436059041015237,0.004730465829836206,0.8561672024435864,0.009305078200703743,0.8515925900727188,0.19767251887861945
s0032,inferior_vena_cava,0.689,great_vessel,0.9351642111132518,0.9499417647885781,0.9226029127711891,0.9625030631306407,0.8969971262129055,0.9881088496889243,0.9317476799949581
s0032,kidney_left,0.9636,urinary,0.8847353923522562,0.958261296593014,0.8721740940101935,0.9708225949350766,0.828759658012151,1.0,0.9201935048757129
s0032,kidney_right,0.0,urinary,0.009635090392727542,0.8518539069620051,0.0,0.8644152053040678,0.0,0.9078296413021103,0.31593202717560653
s0032,liver,0.907,solid_abdominal,0.9238154178456222,0.9750855658683231,0.9112541195035595,0.9876468642103857,0.9116863353729897,0.9872146483409555,0.9463135946147498
s0032,lung_lower_lobe_left,0.8157,lung,0.7181777317020033,0.9658950398441946,0.7056164333599406,0.9784563381862572,0.7135593035914054,0.9705134679547924,0.9216161211507838
s0032,lung_lower_lobe_right,0.3701,lung,0.6633012614904772,0.9508178965664281,0.6507399631484145,0.9633791949084908,0.6586828333798793,0.955436324677026,0.8758357017889509
s0032,lung_middle_lobe_right,0.5013,lung,0.8112395530412537,0.9545440350774522,0.7986782546991911,0.9671053334195149,0.8066211249306559,0.9591624631880501,0.869933987222804
s0032,lung_upper_lobe_left,0.9073,lung,0.7779541231006754,0.9567526604760122,0.7653928247586127,0.9693139588180748,0.7733356949900775,0.96137108858661,0.8782716341442215
s0032,lung_upper_lobe_right,0.8549,lung,0.948039066783322,0.9715875329534758,0.9354777684412593,0.9841488312955384,0.9434206386727241,0.9762059610640736,0.9548099290882829
s0032,pancreas,0.8333,solid_abdominal,0.005332397931690615,0.8091369474499231,0.0,0.8216982457919858,0.0,0.8212660299225556,0.25184536197196217
s0032,pulmonary_vein,0.8147,great_vessel,0.5583019648089255,0.9147211931015228,0.5457406664668628,0.9272824914435854,0.5201348799085792,0.952888278001869,0.8286841406488417
s0032,rib_left_1,0.8873,rib,0.9421941484828341,0.9588890694593771,0.9296328501407715,0.9714503678014398,0.9287025651733737,0.9723806527688376,0.923138515286915
s0032,rib_left_10,0.95,rib,0.5658052529237587,0.9648262508036116,0.5532439545816961,0.9773875491456743,0.5523136696142983,0.978317834113072,0.9497537396752502
s0032,rib_left_11,0.963,rib,0.7796192700665607,0.9665635195836325,0.7670579717244981,0.9791248179256952,0.7661276867571003,0.9800551028930929,0.9597305816382826
s0032,rib_left_12,0.9035,rib,0.5565790693897757,0.9444697293345765,0.5440177710477131,0.9570310276766392,0.5430874860803153,0.9579613126440369,0.9069173518161171
s0032,rib_left_2,0.9004,rib,0.4315795928174263,0.9047223215088137,0.41901829447536365,0.9172836198508764,0.4180880095079659,0.9182139048182741,0.7433091619338663
s0032,rib_left_3,0.9456,rib,0.916699574349365,0.9743022620117328,0.9041382760073023,0.9868635603537954,0.9032079910399046,0.9877938453211932,0.9456147641976893
s0032,rib_left_4,0.9698,rib,0.5692295543532407,0.9696144043433366,0.5566682560111781,0.9821757026853992,0.5557379710437803,0.983105987652797,0.9611690022403675
s0032,rib_left_5,0.9746,rib,0.6361049802548691,0.9687606945005983,0.6235436819128064,0.981321992842661,0.6226133969454086,0.9822522778100587,0.9627214333959361
s0032,rib_left_6,0.9673,rib,0.6674586011461683,0.9714328203163586,0.6548973028041056,0.9839941186584212,0.6539670178367079,0.984924403625819,0.9654997017280315
s0032,rib_left_7,0.9595,rib,0.5428375010053473,0.9700123104700339,0.5302762026632847,0.9825736088120965,0.5293459176958869,0.9835038937794943,0.963738854511908
s0032,rib_left_8,0.9558,rib,0.45202984513869426,0.9643069286180771,0.4394685467966316,0.9768682269601398,0.43853826182923383,0.9777985119275375,0.9542009892376399
s0032,rib_left_9,0.9701,rib,0.49918510802482086,0.9665030724230125,0.4866238096827582,0.9790643707650751,0.4856935247153604,0.9799946557324729,0.933963382904894
s0032,rib_right_1,0.8564,rib,0.9034607479115655,0.9629788155538713,0.8908994495695028,0.975540113895934,0.8899691646021051,0.9764703988633318,0.9108462805017086
s0032,rib_right_10,0.9367,rib,0.5074230691512422,0.9631224549668785,0.4948617708091796,0.9756837533089412,0.4939314858417818,0.976614038276339,0.9547852093565349
s0032,rib_right_11,0.904,rib,0.7296076626316361,0.9647790533811967,0.7170463642895735,0.9773403517232594,0.7161160793221757,0.9782706366906572,0.9594454953286485
s0032,rib_right_12,0.9113,rib,0.7330010913076385,0.9524221272973578,0.7204397929655758,0.9649834256394204,0.719509507998178,0.9659137106068182,0.9376262217146578
s0032,rib_right_2,0.9554,rib,0.9506787252551878,0.9712934179242543,0.9381174269131252,0.9838547162663169,0.9371871419457274,0.9847850012337147,0.9537040888803966
s0032,rib_right_3,0.968,rib,0.9547298965610981,0.9708578257458869,0.9421685982190354,0.9834191240879495,0.9412383132516376,0.9843494090553473,0.9601475322219166
s0032,rib_right_4,0.9659,rib,0.5825658082298918,0.9671807202663785,0.5700045098878291,0.9797420186084411,0.5690742249204314,0.9806723035758389,0.9572012431019847
s0032,rib_right_5,0.9625,rib,0.5774820923196798,0.9644215679288966,0.5649207939776172,0.9769828662709592,0.5639905090102194,0.977913151238357,0.9653938531634813
s0032,rib_right_6,0.9674,rib,0.6408960558552944,0.9672509450360175,0.6283347575132318,0.9798122433780801,0.627404472545834,0.9807425283454779,0.9666478320408644
s0032,rib_right_7,0.9704,rib,0.5706103724154081,0.9675940618574261,0.5580490740733455,0.9801553601994888,0.5571187891059477,0.9810856451668866,0.9648392383480237
s0032,rib_right_8,0.972,rib,0.4685563146033874,0.9619046878356218,0.45599501626132477,0.9744659861776844,0.455064731293927,0.9753962711450822,0.9625812951706872
s0032,rib_right_9,0.9722,rib,0.48535918655500404,0.96864575814686,0.4727978882129414,0.9812070564889227,0.4718676032455436,0.9821373414563205,0.9570067362541742
s0032,scapula_left,0.9437,shoulder_bone,0.9273723115253218,0.9687046857704623,0.9148110131832592,0.981265984112525,0.9171161556915784,0.9789608416042057,0.9547992372301904
s0032,scapula_right,0.9294,shoulder_bone,0.9527046709717267,0.9669988284870032,0.9401433726296641,0.9795601268290659,0.9424485151379833,0.9772549843207466,0.9594752955259318
s0032,skull,0.9697,neuro,0.6017693696954769,0.9587225979890239,0.5892080713534142,0.9712838963310866,0.5960879918063338,0.9644039758781671,0.9474550447791499
s0032,spinal_cord,0.9106,neuro,0.938834433119464,0.9518807412448531,0.9262731347774014,0.9644420395869158,0.9331530552303209,0.9575621191339962,0.9352076192787927
s0032,spleen,0.8032,solid_abdominal,0.9497701202328516,0.97440070510561,0.9372088218907889,0.9869620034476727,0.9376410377602191,0.9865297875782425,0.9653649399872996
s0032,sternum,0.9224,shoulder_bone,0.9067005850041523,0.9641777278208936,0.8941392866620896,0.9767390261629563,0.8964444291704089,0.974433883654637,0.9446993084691845
s0032,stomach,0.7728,digestive,0.8684822264124477,0.9618028858328294,0.855920928070385,0.974364184174892,0.8324772802056838,0.9978078320395932,0.949931611158177
s0032,subclavian_artery_left,0.9155,great_vessel,0.9115214645727876,0.9536337929973496,0.8989601662307249,0.9661950913394123,0.8733543796724413,0.9918008778976959,0.9401211995813604
s0032,subclavian_artery_right,0.9037,great_vessel,0.8742775571385998,0.9518460845557383,0.8617162587965371,0.9644073828978009,0.8361104722382535,0.9900131694560845,0.9275129051980481
s0032,superior_vena_cava,0.8998,great_vessel,0.9208516383732562,0.9339310268039386,0.9082903400311936,0.9464923251460012,0.88268455347291,0.9720981117042848,0.899347156082674
s0032,thyroid_gland,0.7381,airway_neck,0.5235464156818911,0.8965177631996779,0.5109851173398284,0.9090790615417406,0.46862024136077296,0.951443937520796,0.7576947438921191
s0032,trachea,0.9688,airway_neck,0.8919543385297909,0.9637623403087764,0.8793930401877282,0.976323638650839,0.8370281642086728,1.0,0.9441767418660834
s0032,vertebrae_C4,0.9231,vertebrae,0.03291465319476242,0.8899360644117126,0.020353354852699762,0.9024973627537752,0.02371413606039921,0.8991365815460758,0.43618076378492543
s0032,vertebrae_C5,0.8818,vertebrae,0.8887226940933314,0.9384938324476093,0.8761613957512687,0.951055130789672,0.8795221769589682,0.9476943495819725,0.9459054950132036
s0032,vertebrae_C6,0.9317,vertebrae,0.9255059247029654,0.9664640095469643,0.9129446263609028,0.979025307889027,0.9163054075686022,0.9756645266813275,0.93364830436842
s0032,vertebrae_C7,0.9465,vertebrae,0.8958247010344013,0.9637914056494965,0.8832634026923386,0.9763527039915592,0.886624183900038,0.9729919227838597,0.9488175433918093
s0032,vertebrae_L1,0.9817,vertebrae,0.9880114124085106,0.9815623429733819,0.975450114066448,0.9941236413154445,0.9788108952741474,0.9907628601077451,0.9853568077205742
s0032,vertebrae_T1,0.9698,vertebrae,0.9419756950194751,0.9750810027905908,0.9294143966774124,0.9876423011326535,0.9327751778851119,0.984281519924954,0.9601105895231481
s0032,vertebrae_T10,0.9791,vertebrae,0.9847025144927902,0.9823786779309891,0.9721412161507276,0.9949399762730518,0.975501997358427,0.9915791950653523,0.9731145510793761
s0032,vertebrae_T11,0.9842,vertebrae,0.9866652013796834,0.9831661026039673,0.9741039030376207,0.99572740094603,0.9774646842453202,0.9923666197383305,0.9689706695485285
s0032,vertebrae_T12,0.9817,vertebrae,0.9890883171631808,0.9837727046353727,0.9765270188211181,0.9963340029774354,0.9798878000288176,0.9929732217697359,0.9698638018124704
s0032,vertebrae_T2,0.9681,vertebrae,0.9067001987521217,0.9731155932391505,0.8941389004100591,0.9856768915812132,0.8974996816177585,0.9823161103735137,0.9623040489388077
s0032,vertebrae_T3,0.9776,vertebrae,0.9262436873267458,0.9732935679554642,0.9136823889846831,0.9858548662975268,0.9170431701923826,0.9824940850898274,0.9641602192961647
s0032,vertebrae_T4,0.9756,vertebrae,0.9224954805956664,0.9748909977643423,0.9099341822536038,0.987452296106405,0.9132949634613032,0.9840915148987055,0.9682986723217422
s0032,vertebrae_T5,0.9765,vertebrae,0.9592557819942149,0.9753991673739314,0.9466944836521523,0.987960465715994,0.9500552648598517,0.9845996845082946,0.9710968266840114
s0032,vertebrae_T6,0.9777,vertebrae,0.9651472981397127,0.976884650267584,0.95258599979765,0.9894459486096466,0.9559467810053495,0.9860851674019472,0.9715907568797708
s0032,vertebrae_T7,0.9765,vertebrae,0.9725765044117218,0.9789897989076236,0.9600152060696592,0.9915510972496863,0.9633759872773586,0.9881903160419868,0.9754572056738131
s0032,vertebrae_T8,0.9785,vertebrae,0.923557628691825,0.979790381041543,0.9109963303497624,0.9923516793836057,0.9143571115574618,0.9889908981759062,0.9768178557131505
s0032,vertebrae_T9,0.9798,vertebrae,0.9740830047289686,0.9788089233786708,0.9615217063869059,0.9913702217207334,0.9648824875946054,0.988009440513034,0.9730680453247085
s0021,aorta,0.9741,great_vessel,0.8845662181322279,0.9758747477228157,0.8720049197901653,0.9884360460648783,0.8463991332318817,1.0,0.9677997909386039
s0021,atrial_appendage_left,0.895,heart,0.7468861700102629,0.9324357702336298,0.7343248716682003,0.9449970685756924,0.7302809915892534,0.9490409486546393,0.8826757778988263
s0021,autochthon_left,0.9387,muscle,0.9502037678837626,0.9724139517864433,0.9376424695416999,0.984975250128506,0.9422170819125675,0.9804006377576384,0.9681097706507613
s0021,autochthon_right,0.9423,muscle,0.9461649943541626,0.9731071987517655,0.9336036960120999,0.9856684970938282,0.9381783083829675,0.9810938847229607,0.9698561937724296
s0021,brachiocephalic_trunk,0.8458,great_vessel,0.8097385110263277,0.9248166989449986,0.797177212684265,0.9373779972870613,0.7715714261259814,0.9629837838453449,0.8804946927008683
s0021,brachiocephalic_vein_left,0.7964,great_vessel,0.6719560577311785,0.9037614839929454,0.6593947593891158,0.9163227823350081,0.6337889728308322,0.9419285688932917,0.8096222808847978
s0021,brachiocephalic_vein_right,0.939,great_vessel,0.8704489885612111,0.9316213558262978,0.8578876902191485,0.9441826541683604,0.8322819036608649,0.969788440726644,0.8923451410339027
s0021,brain,0.9272,neuro,0.9218723847373155,0.977190900548184,0.9093110863952528,0.9897521988902467,0.9161910068481723,0.9828722784373272,0.9525686700912449
s0021,clavicula_left,0.9803,shoulder_bone,0.9682224196919347,0.9736988156411738,0.955661121349872,0.9862601139832364,0.9579662638581913,0.9839549714749172,0.9574987990631283
s0021,clavicula_right,0.9754,shoulder_bone,0.944132532287352,0.971336052346803,0.9315712339452894,0.9838973506888656,0.9338763764536087,0.9815922081805464,0.9536535798243928
s0021,common_carotid_artery_left,0.8768,great_vessel,0.7910698842102472,0.9302873008231034,0.7785085858681845,0.9428485991651661,0.7529027993099009,0.9684543857234497,0.8864683712358057
s0021,common_carotid_artery_right,0.9158,great_vessel,0.7672082194312226,0.9214106744912892,0.75464692108916,0.9339719728333519,0.7290411345308764,0.9595777593916355,0.8594439200739846
s0021,costal_cartilages,0.8859,costal_cartilage,0.8190780762980379,0.9099586735259453,0.8065167779559752,0.9225199718680079,0.784222986150333,0.9448137636736501,0.8522654178410782
s0021,esophagus,0.9298,digestive,0.9125103074994031,0.9441704301861481,0.8999490091573404,0.9567317285282108,0.8765053612926392,0.980175376392912,0.9245288395829399
s0021,heart,0.8752,heart,0.8271128108349785,0.9511336498762045,0.8145515124929158,0.9636949482182672,0.810507632413969,0.967738828297214,0.8775139552384923
s0021,humerus_left,0.9655,shoulder_bone,0.8365480733032389,0.9756927884187254,0.8239867749611762,0.9882540867607881,0.8262919174694955,0.9859489442524688,0.9597553497542819
s0021,lung_lower_lobe_left,0.9,lung,0.9609739049274105,0.9667588134054906,0.9484126065853479,0.9793201117475533,0.9563554768168127,0.9713772415160885,0.96105793628406
s0021,lung_lower_lobe_right,0.9397,lung,0.9553274581404484,0.9681449191248931,0.9427661597983857,0.9807062174669557,0.9507090300298505,0.972763347235491,0.9505372622182651
s0021,lung_middle_lobe_right,0.75,lung,0.8749640780236231,0.969204732187774,0.8624027796815604,0.9817660305298367,0.8703456499130252,0.9738231602983719,0.918290424321926
s0021,lung_upper_lobe_left,0.9841,lung,0.9575759924384544,0.988529246867536,0.9450146940963917,1.0,0.9529575643278565,0.9931476749781338,0.9855977718445746
s0021,lung_upper_lobe_right,0.9657,lung,0.9662770360952154,0.9847633670446712,0.9537157377531528,0.9973246653867338,0.9616586079846176,0.989381795155269,0.9771549863381114
s0021,pulmonary_vein,0.8981,great_vessel,0.6575969138124655,0.9276653016618587,0.6450356154704029,0.9402266000039213,0.6194298289121193,0.9658323865622049,0.8414903290675084
s0021,rib_left_1,0.9288,rib,0.9251674693259448,0.9686506148630676,0.9126061709838822,0.9812119132051302,0.9116758860164844,0.982142198172528,0.9471206251647665
s0021,rib_left_2,0.9551,rib,0.9622626308712389,0.9656295413369415,0.9497013325291762,0.9781908396790041,0.9487710475617784,0.9791211246464019,0.9563004306485461
s0021,rib_left_3,0.9744,rib,0.972399711797693,0.9757063717553941,0.9598384134556304,0.9882676700974568,0.9589081284882326,0.9891979550648545,0.9706359502815252
s0021,rib_left_4,0.9759,rib,0.9489968252765422,0.9727765997776995,0.9364355269344795,0.9853378981197621,0.9355052419670817,0.9862681830871599,0.9639193270229546
s0021,rib_left_5,0.9671,rib,0.8872798658750818,0.9752112227952994,0.8747185675330191,0.987772521137362,0.8737882825656214,0.9887028061047598,0.9591840143431316
s0021,rib_left_6,0.9594,rib,0.761835350168147,0.9745602005945252,0.7492740518260843,0.9871214989365878,0.7483437668586865,0.9880517839039856,0.953789921605723
s0021,rib_left_7,0.9632,rib,0.6382708565049624,0.9645373152360839,0.6257095581628997,0.9770986135781465,0.624779273195502,0.9780288985455443,0.956551878879761
s0021,rib_left_8,0.8442,rib,0.08695137813246882,0.9031738474556958,0.07439007979040617,0.9157351457977585,0.07345979482300839,0.9166654307651563,0.5880867780341389
s0021,rib_right_1,0.9017,rib,0.9258461900055062,0.9681042363993662,0.9132848916634435,0.9806655347414288,0.9123546066960457,0.9815958197088266,0.9413821498429589
s0021,rib_right_2,0.9699,rib,0.958404517706977,0.9678023070441121,0.9458432193649143,0.9803636053861747,0.9449129343975166,0.9812938903535725,0.9547059605591413
s0021,rib_right_3,0.9697,rib,0.9362105840010156,0.9695065931597268,0.923649285658953,0.9820678915017894,0.9227190006915552,0.9829981764691872,0.9630770252695039
s0021,rib_right_4,0.9713,rib,0.9052920654034496,0.971342055278034,0.892730767061387,0.9839033536200966,0.8918004820939892,0.9848336385874944,0.9616685211600363
s0021,rib_right_5,0.9652,rib,0.8752564387722165,0.9758912793023455,0.8626951404301538,0.9884525776444082,0.861764855462756,0.989382862611806,0.9487331442168379
s0021,rib_right_6,0.974,rib,0.8947213391663502,0.9761555695180235,0.8821600408242876,0.9887168678600862,0.8812297558568898,0.989647152827484,0.9545774321853049
s0021,rib_right_7,0.947,rib,0.7535400979470374,0.9639971847775975,0.7409787996049747,0.9765584831196602,0.7400485146375769,0.977488768087058,0.921472409685467
s0021,scapula_left,0.951,shoulder_bone,0.906448868580511,0.9790475159148119,0.8938875702384483,0.9916088142568745,0.8961927127467676,0.9893036717485553,0.9738709561021445
s0021,scapula_right,0.9183,shoulder_bone,0.6676277359400258,0.9659030889932589,0.6550664375979631,0.9784643873353216,0.6573715801062824,0.9761592448270023,0.9220753788059368
s0021,skull,0.9385,neuro,0.9409699704860369,0.9601820878902765,0.9284086721439743,0.9727433862323391,0.9352885925968938,0.9658634657794196,0.9617136169248245
s0021,spinal_cord,0.9324,neuro,0.9310525449597636,0.9517451333419581,0.918491246617701,0.9643064316840207,0.9253711670706205,0.9574265112311012,0.9214782320614058
s0021,sternum,0.9642,shoulder_bone,0.8748187632358336,0.9635818211395731,0.862257464893771,0.9761431194816358,0.8645626074020902,0.9738379769733165,0.9242743028617367
s0021,subclavian_artery_left,0.9221,great_vessel,0.7272542856884608,0.9363561699731081,0.7146929873463982,0.9489174683151708,0.6890872007881146,0.9745232548734544,0.9183095632124313
s0021,subclavian_artery_right,0.9296,great_vessel,0.6673744991086503,0.9312843093995982,0.6548132007665877,0.9438456077416608,0.6292074142083041,0.9694513942999444,0.8894148940991139
s0021,superior_vena_cava,0.9651,great_vessel,0.8090656017776322,0.9444489820572743,0.7965043034355695,0.957010280399337,0.7708985168772859,0.9826160669576206,0.9069996320512971
s0021,thyroid_gland,0.9195,airway_neck,0.5882703893190473,0.8870941430781611,0.5757090909769846,0.8996554414202238,0.5333442149979292,0.9420203173992793,0.8154970939106754
s0021,trachea,0.975,airway_neck,0.9313746244926595,0.9719246408448142,0.9188133261505969,0.9844859391868769,0.8764484501715414,1.0,0.9543558397320768
s0021,vertebrae_C1,0.8362,vertebrae,0.8608262574737915,0.9630464469692495,0.8482649591317288,0.9756077453113121,0.8516257403394283,0.9722469641036127,0.9286486863924251
s0021,vertebrae_C2,0.9816,vertebrae,0.7424709467726573,0.9736042807342195,0.7299096484305947,0.9861655790762821,0.7332704296382941,0.9828047978685827,0.9513759087835392
s0021,vertebrae_C3,0.964,vertebrae,0.9292859150898412,0.9705333755038985,0.9167246167477785,0.9830946738459612,0.920085397955478,0.9797338926382617,0.9440594222487717
s0021,vertebrae_C4,0.9633,vertebrae,0.9253695618575712,0.9691706147102173,0.9128082635155086,0.9817319130522799,0.916169044723208,0.9783711318445805,0.9406038882756452
s0021,vertebrae_C5,0.9734,vertebrae,0.8184209680831398,0.971890161077183,0.8058596697410771,0.9844514594192456,0.8092204509487766,0.9810906782115462,0.94110528452259
s0021,vertebrae_C6,0.9752,vertebrae,0.7571997371613791,0.9693636441557641,0.7446384388193165,0.9819249424978268,0.7479992200270159,0.9785641612901274,0.9421756529472288
s0021,vertebrae_C7,0.9771,vertebrae,0.7130452572568099,0.9729507747824063,0.7004839589147472,0.985512073124469,0.7038447401224467,0.9821512919167695,0.9569931512459547
s0021,vertebrae_T1,0.9798,vertebrae,0.6226633808824578,0.9801173123896793,0.6101020825403951,0.9926786107317419,0.6134628637480946,0.9893178295240425,0.9595805567774183
s0021,vertebrae_T2,0.9839,vertebrae,0.8640508931053731,0.9801143989687123,0.8514895947633104,0.992675697310775,0.8548503759710099,0.9893149161030755,0.9681154900164318
s0021,vertebrae_T3,0.9806,vertebrae,0.8582787465914449,0.9799579670724395,0.8457174482493822,0.9925192654145022,0.8490782294570817,0.9891584842068027,0.9722503767321155
s0021,vertebrae_T4,0.9833,vertebrae,0.6907371993941143,0.9808342339218183,0.6781759010520516,0.993395532263881,0.6815366822597511,0.9900347510561816,0.9769366775493082
s0021,vertebrae_T5,0.9825,vertebrae,0.8120700230693079,0.981021755371687,0.7995087247272452,0.9935830537137497,0.8028695059349447,0.9902222725060502,0.964428207709387
s0021,vertebrae_T6,0.9801,vertebrae,0.7737570878815696,0.980059196743011,0.761195789539507,0.9926204950850737,0.7645565707472064,0.9892597138773742,0.9684311513059934
s0021,vertebrae_T7,0.9824,vertebrae,0.7720569909757761,0.9805366208377441,0.7594956926337134,0.9930979191798067,0.7628564738414129,0.9897371379721073,0.9752284589452327
s0021,vertebrae_T8,0.8908,vertebrae,0.29127181630767446,0.8877001179327205,0.2787105179656118,0.9002614162747832,0.28207129917331125,0.8969006350670837,0.7869728027272852
s0000,colon,0.905,digestive,0.9229727022245665,0.9666627804792752,0.9104114038825039,0.9792240788213379,0.8869677560178026,1.0,0.946836160260508
s0000,femur_left,0.9837,pelvic_bone,0.9853760206211344,0.9836037009753157,0.9728147222790717,0.9961649993173783,0.9773292174847694,0.9916505041116807,0.9737725665154274
s0000,femur_right,0.9778,pelvic_bone,0.963108988122914,0.9734547347402926,0.9505476897808514,0.9860160330823553,0.955062184986549,0.9815015378766576,0.9771679337853298
s0000,gluteus_maximus_left,0.9385,muscle,0.9774402004797688,0.9810271289881916,0.9648789021377061,0.9935884273302542,0.9694535145085736,0.9890138149593867,0.9709344362263408
s0000,gluteus_maximus_right,0.9306,muscle,0.9682366307418923,0.9720312759603713,0.9556753323998296,0.984592574302434,0.9602499447706971,0.9800179619315664,0.9662526202294047
s0000,gluteus_medius_left,0.9171,muscle,0.8621647926722643,0.9723737948804891,0.8496034943302017,0.9849350932225518,0.8541781067010692,0.9803604808516843,0.9388905353235085
s0000,gluteus_medius_right,0.9007,muscle,0.95816230543806,0.9730805315224973,0.9456010070959974,0.98564182986456,0.9501756194668649,0.9810672174936924,0.9322887704870431
s0000,gluteus_minimus_left,0.8899,muscle,0.8694449976084905,0.9621423844292869,0.8568836992664278,0.9747036827713496,0.8614583116372954,0.970129070400482,0.9137768455842135
s0000,gluteus_minimus_right,0.9095,muscle,0.8735604927705025,0.9594865822792173,0.8609991944284399,0.97204788062128,0.8655738067993074,0.9674732682504125,0.9227690754109621
s0000,hip_left,0.9694,pelvic_bone,0.8616998520718689,0.9800367596574056,0.8491385537298063,0.9925980579994682,0.853653048935504,0.9880835627937705,0.9674975825593999
s0000,hip_right,0.9779,pelvic_bone,0.7846294892423732,0.9775966872378133,0.7720681909003105,0.990157985579876,0.7765826861060082,0.9856434903741783,0.9771631215549127
s0000,iliac_artery_left,0.8884,great_vessel,0.7210041617195395,0.9367002832825081,0.7084428633774769,0.9492615816245707,0.6828370768191933,0.9748673681828544,0.879782492557441
s0000,iliac_artery_right,0.4598,great_vessel,0.7139461793429804,0.9395504803831285,0.7013848810009178,0.9521117787251911,0.6757790944426342,0.9777175652834748,0.8946464624583406
s0000,iliac_vena_left,0.7866,great_vessel,0.7344289187265608,0.9318150909742082,0.7218676203844981,0.9443763893162709,0.6962618338262145,0.9699821758745545,0.8643882672776874
s0000,iliac_vena_right,0.631,great_vessel,0.7840760721522676,0.9332733497123709,0.771514773810205,0.9458346480544335,0.7459089872519213,0.9714404346127171,0.8833221108766087
s0000,iliopsoas_left,0.9564,muscle,0.8892128947984469,0.9667805478558642,0.8766515964563842,0.9793418461979269,0.8812262088272518,0.9747672338270593,0.9405778532716434
s0000,iliopsoas_right,0.8117,muscle,0.9193050357985295,0.9722340937295577,0.9067437374564669,0.9847953920716204,0.9113183498273344,0.9802207797007528,0.9350836651655088
s0000,prostate,0.0,reproductive,0.03426673000109468,0.9033609936785886,0.021705431659032028,0.9159222920206512,0.021705431659032028,0.9159222920206512,0.6627821986973246
s0000,sacrum,0.8478,pelvic_bone,0.8193110034378829,0.9832019776906168,0.8067497050958202,0.9957632760326794,0.8112642003015179,0.9912487808269818,0.9535862818242699
s0000,small_bowel,0.1836,digestive,0.6653388870271556,0.9162201603184877,0.652777588685093,0.9287814586605504,0.6293339408203917,0.9522251065252516,0.7467302455530703
s0000,urinary_bladder,0.8789,urinary,0.9371400638272337,0.9739411550800583,0.924578765485171,0.986502453422121,0.8811643294871285,1.0,0.9625533516878817
s0747,adrenal_gland_left,0.7088,urinary,0.6907881497504289,0.9189841173035034,0.6722881977794624,0.9374840692744699,0.6321656643896432,0.9776066026642891,0.8038089722035738
s0747,adrenal_gland_right,0.6971,urinary,0.8128866089826341,0.9196914697013678,0.7943866570116676,0.9381914216723344,0.7542641236218484,0.9783139550621536,0.8774035851868908
s0747,aorta,0.9565,great_vessel,0.8993746093510331,0.965491204195998,0.8808746573800665,0.9839911561669645,0.8723617080828987,0.9925041054641324,0.9217337269921497
s0747,atrial_appendage_left,0.8228,heart,0.7572544058824704,0.9354635595335647,0.7387544539115038,0.9539635115045313,0.7422837738154514,0.9504341916005837,0.9148776255524377
s0747,autochthon_left,0.9336,muscle,0.9417822300172679,0.9617148681558653,0.9232822780463014,0.9802148201268318,0.9251792403082661,0.978317857864867,0.9586314882782342
s0747,autochthon_right,0.9254,muscle,0.9562641045756474,0.9607959406613824,0.9377641526046808,0.979295892632349,0.9396611148666456,0.9773989303703842,0.9573324796810668
s0747,brachiocephalic_trunk,0.6708,great_vessel,0.8323904525256814,0.9259569144750391,0.8138905005547149,0.9444568664460057,0.8053775512575471,0.9529698157431735,0.8705870365570193
s0747,brachiocephalic_vein_left,0.0006,great_vessel,0.8647796215113936,0.9471194020596055,0.8462796695404271,0.9656193540305721,0.8377667202432593,0.9741323033277399,0.9115402095396661
s0747,brachiocephalic_vein_right,0.0867,great_vessel,0.483909445993246,0.9061604629000658,0.46540949402227944,0.9246604148710323,0.4568965447251116,0.9331733641682002,0.748280388768229
s0747,clavicula_left,0.9395,shoulder_bone,0.814438809780099,0.9664604409079447,0.7959388578091324,0.9849603928789112,0.7907705584114773,0.9901286922765664,0.9607842522780873
s0747,clavicula_right,0.955,shoulder_bone,0.9148731463329975,0.9714072983579272,0.896373194362031,0.9899072503288937,0.8912048949643758,0.9950755497265489,0.9767981110437141
s0747,colon,0.8606,digestive,0.7268160856511962,0.9166394389422421,0.7083161336802296,0.9351393909132086,0.6641912431263955,0.9792642814670427,0.9490067401528857
s0747,common_carotid_artery_left,0.8094,great_vessel,0.7467644246050724,0.9325794312827597,0.7282644726341059,0.9510793832537262,0.719751523336938,0.959592332550894,0.9017578696787161
s0747,common_carotid_artery_right,0.5342,great_vessel,0.4244992329287901,0.8927094586859656,0.40599928095782356,0.9112094106569322,0.3974863316606557,0.9197223599541,0.6832716777570156
s0747,costal_cartilages,0.8763,costal_cartilage,0.8714219700138325,0.8966412310653668,0.8529220180428659,0.9151411830363333,0.8341162461787575,0.9339469549004418,0.8857352358432621
s0747,duodenum,0.7035,digestive,0.5954383684490125,0.9294958533576507,0.576938416478046,0.9479958053286173,0.5328135259242119,0.9921206958824513,0.8487364944286465
s0747,esophagus,0.8587,digestive,0.9271720932536335,0.9462082555643287,0.9086721412826669,0.9647082075352953,0.8645472507288329,1.0,0.93248868423888
s0747,heart,0.9478,heart,0.9401075126820928,0.9723496484594764,0.9216075607111263,0.9908496004304429,0.9251368806150738,0.9873202805264953,0.9471624787778896
s0747,humerus_left,0.5854,shoulder_bone,0.2957659006779507,0.8710389255262269,0.2772659487069842,0.8895388774971934,0.272097649309329,0.8947071768948486,0.7885534122665839
s0747,humerus_right,0.9634,shoulder_bone,0.9380383115715502,0.962525469621367,0.9195383596005836,0.9810254215923335,0.9143700602029284,0.9861937209899887,0.9426009366094578
s0747,iliopsoas_left,0.856,muscle,0.7652104892687197,0.8799751168129935,0.7467105372977532,0.89847506878396,0.748607499559718,0.8965781065219952,0.8255544846967044
s0747,iliopsoas_right,0.8628,muscle,0.8654347619513987,0.9143833368701406,0.8469348099804321,0.9328832888411072,0.8488317722423969,0.9309863265791424,0.8866378346536535
s0747,inferior_vena_cava,0.8351,great_vessel,0.8776634777069604,0.9477439460768688,0.8591635257359939,0.9662438980478354,0.850650576438826,0.9747568473450032,0.9152844139176932
s0747,kidney_left,0.9212,urinary,0.9374941866262024,0.9648743155552497,0.9189942346552359,0.9833742675262163,0.8788717012654167,1.0,0.952138586175499
s0747,kidney_right,0.9081,urinary,0.9181933738509441,0.9565409873157389,0.8996934218799776,0.9750409392867054,0.8595708884901584,1.0,0.9595894007040228
s0747,liver,0.9569,solid_abdominal,0.9751142364055574,0.9857137811871142,0.9566142844345908,1.0,0.9446031991020595,1.0,0.9800899526021059
s0747,lung_lower_lobe_left,0.9824,lung,0.9845672004936292,0.9928469930559221,0.9660672485226627,1.0,0.9459995091945026,1.0,0.9933017123080442
s0747,lung_lower_lobe_right,0.988,lung,0.9799972271077095,0.9926881281458209,0.961497275136743,1.0,0.9414295358085829,1.0,0.9891609272952441
s0747,lung_middle_lobe_right,0.961,lung,0.9382808263524823,0.9804632539064236,0.9197808743815158,0.9989632058773902,0.8997131350533557,1.0,0.960974273926487
s0747,lung_upper_lobe_left,0.9854,lung,0.9741256201906379,0.9942907299325922,0.9556256682196713,1.0,0.9355579288915112,1.0,0.9906660130021215
s0747,lung_upper_lobe_right,0.9795,lung,0.9702590575261103,0.9902376823951332,0.9517591055551438,1.0,0.9316913662269837,1.0,0.9827604410331108
s0747,pancreas,0.635,solid_abdominal,0.7934115236978675,0.9530602460511192,0.774911571726901,0.9715601980220857,0.7629004863943696,0.9835712833546171,0.9127764203080625
s0747,portal_vein_and_splenic_vein,0.3779,great_vessel,0.7712403269529461,0.8995987728327413,0.7527403749819795,0.9180987248037078,0.7442274256848117,0.9266116741008756,0.7800116523533867
s0747,pulmonary_vein,0.8267,great_vessel,0.8423059016974576,0.9036849941104319,0.823805949726491,0.9221849460813984,0.8152930004293232,0.9306978953785663,0.8828014089402105
s0747,rib_left_1,0.8861,rib,0.8804732685908606,0.9643531835676006,0.8619733166198941,0.9828531355385671,0.8678742898606839,0.9769521622977773,0.9297219934690546
s0747,rib_left_10,0.8958,rib,0.9395786791162841,0.9699250332426712,0.9210787271453176,0.9884249852136378,0.9269797003861074,0.9825240119728479,0.9463270467399492
s0747,rib_left_11,0.9375,rib,0.865108873020279,0.9670307104861458,0.8466089210493124,0.9855306624571123,0.8525098942901023,0.9796296892163224,0.9597246199238324
s0747,rib_left_12,0.6981,rib,0.8302422051785707,0.9558663807102492,0.8117422532076042,0.9743663326812158,0.817643226448394,0.9684653594404259,0.9165089499694636
s0747,rib_left_2,0.9431,rib,0.9281593056922633,0.962363085491156,0.9096593537212968,0.9808630374621226,0.9155603269620867,0.9749620642213327,0.9448492760234523
s0747,rib_left_3,0.9025,rib,0.926813317693561,0.9582132747500951,0.9083133657225945,0.9767132267210616,0.9142143389633843,0.9708122534802718,0.9577439961461418
s0747,rib_left_4,0.9538,rib,0.9510179939498794,0.9612581886222356,0.9325180419789129,0.9797581405932021,0.9384190152197027,0.9738571673524122,0.946509979569766
s0747,rib_left_5,0.938,rib,0.9610796319746059,0.9634835723756776,0.9425796800036393,0.9819835243466442,0.9484806532444292,0.9760825511058543,0.9414414065915285
s0747,rib_left_6,0.9277,rib,0.9705513679044122,0.9626426980015111,0.9520514159334457,0.9811426499724777,0.9579523891742355,0.9752416767316878,0.9348402647265537
s0747,rib_left_7,0.9205,rib,0.9686538358296758,0.9683008934934959,0.9501538838587092,0.9868008454644625,0.9560548570994991,0.9808998722236726,0.9599952789150565
s0747,rib_left_8,0.9419,rib,0.9804264852345714,0.9667753647800734,0.9619265332636049,0.98527531675104,0.9678275065043948,0.9793743435102501,0.9647218698495144
s0747,rib_left_9,0.9455,rib,0.9635675852761468,0.9676341889253657,0.9450676333051803,0.9861341408963322,0.9509686065459702,0.9802331676555424,0.9640862329755623
s0747,rib_right_1,0.8614,rib,0.8894666168810978,0.9627659437954549,0.8709666649101313,0.9812658957664214,0.8768676381509212,0.9753649225256316,0.9243161913433824
s0747,rib_right_10,0.963,rib,0.9509717937646156,0.9683577317405906,0.9324718417936491,0.9868576837115571,0.9383728150344389,0.9809567104707673,0.9665322651055336
s0747,rib_right_11,0.951,rib,0.8590819796476061,0.9688720754040651,0.8405820276766396,0.9873720273750316,0.8464830009174295,0.9814710541342417,0.9247151999348748
s0747,rib_right_12,0.906,rib,0.654541485844696,0.9479230922690803,0.6360415338737294,0.9664230442400469,0.6419425071145193,0.960522070999257,0.920097078228057
s0747,rib_right_2,0.938,rib,0.7490139285718215,0.9416073747763269,0.7305139766008549,0.9601073267472935,0.7364149498416448,0.9542063535065036,0.8672187287118236
s0747,rib_right_3,0.9019,rib,0.9042576513307389,0.9594777721643003,0.8857576993597723,0.9779777241352668,0.8916586726005622,0.972076750894477,0.9546789699319322
s0747,rib_right_4,0.948,rib,0.9624928392249875,0.9644723675774279,0.943992887254021,0.9829723195483945,0.9498938604948108,0.9770713463076046,0.9656405251379774
s0747,rib_right_5,0.9228,rib,0.8842919736163772,0.9523383269862545,0.8657920216454107,0.9708382789572211,0.8716929948862006,0.9649373057164312,0.9452789423257568
s0747,rib_right_6,0.9371,rib,0.9395023397262252,0.9622829726212919,0.9210023877552587,0.9807829245922585,0.9269033609960485,0.9748819513514686,0.9643839305157781
s0747,rib_right_7,0.9452,rib,0.9364708994761112,0.9712531434215583,0.9179709475051446,0.9897530953925249,0.9238719207459345,0.983852122151735,0.9527415877908086
s0747,rib_right_8,0.9619,rib,0.9720056589587553,0.9685215215346262,0.9535057069877888,0.9870214735055928,0.9594066802285787,0.9811205002648029,0.9683221331800296
s0747,rib_right_9,0.9475,rib,0.9660408557860187,0.9726985477837685,0.9475409038150522,0.9911984997547351,0.953441877055842,0.9852975265139452,0.9694590974264674
s0747,scapula_left,0.9189,shoulder_bone,0.9445541182941298,0.9711481699256226,0.9260541663231633,0.9896481218965891,0.9208858669255081,0.9948164212942443,0.9529279763146259
s0747,scapula_right,0.9487,shoulder_bone,0.9281607383082029,0.9721055236677837,0.9096607863372363,0.9906054756387502,0.9044924869395812,0.9957737750364054,0.9604345682172856
s0747,small_bowel,0.8474,digestive,0.6814456620376013,0.9219002922399008,0.6629457100666347,0.9404002442108673,0.6188208195128007,0.9845251347647014,0.8918312050569014
s0747,spinal_cord,0.9439,neuro,0.9455985971004605,0.9544124792295018,0.9270986451294939,0.9729124312004683,0.9246403482838748,0.9753707280460875,0.9539836983041969
s0747,spleen,0.9446,solid_abdominal,0.9558215292361433,0.9622666428362768,0.9373215772651767,0.9807665948072434,0.9253104919326454,0.9927776801397747,0.9554993121684726
s0747,sternum,0.907,shoulder_bone,0.8911214377387355,0.9518909259336688,0.872621485767769,0.9703908779046353,0.8674531863701138,0.9755591773022905,0.9347291236118703
s0747,stomach,0.9161,digestive,0.7985829549625872,0.9664555886144162,0.7800830029916207,0.9849555405853827,0.7359581124377866,1.0,0.9386494592171664
s0747,subclavian_artery_left,0.857,great_vessel,0.7827743861820854,0.9341919532767556,0.7642744342111188,0.9526919052477222,0.755761484913951,0.96120485454489,0.8875361327313265
s0747,subclavian_artery_right,0.8704,great_vessel,0.8716191448657227,0.9382520173278084,0.8531191928947561,0.9567519692987749,0.8446062435975883,0.9652649185959428,0.8985613455641258
s0747,superior_vena_cava,0.7827,great_vessel,0.8678527829521662,0.9347433196644558,0.8493528309811996,0.9532432716354223,0.8408398816840318,0.9617562209325902,0.8987314117051686
s0747,thyroid_gland,0.1868,airway_neck,0.3936628596125406,0.8899619898216949,0.37516290764157406,0.9084619417926615,0.38948997258570855,0.894134876848527,0.6318423073071612
s0747,trachea,0.9396,airway_neck,0.9310907764872118,0.9705188213359057,0.9125908245162453,0.9890187733068723,0.9269178894603798,0.9746917083627378,0.9679334431953186
s0747,vertebrae_C5,0.4661,vertebrae,0.6068020558103638,0.899775320233693,0.5883021038393973,0.9182752722046595,0.588421128928429,0.9181562471156278,0.728751018699767
s0747,vertebrae_C6,0.7681,vertebrae,0.8333259023462493,0.9577754067188323,0.8148259503752827,0.9762753586897989,0.8149449754643144,0.9761563336007671,0.8943917250099978
s0747,vertebrae_C7,0.8875,vertebrae,0.8690391762771659,0.9645627631672773,0.8505392243061993,0.9830627151382438,0.850658249395231,0.9829436900492121,0.9394819462669236
s0747,vertebrae_L1,0.9703,vertebrae,0.9537031321234913,0.9734569918158054,0.9352031801525248,0.9919569437867719,0.9353222052415565,0.9918379186977402,0.9748769754800606
s0747,vertebrae_L2,0.9832,vertebrae,0.9428302480249727,0.9736819309009486,0.9243302960540062,0.9921818828719151,0.9244493211430379,0.9920628577828834,0.9380578711115524
s0747,vertebrae_T1,0.9527,vertebrae,0.9554428433521277,0.9756805300830186,0.9369428913811612,0.9941804820539851,0.9370619164701929,0.9940614569649534,0.9604923220748696
s0747,vertebrae_T10,0.9541,vertebrae,0.9670601326405667,0.9809431862182894,0.9485601806696001,0.9994431381892559,0.9486792057586318,0.9993241131002242,0.976764705504341
s0747,vertebrae_T11,0.9682,vertebrae,0.9586289779656192,0.9805329818538618,0.9401290259946526,0.9990329338248284,0.9402480510836844,0.9989139087357967,0.9724893064815276
s0747,vertebrae_T12,0.9652,vertebrae,0.9449288304501126,0.9686814504587636,0.926428878479146,0.9871814024297302,0.9265479035681777,0.9870623773406985,0.9650365401471928
s0747,vertebrae_T2,0.911,vertebrae,0.9440689642795943,0.9716697688442755,0.9255690123086278,0.990169720815242,0.9256880373976595,0.9900506957262103,0.9520333736337622
s0747,vertebrae_T3,0.9103,vertebrae,0.9277172931326998,0.9724760989518966,0.9092173411617333,0.9909760509228631,0.909336366250765,0.9908570258338314,0.9572452997843753
s0747,vertebrae_T4,0.8875,vertebrae,0.9415282027060171,0.9756600457538084,0.9230282507350506,0.9941599977247749,0.9231472758240823,0.9940409726357432,0.9489120360364717
s0747,vertebrae_T5,0.9016,vertebrae,0.936918637587581,0.9756834113781955,0.9184186856166144,0.994183363349162,0.9185377107056462,0.9940643382601303,0.9651704419288971
s0747,vertebrae_T6,0.9379,vertebrae,0.9617158967179721,0.9772176346198951,0.9432159447470055,0.9957175865908616,0.9433349698360373,0.9955985615018299,0.9800851714289546
s0747,vertebrae_T7,0.9583,vertebrae,0.9596642292785239,0.9799331875771611,0.9411642773075574,0.9984331395481276,0.9412833023965891,0.9983141144590959,0.9730636122251706
s0747,vertebrae_T8,0.9658,vertebrae,0.9422190612743437,0.97671850990135,0.9237191093033772,0.9952184618723166,0.9238381343924089,0.9950994367832848,0.9739043684123538
s0747,vertebrae_T9,0.948,vertebrae,0.944174218648378,0.9796509379629558,0.9256742666774115,0.9981508899339223,0.9257932917664432,0.9980318648448906,0.9735384036857533
s0625,adrenal_gland_left,0.9274,urinary,0.7573768359314599,0.9151482552071071,0.7468911214775944,0.9256339696609726,0.7444720053983186,0.9280530857402484,0.8854982592306917
s0625,adrenal_gland_right,0.937,urinary,0.8022475903452355,0.9244152110296728,0.79176187589137,0.9349009254835383,0.7893427598120942,0.9373200415628141,0.8840735383472282
s0625,aorta,0.977,great_vessel,0.9440929721985336,0.9808209585471824,0.9336072577446681,0.9913066730010479,0.9328021198881301,0.9921118108575859,0.9765182123452352
s0625,atrial_appendage_left,0.9192,heart,0.8438537575313642,0.9286924545592298,0.8333680430774987,0.9391781690130953,0.8292956069215889,0.943250605169005,0.8884105386953208
s0625,autochthon_left,0.9761,muscle,0.8067744487302287,0.9732730703026893,0.7962887342763633,0.9837587847565548,0.8034779228333687,0.9765695961995493,0.9694067808550717
s0625,autochthon_right,0.9765,muscle,0.8122671530689755,0.9733137618836022,0.80178143861511,0.9837994763374677,0.8089706271721154,0.9766102877804622,0.9675327608623605
s0625,brachiocephalic_trunk,0.8788,great_vessel,0.821200395219335,0.9299036983649395,0.8107146807654695,0.940389412818805,0.8099095429089315,0.941194550675343,0.8800362589104475
s0625,brachiocephalic_vein_left,0.9505,great_vessel,0.9144392816856678,0.9419830118951903,0.9039535672318023,0.9524687263490558,0.9031484293752643,0.9532738642055938,0.9281413771883983
s0625,brachiocephalic_vein_right,0.8401,great_vessel,0.8729192612742072,0.9339636804368004,0.8624335468203417,0.9444493948906659,0.8616284089638037,0.945254532747204,0.9150094360324266
s0625,clavicula_left,0.9768,shoulder_bone,0.9428713446151968,0.970123871343266,0.9323856301613314,0.9806095857971315,0.9336553690592208,0.9793398468992421,0.9659341275758079
s0625,clavicula_right,0.9573,shoulder_bone,0.9327792930774488,0.9809596409541447,0.9222935786235833,0.9914453554080102,0.9235633175214727,0.9901756165101208,0.9606060771717163
s0625,colon,0.9085,digestive,0.9393415024096441,0.9574862372355671,0.9288557879557786,0.9679719516894326,0.8602565629343633,1.0,0.9423678976138179
s0625,common_carotid_artery_left,0.9197,great_vessel,0.8399064212821299,0.9210493860628677,0.8294207068282644,0.9315351005167332,0.8286155689717264,0.9323402383732712,0.9236759246270252
s0625,common_carotid_artery_right,0.8778,great_vessel,0.6474452518017323,0.9162086812633945,0.6369595373478668,0.92669439571726,0.6361543994913288,0.927499533573798,0.8733220388682201
s0625,costal_cartilages,0.9039,costal_cartilage,0.8082782548866753,0.9117932487317816,0.7977925404328098,0.9222789631856471,0.7461805396752427,0.9738909639432142,0.9107533786224797
s0625,duodenum,0.8934,digestive,0.8974410739885129,0.9510870632179976,0.8869553595346474,0.9615727776718631,0.8183561345132321,1.0,0.9113882698337736
s0625,esophagus,0.9391,digestive,0.9013674908113904,0.9498553566077733,0.890881776357525,0.9603410710616388,0.8222825513361096,1.0,0.9204792997066938
s0625,femur_left,0.9822,pelvic_bone,0.9565217192042991,0.9831600867039335,0.9460360047504336,0.993645801157799,0.9536677338315636,0.986014072076669,0.9842081257516986
s0625,femur_right,0.9638,pelvic_bone,0.9628275722170138,0.9848087055759036,0.9523418577631483,0.9952944200297691,0.9599735868442782,0.9876626909486391,0.9823036499074304
s0625,gallbladder,0.9186,solid_abdominal,0.7841318570264181,0.9087956281984217,0.7736461425725526,0.9192813426522872,0.7673243843545356,0.9256031008703042,0.8146679017672234
s0625,gluteus_maximus_left,0.9694,muscle,0.8971902433839571,0.9750299727455749,0.8867045289300917,0.9855156871994404,0.8938937174870971,0.9783264986424349,0.9687460999541575
s0625,gluteus_maximus_right,0.9825,muscle,0.9339766880842398,0.9771082322265989,0.9234909736303744,0.9875939466804644,0.9306801621873798,0.980404758123459,0.9663642530585871
s0625,gluteus_medius_left,0.972,muscle,0.9370496753116141,0.9717585724137492,0.9265639608577486,0.9822442868676147,0.9337531494147541,0.9750550983106092,0.9662193600679134
s0625,gluteus_medius_right,0.9736,muscle,0.9303848102261156,0.9712535008372534,0.9198990957722502,0.9817392152911188,0.9270882843292556,0.9745500267341134,0.9741266354964042
s0625,gluteus_minimus_left,0.9457,muscle,0.950018598050795,0.953442597313494,0.9395328835969295,0.9639283117673595,0.946722072153935,0.956739123210354,0.9450982749072541
s0625,gluteus_minimus_right,0.9463,muscle,0.9244075485568498,0.9532366285791807,0.9139218341029843,0.9637223430330462,0.9211110226599898,0.9565331544760407,0.94245691690581
s0625,heart,0.917,heart,0.942543513919809,0.9812162584912161,0.9320577994659435,0.9917019729450816,0.9279853633100337,0.9957744091009914,0.935237303495503
s0625,hip_left,0.9823,pelvic_bone,0.9717591268319448,0.9823608751241089,0.9612734123780793,0.9928465895779743,0.9689051414592093,0.9852148604968444,0.9799226183230475
s0625,hip_right,0.9821,pelvic_bone,0.9734938566374657,0.9809536446422461,0.9630081421836002,0.9914393590961116,0.9706398712647302,0.9838076300149816,0.9760583488951756
s0625,humerus_left,0.8358,shoulder_bone,0.4459564933526763,0.9524852799539079,0.4354707788988108,0.9629709944077733,0.4367405177967002,0.961701255509884,0.8281761487254028
s0625,humerus_right,0.9629,shoulder_bone,0.9453895190144548,0.9798411956136558,0.9349038045605893,0.9903269100675213,0.9361735434584787,0.9890571711696319,0.9824402304267649
s0625,iliac_artery_left,0.9041,great_vessel,0.8244170033104281,0.9140330231577523,0.8139312888565626,0.9245187376116177,0.8131261510000246,0.9253238754681558,0.9003114048497515
s0625,iliac_artery_right,0.9126,great_vessel,0.8674575900457275,0.9412414950232415,0.856971875591862,0.951727209477107,0.856166737735324,0.952532347333645,0.9276947212705886
s0625,iliac_vena_left,0.9091,great_vessel,0.9015531552382536,0.9603342509542073,0.8910674407843882,0.9708199654080728,0.8902623029278501,0.9716251032646108,0.9329337113901136
s0625,iliac_vena_right,0.922,great_vessel,0.8393541360940184,0.9526127435630032,0.828868421640153,0.9630984580168687,0.8280632837836149,0.9639035958734067,0.9308227761774773
s0625,iliopsoas_left,0.9719,muscle,0.9477402235733566,0.9692952553580473,0.9372545091194912,0.9797809698119128,0.9444436976764966,0.9725917812549073,0.9682231676509403
s0625,iliopsoas_right,0.9692,muscle,0.9215859880569364,0.9708408677291154,0.9111002736030709,0.9813265821829809,0.9182894621600763,0.9741373936259754,0.9684190539751439
s0625,inferior_vena_cava,0.9464,great_vessel,0.9442229922428118,0.9694867101920256,0.9337372777889463,0.9799724246458911,0.9329321399324083,0.9807775625024291,0.9386046196439928
s0625,kidney_left,0.9855,urinary,0.9567701374748946,0.9887973504393366,0.9462844230210291,0.9992830648932021,0.9438653069417533,1.0,0.9789966569096843
s0625,kidney_right,0.9857,urinary,0.9576038067376667,0.9883863044372757,0.9471180922838012,0.9988720188911412,0.9446989762045254,1.0,0.9777487795747833
s0625,liver,0.9876,solid_abdominal,0.9680274929428139,0.9868321429479752,0.9575417784889484,0.9973178574018406,0.9512200202709314,1.0,0.9798627505528972
s0625,lung_lower_lobe_left,0.9897,lung,0.980835432379575,0.9897187774603656,0.9703497179257096,1.0,0.9728029227660924,0.9977512870738483,0.9872261101310396
s0625,lung_lower_lobe_right,0.9923,lung,0.9376157775567494,0.9856992840688003,0.9271300631028839,0.9961849985226657,0.9295832679432667,0.9937317936822829,0.9807233407562358
s0625,lung_middle_lobe_right,0.98,lung,0.9318269933844707,0.9799179648877423,0.9213412789306052,0.9904036793416078,0.923794483770988,0.987950474501225,0.971505245895092
s0625,lung_upper_lobe_left,0.9925,lung,0.9917022025587053,0.9920259411485588,0.9812164881048399,1.0,0.9836696929452227,1.0,0.9935398768354524
s0625,lung_upper_lobe_right,0.988,lung,0.9840957156642062,0.9906723321531768,0.9736100012103407,1.0,0.9760632060507235,0.9987048417666595,0.993225065355016
s0625,pancreas,0.9555,solid_abdominal,0.9233202447143518,0.9613268653758384,0.9128345302604863,0.9718125798297039,0.9065127720424694,0.9781343380477209,0.928133652671732
s0625,portal_vein_and_splenic_vein,0.8628,great_vessel,0.8390720109135783,0.9541015947395309,0.8285862964597128,0.9645873091933964,0.8277811586031748,0.9653924470499344,0.9207222520910957
s0625,prostate,0.8112,reproductive,0.7307315599082995,0.9188572102532028,0.720245845454434,0.9293429247070683,0.720245845454434,0.9293429247070683,0.794268657832783
s0625,pulmonary_vein,0.9553,great_vessel,0.7256979566721764,0.9146415847705669,0.7152122422183109,0.9251272992244324,0.7144071043617729,0.9259324370809704,0.899809161530777
s0625,rib_left_1,0.919,rib,0.8939614653879482,0.9680212956105538,0.8834757509340827,0.9785070100644193,0.8809296304816894,0.9810531305168126,0.9333234530932109
s0625,rib_left_10,0.9605,rib,0.8762254175706619,0.9662619849750262,0.8657397031167964,0.9767476994288917,0.863193582664403,0.979293819881285,0.9634381399568965
s0625,rib_left_11,0.9503,rib,0.5778072382378274,0.9653305757668896,0.567321523783962,0.9758162902207551,0.5647754033315686,0.9783624106731484,0.9161572225760801
s0625,rib_left_12,0.9189,rib,0.49528312334022334,0.9498279678177951,0.48479740888635786,0.9603136822716606,0.48225128843396453,0.9628598027240539,0.8830997303363309
s0625,rib_left_2,0.9513,rib,0.8915522429733107,0.9672518797907186,0.8810665285194452,0.9777375942445841,0.8785204080670519,0.9802837146969774,0.926005890690238
s0625,rib_left_3,0.9261,rib,0.8360971892424999,0.9676784495496857,0.8256114747886344,0.9781641640035512,0.8230653543362411,0.9807102844559445,0.9471335974690935
s0625,rib_left_4,0.9559,rib,0.8490403048648739,0.9669909857013264,0.8385545904110084,0.9774767001551918,0.8360084699586151,0.9800228206075852,0.9617025776934776
s0625,rib_left_5,0.9614,rib,0.9306542249722668,0.9652657468686267,0.9201685105184013,0.9757514613224921,0.917622390066008,0.9782975817748855,0.955748419147012
s0625,rib_left_6,0.9647,rib,0.9254883011697661,0.9645880530869091,0.9150025867159006,0.9750737675407746,0.9124564662635073,0.9776198879931679,0.9533790059363945
s0625,rib_left_7,0.9673,rib,0.8753512816967504,0.9641616637370042,0.8648655672428849,0.9746473781908697,0.8623194467904916,0.977193498643263,0.9489933069858043
s0625,rib_left_8,0.9596,rib,0.801300927633536,0.9569766890582948,0.7908152131796705,0.9674624035121603,0.7882690927272772,0.9700085239645536,0.9472399120442496
s0625,rib_left_9,0.9493,rib,0.868442510105121,0.9659435459826272,0.8579567956512555,0.9764292604364927,0.8554106751988622,0.978975380888886,0.955032966096913
s0625,rib_right_1,0.9311,rib,0.8645192266648322,0.9705074887381837,0.8540335122109667,0.9809932031920492,0.8514873917585734,0.9835393236444425,0.9244512448835734
s0625,rib_right_10,0.9726,rib,0.7975701096663822,0.9670487560026378,0.7870843952125167,0.9775344704565033,0.7845382747601234,0.9800805909088967,0.9515700819335915
s0625,rib_right_11,0.9418,rib,0.7843388394610797,0.9628413865298968,0.7738531250072143,0.9733271009837623,0.7713070045548209,0.9758732214361556,0.9331888520996126
s0625,rib_right_12,0.9361,rib,0.8071628406177784,0.9474457423911729,0.796677126163913,0.9579314568450383,0.7941310057115196,0.9604775772974317,0.8263740609820786
s0625,rib_right_2,0.9595,rib,0.9548617177032556,0.9665738817421174,0.9443760032493901,0.9770595961959829,0.9418298827969968,0.9796057166483763,0.9463414433534266
s0625,rib_right_3,0.9555,rib,0.7898166883943898,0.9535301451799283,0.7793309739405243,0.9640158596337938,0.776784853488131,0.9665619800861871,0.9269137012224848
s0625,rib_right_4,0.9548,rib,0.8478857701369199,0.9617735080564312,0.8374000556830544,0.9722592225102967,0.8348539352306611,0.9748053429626901,0.9537496083005824
s0625,rib_right_5,0.949,rib,0.9100100306988493,0.9588349303237048,0.8995243162449839,0.9693206447775703,0.8969781957925905,0.9718667652299636,0.9535961874780096
s0625,rib_right_6,0.9664,rib,0.9314643177105446,0.9661610369322081,0.9209786032566791,0.9766467513860736,0.9184324828042858,0.9791928718384669,0.9560818102527772
s0625,rib_right_7,0.9759,rib,0.9406797657173763,0.9635310340690696,0.9301940512635108,0.9740167485229351,0.9276479308111175,0.9765628689753284,0.9549563501683415
s0625,rib_right_8,0.9582,rib,0.9415294007880528,0.9575323838565801,0.9310436863341873,0.9680180983104456,0.928497565881794,0.9705642187628389,0.9505224023245339
s0625,rib_right_9,0.9589,rib,0.9518458309241826,0.9618804907601206,0.9413601164703171,0.9723662052139861,0.9388139960179238,0.9749123256663794,0.9470904096695075
s0625,sacrum,0.9328,pelvic_bone,0.8294265008023926,0.9589025062198998,0.8189407863485271,0.9693882206737653,0.826572515429657,0.9617564915926353,0.9365681171328174
s0625,scapula_left,0.9658,shoulder_bone,0.8706967868547657,0.9772371766683355,0.8602110724009002,0.987722891122201,0.8614808112987896,0.9864531522243116,0.9667424969224764
s0625,scapula_right,0.9636,shoulder_bone,0.9264507771900675,0.9739119205848822,0.915965062736202,0.9843976350387477,0.9172348016340914,0.9831278961408583,0.9594224204965596
s0625,small_bowel,0.9316,digestive,0.8669416839482724,0.9531631832234168,0.8564559694944069,0.9636488976772822,0.7878567444729916,1.0,0.8954413613198978
s0625,spinal_cord,0.9426,neuro,0.9244939746035645,0.9420770027468485,0.914008260149699,0.952562717200714,0.908828578241142,0.957742399109271,0.9392759737215408
s0625,spleen,0.982,solid_abdominal,0.9543302010518666,0.9784740620357577,0.9438444865980011,0.9889597764896232,0.9375227283799842,0.9952815347076401,0.9438402593446686
s0625,sternum,0.9273,shoulder_bone,0.9260186092295496,0.9589988322223835,0.9155328947756841,0.969484546676249,0.9168026336735735,0.9682148077783596,0.9322990344729489
s0625,stomach,0.9748,digestive,0.9251768511973028,0.9662450393386307,0.9146911367434373,0.9767307537924962,0.8460919117220219,1.0,0.9459298267974421
s0625,subclavian_artery_left,0.8378,great_vessel,0.8831948549250267,0.9433186349704724,0.8727091404711612,0.9538043494243379,0.8719040026146232,0.9546094872808759,0.9078141282290167
s0625,subclavian_artery_right,0.8996,great_vessel,0.8458054556030417,0.9388631397580858,0.8353197411491762,0.9493488542119513,0.8345146032926382,0.9501539920684893,0.9234845030396206
s0625,superior_vena_cava,0.9407,great_vessel,0.8418774226679839,0.9426495752194516,0.8313917082141185,0.9531352896733171,0.8305865703575804,0.9539404275298551,0.9519755497859147
s0625,thyroid_gland,0.9294,airway_neck,0.8715919041708353,0.9437488935671349,0.8611061897169698,0.9542346080210004,0.8741393652529229,0.9412014324850473,0.9268305740295526
s0625,trachea,0.9634,airway_neck,0.8960503097072289,0.975025291783936,0.8855645952533634,0.9855110062378015,0.8985977707893165,0.9724778307018485,0.9642327704579076
s0625,urinary_bladder,0.9132,urinary,0.9032640737248406,0.9518481759608782,0.8927783592709752,0.9623338904147437,0.8903592431916993,0.9647530064940195,0.9331011719856316
s0625,vertebrae_C6,0.9412,vertebrae,0.6947751421046848,0.9279148390379014,0.6842894276508193,0.9384005534917669,0.6858857944756234,0.9368041866669629,0.8996293793747311
s0625,vertebrae_C7,0.9658,vertebrae,0.8878632047255641,0.9791281087183232,0.8773774902716986,0.9896138231721887,0.8789738570965027,0.9880174563473847,0.9523268375328967
s0625,vertebrae_L1,0.9839,vertebrae,0.9790127774970085,0.9867199518727321,0.9685270630431431,0.9972056663265976,0.9701234298679471,0.9956092995017936,0.9784597241269948
s0625,vertebrae_L2,0.9787,vertebrae,0.9899184913106269,0.9855483286243653,0.9794327768567614,0.9960340430782307,0.9810291436815655,0.9944376762534267,0.9766515033527465
s0625,vertebrae_L3,0.9823,vertebrae,0.9837664753707492,0.986678816970553,0.9732807609168838,0.9971645314244185,0.9748771277416878,0.9955681645996145,0.9854820107591502
s0625,vertebrae_L4,0.9818,vertebrae,0.9790042735298222,0.9875826300146433,0.9685185590759567,0.9980683444685088,0.9701149259007608,0.9964719776437048,0.9881685499471189
s0625,vertebrae_L5,0.9802,vertebrae,0.9680915092803664,0.9874153106866231,0.9576057948265009,0.9979010251404886,0.9592021616513049,0.9963046583156846,0.9839271621962677
s0625,vertebrae_S1,0.9014,vertebrae,0.9515408905731692,0.985894290660683,0.9410551761193037,0.9963800051145485,0.9426515429441077,0.9947836382897445,0.9674210268709597
s0625,vertebrae_T1,0.9735,vertebrae,0.768839660930318,0.9796606658132843,0.7583539464764525,0.9901463802671497,0.7599503133012565,0.9885500134423457,0.940018253217896
s0625,vertebrae_T10,0.9847,vertebrae,0.9090956284177275,0.9857732162499704,0.898609913963862,0.9962589307038359,0.900206280788666,0.9946625638790318,0.9780096492230671
s0625,vertebrae_T11,0.9834,vertebrae,0.9530645464361082,0.9851535725329045,0.9425788319822427,0.99563928698677,0.9441751988070467,0.9940429201619659,0.974118144645942
s0625,vertebrae_T12,0.9809,vertebrae,0.9744246191940514,0.985741652416142,0.963938904740186,0.9962273668700075,0.96553527156499,0.9946310000452034,0.977510030372659
s0625,vertebrae_T2,0.9782,vertebrae,0.6636706427449117,0.9794007590576687,0.6531849282910462,0.9898864735115341,0.6547812951158503,0.9882901066867301,0.9367270688186409
s0625,vertebrae_T3,0.9765,vertebrae,0.6529665900352905,0.9758301826915536,0.642480875581425,0.9863158971454191,0.644077242406229,0.9847195303206151,0.9338640417183223
s0625,vertebrae_T4,0.9784,vertebrae,0.6489347412688113,0.9763890997902036,0.6384490268149459,0.9868748142440691,0.6400453936397499,0.9852784474192651,0.9285479517556042
s0625,vertebrae_T5,0.9764,vertebrae,0.5973982826452994,0.9765354122053926,0.5869125681914339,0.9870211266592581,0.5885089350162379,0.9854247598344541,0.9283902924215252
s0625,vertebrae_T6,0.9763,vertebrae,0.6512862367124256,0.9795963325161924,0.6408005222585601,0.9900820469700579,0.6423968890833641,0.9884856801452538,0.9445543939369995
s0625,vertebrae_T7,0.9739,vertebrae,0.7464985655130418,0.9813019892122004,0.7360128510591764,0.9917877036660658,0.7376092178839804,0.9901913368412618,0.949836581476604
s0625,vertebrae_T8,0.9788,vertebrae,0.7945598698890164,0.9820878816153955,0.7840741554351509,0.992573596069261,0.7856705222599549,0.990977229244457,0.9727280017446601
s0625,vertebrae_T9,0.9819,vertebrae,0.8329133507786063,0.9837580666020254,0.8224276363247408,0.9942437810558908,0.8240240031495448,0.9926474142310868,0.9849015130923187
s0698,adrenal_gland_left,0.8704,urinary,0.7727216112322696,0.9171270346472425,0.7447167278763929,0.9451319180031192,0.734898369497013,0.9549502763824991,0.7815710904699152
s0698,adrenal_gland_right,0.8743,urinary,0.8506779390950102,0.9239097909046285,0.8226730557391335,0.9519146742605052,0.8128546973597537,0.9617330326398851,0.8686526943673161
s0698,aorta,0.981,great_vessel,0.9704068020103241,0.9856441612285831,0.9424019186544474,1.0,0.93137907231972,1.0,0.9809911612607387
s0698,atrial_appendage_left,0.8893,heart,0.8396266750847642,0.9154068205186345,0.8116217917288875,0.9434117038745112,0.8277908889522273,0.9272426066511714,0.8578835609531275
s0698,autochthon_left,0.9504,muscle,0.936045536102129,0.9553040351195801,0.9080406527462523,0.9833089184754568,0.9106982950582388,0.9806512761634703,0.9285152990473612
s0698,autochthon_right,0.9515,muscle,0.9283465418640767,0.9553992210030802,0.9003416585082,0.9834041043589569,0.9029993008201865,0.9807464620469704,0.9342819142528884
s0698,brachiocephalic_trunk,0.8971,great_vessel,0.8664479850347688,0.933766285469447,0.8384431016788921,0.9617711688253237,0.8274202553441646,0.9727940151600512,0.905724518288877
s0698,brachiocephalic_vein_left,0.9104,great_vessel,0.862722922882894,0.9329000124483735,0.8347180395270173,0.9609048958042502,0.8236951931922898,0.9719277421389777,0.8481761168114431
s0698,brachiocephalic_vein_right,0.9259,great_vessel,0.8556474377473844,0.9485406565890178,0.8276425543915077,0.9765455399448945,0.8166197080567802,0.987568386279622,0.9131338665341878
s0698,clavicula_left,0.9794,shoulder_bone,0.933317197701286,0.9672169383325129,0.9053123143454093,0.9952218216883896,0.9005840559353875,0.9999500800984114,0.9644270659815483
s0698,clavicula_right,0.9659,shoulder_bone,0.930872710502348,0.965718192222622,0.9028678271464713,0.9937230755784987,0.8981395687364495,0.9984513339885205,0.9505859010390693
s0698,common_carotid_artery_left,0.9534,great_vessel,0.9153641987782433,0.9389124869415968,0.8873593154223666,0.9669173702974735,0.8763364690876391,0.977940216632201,0.9270932453680593
s0698,common_carotid_artery_right,0.957,great_vessel,0.8016688120899046,0.9067375039230686,0.7736639287340279,0.9347423872789453,0.7626410823993004,0.9457652336136728,0.8323756237900541
s0698,costal_cartilages,0.9086,costal_cartilage,0.8283112793563069,0.8922113664083116,0.8003063960004302,0.9202162497641883,0.7876952084876804,0.9328274372769381,0.8818610564754146
s0698,duodenum,0.5779,digestive,0.6670639993418883,0.915846885590468,0.6390591159860116,0.9438517689463447,0.5267415407701342,1.0,0.8117269123361446
s0698,esophagus,0.931,digestive,0.8973317681822731,0.9494795618234405,0.8693268848263964,0.9774844451793172,0.757009309610519,1.0,0.9262118538392812
s0698,gallbladder,0.2143,solid_abdominal,0.0814961010508008,0.7935314926945549,0.0534912176949241,0.8215363760504316,0.05098615326655759,0.8240414404787981,0.20798744365894575
s0698,heart,0.9253,heart,0.9568367524093776,0.9711422945361656,0.9288318690535009,0.9991471778920423,0.9450009662768407,0.9829780806687025,0.9439307000859938
s0698,humerus_left,0.9558,shoulder_bone,0.9429226119077707,0.9689377091872673,0.914917728551894,0.996942592543144,0.9101894701418722,1.0,0.9519886854142844
s0698,humerus_right,0.9491,shoulder_bone,0.9258540668014684,0.9610228299273299,0.8978491834455917,0.9890277132832066,0.89312092503557,0.9937559716932284,0.9519534916723468
s0698,iliopsoas_right,0.8571,muscle,0.008670204994079956,0.7860681158450558,0.0,0.8140729992009325,0.0,0.811415356888946,0.468574550838537
s0698,inferior_vena_cava,0.7956,great_vessel,0.8488124782827542,0.9431932424103492,0.8208075949268775,0.9711981257662259,0.80978474859215,0.9822209721009534,0.8898927377976996
s0698,kidney_left,0.9593,urinary,0.5301718249269289,0.921169175289396,0.5021669415710522,0.9491740586452727,0.4923485831916724,0.9589924170246525,0.8704991664441794
s0698,kidney_right,0.9798,urinary,0.9142631074627147,0.9603474525283655,0.886258224106838,0.9883523358842422,0.8764398657274581,0.998170694263622,0.9424456871569145
s0698,liver,0.9811,solid_abdominal,0.9464499107572457,0.9825948792839784,0.918445027401369,1.0,0.9159399629730025,1.0,0.9844285339209882
s0698,lung_lower_lobe_left,0.958,lung,0.9553399701071947,0.9721228218316217,0.927335086751318,1.0,0.9492596053410796,0.9782031865977369,0.9754298045978511
s0698,lung_lower_lobe_right,0.9846,lung,0.9735455917666677,0.9785504355204012,0.945540708410791,1.0,0.9674652270005525,0.9846308002865164,0.9765998036862855
s0698,lung_middle_lobe_right,0.9613,lung,0.9742461018332017,0.9747299473222567,0.946241218477325,1.0,0.9681657370670865,0.9808103120883719,0.9710655482084168
s0698,lung_upper_lobe_left,0.9851,lung,0.9872760246877977,0.9934746357049441,0.959271141331921,1.0,0.9811956599216826,0.9995550004710593,0.9875709763581336
s0698,lung_upper_lobe_right,0.9857,lung,0.9834940701824815,0.989444913200022,0.9554891868266048,1.0,0.9774137054163663,0.9955252779661372,0.98284396106614
s0698,pancreas,0.8316,solid_abdominal,0.6163836585285484,0.9048832270587561,0.5883787751726717,0.9328881104146328,0.5858737107443052,0.9353931748429993,0.8366764073527685
s0698,portal_vein_and_splenic_vein,0.6686,great_vessel,0.5990454489995902,0.8955561699156485,0.5710405656437135,0.9235610532715252,0.560017719308986,0.9345838996062527,0.7755518058710976
s0698,pulmonary_vein,0.9253,great_vessel,0.8850938147201912,0.9105178983228039,0.8570889313643145,0.9385227816786806,0.846066085029587,0.9495456280134081,0.9121042436199545
s0698,rib_left_1,0.908,rib,0.9157616648506587,0.9525502692646544,0.887756781494782,0.9805551526205311,0.8759023737829227,0.9924095603323904,0.9133413301306115
s0698,rib_left_10,0.974,rib,0.7966234965430998,0.9706979671503132,0.7686186131872231,0.9987028505061899,0.7567642054753638,1.0,0.9482553124309268
s0698,rib_left_11,0.9623,rib,0.8873226004874976,0.9605498839289947,0.8593177171316209,0.9885547672848713,0.8474633094197616,1.0,0.955912194676164
s0698,rib_left_12,0.8303,rib,0.6438566063684581,0.9508857834723735,0.6158517230125814,0.9788906668282502,0.6039973153007221,0.9907450745401095,0.8869993223324798
s0698,rib_left_2,0.9404,rib,0.9137560019403537,0.939157587626896,0.885751118584477,0.9671624709827727,0.8738967108726177,0.979016878694632,0.9249986131160026
s0698,rib_left_3,0.9603,rib,0.9461365439390499,0.9536692777723424,0.9181316605831732,0.9816741611282191,0.9062772528713139,0.9935285688400785,0.9323838965912238
s0698,rib_left_4,0.9603,rib,0.9099450461434063,0.9414947225970883,0.8819401627875296,0.969499605952965,0.8700857550756703,0.9813540136648243,0.9199330381799161
s0698,rib_left_5,0.9446,rib,0.9165242306076767,0.9365100622271267,0.8885193472518,0.9645149455830034,0.8766649395399407,0.9763693532948627,0.9254411719131657
s0698,rib_left_6,0.9513,rib,0.7699215925459897,0.9351667436284021,0.741916709190113,0.9631716269842788,0.7300623014782537,0.9750260346961381,0.9079038618655819
s0698,rib_left_7,0.9624,rib,0.9461532998256116,0.9666743264857122,0.9181484164697349,0.9946792098415889,0.9062940087578756,1.0,0.9511800079443233
s0698,rib_left_8,0.9626,rib,0.7634336826765198,0.9601512296669764,0.7354287993206431,0.9881561130228531,0.7235743916087838,1.0,0.9376008547705222
s0698,rib_left_9,0.9646,rib,0.7516510979803335,0.9583495001628398,0.7236462146244568,0.9863543835187165,0.7117918069125975,0.9982087912305758,0.9439595291408354
s0698,rib_right_1,0.8345,rib,0.9512351279193264,0.9664938693017888,0.9232302445634497,0.9944987526576655,0.9113758368515904,1.0,0.9584318045476844
s0698,rib_right_10,0.9712,rib,0.9236625741525667,0.9763958979447154,0.89565769079669,1.0,0.8838032830848307,1.0,0.9680116371065217
s0698,rib_right_11,0.9624,rib,0.8866521565799379,0.9690785732308996,0.8586472732240612,0.9970834565867763,0.8467928655122019,1.0,0.9633223711611035
s0698,rib_right_12,0.8552,rib,0.7231192336364234,0.9515389654916039,0.6951143502805467,0.9795438488474806,0.6832599425686874,0.9913982565593399,0.9562713620643302
s0698,rib_right_2,0.9549,rib,0.9349230603433916,0.948487433328558,0.9069181769875149,0.9764923166844347,0.8950637692756556,0.988346724396294,0.9418804136654595
s0698,rib_right_3,0.9454,rib,0.957337681159901,0.9537402082750864,0.9293327978040243,0.9817450916309631,0.917478390092165,0.9935994993428224,0.9364637722585881
s0698,rib_right_4,0.9569,rib,0.8468319660787537,0.9578373796931768,0.818827082722877,0.9858422630490535,0.8069726750110177,0.9976966707609128,0.9260301383661601
s0698,rib_right_5,0.9527,rib,0.9371182685994526,0.9565360211257501,0.9091133852435759,0.9845409044816268,0.8972589775317166,0.9963953121934861,0.9327189457932117
s0698,rib_right_6,0.9237,rib,0.8511136187159549,0.9512575284605594,0.8231087353600782,0.9792624118164361,0.8112543276482189,0.9911168195282954,0.9108809014461586
s0698,rib_right_7,0.9423,rib,0.909208487812014,0.9647917318961438,0.8812036044561373,0.9927966152520205,0.869349196744278,1.0,0.9436724611341557
s0698,rib_right_8,0.9582,rib,0.9650040025187911,0.9637137960498772,0.9369991191629145,0.9917186794057539,0.9251447114510551,1.0,0.9434610765158185
s0698,rib_right_9,0.9695,rib,0.9627908435707985,0.961921372239456,0.9347859602149218,0.9899262555953326,0.9229315525030625,1.0,0.9542842562700096
s0698,scapula_left,0.9698,shoulder_bone,0.8665116660408877,0.9744528943827506,0.838506782685011,1.0,0.8337785242749892,1.0,0.9653838452320096
s0698,scapula_right,0.9581,shoulder_bone,0.9634014908934309,0.9714219102301415,0.9353966075375542,0.9994267935860182,0.9306683491275324,1.0,0.9315110849532848
s0698,spinal_cord,0.9532,neuro,0.9265794940877589,0.9501866942064757,0.8985746107318822,0.9781915775623524,0.917166249016726,0.9595999392775085,0.9368817569857587
s0698,spleen,0.9843,solid_abdominal,0.9446625299435991,0.9774705168920139,0.9166576465877224,1.0,0.9141525821593559,1.0,0.9507623026364846
s0698,sternum,0.9282,shoulder_bone,0.9374751966008149,0.9633432429456799,0.9094703132449382,0.9913481263015566,0.9047420548349164,0.9960763847115783,0.9508754578467018
s0698,stomach,0.9828,digestive,0.7849487983937004,0.9385161773534647,0.7569439150378237,0.9665210607093414,0.6446263398219463,1.0,0.8831696499573859
s0698,subclavian_artery_left,0.9409,great_vessel,0.8698706696539644,0.9376002208889336,0.8418657862980877,0.9656051042448103,0.8308429399633602,0.9766279505795378,0.8989614628024405
s0698,subclavian_artery_right,0.9331,great_vessel,0.8785863430434718,0.9367367036938801,0.8505814596875951,0.9647415870497568,0.8395586133528676,0.9757644333844843,0.902116992898035
s0698,superior_vena_cava,0.974,great_vessel,0.8686742145191054,0.949138286924593,0.8406693311632287,0.9771431702804697,0.8296464848285012,0.9881660166151972,0.9274120940950086
s0698,thyroid_gland,0.9283,airway_neck,0.8275238855142628,0.9422402207371584,0.7995190021583861,0.9702451040930351,0.8198875641826306,0.9498765420687906,0.9128254521727845
s0698,trachea,0.9588,airway_neck,0.9288769797142352,0.9695975339643662,0.9008720963583585,0.9976024173202429,0.921240658382603,0.9772338552959984,0.9656953147318181
s0698,vertebrae_C6,0.8724,vertebrae,0.5892374310026102,0.9218863541731425,0.5612325476467335,0.9498912375290192,0.5596155077368238,0.9515082774389289,0.7258061319862414
s0698,vertebrae_C7,0.9405,vertebrae,0.7888601940247181,0.9169595495567281,0.7608553106688414,0.9449644329126048,0.7592382707589317,0.9465814728225145,0.823579360796461
s0698,vertebrae_L1,0.965,vertebrae,0.9871898182244866,0.9869029687234389,0.9591849348686099,1.0,0.9575678949587002,1.0,0.9828774293916309
s0698,vertebrae_L2,0.9136,vertebrae,0.09676970022690301,0.9072985956403626,0.06876481687102631,0.9353034789962393,0.06714777696111662,0.936920518906149,0.907115397741449
s0698,vertebrae_T1,0.9578,vertebrae,0.9386738920320433,0.9625972189188182,0.9106690086761666,0.9906021022746949,0.9090519687662569,0.9922191421846046,0.9653355155865102
s0698,vertebrae_T10,0.9535,vertebrae,0.9769591532485948,0.9779487249599135,0.9489542698927181,1.0,0.9473372299828084,1.0,0.9755778148065921
s0698,vertebrae_T11,0.9514,vertebrae,0.9545373984994951,0.9838323251668298,0.9265325151436185,1.0,0.9249154752337088,1.0,0.973857013044719
s0698,vertebrae_T12,0.9512,vertebrae,0.9315242620360398,0.9860730954044682,0.9035193786801631,1.0,0.9019023387702534,1.0,0.9807776148243594
s0698,vertebrae_T2,0.9543,vertebrae,0.9596413473180566,0.9735709964634878,0.9316364639621799,1.0,0.9300194240522702,1.0,0.9711946003322915
s0698,vertebrae_T3,0.9413,vertebrae,0.970353611374917,0.9749294600305503,0.9423487280190403,1.0,0.9407316881091307,1.0,0.9670568296252495
s0698,vertebrae_T4,0.9309,vertebrae,0.9571723748147408,0.9763126582584309,0.9291674914588641,1.0,0.9275504515489544,1.0,0.9620164021344906
s0698,vertebrae_T5,0.9232,vertebrae,0.9724386780823587,0.9781547384484565,0.944433794726482,1.0,0.9428167548165723,1.0,0.963619877659132
s0698,vertebrae_T6,0.9153,vertebrae,0.948824858137227,0.9785031628980523,0.9208199747813502,1.0,0.9192029348714406,1.0,0.9644122089374767
s0698,vertebrae_T7,0.9096,vertebrae,0.9647408951962639,0.9802510382819687,0.9367360118403872,1.0,0.9351189719304775,1.0,0.9658965943616085
s0698,vertebrae_T8,0.9434,vertebrae,0.965889057702083,0.9793725081785211,0.9378841743462063,1.0,0.9362671344362966,1.0,0.9706772014995728
s0698,vertebrae_T9,0.9553,vertebrae,0.9636147603951788,0.984430782648539,0.9356098770393021,1.0,0.9339928371293924,1.0,0.9766389414171326
s0675,adrenal_gland_left,0.9054,urinary,0.7105393386333978,0.9040296838467683,0.7000536241795323,0.9145153983006338,0.6976345081002565,0.9169345143799096,0.742017751978072
s0675,adrenal_gland_right,0.8071,urinary,0.48411855633600903,0.8811186346198395,0.47363284188214355,0.891604349073705,0.47121372580286774,0.8940234651529808,0.6636255561187709
s0675,aorta,0.9755,great_vessel,0.9191811263248352,0.9605009920657286,0.9086954118709697,0.9709867065195941,0.9078902740144317,0.9717918443761321,0.9643965784931735
s0675,atrial_appendage_left,0.9183,heart,0.6273963262763149,0.8894968400477061,0.6169106118224494,0.8999825545015716,0.6128381756665396,0.9040549906574814,0.7767108751944433
s0675,autochthon_left,0.9615,muscle,0.9434155162138607,0.9594168345815486,0.9329298017599952,0.9699025490354141,0.9401189903170006,0.9627133604784086,0.9445212317610482
s0675,autochthon_right,0.9643,muscle,0.9408801181860965,0.9571369519364468,0.930394403732231,0.9676226663903122,0.9375835922892365,0.9604334778333068,0.9426257198581236
s0675,brachiocephalic_trunk,0.8762,great_vessel,0.6862198600511313,0.8992018976696426,0.6757341455972659,0.9096876121235081,0.6749290077407278,0.9104927499800461,0.740929659054152
s0675,brachiocephalic_vein_left,0.8566,great_vessel,0.7358749884038516,0.9303993106790719,0.7253892739499861,0.9408850251329374,0.7245841360934481,0.9416901629894754,0.8125780990913916
s0675,brachiocephalic_vein_right,0.7892,great_vessel,0.5407359750911535,0.885469231106697,0.530250260637288,0.8959549455605624,0.52944512278075,0.8967600834171005,0.714527302713413
s0675,clavicula_left,0.9515,shoulder_bone,0.8786824791984879,0.9651283367159031,0.8681967647446224,0.9756140511697686,0.8694665036425118,0.9743443122718792,0.9260103699056937
s0675,clavicula_right,0.9679,shoulder_bone,0.9247511137062846,0.9716345837435376,0.9142653992524191,0.9821202981974031,0.9155351381503085,0.9808505592995137,0.9664790429334312
s0675,colon,0.9348,digestive,0.7394349857858725,0.9125252265747955,0.728949271332007,0.923010941028661,0.6603500463105917,0.9916101660500763,0.8575947799588375
s0675,common_carotid_artery_left,0.7554,great_vessel,0.5031991471640058,0.8724163350346731,0.49271343271014034,0.8829020494885386,0.4919082948536023,0.8837071873450766,0.6857925554778396
s0675,common_carotid_artery_right,0.8914,great_vessel,0.5122790249932909,0.873802857043417,0.5017933105394254,0.8842885714972825,0.5009881726828874,0.8850937093538205,0.735409982810437
s0675,costal_cartilages,0.8605,costal_cartilage,0.8581685818644733,0.9001421723315144,0.8476828674106078,0.9106278867853799,0.7960708666530407,0.962239887542947,0.8441308483423146
s0675,duodenum,0.7738,digestive,0.67554577171873,0.884448219960227,0.6650600572648645,0.8949339344140925,0.5964608322434491,0.9635331594355079,0.74672724036342
s0675,esophagus,0.9293,digestive,0.8718551915698933,0.9392429741392561,0.8613694771160278,0.9497286885931215,0.7927702520946125,1.0,0.9113841761983745
s0675,gallbladder,0.9601,solid_abdominal,0.7625015071104685,0.9263115508313364,0.752015792656603,0.9367972652852019,0.7456940344385861,0.9431190235032189,0.8670339416113447
s0675,heart,0.9246,heart,0.7799266078232291,0.9602144392093671,0.7694408933693636,0.9707001536632326,0.7653684572134538,0.9747725898191424,0.9268854611130092
s0675,humerus_left,0.6724,shoulder_bone,0.6722052150446627,0.9174092938983923,0.6617195005907972,0.9278950083522578,0.6629892394886866,0.9266252694543684,0.8704178762794922
s0675,humerus_right,0.9179,shoulder_bone,0.9267842888613281,0.9559163387567526,0.9162985744074627,0.9664020532106181,0.917568313305352,0.9651323143127287,0.9305510782516645
s0675,iliopsoas_left,0.8885,muscle,0.19234018096202654,0.8365555261904369,0.18185446650816106,0.8470412406443024,0.18904365506516652,0.839852052087297,0.6168694567036738
s0675,iliopsoas_right,0.8523,muscle,0.7127725650773745,0.8723930757723967,0.702286850623509,0.8828787902262621,0.7094760391805145,0.8756896016692567,0.7591503559317273
s0675,inferior_vena_cava,0.9108,great_vessel,0.8262089666179399,0.9410405956434094,0.8157232521640744,0.9515263100972748,0.8149181143075364,0.9523314479538129,0.8943540640735674
s0675,kidney_left,0.9796,urinary,0.9076221229790671,0.9441241342011458,0.8971364085252016,0.9546098486550113,0.8947172924459258,0.9570289647342871,0.9265549523452604
s0675,kidney_right,0.9718,urinary,0.8937147695071936,0.9460716002085695,0.8832290550533282,0.956557314662435,0.8808099389740524,0.9589764307417108,0.9258686029680874
s0675,liver,0.9832,solid_abdominal,0.9429817277904147,0.9764842169442431,0.9324960133365492,0.9869699313981086,0.9261742551185322,0.9932916896161256,0.9609359671661406
s0675,lung_lower_lobe_left,0.9733,lung,0.9773931150691132,0.9788815144885464,0.9669074006152477,0.9893672289424119,0.9693606054556305,0.9869140241020291,0.9750689381489296
s0675,lung_lower_lobe_right,0.9847,lung,0.9899757163598998,0.9878751811045217,0.9794900019060343,0.9983608955583871,0.9819432067464171,0.9959076907180043,0.981389670225316
s0675,lung_middle_lobe_right,0.9695,lung,0.9550348422977198,0.9783591688910555,0.9445491278438544,0.9888448833449209,0.9470023326842372,0.9863916785045381,0.9677224742189314
s0675,lung_upper_lobe_left,0.9902,lung,0.9740291757057056,0.9890127697735644,0.9635434612518401,0.9994984842274299,0.9659966660922229,0.9970452793870471,0.9844569280164619
s0675,lung_upper_lobe_right,0.9857,lung,0.9670903597675505,0.9899114465847766,0.956604645313685,1.0,0.9590578501540679,0.9979439561982593,0.9831943291947215
s0675,pancreas,0.9251,solid_abdominal,0.7838161634135616,0.9443696578516287,0.7733304489596962,0.9548553723054942,0.7670086907416792,0.9611771305235112,0.8853654509809163
s0675,portal_vein_and_splenic_vein,0.6825,great_vessel,0.4361175607252564,0.8684518781916618,0.42563184627139095,0.8789375926455273,0.4248267084148529,0.8797427305020653,0.6833075821218896
s0675,pulmonary_vein,0.9376,great_vessel,0.744814820980102,0.885002832995888,0.7343291065262365,0.8954885474497535,0.7335239686696985,0.8962936853062915,0.8774606380587482
s0675,rib_left_1,0.9544,rib,0.8208828229432847,0.9679364827456669,0.8103971084894193,0.9784221971995324,0.8078509880370259,0.9809683176519257,0.9259514800444596
s0675,rib_left_10,0.7698,rib,0.5440193690782394,0.87589636284235,0.533533654624374,0.8863820772962154,0.5309875341719806,0.8889281977486088,0.6035787379472954
s0675,rib_left_11,0.9823,rib,0.9518176117627616,0.9641539429810009,0.9413318973088961,0.9746396574348664,0.9387857768565028,0.9771857778872597,0.9679313198081693
s0675,rib_left_12,0.9479,rib,0.5032061285401283,0.94014767224868,0.49272041408626277,0.9506333867025455,0.49017429363386944,0.9531795071549388,0.8769900607230047
s0675,rib_left_2,0.9485,rib,0.9286438810379957,0.9637481306789613,0.9181581665841302,0.9742338451328267,0.9156120461317369,0.9767799655852201,0.9511738426622288
s0675,rib_left_3,0.9658,rib,0.8233827040661507,0.9492491972409497,0.8128969896122852,0.9597349116948152,0.8103508691598919,0.9622810321472085,0.9339795764055784
s0675,rib_left_4,0.9031,rib,0.8215764533789646,0.9402937970573035,0.8110907389250991,0.950779511511169,0.8085446184727058,0.9533256319635623,0.9344510562823939
s0675,rib_left_5,0.6857,rib,0.2985894642748393,0.9018712727245671,0.2881037498209738,0.9123569871784326,0.2855576293685805,0.9149031076308259,0.8260835077321332
s0675,rib_left_6,0.479,rib,0.4929122050230945,0.8685470546222889,0.48242649056922904,0.8790327690761544,0.4798803701168357,0.8815788895285477,0.5720243682230715
s0675,rib_left_7,0.4105,rib,0.5467123627631216,0.8692280625854263,0.5362266483092561,0.8797137770392918,0.5336805278568628,0.8822598974916851,0.5653214384690284
s0675,rib_left_8,0.4302,rib,0.5440275860791961,0.867491821812131,0.5335418716253306,0.8779775362659965,0.5309957511729373,0.8805236567183898,0.5552984379742145
s0675,rib_left_9,0.5476,rib,0.4494402823547266,0.8663752726757501,0.4389545679008611,0.8768609871296156,0.4364084474484678,0.8794071075820089,0.5000709607130424
s0675,rib_right_1,0.9497,rib,0.6190130419896996,0.9538970565468837,0.6085273275358342,0.9643827710007492,0.6059812070834408,0.9669288914531425,0.8400159760669654
s0675,rib_right_10,0.9748,rib,0.8139577277065962,0.9671301157534403,0.8034720132527308,0.9776158302073058,0.8009258928003374,0.9801619506596991,0.9555062939121567
s0675,rib_right_11,0.9774,rib,0.9590520420485638,0.9561611980255058,0.9485663275946983,0.9666469124793713,0.946020207142305,0.9691930329317646,0.9653483488021843
s0675,rib_right_12,0.9773,rib,0.8075135376884398,0.9346123659320921,0.7970278232345743,0.9450980803859576,0.794481702782181,0.9476442008383509,0.9331856551014646
s0675,rib_right_2,0.973,rib,0.8418823135901639,0.9607889354566086,0.8313965991362984,0.9712746499104741,0.828850478683905,0.9738207703628674,0.9465523659387678
s0675,rib_right_3,0.9711,rib,0.8236371269829877,0.9485962755539805,0.8131514125291223,0.959081990007846,0.8106052920767289,0.9616281104602393,0.9364463422788768
s0675,rib_right_4,0.9488,rib,0.7260349732864644,0.9157098499842666,0.7155492588325989,0.9261955644381321,0.7130031383802056,0.9287416848905254,0.8868788507890012
s0675,rib_right_5,0.9539,rib,0.9532674634942293,0.9521809149814313,0.9427817490403638,0.9626666294352968,0.9402356285879705,0.9652127498876901,0.9454808249988247
s0675,rib_right_6,0.8678,rib,0.939807513765499,0.9606221832971792,0.9293217993116335,0.9711078977510447,0.9267756788592402,0.973654018203438,0.9484571710221709
s0675,rib_right_7,0.8049,rib,0.5012280752441545,0.8710326463374792,0.490742360790289,0.8815183607913447,0.48819624033789566,0.884064481243738,0.7845351442577047
s0675,rib_right_8,0.8971,rib,0.5051035416053969,0.8732363081649346,0.49461782715153146,0.8837220226188001,0.49207170669913813,0.8862681430711934,0.8158775935102717
s0675,rib_right_9,0.9739,rib,0.9162012220691065,0.9627538599626544,0.905715507615241,0.9732395744165199,0.9031693871628477,0.9757856948689132,0.957654417891499
s0675,scapula_left,0.9583,shoulder_bone,0.9445554137919981,0.9681884104808143,0.9340696993381327,0.9786741249346798,0.9353394382360221,0.9774043860367904,0.9349856350740255
s0675,scapula_right,0.9663,shoulder_bone,0.9585700143317938,0.969924375039923,0.9480842998779283,0.9804100894937885,0.9493540387758177,0.9791403505958991,0.9522010721853982
s0675,small_bowel,0.9121,digestive,0.908156580912121,0.9309743575248731,0.8976708664582556,0.9414600719787386,0.8290716414368402,1.0,0.9052913507712199
s0675,spinal_cord,0.9573,neuro,0.9061502592630128,0.9448985845179987,0.8956645448091474,0.9553842989718642,0.8904848629005904,0.9605639808804212,0.9354735155127394
s0675,spleen,0.9761,solid_abdominal,0.9235757206721228,0.951784871246884,0.9130900062182573,0.9622705857007495,0.9067682480002404,0.9685923439187665,0.9450930836997472
s0675,sternum,0.8817,shoulder_bone,0.8272813744859231,0.9343731159421517,0.8167956600320576,0.9448588303960171,0.818065398929947,0.9435890914981278,0.9029999009199753
s0675,stomach,0.9706,digestive,0.9194506372859722,0.9615581112515917,0.9089649228321067,0.9720438257054572,0.8403656978106914,1.0,0.9355413221569819
s0675,subclavian_artery_left,0.7389,great_vessel,0.587820477451179,0.8897691312186505,0.5773347629973136,0.900254845672516,0.5765296251407755,0.901059983529054,0.7603595041323853
s0675,subclavian_artery_right,0.9056,great_vessel,0.728466962054588,0.9056005573345131,0.7179812476007226,0.9160862717883785,0.7171761097441846,0.9168914096449166,0.7634618113941373
s0675,superior_vena_cava,0.9255,great_vessel,0.7873181186663175,0.9325425301997812,0.776832404212452,0.9430282446536467,0.776027266355914,0.9438333825101847,0.8785359411841019
s0675,thyroid_gland,0.7831,airway_neck,0.40274334966964126,0.9036828765692345,0.3922576352157758,0.9141685910231,0.40529081075172885,0.9011354154871469,0.724639092062069
s0675,trachea,0.9695,airway_neck,0.9090462917525467,0.9772604473793849,0.8985605772986812,0.9877461618332504,0.9115937528346343,0.9747129862972973,0.9361489930102238
s0675,vertebrae_C7,0.9384,vertebrae,0.6781060158517457,0.9036603444677536,0.6676203013978802,0.914146058921619,0.6692166682226842,0.912549692096815,0.823033619054133
s0675,vertebrae_L1,0.9856,vertebrae,0.9798518734876588,0.9783826733320534,0.9693661590337933,0.9888683877859189,0.9709625258585973,0.9872720209611149,0.9651190540464268
s0675,vertebrae_L2,0.946,vertebrae,0.30738562681675835,0.9275394332529758,0.29689991236289287,0.9380251477068413,0.2984962791876969,0.9364287808820373,0.8935170793379221
s0675,vertebrae_T1,0.9606,vertebrae,0.9071237248143397,0.9673404298058041,0.8966380103604742,0.9778261442596696,0.8982343771852782,0.9762297774348656,0.9361214782688471
s0675,vertebrae_T10,0.9851,vertebrae,0.9482197829066327,0.9851003252598318,0.9377340684527672,0.9955860397136973,0.9393304352775712,0.9939896728888933,0.9622462132718241
s0675,vertebrae_T11,0.9821,vertebrae,0.9711875538511038,0.9784914042178445,0.9607018393972383,0.98897711867171,0.9622982062220423,0.987380751846906,0.9632792020962057
s0675,vertebrae_T12,0.9795,vertebrae,0.9457619260768955,0.976904910707053,0.93527621162303,0.9873906251609185,0.936872578447834,0.9857942583361144,0.9606372287035149
s0675,vertebrae_T2,0.9708,vertebrae,0.8920334127735199,0.9667009514085264,0.8815476983196544,0.9771866658623919,0.8831440651444584,0.9755902990375879,0.9269498165217515
s0675,vertebrae_T3,0.9773,vertebrae,0.8913681973868158,0.9695576560422454,0.8808824829329504,0.9800433704961109,0.8824788497577544,0.9784470036713069,0.9356490959590387
s0675,vertebrae_T4,0.98,vertebrae,0.9104726305335411,0.9693178586584409,0.8999869160796756,0.9798035731123064,0.9015832829044796,0.9782072062875024,0.9235156070957151
s0675,vertebrae_T5,0.9766,vertebrae,0.872625686063401,0.9641327107239973,0.8621399716095355,0.9746184251778628,0.8637363384343395,0.9730220583530588,0.8975548536241256
s0675,vertebrae_T6,0.9556,vertebrae,0.8837173417191687,0.9672684251435326,0.8732316272653032,0.9777541395973981,0.8748279940901073,0.9761577727725941,0.9144107638948091
s0675,vertebrae_T7,0.9585,vertebrae,0.857688900443064,0.974391112949416,0.8472031859891985,0.9848768274032815,0.8487995528140025,0.9832804605784775,0.9266244332563647
s0675,vertebrae_T8,0.9782,vertebrae,0.8890385807535978,0.975632454539031,0.8785528662997323,0.9861181689928965,0.8801492331245363,0.9845218021680925,0.9328702706865106
s0675,vertebrae_T9,0.9823,vertebrae,0.9259564687181724,0.9757848290468024,0.9154707542643069,0.9862705435006679,0.9170671210891109,0.9846741766758639,0.9432189360312557
s0420,adrenal_gland_left,0.8375,urinary,0.7979463694763214,0.9298625159460044,0.7830777208685128,0.944731164553813,0.7812593270895667,0.9465495583327591,0.8609130129377509
s0420,adrenal_gland_right,0.8094,urinary,0.5837042342623853,0.9007461482376816,0.5688355856545767,0.9156147968454902,0.5670171918756306,0.9174331906244363,0.7563059561057246
s0420,aorta,0.9645,great_vessel,0.9715585945073348,0.9727212128154018,0.9566899458995263,0.9875898614232104,0.9570418908691445,0.9872379164535922,0.9763795850867208
s0420,atrial_appendage_left,0.9068,heart,0.8788036050654056,0.9486859017181298,0.863934956457597,0.9635545503259384,0.8674937958972802,0.9599957108862552,0.920620673320535
s0420,autochthon_left,0.9593,muscle,0.9518471591419202,0.9730527764509403,0.9369785105341116,0.9879214250587489,0.9434901226709487,0.9814098129219119,0.9669626374818324
s0420,autochthon_right,0.9596,muscle,0.961277977613242,0.9743323790266261,0.9464093290054334,0.9892010276344346,0.9529209411422704,0.9826894154975976,0.9645716523874676
s0420,brachiocephalic_trunk,0.8925,great_vessel,0.8532065420306623,0.9596001886716521,0.8383378934228537,0.9744688372794607,0.8386898383924719,0.9741168923098424,0.925436372273775
s0420,brachiocephalic_vein_left,0.83,great_vessel,0.7845721393172249,0.9096621316041759,0.7697034907094163,0.9245307802119844,0.7700554356790346,0.9241788352423662,0.8873492330645687
s0420,brachiocephalic_vein_right,0.8524,great_vessel,0.8735889288368258,0.9587490136642822,0.8587202802290173,0.9736176622720908,0.8590722251986355,0.9732657173024726,0.9163587066447754
s0420,clavicula_left,0.9658,shoulder_bone,0.9244258807465894,0.9702151775005866,0.9095572321387808,0.9850838261083952,0.913932124335101,0.980708933912075,0.9657071021612756
s0420,clavicula_right,0.9716,shoulder_bone,0.9040614032998466,0.9691002825196257,0.8891927546920381,0.9839689311274342,0.8935676468883582,0.9795940389311141,0.9613872454082019
s0420,colon,0.4319,digestive,0.8425066634879603,0.9212879472002757,0.8276380148801518,0.9361565958080843,0.7773649204946572,0.9864296901935788,0.8837565017166004
s0420,common_carotid_artery_left,0.9546,great_vessel,0.8768855367490952,0.9426387232273308,0.8620168881412866,0.9575073718351393,0.8623688331109048,0.9571554268655211,0.9220652532225487
s0420,common_carotid_artery_right,0.8842,great_vessel,0.8937375583243714,0.9482240637952353,0.8788689097165628,0.9630927124030438,0.879220854686181,0.9627407674334256,0.9367025832955702
s0420,costal_cartilages,0.8508,costal_cartilage,0.8228365906108616,0.8886937578227241,0.807967942003053,0.9035624064305326,0.8063956740085618,0.9051346744250238,0.8672394300507441
s0420,duodenum,0.405,digestive,0.4492965241024105,0.8650330212976763,0.43442787549460193,0.8799016699054849,0.3841547811091074,0.9301747642909795,0.6332451783513624
s0420,esophagus,0.8438,digestive,0.8920744988511967,0.944290275446301,0.8772058502433882,0.9591589240541095,0.8269327558578936,1.0,0.9159588580139508
s0420,heart,0.9411,heart,0.953338762709962,0.9651754978587644,0.9384701141021534,0.980044146466573,0.9420289535418366,0.9764853070268898,0.9404422292103589
s0420,humerus_left,0.9751,shoulder_bone,0.8133510647659001,0.9713062460293173,0.7984824161580916,0.9861748946371258,0.8028573083544117,0.9818000024408057,0.9646925090554295
s0420,humerus_right,0.9541,shoulder_bone,0.9251325554359439,0.9716796731740028,0.9102639068281353,0.9865483217818114,0.9146387990244554,0.9821734295854913,0.9585590706145889
s0420,iliopsoas_left,0.8011,muscle,0.8490877100036481,0.9050987933336814,0.8342190613958396,0.9199674419414899,0.8407306735326766,0.9134558298046529,0.9016355301340928
s0420,iliopsoas_right,0.7734,muscle,0.716022062145708,0.8848884598176504,0.7011534135378994,0.899757108425459,0.7076650256747364,0.8932454962886219,0.7731764587825031
s0420,inferior_vena_cava,0.8656,great_vessel,0.8575638389178993,0.9596657801764016,0.8426951903100908,0.9745344287842101,0.843047135279709,0.9741824838145919,0.9085868928223415
s0420,kidney_left,0.9664,urinary,0.6969086977205942,0.9535263243726804,0.6820400491127856,0.9683949729804889,0.6802216553338395,0.970213366759435,0.9242379537983385
s0420,liver,0.9614,solid_abdominal,0.963632777118866,0.9772706567423085,0.9487641285110574,0.9921393053501171,0.9444829543031865,0.996420479557988,0.965118772453002
s0420,lung_lower_lobe_left,0.9905,lung,0.983261059884307,0.990169589637675,0.9683924112764984,1.0,0.967222887358087,1.0,0.9877879967609705
s0420,lung_lower_lobe_right,0.988,lung,0.9149630348412715,0.987052958037701,0.9000943862334629,1.0,0.8989248623150515,1.0,0.9760438317113448
s0420,lung_middle_lobe_right,0.9712,lung,0.9586059799335811,0.981799402852266,0.9437373313257725,0.9966680514600745,0.9425678074073611,0.9978375753784859,0.9749156097737933
s0420,lung_upper_lobe_left,0.9925,lung,0.979255181100844,0.9891880094159983,0.9643865324930354,1.0,0.963217008574624,1.0,0.9937233189250542
s0420,lung_upper_lobe_right,0.9855,lung,0.9803876769202129,0.9903348419024395,0.9655190283124043,1.0,0.9643495043939929,1.0,0.9883203626291286
s0420,pancreas,0.8766,solid_abdominal,0.5185265350737839,0.9004356455148931,0.5036578864659753,0.9153042941227016,0.4993767122581044,0.9195854683305725,0.8968578966849426
s0420,portal_vein_and_splenic_vein,0.8065,great_vessel,0.5956128786469131,0.9029701382789438,0.5807442300391046,0.9178387868867524,0.5810961750087228,0.9174868419171341,0.7262001748086907
s0420,pulmonary_vein,0.9253,great_vessel,0.6143927592838214,0.9277094214373552,0.5995241106760129,0.9425780700451638,0.5998760556456311,0.9422261250755456,0.8611060837130856
s0420,rib_left_1,0.854,rib,0.7941203659984549,0.9570229169054808,0.7792517173906464,0.9718915655132894,0.7758407736121107,0.975302509291825,0.9043138723500204
s0420,rib_left_10,0.8923,rib,0.7309915792521513,0.9276261922596086,0.7161229306443427,0.9424948408674172,0.7127119868658071,0.9459057846459529,0.8820867151013656
s0420,rib_left_11,0.9818,rib,0.916336920634443,0.9646562740446052,0.9014682720266345,0.9795249226524138,0.8980573282480988,0.9829358664309494,0.9429715093957193
s0420,rib_left_12,0.9401,rib,0.7374824047911492,0.9440855576232194,0.7226137561833407,0.958954206231028,0.719202812404805,0.9623651500095637,0.9264021546918346
s0420,rib_left_2,0.9733,rib,0.9106267968663174,0.9619037737431225,0.8957581482585089,0.9767724223509311,0.8923472044799732,0.9801833661294668,0.9451381007913849
s0420,rib_left_3,0.9191,rib,0.9437997793980722,0.9663431300867312,0.9289311307902637,0.9812117786945398,0.925520187011728,0.9846227224730755,0.9665025934462305
s0420,rib_left_4,0.9686,rib,0.9501687677022094,0.9672038810650321,0.9353001190944008,0.9820725296728406,0.9318891753158651,0.9854834734513763,0.9683788885701917
s0420,rib_left_5,0.9734,rib,0.9503501969193036,0.9655723167666443,0.935481548311495,0.9804409653744529,0.9320706045329593,0.9838519091529886,0.966271593634063
s0420,rib_left_6,0.978,rib,0.9379599259994685,0.9677322278625926,0.92309127739166,0.9826008764704012,0.9196803336131243,0.9860118202489369,0.9646540674960584
s0420,rib_left_7,0.9101,rib,0.9427009037963469,0.9695688221283383,0.9278322551885383,0.9844374707361468,0.9244213114100026,0.9878484145146825,0.958923105293304
s0420,rib_left_8,0.7798,rib,0.6658904993689644,0.9181901829718859,0.6510218507611558,0.9330588315796945,0.6476109069826201,0.9364697753582302,0.8312878199951892
s0420,rib_left_9,0.7863,rib,0.44140649665906917,0.9217464718466584,0.4265378480512606,0.9366151204544669,0.4231269042727249,0.9400260642330026,0.8179533177653927
s0420,rib_right_1,0.7551,rib,0.8644711479036767,0.9596424541167538,0.8496024992958682,0.9745111027245623,0.8461915555173325,0.977922046503098,0.9362146145957297
s0420,rib_right_10,0.9752,rib,0.9224235048252651,0.9707772503011549,0.9075548562174566,0.9856458989089635,0.9041439124389209,0.9890568426874992,0.9657763176815357
s0420,rib_right_11,0.9612,rib,0.9024091473772957,0.9621095737225198,0.8875404987694872,0.9769782223303284,0.8841295549909515,0.9803891661088641,0.939432900282856
s0420,rib_right_12,0.9648,rib,0.781229726205559,0.9516975297673789,0.7663610775977504,0.9665661783751874,0.7629501338192147,0.9699771221537231,0.9332846191232862
s0420,rib_right_2,0.9587,rib,0.9499776207693009,0.9609544132491944,0.9351089721614924,0.975823061857003,0.9316980283829567,0.9792340056355386,0.9598819131484687
s0420,rib_right_3,0.9705,rib,0.9440781800857353,0.9659502166857271,0.9292095314779267,0.9808188652935357,0.925798587699391,0.9842298090720714,0.9643458806540549
s0420,rib_right_4,0.9705,rib,0.9427247338701599,0.9680630287478756,0.9278560852623513,0.9829316773556842,0.9244451414838156,0.9863426211342199,0.9619953683630827
s0420,rib_right_5,0.9717,rib,0.9306806985453789,0.9662087408670919,0.9158120499375704,0.9810773894749004,0.9124011061590347,0.9844883332534361,0.9635686073107508
s0420,rib_right_6,0.9786,rib,0.9410906778666231,0.9660808444744282,0.9262220292588146,0.9809494930822368,0.9228110854802789,0.9843604368607725,0.9622467821137466
s0420,rib_right_7,0.9789,rib,0.9323301890425747,0.9735397144157529,0.9174615404347661,0.9884083630235615,0.9140505966562305,0.9918193068020972,0.9698026789764208
s0420,rib_right_8,0.9744,rib,0.9521077291215017,0.9704370846709122,0.9372390805136931,0.9853057332787207,0.9338281367351574,0.9887166770572564,0.9649179698629811
s0420,rib_right_9,0.9752,rib,0.9370499767019046,0.9694396514767203,0.922181328094096,0.9843083000845289,0.9187703843155604,0.9877192438630645,0.9693086586365469
s0420,scapula_left,0.9625,shoulder_bone,0.944553157621431,0.9726982895225735,0.9296845090136224,0.9875669381303821,0.9340594012099426,0.983192045934062,0.9528870013108695
s0420,scapula_right,0.9545,shoulder_bone,0.9444779948316729,0.9717055155087899,0.9296093462238644,0.9865741641165985,0.9339842384201845,0.9821992719202783,0.9536053068916067
s0420,spinal_cord,0.9357,neuro,0.9338534287623035,0.9498963467556665,0.9189847801544949,0.964764995363475,0.9260421774577009,0.9577075980602691,0.9365722781814089
s0420,spleen,0.9864,solid_abdominal,0.9596140442886585,0.9774233085744058,0.9447453956808499,0.9922919571822144,0.940464221472979,0.9965731313900853,0.9746160876729102
s0420,sternum,0.9288,shoulder_bone,0.9097517157975437,0.9534190147333009,0.8948830671897351,0.9682876633411095,0.8992579593860552,0.9639127711447893,0.9442852201043376
s0420,stomach,0.8606,digestive,0.9155356128903761,0.9569730546857731,0.9006669642825675,0.9718417032935817,0.850393869897073,1.0,0.9396528183029647
s0420,subclavian_artery_left,0.8833,great_vessel,0.9201184839475701,0.9479066384600741,0.9052498353397616,0.9627752870678826,0.9056017803093798,0.9624233420982644,0.9274426285031601
s0420,subclavian_artery_right,0.873,great_vessel,0.8649029241469127,0.9399827482612568,0.8500342755391042,0.9548513968690654,0.8503862205087224,0.9544994518994472,0.9348693772050478
s0420,superior_vena_cava,0.9158,great_vessel,0.8405684320251499,0.9679052820791094,0.8256997834173413,0.982773930686918,0.8260517283869595,0.9824219857172998,0.9113280498055871
s0420,thyroid_gland,0.8351,airway_neck,0.570851940743663,0.913734157627285,0.5559832921358544,0.9286028062350936,0.5599783112385577,0.9246077871323903,0.7726323634260772
s0420,trachea,0.9552,airway_neck,0.8875255858709523,0.9722721204082657,0.8726569372631438,0.9871407690160743,0.876651956365847,0.983145749913371,0.9537146048049387
s0420,vertebrae_C7,0.8911,vertebrae,0.7515622015024477,0.9493424111681026,0.7366935528946391,0.9642110597759112,0.736200979460168,0.9647036332103822,0.8702654812853491
s0420,vertebrae_L1,0.9863,vertebrae,0.9627685005424347,0.9776708165046221,0.9478998519346261,0.9925394651124306,0.947407278500155,0.9930320385469017,0.9822861042101264
s0420,vertebrae_L2,0.7143,vertebrae,0.23509403838790005,0.9254091452269662,0.22022538978009149,0.9402777938347747,0.21973281634562042,0.9407703672692458,0.48756475182169084
s0420,vertebrae_T1,0.9756,vertebrae,0.9158555642062359,0.9768243694235038,0.9009869155984274,0.9916930180313124,0.9004943421639563,0.9921855914657834,0.9711081692480281
s0420,vertebrae_T10,0.9833,vertebrae,0.9663862134678786,0.977680059275917,0.95151756486007,0.9925487078837255,0.9510249914255989,0.9930412813181966,0.9769748881193376
s0420,vertebrae_T11,0.9812,vertebrae,0.9781331906298277,0.9820010196956032,0.9632645420220192,0.9968696683034117,0.9627719685875481,0.9973622417378828,0.9832454415039447
s0420,vertebrae_T12,0.9864,vertebrae,0.9366393018513004,0.9816402721570966,0.9217706532434918,0.9965089207649052,0.9212780798090208,0.9970014941993762,0.9803241569635294
s0420,vertebrae_T2,0.9778,vertebrae,0.953696464873332,0.9731053981271718,0.9388278162655235,0.9879740467349803,0.9383352428310524,0.9884666201694514,0.9708541132974079
s0420,vertebrae_T3,0.9854,vertebrae,0.9442539425062901,0.9741507440870818,0.9293852938984816,0.9890193926948904,0.9288927204640105,0.9895119661293614,0.9704841249591579
s0420,vertebrae_T4,0.9748,vertebrae,0.9471162570709177,0.9741820730122223,0.9322476084631092,0.9890507216200308,0.9317550350286381,0.9895432950545019,0.9738998954138385
s0420,vertebrae_T5,0.9738,vertebrae,0.9651266106812317,0.9687643086781527,0.9502579620734232,0.9836329572859612,0.9497653886389521,0.9841255307204323,0.9456503727086841
s0420,vertebrae_T6,0.984,vertebrae,0.9663209815970537,0.9760334803309572,0.9514523329892451,0.9909021289387657,0.9509597595547741,0.9913947023732368,0.9703973733531633
s0420,vertebrae_T7,0.9864,vertebrae,0.9580847728959501,0.9776767084210953,0.9432161242881415,0.9925453570289039,0.9427235508536704,0.993037930463375,0.9750879818270385
s0420,vertebrae_T8,0.99,vertebrae,0.9713362273344133,0.9782424291515048,0.9564675787266047,0.9931110777593134,0.9559750052921336,0.9936036511937845,0.9757734577427774
s0420,vertebrae_T9,0.9819,vertebrae,0.9705175416351096,0.9779455881389154,0.955648893027301,0.992814236746724,0.95515631959283,0.993306810181195,0.9741971240282713
s0655,aorta,0.9787,great_vessel,0.8248154455547649,0.9612588873932265,0.8143297311008995,0.971744601847092,0.8135245932443614,0.97254973970363,0.9133616689244175
s0655,atrial_appendage_left,0.9369,heart,0.8652593283219485,0.9581527408123324,0.854773613868083,0.9686384552661979,0.8507011777121732,0.9727108914221076,0.9300847618302155
s0655,costal_cartilages,0.4438,costal_cartilage,0.7961514640167074,0.9032160048691795,0.785665749562842,0.913701719323045,0.7340537488052749,0.9653137200806121,0.7917610797783374
s0655,esophagus,0.9194,digestive,0.879007906870183,0.9363276421447789,0.8685221924163176,0.9468133565986444,0.7999229673949022,1.0,0.8981825222316764
s0655,heart,0.9459,heart,0.9107858969941153,0.9689043475478657,0.9003001825402498,0.9793900620017312,0.89622774638434,0.983462498157641,0.9414645933653806
s0655,inferior_vena_cava,0.9312,great_vessel,0.8054699387051706,0.9507549726637767,0.7949842242513051,0.9612406871176422,0.7941790863947671,0.9620458249741802,0.9103902303617826
s0655,liver,0.9378,solid_abdominal,0.8716299229075813,0.9597516581577858,0.8611442084537159,0.9702373726116513,0.8548224502356989,0.9765591308296683,0.8954239749210178
s0655,lung_lower_lobe_left,0.9892,lung,0.9708821419301907,0.9846867436497673,0.9603964274763253,0.9951724581036328,0.9628496323167081,0.99271925326325,0.9875848540613855
s0655,lung_lower_lobe_right,0.9787,lung,0.9818840717004997,0.989117967386026,0.9713983572466343,0.9996036818398915,0.9738515620870171,0.9971504769995087,0.9854755376549738
s0655,lung_middle_lobe_right,0.9085,lung,0.9584557177765024,0.9735108245460294,0.9479700033226369,0.9839965389998949,0.9504232081630197,0.9815433341595121,0.965347736792915
s0655,lung_upper_lobe_left,0.9912,lung,0.9435535377974743,0.9808072597369631,0.9330678233436088,0.9912929741908286,0.9355210281839916,0.9888397693504458,0.9740484381435062
s0655,lung_upper_lobe_right,0.9256,lung,0.9300672537275706,0.9791700866998561,0.9195815392737051,0.9896558011537215,0.9220347441140879,0.9872025963133387,0.9701148517566727
s0655,pulmonary_vein,0.9505,great_vessel,0.7655288616561995,0.9359620401800048,0.755043147202334,0.9464477546338703,0.754238009345796,0.9472528924904083,0.8724919404043511
s0655,rib_left_3,0.0,rib,0.09003340903087796,0.8800431716977404,0.07954769457701248,0.8905288861516059,0.07700157412461915,0.8930750066039992,0.11759951664989977
s0655,rib_left_4,0.0,rib,0.0,0.9270945640742502,0.0,0.9375802785281157,0.0,0.940126398980509,0.6823296250325083
s0655,rib_left_5,0.0,rib,0.16006584689915085,0.9062406857911026,0.14958013244528537,0.9167264002449681,0.14703401199289204,0.9192725206973614,0.3867088274389409
s0655,spleen,0.5836,solid_abdominal,0.5925809028647135,0.9573270273749852,0.5820951884108481,0.9678127418288507,0.5757734301928311,0.9741345000468676,0.8856705331446176
s0655,sternum,0.4341,shoulder_bone,0.7848128913471872,0.9262703621377137,0.7743271768933218,0.9367560765915792,0.7755969157912112,0.9354863376936898,0.8768906599085368
s0655,stomach,0.6593,digestive,0.627204697004814,0.9549790900029516,0.6167189825509485,0.965464804456817,0.5481197575295331,1.0,0.9221184641372431
s0655,superior_vena_cava,0.8215,great_vessel,0.8647595885841788,0.9514133664338936,0.8542738741303133,0.9618990808877591,0.8534687362737753,0.9627042187442971,0.9283767860879188
s0655,trachea,0.9213,airway_neck,0.7554501519870283,0.961590806531844,0.7449644375331628,0.9720765209857095,0.7579976130691158,0.9590433454497564,0.8765249857396977
s0655,vertebrae_T10,0.9262,vertebrae,0.6619635801659158,0.9697415156104117,0.6514778657120504,0.9802272300642771,0.6530742325368544,0.9786308632394731,0.9259529825092659
s0655,vertebrae_T11,0.9651,vertebrae,0.6528629298330777,0.9732926207205068,0.6423772153792122,0.9837783351743723,0.6439735822040162,0.9821819683495683,0.9370297933236315
s0655,vertebrae_T12,0.915,vertebrae,0.6586180132670496,0.9650773824147071,0.6481322988131841,0.9755630968685726,0.6497286656379881,0.9739667300437685,0.9260638136754592
s0655,vertebrae_T6,0.9257,vertebrae,0.6116219754506214,0.9708280770812416,0.6011362609967559,0.9813137915351071,0.6027326278215599,0.9797174247103031,0.8684283384639717
s0655,vertebrae_T7,0.9592,vertebrae,0.5812704956146305,0.9687186297671866,0.570784781160765,0.9792043442210521,0.572381147985569,0.977607977396248,0.9367456796449519
s0655,vertebrae_T8,0.889,vertebrae,0.6587556124814999,0.967280642266031,0.6482698980276345,0.9777663567198965,0.6498662648524385,0.9761699898950925,0.9371915821273865
s0655,vertebrae_T9,0.7894,vertebrae,0.6487708824686494,0.9643503775356047,0.638285168014784,0.9748360919894702,0.639881534839588,0.9732397251646662,0.9212202960457868
s0650,adrenal_gland_left,0.9178,urinary,0.856987072768456,0.9327828136115232,0.8289821894125793,0.9607876969673999,0.8191638310331995,0.9706060553467797,0.9054920851183342
s0650,adrenal_gland_right,0.9138,urinary,0.8098961234515786,0.9293961883777103,0.7818912400957019,0.957401071733587,0.772072881716322,0.9672194301129668,0.9273239491583587
s0650,aorta,0.9652,great_vessel,0.942464811469983,0.9714193404725548,0.9144599281141063,0.9994242238284315,0.9034370817793788,1.0,0.9648312619295581
s0650,atrial_appendage_left,0.9344,heart,0.8078351137426814,0.924664767198032,0.7798302303868047,0.9526696505539087,0.7959993276101445,0.9365005533305689,0.9040990900095888
s0650,autochthon_left,0.9513,muscle,0.9535117408388399,0.9718387218949068,0.9255068574829632,0.9998436052507835,0.9281644997949497,0.997185962938797,0.9656214880989864
s0650,autochthon_right,0.9394,muscle,0.9550572739958282,0.9714189664171217,0.9270523906399515,0.9994238497729984,0.929710032951938,0.9967662074610119,0.9610615957648342
s0650,brachiocephalic_trunk,0.9266,great_vessel,0.7762607659925481,0.9335173006805699,0.7482558826366714,0.9615221840364466,0.7372330363019439,0.9725450303711741,0.8556334834603732
s0650,brachiocephalic_vein_left,0.9425,great_vessel,0.8823938694960533,0.9400961750209726,0.8543889861401766,0.9681010583768493,0.843366139805449,0.9791239047115768,0.8747199189857129
s0650,brachiocephalic_vein_right,0.7069,great_vessel,0.6671658970361806,0.9361304228091958,0.6391610136803039,0.9641353061650725,0.6281381673455764,0.9751581524998,0.8438281264844772
s0650,clavicula_left,0.9764,shoulder_bone,0.9915872000596279,0.970899071873719,0.9635823167037512,0.9989039552295957,0.9588540582937294,1.0,0.9583888007717621
s0650,clavicula_right,0.9727,shoulder_bone,0.920304604244534,0.962867862782345,0.8922997208886573,0.9908727461382217,0.8875714624786355,0.9956010045482435,0.9550313113845145
s0650,colon,0.8996,digestive,0.9590842781319878,0.9638111651376662,0.9310793947761111,0.9918160484935429,0.8187618195602338,1.0,0.9344501216236369
s0650,common_carotid_artery_left,0.9485,great_vessel,0.7201796118404975,0.9154901651261447,0.6921747284846208,0.9434950484820214,0.6811518821498933,0.9545178948167489,0.8181846688392359
s0650,common_carotid_artery_right,0.9173,great_vessel,0.7329426451935741,0.9094191641394219,0.7049377618376974,0.9374240474952986,0.6939149155029699,0.9484468938300261,0.8185268687377356
s0650,costal_cartilages,0.898,costal_cartilage,0.6940545763584985,0.8953918314949495,0.6660496930026218,0.9233967148508262,0.653438505489872,0.936007902363576,0.8668836523707562
s0650,duodenum,0.877,digestive,0.8831405503878236,0.9474446351999789,0.8551356670319469,0.9754495185558556,0.7428180918160695,1.0,0.9139990627878203
s0650,esophagus,0.849,digestive,0.9149264685211977,0.9548827651006757,0.886921585165321,0.9828876484565524,0.7746040099494437,1.0,0.9193719130077211
s0650,femur_left,0.9871,pelvic_bone,0.9618752122752946,0.9862216370656731,0.9338703289194179,1.0,0.9577140228495975,0.9903828264913702,0.9816852976215904
s0650,femur_right,0.9868,pelvic_bone,0.9683943459056124,0.9803860996590106,0.9403894625497357,1.0,0.9642331564799153,0.9845472890847077,0.9648511548011955
s0650,gallbladder,0.932,solid_abdominal,0.837552206388461,0.94487071451009,0.8095473230325843,0.9728755978659667,0.8070422586042177,0.9753806622943332,0.9371219377283978
s0650,gluteus_maximus_left,0.9547,muscle,0.9360073682519952,0.9666528313197841,0.9080024848961185,0.9946577146756608,0.910660127208105,0.9920000723636743,0.944130290605235
s0650,gluteus_maximus_right,0.9632,muscle,0.9419931019308773,0.9724116025579279,0.9139882185750006,1.0,0.9166458608869871,0.9977588436018181,0.9699078356385407
s0650,gluteus_medius_left,0.9462,muscle,0.9360331046689214,0.9712085015568325,0.9080282213130447,0.9992133849127092,0.9106858636250312,0.9965557426007227,0.9524336104788667
s0650,gluteus_medius_right,0.9475,muscle,0.9423631645836037,0.9701428558201858,0.914358281227727,0.9981477391760625,0.9170159235397135,0.995490096864076,0.9665380395637849
s0650,gluteus_minimus_left,0.9342,muscle,0.9160152427463625,0.9564568317801333,0.8880103593904858,0.98446171513601,0.8906680017024723,0.9818040728240235,0.920408443796407
s0650,gluteus_minimus_right,0.9203,muscle,0.9090817433800926,0.9523581677870454,0.8810768600242159,0.9803630511429221,0.8837345023362024,0.9777054088309356,0.9358608271206883
s0650,heart,0.9348,heart,0.9379463823002686,0.9689499713986557,0.9099414989443919,0.9969548547545324,0.9261105961677317,0.9807857575311926,0.9529406162209265
s0650,hip_left,0.9797,pelvic_bone,0.9677396910297109,0.9797529466829473,0.9397348076738342,1.0,0.9635785016040138,0.9839141361086444,0.9805124967118068
s0650,hip_right,0.9808,pelvic_bone,0.9530538930716976,0.980477874900513,0.9250490097158209,1.0,0.9488927036460005,0.9846390643262101,0.9765168352016681
s0650,humerus_left,0.9613,shoulder_bone,0.8550036755807582,0.9745827950407291,0.8269987922248815,1.0,0.8222705338148597,1.0,0.9661082117632426
s0650,humerus_right,0.9716,shoulder_bone,0.864931748661962,0.9638850434358731,0.8369268653060853,0.9918899267917498,0.8321986068960635,0.9966181852017716,0.9436396204988865
s0650,iliac_artery_left,0.9029,great_vessel,0.8986599953017278,0.9542038010560104,0.8706551119458511,0.9822086844118871,0.8596322656111236,0.9932315307466146,0.9189671303858515
s0650,iliac_artery_right,0.9347,great_vessel,0.9026726134788668,0.9503799900740757,0.8746677301229902,0.9783848734299524,0.8636448837882627,0.9894077197646799,0.9302838763073729
s0650,iliac_vena_left,0.949,great_vessel,0.941080377007694,0.9509343758780393,0.9130754936518173,0.978939259233916,0.9020526473170898,0.9899621055686435,0.919387953668114
s0650,iliac_vena_right,0.9339,great_vessel,0.9135680457452543,0.9418914087729644,0.8855631623893776,0.9698962921288411,0.8745403160546501,0.9809191384635686,0.92105299264553
s0650,iliopsoas_left,0.9321,muscle,0.9354494626814889,0.9680010474896917,0.9074445793256122,0.9960059308455684,0.9101022216375987,0.9933482885335819,0.9572060666578697
s0650,iliopsoas_right,0.9322,muscle,0.9308565825225541,0.9650385147770856,0.9028516991666774,0.9930433981329623,0.9055093414786639,0.9903857558209758,0.9652226995245061
s0650,inferior_vena_cava,0.8994,great_vessel,0.857420575337688,0.9420359120071049,0.8294156919818113,0.9700407953629816,0.8183928456470838,0.9810636416977091,0.904750980492793
s0650,kidney_cyst_left,0.0,urinary,0.6483563849010406,0.8973056781849965,0.6203515015451639,0.9253105615408732,0.6105331431657841,0.935128919920253,0.7773033935972871
s0650,kidney_left,0.9818,urinary,0.9528534305264762,0.9820130417716704,0.9248485471705995,1.0,0.9150301887912197,1.0,0.9741436051522884
s0650,kidney_right,0.9742,urinary,0.9328391729426043,0.9754134682802987,0.9048342895867276,1.0,0.8950159312073478,1.0,0.9644551321164097
s0650,liver,0.9805,solid_abdominal,0.9753934441842541,0.986068750957466,0.9473885608283774,1.0,0.9448834964000109,1.0,0.9885116657885351
s0650,lung_lower_lobe_left,0.3107,lung,0.9227387937908403,0.957354368127947,0.8947339104349636,0.9853592514838238,0.9166584290247252,0.9634347328940622,0.8755009254310427
s0650,lung_lower_lobe_right,0.9854,lung,0.9871826839017374,0.9893534426227831,0.9591778005458607,1.0,0.9811023191356222,0.9954338073888983,0.990518387702831
s0650,lung_middle_lobe_right,0.942,lung,0.9373062699937548,0.9820275426487118,0.9093013866378781,1.0,0.9312259052276396,0.988107907414827,0.9719601472398127
s0650,lung_upper_lobe_left,0.8321,lung,0.9134821937353235,0.9743430894527789,0.8854773103794468,1.0,0.9074018289692083,0.9804234542188941,0.9351276460689241
s0650,lung_upper_lobe_right,0.9703,lung,0.9908909188674748,0.9921477123205881,0.9628860355115981,1.0,0.9848105541013596,0.9982280770867032,0.9912657734956505
s0650,pancreas,0.8786,solid_abdominal,0.9104618827716037,0.9594189706934712,0.882456999415727,0.9874238540493478,0.8799519349873605,0.9899289184777144,0.9257188807329785
s0650,portal_vein_and_splenic_vein,0.8339,great_vessel,0.8026286425427113,0.9398078078323407,0.7746237591868346,0.9678126911882174,0.7636009128521071,0.9788355375229449,0.8714393446204642
s0650,prostate,0.8389,reproductive,0.743800199723766,0.9265963199851324,0.7157953163678893,0.9546012033410091,0.12898305101030583,1.0,0.8046070965077722
s0650,pulmonary_vein,0.921,great_vessel,0.7782352712222141,0.9399698750953408,0.7502303878663374,0.9679747584512175,0.73920754153161,0.978997604785945,0.8918253376092037
s0650,rib_left_1,0.9511,rib,0.9572406734565992,0.9690866712870456,0.9292357901007225,0.9970915546429223,0.9173813823888632,1.0,0.9537705656672987
s0650,rib_left_10,0.3356,rib,0.5407146054106177,0.8771336894121917,0.512709722054741,0.9051385727680684,0.5008553143428817,0.9169929804799277,0.5756836217437288
s0650,rib_left_11,0.4019,rib,0.6783099645722293,0.8928504120356333,0.6503050812163526,0.92085529539151,0.6384506735044932,0.9327097031033693,0.6569588914946446
s0650,rib_left_12,0.3132,rib,0.5935580734402619,0.8975615028264524,0.5655531900843852,0.9255663861823291,0.5536987823725259,0.9374207938941884,0.6691043695393781
s0650,rib_left_2,0.9625,rib,0.9541106942646522,0.9624398714023671,0.9261058109087755,0.9904447547582438,0.9142514031969162,1.0,0.9532653735791871
s0650,rib_left_3,0.9262,rib,0.929340963012159,0.9580131520362692,0.9013360796562823,0.9860180353921459,0.889481671944423,0.9978724431040052,0.9487089831347681
s0650,rib_left_4,0.9597,rib,0.9564146272613415,0.962596418908097,0.9284097439054648,0.9906013022639737,0.9165553361936055,1.0,0.9505176545271514
s0650,rib_left_5,0.9103,rib,0.9578315103988023,0.9693878847676966,0.9298266270429256,0.9973927681235732,0.9179722193310663,1.0,0.9604024226068593
s0650,rib_left_6,0.504,rib,0.3029252562397354,0.8339011253987181,0.2749203728838587,0.8619060087545948,0.26306596517199937,0.8737604164664541,0.5276467458053871
s0650,rib_left_7,0.1549,rib,0.2826415033582112,0.8708954047671733,0.2546366200023345,0.89890028812305,0.2427822122904752,0.9107546958349093,0.5591614885886838
s0650,rib_left_8,0.1258,rib,0.3136696904146922,0.8773290252749567,0.28566480705881553,0.9053339086308334,0.2738103993469562,0.9171883163426927,0.5344201861298938
s0650,rib_left_9,0.2566,rib,0.5106877563267564,0.8848232771932208,0.48268287297087975,0.9128281605490975,0.47082846525902045,0.9246825682609568,0.574254010204397
s0650,rib_right_1,0.8921,rib,0.7605516768120225,0.9211076861308813,0.7325467934561458,0.949112569486758,0.7206923857442865,0.9609669771986173,0.8891964638774115
s0650,rib_right_10,0.554,rib,0.3993031234711844,0.8751177713518189,0.3712982401153077,0.9031226547076956,0.3594438324034484,0.9149770624195549,0.5552857053734062
s0650,rib_right_11,0.833,rib,0.4668386517495883,0.8791367998133082,0.4388337683937116,0.9071416831691849,0.42697936068185227,0.9189960908810442,0.7086631381983375
s0650,rib_right_12,0.9286,rib,0.4388096896011602,0.8324049417667783,0.4108048062452835,0.860409825122655,0.3989503985334242,0.8722642328345143,0.5298248591998816
s0650,rib_right_2,0.8524,rib,0.681802388820544,0.9103765366154155,0.6537975054646673,0.9383814199712922,0.641943097752808,0.9502358276831515,0.8561393730751936
s0650,rib_right_3,0.908,rib,0.8013065188082547,0.9148484613832947,0.773301635452378,0.9428533447391714,0.7614472277405187,0.9547077524510307,0.8929175793138855
s0650,rib_right_4,0.8123,rib,0.9029444911131072,0.9660663219064908,0.8749396077572305,0.9940712052623675,0.8630852000453711,1.0,0.9385449119350588
s0650,rib_right_5,0.6148,rib,0.5884348670576633,0.8601539131300385,0.5604299837017866,0.8881587964859152,0.5485755759899273,0.9000132041977745,0.730639663068596
s0650,rib_right_6,0.4549,rib,0.30132445608025804,0.863688418363558,0.27331957272438134,0.8916933017194347,0.26146516501252204,0.903547709431294,0.560340209670225
s0650,rib_right_7,0.4334,rib,0.5031543399429513,0.8775488990018696,0.47514945658707464,0.9055537823577463,0.46329504887521533,0.9174081900696056,0.6561177564210936
s0650,rib_right_8,0.2476,rib,0.2579640791273629,0.8625986456607334,0.2299591957714862,0.8906035290166101,0.2181047880596269,0.9024579367284694,0.5645141161917548
s0650,rib_right_9,0.3166,rib,0.4880091071158585,0.8726746482350723,0.4600042237599818,0.900679531590949,0.4481498160481225,0.9125339393028084,0.5572630883097067
s0650,sacrum,0.9412,pelvic_bone,0.8934371470082135,0.9487556137644529,0.8654322636523368,0.9767604971203296,0.8892759575825164,0.95291680319015,0.9209727170676961
s0650,scapula_left,0.953,shoulder_bone,0.9480577366460275,0.9738305453586065,0.9200528532901509,1.0,0.9153245948801291,1.0,0.9639328219903248
s0650,scapula_right,0.9389,shoulder_bone,0.9588436856050176,0.9720837913449041,0.930838802249141,1.0,0.9261105438391192,1.0,0.9593909058891835
s0650,small_bowel,0.8258,digestive,0.9231805454994193,0.972545506563823,0.8951756621435426,1.0,0.7828580869276652,1.0,0.9574541772049664
s0650,spinal_cord,0.9567,neuro,0.9300171551371245,0.9561612959634626,0.9020122717812478,0.9841661793193393,0.9206039100660917,0.9655745410344954,0.9437574954460988
s0650,spleen,0.9524,solid_abdominal,0.9645967097160595,0.9840239909847817,0.9365918263601828,1.0,0.9340867619318163,1.0,0.9644702984207113
s0650,sternum,0.9345,shoulder_bone,0.9043344463282169,0.9481665097084001,0.8763295629723402,0.9761713930642768,0.8716013045623184,0.9808996514742986,0.9159954420931375
s0650,stomach,0.9471,digestive,0.9538192120299743,0.9746862495039752,0.9258143286740976,1.0,0.8134967534582203,1.0,0.9467055257371123
s0650,subclavian_artery_left,0.911,great_vessel,0.8743654840105097,0.9437415682980235,0.846360600654633,0.9717464516539002,0.8353377543199055,0.9827692979886277,0.902489903783424
s0650,subclavian_artery_right,0.9272,great_vessel,0.8145582812292578,0.931439367741951,0.7865533978733811,0.9594442510978277,0.7755305515386536,0.9704670974325552,0.8655791731556705
s0650,superior_vena_cava,0.9002,great_vessel,0.8688899864004088,0.9336047580432257,0.8408851030445321,0.9616096413991024,0.8298622567098046,0.9726324877338299,0.8827205273449588
s0650,thyroid_gland,0.9049,airway_neck,0.8071571820635183,0.936054562800557,0.7791522987076416,0.9640594461564337,0.7995208607318861,0.9436908841321892,0.8959486758441428
s0650,trachea,0.9514,airway_neck,0.929769452904027,0.9613265576979474,0.9017645695481503,0.9893314410538241,0.9221331315723948,0.9689628790295796,0.9447212139904458
s0650,urinary_bladder,0.958,urinary,0.9331457706621518,0.9681621549137724,0.9051408873062751,0.9961670382696491,0.8953225289268952,1.0,0.9437228835820556
s0650,vertebrae_C6,0.9421,vertebrae,0.7283828917847623,0.9384848015940945,0.7003780084288856,0.9664896849499712,0.698760968518976,0.9681067248598809,0.8168050068891771
s0650,vertebrae_C7,0.9485,vertebrae,0.9240293094971479,0.9676048111225131,0.8960244261412712,0.9956096944783898,0.8944073862313615,0.9972267343882995,0.9552965059542333
s0650,vertebrae_L1,0.9854,vertebrae,0.9711108384068364,0.9865001749498624,0.9431059550509597,1.0,0.94148891514105,1.0,0.9789921819705665
s0650,vertebrae_L2,0.9876,vertebrae,0.9634248126416316,0.9787242308496759,0.9354199292857549,1.0,0.9338028893758452,1.0,0.9749390680454226
s0650,vertebrae_L3,0.9865,vertebrae,0.9670422630037323,0.9773782536811454,0.9390373796478556,1.0,0.9374203397379459,1.0,0.9719786725720567
s0650,vertebrae_L4,0.9857,vertebrae,0.9667916509197918,0.9799337239635101,0.9387867675639151,1.0,0.9371697276540054,1.0,0.9727648953702213
s0650,vertebrae_L5,0.9842,vertebrae,0.9623254314022333,0.9803175730713528,0.9343205480463566,1.0,0.9327035081364469,1.0,0.9726517946389104
s0650,vertebrae_S1,0.9227,vertebrae,0.7102256746460407,0.9633156959324674,0.682220791290164,0.991320579288344,0.6806037513802543,0.9929376191982537,0.9263070479316053
s0650,vertebrae_T1,0.9736,vertebrae,0.9014210055408812,0.9790519808664891,0.8734161221850045,1.0,0.8717990822750948,1.0,0.9709467497386758
s0650,vertebrae_T10,0.9842,vertebrae,0.9666883238055343,0.9868070368478057,0.9386834404496576,1.0,0.9370664005397479,1.0,0.9818606264973516
s0650,vertebrae_T11,0.9738,vertebrae,0.9537372709495716,0.9844285866517266,0.9257323875936949,1.0,0.9241153476837852,1.0,0.9815071453676971
s0650,vertebrae_T12,0.9777,vertebrae,0.9686267997944904,0.97840453648428,0.9406219164386137,1.0,0.939004876528704,1.0,0.9779528131751583
s0650,vertebrae_T2,0.9642,vertebrae,0.8751156670589266,0.9778652305375559,0.8471107837030499,1.0,0.8454937437931402,1.0,0.9617008387809975
s0650,vertebrae_T3,0.9582,vertebrae,0.8978748675686045,0.9711538024529532,0.8698699842127278,0.9991586858088299,0.8682529443028181,1.0,0.957158160311437
s0650,vertebrae_T4,0.9812,vertebrae,0.8456135099234486,0.9777447255851276,0.8176086265675719,1.0,0.8159915866576622,1.0,0.9559166869580019
s0650,vertebrae_T5,0.9693,vertebrae,0.8988675046556516,0.9822743359075761,0.8708626212997749,1.0,0.8692455813898652,1.0,0.9706956744073203
s0650,vertebrae_T6,0.9645,vertebrae,0.6165016215159649,0.9651112428091085,0.5884967381600882,0.9931161261649852,0.5868796982501785,0.9947331660748949,0.9349057469364758
s0650,vertebrae_T7,0.9638,vertebrae,0.6015299893835022,0.9640582701326866,0.5735251060276255,0.9920631534885633,0.5719080661177158,0.993680193398473,0.9262510698586696
s0650,vertebrae_T8,0.974,vertebrae,0.6688593301181278,0.9668461779516622,0.6408544467622511,0.9948510613075389,0.6392374068523414,0.9964681012174486,0.9339130536103207
s0650,vertebrae_T9,0.9817,vertebrae,0.9678836971801448,0.9835003835108437,0.9398788138242681,1.0,0.9382617739143584,1.0,0.9765760369975229
s0618,adrenal_gland_left,0.7644,urinary,0.7763210056063605,0.9052734200846533,0.761452356998552,0.9201420686924618,0.7596339632196059,0.921960462471408,0.7851319967264112
s0618,adrenal_gland_right,0.9124,urinary,0.8594828984192606,0.905383287353009,0.8446142498114521,0.9202519359608176,0.842795856032506,0.9220703297397637,0.8513708089832123
s0618,aorta,0.979,great_vessel,0.9622993918575692,0.9812017103143876,0.9474307432497606,0.9960703589221962,0.9477826882193788,0.995718413952578,0.9786050581686908
s0618,atrial_appendage_left,0.9232,heart,0.879879288846071,0.9215527772618479,0.8650106402382625,0.9364214258696565,0.8685694796779456,0.9328625864299733,0.8533885155722724
s0618,autochthon_left,0.9572,muscle,0.9500067009267528,0.9600552895299723,0.9351380523189442,0.9749239381377809,0.9416496644557812,0.9684123260009438,0.9395514556944857
s0618,autochthon_right,0.9514,muscle,0.9491390393552207,0.958350495789382,0.9342703907474121,0.9732191443971906,0.9407820028842492,0.9667075322603536,0.9392913829162107
s0618,brachiocephalic_trunk,0.8757,great_vessel,0.8831721396156729,0.9221492317171013,0.8683034910078643,0.9370178803249098,0.8686554359774825,0.9366659353552916,0.887759271540375
s0618,brachiocephalic_vein_left,0.9254,great_vessel,0.8627232863311767,0.9335104809986384,0.8478546377233681,0.948379129606447,0.8482065826929863,0.9480271846368288,0.9192315525766604
s0618,brachiocephalic_vein_right,0.8327,great_vessel,0.7167420510476016,0.9144450244086747,0.701873402439793,0.9293136730164833,0.7022253474094112,0.928961728046865,0.8444723308721535
s0618,clavicula_left,0.9762,shoulder_bone,0.9412446577887382,0.9721902388742508,0.9263760091809297,0.9870588874820594,0.9307509013772498,0.9826839952857392,0.9705432914867026
s0618,clavicula_right,0.971,shoulder_bone,0.9494098478584545,0.9697714286094236,0.9345411992506459,0.9846400772172321,0.9389160914469661,0.980265185020912,0.9641308793731057
s0618,colon,0.9385,digestive,0.8905116470982227,0.9480199667707825,0.8756429984904142,0.962888615378591,0.8253699041049196,1.0,0.9261252484234862
s0618,common_carotid_artery_left,0.9312,great_vessel,0.8203641117447441,0.9357179119280984,0.8054954631369355,0.950586560535907,0.8058474081065538,0.9502346155662887,0.9299587347127867
s0618,common_carotid_artery_right,0.9181,great_vessel,0.7542162228591236,0.9207099993635155,0.739347574251315,0.9355786479713241,0.7396995192209332,0.9352267030017059,0.88630643403194
s0618,costal_cartilages,0.8323,costal_cartilage,0.757498743734663,0.8914991529546116,0.7426300951268544,0.9063678015624201,0.7410578271323632,0.9079400695569113,0.8175337267095248
s0618,duodenum,0.7796,digestive,0.6499185701286775,0.9218756631335145,0.6350499215208689,0.9367443117413231,0.5847768271353744,0.9870174061268177,0.8079759146249347
s0618,esophagus,0.9052,digestive,0.901093566101721,0.9432126598373438,0.8862249174939124,0.9580813084451524,0.8359518231084179,1.0,0.91845510083131
s0618,gallbladder,0.913,solid_abdominal,0.6531296282795893,0.9052611651143043,0.6382609796717807,0.9201298137221129,0.6339798054639099,0.9244109879299838,0.8120989523509444
s0618,heart,0.9346,heart,0.9550723053077719,0.9674018534870532,0.9402036566999633,0.9822705020948618,0.9437624961396465,0.9787116626551786,0.9409067005337819
s0618,humerus_left,0.9604,shoulder_bone,0.8310768209217503,0.9631141222249983,0.8162081723139417,0.9779827708328068,0.8205830645102619,0.9736078786364867,0.956486514919426
s0618,humerus_right,0.9612,shoulder_bone,0.9263136421695368,0.9739180704560773,0.9114449935617283,0.9887867190638858,0.9158198857580484,0.9844118268675657,0.9582836786157048
s0618,iliopsoas_left,0.8514,muscle,0.03271103082846621,0.8641979989818499,0.017842382220657642,0.8790666475896585,0.024353994357494683,0.8725550354528214,0.31600121153505817
s0618,iliopsoas_right,0.873,muscle,0.5734425688966626,0.87835470109991,0.558573920288854,0.8932233497077186,0.565085532425691,0.8867117375708815,0.7356676428234081
s0618,inferior_vena_cava,0.9462,great_vessel,0.9114610615504122,0.9603046905170046,0.8965924129426036,0.9751733391248132,0.8969443579122218,0.974821394155195,0.9382360074986595
s0618,kidney_left,0.977,urinary,0.9290363669636655,0.9778703648867577,0.914167718355857,0.9927390134945663,0.9123493245769109,0.9945574072735124,0.9555622924057074
s0618,kidney_right,0.97,urinary,0.732545290413559,0.9540140856960244,0.7176766418057504,0.968882734303833,0.7158582480268043,0.9707011280827791,0.9234019460877244
s0618,liver,0.9854,solid_abdominal,0.970696780700582,0.9792106568284075,0.9558281320927734,0.994079305436216,0.9515469578849025,0.9983604796440869,0.9816842464713463
s0618,lung_lower_lobe_left,0.9668,lung,0.9997233880948536,0.9899636716224284,0.984854739487045,1.0,0.9836852155686336,1.0,0.9886017200908067
s0618,lung_lower_lobe_right,0.9935,lung,0.9465508813386709,0.9883914991324223,0.9316822327308624,1.0,0.930512708812451,1.0,0.9903753897516172
s0618,lung_middle_lobe_right,0.9776,lung,0.9499857124836083,0.9803804821315264,0.9351170638757997,0.995249130739335,0.9339475399573883,0.9964186546577464,0.9685250519774179
s0618,lung_upper_lobe_left,0.9412,lung,0.9869086672696646,0.989615131192933,0.9720400186618561,1.0,0.9708704947434447,1.0,0.9835615518059195
s0618,lung_upper_lobe_right,0.9533,lung,0.8316461030094406,0.9718596955296764,0.8167774544016321,0.986728344137485,0.8156079304832207,0.9878978680558964,0.9111818707308634
s0618,pancreas,0.904,solid_abdominal,0.7567682156756311,0.9252529796674093,0.7418995670678226,0.9401216282752178,0.7376183928599517,0.9444028024830887,0.8827952687788791
s0618,portal_vein_and_splenic_vein,0.8663,great_vessel,0.853468695626172,0.9344878179497423,0.8386000470183634,0.9493564665575509,0.8389519919879816,0.9490045215879327,0.9051197707065337
s0618,pulmonary_vein,0.8785,great_vessel,0.7593578474162118,0.9126848071418847,0.7444891988084033,0.9275534557496933,0.7448411437780215,0.9272015107800751,0.8403410841161422
s0618,rib_left_1,0.9613,rib,0.8755212137759415,0.9587676695810469,0.8606525651681329,0.9736363181888554,0.8572416213895973,0.9770472619673911,0.9362256700765612
s0618,rib_left_10,0.0,rib,0.9371465490837345,0.9637278971011214,0.922277900475926,0.97859654570893,0.9188669566973903,0.9820074894874656,0.9497218852285914
s0618,rib_left_11,0.0,rib,0.9121628605892594,0.9668075073499789,0.8972942119814509,0.9816761559577875,0.8938832682029152,0.9850870997363231,0.9420968420395582
s0618,rib_left_12,0.0,rib,0.7702657261961775,0.9483354592264092,0.7553970775883689,0.9632041078342177,0.7519861338098333,0.9666150516127534,0.9659768028791513
s0618,rib_left_2,0.9798,rib,0.9448342347800863,0.9597031148438354,0.9299655861722778,0.974571763451644,0.9265546423937421,0.9779827072301797,0.9571548526973905
s0618,rib_left_3,0.9655,rib,0.9425982444050097,0.9584789166878345,0.9277295957972012,0.973347565295643,0.9243186520186655,0.9767585090741787,0.9649124485952804
s0618,rib_left_4,0.5339,rib,0.8910861562286045,0.959884727282188,0.876217507620796,0.9747533758899966,0.8728065638422603,0.9781643196685322,0.9507569656721138
s0618,rib_left_5,0.3275,rib,0.36359763717776405,0.9189699062636898,0.3487289885699555,0.9338385548714984,0.3453180447914198,0.937249498650034,0.6364019960107774
s0618,rib_left_6,0.2442,rib,0.267827604676102,0.897396771407031,0.25295895606829344,0.9122654200148396,0.24954801228975776,0.9156763637933752,0.5096812571637893
s0618,rib_left_7,0.0965,rib,0.3944201479035072,0.91485139588049,0.37955149929569865,0.9297200444882986,0.37614055551716297,0.9331309882668343,0.7977444420535187
s0618,rib_left_8,0.0,rib,0.9289633252558923,0.9687023825387147,0.9140946766480837,0.9835710311465232,0.9106837328695481,0.9869819749250589,0.9613491729420317
s0618,rib_left_9,0.0,rib,0.9405936270765809,0.9681042912745934,0.9257249784687723,0.982972939882402,0.9223140346902367,0.9863838836609377,0.964739487485005
s0618,rib_right_1,0.9784,rib,0.9182926722209767,0.9559839478641784,0.9034240236131681,0.970852596471987,0.9000130798346324,0.9742635402505226,0.9298142036847762
s0618,rib_right_10,0.0002,rib,0.6802867978392279,0.9250286058713086,0.6654181492314193,0.9398972544791172,0.6620072054528836,0.9433081982576529,0.8526034442278397
s0618,rib_right_11,0.0,rib,0.9230327528360345,0.9678989243396239,0.9081641042282259,0.9827675729474324,0.9047531604496902,0.9861785167259681,0.9466272108286999
s0618,rib_right_12,0.0,rib,0.7971991984845817,0.9585800100027856,0.7823305498767731,0.9734486586105942,0.7789196060982374,0.9768596023891298,0.9684600038980941
s0618,rib_right_2,0.9693,rib,0.950085211708075,0.9580145752231809,0.9352165631002665,0.9728832238309895,0.9318056193217308,0.9762941676095251,0.9432430658610943
s0618,rib_right_3,0.9607,rib,0.9420561785333559,0.9625911969240635,0.9271875299255473,0.977459845531872,0.9237765861470116,0.9808707893104077,0.9682520660085158
s0618,rib_right_4,0.7701,rib,0.94373807374047,0.9620367011018097,0.9288694251326615,0.9769053497096183,0.9254584813541258,0.980316293488154,0.9639128801417433
s0618,rib_right_5,0.4653,rib,0.42404485717723667,0.9139997970570413,0.4091762085694281,0.9288684456648498,0.4057652647908924,0.9322793894433855,0.6747645542069308
s0618,rib_right_6,0.2832,rib,0.39562148265707453,0.9147881939360631,0.38075283404926596,0.9296568425438717,0.3773418902707303,0.9330677863224074,0.6780830981647449
s0618,rib_right_7,0.102,rib,0.4432496474621796,0.9005064109538976,0.42838099885437103,0.9153750595617062,0.42497005507583535,0.9187860033402419,0.8226458478078487
s0618,rib_right_8,0.0,rib,0.9429405554427033,0.969781974748689,0.9280719068348947,0.9846506233564976,0.924660963056359,0.9880615671350332,0.9635591986667315
s0618,rib_right_9,0.0418,rib,0.7556716499835229,0.9127255656635471,0.7408030013757143,0.9275942142713557,0.7373920575971786,0.9310051580498914,0.8831875573289686
s0618,scapula_left,0.9648,shoulder_bone,0.9535199600834187,0.9699851163690247,0.9386513114756101,0.9848537649768333,0.9430262036719302,0.9804788727805132,0.963984419219078
s0618,scapula_right,0.9584,shoulder_bone,0.9717110483804339,0.9721919280558022,0.9568423997726253,0.9870605766636108,0.9612172919689455,0.9826856844672907,0.9607746212171542
s0618,skull,0.9548,neuro,0.8865798178754772,0.9497923323068472,0.8717111692676687,0.9646609809146558,0.8787685665708747,0.9576035836114498,0.9422002408316257
s0618,small_bowel,0.8019,digestive,0.3980458025127694,0.895389975639589,0.3831771539049608,0.9102586242473976,0.3329040595194663,0.9605317186328921,0.7700452785347044
s0618,spinal_cord,0.9467,neuro,0.9423944956226087,0.9536262373589655,0.9275258470148001,0.968494885966774,0.9345832443180061,0.961437488663568,0.9434603821875965
s0618,spleen,0.9828,solid_abdominal,0.9422948916607932,0.9663163336955843,0.9274262430529846,0.9811849823033929,0.9231450688451137,0.9854661565112638,0.959016351074454
s0618,sternum,0.9429,shoulder_bone,0.8578758464223024,0.9367569012568495,0.8430071978144938,0.9516255498646581,0.847382090010814,0.9472506576683379,0.921076556859782
s0618,stomach,0.9748,digestive,0.9264640466675569,0.9739434402948096,0.9115953980597483,0.9888120889026182,0.8613223036742538,1.0,0.9394909882742004
s0618,subclavian_artery_left,0.9222,great_vessel,0.8431167653867654,0.9366192759030011,0.8282481167789568,0.9514879245108097,0.828600061748575,0.9511359795411914,0.9214683664805048
s0618,subclavian_artery_right,0.9092,great_vessel,0.7944694298435335,0.9350834558960406,0.779600781235725,0.9499521045038491,0.7799527262053432,0.9496001595342309,0.9060771982064482
s0618,superior_vena_cava,0.9263,great_vessel,0.8861572104676554,0.9471351796733696,0.8712885618598468,0.9620038282811781,0.871640506829465,0.9616518833115599,0.9341211158865701
s0618,thyroid_gland,0.8968,airway_neck,0.8351974559438888,0.9303303934700686,0.8203288073360803,0.9451990420778772,0.8243238264387835,0.9412040229751739,0.911433422997356
s0618,trachea,0.9609,airway_neck,0.8956082945089675,0.9675858586334823,0.8807396459011589,0.9824545072412909,0.8847346650038622,0.9784594881385876,0.9638062450259083
s0618,vertebrae_C4,0.8977,vertebrae,0.5514151957067884,0.9195617542068278,0.5365465470989799,0.9344304028146364,0.5360539736645088,0.9349229762491075,0.8515964771670583
s0618,vertebrae_C5,0.898,vertebrae,0.6898642593923181,0.936652698630864,0.6749956107845095,0.9515213472386725,0.6745030373500385,0.9520139206731436,0.9205730097450563
s0618,vertebrae_C6,0.8977,vertebrae,0.8549903531449373,0.9474212511473841,0.8401217045371288,0.9622898997551926,0.8396291311026577,0.9627824731896637,0.9303760221621769
s0618,vertebrae_C7,0.9409,vertebrae,0.9192026052473535,0.9676047241198222,0.904333956639545,0.9824733727276308,0.9038413832050739,0.9829659461621019,0.941261013617995
s0618,vertebrae_L1,0.9816,vertebrae,0.8608966924634334,0.9771744943687031,0.8460280438556248,0.9920431429765116,0.8455354704211537,0.9925357164109827,0.96191148653605
s0618,vertebrae_L2,0.9805,vertebrae,0.6900474107563125,0.949622779415885,0.6751787621485039,0.9644914280236936,0.6746861887140329,0.9649840014581647,0.9435803788219869
s0618,vertebrae_T1,0.9668,vertebrae,0.8965826538500545,0.972154736567784,0.881714005242246,0.9870233851755925,0.8812214318077749,0.9875159586100636,0.969535875698066
s0618,vertebrae_T10,0.9831,vertebrae,0.9148442326380366,0.9774797125723413,0.899975584030228,0.9923483611801499,0.899483010595757,0.992840934614621,0.9706634796899302
s0618,vertebrae_T11,0.9843,vertebrae,0.9356350516789145,0.9795289568442497,0.9207664030711059,0.9943976054520582,0.9202738296366348,0.9948901788865293,0.9772153756297832
s0618,vertebrae_T12,0.9769,vertebrae,0.9685852743481379,0.9795438067631389,0.9537166257403293,0.9944124553709475,0.9532240523058583,0.9949050288054185,0.9700820045509043
s0618,vertebrae_T2,0.9089,vertebrae,0.8993123250389663,0.9736442672401617,0.8844436764311577,0.9885129158479703,0.8839511029966867,0.9890054892824414,0.9706691513409726
s0618,vertebrae_T3,0.3973,vertebrae,0.9123101367078382,0.9714066103544744,0.8974414881000297,0.986275258962283,0.8969489146655586,0.986767832396754,0.9622254142382376
s0618,vertebrae_T4,0.1794,vertebrae,0.6796368007253711,0.930647683883606,0.6647681521175626,0.9455163324914145,0.6642755786830915,0.9460089059258856,0.8172876214707163
s0618,vertebrae_T5,0.4111,vertebrae,0.48186299942752503,0.9058368894600681,0.46699435081971646,0.9207055380678767,0.4665017773852454,0.9211981115023478,0.48951587806915925
s0618,vertebrae_T6,0.7337,vertebrae,0.7479553951176457,0.9359291165211203,0.7330867465098372,0.9507977651289289,0.7325941730753661,0.9512903385634,0.859871773844049
s0618,vertebrae_T7,0.8728,vertebrae,0.9176206335498335,0.9749075211070377,0.9027519849420249,0.9897761697148463,0.9022594115075538,0.9902687431493173,0.9700551661393743
s0618,vertebrae_T8,0.9733,vertebrae,0.9661371100205663,0.9735854802405499,0.9512684614127578,0.9884541288483585,0.9507758879782867,0.9889467022828295,0.9666987016085045
s0618,vertebrae_T9,0.9809,vertebrae,0.967676541589879,0.9787492395334445,0.9528078929820705,0.9936178881412531,0.9523153195475994,0.9941104615757241,0.9768604609014351
s0614,autochthon_left,0.9405,muscle,0.8535856019520306,0.9618562682325382,0.8255807185961539,0.9898611515884149,0.8282383609081404,0.9872035092764284,0.9324695891543766
s0614,autochthon_right,0.9751,muscle,0.9026638567937856,0.959490165652501,0.8746589734379089,0.9874950490083777,0.8773166157498954,0.9848374066963912,0.9427811265524784
s0614,colon,0.9092,digestive,0.7850530629619955,0.9236847295348957,0.7570481796061188,0.9516896128907724,0.6447306043902414,1.0,0.8728125465117633
s0614,femur_left,0.9773,pelvic_bone,0.9595612262423481,0.9813485111278777,0.9315563428864714,1.0,0.955400036816651,0.9855097005535748,0.9736439976869471
s0614,femur_right,0.9789,pelvic_bone,0.878096896908798,0.9769783347819614,0.8500920135529213,1.0,0.8739357074831009,0.9811395242076585,0.9668211830176292
s0614,gluteus_maximus_left,0.963,muscle,0.9578245356294101,0.9764624428697039,0.9298196522735334,1.0,0.9324772945855199,1.0,0.9541118483888411
s0614,gluteus_maximus_right,0.9682,muscle,0.9644444575938503,0.9760591702794066,0.9364395742379736,1.0,0.9390972165499601,1.0,0.9602775037786363
s0614,gluteus_medius_left,0.9667,muscle,0.828307628472024,0.9754418989727106,0.8003027451161473,1.0,0.8029603874281338,1.0,0.9465912166256824
s0614,gluteus_medius_right,0.9714,muscle,0.9612386439115607,0.9707188161726801,0.933233760555684,0.9987236995285568,0.9358914028676705,0.9960660572165703,0.9549541362145512
s0614,gluteus_minimus_left,0.9542,muscle,0.9124088205037918,0.9582647411282992,0.8844039371479151,0.9862696244841759,0.8870615794599016,0.9836119821721894,0.9263201492932974
s0614,gluteus_minimus_right,0.9519,muscle,0.8450334710214117,0.9574242406734884,0.817028587665535,0.9854291240293651,0.8196862299775215,0.9827714817173786,0.9063327276907243
s0614,hip_left,0.9796,pelvic_bone,0.9505589516498174,0.97742132765388,0.9225540682939407,1.0,0.9463977622241203,0.9815825170795771,0.9727176482737211
s0614,hip_right,0.9787,pelvic_bone,0.9503986282634295,0.9742522156869674,0.9223937449075528,1.0,0.9462374388377324,0.9784134051126645,0.9700447187779836
s0614,iliac_artery_left,0.8268,great_vessel,0.8385820235204691,0.9331360211574421,0.8105771401645924,0.9611409045133188,0.7995542938298649,0.9721637508480463,0.8728714250908679
s0614,iliac_artery_right,0.7656,great_vessel,0.5646945207832357,0.8944245045164338,0.536689637427359,0.9224293878723105,0.5256667910926315,0.933452234207038,0.6482094660632916
s0614,iliac_vena_left,0.9145,great_vessel,0.8556747040003279,0.943874348617119,0.8276698206444512,0.9718792319729957,0.8166469743097237,0.9829020783077232,0.8693641604981693
s0614,iliac_vena_right,0.8907,great_vessel,0.8521851228331554,0.9327234084832363,0.8241802394772787,0.960728291839113,0.8131573931425512,0.9717511381738405,0.8699016986978477
s0614,iliopsoas_left,0.9647,muscle,0.9045645769960734,0.9651341760880288,0.8765596936401967,0.9931390594439055,0.8792173359521832,0.990481417131919,0.9494864989399323
s0614,iliopsoas_right,0.9671,muscle,0.8883675149037666,0.958934884243974,0.8603626315478899,0.9869397675998507,0.8630202738598765,0.9842821252878642,0.9570003354090718
s0614,inferior_vena_cava,0.8331,great_vessel,0.46922874697585354,0.8680569837590983,0.44122386361997684,0.896061867114975,0.43020101728524934,0.9070847134497025,0.6453548560104858
s0614,prostate,0.8335,reproductive,0.7159918807905672,0.9422401233617493,0.6879869974346905,0.970245006717626,0.10117473207710703,1.0,0.8468083198270254
s0614,sacrum,0.9261,pelvic_bone,0.8649874331223382,0.9512477395328867,0.8369825497664615,0.9792526228887634,0.8608262436966411,0.9554089289585838,0.8621215443060117
s0614,small_bowel,0.7764,digestive,0.8335710615915742,0.9128112862962102,0.8055661782356975,0.9408161696520869,0.6932486030198202,1.0,0.8673579137568975
s0614,spinal_cord,0.8863,neuro,0.7783051041211371,0.9382594539024462,0.7503002207652604,0.966264337258323,0.7688918590501043,0.947672698973479,0.8983452123248402
s0614,urinary_bladder,0.9603,urinary,0.8706209237678543,0.9634888354732942,0.8426160404119776,0.9914937188291709,0.8327976820325977,1.0,0.9395343374816014
s0614,vertebrae_L4,0.9751,vertebrae,0.9307279393630669,0.9764852537108722,0.9027230560071902,1.0,0.9011060160972805,1.0,0.9706226232582731
s0614,vertebrae_L5,0.9852,vertebrae,0.947160339575978,0.976270325705763,0.9191554562201013,1.0,0.9175384163101916,1.0,0.9745809708831625
s0614,vertebrae_S1,0.8797,vertebrae,0.8835123142806263,0.9801882367328012,0.8555074309247496,1.0,0.8538903910148399,1.0,0.9541387219799761
s0607,adrenal_gland_left,0.9323,urinary,0.829948701471276,0.924504797865509,0.8114487495003094,0.9430047498364755,0.7713262161104902,0.9831272832262947,0.8802097378269502
s0607,adrenal_gland_right,0.9435,urinary,0.8722769533720551,0.9244360963359987,0.8537770014010886,0.9429360483069652,0.8136544680112694,0.9830585816967844,0.8813392652623163
s0607,aorta,0.9405,great_vessel,0.9439662516314927,0.9699270325277473,0.9254662996605262,0.9884269844987138,0.9169533503633583,0.9969399337958816,0.9365119993999546
s0607,autochthon_left,0.9718,muscle,0.9372816837733773,0.9727543160525238,0.9187817318024107,0.9912542680234904,0.9206786940643755,0.9893573057615256,0.9589260729921419
s0607,autochthon_right,0.9693,muscle,0.931537898335337,0.9702986985948735,0.9130379463643704,0.98879865056584,0.9149349086263352,0.9869016883038753,0.9479624507707815
s0607,colon,0.9431,digestive,0.9177636783180992,0.9643641447262903,0.8992637263471327,0.9828640966972568,0.8551388357932986,1.0,0.9260824857766953
s0607,costal_cartilages,0.9098,costal_cartilage,0.8951988173688665,0.909397344491008,0.8766988653979,0.9278972964619745,0.8578930935337915,0.946703068326083,0.9302298166409748
s0607,duodenum,0.9168,digestive,0.872413405786422,0.9492728890810483,0.8539134538154555,0.9677728410520149,0.8097885632616214,1.0,0.899147534044856
s0607,esophagus,0.934,digestive,0.907748731430467,0.9450373850486538,0.8892487794595004,0.9635373370196203,0.8451238889056664,1.0,0.9111460211775105
s0607,femur_left,0.9794,pelvic_bone,0.9686465040370366,0.9858185716395256,0.95014655206607,1.0,0.9619499027978117,0.9925151728787505,0.984087873389625
s0607,femur_right,0.9814,pelvic_bone,0.9758950568848862,0.9853249401798685,0.9573951049139197,1.0,0.9691984556456613,0.9920215414190934,0.9853669235658307
s0607,gallbladder,0.8467,solid_abdominal,0.7279521918918432,0.9240222879725085,0.7094522399208767,0.9425222399434751,0.6974411545883453,0.9545333252760064,0.8725129567068843
s0607,gluteus_maximus_left,0.9621,muscle,0.9564867479717941,0.9764379913860857,0.9379867960008276,0.9949379433570522,0.9398837582627924,0.9930409810950874,0.9700022077299542
s0607,gluteus_maximus_right,0.9663,muscle,0.9605188588548746,0.9764072768611003,0.9420189068839081,0.9949072288320668,0.9439158691458729,0.993010266570102,0.9806886797077966
s0607,gluteus_medius_left,0.966,muscle,0.9520583100918296,0.9704837740071511,0.9335583581208631,0.9889837259781177,0.9354553203828279,0.9870867637161529,0.9619050948734432
s0607,gluteus_medius_right,0.955,muscle,0.9543392240235243,0.9720622970701148,0.9358392720525578,0.9905622490410814,0.9377362343145226,0.9886652867791166,0.9637054922330212
s0607,gluteus_minimus_left,0.9422,muscle,0.9483041972420051,0.9577655469553911,0.9298042452710386,0.9762654989263576,0.9317012075330033,0.9743685366643928,0.9484662866302348
s0607,gluteus_minimus_right,0.9455,muscle,0.9412467699851561,0.9545969178403928,0.9227468180141896,0.9730968698113593,0.9246437802761543,0.9711999075493946,0.9415795101496571
s0607,heart,0.9284,heart,0.9067647662747087,0.9741809067814647,0.8882648143037422,0.9926808587524313,0.8917941342076897,0.9891515388484837,0.9385796174368555
s0607,hip_left,0.9811,pelvic_bone,0.9587768795627878,0.9837804698383338,0.9402769275918212,1.0,0.9520802783235629,0.9904770710775587,0.9779775584667222
s0607,hip_right,0.9829,pelvic_bone,0.9733459170084575,0.9851457487943086,0.954845965037491,1.0,0.9666493157692326,0.9918423500335335,0.9804226091321174
s0607,iliac_artery_left,0.8706,great_vessel,0.8529417537303067,0.9382632297941483,0.8344418017593401,0.9567631817651149,0.8259288524621723,0.9652761310622827,0.9035540936796077
s0607,iliac_artery_right,0.937,great_vessel,0.8642682267922798,0.9399032276318167,0.8457682748213132,0.9584031796027832,0.8372553255241454,0.966916128899951,0.9129523603905997
s0607,iliac_vena_left,0.9398,great_vessel,0.8825012830090864,0.9454598271634082,0.8640013310381198,0.9639597791343747,0.855488381740952,0.9724727284315425,0.905663331893206
s0607,iliac_vena_right,0.9417,great_vessel,0.9072211865097252,0.9448237498594859,0.8887212345387586,0.9633237018304525,0.8802082852415908,0.9718366511276203,0.9104539184948071
s0607,iliopsoas_left,0.9648,muscle,0.953304920517181,0.9645055698993761,0.9348049685462144,0.9830055218703426,0.9367019308081792,0.9811085596083778,0.9590960160047702
s0607,iliopsoas_right,0.9635,muscle,0.955809932876002,0.9684745571247173,0.9373099809050355,0.9869745090956838,0.9392069431670003,0.9850775468337191,0.9668976928449201
s0607,inferior_vena_cava,0.9459,great_vessel,0.9045723305868193,0.9509830013544512,0.8860723786158528,0.9694829533254178,0.8775594293186849,0.9779959026225856,0.9377359284134725
s0607,kidney_left,0.987,urinary,0.9731147857057724,0.9863492321148593,0.9546148337348058,1.0,0.9144923003449866,1.0,0.9802437505923274
s0607,kidney_right,0.9866,urinary,0.9756377265626114,0.9876451226468558,0.9571377745916448,1.0,0.9170152412018256,1.0,0.9875269388947906
s0607,liver,0.9901,solid_abdominal,0.9708491757293819,0.9859863095640493,0.9523492237584154,1.0,0.940338138425884,1.0,0.9857757688553925
s0607,lung_lower_lobe_left,0.9814,lung,0.975535153553969,0.9897025225728856,0.9570352015830025,1.0,0.9369674622548424,1.0,0.9897011983836792
s0607,lung_lower_lobe_right,0.9935,lung,0.9561938398148864,0.990593776212999,0.9376938878439198,1.0,0.9176261485157597,1.0,0.9930954295828738
s0607,lung_middle_lobe_right,0.99,lung,0.9258256712431662,0.9852391385380922,0.9073257192721996,1.0,0.8872579799440395,1.0,0.9756829046103078
s0607,lung_upper_lobe_left,0.9665,lung,0.9287143513202653,0.9872141199506765,0.9102143993492987,1.0,0.8901466600211386,1.0,0.9858614093077385
s0607,lung_upper_lobe_right,0.592,lung,0.3374102255981986,0.878933093960797,0.31891027362723207,0.8974330459317635,0.298842534299072,0.9175007852599236,0.5494729223733907
s0607,pancreas,0.9453,solid_abdominal,0.8479790861901018,0.9511892290764844,0.8294791342191352,0.9696891810474509,0.8174680488866038,0.9817002663799823,0.8899826688271425
s0607,portal_vein_and_splenic_vein,0.8855,great_vessel,0.8997340669835403,0.9537689026310084,0.8812341150125738,0.972268854601975,0.8727211657154059,0.9807818038991428,0.9026033331441334
s0607,prostate,0.8045,reproductive,0.8626752757599584,0.9285937799504898,0.8441753237889918,0.9470937319214563,0.18655698413569188,1.0,0.8328837194838231
s0607,pulmonary_vein,0.8429,great_vessel,0.5341189516143985,0.9085089527977435,0.5156189996434319,0.92700890476871,0.5071060503462641,0.9355218540658778,0.7809591272257351
s0607,rib_left_10,0.9709,rib,0.9362095385095053,0.9750813477333544,0.9177095865385387,0.993581299704321,0.9236105597793286,0.9876803264635311,0.9697303103238686
s0607,rib_left_11,0.9639,rib,0.8583998809609994,0.9708117271396965,0.8398999289900329,0.9893116791106631,0.8458009022308227,0.9834107058698732,0.9522332619572238
s0607,rib_left_12,0.8638,rib,0.9273025671235697,0.9541530334126469,0.9088026151526032,0.9726529853836134,0.914703588393393,0.9667520121428236,0.9645270828579274
s0607,rib_left_6,0.913,rib,0.34841297534829185,0.9348245648623826,0.3299130233773253,0.9533245168333492,0.3358139966181152,0.9474235435925593,0.8894295829985019
s0607,rib_left_7,0.9678,rib,0.7351316899407724,0.9622032931725215,0.7166317379698058,0.9807032451434881,0.7225327112105957,0.9748022719026982,0.9412486723402333
s0607,rib_left_8,0.965,rib,0.9392653073222006,0.9722004317684194,0.920765355351234,0.990700383739386,0.9266663285920239,0.9847994104985961,0.9773296109963772
s0607,rib_left_9,0.9794,rib,0.94468794287045,0.9763982683054359,0.9261879908994834,0.9948982202764024,0.9320889641402733,0.9889972470356125,0.9732644101383414
s0607,rib_right_10,0.9638,rib,0.9540626983158113,0.9758873886103505,0.9355627463448447,0.9943873405813171,0.9414637195856346,0.9884863673405272,0.9765469661079179
s0607,rib_right_11,0.9611,rib,0.9434161099204668,0.9728221575068923,0.9249161579495002,0.9913221094778588,0.9308171311902901,0.985421136237069,0.9595310658340961
s0607,rib_right_12,0.9646,rib,0.9408902044492726,0.9555233052636204,0.9223902524783061,0.9740232572345869,0.928291225719096,0.9681222839937971,0.963579681984836
s0607,rib_right_6,0.8888,rib,0.861700652121093,0.9457127446811253,0.8432007001501265,0.9642126966520919,0.8491016733909164,0.958311723411302,0.9070872033716186
s0607,rib_right_7,0.9572,rib,0.8712643875776519,0.9684216601859241,0.8527644356066854,0.9869216121568907,0.8586654088474752,0.9810206389161008,0.9453703366218555
s0607,rib_right_8,0.9672,rib,0.940668813280053,0.9735430717924213,0.9221688613090865,0.9920430237633878,0.9280698345498763,0.986142050522598,0.9731670717115968
s0607,rib_right_9,0.9656,rib,0.952285987355011,0.9765553496418831,0.9337860353840445,0.9950553016128496,0.9396870086248343,0.9891543283720597,0.9745313037000761
s0607,sacrum,0.9297,pelvic_bone,0.902425911863948,0.9624521206918446,0.8839259598929815,0.9809520726628111,0.8957293106247232,0.9691487219310695,0.9498005390318864
s0607,small_bowel,0.94,digestive,0.864236111711795,0.9540429785079176,0.8457361597408285,0.9725429304788842,0.8016112691869944,1.0,0.85024910451554
s0607,spinal_cord,0.9425,neuro,0.9145385436756956,0.9545403159610537,0.8960385917047291,0.9730402679320203,0.89358029485911,0.9754985647776394,0.9529702424926446
s0607,spleen,0.9901,solid_abdominal,0.9592147166384953,0.9853535346777388,0.9407147646675288,1.0,0.9287036793349974,1.0,0.9814395350198639
s0607,sternum,0.6669,shoulder_bone,0.6944355271829463,0.9323030341603378,0.6759355752119798,0.9508029861313043,0.6707672758143246,0.9559712855289595,0.866845394681199
s0607,stomach,0.9759,digestive,0.9057459523031713,0.9693354379932867,0.8872460003322048,0.9878353899642532,0.8431211097783707,1.0,0.9303429933031719
s0607,urinary_bladder,0.9446,urinary,0.8616922240552357,0.958644801553318,0.8431922720842692,0.9771447535242845,0.80306973869445,1.0,0.9452783382657409
s0607,vertebrae_L1,0.9866,vertebrae,0.9804383539484769,0.9868535083369997,0.9619384019775103,1.0,0.9620574270665421,1.0,0.985923496009592
s0607,vertebrae_L2,0.9847,vertebrae,0.9822588570479579,0.9875361086996399,0.9637589050769914,1.0,0.9638779301660231,1.0,0.9849955860335067
s0607,vertebrae_L3,0.9876,vertebrae,0.9782540389477132,0.9864433008971931,0.9597540869767467,1.0,0.9598731120657784,1.0,0.9817806212294338
s0607,vertebrae_L4,0.9854,vertebrae,0.9776606943287273,0.9871423661485328,0.9591607423577607,1.0,0.9592797674467924,1.0,0.9850071008369474
s0607,vertebrae_L5,0.9857,vertebrae,0.9766625121314889,0.984474144436486,0.9581625601605224,1.0,0.9582815852495541,1.0,0.9836035054296288
s0607,vertebrae_S1,0.9241,vertebrae,0.9681589628493954,0.9833062224652626,0.9496590108784289,1.0,0.9497780359674606,1.0,0.97034076420681
s0607,vertebrae_T10,0.9875,vertebrae,0.9786601387798141,0.9848808140788995,0.9601601868088475,1.0,0.9602792118978792,1.0,0.9794351745230728
s0607,vertebrae_T11,0.9872,vertebrae,0.9824558297112391,0.9839106509708152,0.9639558777402726,1.0,0.9640749028293043,1.0,0.9813413818418439
s0607,vertebrae_T12,0.9852,vertebrae,0.9691799015106817,0.985075600481794,0.9506799495397151,1.0,0.9507989746287469,1.0,0.9804141120524867
s0607,vertebrae_T7,0.959,vertebrae,0.3501456630713111,0.9290512843798288,0.3316457111003446,0.9475512363507953,0.3317647361893763,0.9474322112617636,0.9522311098955131
s0607,vertebrae_T8,0.98,vertebrae,0.9687684443739766,0.9749793292506759,0.95026849240301,0.9934792812216424,0.9503875174920418,0.9933602561326107,0.9747779276562317
s0607,vertebrae_T9,0.9863,vertebrae,0.9801554132706963,0.9826486902690725,0.9616554612997298,1.0,0.9617744863887615,1.0,0.9782849151993579
s0572,autochthon_left,0.9142,muscle,0.9336996648013686,0.9616438121766069,0.915199712830402,0.9801437641475734,0.9170966750923668,0.9782468018856086,0.9560206613036588
s0572,autochthon_right,0.9384,muscle,0.940030511258539,0.9597786194767269,0.9215305592875724,0.9782785714476935,0.9234275215495372,0.9763816091857287,0.9561565629851341
s0572,brachiocephalic_vein_left,0.0,great_vessel,0.11982740646684005,0.8464604134847982,0.1013274544958735,0.8649603654557647,0.09281450519870567,0.8734733147529326,0.7294629360819048
s0572,brachiocephalic_vein_right,0.3763,great_vessel,0.1572061626828035,0.8592774574990325,0.13870621071183695,0.877777409469999,0.1301932614146691,0.8862903587671669,0.7144814407000333
s0572,brain,0.7355,neuro,0.8682703119133263,0.9627037326983031,0.8497703599423597,0.9812036846692697,0.8473120630967406,0.9836619815148888,0.8659523866166033
s0572,clavicula_left,0.9421,shoulder_bone,0.8831941938965198,0.9708527532490484,0.8646942419255532,0.989352705220015,0.859525942527898,0.9945210046176701,0.935435526814259
s0572,clavicula_right,0.9012,shoulder_bone,0.8993520577828584,0.9816203260267656,0.8808521058118919,1.0,0.8756838064142367,1.0,0.9593399481262925
s0572,common_carotid_artery_left,0.8955,great_vessel,0.6434972689404259,0.9273767128205801,0.6249973169694594,0.9458766647915466,0.6164843676722915,0.9543896140887145,0.8652024462244159
s0572,common_carotid_artery_right,0.9036,great_vessel,0.6862535261905841,0.9192128899163746,0.6677535742196176,0.9377128418873412,0.6592406249224497,0.946225791184509,0.87038492062632
s0572,esophagus,0.9162,digestive,0.6587944796496494,0.9367814793998919,0.6402945276786829,0.9552814313708584,0.5961696371248488,0.9994063219246925,0.8885860307108214
s0572,lung_lower_lobe_left,0.0,lung,0.0,0.8765377072947312,0.0,0.8950376592656978,0.0,0.9151053985938579,0.1565216729662118
s0572,lung_upper_lobe_left,0.9779,lung,0.909292673470335,0.9756572063414193,0.8907927214993685,0.9941571583123858,0.8707249821712084,1.0,0.9506700929964146
s0572,lung_upper_lobe_right,0.9775,lung,0.8637224639840232,0.9730115320490212,0.8452225120130566,0.9915114840199878,0.8251547726848966,1.0,0.9458278918682421
s0572,rib_left_1,0.9482,rib,0.9124999114178004,0.9673948673651709,0.8939999594468339,0.9858948193361374,0.8999009326876237,0.9799938460953476,0.9491937509091678
s0572,rib_left_2,0.9258,rib,0.9223579083396859,0.9642542394320065,0.9038579563687194,0.982754191402973,0.9097589296095092,0.9768532181621832,0.9407519599470285
s0572,rib_left_3,0.9233,rib,0.6661320201390741,0.9511031440177978,0.6476320681681076,0.9696030959887644,0.6535330414088975,0.9637021227479745,0.9387498095328113
s0572,rib_right_1,0.8482,rib,0.9025160273229967,0.9761172295273212,0.8840160753520302,0.9946171814982877,0.8899170485928201,0.9887162082574978,0.9473984044882909
s0572,rib_right_2,0.9564,rib,0.9500027198324351,0.9628949943313388,0.9315027678614686,0.9813949463023054,0.9374037411022584,0.9754939730615155,0.9690512387223968
s0572,rib_right_3,0.8333,rib,0.8327002297846647,0.9435222333184566,0.8142002778136982,0.9620221852894232,0.8201012510544881,0.9561212120486333,0.9414854813630528
s0572,scapula_left,0.8884,shoulder_bone,0.9583087589616761,0.9771375441777209,0.9398088069907096,0.9956374961486875,0.9346405075930544,1.0,0.9663511651656111
s0572,scapula_right,0.9317,shoulder_bone,0.9768336677415816,0.9791481853491418,0.9583337157706151,0.9976481373201084,0.9531654163729599,1.0,0.9622474721865796
s0572,skull,0.9465,neuro,0.9454678314190065,0.9726315372237192,0.9269678794480399,0.9911314891946857,0.9245095826024208,0.9935897860403049,0.9301243982290727
s0572,spinal_cord,0.9187,neuro,0.9347135789936891,0.9448890758340618,0.9162136270227226,0.9633890278050283,0.9137553301771034,0.9658473246506475,0.9285552342418355
s0572,subclavian_artery_left,0.8959,great_vessel,0.5841758246079568,0.930823701642698,0.5656758726369903,0.9493236536136646,0.5571629233398224,0.9578366029108324,0.8852932769078813
s0572,subclavian_artery_right,0.7365,great_vessel,0.7323440819850957,0.9202393312618358,0.7138441300141292,0.9387392832328023,0.7053311807169613,0.9472522325299702,0.8831699933810784
s0572,thyroid_gland,0.862,airway_neck,0.7905615459953256,0.909596553003982,0.772061594024359,0.9280965049749486,0.7863886589684935,0.9137694400308141,0.8502239198244095
s0572,trachea,0.9629,airway_neck,0.8301032412009121,0.9579331103945807,0.8116032892299455,0.9764330623655473,0.82593035417408,0.9621059974214128,0.9446917768122892
s0572,vertebrae_C1,0.8379,vertebrae,0.935320601568159,0.9637388371322421,0.9168206495971924,0.9822387891032086,0.9169396746862242,0.9821197640141769,0.9591911407995073
s0572,vertebrae_C2,0.9538,vertebrae,0.9424333682550856,0.9761395153340917,0.9239334162841191,0.9946394673050583,0.9240524413731508,0.9945204422160265,0.974775640354066
s0572,vertebrae_C3,0.9367,vertebrae,0.9178683058071478,0.9656267358102906,0.8993683538361813,0.9841266877812571,0.899487378925213,0.9840076626922254,0.9069335541902033
s0572,vertebrae_C4,0.94,vertebrae,0.9248720801047996,0.9663377876714933,0.906372128133833,0.9848377396424598,0.9064911532228648,0.9847187145534281,0.929334249118857
s0572,vertebrae_C5,0.9404,vertebrae,0.9357563815402523,0.9689493325273527,0.9172564295692858,0.9874492844983193,0.9173754546583175,0.9873302594092875,0.9604739556414092
s0572,vertebrae_C6,0.9309,vertebrae,0.9672975170423843,0.9732620397590467,0.9487975650714178,0.9917619917300132,0.9489165901604495,0.9916429666409815,0.971563412713831
s0572,vertebrae_C7,0.9081,vertebrae,0.9543676821334514,0.9781826168722654,0.9358677301624848,0.9966825688432319,0.9359867552515165,0.9965635437542002,0.9634165133854897
s0572,vertebrae_T1,0.5444,vertebrae,0.9612334570716845,0.9836441963751817,0.942733505100718,1.0,0.9428525301897497,1.0,0.9740777692851653
s0572,vertebrae_T2,0.1516,vertebrae,0.9600832997187391,0.9789160584656801,0.9415833477477725,0.9974160104366466,0.9417023728368042,0.9972969853476149,0.9760422418588526
s0572,vertebrae_T3,0.1143,vertebrae,0.9158682761092627,0.9724788504433606,0.8973683241382961,0.9909788024143271,0.8974873492273279,0.9908597773252954,0.9581027549333198
s0572,vertebrae_T4,0.01,vertebrae,0.1385407483403151,0.9140224187225122,0.12004079636934856,0.9325223706934788,0.12015982145838028,0.932403345604447,0.47746087161466544
s0546,adrenal_gland_left,0.8961,urinary,0.7412572799031443,0.9284257076068634,0.7307715654492788,0.9389114220607289,0.728352449370003,0.9413305381400047,0.8866048760565743
s0546,adrenal_gland_right,0.8938,urinary,0.7987058150386032,0.9281995931273387,0.7882201005847377,0.9386853075812042,0.7858009845054619,0.94110442366048,0.8869384061977114
s0546,aorta,0.976,great_vessel,0.9425758892017174,0.9823303949535778,0.9320901747478519,0.9928161094074432,0.9312850368913139,0.9936212472639813,0.9780490946864193
s0546,atrial_appendage_left,0.9066,heart,0.873594733636645,0.927638171673364,0.8631090191827795,0.9381238861272295,0.8590365830268697,0.9421963222831393,0.9107094550604694
s0546,autochthon_left,0.9682,muscle,0.9526405244002979,0.9683987478020873,0.9421548099464324,0.9788844622559528,0.9493439985034379,0.9716952736989474,0.9647185040863664
s0546,autochthon_right,0.9653,muscle,0.9521855790549095,0.9665600114655459,0.941699864601044,0.9770457259194114,0.9488890531580495,0.969856537362406,0.9594600103224441
s0546,brachiocephalic_trunk,0.9438,great_vessel,0.8806683798334126,0.9359326793947054,0.8701826653795471,0.9464183938485708,0.8693775275230091,0.9472235317051089,0.9077529769428523
s0546,brachiocephalic_vein_left,0.9126,great_vessel,0.8568326180617218,0.9468289209037868,0.8463469036078564,0.9573146353576523,0.8455417657513183,0.9581197732141903,0.9341021530610906
s0546,brachiocephalic_vein_right,0.8205,great_vessel,0.8443355283834083,0.9363176391809391,0.8338498139295428,0.9468033536348046,0.8330446760730048,0.9476084914913426,0.908641333809171
s0546,clavicula_left,0.9854,shoulder_bone,0.8497852574755804,0.9791319158365492,0.8392995430217149,0.9896176302904147,0.8405692819196043,0.9883478913925253,0.9717110681907956
s0546,clavicula_right,0.9096,shoulder_bone,0.5455004803493768,0.9472191164828629,0.5350147658955113,0.9577048309367284,0.5362845047934007,0.956435092038839,0.910161606233333
s0546,colon,0.8593,digestive,0.8839382475721105,0.9579142240322153,0.873452533118245,0.9683999384860807,0.8048533080968296,1.0,0.9268154851248918
s0546,common_carotid_artery_left,0.9574,great_vessel,0.7805922291232077,0.9445982909137572,0.7701065146693422,0.9550840053676227,0.7693013768128042,0.9558891432241607,0.918865313163537
s0546,common_carotid_artery_right,0.9019,great_vessel,0.7631682853924349,0.9187290472003539,0.7526825709385694,0.9292147616542193,0.7518774330820314,0.9300198995107574,0.915911814372708
s0546,costal_cartilages,0.8732,costal_cartilage,0.7274181355370427,0.9074704581983634,0.7169324210831772,0.9179561726522288,0.6653204203256101,0.969568173409796,0.8699573405755219
s0546,duodenum,0.8265,digestive,0.9146434084969405,0.9622188895872128,0.904157694043075,0.9727046040410783,0.8355584690216596,1.0,0.907913934013198
s0546,esophagus,0.952,digestive,0.8985922397117536,0.9492352499914801,0.8881065252578881,0.9597209644453456,0.8195073002364728,1.0,0.9149831414204528
s0546,femur_left,0.9843,pelvic_bone,0.9878516517314483,0.9867476312930924,0.9773659372775828,0.9972333457469579,0.9849976663587128,0.9896016166658279,0.9856165982715358
s0546,femur_right,0.9876,pelvic_bone,0.9845812001690757,0.9872059624285114,0.9740954857152102,0.9976916768823769,0.9817272147963402,0.990059947801247,0.9881534317708293
s0546,gallbladder,0.9266,solid_abdominal,0.8095643122863753,0.9225202669960406,0.7990785978325098,0.9330059814499061,0.7927568396144928,0.939327739667923,0.8480918326536275
s0546,gluteus_maximus_left,0.9718,muscle,0.9396082505007963,0.9702727493532101,0.9291225360469308,0.9807584638070755,0.9363117246039363,0.9735692752500701,0.9622287496498446
s0546,gluteus_maximus_right,0.9688,muscle,0.9465433487253144,0.9707391009087492,0.936057634271449,0.9812248153626146,0.9432468228284544,0.9740356268056092,0.9597795513618155
s0546,gluteus_medius_left,0.9575,muscle,0.9464831794428549,0.967574481444932,0.9359974649889894,0.9780601958987974,0.9431866535459948,0.970871007341792,0.9654181596468641
s0546,gluteus_medius_right,0.9634,muscle,0.9457286342709826,0.966264210173602,0.9352429198171172,0.9767499246274675,0.9424321083741226,0.969560736070462,0.9629340717391671
s0546,gluteus_minimus_left,0.9377,muscle,0.931971219918797,0.9532334677611293,0.9214855054649315,0.9637191822149948,0.9286746940219369,0.9565299936579893,0.9472713305500058
s0546,gluteus_minimus_right,0.944,muscle,0.9357790577834547,0.9544370014691417,0.9252933433295892,0.9649227159230072,0.9324825318865947,0.9577335273660017,0.9524946089692375
s0546,heart,0.9505,heart,0.9361239667365737,0.978473244949992,0.9256382522827082,0.9889589594038575,0.9215658161267984,0.9930313955597673,0.9600620024424014
s0546,hip_left,0.9831,pelvic_bone,0.967420874440127,0.9842209969439898,0.9569351599862616,0.9947067113978553,0.9645668890673915,0.9870749823167253,0.983961781794014
s0546,hip_right,0.9811,pelvic_bone,0.9808211136015365,0.9833343638721663,0.970335399147671,0.9938200783260318,0.9779671282288009,0.9861883492449018,0.9843405758427212
s0546,humerus_left,0.9621,shoulder_bone,0.8508501895754039,0.9743230506762807,0.8403644751215384,0.9848087651301461,0.8416342140194278,0.9835390262322568,0.9615671271817466
s0546,humerus_right,0.9651,shoulder_bone,0.9455946164032318,0.9732058923236137,0.9351089019493664,0.9836916067774791,0.9363786408472557,0.9824218678795897,0.9608748177826648
s0546,iliac_artery_left,0.9096,great_vessel,0.8632173499319813,0.947097781678328,0.8527316354781158,0.9575834961321935,0.8519264976215778,0.9583886339887315,0.9265734832021458
s0546,iliac_artery_right,0.9298,great_vessel,0.8994235328704903,0.9464441481959751,0.8889378184166248,0.9569298626498406,0.8881326805600868,0.9577350005063786,0.932716131610336
s0546,iliac_vena_left,0.924,great_vessel,0.9310906155492538,0.9554343490225677,0.9206049010953883,0.9659200634764332,0.9197997632388503,0.9667252013329712,0.9430371918404655
s0546,iliac_vena_right,0.8947,great_vessel,0.9265923584352347,0.958060000059729,0.9161066439813692,0.9685457145135945,0.9153015061248312,0.9693508523701325,0.9422078307040499
s0546,iliopsoas_left,0.9531,muscle,0.9448023837509262,0.969143800835107,0.9343166692970607,0.9796295152889725,0.9415058578540662,0.972440326731967,0.9665287035985258
s0546,iliopsoas_right,0.9496,muscle,0.9455625018438026,0.9700657758030757,0.9350767873899372,0.9805514902569412,0.9422659759469426,0.9733623016999358,0.9694182728713012
s0546,inferior_vena_cava,0.9431,great_vessel,0.9293271604244691,0.9677927646143976,0.9188414459706036,0.978278479068263,0.9180363081140656,0.9790836169248011,0.9388155621967942
s0546,kidney_left,0.9856,urinary,0.974224435983257,0.9886072067890223,0.9637387215293916,0.9990929212428877,0.9613196054501157,1.0,0.9833780086976603
s0546,kidney_right,0.9861,urinary,0.9500228156729809,0.987476169479216,0.9395371012191154,0.9979618839330815,0.9371179851398396,1.0,0.9897516425071837
s0546,liver,0.9906,solid_abdominal,0.9800137543937276,0.9908599803677387,0.9695280399398621,1.0,0.9632062817218452,1.0,0.987339411049188
s0546,lung_lower_lobe_left,0.9938,lung,0.9794542779712591,0.9929612734166265,0.9689685635173936,1.0,0.9714217683577764,1.0,0.9893911220346483
s0546,lung_lower_lobe_right,0.9906,lung,0.9799133309367358,0.9898194879721939,0.9694276164828703,1.0,0.9718808213232532,0.9978519975856766,0.9862571879337568
s0546,lung_middle_lobe_right,0.9777,lung,0.9119025408219991,0.9804998246191764,0.9014168263681336,0.9909855390730419,0.9038700312085164,0.9885323342326591,0.9647569294852781
s0546,lung_upper_lobe_left,0.9946,lung,0.9833933175853791,0.9924236705109413,0.9729076031315136,1.0,0.9753608079718964,1.0,0.9907954786545563
s0546,lung_upper_lobe_right,0.9903,lung,0.9679240492633884,0.991016221534346,0.9574383348095229,1.0,0.9598915396499057,0.9990487311478287,0.9892215729774567
s0546,pancreas,0.9572,solid_abdominal,0.9046626038113325,0.9609592966830822,0.894176889357467,0.9714450111369477,0.88785513113945,0.9777667693549646,0.9336682216701202
s0546,portal_vein_and_splenic_vein,0.8915,great_vessel,0.8319730006482744,0.9645490929939207,0.8214872861944089,0.9750348074477861,0.8206821483378709,0.9758399453043242,0.9240102970876553
s0546,prostate,0.868,reproductive,0.7026708878242065,0.9082742964939363,0.692185173370341,0.9187600109478018,0.692185173370341,0.9187600109478018,0.8328360078299613
s0546,pulmonary_vein,0.9393,great_vessel,0.7848568270682137,0.9222359250352464,0.7743711126143482,0.9327216394891119,0.7735659747578102,0.9335267773456499,0.9515952313187906
s0546,rib_left_1,0.9122,rib,0.939135047222287,0.9683364874683404,0.9286493327684215,0.9788222019222059,0.9261032123160282,0.9813683223745993,0.9563776888358049
s0546,rib_left_10,0.9711,rib,0.9036674339073267,0.9645383215946188,0.8931817194534613,0.9750240360484843,0.8906355990010679,0.9775701565008776,0.9618450545675791
s0546,rib_left_11,0.9782,rib,0.9372587638551849,0.9691651164695892,0.9267730494013194,0.9796508309234547,0.9242269289489261,0.9821969513758481,0.9703706752129937
s0546,rib_left_12,0.9524,rib,0.9020865217469632,0.9546672202546709,0.8916008072930978,0.9651529347085364,0.8890546868407044,0.9676990551609297,0.9532756804689211
s0546,rib_left_2,0.9445,rib,0.9671916632745656,0.9721809324732107,0.9567059488207001,0.9826666469270762,0.9541598283683068,0.9852127673794695,0.9591708382584097
s0546,rib_left_3,0.9707,rib,0.9672130450567447,0.9715229962940752,0.9567273306028792,0.9820087107479407,0.9541812101504858,0.984554831200334,0.9624340757306747
s0546,rib_left_4,0.9606,rib,0.9279609289322834,0.9724793716946455,0.917475214478418,0.982965086148511,0.9149290940260246,0.9855112066009043,0.9667756132888973
s0546,rib_left_5,0.9432,rib,0.9279377917525682,0.9734737242557756,0.9174520772987027,0.9839594387096411,0.9149059568463094,0.9865055591620344,0.9685170528137544
s0546,rib_left_6,0.9618,rib,0.9515942481003906,0.9761541783017077,0.9411085336465251,0.9866398927555732,0.9385624131941318,0.9891860132079665,0.9694741309915235
s0546,rib_left_7,0.9761,rib,0.9446631091664203,0.9743479299896326,0.9341773947125548,0.9848336444434981,0.9316312742601615,0.9873797648958914,0.9702050566275057
s0546,rib_left_8,0.9628,rib,0.9673991550960562,0.9662098460809477,0.9569134406421907,0.9766955605348132,0.9543673201897974,0.9792416809872065,0.9707434923031216
s0546,rib_left_9,0.9675,rib,0.9806958456923696,0.9683546961236739,0.9702101312385041,0.9788404105775393,0.9676640107861108,0.9813865310299327,0.9721979605810801
s0546,rib_right_1,0.9067,rib,0.9396540057319089,0.9706333692912665,0.9291682912780435,0.981119083745132,0.9266221708256501,0.9836652041975253,0.9555961723126367
s0546,rib_right_10,0.9753,rib,0.844273562474909,0.9683104569828271,0.8337878480210436,0.9787961714366926,0.8312417275686502,0.981342291889086,0.9679791430411026
s0546,rib_right_11,0.9779,rib,0.8685006994933541,0.9735126918777415,0.8580149850394886,0.983998406331607,0.8554688645870953,0.9865445267840003,0.977853538634021
s0546,rib_right_12,0.9574,rib,0.8611677130120846,0.9623793004190081,0.8506819985582191,0.9728650148728736,0.8481358781058258,0.9754111353252669,0.9446572755510054
s0546,rib_right_2,0.9482,rib,0.8622671120728278,0.9666451262386999,0.8517813976189623,0.9771308406925654,0.849235277166569,0.9796769611449587,0.9043195128665357
s0546,rib_right_3,0.9523,rib,0.9583706683759301,0.9692405638414986,0.9478849539220646,0.9797262782953641,0.9453388334696713,0.9822723987477574,0.9598164821086373
s0546,rib_right_4,0.9706,rib,0.8824323598996124,0.9739287223442654,0.871946645445747,0.9844144367981309,0.8694005249933536,0.9869605572505242,0.9657558573595862
s0546,rib_right_5,0.9622,rib,0.915164113150821,0.9756844165872985,0.9046783986969555,0.986170131041164,0.9021322782445622,0.9887162514935574,0.9676689414041443
s0546,rib_right_6,0.9539,rib,0.9685449188218987,0.9773928294746691,0.9580592043680333,0.9878785439285346,0.9555130839156399,0.9904246643809279,0.9715536355395814
s0546,rib_right_7,0.97,rib,0.955179310115618,0.9775844992424315,0.9446935956617525,0.988070213696297,0.9421474752093592,0.9906163341486903,0.9748350384916441
s0546,rib_right_8,0.9681,rib,0.9432981985006421,0.974879488122986,0.9328124840467766,0.9853652025768515,0.9302663635943833,0.9879113230292448,0.9725025191255859
s0546,rib_right_9,0.9553,rib,0.9510495306969187,0.975664039158254,0.9405638162430532,0.9861497536121194,0.9380176957906599,0.9886958740645128,0.9723079171428864
s0546,sacrum,0.943,pelvic_bone,0.8290691841508441,0.9574999464901768,0.8185834696969786,0.9679856609440423,0.8262151987781086,0.9603539318629123,0.9324950583293712
s0546,scapula_left,0.9545,shoulder_bone,0.8846555095461553,0.9729313332866724,0.8741697950922899,0.9834170477405378,0.8754395339901793,0.9821473088426484,0.964069516064762
s0546,scapula_right,0.9542,shoulder_bone,0.9166221633889038,0.9727647190099292,0.9061364489350383,0.9832504334637947,0.9074061878329277,0.9819806945659053,0.9401520752332774
s0546,skull,0.5455,neuro,0.12067446085691945,0.8862686669890175,0.11018874640305397,0.896754381442883,0.10500906449449697,0.90193406335144,0.31516727788652144
s0546,small_bowel,0.8296,digestive,0.788750383945208,0.9541454258448154,0.7782646694913425,0.9646311402986809,0.7096654444699272,1.0,0.9186129327986723
s0546,spinal_cord,0.9462,neuro,0.9274451148179246,0.9503503213450184,0.9169594003640591,0.9608360357988839,0.9117797184555021,0.9660157177074409,0.9539582060708267
s0546,spleen,0.9805,solid_abdominal,0.9379227753070681,0.9729396851656037,0.9274370608532027,0.9834253996194692,0.9211153026351857,0.9897471578374861,0.959432471204913
s0546,sternum,0.9306,shoulder_bone,0.9237300774623569,0.9685679216638706,0.9132443630084914,0.9790536361177361,0.9145141019063808,0.9777838972198467,0.9481960418025476
s0546,stomach,0.9737,digestive,0.8606781606767423,0.9729340719173544,0.8501924462228768,0.9834197863712199,0.7815932212014615,1.0,0.9078467963546147
s0546,subclavian_artery_left,0.9434,great_vessel,0.8399600141262562,0.94530316178408,0.8294742996723907,0.9557888762379455,0.8286691618158527,0.9565940140944835,0.9266812061985669
s0546,subclavian_artery_right,0.9302,great_vessel,0.8212758498437117,0.9395893269712555,0.8107901353898462,0.950075041425121,0.8099849975333082,0.950880179281659,0.9129095130667245
s0546,superior_vena_cava,0.8431,great_vessel,0.9166401779943784,0.941539243278495,0.9061544635405129,0.9520249577323605,0.9053493256839749,0.9528300955888985,0.9453103407358469
s0546,thyroid_gland,0.9306,airway_neck,0.9368931925441775,0.977758589949129,0.926407478090312,0.9882443044029945,0.939440653626265,0.9752111288670414,0.9431526926548901
s0546,trachea,0.9483,airway_neck,0.929066616594477,0.9794918719837423,0.9185809021406115,0.9899775864376078,0.9316140776765646,0.9769444109016547,0.9313043494143279
s0546,urinary_bladder,0.9345,urinary,0.9175689394431882,0.9600844535663937,0.9070832249893227,0.9705701680202592,0.9046641089100469,0.972989284099535,0.9444853297263484
s0546,vertebrae_C6,0.9584,vertebrae,0.764676696278314,0.9380122316933543,0.7541909818244485,0.9484979461472198,0.7557873486492526,0.9469015793224158,0.9357073364587918
s0546,vertebrae_C7,0.9738,vertebrae,0.9658715433319317,0.9769611333752518,0.9553858288780662,0.9874468478291173,0.9569821957028702,0.9858504810043133,0.9708494433532574
s0546,vertebrae_L1,0.9902,vertebrae,0.9899603462197905,0.9876524712761449,0.979474631765925,0.9981381857300103,0.981070998590729,0.9965418189052063,0.986659938778528
s0546,vertebrae_L2,0.9884,vertebrae,0.9797351481171597,0.9874706893622276,0.9692494336632942,0.9979564038160931,0.9708458004880982,0.996360036991289,0.9875358558711522
s0546,vertebrae_L3,0.9859,vertebrae,0.9734486304841699,0.9864499356629954,0.9629629160303044,0.9969356501168609,0.9645592828551084,0.9953392832920569,0.9816164361557012
s0546,vertebrae_L4,0.9812,vertebrae,0.9700326572917257,0.9869385744727437,0.9595469428378602,0.9974242889266092,0.9611433096626643,0.9958279221018052,0.9825993827328847
s0546,vertebrae_L5,0.9849,vertebrae,0.9745394045585732,0.9843527825701589,0.9640536901047078,0.9948384970240244,0.9656500569295118,0.9932421301992204,0.984838875044711
s0546,vertebrae_S1,0.9228,vertebrae,0.9664672693239896,0.9840511436769164,0.9559815548701242,0.9945368581307819,0.9575779216949282,0.9929404913059778,0.9770221642366388
s0546,vertebrae_T1,0.9785,vertebrae,0.9775812402933481,0.9859725815758992,0.9670955258394827,0.9964582960297647,0.9686918926642867,0.9948619292049606,0.97718601372963
s0546,vertebrae_T10,0.9882,vertebrae,0.9942437207776933,0.9849178846736545,0.9837580063238278,0.99540359912752,0.9853543731486318,0.993807232302716,0.9828080318564156
s0546,vertebrae_T11,0.986,vertebrae,0.9714057374404882,0.98578001260925,0.9609200229866227,0.9962657270631154,0.9625163898114267,0.9946693602383114,0.9827126553305836
s0546,vertebrae_T12,0.9888,vertebrae,0.9712490260156078,0.9865276383676732,0.9607633115617423,0.9970133528215387,0.9623596783865463,0.9954169859967347,0.9819633688129039
s0546,vertebrae_T2,0.9494,vertebrae,0.9656000072680142,0.981660869611635,0.9551142928141487,0.9921465840655005,0.9567106596389527,0.9905502172406965,0.987114648053117
s0546,vertebrae_T3,0.9493,vertebrae,0.8543789363607166,0.9819425073028595,0.8438932219068511,0.992428221756725,0.8454895887316551,0.9908318549319209,0.9756033368126087
s0546,vertebrae_T4,0.9628,vertebrae,0.5411616338680677,0.9789370359018377,0.5306759194142022,0.9894227503557032,0.5322722862390062,0.9878263835308991,0.9099454032172861
s0546,vertebrae_T5,0.9495,vertebrae,0.658970672290935,0.9786881699198715,0.6484849578370695,0.989173884373737,0.6500813246618735,0.987577517548933,0.9481078039303007
s0546,vertebrae_T6,0.9166,vertebrae,0.7940056932766224,0.9806843884994861,0.7835199788227569,0.9911701029533516,0.7851163456475609,0.9895737361285476,0.967881241435105
s0546,vertebrae_T7,0.941,vertebrae,0.8415000974697051,0.9815255642596902,0.8310143830158396,0.9920112787135557,0.8326107498406436,0.9904149118887516,0.965504019445041
s0546,vertebrae_T8,0.988,vertebrae,0.8979198241853299,0.981777761397478,0.8874341097314644,0.9922634758513434,0.8890304765562684,0.9906671090265394,0.971918546295752
s0546,vertebrae_T9,0.9865,vertebrae,0.9543250961598105,0.9851850028268347,0.9438393817059451,0.9956707172807002,0.9454357485307491,0.9940743504558962,0.9846919269626806
s0544,adrenal_gland_left,0.3797,urinary,0.7970832160513577,0.9069451328618447,0.7822145674435491,0.9218137814696533,0.780396173664603,0.9236321752485994,0.8037712179331226
s0544,adrenal_gland_right,0.7718,urinary,0.8206102361242782,0.9024219845476386,0.8057415875164696,0.9172906331554471,0.8039231937375235,0.9191090269343932,0.8324064073187771
s0544,aorta,0.9062,great_vessel,0.9266586161901285,0.9539439982566837,0.9117899675823199,0.9688126468644923,0.9121419125519381,0.9684607018948741,0.9523752951827547
s0544,autochthon_left,0.9537,muscle,0.9406039229998636,0.965194285897148,0.925735274392055,0.9800629345049565,0.9322468865288921,0.9735513223681195,0.9563657409960094
s0544,autochthon_right,0.934,muscle,0.9249881815058705,0.9647741906280808,0.9101195328980619,0.9796428392358894,0.916631145034899,0.9731312270990523,0.9443695785384468
s0544,colon,0.8346,digestive,0.7074683360760079,0.8893773845910519,0.6925996874681993,0.9042460331988604,0.6423265930827048,0.954519127584355,0.8167010515106394
s0544,costal_cartilages,0.8929,costal_cartilage,0.814040723780217,0.8907473895991723,0.7991720751724084,0.9056160382069809,0.7975998071779172,0.9071883062014721,0.8474710247063113
s0544,duodenum,0.0,digestive,0.7261468186078752,0.9136646356579065,0.7112781700000667,0.928533284265715,0.6610050756145721,0.9788063786512096,0.8737957682011835
s0544,esophagus,0.8421,digestive,0.9123501402919246,0.9411908426564676,0.8974814916841161,0.9560594912642761,0.8472083972986215,1.0,0.9197553184260705
s0544,gallbladder,0.6074,solid_abdominal,0.8255105335066178,0.9271724165789157,0.8106418848988093,0.9420410651867243,0.8063607106909384,0.9463222393945951,0.9213869404078909
s0544,heart,0.9263,heart,0.9350454719066221,0.968425705734447,0.9201768232988136,0.9832943543422555,0.9237356627384967,0.9797355149025724,0.9172392639982775
s0544,iliopsoas_right,0.7632,muscle,0.018958017659163804,0.8550015983958102,0.0040893690513552385,0.8698702470036188,0.01060098118819228,0.8633586348667818,0.314729468386148
s0544,inferior_vena_cava,0.8478,great_vessel,0.881224213022356,0.9443336307966969,0.8663555644145474,0.9592022794045054,0.8667075093841656,0.9588503344348872,0.9060057201084796
s0544,kidney_left,0.8981,urinary,0.8961143908029995,0.9490303838445803,0.8812457421951909,0.9638990324523888,0.8794273484162448,0.9657174262313349,0.9007723079295817
s0544,liver,0.9583,solid_abdominal,0.9703939706803721,0.9820640336210565,0.9555253220725636,0.9969326822288651,0.9512441478646927,1.0,0.9702117516474779
s0544,lung_lower_lobe_left,0.9955,lung,0.9951935120980562,0.9922248452460594,0.9803248634902476,1.0,0.9791553395718362,1.0,0.9933799121093307
s0544,lung_lower_lobe_right,0.9934,lung,0.9765737785591218,0.9913919008317029,0.9617051299513132,1.0,0.9605356060329018,1.0,0.9915617247768953
s0544,lung_middle_lobe_right,0.9878,lung,0.9064068144680021,0.9757446666824848,0.8915381658601935,0.9906133152902934,0.8903686419417821,0.9917828392087048,0.9635149371240246
s0544,lung_upper_lobe_left,0.99,lung,0.9325604811184436,0.9859953037533795,0.917691832510635,1.0,0.9165223085922236,1.0,0.9842561538915152
s0544,lung_upper_lobe_right,0.6875,lung,0.0,0.8893722972656565,0.0,0.904240945873465,0.0,0.9054104697918764,0.16049802310556213
s0544,pancreas,0.3812,solid_abdominal,0.8216576840034873,0.934243262462884,0.8067890353956787,0.9491119110706926,0.8025078611878078,0.9533930852785635,0.8728198202773578
s0544,portal_vein_and_splenic_vein,0.2892,great_vessel,0.4495995205431432,0.8638691895218216,0.43473087193533466,0.8787378381296301,0.4350828169049529,0.8783858931600119,0.6146332521121043
s0544,rib_left_10,0.9814,rib,0.9270321723726391,0.9742081485645729,0.9121635237648306,0.9890767971723815,0.9087525799862949,0.9924877409509172,0.9713887067857058
s0544,rib_left_11,0.968,rib,0.9206259393230724,0.969143790065352,0.9057572907152638,0.9840124386731606,0.9023463469367281,0.9874233824516963,0.9492381020413749
s0544,rib_left_12,0.9179,rib,0.8853263606332634,0.9446130061400467,0.8704577120254549,0.9594816547478553,0.8670467682469192,0.962892598526391,0.940432565458855
s0544,rib_left_6,0.9477,rib,0.5922625822879246,0.948990079902895,0.577393933680116,0.9638587285107035,0.5739829899015804,0.9672696722892392,0.9585800181499148
s0544,rib_left_7,0.9695,rib,0.8928063111729495,0.963957373684628,0.8779376625651409,0.9788260222924365,0.8745267187866053,0.9822369660709722,0.9543947294019696
s0544,rib_left_8,0.9786,rib,0.8976058947086144,0.9726458787187027,0.8827372461008058,0.9875145273265112,0.8793263023222702,0.9909254711050469,0.9591261811661415
s0544,rib_left_9,0.965,rib,0.9238755002543277,0.9770755063905763,0.9090068516465192,0.9919441549983848,0.9055959078679835,0.9953550987769205,0.9770488849150328
s0544,rib_right_10,0.9695,rib,0.894409637075369,0.9692828372187603,0.8795409884675605,0.9841514858265689,0.8761300446890248,0.9875624296051045,0.9637493927065276
s0544,rib_right_11,0.9605,rib,0.9112666165679002,0.9703486356901532,0.8963979679600916,0.9852172842979617,0.892987024181556,0.9886282280764974,0.946330304672996
s0544,rib_right_12,0.9551,rib,0.7956828275474777,0.9551207398549003,0.7808141789396691,0.9699893884627089,0.7774032351611334,0.9734003322412446,0.9304278819813938
s0544,rib_right_6,0.9271,rib,0.6288518912531211,0.92185464944469,0.6139832426453126,0.9367232980524985,0.6105722988667769,0.9401342418310342,0.8463682576988325
s0544,rib_right_7,0.964,rib,0.9214199286693912,0.9663724512415377,0.9065512800615826,0.9812410998493463,0.9031403362830469,0.984652043627882,0.9678306198130102
s0544,rib_right_8,0.9507,rib,0.9410343143269215,0.9698173029735002,0.926165665719113,0.9846859515813088,0.9227547219405773,0.9880968953598445,0.9549201843011793
s0544,rib_right_9,0.9724,rib,0.9234691435665583,0.9764179330427731,0.9086004949587497,0.9912865816505817,0.905189551180214,0.9946975254291174,0.9681889871326744
s0544,small_bowel,0.6161,digestive,0.7023422068639136,0.9132462640415275,0.687473558256105,0.9281149126493361,0.6372004638706105,0.9783880070348306,0.8609723105293645
s0544,spinal_cord,0.9456,neuro,0.8992316431135071,0.9421607190612551,0.8843629945056986,0.9570293676690637,0.8914203918089045,0.9499719703658577,0.9380825806423568
s0544,spleen,0.9466,solid_abdominal,0.9391592960155772,0.9650423647254186,0.9242906474077687,0.9799110133332272,0.9200094731998978,0.984192187541098,0.9593130752017677
s0544,sternum,0.7587,shoulder_bone,0.5343343010498233,0.8911115675408301,0.5194656524420147,0.9059802161486387,0.5238405446383348,0.9016053239523185,0.8494201102954536
s0544,stomach,0.8333,digestive,0.9169488297807956,0.9723104044203638,0.902080181172987,0.9871790530281723,0.8518070867874925,1.0,0.9316651083381408
s0544,vertebrae_L1,0.972,vertebrae,0.9598031336583688,0.9783630966053102,0.9449344850505602,0.9932317452131187,0.9444419116160891,0.9937243186475898,0.9559927250922828
s0544,vertebrae_L2,0.4018,vertebrae,0.08819402559459387,0.9073785377160386,0.0733253769867853,0.9222471863238472,0.07283280355231424,0.9227397597583182,0.1675184636320756
s0544,vertebrae_T10,0.9785,vertebrae,0.9614562371145913,0.9808326998841477,0.9465875885067827,0.9957013484919562,0.9460950150723116,0.9961939219264273,0.9780994108907769
s0544,vertebrae_T11,0.9813,vertebrae,0.9554912574645108,0.9804026787747685,0.9406226088567022,0.9952713273825771,0.9401300354222312,0.9957639008170481,0.9729376068315131
s0544,vertebrae_T12,0.9728,vertebrae,0.9516234965888198,0.9792317750275952,0.9367548479810113,0.9941004236354037,0.9362622745465402,0.9945929970698748,0.9627189444094664
s0544,vertebrae_T9,0.8787,vertebrae,0.5334424803337036,0.9522290656873718,0.518573831725895,0.9670977142951803,0.5180812582914239,0.9675902877296514,0.6559562423703067
s0506,autochthon_left,0.9733,muscle,0.9173030017833333,0.971689422397609,0.9024343531755248,0.9865580710054176,0.9089459653123618,0.9800464588685806,0.9447836104734253
s0506,autochthon_right,0.9664,muscle,0.939697830722189,0.9644296308679938,0.9248291821143805,0.9792982794758024,0.9313407942512175,0.9727866673389653,0.9490592290401468
s0506,colon,0.8552,digestive,0.6844105533812472,0.9163205135182679,0.6695419047734387,0.9311891621260765,0.6192688103879441,0.981462256511571,0.780208605803429
s0506,duodenum,0.3026,digestive,0.09134264474999564,0.8515171043711057,0.07647399614218707,0.8663857529789143,0.026200901756692527,0.9166588473644088,0.44800194436678153
s0506,femur_left,0.9726,pelvic_bone,0.9550563737279142,0.9804108192082763,0.9401877251201056,0.9952794678160849,0.9480950233033585,0.987372169632832,0.9823287703319975
s0506,femur_right,0.9877,pelvic_bone,0.9747536600991418,0.9814777266367237,0.9598850114913332,0.9963463752445323,0.9677923096745861,0.9884390770612794,0.9822906770405424
s0506,gluteus_maximus_left,0.9649,muscle,0.9627814382817171,0.9762606731422934,0.9479127896739086,0.9911293217501019,0.9544244018107456,0.9846177096132649,0.9738796641412263
s0506,gluteus_maximus_right,0.9738,muscle,0.9324328320064934,0.9791094297384754,0.9175641833986848,0.9939780783462839,0.9240757955355219,0.9874664662094469,0.9721549625023342
s0506,gluteus_medius_left,0.9487,muscle,0.9377123680852183,0.9698032042232515,0.9228437194774097,0.9846718528310601,0.9293553316142468,0.978160240694223,0.9431381112273542
s0506,gluteus_medius_right,0.9354,muscle,0.9570904642893953,0.9757807981542025,0.9422218156815867,0.990649446762011,0.9487334278184237,0.984137834625174,0.95815690071022
s0506,gluteus_minimus_left,0.9047,muscle,0.8739924447172002,0.9490010910480065,0.8591237961093916,0.963869739655815,0.8656354082462286,0.957358127518978,0.9281413119676587
s0506,gluteus_minimus_right,0.9368,muscle,0.9309152406574382,0.9568715240858067,0.9160465920496297,0.9717401726936152,0.9225582041864667,0.9652285605567782,0.9419031039781148
s0506,hip_left,0.9816,pelvic_bone,0.9736567619347225,0.9823965306951985,0.9587881133269139,0.9972651793030071,0.9666954115101668,0.9893578811197542,0.9852951332771478
s0506,hip_right,0.9777,pelvic_bone,0.9601007303783234,0.9786154713964026,0.9452320817705149,0.9934841200042112,0.9531393799537677,0.9855768218209583,0.9795250729793956
s0506,iliac_artery_left,0.6917,great_vessel,0.7376200541549149,0.9277988681991496,0.7227514055471064,0.9426675168069582,0.7231033505167246,0.9423155718373399,0.8775910769658193
s0506,iliac_artery_right,0.858,great_vessel,0.7107200144812326,0.9300086419635174,0.695851365873424,0.944877290571326,0.6962033108430422,0.9445253456017078,0.8596369382739247
s0506,iliac_vena_left,0.8732,great_vessel,0.8421540899065763,0.9398889241627189,0.8272854412987677,0.9547575727705274,0.8276373862683859,0.9544056278009092,0.8888581184475136
s0506,iliac_vena_right,0.8675,great_vessel,0.7827291457601592,0.9406178908051135,0.7678604971523506,0.955486539412922,0.7682124421219688,0.9551345944433038,0.8940444895334442
s0506,iliopsoas_left,0.9614,muscle,0.9190230846421438,0.9695009172263063,0.9041544360343352,0.9843695658341148,0.9106660481711722,0.9778579536972778,0.9734580216631376
s0506,iliopsoas_right,0.9694,muscle,0.9161783382083191,0.9702189033220636,0.9013096896005105,0.9850875519298722,0.9078213017373475,0.9785759397930351,0.9702035392612011
s0506,inferior_vena_cava,0.6416,great_vessel,0.30052081869296693,0.8883366393847323,0.28565217008515836,0.9032052879925409,0.2860041150547766,0.9028533430229226,0.5489806547507684
s0506,prostate,0.7263,reproductive,0.8882780218158448,0.9413673530027863,0.8734093732080362,0.9562360016105949,0.8734093732080362,0.9562360016105949,0.8786729462054691
s0506,sacrum,0.9614,pelvic_bone,0.8954743449288678,0.945204335167392,0.8806056963210592,0.9600729837752006,0.8885129945043121,0.9521656855919477,0.943152835633941
s0506,small_bowel,0.6223,digestive,0.6864528121965227,0.9106688262300487,0.6715841635887141,0.9255374748378573,0.6213110692032195,0.9758105692233519,0.775503266718991
s0506,spinal_cord,0.9382,neuro,0.9104348515998918,0.9380141368346478,0.8955662029920832,0.9528827854424564,0.9026236002952892,0.9458253881392504,0.9348570664858431
s0506,urinary_bladder,0.9661,urinary,0.8628752621285389,0.9541322162438383,0.8480066135207304,0.9690008648516468,0.8461882197417843,0.9708192586305929,0.9298757821563722
s0506,vertebrae_L4,0.9869,vertebrae,0.9643255036230077,0.984250082379091,0.9494568550151992,0.9991187309868995,0.9489642815807281,0.9996113044213706,0.9577898545777523
s0506,vertebrae_L5,0.9855,vertebrae,0.9788568507790912,0.9812490001735837,0.9639882021712827,0.9961176487813923,0.9634956287368116,0.9966102222158634,0.98781253135309
s0506,vertebrae_S1,0.9524,vertebrae,0.9553134165204787,0.9824159136396545,0.9404447679126702,0.9972845622474631,0.9399521944781991,0.9977771356819342,0.9847224650795698
s0466,aorta,0.9256,great_vessel,0.2753451606992092,0.8862229397672078,0.24734027734333253,0.9142278231230845,0.23631743100860503,0.925250669457812,0.6905409411527756
s0466,autochthon_left,0.9411,muscle,0.8487764588027586,0.9555822904033807,0.820771575446882,0.9835871737592574,0.8234292177588685,0.9809295314472709,0.9300432290887036
s0466,autochthon_right,0.9283,muscle,0.8901410502286043,0.9545783494425822,0.8621361668727276,0.9825832327984589,0.8647938091847142,0.9799255904864724,0.9282768877378389
s0466,brachiocephalic_trunk,0.9199,great_vessel,0.5924511982352432,0.8803620164413821,0.5644463148793665,0.9083668997972588,0.553423468544639,0.9193897461319863,0.6693510505630241
s0466,brachiocephalic_vein_left,0.868,great_vessel,0.5976220417696584,0.916013815029299,0.5696171584137817,0.9440186983851757,0.5585943120790542,0.9550415447199032,0.8108586876343232
s0466,brachiocephalic_vein_right,0.9409,great_vessel,0.7133194683951006,0.8960092977900952,0.6853145850392239,0.9240141811459719,0.6742917387044964,0.9350370274806994,0.8533986691348551
s0466,brain,0.0,neuro,0.7578536850617521,0.948122379671275,0.7298488017058754,0.9761272630271517,0.7484404399907193,0.9575356247423078,0.9013097740415513
s0466,clavicula_left,0.9695,shoulder_bone,0.9548601447656081,0.9642603645211532,0.9268552614097314,0.9922652478770299,0.9221270029997096,0.9969935062870516,0.9712990815776441
s0466,clavicula_right,0.9545,shoulder_bone,0.9471789636156246,0.9630887805437456,0.9191740802597479,0.9910936638996223,0.9144458218497261,0.9958219223096441,0.9592919528523246
s0466,common_carotid_artery_left,0.747,great_vessel,0.5585200373042832,0.8890263982133734,0.5305151539484065,0.9170312815692501,0.519492307613679,0.9280541279039776,0.6709230096354489
s0466,common_carotid_artery_right,0.6819,great_vessel,0.5820548295303682,0.8983965530334777,0.5540499461744915,0.9264014363893543,0.543027099839764,0.9374242827240818,0.6201487533661318
s0466,costal_cartilages,0.7157,costal_cartilage,0.7020861185297341,0.8902506462109168,0.6740812351738574,0.9182555295667935,0.6614700476611076,0.9308667170795433,0.5974047130239509
s0466,esophagus,0.9393,digestive,0.8192686434428603,0.9351936466726645,0.7912637600869836,0.9631985300285412,0.6789461848711063,1.0,0.900815536182559
s0466,humerus_left,0.8571,shoulder_bone,0.6005120776851564,0.8610304853180955,0.5725071943292797,0.8890353686739721,0.5677789359192579,0.8937636270839939,0.8495492357509208
s0466,humerus_right,0.9691,shoulder_bone,0.7761099665682197,0.9664300247973296,0.748105083212343,0.9944349081532063,0.7433768248023213,0.9991631665632281,0.9463084562809694
s0466,lung_lower_lobe_left,0.5047,lung,0.252750843358994,0.9121858692510233,0.2247459600031173,0.9401907526069,0.24667047859287883,0.9182662340171385,0.5553747916598779
s0466,lung_lower_lobe_right,0.0,lung,0.18810932469409497,0.9139766849676325,0.16010444133821827,0.9419815683235092,0.1820289599279798,0.9200570497337477,0.4004270336328082
s0466,lung_upper_lobe_left,0.9903,lung,0.9677496103795484,0.9913668066817667,0.9397447270236717,1.0,0.9616692456134333,0.9974471714478819,0.9847733636074042
s0466,lung_upper_lobe_right,0.9919,lung,0.9647558896995676,0.9911573345190714,0.9367510063436909,1.0,0.9586755249334524,0.9972376992851866,0.9842439380360894
s0466,rib_left_1,0.8778,rib,0.8097453301086694,0.9631451656120975,0.7817404467527928,0.9911500489679742,0.7698860390409334,1.0,0.9310688913106162
s0466,rib_left_2,0.9482,rib,0.754480715108647,0.9755566870560962,0.7264758317527703,1.0,0.714621424040911,1.0,0.9689849408338507
s0466,rib_left_3,0.9362,rib,0.6621210373049335,0.9700274854754215,0.6341161539490568,0.9980323688312982,0.6222617462371975,1.0,0.9629213201428286
s0466,rib_left_4,0.9255,rib,0.5091280699066331,0.9704071308077317,0.48112318655075637,0.9984120141636084,0.46926877883889706,1.0,0.9437151381867459
s0466,rib_left_5,0.9388,rib,0.6499315925558048,0.9431436497641232,0.6219267091999281,0.9711485331199999,0.6100723014880688,0.9830029408318592,0.8785413030412295
s0466,rib_right_1,0.8904,rib,0.8281255869280715,0.9671879348127335,0.8001207035721948,0.9951928181686102,0.7882662958603355,1.0,0.9277566914089477
s0466,rib_right_2,0.9375,rib,0.8602309825310201,0.9760898925229013,0.8322260991751435,1.0,0.8203716914632841,1.0,0.9601288647473508
s0466,rib_right_3,0.9312,rib,0.6943102612141432,0.9740448013825602,0.6663053778582665,1.0,0.6544509701464072,1.0,0.9598369419363806
s0466,rib_right_4,0.9452,rib,0.5211929717388379,0.9705372487882235,0.49318808838296124,0.9985421321441001,0.48133368067110194,1.0,0.9409438553548223
s0466,rib_right_5,0.9495,rib,0.6976863413767007,0.9533365789380256,0.669681458020824,0.9813414622939023,0.6578270503089647,0.9931958700057616,0.9264396943768095
s0466,scapula_left,0.9417,shoulder_bone,0.7493081678469501,0.9763980826741262,0.7213032844910734,1.0,0.7165750260810516,1.0,0.9481901040953056
s0466,scapula_right,0.9339,shoulder_bone,0.8441774939448053,0.9763918931014288,0.8161726105889286,1.0,0.8114443521789069,1.0,0.9563003949476471
s0466,skull,0.9303,neuro,0.9106974282334052,0.9662933618145998,0.8826925448775285,0.9942982451704765,0.9012841831623724,0.9757066068856326,0.9354097334211936
s0466,spinal_cord,0.9309,neuro,0.8583527723207725,0.949591371966338,0.8303478889648958,0.9775962553222147,0.8489395272497396,0.9590046170373708,0.9225110332657706
s0466,sternum,0.9318,shoulder_bone,0.7960955653612114,0.9300885440300379,0.7680906820053347,0.9580934273859146,0.7633624235953129,0.9628216857959364,0.8741180468558652
s0466,subclavian_artery_left,0.7912,great_vessel,0.6308486541863064,0.8863615723903235,0.6028437708304297,0.9143664557462002,0.5918209244957022,0.9253893020809277,0.7712570019364688
s0466,subclavian_artery_right,0.8325,great_vessel,0.5721761310248544,0.8816634629375641,0.5441712476689777,0.9096683462934408,0.5331484013342502,0.9206911926281683,0.753785933028687
s0466,thyroid_gland,0.7598,airway_neck,0.7240913783310521,0.8969442644041943,0.6960864949751754,0.924949147760071,0.7164550569994199,0.9045805857358264,0.7672836097096449
s0466,trachea,0.978,airway_neck,0.9358293644511048,0.9709697279797758,0.9078244810952281,0.9989746113356525,0.9281930431194726,0.9786060493114079,0.977454238647531
s0466,vertebrae_C1,0.9217,vertebrae,0.7964678185512549,0.9637377475119093,0.7684629351953782,0.991742630867786,0.7668458952854685,0.9933596707776957,0.9325042691077481
s0466,vertebrae_C2,0.9721,vertebrae,0.8503369174560368,0.9666948432162871,0.8223320341001601,0.9946997265721638,0.8207149941902504,0.9963167664820735,0.939944651055381
s0466,vertebrae_C3,0.9525,vertebrae,0.8732834870342584,0.9656859425856557,0.8452786036783817,0.9936908259415324,0.843661563768472,0.995307865851442,0.9374718952239613
s0466,vertebrae_C4,0.9195,vertebrae,0.8632619517087065,0.9655388176381471,0.8352570683528298,0.9935437009940238,0.8336400284429201,0.9951607409039335,0.9381488905794579
s0466,vertebrae_C5,0.901,vertebrae,0.8474500400580616,0.9656127035741704,0.8194451567021849,0.9936175869300471,0.8178281167922752,0.9952346268399568,0.94567086065043
s0466,vertebrae_C6,0.9323,vertebrae,0.8741654223966793,0.96632839557837,0.8461605390408026,0.9943332789342467,0.8445434991308929,0.9959503188441564,0.9425795951135686
s0466,vertebrae_C7,0.9587,vertebrae,0.8524915417716425,0.9703657628829113,0.8244866584157658,0.998370646238788,0.8228696185058562,0.9999876861486977,0.9517421517874847
s0466,vertebrae_T1,0.9686,vertebrae,0.8472225729807727,0.9732680396995417,0.819217689624896,1.0,0.8176006497149864,1.0,0.9572052379836873
s0466,vertebrae_T2,0.9757,vertebrae,0.8592667505063653,0.9726280332070215,0.8312618671504886,1.0,0.8296448272405789,1.0,0.9636058911590214
s0466,vertebrae_T3,0.9676,vertebrae,0.7945890686930869,0.973492057782151,0.7665841853372102,1.0,0.7649671454273005,1.0,0.9597463235793073
s0466,vertebrae_T4,0.9682,vertebrae,0.6909409090350928,0.9756070837007823,0.6629360256792161,1.0,0.6613189857693064,1.0,0.9661563771499847
s0466,vertebrae_T5,0.9655,vertebrae,0.5147590551172555,0.9750678695082884,0.4867541717613788,1.0,0.4851371318514691,1.0,0.9506997230834654
s0458,adrenal_gland_left,0.9347,urinary,0.5754724764935623,0.9327797320869532,0.5649867620396968,0.9432654465408187,0.562567645960421,0.9456845626200945,0.8203975164646228
s0458,adrenal_gland_right,0.9199,urinary,0.8445009489506604,0.9317157997252573,0.8340152344967949,0.9422015141791228,0.8315961184175191,0.9446206302583986,0.8920662731042265
s0458,aorta,0.9554,great_vessel,0.8532990302661321,0.9247338831269774,0.8428133158122666,0.9352195975808428,0.8420081779557286,0.9360247354373809,0.8739993011452766
s0458,atrial_appendage_left,0.8583,heart,0.2807976747339004,0.8727282245813778,0.2703119602800349,0.8832139390352433,0.2662395241241251,0.887286375191153,0.5996533814142881
s0458,autochthon_left,0.9636,muscle,0.9605469257204577,0.9675442906545466,0.9500612112665923,0.9780300051084121,0.9572503998235977,0.9708408165514066,0.9493167472168484
s0458,autochthon_right,0.9697,muscle,0.9408677974458571,0.9672821314065149,0.9303820829919917,0.9777678458603803,0.9375712715489971,0.9705786573033749,0.9462767009529844
s0458,colon,0.6669,digestive,0.8130816525187137,0.9072149292062868,0.8025959380648482,0.9177006436601522,0.7339967130434328,0.9862998686815676,0.8317451501140398
s0458,costal_cartilages,0.8895,costal_cartilage,0.7993981855461286,0.8947394278138504,0.7889124710922631,0.9052251422677159,0.737300470334696,0.956837143025283,0.8491264465531659
s0458,duodenum,0.8432,digestive,0.8727622166836038,0.9529939699068175,0.8622765022297383,0.963479684360683,0.7936772772083229,1.0,0.9099556555828927
s0458,esophagus,0.9384,digestive,0.8887154829524726,0.9464528811897845,0.8782297684986071,0.95693859564365,0.8096305434771918,1.0,0.9290392825445529
s0458,femur_left,0.932,pelvic_bone,0.9370345944956769,0.9755018937052385,0.9265488800418115,0.985987608159104,0.9341806091229414,0.978355879077974,0.9392216075881606
s0458,femur_right,0.9802,pelvic_bone,0.9828017846599479,0.9854450794222077,0.9723160702060825,0.9959307938760732,0.9799477992872124,0.9882990647949432,0.983825797646977
s0458,gallbladder,0.8681,solid_abdominal,0.909086895208637,0.9317766618088765,0.8986011807547715,0.942262376262742,0.8922794225367545,0.948584134480759,0.9466121925482865
s0458,gluteus_maximus_left,0.9453,muscle,0.9593286053452792,0.9671905801029073,0.9488428908914137,0.9776762945567727,0.9560320794484192,0.9704871059997673,0.959740395611313
s0458,gluteus_maximus_right,0.9712,muscle,0.9590131065616561,0.9690206881743728,0.9485273921077906,0.9795064026282383,0.955716580664796,0.9723172140712328,0.9671594422086746
s0458,gluteus_medius_left,0.8858,muscle,0.914089291643894,0.9543651905194038,0.9036035771900285,0.9648509049732693,0.9107927657470339,0.9576617164162639,0.9384064035499301
s0458,gluteus_medius_right,0.9471,muscle,0.9337926991638666,0.9505774690237663,0.9233069847100012,0.9610631834776318,0.9304961732670066,0.9538739949206263,0.9366100408444069
s0458,gluteus_minimus_left,0.8535,muscle,0.8863530158198112,0.9437254549852017,0.8758673013659457,0.9542111694390671,0.8830564899229512,0.9470219808820617,0.9055431088858951
s0458,gluteus_minimus_right,0.9314,muscle,0.8952293343768939,0.9430385768766749,0.8847436199230284,0.9535242913305404,0.8919328084800339,0.9463351027735349,0.9179347879041756
s0458,heart,0.9402,heart,0.940715938580576,0.978414573472923,0.9302302241267105,0.9889002879267885,0.9261577879708007,0.9929727240826983,0.9401355602981121
s0458,hip_left,0.9535,pelvic_bone,0.9481802364310378,0.983306228478441,0.9376945219771723,0.9937919429323064,0.9453262510583023,0.9861602138511765,0.9720313521217616
s0458,hip_right,0.9814,pelvic_bone,0.9736644781954307,0.9799338683002209,0.9631787637415652,0.9904195827540864,0.9708104928226952,0.9827878536729564,0.9665072656753013
s0458,iliac_artery_left,0.8914,great_vessel,0.8750137911527079,0.9425804328259457,0.8645280766988425,0.9530661472798112,0.8637229388423044,0.9538712851363492,0.925706011836286
s0458,iliac_artery_right,0.8458,great_vessel,0.7635629063351984,0.8872510147832059,0.7530771918813329,0.8977367292370714,0.7522720540247949,0.8985418670936094,0.7942643007410073
s0458,iliac_vena_left,0.8734,great_vessel,0.8791250176016123,0.9401567441984559,0.8686393031477468,0.9506424586523213,0.8678341652912088,0.9514475965088594,0.9076234496954599
s0458,iliac_vena_right,0.7782,great_vessel,0.8996183392817163,0.9393630507455439,0.8891326248278508,0.9498487651994094,0.8883274869713128,0.9506539030559474,0.9135246942204281
s0458,iliopsoas_left,0.9221,muscle,0.9317084265069513,0.9557022053342058,0.9212227120530858,0.9661879197880713,0.9284119006100913,0.9589987312310658,0.9508675359751796
s0458,iliopsoas_right,0.9596,muscle,0.9565845515326469,0.9626897415448087,0.9460988370787814,0.9731754559986742,0.9532880256357869,0.9659862674416687,0.9554907703328694
s0458,inferior_vena_cava,0.9572,great_vessel,0.8946746155722465,0.9613383659183743,0.884188901118381,0.9718240803722398,0.883383763261843,0.9726292182287778,0.9306622923193096
s0458,kidney_left,0.9828,urinary,0.9638685108527654,0.9843849037791222,0.9533827963988999,0.9948706182329877,0.9509636803196241,0.9972897343122635,0.974226667415719
s0458,kidney_right,0.9624,urinary,0.947901214091563,0.984546257889885,0.9374154996376975,0.9950319723437505,0.9349963835584217,0.9974510884230263,0.9577520436495297
s0458,liver,0.9899,solid_abdominal,0.9646924481678812,0.9907870988264454,0.9542067337140158,1.0,0.9478849754959988,1.0,0.9873982102638721
s0458,lung_lower_lobe_left,0.9922,lung,0.8656588011877306,0.9899621285332239,0.8551730867338652,1.0,0.857626291574248,0.9979946381467065,0.9753129912019541
s0458,lung_lower_lobe_right,0.9886,lung,0.9725225267296087,0.9920644942724934,0.9620368122757432,1.0,0.964490017116126,1.0,0.9860793190237549
s0458,lung_middle_lobe_right,0.9838,lung,0.9506663812010037,0.9859862093000642,0.9401806667471382,0.9964719237539297,0.942633871587521,0.9940187189135469,0.9831839324907934
s0458,lung_upper_lobe_left,0.9887,lung,0.9626005463618337,0.9836744405212058,0.9521148319079682,0.9941601549750713,0.954568036748351,0.9917069501346885,0.9874899322442311
s0458,lung_upper_lobe_right,0.4549,lung,0.46425766039704724,0.8739757188184097,0.45377194594318176,0.8844614332722752,0.45622515078356457,0.8820082284318924,0.4488305371074959
s0458,pancreas,0.8977,solid_abdominal,0.8721366472452688,0.9510470374400898,0.8616509327914034,0.9615327518939553,0.8553291745733864,0.9678545101119722,0.920091135521802
s0458,portal_vein_and_splenic_vein,0.8871,great_vessel,0.7765145377668619,0.9548833378357284,0.7660288233129964,0.9653690522895939,0.7652236854564584,0.9661741901461319,0.9010689630237639
s0458,pulmonary_vein,0.944,great_vessel,0.5518481797453276,0.918676707600146,0.5413624652914621,0.9291624220540114,0.5405573274349241,0.9299675599105495,0.9457755599953643
s0458,rib_left_10,0.9668,rib,0.9132311376442407,0.9555916166028356,0.9027454231903752,0.9660773310567011,0.9001993027379819,0.9686234515090945,0.9579126564895644
s0458,rib_left_11,0.954,rib,0.8746064253800294,0.9597684407238755,0.8641207109261639,0.9702541551777409,0.8615745904737706,0.9728002756301343,0.9413039330664748
s0458,rib_left_12,0.91,rib,0.5110505916019994,0.929824174845697,0.5005648771481339,0.9403098892995625,0.4980187566957406,0.9428560097519558,0.8559572172504832
s0458,rib_left_5,0.9116,rib,0.29831093853512836,0.9394426998964462,0.2878252240812629,0.9499284143503117,0.28527910362886955,0.952474534802705,0.8419068453010339
s0458,rib_left_6,0.9383,rib,0.8072999420021159,0.9546300809098937,0.7968142275482504,0.9651157953637591,0.794268107095857,0.9676619158161525,0.9533570055798435
s0458,rib_left_7,0.9632,rib,0.7404608682267898,0.9710066956530515,0.7299751537729243,0.981492410106917,0.727429033320531,0.9840385305593103,0.9662486139830857
s0458,rib_left_8,0.9443,rib,0.9146416195834999,0.9587311579955249,0.9041559051296344,0.9692168724493904,0.9016097846772411,0.9717629929017837,0.9590191522754078
s0458,rib_left_9,0.9589,rib,0.9136215011551649,0.9597651251507558,0.9031357867012995,0.9702508396046213,0.9005896662489061,0.9727969600570147,0.956869757726142
s0458,rib_right_10,0.9522,rib,0.9814009577900898,0.9737923448001432,0.9709152433362244,0.9842780592540087,0.968369122883831,0.986824179706402,0.9647037479693366
s0458,rib_right_11,0.9684,rib,0.9186611029538638,0.9650732877735649,0.9081753884999983,0.9755590022274304,0.905629268047605,0.9781051226798237,0.9521603847001523
s0458,rib_right_12,0.9133,rib,0.6294293112235145,0.9491732681289271,0.618943596769649,0.9596589825827926,0.6163974763172557,0.9622051030351859,0.9218831174863136
s0458,rib_right_5,0.9189,rib,0.7230997065685488,0.9430590805451934,0.7126139921146833,0.9535447949990589,0.71006787166229,0.9560909154514522,0.9199025667942264
s0458,rib_right_6,0.9479,rib,0.9435813606756065,0.9678499896136404,0.933095646221741,0.9783357040675059,0.9305495257693477,0.9808818245198992,0.9739134595918261
s0458,rib_right_7,0.9455,rib,0.9139572398357033,0.9748619783068319,0.9034715253818378,0.9853476927606973,0.9009254049294445,0.9878938132130907,0.9566095740198822
s0458,rib_right_8,0.699,rib,0.9389521648884198,0.9696776138209825,0.9284664504345543,0.980163328274848,0.925920329982161,0.9827094487272413,0.9664427680316308
s0458,rib_right_9,0.7182,rib,0.932798543408749,0.9678097347905067,0.9223128289548835,0.9782954492443722,0.9197667085024902,0.9808415696967655,0.9428600798882643
s0458,sacrum,0.9329,pelvic_bone,0.8657507763483446,0.9501373841212137,0.8552650618944792,0.9606230985750792,0.8628967909756091,0.9529913694939492,0.9324193857624181
s0458,scapula_left,0.8901,shoulder_bone,0.16650536052367404,0.904076196774757,0.15601964606980856,0.9145619112286225,0.15728938496769795,0.9132921723307331,0.7073901348727974
s0458,scapula_right,0.9709,shoulder_bone,0.8333923358123112,0.937957957641221,0.8229066213584457,0.9484436720950865,0.8241763602563351,0.9471739331971971,0.8825277721510021
s0458,small_bowel,0.7495,digestive,0.7973835283019478,0.9188473703566996,0.7868978138480823,0.9293330848105651,0.718298588826667,0.9979323098319804,0.8554657088200296
s0458,spinal_cord,0.9581,neuro,0.9269481020491115,0.9492864202574539,0.916462387595246,0.9597721347113194,0.911282705686689,0.9649518166198764,0.9462971324068413
s0458,spleen,0.988,solid_abdominal,0.9586823189564414,0.9891836177091768,0.9481966045025759,0.9996693321630423,0.941874846284559,1.0,0.9829797691352609
s0458,sternum,0.9048,shoulder_bone,0.7394230039214406,0.9297708605282877,0.7289372894675751,0.9402565749821532,0.7302070283654645,0.9389868360842638,0.9338487035385394
s0458,stomach,0.9779,digestive,0.9063149205397347,0.967961695627578,0.8958292060858692,0.9784474100814434,0.8272299810644539,1.0,0.9331327544257522
s0458,superior_vena_cava,0.9466,great_vessel,0.6834731774265079,0.8992444999046848,0.6729874629726424,0.9097302143585503,0.6721823251161044,0.9105353522150883,0.8803824964047009
s0458,urinary_bladder,0.678,urinary,0.8413003833060827,0.9424511078108911,0.8308146688522172,0.9529368222647566,0.8283955527729414,0.9553559383440324,0.8578223959174535
s0458,vertebrae_L1,0.9797,vertebrae,0.9718417218997927,0.9870633845741489,0.9613560074459272,0.9975490990280144,0.9629523742707312,0.9959527322032103,0.9808246493056693
s0458,vertebrae_L2,0.9776,vertebrae,0.9795082194049747,0.9797041890169343,0.9690225049511092,0.9901899034707998,0.9706188717759132,0.9885935366459958,0.9823812378011573
s0458,vertebrae_L3,0.9751,vertebrae,0.9712212495326659,0.9843448317850468,0.9607355350788004,0.9948305462389123,0.9623319019036044,0.9932341794141083,0.9825936655265987
s0458,vertebrae_L4,0.9634,vertebrae,0.9447599925561694,0.9837547689371069,0.9342742781023039,0.9942404833909724,0.9358706449271079,0.9926441165661684,0.9767434295463041
s0458,vertebrae_L5,0.9566,vertebrae,0.9563430094361786,0.9766453574499367,0.9458572949823131,0.9871310719038022,0.9474536618071171,0.9855347050789982,0.9722069256947239
s0458,vertebrae_S1,0.9055,vertebrae,0.9057139028871707,0.9811578983281825,0.8952281884333052,0.9916436127820479,0.8968245552581092,0.9900472459572439,0.95473853702326
s0458,vertebrae_T10,0.9813,vertebrae,0.9639320260485336,0.9757899222480917,0.9534463115946681,0.9862756367019572,0.9550426784194721,0.9846792698771532,0.9627856066301954
s0458,vertebrae_T11,0.9747,vertebrae,0.9751106248761677,0.9824527843579857,0.9646249104223023,0.9929384988118511,0.9662212772471063,0.9913421319870471,0.9695935103368589
s0458,vertebrae_T12,0.9784,vertebrae,0.9708237658890361,0.98822056038954,0.9603380514351706,0.9987062748434055,0.9619344182599746,0.9971099080186014,0.9724198705876071
s0458,vertebrae_T7,0.928,vertebrae,0.4502778994097483,0.9203471921247462,0.4397921849558828,0.9308329065786117,0.4413885517806868,0.9292365397538077,0.7876754896647831
s0458,vertebrae_T8,0.9821,vertebrae,0.6576185444693255,0.9631384495428111,0.6471328300154601,0.9736241639966766,0.6487291968402641,0.9720277971718726,0.919839471782226
s0458,vertebrae_T9,0.9786,vertebrae,0.879085753477654,0.9741806863135397,0.8686000390237886,0.9846664007674052,0.8701964058485926,0.9830700339426012,0.9666197694665923
s0352,brain,0.9338,neuro,0.9535515749135398,0.9791991115400761,0.9350516229425733,0.9976990635110426,0.9325933260969541,1.0,0.9707723535904577
s0352,skull,0.889,neuro,0.9566954884446549,0.9760910125362163,0.9381955364736884,0.9945909645071829,0.9357372396280692,0.997049261352802,0.9556387865524655
s0346,aorta,0.9781,great_vessel,0.9627691127188411,0.9795906066443248,0.9442691607478746,0.9980905586152914,0.9357562114507068,1.0,0.9688910450275208
s0346,autochthon_left,0.9616,muscle,0.9405459528039498,0.9577388577278901,0.9220460008329833,0.9762388096988567,0.923942963094948,0.9743418474368919,0.9380385153367194
s0346,autochthon_right,0.9565,muscle,0.9387891553028507,0.9561373881034755,0.9202892033318841,0.974637340074442,0.9221861655938489,0.9727403778124772,0.9270149766193011
s0346,brachiocephalic_trunk,0.9537,great_vessel,0.9048925063346394,0.9260846276598118,0.8863925543636728,0.9445845796307784,0.877879605066505,0.9530975289279462,0.8676230709263243
s0346,brachiocephalic_vein_left,0.9571,great_vessel,0.8945766036476467,0.9487089843896038,0.8760766516766801,0.9672089363605704,0.8675637023795123,0.9757218856577382,0.9223545784929658
s0346,brachiocephalic_vein_right,0.8511,great_vessel,0.8812345054874645,0.9156350837741503,0.862734553516498,0.9341350357451168,0.8542216042193301,0.9426479850422846,0.8527764188213321
s0346,brain,0.9668,neuro,0.9385098389442226,0.9754834929832139,0.920009886973256,0.9939834449541805,0.9175515901276369,0.9964417417997996,0.9656769544992725
s0346,clavicula_left,0.968,shoulder_bone,0.8000399538713984,0.9720153985400773,0.7815400019004318,0.9905153505110439,0.7763717025027767,0.9956836499086991,0.9365344474309091
s0346,clavicula_right,0.9674,shoulder_bone,0.7846732063370289,0.9723771017003825,0.7661732543660623,0.990877053671349,0.7610049549684071,0.9960453530690042,0.9344824557159789
s0346,common_carotid_artery_left,0.9069,great_vessel,0.6728640299613331,0.9363359845668624,0.6543640779903666,0.9548359365378289,0.6458511286931987,0.9633488858349968,0.882963098401001
s0346,common_carotid_artery_right,0.7985,great_vessel,0.7549852763545877,0.9185715554549154,0.7364853243836211,0.937071507425882,0.7279723750864533,0.9455844567230498,0.864653798742971
s0346,costal_cartilages,0.8757,costal_cartilage,0.6667381357592869,0.9071139947291853,0.6482381837883203,0.9256139467001518,0.6294324119242118,0.9444197185642603,0.8366662766151857
s0346,esophagus,0.9281,digestive,0.8853149346951672,0.9429219081579221,0.8668149827242007,0.9614218601288886,0.8226900921703666,1.0,0.9449190157671443
s0346,humerus_left,0.9483,shoulder_bone,0.6197669627532619,0.9663979288636535,0.6012670107822954,0.98489788083462,0.5960987113846402,0.9900661802322752,0.9728239627846935
s0346,humerus_right,0.9794,shoulder_bone,0.9194449145200642,0.9775951272854607,0.9009449625490976,0.9960950792564273,0.8957766631514424,1.0,0.9591426818631179
s0346,lung_lower_lobe_left,0.9347,lung,0.6608827720944768,0.9486573302103268,0.6423828201235102,0.9671572821812934,0.6223150807953501,0.9872250215094535,0.7799812454884202
s0346,lung_lower_lobe_right,0.9478,lung,0.6856927268147197,0.9444910942735133,0.6671927748437532,0.9629910462444798,0.6471250355155931,0.9830587855726399,0.7778891814195169
s0346,lung_upper_lobe_left,0.9948,lung,0.9726535355523541,0.9910222762521723,0.9541535835813876,1.0,0.9340858442532275,1.0,0.9884841704890373
s0346,lung_upper_lobe_right,0.9951,lung,0.9757870323100244,0.9890469343569883,0.9572870803390578,1.0,0.9372193410108978,1.0,0.9811251808183148
s0346,rib_left_1,0.9443,rib,0.8223312621188409,0.969208081547949,0.8038313101478743,0.9877080335189156,0.8097322833886642,0.9818070602781257,0.9180930837966143
s0346,rib_left_2,0.9777,rib,0.9221665725624855,0.9734293119955258,0.9036666205915189,0.9919292639664924,0.9095675938323088,0.9860282907257025,0.9523791562953328
s0346,rib_left_3,0.9677,rib,0.8919169285238046,0.9721500715400084,0.873416976552838,0.990650023510975,0.8793179497936279,0.9847490502701851,0.948761174589088
s0346,rib_left_4,0.9675,rib,0.9224249543341126,0.9723625363516463,0.9039250023631461,0.9908624883226128,0.909825975603936,0.984961515081823,0.9544695199694055
s0346,rib_left_5,0.9624,rib,0.8806092337813912,0.9610712863107123,0.8621092818104247,0.9795712382816788,0.8680102550512145,0.9736702650408889,0.9300204059548381
s0346,rib_left_6,0.931,rib,0.5732267881448739,0.9415860170497411,0.5547268361739074,0.9600859690207076,0.5606278094146973,0.9541849957799178,0.9388139363899389
s0346,rib_right_1,0.9442,rib,0.8711998917708343,0.9683491668322743,0.8526999397998678,0.9868491188032409,0.8586009130406577,0.980948145562451,0.9212540263099004
s0346,rib_right_2,0.9804,rib,0.9239054606537895,0.9721259457040264,0.905405508682823,0.990625897674993,0.9113064819236129,0.9847249244342031,0.9594775294718458
s0346,rib_right_3,0.9616,rib,0.8707544380921644,0.9717689514737382,0.8522544861211978,0.9902689034447048,0.8581554593619877,0.9843679302039149,0.9503864533828681
s0346,rib_right_4,0.9568,rib,0.711314569696913,0.9643057501254779,0.6928146177259464,0.9828057020964445,0.6987155909667363,0.9769047288556546,0.9106837554263232
s0346,rib_right_5,0.9375,rib,0.863497007113164,0.9703041033169134,0.8449970551421975,0.98880405528788,0.8508980283829873,0.9829030820470901,0.9370782316361093
s0346,rib_right_6,0.9704,rib,0.9309990802244849,0.9637877052887883,0.9124991282535183,0.9822876572597549,0.9184001014943082,0.976386684018965,0.9675921922920163
s0346,scapula_left,0.959,shoulder_bone,0.9411300747495942,0.9767416909356049,0.9226301227786277,0.9952416429065715,0.9174618233809725,1.0,0.9622206218563435
s0346,scapula_right,0.9418,shoulder_bone,0.9458009801816525,0.9788808288937435,0.9273010282106859,0.99738078086471,0.9221327288130308,1.0,0.9575183870971335
s0346,skull,0.9539,neuro,0.9249799441720608,0.9697935634881149,0.9064799922010942,0.9882935154590814,0.904021695355475,0.9907518123047006,0.9298143916894964
s0346,spinal_cord,0.9342,neuro,0.9179720377417174,0.9486027728421756,0.8994720857707509,0.9671027248131422,0.8970137889251317,0.9695610216587613,0.9342925254523982
s0346,sternum,0.9326,shoulder_bone,0.7739253994739066,0.9426232241110405,0.75542544750294,0.961123176082007,0.7502571481052849,0.9662914754796622,0.9188121692413718
s0346,subclavian_artery_left,0.9337,great_vessel,0.7955203370034039,0.9318698225615101,0.7770203850324373,0.9503697745324766,0.7685074357352695,0.9588827238296445,0.8874210874582323
s0346,subclavian_artery_right,0.9435,great_vessel,0.9059852684292887,0.9244311564691952,0.8874853164583222,0.9429311084401617,0.8789723671611543,0.9514440577373295,0.9043661001297733
s0346,superior_vena_cava,0.916,great_vessel,0.9437459049245087,0.9456327881233015,0.9252459529535422,0.9641327400942681,0.9167330036563743,0.9726456893914359,0.9353983116455861
s0346,thyroid_gland,0.8323,airway_neck,0.8675358341782736,0.9512215728569224,0.8490358822073071,0.969721524827889,0.8633629471514416,0.9553944598837545,0.9194362310833297
s0346,trachea,0.9725,airway_neck,0.8867485993258086,0.9622715261279361,0.8682486473548421,0.9807714780989026,0.8825757122989766,0.9664444131547681,0.9745866722301267
s0346,vertebrae_C1,0.9349,vertebrae,0.831745837626965,0.9721670012325287,0.8132458856559984,0.9906669532034953,0.8133649107450301,0.9905479281144636,0.9634797793727397
s0346,vertebrae_C2,0.9794,vertebrae,0.9079404150198024,0.9745718170230593,0.8894404630488358,0.9930717689940258,0.8895594881378676,0.9929527439049941,0.9650866204176368
s0346,vertebrae_C3,0.9727,vertebrae,0.9222316879686449,0.9658059093154467,0.9037317359976783,0.9843058612864133,0.90385076108671,0.9841868361973816,0.9405498210877472
s0346,vertebrae_C4,0.963,vertebrae,0.9245882071067049,0.967906178539558,0.9060882551357383,0.9864061305105245,0.90620728022477,0.9862871054214928,0.946497390105477
s0346,vertebrae_C5,0.9605,vertebrae,0.807268523426971,0.9628053396901657,0.7887685714560044,0.9813052916611322,0.7888875965450362,0.9811862665721005,0.9139321397073699
s0346,vertebrae_C6,0.9582,vertebrae,0.8999203127398483,0.9645869367631729,0.8814203607688817,0.9830868887341394,0.8815393858579135,0.9829678636451077,0.9431668674619642
s0346,vertebrae_C7,0.9708,vertebrae,0.9442104620391549,0.9741696369996616,0.9257105100681884,0.9926695889706282,0.9258295351572201,0.9925505638815965,0.9566211709810647
s0346,vertebrae_T1,0.9798,vertebrae,0.9497584385451034,0.9766919290481192,0.9312584865741369,0.9951918810190857,0.9313775116631686,0.995072855930054,0.9622711405461973
s0346,vertebrae_T2,0.9805,vertebrae,0.9585453170576751,0.9764145582592921,0.9400453650867086,0.9949145102302587,0.9401643901757403,0.994795485141227,0.959439451629026
s0346,vertebrae_T3,0.9797,vertebrae,0.9453370033078958,0.9755754946756607,0.9268370513369293,0.9940754466466273,0.926956076425961,0.9939564215575956,0.965116434821537
s0346,vertebrae_T4,0.9806,vertebrae,0.9560391441164342,0.9735518416373219,0.9375391921454677,0.9920517936082884,0.9376582172344994,0.9919327685192567,0.9681545150222884
s0346,vertebrae_T5,0.9808,vertebrae,0.9663705779482574,0.9722045311932055,0.9478706259772909,0.990704483164172,0.9479896510663226,0.9905854580751403,0.9743558871357829
s0346,vertebrae_T6,0.9403,vertebrae,0.8665122300469219,0.953292365899206,0.8480122780759554,0.9717923178701725,0.8481313031649871,0.9716732927811408,0.9602250643967418
s1287,adrenal_gland_left,0.7392,urinary,0.8264288614007318,0.9297396160885852,0.8138675630586691,0.9423009144306479,0.7704531270606266,0.9857153504286904,0.9037453985488878
s1287,adrenal_gland_right,0.7973,urinary,0.9147494611212639,0.9325250883793748,0.9021881627792012,0.9450863867214374,0.8587737267811587,0.9885008227194799,0.9114098594977139
s1287,aorta,0.9129,great_vessel,0.9732291506427613,0.9796892941651866,0.9606678523006986,0.9922505925072492,0.935062065742415,1.0,0.9629229818563388
s1287,atrial_appendage_left,0.7555,heart,0.8033805666209636,0.930966919137559,0.7908192682789009,0.9435282174796217,0.7867753881999541,0.9475720975585685,0.9185244813338401
s1287,autochthon_left,0.9759,muscle,0.9662259600862046,0.9690938566723434,0.953664661744142,0.981655155014406,0.9582392741150095,0.9770805426435385,0.9670979342980727
s1287,autochthon_right,0.9744,muscle,0.9547531413053645,0.9666006536347039,0.9421918429633018,0.9791619519767666,0.9467664553341694,0.974587339605899,0.9614515780523399
s1287,brachiocephalic_trunk,0.7295,great_vessel,0.9236353027642636,0.9322421375563125,0.911074004422201,0.9448034358983751,0.8854682178639174,0.9704092224566587,0.9145455708934433
s1287,brachiocephalic_vein_left,0.8226,great_vessel,0.8689047298759657,0.9514914194666024,0.856343431533903,0.9640527178086651,0.8307376449756194,0.9896585043669487,0.9301120400096373
s1287,brachiocephalic_vein_right,0.7724,great_vessel,0.7945239031233886,0.9305030629547172,0.781962604781326,0.9430643612967798,0.7563568182230423,0.9686701478550634,0.8853423167490554
s1287,clavicula_left,0.924,shoulder_bone,0.8197652100664519,0.9707468978679918,0.8072039117243892,0.9833081962100545,0.8095090542327085,0.9810030537017352,0.9684996070805043
s1287,clavicula_right,0.8976,shoulder_bone,0.8385337989375964,0.9703784731055872,0.8259725005955337,0.9829397714476499,0.828277643103853,0.9806346289393306,0.9670334813003082
s1287,colon,0.8911,digestive,0.5492708902004882,0.9075845879589646,0.5367095918584256,0.9201458863010272,0.5132659439937244,0.9435895341657284,0.7766964781852854
s1287,common_carotid_artery_left,0.8057,great_vessel,0.919282513812438,0.9379843543516543,0.9067212154703753,0.9505456526937169,0.8811154289120917,0.9761514392520005,0.9252022904221889
s1287,common_carotid_artery_right,0.6306,great_vessel,0.8790723314228046,0.930103030156455,0.866511033080742,0.9426643284985177,0.8409052465224583,0.9682701150568013,0.8993574285937099
s1287,costal_cartilages,0.8687,costal_cartilage,0.8914130456460705,0.9186807021451217,0.8788517473040078,0.9312420004871843,0.8565579554983657,0.9535357922928265,0.8923876581415027
s1287,duodenum,0.9235,digestive,0.8804796150930947,0.9567798755162971,0.867918316751032,0.9693411738583597,0.8444746688863308,0.9927848217230609,0.9128748504382957
s1287,esophagus,0.8936,digestive,0.8949781804929772,0.9589058949058126,0.8824168821509145,0.9714671932478752,0.8589732342862133,0.9949108411125764,0.9319342112880151
s1287,femur_left,0.9572,pelvic_bone,0.9816274550974962,0.9805251747577929,0.9690661567554335,0.9930864730998555,0.9735806519611312,0.9885719778941578,0.9772727558767426
s1287,femur_right,0.9627,pelvic_bone,0.9534467564361432,0.9809089378208404,0.9408854580940805,0.9934702361629031,0.9453999532997782,0.9889557409572054,0.9762886691873729
s1287,gallbladder,0.6622,solid_abdominal,0.781107561492675,0.9327519599403415,0.7685462631506124,0.9453132582824042,0.7689784790200426,0.944881042412974,0.8938515633927407
s1287,gluteus_maximus_left,0.9675,muscle,0.958968602229005,0.9697009655951018,0.9464073038869424,0.9822622639371644,0.9509819162578099,0.9776876515662969,0.9704644986280778
s1287,gluteus_maximus_right,0.9681,muscle,0.971911853402499,0.969863244710553,0.9593505550604363,0.9824245430526156,0.9639251674313039,0.9778499306817481,0.9657613814769666
s1287,gluteus_medius_left,0.9427,muscle,0.9632952147524365,0.9661771525275767,0.9507339164103739,0.9787384508696394,0.9553085287812414,0.9741638384987719,0.9600004169821086
s1287,gluteus_medius_right,0.9398,muscle,0.9660538649215291,0.966105181641128,0.9534925665794665,0.9786664799831907,0.958067178950334,0.9740918676123231,0.9663463495998785
s1287,gluteus_minimus_left,0.9302,muscle,0.9426223153470723,0.9540113982614131,0.9300610170050096,0.9665726966034758,0.9346356293758772,0.9619980842326082,0.9310012277669529
s1287,gluteus_minimus_right,0.9309,muscle,0.9451245270674545,0.9534463611082806,0.9325632287253919,0.9660076594503433,0.9371378410962594,0.9614330470794757,0.9484292100901763
s1287,heart,0.9478,heart,0.9435350529933066,0.9705171792155999,0.930973754651244,0.9830784775576625,0.9269298745722971,0.9871223576366094,0.9468105755317585
s1287,hip_left,0.9828,pelvic_bone,0.9739589115213326,0.9796544704460988,0.96139761317927,0.9922157687881614,0.9659121083849677,0.9877012735824637,0.9799869106975747
s1287,hip_right,0.98,pelvic_bone,0.9661718992109374,0.9817972560078261,0.9536106008688747,0.9943585543498887,0.9581250960745724,0.989844059144191,0.9808192081077673
s1287,humerus_left,0.9435,shoulder_bone,0.8349701153401854,0.9698494308469165,0.8224088169981227,0.9824107291889792,0.824713959506442,0.98010558668066,0.9452391874187474
s1287,humerus_right,0.913,shoulder_bone,0.8416082825790021,0.9618744353682583,0.8290469842369395,0.974435733710321,0.8313521267452587,0.9721305912020017,0.9279340991635792
s1287,iliac_artery_left,0.926,great_vessel,0.9333617080606167,0.9608812165967926,0.920800409718554,0.9734425149388553,0.8951946231602704,0.9990483014971389,0.9346146414010934
s1287,iliac_artery_right,0.9301,great_vessel,0.9488811976571487,0.9651711701332649,0.9363198993150861,0.9777324684753276,0.9107141127568025,1.0,0.9437076470992702
s1287,iliac_vena_left,0.9083,great_vessel,0.8927246658213328,0.9482383066651161,0.8801633674792702,0.9607996050071788,0.8545575809209865,0.9864053915654624,0.9049580968935959
s1287,iliac_vena_right,0.7395,great_vessel,0.8917090960975398,0.944176017391281,0.8791477977554771,0.9567373157333436,0.8535420111971935,0.9823431022916272,0.931443386568156
s1287,iliopsoas_left,0.9441,muscle,0.9592535540344153,0.9672673459933006,0.9466922556923526,0.9798286443353632,0.9512668680632201,0.9752540319644957,0.9565638197256047
s1287,iliopsoas_right,0.9615,muscle,0.9629126259982749,0.9668623773991993,0.9503513276562122,0.979423675741262,0.9549259400270798,0.9748490633703945,0.9610816843473294
s1287,inferior_vena_cava,0.837,great_vessel,0.903999318275141,0.957377860690055,0.8914380199330784,0.9699391590321177,0.8658322333747948,0.9955449455904013,0.9313088791528713
s1287,kidney_left,0.9494,urinary,0.9089720809832177,0.986846166450855,0.896410782641155,0.9994074647929176,0.8529963466431125,1.0,0.9886891743144219
s1287,kidney_right,0.9386,urinary,0.9461700262627771,0.9865408390053776,0.9336087279207145,0.9991021373474402,0.890194291922672,1.0,0.9882991433685516
s1287,liver,0.9635,solid_abdominal,0.9768067578108114,0.989080995230538,0.9642454594687487,1.0,0.9646776753381789,1.0,0.983904192384804
s1287,lung_lower_lobe_left,0.9916,lung,0.9874954970306546,0.9936722351405531,0.974934198688592,1.0,0.9828770689200568,0.998290663251151,0.990854946502799
s1287,lung_lower_lobe_right,0.9239,lung,0.9949084589590595,0.9934521842725106,0.9823471606169969,1.0,0.9902900308484617,0.9980706123831085,0.9878843977327796
s1287,lung_middle_lobe_right,0.7908,lung,0.9219172204143586,0.9794159370816071,0.909355922072296,0.9919772354236698,0.9172987923037608,0.984034365192205,0.968360326501334
s1287,lung_upper_lobe_left,0.9936,lung,0.9711179058177273,0.9936664073997066,0.9585566074756646,1.0,0.9664994777071294,0.9982848355103044,0.9908356710250026
s1287,lung_upper_lobe_right,0.9791,lung,0.9756182645436712,0.9909659569029583,0.9630569662016085,1.0,0.9709998364330733,0.9955843850135562,0.9871402981893889
s1287,pancreas,0.8763,solid_abdominal,0.8640991592685247,0.9546773488557945,0.851537860926462,0.9672386471978571,0.8519700767958922,0.9668064313284269,0.9238969923152393
s1287,portal_vein_and_splenic_vein,0.7696,great_vessel,0.8935504631546075,0.941566285846541,0.8809891648125449,0.9541275841886037,0.8553833782542613,0.9797333707468873,0.8880311433612434
s1287,prostate,0.6861,reproductive,0.6960423094325421,0.9318993792691822,0.6834810110904794,0.9444606776112449,0.6834810110904794,0.9444606776112449,0.8368596031872836
s1287,pulmonary_vein,0.7127,great_vessel,0.8710183902865524,0.9525691927454603,0.8584570919444897,0.9651304910875229,0.8328513053862061,0.9907362776458065,0.9423942985210887
s1287,rib_left_1,0.9362,rib,0.931306125003396,0.9639892059229243,0.9187448266613334,0.9765505042649869,0.9178145416939356,0.9774807892323847,0.94275465229097
s1287,rib_left_10,0.9576,rib,0.8919563174941646,0.9710322964708528,0.8793950191521019,0.9835935948129154,0.8784647341847042,0.9845238797803132,0.9710998869285893
s1287,rib_left_11,0.9542,rib,0.8200126519167592,0.9572689890779305,0.8074513535746966,0.9698302874199931,0.8065210686072988,0.9707605723873909,0.8446080311967651
s1287,rib_left_12,0.8567,rib,0.9676684455382162,0.9601131895205139,0.9551071471961535,0.9726744878625766,0.9541768622287558,0.9736047728299744,0.9524065404989561
s1287,rib_left_2,0.9425,rib,0.8744768471103874,0.9613025250901848,0.8619155487683248,0.9738638234322474,0.860985263800927,0.9747941083996452,0.9497842043908628
s1287,rib_left_3,0.9108,rib,0.896108694438053,0.953249988068296,0.8835473960959903,0.9658112864103586,0.8826171111285925,0.9667415713777564,0.9508323578254866
s1287,rib_left_4,0.9334,rib,0.8563335367316198,0.9598828889139858,0.8437722383895572,0.9724441872560484,0.8428419534221594,0.9733744722234462,0.9461074843025218
s1287,rib_left_5,0.9498,rib,0.9756331287162642,0.9680330114830101,0.9630718303742015,0.9805943098250728,0.9621415454068037,0.9815245947924706,0.9504797411486097
s1287,rib_left_6,0.9424,rib,0.8625867662260119,0.968430054875166,0.8500254678839493,0.9809913532172286,0.8490951829165515,0.9819216381846264,0.9547924050280953
s1287,rib_left_7,0.9525,rib,0.8682165273158449,0.9726393382337631,0.8556552289737822,0.9852006365758258,0.8547249440063844,0.9861309215432236,0.951185818545921
s1287,rib_left_8,0.963,rib,0.8660316721965712,0.9714112375856497,0.8534703738545085,0.9839725359277124,0.8525400888871107,0.9849028208951102,0.9655365568823482
s1287,rib_left_9,0.9614,rib,0.9708072947938877,0.9702243177935349,0.9582459964518251,0.9827856161355976,0.9573157114844273,0.9837159011029953,0.959055064424851
s1287,rib_right_1,0.9009,rib,0.9076804116572867,0.9617947780289524,0.8951191133152241,0.9743560763710151,0.8941888283478263,0.9752863613384128,0.9351517689767643
s1287,rib_right_10,0.5227,rib,0.27466161502270925,0.8419319232214184,0.2621003166806466,0.8544932215634811,0.2611700317132488,0.8554235065308788,0.4924581336268406
s1287,rib_right_11,0.0839,rib,0.11980750083407778,0.8301988590923871,0.10724620249201512,0.8427601574344498,0.10631591752461735,0.8436904424018475,0.46559342090101385
s1287,rib_right_12,0.0554,rib,0.1687991235041998,0.9407613475219833,0.15623782516213713,0.9533226458640459,0.15530754019473936,0.9542529308314437,0.8199792530625174
s1287,rib_right_2,0.9439,rib,0.8585140492418923,0.9554134400225941,0.8459527508998297,0.9679747383646568,0.8450224659324319,0.9689050233320545,0.8946850305356467
s1287,rib_right_3,0.9104,rib,0.8949628119962793,0.9465743045566215,0.8824015136542166,0.9591356028986842,0.8814712286868188,0.9600658878660819,0.9366055178466637
s1287,rib_right_4,0.9252,rib,0.9328375168332971,0.9637297459201851,0.9202762184912344,0.9762910442622478,0.9193459335238366,0.9772213292296456,0.946108876723025
s1287,rib_right_5,0.92,rib,0.9834071256810345,0.9658428804902325,0.9708458273389718,0.9784041788322951,0.9699155423715741,0.9793344637996929,0.9527404980365959
s1287,rib_right_6,0.9392,rib,0.9863905275858902,0.9661638948872243,0.9738292292438275,0.978725193229287,0.9728989442764298,0.9796554781966847,0.9443784715794475
s1287,rib_right_7,0.9153,rib,0.9194949289103312,0.9588159547541818,0.9069336305682686,0.9713772530962445,0.9060033456008708,0.9723075380636422,0.9305497144668433
s1287,rib_right_8,0.8339,rib,0.4564243043835637,0.8572900683218813,0.44386300604150103,0.8698513666639439,0.44293272107410325,0.8707816516313417,0.7832943746186728
s1287,rib_right_9,0.7616,rib,0.2864905219199134,0.8391084920797315,0.27392922357785077,0.8516697904217941,0.272998938610453,0.8526000753891919,0.7543846709953393
s1287,sacrum,0.8104,pelvic_bone,0.8460623356823058,0.9468142827819669,0.8335010373402432,0.9593755811240295,0.8380155325459409,0.9548610859183319,0.9132031536489863
s1287,scapula_left,0.9072,shoulder_bone,0.9749250297061065,0.9699589636967182,0.9623637313640439,0.9825202620387808,0.9646688738723631,0.9802151195304616,0.9603653089356514
s1287,scapula_right,0.9047,shoulder_bone,0.9625839465669872,0.9714615434700619,0.9500226482249245,0.9840228418121245,0.9523277907332438,0.9817176993038053,0.9579002410988714
s1287,small_bowel,0.9283,digestive,0.7524559312488445,0.9446895903168826,0.7398946329067818,0.9572508886589453,0.7164509850420806,0.9806945365236465,0.9150399200611044
s1287,spinal_cord,0.8891,neuro,0.9553475877948945,0.9529509250304558,0.9427862894528318,0.9655122233725184,0.9496662099057513,0.9586323029195989,0.9430992407032898
s1287,spleen,0.9256,solid_abdominal,0.8951532826908346,0.9787071184595438,0.882591984348772,0.9912684168016065,0.8830242002182022,0.9908362009321763,0.9635422577687632
s1287,sternum,0.8671,shoulder_bone,0.9072432050734184,0.9517445360667306,0.8946819067313557,0.9643058344087932,0.896987049239675,0.962000691900474,0.9163259645587022
s1287,stomach,0.9166,digestive,0.8886877230524296,0.9695620769159263,0.876126424710367,0.982123375257989,0.8526827768456657,1.0,0.9507577378293999
s1287,subclavian_artery_left,0.716,great_vessel,0.8915283592173812,0.9513869102107718,0.8789670608753185,0.9639482085528345,0.8533612743170349,0.9895539951111181,0.9349206318805295
s1287,subclavian_artery_right,0.6663,great_vessel,0.8955800115074445,0.9420564299827662,0.8830187131653818,0.9546177283248288,0.8574129266070982,0.9802235148831124,0.9155563313593598
s1287,superior_vena_cava,0.8509,great_vessel,0.931568257385785,0.9458409700072411,0.9190069590437223,0.9584022683493038,0.8934011724854387,0.9840080549075874,0.9301168586815827
s1287,thyroid_gland,0.7637,airway_neck,0.9038148531465073,0.9412685994315428,0.8912535548044447,0.9538298977736055,0.8488886788253892,0.996194773752661,0.9267936590292721
s1287,trachea,0.9484,airway_neck,0.9371949506874443,0.9802090324477732,0.9246336523453816,0.9927703307898359,0.8822687763663262,1.0,0.9682854941004485
s1287,urinary_bladder,0.9539,urinary,0.8825967186942482,0.9655522875528965,0.8700354203521855,0.9781135858949591,0.826620984354143,1.0,0.9439544588962725
s1287,vertebrae_C6,0.6404,vertebrae,0.8396177587862087,0.9354582794848766,0.827056460444146,0.9480195778269392,0.8304172416518455,0.9446587966192398,0.9122002836462806
s1287,vertebrae_C7,0.485,vertebrae,0.4652389206807415,0.9340887287380856,0.45267762233867886,0.9466500270801482,0.4560384035463783,0.9432892458724488,0.716229876335443
s1287,vertebrae_L1,0.9722,vertebrae,0.9266571286256702,0.9785812908352136,0.9140958302836075,0.9911425891772763,0.917456611491307,0.9877818079695768,0.9733435051780979
s1287,vertebrae_L2,0.9762,vertebrae,0.922267258860038,0.9807966560777316,0.9097059605179754,0.9933579544197942,0.9130667417256748,0.9899971732120948,0.9670621107178313
s1287,vertebrae_L3,0.9793,vertebrae,0.9526610607484493,0.9817630361324072,0.9400997624063866,0.9943243344744699,0.943460543614086,0.9909635532667704,0.9777887916654673
s1287,vertebrae_L4,0.9805,vertebrae,0.9176639718775922,0.982325837541302,0.9051026735355295,0.9948871358833646,0.908463454743229,0.9915263546756652,0.9788401114039563
s1287,vertebrae_L5,0.9788,vertebrae,0.9560925780884646,0.9803086316226381,0.9435312797464019,0.9928699299647008,0.9468920609541014,0.9895091487570014,0.9724521537066474
s1287,vertebrae_S1,0.6133,vertebrae,0.9339990462663144,0.9785116245863568,0.9214377479242517,0.9910729229284194,0.9247985291319512,0.98771214172072,0.961026298342702
s1287,vertebrae_T1,0.4482,vertebrae,0.5951979800825564,0.9371404981509929,0.5826366817404938,0.9497017964930555,0.5859974629481932,0.9463410152853561,0.8113217716599153
s1287,vertebrae_T10,0.9683,vertebrae,0.9522662113986615,0.9817837976416062,0.9397049130565989,0.9943450959836688,0.9430656942642983,0.9909843147759694,0.9686920111716966
s1287,vertebrae_T11,0.974,vertebrae,0.957171770321137,0.9832120360133517,0.9446104719790743,0.9957733343554144,0.9479712531867738,0.9924125531477149,0.9645359851336635
s1287,vertebrae_T12,0.9732,vertebrae,0.9485024677022815,0.9787394171395517,0.9359411693602189,0.9913007154816144,0.9393019505679183,0.9879399342739149,0.952496605962138
s1287,vertebrae_T2,0.5483,vertebrae,0.6822149094314369,0.9334491640838666,0.6696536110893743,0.9460104624259292,0.6730143922970737,0.9426496812182298,0.9238763720793444
s1287,vertebrae_T3,0.6799,vertebrae,0.5524291393717383,0.9121976563334001,0.5398678410296757,0.9247589546754628,0.5432286222373751,0.9213981734677633,0.7963532307247654
s1287,vertebrae_T4,0.7987,vertebrae,0.5541749700165495,0.9186739942524407,0.5416136716744868,0.9312352925945033,0.5449744528821863,0.9278745113868039,0.8820451421721063
s1287,vertebrae_T5,0.8491,vertebrae,0.667366972556776,0.9442380519580538,0.6548056742147134,0.9567993503001164,0.6581664554224128,0.953438569092417,0.9172375264839532
s1287,vertebrae_T6,0.8462,vertebrae,0.8792544801228591,0.9680771832144406,0.8666931817807965,0.9806384815565032,0.8700539629884959,0.9772777003488038,0.9209460677278739
s1287,vertebrae_T7,0.8833,vertebrae,0.9097981480504252,0.9666681414856826,0.8972368497083626,0.9792294398277452,0.900597630916062,0.9758686586200458,0.9321751255321883
s1287,vertebrae_T8,0.9647,vertebrae,0.9145193278392115,0.9636598866477589,0.9019580294971489,0.9762211849898216,0.9053188107048483,0.9728604037821221,0.9481222200899531
s1287,vertebrae_T9,0.974,vertebrae,0.9535065113949337,0.981729440877702,0.940945213052871,0.9942907392197646,0.9443059942605705,0.9909299580120652,0.9739020240657347
s1278,adrenal_gland_left,0.8982,urinary,0.758061879895076,0.9020184283372271,0.7475761654412105,0.9125041427910926,0.7451570493619347,0.9149232588703684,0.7717179335474516
s1278,adrenal_gland_right,0.9159,urinary,0.779011859766675,0.9028296456307051,0.7685261453128095,0.9133153600845706,0.7661070292335337,0.9157344761638464,0.8101626760243215
s1278,aorta,0.9674,great_vessel,0.9563351471284091,0.9655120869372565,0.9458494326745436,0.975997801391122,0.9450442948180056,0.97680293924766,0.9625788863232566
s1278,atrial_appendage_left,0.909,heart,0.6761842288535096,0.8989693922578864,0.6656985143996441,0.9094551067117519,0.6616260782437343,0.9135275428676617,0.7670900106893297
s1278,autochthon_left,0.9678,muscle,0.9516859820244382,0.9635523732515971,0.9412002675705727,0.9740380877054626,0.9483894561275782,0.9668488991484572,0.9479850008670806
s1278,autochthon_right,0.9616,muscle,0.9495042820406271,0.9627571518078075,0.9390185675867616,0.973242866261673,0.9462077561437671,0.9660536777046675,0.9505264665308374
s1278,brachiocephalic_trunk,0.9087,great_vessel,0.6695978456390919,0.9016049260363077,0.6591121311852264,0.9120906404901732,0.6583069933286884,0.9128957783467112,0.8546859558669955
s1278,brachiocephalic_vein_left,0.9452,great_vessel,0.8135146323306551,0.9268566651822386,0.8030289178767896,0.9373423796361041,0.8022237800202516,0.9381475174926421,0.8712777368169216
s1278,brachiocephalic_vein_right,0.9494,great_vessel,0.7237398564642629,0.9110944665510488,0.7132541420103974,0.9215801810049142,0.7124490041538594,0.9223853188614523,0.8182089508587034
s1278,clavicula_left,0.9669,shoulder_bone,0.9456927437141968,0.9742683365295013,0.9352070292603313,0.9847540509833668,0.9364767681582207,0.9834843120854774,0.9646136090511742
s1278,clavicula_right,0.9713,shoulder_bone,0.9590148068992691,0.9734778638429407,0.9485290924454036,0.9839635782968061,0.949798831343293,0.9826938393989167,0.9647625823573059
s1278,colon,0.958,digestive,0.7778948625729531,0.9397817088351418,0.7674091481190877,0.9502674232890073,0.6988099230976723,1.0,0.8883794794990294
s1278,common_carotid_artery_left,0.9303,great_vessel,0.84215264076387,0.920509192636006,0.8316669263100045,0.9309949070898714,0.8308617884534665,0.9318000449464094,0.8540269139434176
s1278,common_carotid_artery_right,0.7844,great_vessel,0.4517851213424725,0.8698541628818247,0.441299406888607,0.8803398773356902,0.440494269032069,0.8811450151922282,0.6275090990096335
s1278,costal_cartilages,0.8689,costal_cartilage,0.8268396322343023,0.9021150345318081,0.8163539177804369,0.9126007489856736,0.7647419170228698,0.9642127497432407,0.8582755738009226
s1278,duodenum,0.9066,digestive,0.6578537074527047,0.8828957230110248,0.6473679929988392,0.8933814374648903,0.5787687679774238,0.9619806624863056,0.8104234782541799
s1278,esophagus,0.9312,digestive,0.8756714612111892,0.9442429885919538,0.8651857467573237,0.9547287030458192,0.7965865217359084,1.0,0.9015542189646969
s1278,gallbladder,0.9192,solid_abdominal,0.7901668210361508,0.9055868168344157,0.7796811065822853,0.9160725312882811,0.7733593483642683,0.9223942895062981,0.8151490584155574
s1278,heart,0.94,heart,0.9488836485731246,0.9666643447180632,0.9383979341192591,0.9771500591719287,0.9343254979633493,0.9812224953278385,0.9524428622147907
s1278,humerus_left,0.9779,shoulder_bone,0.9450940822166222,0.9737614052243527,0.9346083677627567,0.9842471196782182,0.9358781066606461,0.9829773807803288,0.9555433671530712
s1278,humerus_right,0.9705,shoulder_bone,0.9489702413691834,0.9751269984646782,0.9384845269153179,0.9856127129185437,0.9397542658132073,0.9843429740206543,0.9655371127987542
s1278,iliopsoas_left,0.8628,muscle,0.8724048011464824,0.9124677366328815,0.861919086692617,0.922953451086747,0.8691082752496224,0.9157642625297415,0.8892823781245921
s1278,iliopsoas_right,0.928,muscle,0.844389039855106,0.9112305407596064,0.8339033254012406,0.9217162552134719,0.841092513958246,0.9145270666564664,0.8660206797174246
s1278,inferior_vena_cava,0.8953,great_vessel,0.872510220053966,0.9523364362177785,0.8620245056001005,0.962822150671644,0.8612193677435624,0.963627288528182,0.881365712597543
s1278,kidney_cyst_right,0.0,urinary,0.10956548969379701,0.8126456205112608,0.09907977523993153,0.8231313349651262,0.09666065916065572,0.8255504510444021,0.5269400681834826
s1278,kidney_left,0.9696,urinary,0.9302093623978264,0.9599042758358078,0.9197236479439609,0.9703899902896733,0.9173045318646851,0.9728091063689491,0.9468095490093994
s1278,kidney_right,0.9544,urinary,0.9401585004377258,0.9559564665620224,0.9296727859838603,0.9664421810158879,0.9272536699045845,0.9688612970951637,0.9326948888867238
s1278,liver,0.9894,solid_abdominal,0.9653287495187549,0.9816294073933199,0.9548430350648894,0.9921151218471854,0.9485212768468725,0.9984368800652024,0.9709586799151303
s1278,lung_lower_lobe_left,0.9902,lung,0.9560468732210583,0.9940507352868618,0.9455611587671928,1.0,0.9480143636075756,1.0,0.9874586953093364
s1278,lung_lower_lobe_right,0.9931,lung,0.9900044075258466,0.9914222550591351,0.9795186930719811,1.0,0.981971897912364,0.9994547646726177,0.9865812728642869
s1278,lung_middle_lobe_right,0.9811,lung,0.9406623934962789,0.9763853486692808,0.9301766790424134,0.9868710631231463,0.9326298838827962,0.9844178582827635,0.9621855532866728
s1278,lung_upper_lobe_left,0.9939,lung,0.9745226598241175,0.9913208141467077,0.964036945370252,1.0,0.9664901502106348,0.9993533237601904,0.9910101760981982
s1278,lung_upper_lobe_right,0.9895,lung,0.9714837181100004,0.9887463911699671,0.960998003656135,0.9992321056238326,0.9634512084965178,0.9967789007834498,0.9850525817209687
s1278,pancreas,0.9182,solid_abdominal,0.8216128970031007,0.9440006025970321,0.8111271825492352,0.9544863170508976,0.8048054243312183,0.9608080752689145,0.8873771258753932
s1278,portal_vein_and_splenic_vein,0.8008,great_vessel,0.6620729120235733,0.8866472637618282,0.6515871975697078,0.8971329782156937,0.6507820597131698,0.8979381160722317,0.7047278138457503
s1278,pulmonary_vein,0.9098,great_vessel,0.6821829792748002,0.9031002010935018,0.6716972648209347,0.9135859155473672,0.6708921269643967,0.9143910534039053,0.8698803165349848
s1278,rib_left_1,0.9165,rib,0.8953181271410927,0.9650427013092692,0.8848324126872272,0.9755284157631346,0.8822862922348339,0.978074536215528,0.9293230048107302
s1278,rib_left_10,0.9632,rib,0.9193857039416551,0.9704942480792821,0.9088999894877896,0.9809799625331476,0.9063538690353963,0.9835260829855409,0.9669173713292178
s1278,rib_left_11,0.9632,rib,0.8985871391728106,0.9684235659359447,0.8881014247189452,0.9789092803898102,0.8855553042665518,0.9814554008422035,0.9616116866986544
s1278,rib_left_12,0.9476,rib,0.9117523405434859,0.9588224795845488,0.9012666260896204,0.9693081940384143,0.898720505637227,0.9718543144908076,0.9536432972126938
s1278,rib_left_2,0.96,rib,0.9447612945410649,0.9609426593163986,0.9342755800871995,0.971428373770264,0.9317294596348061,0.9739744942226574,0.9445404249067465
s1278,rib_left_3,0.9598,rib,0.9467512396344466,0.9585140628261903,0.9362655251805811,0.9689997772800558,0.9337194047281878,0.9715458977324491,0.9477790799250644
s1278,rib_left_4,0.9643,rib,0.9254271407076333,0.9526439955353944,0.9149414262537678,0.9631297099892598,0.9123953058013745,0.9656758304416532,0.9343666795155409
s1278,rib_left_5,0.8755,rib,0.9413668615761543,0.9436403024543073,0.9308811471222889,0.9541260169081728,0.9283350266698955,0.9566721373605661,0.9447840542957749
s1278,rib_left_6,0.726,rib,0.6402707674335611,0.9028794589658127,0.6297850529796957,0.9133651734196782,0.6272389325273023,0.9159112938720715,0.8016579422839158
s1278,rib_left_7,0.5973,rib,0.6192579184668432,0.9001342503035361,0.6087722040129777,0.9106199647574016,0.6062260835605844,0.9131660852097949,0.6906843576395898
s1278,rib_left_8,0.5481,rib,0.4390524321315964,0.8608639590909354,0.4285667176777309,0.8713496735448009,0.4260205972253376,0.8738957939971942,0.40956856595873176
s1278,rib_left_9,0.6724,rib,0.20852080077607363,0.8672613007964716,0.19803508632220815,0.877747015250337,0.19548896586981482,0.8802931357027304,0.5443578429991326
s1278,rib_right_1,0.8904,rib,0.9068414582756407,0.9660478971654789,0.8963557438217752,0.9765336116193444,0.8938096233693819,0.9790797320717377,0.9271924731672518
s1278,rib_right_10,0.8213,rib,0.4417728779603134,0.8794492540393887,0.4312871635064479,0.8899349684932542,0.4287410430540546,0.8924810889456475,0.47031525539818175
s1278,rib_right_11,0.8185,rib,0.8873313889177659,0.9704516785294858,0.8768456744639004,0.9809373929833513,0.874299554011507,0.9834835134357446,0.9651530380485687
s1278,rib_right_12,0.9682,rib,0.8761494711526314,0.959445293767949,0.8656637566987659,0.9699310082218144,0.8631176362463726,0.9724771286742078,0.9566728037690346
s1278,rib_right_2,0.9429,rib,0.9195424846110577,0.961782790593248,0.9090567701571922,0.9722685050471135,0.9065106497047989,0.9748146254995068,0.9531210817299952
s1278,rib_right_3,0.9663,rib,0.9122234435618106,0.9434343426581049,0.9017377291079451,0.9539200571119704,0.8991916086555518,0.9564661775643637,0.931948945680429
s1278,rib_right_4,0.9742,rib,0.9483578606900575,0.9612593897538242,0.937872146236192,0.9717451042076897,0.9353260257837986,0.974291224660083,0.9549746440859269
s1278,rib_right_5,0.9739,rib,0.9415076516034219,0.9558872779255627,0.9310219371495564,0.9663729923794282,0.9284758166971631,0.9689191128318215,0.9468814079812472
s1278,rib_right_6,0.9672,rib,0.9221401514097104,0.9472107090608441,0.9116544369558449,0.9576964235147096,0.9091083165034516,0.960242543967103,0.9202206957188795
s1278,rib_right_7,0.789,rib,0.7098064899097233,0.9064384676903869,0.6993207754558578,0.9169241821442524,0.6967746550034645,0.9194703025966457,0.8143522661264145
s1278,rib_right_8,0.5409,rib,0.5238577965208565,0.9078414962798881,0.513372082066991,0.9183272107337536,0.5108259616145977,0.9208733311861469,0.6178464536061175
s1278,rib_right_9,0.574,rib,0.14083153138198565,0.8647931760469195,0.13034581692812017,0.875278890500785,0.12779969647572684,0.8778250109531783,0.34941168189088906
s1278,scapula_left,0.9555,shoulder_bone,0.9467391715073222,0.9740888321553791,0.9362534570534568,0.9845745466092446,0.9375231959513461,0.9833048077113552,0.9625767188030633
s1278,scapula_right,0.9632,shoulder_bone,0.9600365819807429,0.9741328324810324,0.9495508675268775,0.9846185469348979,0.9508206064247668,0.9833488080370085,0.9612332497280162
s1278,small_bowel,0.9431,digestive,0.698668771546181,0.895927988873354,0.6881830570923155,0.9064137033272195,0.6195838320709002,0.9750129283486348,0.7829294807672146
s1278,spinal_cord,0.9473,neuro,0.9328112221389357,0.9420255329280044,0.9223255076850703,0.9525112473818699,0.9171458257765133,0.9576909292904269,0.9235725348500384
s1278,spleen,0.9763,solid_abdominal,0.9397700051015376,0.9643535581548232,0.9292842906476722,0.9748392726086886,0.9229625324296552,0.9811610308267056,0.9495393368435026
s1278,sternum,0.902,shoulder_bone,0.9065356353531194,0.9590920448094535,0.896049920899254,0.969577759263319,0.8973196597971433,0.9683080203654296,0.9247322201807036
s1278,stomach,0.9702,digestive,0.8775439084687716,0.9487545072808836,0.8670581940149061,0.9592402217347491,0.7984589689934908,1.0,0.9246355164597613
s1278,subclavian_artery_left,0.9462,great_vessel,0.7813081726409257,0.9246878313833711,0.7708224581870602,0.9351735458372366,0.7700173203305222,0.9359786836937746,0.9038016004295402
s1278,subclavian_artery_right,0.8665,great_vessel,0.695216387140666,0.9186564552930845,0.6847306726868005,0.92914216974695,0.6839255348302625,0.929947307603488,0.8512602219222994
s1278,superior_vena_cava,0.9559,great_vessel,0.8517437040260339,0.9255515837320367,0.8412579895721685,0.9360372981859022,0.8404528517156304,0.9368424360424402,0.9127004580218439
s1278,thyroid_gland,0.8657,airway_neck,0.7813060482611384,0.9338072304774268,0.7708203338072729,0.9442929449312922,0.783853509343226,0.9312597693953392,0.8833173080811886
s1278,trachea,0.8191,airway_neck,0.9402469057953242,0.9701746016918145,0.9297611913414587,0.9806603161456799,0.9427943668774118,0.9676271406097269,0.9314101776050882
s1278,urinary_bladder,0.0,urinary,0.0,0.8123560479597619,0.0,0.8228417624136274,0.0,0.8252608784929032,0.03172833405632786
s1278,vertebrae_C6,0.9557,vertebrae,0.7797755815652185,0.926506263495988,0.769289867111353,0.9369919779498534,0.7708862339361571,0.9353956111250494,0.8704108733273349
s1278,vertebrae_C7,0.9644,vertebrae,0.935297111824139,0.9735382100511922,0.9248113973702735,0.9840239245050577,0.9264077641950775,0.9824275576802537,0.9546153691282983
s1278,vertebrae_L1,0.9819,vertebrae,0.9670913489661259,0.9811654625926451,0.9566056345122604,0.9916511770465106,0.9582020013370645,0.9900548102217066,0.977206859945648
s1278,vertebrae_L2,0.9809,vertebrae,0.9292376888527251,0.9842856552359825,0.9187519743988596,0.994771369689848,0.9203483412236636,0.993175002865044,0.960271524821372
s1278,vertebrae_T1,0.9756,vertebrae,0.9215687233332619,0.9752335862685861,0.9110830088793964,0.9857193007224516,0.9126793757042004,0.9841229338976476,0.9621240755916123
s1278,vertebrae_T10,0.9727,vertebrae,0.9472458735673689,0.9843919337946374,0.9367601591135034,0.9948776482485029,0.9383565259383074,0.9932812814236989,0.9723111727109847
s1278,vertebrae_T11,0.9722,vertebrae,0.965361397491205,0.9854727519066024,0.9548756830373395,0.9959584663604679,0.9564720498621435,0.9943620995356639,0.9720894382637509
s1278,vertebrae_T12,0.9759,vertebrae,0.9718805116357386,0.9814171865770347,0.9613947971818732,0.9919029010309002,0.9629911640066772,0.9903065342060962,0.9749390771751201
s1278,vertebrae_T2,0.9802,vertebrae,0.9396501448375028,0.9723818085535582,0.9291644303836373,0.9828675230074236,0.9307607972084413,0.9812711561826196,0.9638022436582812
s1278,vertebrae_T3,0.9754,vertebrae,0.9156146615959696,0.9749557354397549,0.9051289471421041,0.9854414498936204,0.9067253139669081,0.9838450830688164,0.951677921239817
s1278,vertebrae_T4,0.9762,vertebrae,0.9035085727050567,0.976999147624889,0.8930228582511912,0.9874848620787545,0.8946192250759952,0.9858884952539505,0.9436793019570104
s1278,vertebrae_T5,0.9723,vertebrae,0.8898572946877261,0.974164225292018,0.8793715802338606,0.9846499397458834,0.8809679470586647,0.9830535729210794,0.9605889076441334
s1278,vertebrae_T6,0.9734,vertebrae,0.9261597355819308,0.980433646698972,0.9156740211280653,0.9909193611528375,0.9172703879528693,0.9893229943280335,0.9597639070996189
s1278,vertebrae_T7,0.9711,vertebrae,0.9061689767709894,0.9798319393013876,0.8956832623171239,0.990317653755253,0.8972796291419279,0.988721286930449,0.9487770429595374
s1278,vertebrae_T8,0.977,vertebrae,0.9272874172590495,0.9810788879076411,0.916801702805184,0.9915646023615066,0.918398069629988,0.9899682355367025,0.9448817939331704
s1278,vertebrae_T9,0.9736,vertebrae,0.9574577315472117,0.980267700670573,0.9469720170933462,0.9907534151244385,0.9485683839181502,0.9891570482996345,0.9438413178490229
s1233,adrenal_gland_left,0.7759,urinary,0.9267515029630605,0.9344592328763629,0.908251550992094,0.9529591848473294,0.8681290176022748,0.9930817182371486,0.880400200272157
s1233,adrenal_gland_right,0.7774,urinary,0.8557587234839026,0.9184280244534666,0.837258771512936,0.9369279764244332,0.7971362381231168,0.9770505098142523,0.8297027224224719
s1233,aorta,0.9711,great_vessel,0.9637813409816027,0.9705939372188085,0.9452813890106362,0.989093889189775,0.9367684397134683,0.9976068384869429,0.9734467610361967
s1233,atrial_appendage_left,0.7737,heart,0.8024946174615993,0.9198944503138339,0.7839946654906328,0.9383944022848004,0.7875239853945804,0.9348650823808529,0.916896259090096
s1233,autochthon_left,0.9466,muscle,0.9532740666273612,0.9689763846055156,0.9347741146563947,0.9874763365764821,0.9366710769183595,0.9855793743145174,0.9605278662654849
s1233,autochthon_right,0.9475,muscle,0.9538271277473049,0.9652247511381273,0.9353271757763384,0.9837247031090939,0.9372241380383032,0.9818277408471291,0.9594452065918784
s1233,brachiocephalic_trunk,0.8913,great_vessel,0.6755221332433556,0.9122191878180691,0.6570221812723891,0.9307191397890356,0.6485092319752213,0.9392320890862035,0.9060542331681691
s1233,brachiocephalic_vein_left,0.8883,great_vessel,0.8899209809981142,0.9407395538835982,0.8714210290271477,0.9592395058545647,0.8629080797299798,0.9677524551517326,0.9020009917634009
s1233,brachiocephalic_vein_right,0.9133,great_vessel,0.8395587132982045,0.9361204223102211,0.821058761327238,0.9546203742811876,0.8125458120300701,0.9631333235783555,0.9201156507219563
s1233,clavicula_left,0.9617,shoulder_bone,0.9372133448546761,0.9742577905411588,0.9187133928837096,0.9927577425121253,0.9135450934860544,0.9979260419097805,0.9696494506315185
s1233,clavicula_right,0.9172,shoulder_bone,0.9364772160998022,0.9712983876192977,0.9179772641288356,0.9897983395902642,0.9128089647311804,0.9949666389879194,0.9580523477560394
s1233,colon,0.9139,digestive,0.7911410209908968,0.9040016865932872,0.7726410690199302,0.9225016385642537,0.7285161784660962,0.9666265291180878,0.7954777709538912
s1233,common_carotid_artery_left,0.8721,great_vessel,0.8166474207359259,0.9372686334436923,0.7981474687649593,0.9557685854146588,0.7896345194677915,0.9642815347118266,0.9102457764602867
s1233,common_carotid_artery_right,0.8128,great_vessel,0.7413957880700183,0.9216832806057189,0.7228958360990517,0.9401832325766855,0.7143828868018839,0.9486961818738533,0.9259499431585432
s1233,costal_cartilages,0.8583,costal_cartilage,0.873099231151677,0.8975588002213577,0.8545992791807104,0.9160587521923242,0.835793507316602,0.9348645240564327,0.8944926316349396
s1233,duodenum,0.9311,digestive,0.8125977450726382,0.942605141691106,0.7940977931016716,0.9611050936620725,0.7499729025478375,1.0,0.8758328703170778
s1233,esophagus,0.9103,digestive,0.9084787824608276,0.9467223814650318,0.889978830489861,0.9652223334359984,0.845853939936027,1.0,0.9378519488457078
s1233,femur_left,0.972,pelvic_bone,0.9652432934489075,0.9855835525818559,0.9467433414779409,1.0,0.9585466922096826,0.9922801538210808,0.9799065724136216
s1233,femur_right,0.9801,pelvic_bone,0.9707210524650564,0.9875451228271586,0.9522211004940898,1.0,0.9640244512258315,0.9942417240663834,0.9830460693499481
s1233,gallbladder,0.8284,solid_abdominal,0.8919011068938237,0.9461335681729062,0.8734011549228572,0.9646335201438727,0.8613900695903258,0.9766446054764041,0.8968002773353674
s1233,gluteus_maximus_left,0.936,muscle,0.9680893187950779,0.9788921524986657,0.9495893668241113,0.9973921044696322,0.9514863290860761,0.9954951422076674,0.9721743632241505
s1233,gluteus_maximus_right,0.9638,muscle,0.9698636059294167,0.9810148161607171,0.9513636539584501,0.9995147681316836,0.9532606162204149,0.9976178058697188,0.9772196522165302
s1233,gluteus_medius_left,0.9232,muscle,0.9520070994814758,0.968291923763952,0.9335071475105092,0.9867918757349186,0.935404109772474,0.9848949134729538,0.9540386881683568
s1233,gluteus_medius_right,0.9448,muscle,0.9569656961701103,0.9692363894418073,0.9384657441991437,0.9877363414127739,0.9403627064611085,0.9858393791508091,0.9576687980670424
s1233,gluteus_minimus_left,0.8361,muscle,0.9229622651357453,0.9488558690938821,0.9044623131647788,0.9673558210648486,0.9063592754267435,0.9654588588028838,0.912724606310286
s1233,gluteus_minimus_right,0.9106,muscle,0.9142122104846325,0.9507108841381615,0.895712258513666,0.9692108361091281,0.8976092207756308,0.9673138738471633,0.931970605933981
s1233,heart,0.9128,heart,0.931172041326913,0.9748314371484181,0.9126720893559465,0.9933313891193847,0.916201409259894,0.9898020692154371,0.9339139018757765
s1233,hip_left,0.9685,pelvic_bone,0.9707911429142181,0.9804837279001181,0.9522911909432515,0.9989836798710846,0.9640945416749932,0.987180329139343,0.9812060435736466
s1233,hip_right,0.9703,pelvic_bone,0.9718807955551138,0.9818383869291171,0.9533808435841472,1.0,0.9651841943158889,0.988534988168342,0.9851604499165979
s1233,humerus_left,0.8615,shoulder_bone,0.963341212385775,0.9830685922340491,0.9448412604148084,1.0,0.9396729610171533,1.0,0.9693408296324602
s1233,humerus_right,0.9615,shoulder_bone,0.9513437081825913,0.9707921436054276,0.9328437562116247,0.9892920955763942,0.9276754568139696,0.9944603949740494,0.9450421803587072
s1233,iliac_artery_left,0.8256,great_vessel,0.8651227775811423,0.9364530037374368,0.8466228256101758,0.9549529557084033,0.8381098763130079,0.9634659050055712,0.9019433421817484
s1233,iliac_artery_right,0.9255,great_vessel,0.8423875561765145,0.936284369759811,0.823887604205548,0.9547843217307775,0.8153746549083801,0.9632972710279454,0.8977809523508655
s1233,iliac_vena_left,0.8624,great_vessel,0.8943384767547723,0.9426188298891444,0.8758385247838057,0.9611187818601109,0.8673255754866379,0.9696317311572787,0.9083280034093407
s1233,iliac_vena_right,0.8708,great_vessel,0.9216010033488568,0.9406354543840413,0.9031010513778902,0.9591354063550078,0.8945881020807224,0.9676483556521757,0.9174292605575828
s1233,iliopsoas_left,0.9378,muscle,0.9423410764484703,0.9628847705231561,0.9238411244775038,0.9813847224941227,0.9257380867394686,0.9794877602321579,0.9549398305352811
s1233,iliopsoas_right,0.9397,muscle,0.9456699965391342,0.9664783468543745,0.9271700445681677,0.984978298825341,0.9290670068301324,0.9830813365633763,0.953102934816051
s1233,inferior_vena_cava,0.8636,great_vessel,0.8876247825314048,0.94683725118928,0.8691248305604382,0.9653372031602465,0.8606118812632704,0.9738501524574144,0.912861471444069
s1233,kidney_left,0.9237,urinary,0.936672500979648,0.9628057502340538,0.9181725490086815,0.9813057022050203,0.8780500156188623,1.0,0.9432570759243315
s1233,kidney_right,0.9362,urinary,0.9416834169614955,0.9721439992778523,0.923183464990529,0.9906439512488189,0.8830609316007098,1.0,0.9366782005740543
s1233,liver,0.9631,solid_abdominal,0.978529554032037,0.986673240338199,0.9600296020610705,1.0,0.9480185167285391,1.0,0.9811373040356386
s1233,lung_lower_lobe_left,0.9899,lung,0.9873935295879028,0.9927433573380772,0.9688935776169363,1.0,0.9488258382887762,1.0,0.9941969748815744
s1233,lung_lower_lobe_right,0.9872,lung,0.9883382068783524,0.9908278852749383,0.9698382549073858,1.0,0.9497705155792258,1.0,0.9914430509791866
s1233,lung_middle_lobe_right,0.97,lung,0.9589908985251685,0.9831753009550815,0.940490946554202,1.0,0.9204232072260419,1.0,0.9707242994506908
s1233,lung_upper_lobe_left,0.9908,lung,0.986127774092088,0.9912218557439826,0.9676278221211214,1.0,0.9475600827929613,1.0,0.9894444432450319
s1233,lung_upper_lobe_right,0.9835,lung,0.9775407037289251,0.9880047008602566,0.9590407517579586,1.0,0.9389730124297985,1.0,0.9862648865440973
s1233,pancreas,0.8312,solid_abdominal,0.8739578298989998,0.9468615315793687,0.8554578779280333,0.9653614835503352,0.8434467925955019,0.9773725688828666,0.9087339642190231
s1233,portal_vein_and_splenic_vein,0.6685,great_vessel,0.8436996822862417,0.9412593010606207,0.8251997303152752,0.9597592530315873,0.8166867810181073,0.9682722023287551,0.8646444401817822
s1233,pulmonary_vein,0.9019,great_vessel,0.8797487741539868,0.9170464230244336,0.8612488221830202,0.9355463749954002,0.8527358728858524,0.944059324292568,0.9089321790660365
s1233,rib_left_1,0.9276,rib,0.9150013926492854,0.9639954515264552,0.8965014406783188,0.9824954034974217,0.9024024139191087,0.9765944302566318,0.927083134314836
s1233,rib_left_10,0.9571,rib,0.9233536981487995,0.9691918887947264,0.904853746177833,0.9876918407656929,0.9107547194186228,0.9817908675249031,0.9687077058952445
s1233,rib_left_11,0.7903,rib,0.9199928624945177,0.9594546017827664,0.9014929105235512,0.977954553753733,0.907393883764341,0.9720535805129431,0.9567004340472367
s1233,rib_left_12,0.8233,rib,0.7912117117361904,0.9465020411154796,0.7727117597652239,0.9650019930864462,0.7786127330060137,0.9591010198456563,0.9499295187403811
s1233,rib_left_2,0.9546,rib,0.9480273903012247,0.9648976488898741,0.9295274383302582,0.9833976008608406,0.9354284115710481,0.9774966276200507,0.9508508039378112
s1233,rib_left_3,0.9482,rib,0.9328832038871607,0.9605781491441806,0.9143832519161942,0.9790781011151471,0.920284225156984,0.9731771278743573,0.9281135193068581
s1233,rib_left_4,0.9611,rib,0.955277411714891,0.9652664841587529,0.9367774597439245,0.9837664361297195,0.9426784329847143,0.9778654628889296,0.9608185893113524
s1233,rib_left_5,0.9461,rib,0.9481103963896333,0.9667441135214767,0.9296104444186668,0.9852440654924433,0.9355114176594567,0.9793430922516534,0.9655053576043956
s1233,rib_left_6,0.945,rib,0.9437475697727387,0.968481333782061,0.9252476178017721,0.9869812857530276,0.931148591042562,0.9810803125122377,0.966879320082224
s1233,rib_left_7,0.9518,rib,0.9519080197922,0.9678226892140653,0.9334080678212334,0.9863226411850319,0.9393090410620233,0.980421667944242,0.9679957609853808
s1233,rib_left_8,0.9506,rib,0.9555832106097515,0.9611560582316654,0.9370832586387849,0.9796560102026319,0.9429842318795748,0.9737550369618421,0.9699314778501257
s1233,rib_left_9,0.9617,rib,0.9678238773174584,0.9683849945454595,0.9493239253464919,0.986884946516426,0.9552248985872818,0.9809839732756361,0.9684213016258976
s1233,rib_right_1,0.9112,rib,0.908459716546446,0.967046999989068,0.8899597645754794,0.9855469519600345,0.8958607378162693,0.9796459787192446,0.9258263241199938
s1233,rib_right_10,0.9256,rib,0.9198331793292563,0.9703353661279951,0.9013332273582898,0.9888353180989616,0.9072342005990797,0.9829343448581718,0.964766183418787
s1233,rib_right_11,0.8665,rib,0.9534410070655425,0.9666190445339864,0.9349410550945759,0.9851189965049529,0.9408420283353658,0.9792180232641631,0.9556719220311979
s1233,rib_right_12,0.9098,rib,0.819356434727787,0.9473743622876842,0.8008564827568204,0.9658743142586508,0.8067574559976103,0.9599733410178609,0.9370682584622411
s1233,rib_right_2,0.9507,rib,0.9506686842445858,0.9625751691537668,0.9321687322736193,0.9810751211247334,0.9380697055144092,0.9751741478839435,0.9543958753998424
s1233,rib_right_3,0.9211,rib,0.9589006994660273,0.9608459824685424,0.9404007474950608,0.9793459344395089,0.9463017207358506,0.973444961198719,0.9561772294343369
s1233,rib_right_4,0.9425,rib,0.9580729333435651,0.9718347809916162,0.9395729813725986,0.9903347329625828,0.9454739546133885,0.9844337597217929,0.9638526657730367
s1233,rib_right_5,0.9145,rib,0.9392539496704753,0.9720280103082417,0.9207539976995087,0.9905279622792083,0.9266549709402986,0.9846269890384184,0.9665697406758671
s1233,rib_right_6,0.9548,rib,0.9439377946734223,0.9727542522728267,0.9254378427024558,0.9912542042437933,0.9313388159432456,0.9853532310030034,0.9694718022469331
s1233,rib_right_7,0.9345,rib,0.9628735629170077,0.9710089615010726,0.9443736109460411,0.9895089134720392,0.950274584186831,0.9836079402312493,0.9738703242957659
s1233,rib_right_8,0.9496,rib,0.9687428594499843,0.965236556750133,0.9502429074790177,0.9837365087210995,0.9561438807198076,0.9778355354803097,0.9701975556533914
s1233,rib_right_9,0.9636,rib,0.9651672351490553,0.9693225606922937,0.9466672831780888,0.9878225126632603,0.9525682564188787,0.9819215394224704,0.9721908879350775
s1233,sacrum,0.9219,pelvic_bone,0.8876978259416457,0.9516362065469983,0.8691978739706792,0.9701361585179649,0.8810012247024208,0.9583328077862232,0.9328479260027894
s1233,scapula_left,0.9213,shoulder_bone,0.9325173218566877,0.9721924155591086,0.9140173698857211,0.9906923675300752,0.908849070488066,0.9958606669277303,0.9399907518070435
s1233,scapula_right,0.9402,shoulder_bone,0.9402475737440394,0.9743156666653943,0.9217476217730729,0.9928156186363608,0.9165793223754177,0.997983918034016,0.9620409718524068
s1233,skull,0.8929,neuro,0.8213377818165605,0.9603601640855925,0.8028378298455939,0.9788601160565591,0.8003795329999748,0.9813184129021782,0.9616544833225639
s1233,small_bowel,0.9269,digestive,0.9093538029658225,0.9512300085520031,0.8908538509948559,0.9697299605229697,0.8467289604410219,1.0,0.9070593633613353
s1233,spinal_cord,0.9393,neuro,0.9363931750161588,0.9525437632805851,0.9178932230451923,0.9710437152515516,0.9154349261995731,0.9735020120971708,0.9400919985147022
s1233,spleen,0.9268,solid_abdominal,0.9500552005425835,0.9725621328917449,0.931555248571617,0.9910620848627114,0.9195441632390856,1.0,0.953438122983814
s1233,sternum,0.9203,shoulder_bone,0.9043235531013919,0.9566358602198921,0.8858236011304254,0.9751358121908587,0.8806553017327702,0.9803041115885138,0.9293192002808447
s1233,stomach,0.8817,digestive,0.9139355130350625,0.950535066535271,0.8954355610640959,0.9690350185062375,0.8513106705102619,1.0,0.9040156734213552
s1233,subclavian_artery_left,0.8794,great_vessel,0.8749080456284911,0.9334357013963147,0.8564080936575246,0.9519356533672813,0.8478951443603567,0.9604486026644491,0.8806453738283185
s1233,subclavian_artery_right,0.8229,great_vessel,0.8740287427517532,0.9232364163024915,0.8555287907807867,0.9417363682734581,0.8470158414836189,0.9502493175706259,0.8798851522591649
s1233,superior_vena_cava,0.9419,great_vessel,0.8511859294233725,0.9484114935816385,0.8326859774524059,0.966911445552605,0.8241730281552381,0.9754243948497728,0.9385837980668887
s1233,thyroid_gland,0.5519,airway_neck,0.7320921579192265,0.9106368980653547,0.71359220594826,0.9291368500363213,0.7279192708923945,0.9148097850921868,0.7791808020270453
s1233,trachea,0.93,airway_neck,0.9192714491005156,0.9682776920060359,0.9007714971295491,0.9867776439770024,0.9150985620736836,0.9724505790328679,0.9749785249284556
s1233,urinary_bladder,0.869,urinary,0.9028733678403386,0.9585327385692161,0.884373415869372,0.9770326905401826,0.8442508824795528,1.0,0.897855647061854
s1233,vertebrae_C5,0.8953,vertebrae,0.6712814141802883,0.9358244888746063,0.6527814622093218,0.9543244408455729,0.6529004872983535,0.9542054157565412,0.9584082409508456
s1233,vertebrae_C6,0.817,vertebrae,0.9297699046953629,0.9624173177269607,0.9112699527243964,0.9809172696979273,0.9113889778134281,0.9807982446088955,0.927197523606358
s1233,vertebrae_C7,0.8143,vertebrae,0.9526900391620122,0.9722905674776781,0.9341900871910457,0.9907905194486446,0.9343091122800774,0.9906714943596129,0.9626708025618168
s1233,vertebrae_L1,0.9692,vertebrae,0.9804260442918954,0.9841145615072484,0.9619260923209288,1.0,0.9620451174099606,1.0,0.9802492281340031
s1233,vertebrae_L2,0.9662,vertebrae,0.9785896403401625,0.9856799307602251,0.960089688369196,1.0,0.9602087134582277,1.0,0.9752387878907064
s1233,vertebrae_L3,0.9609,vertebrae,0.9647717043885197,0.9830520751016635,0.9462717524175531,1.0,0.9463907775065848,1.0,0.9816351478622043
s1233,vertebrae_L4,0.9622,vertebrae,0.9634023179147683,0.9850524174503512,0.9449023659438017,1.0,0.9450213910328334,1.0,0.9849981341595397
s1233,vertebrae_L5,0.9594,vertebrae,0.9692088589355283,0.9847538172686557,0.9507089069645618,1.0,0.9508279320535935,1.0,0.9835051949495006
s1233,vertebrae_S1,0.8671,vertebrae,0.9408930038397174,0.9827215512229018,0.9223930518687509,1.0,0.9225120769577826,1.0,0.9642768700373158
s1233,vertebrae_T1,0.8852,vertebrae,0.9701629962916036,0.9734659123170702,0.9516630443206371,0.9919658642880368,0.9517820694096688,0.9918468391990051,0.974733311194444
s1233,vertebrae_T10,0.9485,vertebrae,0.9784564057425824,0.9828654035460175,0.9599564537716159,1.0,0.9600754788606476,1.0,0.9821186705952537
s1233,vertebrae_T11,0.9579,vertebrae,0.9735756548367686,0.9838376329186836,0.955075702865802,1.0,0.9551947279548337,1.0,0.9807033517739875
s1233,vertebrae_T12,0.9611,vertebrae,0.9798800613375301,0.9849276473210862,0.9613801093665636,1.0,0.9614991344555953,1.0,0.9792075616519048
s1233,vertebrae_T2,0.9511,vertebrae,0.9678272672623793,0.9735348956519264,0.9493273152914128,0.992034847622893,0.9494463403804445,0.9919158225338612,0.9670757440252021
s1233,vertebrae_T3,0.9424,vertebrae,0.9713973082996467,0.9752971205359887,0.9528973563286801,0.9937970725069553,0.9530163814177118,0.9936780474179235,0.9744109447223616
s1233,vertebrae_T4,0.9444,vertebrae,0.9656369118243374,0.973360542685879,0.9471369598533709,0.9918604946568456,0.9472559849424026,0.9917414695678138,0.9603007441554275
s1233,vertebrae_T5,0.9371,vertebrae,0.9614420013617218,0.9747486286288186,0.9429420493907552,0.9932485805997852,0.9430610744797869,0.9931295555107534,0.9613087701152437
s1233,vertebrae_T6,0.9475,vertebrae,0.9595813418601826,0.9740740123755742,0.9410813898892161,0.9925739643465408,0.9412004149782478,0.992454939257509,0.961268533999463
s1233,vertebrae_T7,0.9485,vertebrae,0.9659580946328951,0.9762423252261597,0.9474581426619285,0.9947422771971263,0.9475771677509602,0.9946232521080945,0.9740495994513373
s1233,vertebrae_T8,0.9439,vertebrae,0.974843541132028,0.9816453738233132,0.9563435891610614,1.0,0.9564626142500932,1.0,0.9770857251007466
s1233,vertebrae_T9,0.9325,vertebrae,0.9804868876458547,0.9834470501698844,0.9619869356748881,1.0,0.9621059607639199,1.0,0.9805984532497353
s1337,adrenal_gland_left,0.7518,urinary,0.8165008388455041,0.9273015268740795,0.8039395405034414,0.9398628252161422,0.7605251045053989,0.9832772612141847,0.8866012398449874
s1337,adrenal_gland_right,0.758,urinary,0.9088603677402852,0.9118244641223198,0.8962990693982226,0.9243857624643824,0.8528846334001801,0.9678001984624249,0.9013644472020286
s1337,aorta,0.9763,great_vessel,0.9433277537236953,0.9730469257149761,0.9307664553816326,0.9856082240570387,0.905160668823349,1.0,0.9719767336501035
s1337,atrial_appendage_left,0.8102,heart,0.776835726136767,0.9233868528934609,0.7642744277947043,0.9359481512355236,0.7602305477157575,0.9399920313144704,0.9012763704515265
s1337,autochthon_left,0.9562,muscle,0.9575340008706988,0.9673958077265234,0.9449727025286362,0.9799571060685861,0.9495473148995037,0.9753824936977186,0.9704349742292286
s1337,autochthon_right,0.9458,muscle,0.961384729709476,0.9657977366430466,0.9488234313674133,0.9783590349851092,0.9533980437382809,0.9737844226142417,0.9676728566653525
s1337,brachiocephalic_trunk,0.9265,great_vessel,0.8106942932890676,0.9272487647435566,0.798132994947005,0.9398100630856192,0.7725272083887214,0.9654158496439028,0.9129278626782127
s1337,brachiocephalic_vein_left,0.9271,great_vessel,0.9007068282365581,0.9456637335712949,0.8881455298944955,0.9582250319133575,0.8625397433362119,0.9838308184716411,0.9283940579179609
s1337,brachiocephalic_vein_right,0.9296,great_vessel,0.7551787766846763,0.9322570276367403,0.7426174783426136,0.944818325978803,0.71701169178433,0.9704241125370866,0.9051620549130256
s1337,clavicula_left,0.9657,shoulder_bone,0.9130434034566285,0.9669679492666233,0.9004821051145658,0.979529247608686,0.9027872476228851,0.9772241051003667,0.9361434704343472
s1337,clavicula_right,0.9613,shoulder_bone,0.9666164083077775,0.9713812555899174,0.9540551099657149,0.98394255393198,0.9563602524740341,0.9816374114236608,0.9686248137112796
s1337,colon,0.7977,digestive,0.7861142143046596,0.9416141146124729,0.7735529159625969,0.9541754129545356,0.7501092680978957,0.9776190608192368,0.8734154105845784
s1337,common_carotid_artery_left,0.886,great_vessel,0.9341035415331944,0.9370564143789197,0.9215422431911318,0.9496177127209824,0.8959364566328482,0.975223499279266,0.9144767767296971
s1337,common_carotid_artery_right,0.6891,great_vessel,0.6558335063245564,0.9201020392838978,0.6432722079824937,0.9326633376259604,0.6176664214242101,0.958269124184244,0.8444896920707806
s1337,costal_cartilages,0.8583,costal_cartilage,0.8588500124269844,0.9027641196192085,0.8462887140849218,0.9153254179612712,0.8239949222792796,0.9376192097669134,0.8823883337104682
s1337,duodenum,0.772,digestive,0.798144698782899,0.9215213224234474,0.7855834004408363,0.9340826207655101,0.7621397525761351,0.9575262686302113,0.8410830378671191
s1337,esophagus,0.8878,digestive,0.864789803211211,0.9494915330714557,0.8522285048691484,0.9620528314135184,0.8287848570044472,0.9854964792782196,0.932087802118581
s1337,gallbladder,0.8545,solid_abdominal,0.7782648631418211,0.9308623086585368,0.7657035647997584,0.9434236070005995,0.7661357806691886,0.9429913911311693,0.8866019793424647
s1337,heart,0.9392,heart,0.9385652463805653,0.9693638182570489,0.9260039480385026,0.9819251165991115,0.9219600679595558,0.9859689966780584,0.9395500413174823
s1337,humerus_left,0.8178,shoulder_bone,0.7183750228713657,0.9605036656299377,0.705813724529303,0.9730649639720004,0.7081188670376223,0.9707598214636811,0.9921974541104546
s1337,humerus_right,0.9536,shoulder_bone,0.9686084366712423,0.9697600426059977,0.9560471383291796,0.9823213409480603,0.9583522808374989,0.9800161984397411,0.9588858961401181
s1337,iliopsoas_left,0.889,muscle,0.7287969723327399,0.9015418872012038,0.7162356739906772,0.9141031855432664,0.7208102863615448,0.9095285731723989,0.8748980188612235
s1337,iliopsoas_right,0.8632,muscle,0.8010635758413831,0.9010626303542075,0.7885022774993204,0.9136239286962702,0.793076889870188,0.9090493163254026,0.8991957350135606
s1337,inferior_vena_cava,0.8751,great_vessel,0.870078895745119,0.9539053021869827,0.8575175974030563,0.9664666005290453,0.8319118108447727,0.9920723870873289,0.9018188989174191
s1337,kidney_left,0.9392,urinary,0.9230433026607318,0.9751334124142562,0.9104820043186691,0.9876947107563189,0.8670675683206266,1.0,0.9674218820796688
s1337,kidney_right,0.8503,urinary,0.7470637566116449,0.9138922066034381,0.7345024582695823,0.9264535049455007,0.6910880222715398,0.9698679409435432,0.9069534550073969
s1337,liver,0.958,solid_abdominal,0.9551032488539285,0.9888853960951973,0.9425419505118658,1.0,0.942974166381296,1.0,0.9773886652329021
s1337,lung_lower_lobe_left,0.9882,lung,0.9816754739021138,0.9926896835590517,0.9691141755600512,1.0,0.977057045791516,0.9973081116696496,0.9890699208153135
s1337,lung_lower_lobe_right,0.987,lung,0.9842421771369386,0.9931705689303629,0.971680878794876,1.0,0.9796237490263408,0.9977889970409608,0.9905820601261673
s1337,lung_middle_lobe_right,0.9224,lung,0.9656551765385061,0.982764103740198,0.9530938781964434,0.9953254020822606,0.9610367484279082,0.9873825318507958,0.9652695060916915
s1337,lung_upper_lobe_left,0.9907,lung,0.9834297626520649,0.9935045497506498,0.9708684643100023,1.0,0.9788113345414671,0.9981229778612477,0.9949622080257917
s1337,lung_upper_lobe_right,0.9657,lung,0.9546312278040838,0.9912515394902721,0.9420699294620212,1.0,0.950012799693486,0.99586996760087,0.9833244397432559
s1337,pancreas,0.8431,solid_abdominal,0.8380648379834161,0.9555893352204464,0.8255035396413535,0.9681506335625091,0.8259357555107837,0.9677184176930789,0.9022919036518741
s1337,portal_vein_and_splenic_vein,0.6889,great_vessel,0.886675327398273,0.9469656067778478,0.8741140290562104,0.9595269051199105,0.8485082424979268,0.9851326916781941,0.8666845719452777
s1337,pulmonary_vein,0.8824,great_vessel,0.8234162143293396,0.8925605832545085,0.810854915987277,0.9051218815965711,0.7852491294289934,0.9307276681548547,0.83506092801197
s1337,rib_left_1,0.8508,rib,0.9053076093569699,0.9619810969163893,0.8927463110149072,0.974542395258452,0.8918160260475094,0.9754726802258498,0.9208307314511954
s1337,rib_left_10,0.9637,rib,0.9602022920395749,0.9686945754147843,0.9476409936975122,0.981255873756847,0.9467107087301144,0.9821861587242448,0.9721544980277531
s1337,rib_left_11,0.9427,rib,0.955764254967734,0.9740133479906984,0.9432029566256713,0.986574646332761,0.9422726716582736,0.9875049313001588,0.9691143997232138
s1337,rib_left_12,0.9442,rib,0.9019351584851032,0.9615252301846119,0.8893738601430405,0.9740865285266745,0.8884435751756428,0.9750168134940723,0.9481993429921052
s1337,rib_left_2,0.9374,rib,0.9355800792638164,0.9676500900789514,0.9230187809217537,0.9802113884210141,0.9220884959543559,0.9811416733884119,0.959914396376329
s1337,rib_left_3,0.9454,rib,0.9431420053695395,0.9614536801466177,0.9305807070274769,0.9740149784886803,0.9296504220600791,0.9749452634560781,0.9376939894455733
s1337,rib_left_4,0.9624,rib,0.9145771168235353,0.9763791170899712,0.9020158184814726,0.9889404154320338,0.9010855335140748,0.9898707003994316,0.9785173573963198
s1337,rib_left_5,0.9534,rib,0.9624825487973012,0.972832527569746,0.9499212504552386,0.9853938259118087,0.9489909654878408,0.9863241108792065,0.962649725398077
s1337,rib_left_6,0.9521,rib,0.962205237225699,0.9692160159512029,0.9496439388836363,0.9817773142932655,0.9487136539162385,0.9827075992606633,0.9486735091028795
s1337,rib_left_7,0.9429,rib,0.9053570956259681,0.9703410439687273,0.8927957972839055,0.98290234231079,0.8918655123165077,0.9838326272781878,0.9504471404776194
s1337,rib_left_8,0.9649,rib,0.9383951858128574,0.967987296313028,0.9258338874707948,0.9805485946550907,0.924903602503397,0.9814788796224885,0.9609266603198885
s1337,rib_left_9,0.9485,rib,0.9227648413498934,0.964917217089269,0.9102035430078308,0.9774785154313317,0.909273258040433,0.9784088003987295,0.9771678447663497
s1337,rib_right_1,0.8554,rib,0.8968767436624241,0.9648794355200294,0.8843154453203614,0.9774407338620921,0.8833851603529637,0.9783710188294898,0.9328609696054795
s1337,rib_right_10,0.9649,rib,0.9528018736688649,0.97300305621201,0.9402405753268023,0.9855643545540727,0.9393102903594045,0.9864946395214704,0.9628457063819048
s1337,rib_right_11,0.9455,rib,0.9496472900742211,0.9734854184570007,0.9370859917321585,0.9860467167990633,0.9361557067647607,0.9869770017664611,0.9600169986905787
s1337,rib_right_12,0.95,rib,0.9449981543781133,0.9648545727201396,0.9324368560360506,0.9774158710622023,0.9315065710686529,0.9783461560296001,0.9644570771850117
s1337,rib_right_2,0.9286,rib,0.8997794240652328,0.9566978079036178,0.8872181257231702,0.9692591062456805,0.8862878407557724,0.9701893912130782,0.9463243137608413
s1337,rib_right_3,0.9482,rib,0.90155044914338,0.9574387873709693,0.8889891508013174,0.970000085713032,0.8880588658339196,0.9709303706804298,0.948698949151391
s1337,rib_right_4,0.7563,rib,0.5541253307172433,0.8593248068705082,0.5415640323751807,0.8718861052125708,0.5406337474077829,0.8728163901799686,0.6930027699645411
s1337,rib_right_5,0.6096,rib,0.48570824268010093,0.8545929544109713,0.4731469443380383,0.8671542527530339,0.4722166593706405,0.8680845377204317,0.5959597905567273
s1337,rib_right_6,0.6133,rib,0.33022165375695545,0.8454914177044924,0.3176603554148928,0.8580527160465551,0.316730070447495,0.8589830010139529,0.5787405943558825
s1337,rib_right_7,0.6871,rib,0.22535868427167097,0.8335216206486756,0.2127973859296083,0.8460829189907383,0.21186710096221054,0.8470132039581361,0.6822963220262617
s1337,rib_right_8,0.8311,rib,0.9397337736786007,0.9730874342662773,0.927172475336538,0.98564873260834,0.9262421903691402,0.9865790175757377,0.9615885053574198
s1337,rib_right_9,0.9683,rib,0.9682602585803418,0.9715331083236274,0.9556989602382792,0.98409440666569,0.9547686752708814,0.9850246916330878,0.9639949852289921
s1337,scapula_left,0.9131,shoulder_bone,0.9774732911731873,0.9709317824569669,0.9649119928311246,0.9834930807990295,0.9672171353394439,0.9811879382907103,0.9641742816567986
s1337,scapula_right,0.9523,shoulder_bone,0.9177988105954453,0.9705810750558574,0.9052375122533827,0.9831423733979201,0.9075426547617019,0.9808372308896008,0.9399781577861531
s1337,small_bowel,0.9191,digestive,0.7518597023315494,0.9645456971506223,0.7392984039894868,0.977106995492685,0.7158547561247856,1.0,0.9024292529565484
s1337,spinal_cord,0.9326,neuro,0.9089978668787501,0.9451366402336585,0.8964365685366874,0.9576979385757212,0.9033164889896069,0.9508180181228016,0.9384770161131787
s1337,spleen,0.9566,solid_abdominal,0.9649056741529847,0.9803392494746134,0.952344375810922,0.992900547816676,0.9527765916803522,0.9924683319472458,0.9794193926503735
s1337,sternum,0.9396,shoulder_bone,0.9339896224745585,0.9556601071291766,0.9214283241324959,0.9682214054712392,0.9237334666408151,0.96591626296292,0.9282396985026272
s1337,stomach,0.9187,digestive,0.8933863105458749,0.9673984829915384,0.8808250122038123,0.9799597813336011,0.857381364339111,1.0,0.9274023327275187
s1337,subclavian_artery_left,0.8576,great_vessel,0.8459387725472979,0.9362115849524008,0.8333774742052352,0.9487728832944634,0.8077716876469516,0.974378669852747,0.8916669671507897
s1337,subclavian_artery_right,0.8518,great_vessel,0.8399459218722234,0.9367413351173336,0.8273846235301607,0.9493026334593963,0.8017788369718771,0.9749084200176799,0.9012200741326634
s1337,superior_vena_cava,0.9261,great_vessel,0.7884636689935204,0.9286023098522057,0.7759023706514577,0.9411636081942684,0.7502965840931741,0.966769394752552,0.8793101527831275
s1337,thyroid_gland,0.7772,airway_neck,0.7858609905056617,0.9422820383504041,0.7732996921635991,0.9548433366924668,0.7309348161845436,0.9972082126715223,0.9268257364654292
s1337,trachea,0.9264,airway_neck,0.8613227646120337,0.9819782433661447,0.8487614662699711,0.9945395417082074,0.8063965902909156,1.0,0.9537515376909457
s1337,vertebrae_C6,0.8846,vertebrae,0.10234080478488211,0.9264325476284275,0.08977950644281946,0.9389938459704902,0.0931402876505189,0.9356330647627907,0.7782253420348507
s1337,vertebrae_C7,0.9325,vertebrae,0.9348896111025577,0.965311015990182,0.9223283127604951,0.9778723143322446,0.9256890939681945,0.9745115331245452,0.9258246328111714
s1337,vertebrae_L1,0.9875,vertebrae,0.9762382230608808,0.9872407308807125,0.9636769247188182,0.9998020292227752,0.9670377059265176,0.9964412480150757,0.982654937150069
s1337,vertebrae_L2,0.9832,vertebrae,0.935904228285177,0.9827249159079614,0.9233429299431144,0.9952862142500241,0.9267037111508138,0.9919254330423246,0.96749563511959
s1337,vertebrae_T1,0.9699,vertebrae,0.9363601785423342,0.975573220480806,0.9237988802002716,0.9881345188228686,0.927159661407971,0.9847737376151692,0.9737157324078904
s1337,vertebrae_T10,0.9836,vertebrae,0.959862050798415,0.9838789126788638,0.9473007524563524,0.9964402110209265,0.9506615336640518,0.993079429813227,0.9737989930408336
s1337,vertebrae_T11,0.9833,vertebrae,0.9766281074504786,0.9842244283318691,0.9640668091084159,0.9967857266739317,0.9674275903161154,0.9934249454662323,0.9782015837287842
s1337,vertebrae_T12,0.9854,vertebrae,0.9597170883292137,0.9844081556630307,0.947155789987151,0.9969694540050934,0.9505165711948504,0.993608672797394,0.9733205258058251
s1337,vertebrae_T2,0.9749,vertebrae,0.9412295172183931,0.9797733742005187,0.9286682188763304,0.9923346725425813,0.9320290000840299,0.9889738913348819,0.9721348713567634
s1337,vertebrae_T3,0.9742,vertebrae,0.9578548071800286,0.9835793573484877,0.9452935088379659,0.9961406556905503,0.9486542900456654,0.9927798744828509,0.9738250059464723
s1337,vertebrae_T4,0.9735,vertebrae,0.9521668252044162,0.9817254418390026,0.9396055268623535,0.9942867401810652,0.942966308070053,0.9909259589733658,0.9729261398541443
s1337,vertebrae_T5,0.9756,vertebrae,0.9524699912230953,0.9826352955059066,0.9399086928810326,0.9951965938479692,0.9432694740887321,0.9918358126402698,0.9766541762298544
s1337,vertebrae_T6,0.9787,vertebrae,0.9524342210963419,0.9808897118293106,0.9398729227542792,0.9934510101713733,0.9432337039619787,0.9900902289636738,0.9667008912670096
s1337,vertebrae_T7,0.9806,vertebrae,0.9666278153242855,0.9824457956015431,0.9540665169822229,0.9950070939436058,0.9574272981899223,0.9916463127359063,0.9749291026521962
s1337,vertebrae_T8,0.9814,vertebrae,0.9494692890978279,0.9848272866199372,0.9369079907557653,0.9973885849619999,0.9402687719634647,0.9940278037543004,0.9709843467380901
s1337,vertebrae_T9,0.9835,vertebrae,0.960432829118863,0.985428746127719,0.9478715307768003,0.9979900444697817,0.9512323119844998,0.9946292632620822,0.9739118450909438
s1286,aorta,0.3432,great_vessel,0.6850193634437953,0.93525144608694,0.6724580651017327,0.9478127444290027,0.6468522785434491,0.9734185309872863,0.8531642619941137
s1286,autochthon_left,0.9636,muscle,0.8854241236896908,0.9723126307719737,0.8728628253476282,0.9848739291140364,0.8774374377184957,0.9802993167431688,0.9430596059098916
s1286,autochthon_right,0.9633,muscle,0.8963088557982897,0.9643727965746691,0.883747557456227,0.9769340949167318,0.8883221698270946,0.9723594825458642,0.9263420840061948
s1286,colon,0.8793,digestive,0.9387682648889722,0.9671382852452385,0.9262069665469096,0.9796995835873011,0.9027633186822084,1.0,0.936761185722836
s1286,costal_cartilages,0.7876,costal_cartilage,0.8696780582772322,0.9187059956635105,0.8571167599351696,0.9312672940055732,0.8348229681295274,0.9535610858112153,0.8688469935386277
s1286,duodenum,0.5138,digestive,0.7632868340423851,0.9172390561092609,0.7507255357003224,0.9298003544513236,0.7272818878356212,0.9532440023160248,0.845381379766858
s1286,gallbladder,0.8959,solid_abdominal,0.8586294384184013,0.9454267560702392,0.8460681400763387,0.9579880544123018,0.8465003559457689,0.9575558385428716,0.8728792469864056
s1286,iliopsoas_left,0.9317,muscle,0.753043516606604,0.9432320894810962,0.7404822182645413,0.9557933878231588,0.7450568306354088,0.9512187754522913,0.8888181309883502
s1286,iliopsoas_right,0.9386,muscle,0.7615816690440416,0.9440088350840711,0.7490203707019789,0.9565701334261337,0.7535949830728464,0.9519955210552662,0.8874980860672738
s1286,inferior_vena_cava,0.0856,great_vessel,0.5946437121128556,0.9278890315957861,0.582082413770793,0.9404503299378487,0.5564766272125093,0.9660561164961323,0.7388103000958164
s1286,kidney_left,0.8033,urinary,0.8602076352223319,0.9677998393731959,0.8476463368802692,0.9803611377152586,0.8042319008822267,1.0,0.8957089461405868
s1286,kidney_right,0.8352,urinary,0.9073095093727396,0.9713032912988819,0.8947482110306769,0.9838645896409446,0.8513337750326344,1.0,0.9286032863736109
s1286,liver,0.8789,solid_abdominal,0.9018593769529147,0.9664324941189321,0.8892980786108521,0.9789937924609947,0.8897302944802823,0.9785615765915645,0.922639515517377
s1286,pancreas,0.0,solid_abdominal,0.08422017721534789,0.8637453527689266,0.07165887887328523,0.8763066511109893,0.07209109474271544,0.8758744352415591,0.5737401431448412
s1286,rib_left_10,0.5682,rib,0.34563174731883195,0.9378324192925157,0.3330704489767693,0.9503937176345784,0.3321401640093715,0.9513240026019761,0.6859600606246488
s1286,rib_left_11,0.9125,rib,0.8595744475301256,0.9655891704534185,0.8470131491880629,0.9781504687954812,0.8460828642206651,0.979080753762879,0.9273983951065492
s1286,rib_left_12,0.9602,rib,0.8555276850989679,0.9675099520640701,0.8429663867569053,0.9800712504061327,0.8420361017895075,0.9810015353735305,0.9566951191931322
s1286,rib_left_8,0.8423,rib,0.12787127041207216,0.8979138269845873,0.11530997207000951,0.91047512532665,0.11437968710261173,0.9114054102940478,0.6659825218656054
s1286,rib_left_9,0.377,rib,0.438077256374516,0.9261960498914126,0.42551595803245335,0.9387573482334752,0.42458567306505557,0.939687633200873,0.7047235538238362
s1286,rib_right_10,0.654,rib,0.5407029702988682,0.9219809239700008,0.5281416719568055,0.9345422223120634,0.5272113869894077,0.9354725072794612,0.7633230378854231
s1286,rib_right_11,0.7341,rib,0.8277527277893699,0.9689468805798355,0.8151914294473073,0.9815081789218981,0.8142611444799095,0.9824384638892959,0.9392817884128147
s1286,rib_right_12,0.9638,rib,0.8343505829206617,0.9724227123291376,0.821789284578599,0.9849840106712002,0.8208589996112012,0.985914295638598,0.9606513151499526
s1286,rib_right_8,0.7077,rib,0.5043383336780208,0.9401924029189633,0.4917770353359582,0.952753701261026,0.4908467503685604,0.9536839862284238,0.8557400463541736
s1286,rib_right_9,0.8327,rib,0.4848227872426857,0.9063917682546839,0.472261488900623,0.9189530665967466,0.47133120393322525,0.9198833515641444,0.7384297088661489
s1286,small_bowel,0.3706,digestive,0.6927238225316124,0.9292258790984191,0.6801625241895497,0.9417871774404818,0.6567188763248485,0.965230825305183,0.8395323595265344
s1286,spinal_cord,0.9641,neuro,0.8001272058340672,0.9417030946877978,0.7875659074920045,0.9542643930298604,0.794445827944924,0.9473844725769409,0.9081447361213096
s1286,vertebrae_L1,0.8437,vertebrae,0.7724663468283748,0.9747784286046212,0.7599050484863121,0.9873397269466838,0.7632658296940116,0.9839789457389844,0.9628663169311725
s1286,vertebrae_L2,0.6471,vertebrae,0.683754341600035,0.9362038528333338,0.6711930432579724,0.9487651511753965,0.6745538244656718,0.9454043699676971,0.882053349853127
s1286,vertebrae_L3,0.5035,vertebrae,0.6947010975033265,0.9326502493795168,0.6821397991612639,0.9452115477215794,0.6855005803689633,0.94185076651388,0.9100802459232487
s1286,vertebrae_L4,0.0086,vertebrae,0.8911848905682189,0.9491714906973735,0.8786235922261563,0.9617327890394362,0.8819843734338557,0.9583720078317367,0.946642705374652
s1260,brain,0.9789,neuro,0.9597568809761411,0.9774470836874436,0.9412569290051745,0.9959470356584101,0.9387986321595554,0.9984053325040293,0.9710528840128232
s1260,skull,0.9352,neuro,0.961162105775375,0.9748506980711928,0.9426621538044084,0.9933506500421594,0.9402038569587893,0.9958089468877785,0.941284159825865
s1260,spinal_cord,0.6934,neuro,0.8453878556253739,0.8921806797428213,0.8268879036544073,0.9106806317137879,0.8244296068087882,0.913138928559407,0.8088787411780224
s1260,vertebrae_C1,0.9161,vertebrae,0.675587429095827,0.9685183932282612,0.6570874771248605,0.9870183451992277,0.6572065022138922,0.986899320110196,0.9388628602325292
s1260,vertebrae_C2,0.8789,vertebrae,0.3212407240062146,0.9349918487792569,0.3027407720352481,0.9534918007502234,0.3028597971242798,0.9533727756611917,0.9215691066955846
s1305,adrenal_gland_left,0.9214,urinary,0.8229508280807135,0.9032671513576448,0.808082179472905,0.9181357999654534,0.8062637856939588,0.9199541937443995,0.778086763173956
s1305,adrenal_gland_right,0.8849,urinary,0.6749454981580637,0.9001452096842396,0.6600768495502551,0.9150138582920482,0.658258455771309,0.9168322520709943,0.7899597090414959
s1305,aorta,0.9805,great_vessel,0.9528380462564819,0.9822589029458675,0.9379693976486734,0.997127551553676,0.9383213426182916,0.9967756065840578,0.9745968510641907
s1305,atrial_appendage_left,0.948,heart,0.8645659398140056,0.9527169819532934,0.8496972912061971,0.9675856305611019,0.8532561306458802,0.9640267911214188,0.932005076370029
s1305,autochthon_left,0.9499,muscle,0.9499997100733188,0.966926140158665,0.9351310614655103,0.9817947887664735,0.9416426736023473,0.9752831766296365,0.9529566802052492
s1305,autochthon_right,0.9569,muscle,0.9525375341926658,0.9631278811741355,0.9376688855848573,0.9779965297819441,0.9441804977216943,0.971484917645107,0.9551815137157454
s1305,brachiocephalic_trunk,0.9329,great_vessel,0.8943171365150488,0.9541789968600214,0.8794484879072403,0.96904764546783,0.8798004328768585,0.9686957004982117,0.9193194768723493
s1305,brachiocephalic_vein_left,0.9644,great_vessel,0.8920724157084019,0.9665143154823763,0.8772037671005933,0.9813829640901849,0.8775557120702115,0.9810310191205667,0.9357708120052302
s1305,brachiocephalic_vein_right,0.8966,great_vessel,0.8629376710511806,0.9358216539820379,0.848069022443372,0.9506903025898464,0.8484209674129902,0.9503383576202282,0.8736283311015622
s1305,clavicula_left,0.958,shoulder_bone,0.9495675956535541,0.9687910321107198,0.9346989470457455,0.9836596807185284,0.9390738392420657,0.9792847885222082,0.9620482006156028
s1305,clavicula_right,0.9624,shoulder_bone,0.932060142185773,0.9681089809016353,0.9171914935779645,0.9829776295094439,0.9215663857742846,0.9786027373131237,0.9586703476332834
s1305,colon,0.9262,digestive,0.8969574958274554,0.9523777580443771,0.8820888472196469,0.9672464066521856,0.8318157528341523,1.0,0.9304994047505305
s1305,common_carotid_artery_left,0.917,great_vessel,0.707687745874597,0.9478051373558182,0.6928190972667885,0.9626737859636267,0.6931710422364067,0.9623218409940085,0.9254000281851844
s1305,common_carotid_artery_right,0.9547,great_vessel,0.7603142256310647,0.9453173114771748,0.7454455770232561,0.9601859600849834,0.7457975219928743,0.9598340151153651,0.916002422320969
s1305,costal_cartilages,0.8215,costal_cartilage,0.7634408005608376,0.8869069914346875,0.7485721519530291,0.9017756400424961,0.7469998839585379,0.9033479080369873,0.7813274098835143
s1305,duodenum,0.814,digestive,0.8137366112077702,0.9438213258670809,0.7988679625999616,0.9586899744748895,0.7485948682144671,1.0,0.9039956367031161
s1305,esophagus,0.9155,digestive,0.9344957241333461,0.9443364662988228,0.9196270755255376,0.9592051149066314,0.869353981140043,1.0,0.9166905465725371
s1305,gallbladder,0.8491,solid_abdominal,0.7615808360553341,0.9099569460936059,0.7467121874475255,0.9248255947014145,0.7424310132396547,0.9291067689092853,0.8416728837648597
s1305,gluteus_medius_right,0.0,muscle,0.03413949080105449,0.8572797081812047,0.019270842193245923,0.8721483567890133,0.025782454330082964,0.8656367446521762,0.012337420138423127
s1305,heart,0.9442,heart,0.9671415753652746,0.979488966513756,0.952272926757466,0.9943576151215646,0.9558317661971492,0.9907987756818815,0.9625688539506057
s1305,hip_left,0.9052,pelvic_bone,0.3220820071105318,0.8925451125211906,0.30721335850272324,0.9074137611289992,0.3151206566859761,0.8995064629457463,0.7538740756529888
s1305,hip_right,0.946,pelvic_bone,0.7368840301154512,0.9519021548757105,0.7220153815076427,0.9667708034835191,0.7299226796908955,0.9588635053002662,0.9530542621455529
s1305,humerus_left,0.9614,shoulder_bone,0.8597581400753624,0.9668728982102796,0.8448894914675539,0.9817415468180881,0.849264383663874,0.977366654621768,0.9732094628281616
s1305,humerus_right,0.9565,shoulder_bone,0.9316601874687698,0.9702250797607026,0.9167915388609612,0.9850937283685112,0.9211664310572814,0.980718836172191,0.9657148149258225
s1305,iliac_artery_left,0.959,great_vessel,0.8555314328774295,0.9455983475937796,0.8406627842696209,0.9604669962015882,0.8410147292392391,0.9601150512319699,0.9276025838764593
s1305,iliac_artery_right,0.8546,great_vessel,0.7575242576934611,0.9460798509646312,0.7426556090856525,0.9609484995724398,0.7430075540552707,0.9605965546028216,0.9226985762298993
s1305,iliac_vena_left,0.8056,great_vessel,0.2879967066721821,0.8632928532836419,0.2731280580643735,0.8781615018914505,0.2734800030339917,0.8778095569218323,0.606149694906929
s1305,iliac_vena_right,0.55,great_vessel,0.2718334936466007,0.8551828561448298,0.25696484503879213,0.8700515047526384,0.25731679000841035,0.8696995597830202,0.5521833713812148
s1305,iliopsoas_left,0.9577,muscle,0.9390720266852719,0.9567224616592308,0.9242033780774633,0.9715911102670394,0.9307149902143004,0.9650794981302023,0.9370097061626373
s1305,iliopsoas_right,0.9633,muscle,0.9465861997539166,0.9556885497001427,0.931717551146108,0.9705571983079513,0.938229163282945,0.9640455861711142,0.9283499965496702
s1305,inferior_vena_cava,0.8652,great_vessel,0.9090009324708765,0.9467244828461383,0.894132283863068,0.9615931314539469,0.8944842288326862,0.9612411864843287,0.9115732460988014
s1305,kidney_left,0.6707,urinary,0.8192098495427566,0.9067078518235948,0.804341200934948,0.9215765004314034,0.8025228071560019,0.9233948942103495,0.860719640805267
s1305,kidney_right,0.9704,urinary,0.9498756772050703,0.9784558099945996,0.9350070285972617,0.9933244586024081,0.9331886348183156,0.9951428523813542,0.9750861240384906
s1305,liver,0.9835,solid_abdominal,0.9338702955767548,0.9740979950693163,0.9190016469689463,0.9889666436771248,0.9147204727610754,0.9932478178849957,0.9615219845919059
s1305,lung_lower_lobe_left,0.9885,lung,0.9631016577782178,0.9786832897978189,0.9482330091704092,0.9935519384056275,0.9470634852519978,0.9947214623240389,0.9747595820566294
s1305,lung_lower_lobe_right,0.9846,lung,0.9122736800565281,0.9782496365895171,0.8974050314487195,0.9931182851973257,0.8962355075303081,0.9942878091157371,0.9493504644335107
s1305,lung_middle_lobe_right,0.9452,lung,0.9483853414709611,0.9805811892216185,0.9335166928631525,0.9954498378294271,0.9323471689447411,0.9966193617478385,0.9703252692679428
s1305,lung_upper_lobe_left,0.9933,lung,0.9861837692583,0.9908352106563645,0.9713151206504914,1.0,0.97014559673208,1.0,0.9882235242884851
s1305,lung_upper_lobe_right,0.9783,lung,0.9679100278111538,0.987948465622203,0.9530413792033452,1.0,0.9518718552849338,1.0,0.9875687664908228
s1305,pancreas,0.8029,solid_abdominal,0.695118329965579,0.9270081048325601,0.6802496813577704,0.9418767534403687,0.6759685071498995,0.9461579276482396,0.8502262453486712
s1305,portal_vein_and_splenic_vein,0.726,great_vessel,0.8760997762723628,0.9311574840886575,0.8612311276645542,0.9460261326964661,0.8615830726341724,0.9456741877268479,0.8745638986949961
s1305,pulmonary_vein,0.9114,great_vessel,0.5590248685247938,0.9483588841198736,0.5441562199169853,0.9632275327276821,0.5445081648866035,0.9628755877580639,0.7863714562303097
s1305,rib_left_1,0.7362,rib,0.5344069022722637,0.9243124833412384,0.5195382536644552,0.939181131949047,0.5161273098859195,0.9425920757275826,0.7069557005142248
s1305,rib_left_10,0.9315,rib,0.9177614556298945,0.9601914380216086,0.902892807022086,0.9750600866294171,0.8994818632435503,0.9784710304079528,0.9540703782429187
s1305,rib_left_11,0.9644,rib,0.938789118902169,0.9611076451965392,0.9239204702943604,0.9759762938043478,0.9205095265158247,0.9793872375828835,0.9494273169777575
s1305,rib_left_12,0.6807,rib,0.3939696581175676,0.9093713118294332,0.37910100950975906,0.9242399604372418,0.3756900657312234,0.9276509042157774,0.663661946506545
s1305,rib_left_2,0.8305,rib,0.822293079597094,0.954028400064939,0.8074244309892854,0.9688970486727476,0.8040134872107497,0.9723079924512833,0.9516629558344678
s1305,rib_left_3,0.9303,rib,0.9023435365696832,0.9595240428641957,0.8874748879618747,0.9743926914720042,0.884063944183339,0.9778036352505399,0.9489930625276493
s1305,rib_left_4,0.9062,rib,0.8965761975766178,0.9574821484512,0.8817075489688092,0.9723507970590086,0.8782966051902735,0.9757617408375443,0.9497383719772368
s1305,rib_left_5,0.9472,rib,0.9132691315171668,0.9580502358544727,0.8984004829093583,0.9729188844622813,0.8949895391308226,0.9763298282408169,0.9544788582674317
s1305,rib_left_6,0.9522,rib,0.8952854891142643,0.9660154079651144,0.8804168405064557,0.980884056572923,0.8770058967279201,0.9842950003514587,0.9582998358319216
s1305,rib_left_7,0.9626,rib,0.9173611328769067,0.9647827558428375,0.9024924842690981,0.979651404450646,0.8990815404905624,0.9830623482291817,0.9713487153432909
s1305,rib_left_8,0.9617,rib,0.9305758716447753,0.9617569993908499,0.9157072230369667,0.9766256479986585,0.912296279258431,0.9800365917771942,0.9645864441595765
s1305,rib_left_9,0.9498,rib,0.9280404147267597,0.9577068610809067,0.9131717661189511,0.9725755096887153,0.9097608223404154,0.975986453467251,0.9536081184025484
s1305,rib_right_1,0.8599,rib,0.8914159463479424,0.9574824537669586,0.8765472977401338,0.9723511023747672,0.8731363539615982,0.9757620461533029,0.9284203807629514
s1305,rib_right_10,0.8452,rib,0.9224875866028469,0.963668597876069,0.9076189379950383,0.9785372464838775,0.9042079942165027,0.9819481902624132,0.9520520674929008
s1305,rib_right_11,0.8689,rib,0.9154755436743184,0.9641353044807309,0.9006068950665098,0.9790039530885395,0.8971959512879741,0.9824148968670752,0.9459132699002218
s1305,rib_right_12,0.8997,rib,0.7323788275772698,0.9390265759279418,0.7175101789694612,0.9538952245357504,0.7140992351909256,0.957306168314286,0.8794519587905859
s1305,rib_right_2,0.9636,rib,0.9590751005952767,0.9632003227157662,0.9442064519874681,0.9780689713235747,0.9407955082089324,0.9814799151021104,0.9558923226057517
s1305,rib_right_3,0.9451,rib,0.9082722756545787,0.9610875206606252,0.8934036270467701,0.9759561692684338,0.8899926832682344,0.9793671130469694,0.9538575078059917
s1305,rib_right_4,0.9331,rib,0.9134407925681364,0.9607628376108017,0.8985721439603278,0.9756314862186103,0.8951612001817921,0.979042429997146,0.9606405981808804
s1305,rib_right_5,0.9534,rib,0.8802802158701242,0.9650245345981759,0.8654115672623156,0.9798931832059845,0.8620006234837799,0.9833041269845202,0.9616021188124231
s1305,rib_right_6,0.9597,rib,0.8674930522162815,0.9674932318705713,0.8526244036084729,0.9823618804783799,0.8492134598299372,0.9857728242569156,0.9629849774018644
s1305,rib_right_7,0.9592,rib,0.8992809279011773,0.965362984264181,0.8844122792933687,0.9802316328719896,0.8810013355148331,0.9836425766505252,0.9616249017326203
s1305,rib_right_8,0.8984,rib,0.8920819407562832,0.9635988322028191,0.8772132921484747,0.9784674808106276,0.873802348369939,0.9818784245891633,0.9561407342735504
s1305,rib_right_9,0.8532,rib,0.657230295269474,0.9051621378445734,0.6423616466616654,0.920030786452382,0.6389507028831297,0.9234417302309177,0.8322951432002202
s1305,scapula_left,0.9538,shoulder_bone,0.9100860004728043,0.9708611745255363,0.8952173518649957,0.9857298231333449,0.8995922440613159,0.9813549309370247,0.9606090720375988
s1305,scapula_right,0.9413,shoulder_bone,0.931121092680362,0.9720945685021447,0.9162524440725535,0.9869632171099533,0.9206273362688736,0.9825883249136331,0.9574538080038355
s1305,skull,0.9646,neuro,0.8214532601738264,0.9412715699590438,0.8065846115660178,0.9561402185668524,0.8136420088692238,0.9490828212636464,0.9416927715180622
s1305,small_bowel,0.8707,digestive,0.9021745727082031,0.9547322655160198,0.8873059241003945,0.9696009141238283,0.8370328297149,1.0,0.9356165744197605
s1305,spinal_cord,0.9395,neuro,0.9244192141421228,0.9499574992469978,0.9095505655343142,0.9648261478548064,0.9166079628375202,0.9577687505516004,0.9234522820158031
s1305,spleen,0.9718,solid_abdominal,0.9514445922014452,0.9807292842025979,0.9365759435936366,0.9955979328104064,0.9322947693857657,0.9998791070182773,0.9780090649029992
s1305,sternum,0.8891,shoulder_bone,0.9194522402094478,0.9640166568413413,0.9045835916016393,0.9788853054491499,0.9089584837979594,0.9745104132528297,0.9463523312441279
s1305,stomach,0.9518,digestive,0.850149341717906,0.9373677794370713,0.8352806931100974,0.9522364280448798,0.7850075987246029,1.0,0.9004412498673972
s1305,subclavian_artery_left,0.7697,great_vessel,0.40139732076034207,0.9130804034999022,0.3865286721525335,0.9279490521077107,0.3868806171221517,0.9275971071380925,0.6807363767442058
s1305,subclavian_artery_right,0.7937,great_vessel,0.38586153088351377,0.913422341915313,0.3709928822757052,0.9282909905231216,0.3713448272453234,0.9279390455535034,0.7767208231312228
s1305,superior_vena_cava,0.9543,great_vessel,0.902969762508756,0.966677735144477,0.8881011139009475,0.9815463837522855,0.8884530588705657,0.9811944387826673,0.9220427763892257
s1305,thyroid_gland,0.8305,airway_neck,0.4883880733731414,0.9163254918480056,0.4735194247653328,0.9311941404558142,0.4775144438680361,0.9271991213531109,0.7026019747601601
s1305,trachea,0.9735,airway_neck,0.9126199415402165,0.9701454787410567,0.897751292932408,0.9850141273488653,0.9017463120351112,0.981019108246162,0.9517686499346517
s1305,vertebrae_C5,0.8368,vertebrae,0.758017263199261,0.9420537895630734,0.7431486145914524,0.956922438170882,0.7426560411569814,0.957415011605353,0.9913240750359177
s1305,vertebrae_C6,0.9116,vertebrae,0.8591322679817495,0.9577822951193689,0.8442636193739409,0.9726509437271774,0.8437710459394698,0.9731435171616485,0.9797426526334657
s1305,vertebrae_C7,0.9498,vertebrae,0.7383044077006,0.9523214488364042,0.7234357590927915,0.9671900974442128,0.7229431856583204,0.9676826708786839,0.9023105662678594
s1305,vertebrae_L1,0.9765,vertebrae,0.7099223605958948,0.9587173764407413,0.6950537119880862,0.9735860250485499,0.6945611385536151,0.9740785984830209,0.8921989329180808
s1305,vertebrae_L2,0.9822,vertebrae,0.9715893153608532,0.9814109992304012,0.9567206667530447,0.9962796478382098,0.9562280933185736,0.9967722212726808,0.9704503161711506
s1305,vertebrae_L3,0.9831,vertebrae,0.9262711143245503,0.971528811040666,0.9114024657167418,0.9863974596484746,0.9109098922822707,0.9868900330829457,0.9456223119193992
s1305,vertebrae_L4,0.9777,vertebrae,0.9724558346928632,0.9777720687667658,0.9575871860850547,0.9926407173745744,0.9570946126505836,0.9931332908090454,0.9753420937448802
s1305,vertebrae_L5,0.8468,vertebrae,0.3653128827984657,0.9316980741108453,0.3504442341906571,0.9465667227186538,0.34995166075618606,0.9470592961531249,0.665167304585994
s1305,vertebrae_T1,0.9579,vertebrae,0.9340208683724416,0.9704364985178764,0.919152219764633,0.985305147125685,0.918659646330162,0.985797720560156,0.9656856236531327
s1305,vertebrae_T10,0.922,vertebrae,0.5368334260837592,0.9455230683303094,0.5219647774759506,0.960391716938118,0.5214722040414795,0.960884290372589,0.7601944263715105
s1305,vertebrae_T11,0.8609,vertebrae,0.7340072036835837,0.9564768610368879,0.7191385550757752,0.9713455096446965,0.7186459816413041,0.9718380830791675,0.8986283464539592
s1305,vertebrae_T12,0.8885,vertebrae,0.5425242660032992,0.936464645311052,0.5276556173954906,0.9513332939188606,0.5271630439610195,0.9518258673533316,0.7174948023713189
s1305,vertebrae_T2,0.9637,vertebrae,0.9494781896925517,0.9701133164135612,0.9346095410847431,0.9849819650213698,0.9341169676502721,0.9854745384558409,0.9688805337988015
s1305,vertebrae_T3,0.9695,vertebrae,0.9469961479546034,0.9710630908430993,0.9321274993467948,0.9859317394509078,0.9316349259123238,0.9864243128853789,0.9535982101248289
s1305,vertebrae_T4,0.9725,vertebrae,0.9244599246409284,0.973557374163116,0.9095912760331198,0.9884260227709246,0.9090987025986488,0.9889185962053957,0.9709011274832111
s1305,vertebrae_T5,0.9703,vertebrae,0.9348246350013661,0.9733034129867933,0.9199559863935576,0.9881720615946019,0.9194634129590865,0.988664635029073,0.9576053487630252
s1305,vertebrae_T6,0.9754,vertebrae,0.954565098864632,0.9751042201001152,0.9396964502568235,0.9899728687079238,0.9392038768223524,0.9904654421423948,0.9687713305088755
s1305,vertebrae_T7,0.9425,vertebrae,0.9464799451154664,0.9750168593578069,0.9316112965076578,0.9898855079656155,0.9311187230731868,0.9903780814000865,0.9665482912369958
s1305,vertebrae_T8,0.6597,vertebrae,0.6362009347921695,0.9440665627308309,0.621332286184361,0.9589352113386395,0.6208397127498899,0.9594277847731105,0.8149006077135467
s1305,vertebrae_T9,0.7226,vertebrae,0.4713941278587701,0.942423633661141,0.45652547925096154,0.9572922822689496,0.4560329058164905,0.9577848557034206,0.6478148263860368
s1197,adrenal_gland_right,0.0,urinary,0.010258720614183921,0.8326063315849891,0.0,0.8430920460388546,0.0,0.8455111621181304,0.13373548102717484
s1197,aorta,0.9698,great_vessel,0.9476714914945369,0.9830455074608178,0.9371857770406714,0.9935312219146832,0.9363806391841334,0.9943363597712213,0.9603604335136599
s1197,atrial_appendage_left,0.9408,heart,0.8413894181367352,0.9466904073190691,0.8309037036828697,0.9571761217729345,0.8268312675269599,0.9612485579288443,0.929451044138315
s1197,autochthon_left,0.9069,muscle,0.9412531240076539,0.9490559171506106,0.9307674095537884,0.959541631604476,0.9379565981107939,0.9523524430474706,0.9432848991914436
s1197,autochthon_right,0.9163,muscle,0.9417336701057354,0.9495324338685377,0.9312479556518699,0.9600181483224032,0.9384371442088754,0.9528289597653977,0.9389032276557229
s1197,brachiocephalic_trunk,0.9056,great_vessel,0.8181598167603534,0.9395737623300726,0.807674102306488,0.9500594767839381,0.8068689644499499,0.9508646146404761,0.9346966817189764
s1197,brachiocephalic_vein_left,0.939,great_vessel,0.8521095717334143,0.9375473233240385,0.8416238572795488,0.9480330377779039,0.8408187194230108,0.948838175634442,0.9336572163188913
s1197,brachiocephalic_vein_right,0.9143,great_vessel,0.7543877687043874,0.9222967043970213,0.7439020542505219,0.9327824188508868,0.7430969163939839,0.9335875567074248,0.9063187760085216
s1197,clavicula_left,0.9667,shoulder_bone,0.9255941160155976,0.9719901438762483,0.9151084015617321,0.9824758583301137,0.9163781404596215,0.9812061194322244,0.9668548987215314
s1197,clavicula_right,0.9564,shoulder_bone,0.9018986798305699,0.9638769028142293,0.8914129653767044,0.9743626172680948,0.8926827042745938,0.9730928783702054,0.9492905278554128
s1197,common_carotid_artery_left,0.9301,great_vessel,0.7613599080638142,0.9255655079861465,0.7508741936099487,0.9360512224400119,0.7500690557534107,0.93685636029655,0.9024912232913421
s1197,common_carotid_artery_right,0.8047,great_vessel,0.6257115154651759,0.9131069468967222,0.6152258010113104,0.9235926613505877,0.6144206631547724,0.9243977992071257,0.8788570277189891
s1197,costal_cartilages,0.8341,costal_cartilage,0.8313016561268036,0.9189359314054079,0.8208159416729381,0.9294216458592733,0.769203940915371,0.9810336466168404,0.8345805470268727
s1197,esophagus,0.7462,digestive,0.7779201980412717,0.89801048723912,0.7674344835874062,0.9084962016929855,0.6988352585659908,0.9770954267144009,0.7494873982156177
s1197,heart,0.9395,heart,0.9455886830265411,0.9735523833694965,0.9351029685726756,0.9840380978233619,0.9310305324167658,0.9881105339792717,0.9507729906463809
s1197,humerus_left,0.9581,shoulder_bone,0.9189845056170707,0.9708251771506886,0.9084987911632052,0.9813108916045541,0.9097685300610946,0.9800411527066647,0.9652704076600577
s1197,humerus_right,0.9418,shoulder_bone,0.9502394381060787,0.9778102713718347,0.9397537236522132,0.9882959858257002,0.9410234625501026,0.9870262469278108,0.9718422253607889
s1197,inferior_vena_cava,0.5569,great_vessel,0.798955213737071,0.9340389846937082,0.7884694992832055,0.9445246991475736,0.7876643614266675,0.9453298370041117,0.8813548889656141
s1197,kidney_right,0.7122,urinary,0.8177518315707857,0.9388751119103672,0.8072661171169202,0.9493608263642327,0.8048470010376444,0.9517799424435085,0.8816446164553043
s1197,liver,0.9463,solid_abdominal,0.7450077653429055,0.9612939921955053,0.73452205088904,0.9717797066493707,0.728200292671023,0.9781014648673877,0.9279546182100097
s1197,lung_lower_lobe_left,0.9903,lung,0.9896247397516893,0.9926351342605524,0.9791390252978238,1.0,0.9815922301382066,1.0,0.9892060980830216
s1197,lung_lower_lobe_right,0.9856,lung,0.98525566574718,0.9868975725742091,0.9747699512933146,0.9973832870280745,0.9772231561336974,0.9949300821876917,0.9847815649031202
s1197,lung_middle_lobe_right,0.9645,lung,0.9604969040944988,0.9819488219037135,0.9500111896406334,0.992434536357579,0.9524643944810162,0.9899813315171961,0.9703780091292122
s1197,lung_upper_lobe_left,0.992,lung,0.9843495087725872,0.9917461941395415,0.9738637943187217,1.0,0.9763169991591045,0.9997787037530241,0.9901383860913825
s1197,lung_upper_lobe_right,0.9866,lung,0.9809141214883657,0.98778782174533,0.9704284070345002,0.9982735361991955,0.972881611874883,0.9958203313588126,0.9782888852913408
s1197,pulmonary_vein,0.8707,great_vessel,0.8248082004822508,0.9376850388562653,0.8143224860283853,0.9481707533101308,0.8135173481718473,0.9489758911666688,0.9275446012347949
s1197,rib_left_1,0.9313,rib,0.8462505984605315,0.9580666955235059,0.835764884006666,0.9685524099773714,0.8332187635542727,0.9710985304297647,0.9088224763911127
s1197,rib_left_10,0.9605,rib,0.8893847621729064,0.9640683416018988,0.8788990477190409,0.9745540560557643,0.8763529272666476,0.9771001765081576,0.9564034584068946
s1197,rib_left_11,0.9165,rib,0.5973745501772437,0.9374357601203428,0.5868888357233782,0.9479214745742083,0.5843427152709849,0.9504675950266016,0.8770800508630175
s1197,rib_left_2,0.9645,rib,0.9390835812902404,0.9620810366619948,0.9285978668363749,0.9725667511158603,0.9260517463839816,0.9751128715682537,0.9513657642053278
s1197,rib_left_3,0.9651,rib,0.907922035369962,0.9643438697601665,0.8974363209160965,0.974829584214032,0.8948902004637032,0.9773757046664253,0.9631956397221345
s1197,rib_left_4,0.9763,rib,0.882173870178039,0.9682655104063502,0.8716881557241736,0.9787512248602157,0.8691420352717802,0.981297345312609,0.9613228913333568
s1197,rib_left_5,0.9749,rib,0.8742403126302665,0.959343536407557,0.863754598176401,0.9698292508614225,0.8612084777240077,0.9723753713138158,0.9537743101616215
s1197,rib_left_6,0.9717,rib,0.8952020316205542,0.9699751540019917,0.8847163171666887,0.9804608684558572,0.8821701967142954,0.9830069889082506,0.968412072138351
s1197,rib_left_7,0.9812,rib,0.9285478450523349,0.9710009503373652,0.9180621305984694,0.9814866647912307,0.9155160101460761,0.984032785243624,0.9654218256063917
s1197,rib_left_8,0.9708,rib,0.8547224947487332,0.9702548924353452,0.8442367802948677,0.9807406068892107,0.8416906598424744,0.983286727341604,0.9693962575780604
s1197,rib_left_9,0.9546,rib,0.9392306586795983,0.9715482138402207,0.9287449442257328,0.9820339282940862,0.9261988237733395,0.9845800487464795,0.9669283682488333
s1197,rib_right_1,0.9235,rib,0.787497156011646,0.958850904374724,0.7770114415577806,0.9693366188285895,0.7744653211053872,0.9718827392809828,0.9048226376529749
s1197,rib_right_10,0.9775,rib,0.7691090608432241,0.9629163541664347,0.7586233463893586,0.9734020686203002,0.7560772259369652,0.9759481890726935,0.9605311965374455
s1197,rib_right_11,0.8232,rib,0.46757956715959786,0.9360318663932099,0.4570938527057324,0.9465175808470754,0.45454773225333905,0.9490637012994687,0.8931952960743952
s1197,rib_right_2,0.9443,rib,0.9355240896963634,0.9639599350378409,0.9250383752424979,0.9744456494917064,0.9224922547901045,0.9769917699440998,0.9509312658497809
s1197,rib_right_3,0.9535,rib,0.9225297825285416,0.9608126857210412,0.9120440680746761,0.9712984001749067,0.9094979476222828,0.9738445206273,0.9572326505255485
s1197,rib_right_4,0.9633,rib,0.9576896045368015,0.964615209269028,0.947203890082936,0.9751009237228935,0.9446577696305427,0.9776470441752868,0.9697521809784103
s1197,rib_right_5,0.96,rib,0.960084446799057,0.9620526285142377,0.9495987323451915,0.9725383429681032,0.9470526118927982,0.9750844634204965,0.9689783905841424
s1197,rib_right_6,0.9678,rib,0.9663009155493812,0.9671712656243899,0.9558152010955158,0.9776569800782554,0.9532690806431224,0.9802031005306487,0.9668278847353464
s1197,rib_right_7,0.9819,rib,0.9068016799725049,0.9700568969498768,0.8963159655186395,0.9805426114037423,0.8937698450662461,0.9830887318561357,0.967448279414048
s1197,rib_right_8,0.9804,rib,0.8054903978550517,0.9728435280585408,0.7950046834011862,0.9833292425124063,0.7924585629487929,0.9858753629647996,0.9707354282747779
s1197,rib_right_9,0.9743,rib,0.7814818995036408,0.9692371374009624,0.7709961850497753,0.9797228518548279,0.768450064597382,0.9822689723072212,0.9645649044246632
s1197,scapula_left,0.9718,shoulder_bone,0.9522605196642129,0.9715878330461016,0.9417748052103474,0.9820735474999671,0.9430445441082368,0.9808038086020777,0.9611258619876902
s1197,scapula_right,0.9567,shoulder_bone,0.9585055303416778,0.9685720629626939,0.9480198158878124,0.9790577774165594,0.9492895547857018,0.97778803851867,0.9531521976474382
s1197,spinal_cord,0.9407,neuro,0.8867720914680337,0.9415809157355787,0.8762863770141682,0.9520666301894442,0.8711066951056112,0.9572463120980012,0.9265220227426321
s1197,spleen,0.9054,solid_abdominal,0.8451613116900765,0.9863093384326475,0.834675597236211,0.9967950528865129,0.828353839018194,1.0,0.9712056308004461
s1197,sternum,0.9319,shoulder_bone,0.929744930421757,0.9586984339672939,0.9192592159678915,0.9691841484211594,0.9205289548657809,0.96791440952327,0.9124731048239972
s1197,stomach,0.3286,digestive,0.662273883141012,0.9356066033768153,0.6517881686871465,0.9460923178306808,0.5831889436657312,1.0,0.850279198897495
s1197,subclavian_artery_left,0.8463,great_vessel,0.7450003815103398,0.891052452135602,0.7345146670564743,0.9015381665894675,0.7337095291999363,0.9023433044460055,0.8721014247283596
s1197,subclavian_artery_right,0.8731,great_vessel,0.6758853194703665,0.8945529833869192,0.665399605016501,0.9050386978407847,0.664594467159963,0.9058438356973227,0.8961257090081246
s1197,superior_vena_cava,0.9217,great_vessel,0.8211594262939905,0.9405729856706299,0.810673711840125,0.9510587001244953,0.809868573983587,0.9518638379810334,0.9085119515985414
s1197,thyroid_gland,0.8489,airway_neck,0.8659389481779866,0.9375477825853552,0.8554532337241211,0.9480334970392207,0.8684864092600741,0.9350003215032676,0.9118399239316614
s1197,trachea,0.9578,airway_neck,0.8294218525104069,0.9746229656431964,0.8189361380565414,0.9851086800970619,0.8319693135924945,0.9720755045611088,0.9609418305098602
s1197,vertebrae_C5,0.7931,vertebrae,0.26140745907865975,0.9419739779598805,0.2509217446247943,0.952459692413746,0.2525181114495983,0.9508633255889419,0.45396520604480456
s1197,vertebrae_C6,0.8343,vertebrae,0.7832433765654471,0.9502000219832375,0.7727576621115816,0.960685736437103,0.7743540289363856,0.959089369612299,0.9147188995968377
s1197,vertebrae_C7,0.8585,vertebrae,0.9177255169459716,0.9567617066056552,0.9072398024921061,0.9672474210595207,0.9088361693169101,0.9656510542347166,0.9463259154908167
s1197,vertebrae_T1,0.9269,vertebrae,0.9059984589526243,0.974312687725478,0.8955127444987588,0.9847984021793434,0.8971091113235629,0.9832020353545394,0.9736075858770118
s1197,vertebrae_T10,0.9808,vertebrae,0.9603642428553032,0.9858130922287154,0.9498785284014377,0.9962988066825809,0.9514748952262417,0.9947024398577768,0.9659766411826538
s1197,vertebrae_T11,0.9755,vertebrae,0.970576043344686,0.9891885503331951,0.9600903288908205,0.9996742647870606,0.9616866957156245,0.9980778979622565,0.9736528998738331
s1197,vertebrae_T12,0.9073,vertebrae,0.7637522886460154,0.93683964395172,0.7532665741921499,0.9473253584055855,0.754862941016954,0.9457289915807815,0.9181767698560113
s1197,vertebrae_T2,0.9519,vertebrae,0.9404692166901549,0.9725591838757631,0.9299835022362894,0.9830448983296286,0.9315798690610935,0.9814485315048246,0.9518149706848827
s1197,vertebrae_T3,0.969,vertebrae,0.9358780969293866,0.9676340433482443,0.9253923824755211,0.9781197578021098,0.9269887493003252,0.9765233909773058,0.9403226043301814
s1197,vertebrae_T4,0.9739,vertebrae,0.9357027670708379,0.9698376847436023,0.9252170526169724,0.9803233991974678,0.9268134194417764,0.9787270323726638,0.9425422158180112
s1197,vertebrae_T5,0.9707,vertebrae,0.917936893650654,0.9683418726559543,0.9074511791967885,0.9788275871098198,0.9090475460215925,0.9772312202850157,0.9439438632338446
s1197,vertebrae_T6,0.9713,vertebrae,0.9161734350449646,0.9699159565974462,0.9056877205910991,0.9804016710513117,0.9072840874159032,0.9788053042265077,0.9523263865126474
s1197,vertebrae_T7,0.9786,vertebrae,0.9570458551778944,0.9748491778465934,0.9465601407240289,0.9853348923004589,0.948156507548833,0.9837385254756549,0.9501699132817014
s1197,vertebrae_T8,0.9737,vertebrae,0.9526224185125394,0.9798883069293479,0.9421367040586739,0.9903740213832134,0.9437330708834779,0.9887776545584094,0.940547997365347
s1197,vertebrae_T9,0.9745,vertebrae,0.9183778940800312,0.9810378100856244,0.9078921796261658,0.9915235245394899,0.9094885464509698,0.9899271577146859,0.9602667738755308
s1238,adrenal_gland_left,0.852,urinary,0.7251543710519126,0.9173890870084669,0.71259307270985,0.9299503853505295,0.6691786367118074,0.973364821348572,0.8342265888251706
s1238,adrenal_gland_right,0.9007,urinary,0.910082525146276,0.9356737495442204,0.8975212268042133,0.9482350478862831,0.8541067908061708,0.9916494838843256,0.9186459448198496
s1238,aorta,0.9762,great_vessel,0.9646841231631333,0.9727079084251858,0.9521228248210707,0.9852692067672485,0.9265170382627871,1.0,0.9737431546641432
s1238,atrial_appendage_left,0.9168,heart,0.6637085015713239,0.9241075581267508,0.6511472032292612,0.9366688564688135,0.6471033231503144,0.9407127365477603,0.8277127760576682
s1238,autochthon_left,0.967,muscle,0.950740485149329,0.9649879095462908,0.9381791868072663,0.9775492078883534,0.9427537991781338,0.9729745955174859,0.95926546029031
s1238,autochthon_right,0.9545,muscle,0.9581923873559434,0.9656822829130149,0.9456310890138807,0.9782435812550776,0.9502057013847482,0.9736689688842101,0.9582277981785761
s1238,brachiocephalic_trunk,0.8921,great_vessel,0.7509683603176698,0.923924707302455,0.7384070619756071,0.9364860056445177,0.7128012754173235,0.9620917922028013,0.8973021386894814
s1238,brachiocephalic_vein_left,0.9412,great_vessel,0.9212466901071634,0.9416261906131519,0.9086853917651008,0.9541874889552145,0.8830796052068172,0.9797932755134982,0.9167201162598387
s1238,brachiocephalic_vein_right,0.9264,great_vessel,0.8742010972196455,0.9252099115077873,0.8616397988775828,0.93777120984985,0.8360340123192992,0.9633769964081336,0.9120761149826803
s1238,clavicula_left,0.9828,shoulder_bone,0.8910531674610904,0.9813681257241171,0.8784918691190278,0.9939294240661798,0.880797011627347,0.9916242815578605,0.9681844860559071
s1238,clavicula_right,0.9745,shoulder_bone,0.8582748706677876,0.9761632274635537,0.845713572325725,0.9887245258056163,0.8480187148340442,0.9864193832972971,0.9683911287278518
s1238,colon,0.8144,digestive,0.6678023552565724,0.9196271919833148,0.6552410569145097,0.9321884903253774,0.6317974090498085,0.9556321381900786,0.8453930192000819
s1238,common_carotid_artery_left,0.9486,great_vessel,0.8445591287170361,0.9238466466608878,0.8319978303749734,0.9364079450029504,0.8063920438166898,0.962013731561234,0.9048682600092539
s1238,common_carotid_artery_right,0.8978,great_vessel,0.7261076518432913,0.9319564202917867,0.7135463535012286,0.9445177186338494,0.687940566942945,0.970123505192133,0.8739874149925495
s1238,costal_cartilages,0.8942,costal_cartilage,0.9326705745642432,0.909267981919161,0.9201092762221805,0.9218292802612237,0.8978154844165384,0.9441230720668659,0.9017292612340546
s1238,duodenum,0.8334,digestive,0.9040181625004305,0.9505401935679665,0.8914568641583679,0.9631014919100291,0.8680132162936667,0.9865451397747304,0.9051420196317356
s1238,esophagus,0.9237,digestive,0.9115361324865674,0.9550035808957201,0.8989748341445047,0.9675648792377828,0.8755311862798035,0.991008527102484,0.9298402849988244
s1238,femur_left,0.9866,pelvic_bone,0.9962438374682779,0.9870698162238443,0.9836825391262153,0.9996311145659069,0.988197034331913,0.9951166193602092,0.9899183379043341
s1238,femur_right,0.9885,pelvic_bone,0.9838726447216289,0.9871767074896407,0.9713113463795663,0.9997380058317034,0.975825841585264,0.9952235106260057,0.987757018041218
s1238,gallbladder,0.8073,solid_abdominal,0.8097726663187707,0.9418245024047772,0.797211367976708,0.9543858007468399,0.7976435838461382,0.9539535848774097,0.885220728652527
s1238,gluteus_maximus_left,0.9434,muscle,0.9111696749029948,0.9725642738651455,0.8986083765609322,0.9851255722072082,0.9031829889317997,0.9805509598363407,0.9576814758127137
s1238,gluteus_maximus_right,0.9578,muscle,0.9520609817927662,0.9745432002047961,0.9394996834507036,0.9871044985468588,0.9440742958215711,0.9825298861759912,0.9628206098138344
s1238,gluteus_medius_left,0.9548,muscle,0.9259809986727568,0.9660746153116776,0.9134197003306942,0.9786359136537403,0.9179943127015617,0.9740613012828727,0.9545240154626894
s1238,gluteus_medius_right,0.9553,muscle,0.9509553973601399,0.9649499570735695,0.9383940990180772,0.9775112554156321,0.9429687113889448,0.9729366430447646,0.9533677931518534
s1238,gluteus_minimus_left,0.9446,muscle,0.8949586036216268,0.9530504809318274,0.8823973052795642,0.9656117792738901,0.8869719176504317,0.9610371669030225,0.9392022227851474
s1238,gluteus_minimus_right,0.9487,muscle,0.9489000097601508,0.9548528606954023,0.9363387114180881,0.967414159037465,0.9409133237889556,0.9628395466665974,0.9475039603736964
s1238,heart,0.9118,heart,0.924946658811857,0.9714480754881957,0.9123853604697943,0.9840093738302583,0.9083414803908475,0.9880532539092052,0.9364394030334396
s1238,hip_left,0.9842,pelvic_bone,0.9567231624875805,0.9812088517867499,0.9441618641455178,0.9937701501288125,0.9486763593512155,0.9892556549231148,0.9763201894095567
s1238,hip_right,0.9861,pelvic_bone,0.9709739461900927,0.9833941218600539,0.95841264784803,0.9959554202021166,0.9629271430537277,0.9914409249964189,0.9860518498150171
s1238,humerus_left,0.9588,shoulder_bone,0.8922583284269864,0.9551589229493745,0.8796970300849237,0.9677202212914372,0.882002172593243,0.9654150787831179,0.9325662109684283
s1238,humerus_right,0.9277,shoulder_bone,0.6164291685923263,0.9363252705920334,0.6038678702502637,0.9488865689340961,0.6061730127585829,0.9465814264257768,0.8847561098698161
s1238,iliac_artery_left,0.9534,great_vessel,0.8323818533842944,0.9384895821824343,0.8198205550422317,0.9510508805244969,0.7942147684839481,0.9766566670827805,0.9205032715216183
s1238,iliac_artery_right,0.94,great_vessel,0.8723134328735713,0.9371421693504954,0.8597521345315087,0.9497034676925581,0.8341463479732251,0.9753092542508417,0.9222371233806048
s1238,iliac_vena_left,0.9358,great_vessel,0.8828237740510113,0.9400168276706777,0.8702624757089487,0.9525781260127404,0.844656689150665,0.978183912571024,0.8850293968541282
s1238,iliac_vena_right,0.9383,great_vessel,0.9081330106490386,0.9381055575251345,0.895571712306976,0.9506668558671971,0.8699659257486924,0.9762726424254807,0.9211989248408881
s1238,iliopsoas_left,0.9506,muscle,0.9507932840172704,0.9663763529050956,0.9382319856752077,0.9789376512471583,0.9428065980460753,0.9743630388762907,0.9550789664886135
s1238,iliopsoas_right,0.9485,muscle,0.9663839710217961,0.9702823234561292,0.9538226726797334,0.9828436217981918,0.958397285050601,0.9782690094273243,0.9625842929342285
s1238,inferior_vena_cava,0.9169,great_vessel,0.6432694162843725,0.947209644547437,0.6307081179423099,0.9597709428894996,0.6051023313840262,0.9853767294477832,0.8977670818649157
s1238,kidney_left,0.9869,urinary,0.9071974101774579,0.9776429722119612,0.8946361118353953,0.9902042705540238,0.8512216758373528,1.0,0.9677757596293988
s1238,kidney_right,0.9843,urinary,0.928369530615287,0.9820166366901993,0.9158082322732244,0.994577935032262,0.8723937962751819,1.0,0.9742377356287089
s1238,liver,0.9801,solid_abdominal,0.9828968641358727,0.9909517248739762,0.9703355657938101,1.0,0.9707677816632403,1.0,0.9852627586506507
s1238,lung_lower_lobe_left,0.9472,lung,0.7004102422399389,0.9618128865194577,0.6878489438978762,0.9743741848615204,0.695791814129341,0.9664313146300556,0.9110467851309231
s1238,lung_lower_lobe_right,0.9421,lung,0.9566670297748666,0.9672474418189916,0.944105731432804,0.9798087401610542,0.9520486016642687,0.9718658699295895,0.9444123397816594
s1238,lung_middle_lobe_right,0.6978,lung,0.773276198471365,0.9604129038777709,0.7607149001293023,0.9729742022198336,0.7686577703607671,0.9650313319883688,0.8590354314126498
s1238,lung_upper_lobe_left,0.9782,lung,0.934910515947632,0.9791654841838449,0.9223492176055693,0.9917267825259075,0.9302920878370341,0.9837839122944427,0.9773002131210823
s1238,lung_upper_lobe_right,0.9507,lung,0.9586877841398573,0.9831499939234005,0.9461264857977947,0.9957112922654632,0.9540693560292595,0.9877684220339984,0.9748488375795051
s1238,pancreas,0.9282,solid_abdominal,0.8648738635528443,0.95860375963184,0.8523125652107817,0.9711650579739026,0.8527447810802119,0.9707328421044724,0.9054232417624775
s1238,portal_vein_and_splenic_vein,0.8681,great_vessel,0.8423865573094276,0.9410525676813278,0.8298252589673649,0.9536138660233905,0.8042194724090813,0.9792196525816741,0.8430999742131372
s1238,prostate,0.6735,reproductive,0.7239980540442263,0.9323864228956409,0.7114367557021637,0.9449477212377035,0.7114367557021637,0.9449477212377035,0.8368456720765448
s1238,pulmonary_vein,0.8914,great_vessel,0.7949310813958662,0.9196379193366732,0.7823697830538036,0.9321992176787358,0.75676399649552,0.9578050042370194,0.9122092765364281
s1238,rib_left_1,0.9241,rib,0.9229540248555446,0.9661907104537913,0.9103927265134819,0.978752008795854,0.9094624415460841,0.9796822937632518,0.9267446243055962
s1238,rib_left_10,0.9566,rib,0.6891779151529415,0.9591823328582524,0.6766166168108788,0.971743631200315,0.675686331843481,0.9726739161677128,0.9593521968103672
s1238,rib_left_11,0.9603,rib,0.8939512457330562,0.9577877023203546,0.8813899473909935,0.9703490006624172,0.8804596624235957,0.971279285629815,0.9534806402678283
s1238,rib_left_12,0.9491,rib,0.8777574564723994,0.951736181535369,0.8651961581303368,0.9642974798774316,0.864265873162939,0.9652277648448294,0.9382309788975858
s1238,rib_left_2,0.9514,rib,0.8885323872502348,0.9615960922410495,0.8759710889081721,0.9741573905831121,0.8750408039407743,0.9750876755505099,0.9552279916124349
s1238,rib_left_3,0.9479,rib,0.9410863602427969,0.9614749782564646,0.9285250619007342,0.9740362765985272,0.9275947769333365,0.974966561565925,0.9546649539250347
s1238,rib_left_4,0.9691,rib,0.945866758341312,0.9606030833457414,0.9333054599992493,0.9731643816878041,0.9323751750318515,0.9740946666552018,0.9516252928603787
s1238,rib_left_5,0.9701,rib,0.9603595089173109,0.9642980313879491,0.9477982105752483,0.9768593297300118,0.9468679256078505,0.9777896146974095,0.9552435063521592
s1238,rib_left_6,0.9682,rib,0.9622747586699884,0.9710247412118178,0.9497134603279257,0.9835860395538805,0.9487831753605279,0.9845163245212782,0.9629268099207094
s1238,rib_left_7,0.9659,rib,0.8388832551680405,0.9715616152282422,0.8263219568259779,0.9841229135703049,0.8253916718585801,0.9850531985377027,0.9453960402515005
s1238,rib_left_8,0.9598,rib,0.8348525563675623,0.9698284388731457,0.8222912580254996,0.9823897372152084,0.8213609730581019,0.9833200221826062,0.9529905138799843
s1238,rib_left_9,0.9668,rib,0.9017686000486163,0.9698556500010977,0.8892073017065536,0.9824169483431604,0.8882770167391558,0.9833472333105582,0.9567627716493461
s1238,rib_right_1,0.9458,rib,0.9241157907517472,0.9674223191739039,0.9115544924096846,0.9799836175159665,0.9106242074422868,0.9809139024833643,0.948370260649668
s1238,rib_right_10,0.9607,rib,0.9266796268617412,0.9691045823518294,0.9141183285196786,0.981665880693892,0.9131880435522808,0.9825961656612898,0.9660953369076831
s1238,rib_right_11,0.9554,rib,0.9642030253140225,0.967326911606836,0.9516417269719598,0.9798882099488987,0.950711442004562,0.9808184949162965,0.9592053045768582
s1238,rib_right_12,0.9097,rib,0.8602217757811591,0.9610780049140034,0.8476604774390964,0.9736393032560661,0.8467301924716987,0.9745695882234638,0.9408996397029867
s1238,rib_right_2,0.9715,rib,0.9434510146546019,0.9646660162147648,0.9308897163125393,0.9772273145568274,0.9299594313451415,0.9781575995242252,0.9585740768158564
s1238,rib_right_3,0.9623,rib,0.96234813528283,0.9595287657502426,0.9497868369407674,0.9720900640923053,0.9488565519733696,0.973020349059703,0.9479732184532513
s1238,rib_right_4,0.96,rib,0.9420678975869653,0.962848321806307,0.9295065992449026,0.9754096201483696,0.9285763142775049,0.9763399051157674,0.9606686249249389
s1238,rib_right_5,0.9579,rib,0.9576569894736762,0.9636426638583915,0.9450956911316135,0.9762039622004541,0.9441654061642157,0.9771342471678519,0.9582421240801199
s1238,rib_right_6,0.9691,rib,0.9569191532117561,0.9729450370671547,0.9443578548696935,0.9855063354092174,0.9434275699022957,0.9864366203766152,0.9695038053335311
s1238,rib_right_7,0.9691,rib,0.8392106694697749,0.973133558703681,0.8266493711277122,0.9856948570457437,0.8257190861603144,0.9866251420131414,0.9687326010519888
s1238,rib_right_8,0.9532,rib,0.837643273263732,0.9744120229087149,0.8250819749216693,0.9869733212507775,0.8241516899542716,0.9879036062181753,0.972559334974774
s1238,rib_right_9,0.9421,rib,0.9022523758483861,0.9729825676692357,0.8896910775063235,0.9855438660112984,0.8887607925389257,0.9864741509786962,0.9739982598580975
s1238,sacrum,0.9566,pelvic_bone,0.8908290048336667,0.9679589522519997,0.878267706491604,0.9805202505940623,0.8827822016973017,0.9760057553883646,0.9649780759770314
s1238,scapula_left,0.967,shoulder_bone,0.9614920127662893,0.9678156819609917,0.9489307144242266,0.9803769803030543,0.9512358569325459,0.978071837794735,0.950191793911866
s1238,scapula_right,0.9645,shoulder_bone,0.9532673048979217,0.9702547683458744,0.940706006555859,0.9828160666879371,0.9430111490641783,0.9805109241796178,0.9456714431850616
s1238,small_bowel,0.8542,digestive,0.7605412178561796,0.9458871325885438,0.7479799195141169,0.9584484309306065,0.7245362716494157,0.9818920787953077,0.8675498264236943
s1238,spinal_cord,0.9275,neuro,0.937014535721825,0.9519167379356301,0.9244532373797624,0.9644780362776928,0.9313331578326819,0.9575981158247733,0.9494651023486936
s1238,spleen,0.9573,solid_abdominal,0.9699148580770626,0.9809758488362356,0.9573535597349999,0.9935371471782982,0.9577857756044301,0.993104931308868,0.9715105065774347
s1238,sternum,0.9366,shoulder_bone,0.8821988696429669,0.967293340739232,0.8696375713009042,0.9798546390812947,0.8719427138092235,0.9775494965729754,0.9245028895214353
s1238,stomach,0.7675,digestive,0.9129044429650742,0.9681924136950022,0.9003431446230116,0.9807537120370649,0.8768994967583104,1.0,0.9513759004355206
s1238,subclavian_artery_left,0.8118,great_vessel,0.6640735715467582,0.9115989064446893,0.6515122732046955,0.924160204786752,0.6259064866464119,0.9497659913450356,0.7930215322049441
s1238,subclavian_artery_right,0.8932,great_vessel,0.8016703822274784,0.9242399545852101,0.7891090838854158,0.9368012529272728,0.7635032973271322,0.9624070394855564,0.8869566960458795
s1238,superior_vena_cava,0.9561,great_vessel,0.9208351605544709,0.949574904511125,0.9082738622124082,0.9621362028531877,0.8826680756541246,0.9877419894114713,0.9393114953783351
s1238,thyroid_gland,0.8792,airway_neck,0.86757273775814,0.9373434831417854,0.8550114394160774,0.949904781483848,0.8126465634370219,0.9922696574629035,0.89663066830778
s1238,trachea,0.9575,airway_neck,0.9166520870160134,0.9626843340145309,0.9040907886739508,0.9752456323565936,0.8617259126948953,1.0,0.9575948363936949
s1238,urinary_bladder,0.1187,urinary,0.8507076169687022,0.9494296772175894,0.8381463186266396,0.9619909755596521,0.7947318826285971,1.0,0.9191457262224308
s1238,vertebrae_C6,0.964,vertebrae,0.27422077164807057,0.9446590452097167,0.2616594733060079,0.9572203435517793,0.26502025451370737,0.9538595623440799,0.9482536713869657
s1238,vertebrae_C7,0.9817,vertebrae,0.9290921800074996,0.9759035752695109,0.916530881665437,0.9884648736115735,0.9198916628731364,0.9851040924038741,0.9682967511554471
s1238,vertebrae_L1,0.9871,vertebrae,0.8400865812030497,0.9867334661153613,0.827525282860987,0.9992947644574239,0.8308860640686865,0.9959339832497245,0.9852068179394567
s1238,vertebrae_L2,0.9866,vertebrae,0.7848902671683979,0.9870407823378192,0.7723289688263353,0.9996020806798819,0.7756897500340347,0.9962412994721824,0.9870117180555794
s1238,vertebrae_L3,0.9898,vertebrae,0.8196279187430568,0.9865241633177113,0.8070666204009942,0.999085461659774,0.8104274016086936,0.9957246804520745,0.9879778613202411
s1238,vertebrae_L4,0.9897,vertebrae,0.8142538519668676,0.9868243265785287,0.801692553624805,0.9993856249205914,0.8050533348325044,0.9960248437128919,0.9879483320457924
s1238,vertebrae_L5,0.9873,vertebrae,0.8292622651378695,0.9862214455609364,0.8167009667958068,0.998782743902999,0.8200617480035063,0.9954219626952996,0.9884971233794021
s1238,vertebrae_S1,0.9281,vertebrae,0.8438397960982904,0.9837239238401386,0.8312784977562278,0.9962852221822013,0.8346392789639272,0.9929244409745018,0.9707008454808445
s1238,vertebrae_T1,0.9732,vertebrae,0.9686917497472162,0.9779963447177934,0.9561304514051535,0.990557643059856,0.959491232612853,0.9871968618521566,0.9746858403134876
s1238,vertebrae_T10,0.9827,vertebrae,0.9768370604399227,0.9841542716869744,0.96427576209786,0.9967155700290371,0.9676365433055595,0.9933547888213377,0.9866126734659229
s1238,vertebrae_T11,0.989,vertebrae,0.9764133407884984,0.9834606663560855,0.9638520424464357,0.9960219646981482,0.9672128236541352,0.9926611834904487,0.9785315946068758
s1238,vertebrae_T12,0.9878,vertebrae,0.8554268971823864,0.9873424379819425,0.8428655988403237,0.9999037363240052,0.8462263800480232,0.9965429551163058,0.9847635823468501
s1238,vertebrae_T2,0.9128,vertebrae,0.9828790123844162,0.9807558829907012,0.9703177140423536,0.9933171813327638,0.973678495250053,0.9899564001250644,0.9664150347879809
s1238,vertebrae_T3,0.7695,vertebrae,0.9124229408809613,0.971255382009344,0.8998616425388987,0.9838166803514067,0.9032224237465981,0.9804558991437072,0.962602691089505
s1238,vertebrae_T4,0.518,vertebrae,0.7776233149265098,0.9557421103175461,0.7650620165844472,0.9683034086596087,0.7684227977921466,0.9649426274519093,0.9361952616907823
s1238,vertebrae_T5,0.3181,vertebrae,0.9800011446825794,0.9800471685693061,0.9674398463405167,0.9926084669113687,0.9708006275482162,0.9892476857036693,0.9603681073706202
s1238,vertebrae_T6,0.0884,vertebrae,0.8396847416157414,0.9713353731998359,0.8271234432736787,0.9838966715418985,0.8304842244813782,0.9805358903341991,0.9534203373163643
s1238,vertebrae_T7,0.2274,vertebrae,0.7499247351741323,0.9587221745947628,0.7373634368320696,0.9712834729368255,0.7407242180397691,0.967922691729126,0.9574948169502185
s1238,vertebrae_T8,0.6469,vertebrae,0.9636940625672107,0.9783819911670638,0.951132764225148,0.9909432895091265,0.9544935454328475,0.987582508301427,0.9641717171613404
s1238,vertebrae_T9,0.981,vertebrae,0.9665289356715155,0.9863818791635228,0.9539676373294529,0.9989431775055855,0.9573284185371523,0.995582396297886,0.9761779260843788
s1223,adrenal_gland_left,0.2667,urinary,0.07857969968742287,0.8780455245771962,0.06007974771645633,0.8965454765481627,0.019957214326637135,0.9366680099379819,0.4734364998197833
s1223,adrenal_gland_right,0.8881,urinary,0.7209334701612085,0.9278174920064716,0.7024335181902419,0.9463174439774381,0.6623109848004227,0.9864399773672573,0.9290794041375577
s1223,aorta,0.9743,great_vessel,0.9578391063264726,0.9733679380129175,0.9393391543555061,0.9918678899838841,0.9308262050583382,1.0,0.968809775942235
s1223,atrial_appendage_left,0.8738,heart,0.785911546823788,0.9358778225414507,0.7674115948528215,0.9543777745124172,0.7709409147567691,0.9508484546084697,0.9335890281919971
s1223,autochthon_left,0.9658,muscle,0.9540390232965388,0.9706146778047374,0.9355390713255722,0.989114629775704,0.937436033587537,0.9872176675137392,0.9747171336067226
s1223,autochthon_right,0.9631,muscle,0.9692210983268867,0.970333257682824,0.9507211463559202,0.9888332096537905,0.952618108617885,0.9869362473918257,0.9698127671851158
s1223,brachiocephalic_trunk,0.939,great_vessel,0.6968272655798656,0.920536209259977,0.6783273136088991,0.9390361612309436,0.6698143643117312,0.9475491105281114,0.8850606920012467
s1223,brachiocephalic_vein_left,0.9449,great_vessel,0.8751795029378432,0.9362339824606455,0.8566795509668766,0.954733934431612,0.8481666016697088,0.9632468837287799,0.9136168314584366
s1223,brachiocephalic_vein_right,0.9086,great_vessel,0.7522432858237187,0.9332254483652018,0.7337433338527521,0.9517254003361684,0.7252303845555843,0.9602383496333362,0.8958123417447991
s1223,clavicula_left,0.9616,shoulder_bone,0.9575849863361869,0.9759609942307149,0.9390850343652204,0.9944609462016815,0.9339167349675652,0.9996292455993366,0.9713273789716279
s1223,clavicula_right,0.9529,shoulder_bone,0.9857731608103749,0.9760685918576499,0.9672732088394084,0.9945685438286165,0.9621049094417532,0.9997368432262717,0.9704435868221212
s1223,colon,0.8836,digestive,0.8708933509777038,0.9323328552367632,0.8523933990067373,0.9508328072077298,0.8082685084529032,0.9949576977615638,0.8221848610517893
s1223,common_carotid_artery_left,0.9406,great_vessel,0.7033310307968973,0.9418831708294462,0.6848310788259308,0.9603831228004127,0.6763181295287629,0.9688960720975806,0.923414073273736
s1223,common_carotid_artery_right,0.8044,great_vessel,0.6289231886386786,0.9208685944738328,0.610423236667712,0.9393685464447994,0.6019102873705442,0.9478814957419672,0.8089781341473977
s1223,costal_cartilages,0.8665,costal_cartilage,0.8693837685591471,0.9070441368570992,0.8508838165881806,0.9255440888280657,0.8320780447240721,0.9443498606921742,0.8900150214032435
s1223,duodenum,0.6212,digestive,0.7883679935876399,0.9206390692918746,0.7698680416166733,0.9391390212628411,0.7257431510628393,0.9832639118166752,0.8457180664287107
s1223,esophagus,0.8987,digestive,0.8948380633454013,0.9485080429876994,0.8763381113744347,0.967007994958666,0.8322132208206007,1.0,0.9273059669811102
s1223,femur_left,0.9753,pelvic_bone,0.9582003728587355,0.9817086845190136,0.939700420887769,1.0,0.9515037716195106,0.9884052857582385,0.975758072318952
s1223,femur_right,0.9787,pelvic_bone,0.9579648963594235,0.9843285867816358,0.939464944388457,1.0,0.9512682951201986,0.9910251880208607,0.9816009148841232
s1223,gallbladder,0.6776,solid_abdominal,0.6591809643581795,0.9256466928701301,0.640681012387213,0.9441466448410967,0.6286699270546816,0.956157730173628,0.8922050303478415
s1223,gluteus_maximus_left,0.9747,muscle,0.9195427863226172,0.9767203280197143,0.9010428343516507,0.9952202799906809,0.9029397966136155,0.9933233177287161,0.9703206053178802
s1223,gluteus_maximus_right,0.9729,muscle,0.927588732291507,0.9786973317858133,0.9090887803205404,0.9971972837567799,0.9109857425825052,0.9953003214948151,0.9681809312353068
s1223,gluteus_medius_left,0.9666,muscle,0.9596690831178312,0.9710555855626016,0.9411691311468646,0.9895555375335682,0.9430660934088294,0.9876585752716034,0.9672205760869245
s1223,gluteus_medius_right,0.9683,muscle,0.9683129904528899,0.973706830596824,0.9498130384819233,0.9922067825677905,0.9517100007438881,0.9903098203058257,0.971258184512924
s1223,gluteus_minimus_left,0.944,muscle,0.9356405351036322,0.9536248738541717,0.9171405831326657,0.9721248258251383,0.9190375453946305,0.9702278635631735,0.945483763876813
s1223,gluteus_minimus_right,0.9549,muscle,0.9401553807972207,0.9561477798364474,0.9216554288262542,0.9746477318074139,0.923552391088219,0.9727507695454491,0.9441848014126633
s1223,heart,0.9189,heart,0.9523593582609244,0.9756331810738312,0.9338594062899579,0.9941331330447978,0.9373887261939055,0.9906038131408502,0.9482089767835895
s1223,hip_left,0.9803,pelvic_bone,0.9661945652265863,0.9801489053803708,0.9476946132556198,0.9986488573513373,0.9594979639873614,0.9868455066195957,0.9775822464902449
s1223,hip_right,0.9819,pelvic_bone,0.9763589565010036,0.983196677688019,0.957859004530037,1.0,0.9696623552617787,0.9898932789272439,0.9802931432295277
s1223,humerus_left,0.9762,shoulder_bone,0.9334554952286797,0.9746557817719417,0.9149555432577131,0.9931557337429082,0.9097872438600579,0.9983240331405634,0.9602070882457107
s1223,humerus_right,0.962,shoulder_bone,0.9573977002536167,0.9737332479785007,0.9388977482826502,0.9922331999494672,0.933729448884995,0.9974014993471224,0.9517246259347993
s1223,iliac_artery_left,0.9274,great_vessel,0.809733432864098,0.9465217544545975,0.7912334808931315,0.9650217064255641,0.7827205315959637,0.9735346557227319,0.9103997861724943
s1223,iliac_artery_right,0.9265,great_vessel,0.7128399637529258,0.9440171702425356,0.6943400117819593,0.9625171222135022,0.6858270624847914,0.97103007151067,0.8953863630438558
s1223,iliac_vena_left,0.9011,great_vessel,0.9001935440100965,0.9494996281511283,0.88169359203913,0.9679995801220949,0.8731806427419622,0.9765125294192627,0.9213892669252721
s1223,iliac_vena_right,0.921,great_vessel,0.8819842321503176,0.9494088800449625,0.8634842801793511,0.967908832015929,0.8549713308821832,0.9764217813130969,0.9302754789421545
s1223,iliopsoas_left,0.9605,muscle,0.9616098276141559,0.967355849623972,0.9431098756431894,0.9858558015949386,0.9450068379051542,0.9839588393329738,0.9678974197273826
s1223,iliopsoas_right,0.962,muscle,0.9729366070976859,0.9675488714963959,0.9544366551267194,0.9860488234673624,0.9563336173886842,0.9841518612053977,0.9700264711039771
s1223,inferior_vena_cava,0.937,great_vessel,0.9105637450271326,0.9667677557502375,0.892063793056166,0.9852677077212041,0.8835508437589982,0.9937806570183719,0.9490597853177867
s1223,kidney_cyst_left,0.0,urinary,0.013971652483480302,0.87186696501058,0.0,0.8903669169815466,0.0,0.9304894503713658,0.43487060301903874
s1223,kidney_left,0.0,urinary,0.7165473453897472,0.916457788043762,0.6980473934187806,0.9349577400147285,0.6579248600289614,0.9750802734045477,0.821442404955146
s1223,kidney_right,0.9728,urinary,0.9684323880615741,0.9859115045633711,0.9499324360906075,1.0,0.9098099027007883,1.0,0.9869583779709808
s1223,liver,0.9595,solid_abdominal,0.9396873301915252,0.9796373727986852,0.9211873782205586,0.9981373247696518,0.9091762928880273,1.0,0.9680981773208537
s1223,lung_lower_lobe_left,0.9929,lung,0.9790684856184808,0.9945742142619222,0.9605685336475143,1.0,0.9405007943193542,1.0,0.9904286701526577
s1223,lung_lower_lobe_right,0.9937,lung,0.9795384423274248,0.9939818217943162,0.9610384903564583,1.0,0.9409707510282982,1.0,0.9882984896732883
s1223,lung_middle_lobe_right,0.9864,lung,0.964255349713481,0.9828553591342074,0.9457553977425145,1.0,0.9256876584143544,1.0,0.9792453237380443
s1223,lung_upper_lobe_left,0.9918,lung,0.9810056877698875,0.9932324524955226,0.962505735798921,1.0,0.9424379964707609,1.0,0.9844604862437976
s1223,lung_upper_lobe_right,0.9916,lung,0.9585143930824047,0.9923446717105826,0.9400144411114382,1.0,0.9199467017832781,1.0,0.9725334912567287
s1223,pancreas,0.4381,solid_abdominal,0.9243079176347511,0.9503226951991487,0.9058079656637845,0.9688226471701152,0.8937968803312532,0.9808337325026466,0.9254328497130754
s1223,portal_vein_and_splenic_vein,0.831,great_vessel,0.8927741074559603,0.9510137938761716,0.8742741554849938,0.9695137458471381,0.8657612061878259,0.978026695144306,0.9143098597420242
s1223,pulmonary_vein,0.9247,great_vessel,0.8308214862341962,0.916767057073795,0.8123215342632296,0.9352670090447616,0.8038085849660618,0.9437799583419294,0.8433287146461722
s1223,rib_left_1,0.9486,rib,0.9357416465122438,0.9625397024038489,0.9172416945412772,0.9810396543748154,0.9231426677820671,0.9751386811340256,0.932626872406833
s1223,rib_left_10,0.9321,rib,0.9603425207804619,0.9711015097956698,0.9418425688094954,0.9896014617666363,0.9477435420502852,0.9837004885258465,0.9613248885630912
s1223,rib_left_11,0.8992,rib,0.9654767220379487,0.963938251064728,0.9469767700669821,0.9824382030356945,0.952877743307772,0.9765372297949046,0.9547350475715668
s1223,rib_left_12,0.9333,rib,0.7403885867045709,0.9573486983497056,0.7218886347336043,0.9758486503206721,0.7277896079743942,0.9699476770798823,0.9300860453405226
s1223,rib_left_2,0.9401,rib,0.9328456355691979,0.9667649493663613,0.9143456835982313,0.9852649013373278,0.9202466568390212,0.9793639280965379,0.9599947755464192
s1223,rib_left_3,0.9324,rib,0.9310431071600458,0.970786706780102,0.9125431551890792,0.9892866587510686,0.9184441284298691,0.9833856855102787,0.9544480099390537
s1223,rib_left_4,0.9301,rib,0.9281326479980503,0.972417569256038,0.9096326960270837,0.9909175212270045,0.9155336692678736,0.9850165479862146,0.9423827638053454
s1223,rib_left_5,0.9445,rib,0.7810979854259451,0.9525917168130827,0.7625980334549786,0.9710916687840493,0.7684990066957684,0.9651906955432594,0.9079489712111274
s1223,rib_left_6,0.9417,rib,0.9470763887595233,0.969252024883405,0.9285764367885567,0.9877519768543715,0.9344774100293466,0.9818510036135817,0.9573649332426558
s1223,rib_left_7,0.9417,rib,0.9449430505503303,0.9717490245586469,0.9264430985793638,0.9902489765296134,0.9323440718201537,0.9843480032888235,0.9561488578924745
s1223,rib_left_8,0.9283,rib,0.960160959206281,0.9708825157591457,0.9416610072353144,0.9893824677301123,0.9475619804761043,0.9834814944893224,0.963699159652429
s1223,rib_left_9,0.9415,rib,0.9687413467453447,0.972553524113843,0.9502413947743782,0.9910534760848095,0.956142368015168,0.9851525028440197,0.9700767554848618
s1223,rib_right_1,0.9497,rib,0.9189965292944546,0.9632566274483882,0.9004965773234881,0.9817565794193548,0.906397550564278,0.9758556061785649,0.9349801328530469
s1223,rib_right_10,0.9574,rib,0.9598366625544896,0.9743452766088042,0.9413367105835231,0.9928452285797708,0.947237683824313,0.9869442553389809,0.9611442657497979
s1223,rib_right_11,0.9472,rib,0.9620076133562482,0.9692057077997643,0.9435076613852816,0.9877056597707309,0.9494086346260715,0.981804686529941,0.9638199541334735
s1223,rib_right_12,0.9102,rib,0.7344002492724918,0.9550781188292928,0.7159002973015253,0.9735780708002594,0.7218012705423151,0.9676770975594695,0.940380024151002
s1223,rib_right_2,0.912,rib,0.7535479994564224,0.9719399751830949,0.7350480474854558,0.9904399271540615,0.7409490207262457,0.9845389539132716,0.9558273775812853
s1223,rib_right_3,0.9057,rib,0.9405766308881303,0.9718903756845727,0.9220766789171637,0.9903903276555392,0.9279776521579536,0.9844893544147494,0.9597900248953273
s1223,rib_right_4,0.9217,rib,0.9482485233426353,0.971882062669079,0.9297485713716688,0.9903820146400455,0.9356495446124586,0.9844810413992556,0.9593851055364879
s1223,rib_right_5,0.895,rib,0.9471388636730694,0.9701299047738048,0.9286389117021029,0.9886298567447713,0.9345398849428928,0.9827288835039815,0.955069838822793
s1223,rib_right_6,0.9301,rib,0.9562061219435816,0.9768121832832191,0.937706169972615,0.9953121352541856,0.9436071432134049,0.9894111620133957,0.9568546292983255
s1223,rib_right_7,0.9625,rib,0.9591966327318888,0.9781211836175692,0.9406966807609223,0.9966211355885357,0.9465976540017121,0.9907201623477458,0.9580304739249842
s1223,rib_right_8,0.96,rib,0.9503735953405964,0.9749950106431418,0.9318736433696299,0.9934949626141083,0.9377746166104197,0.9875939893733184,0.9656836981452525
s1223,rib_right_9,0.9703,rib,0.9617973504431089,0.9751676569783877,0.9432973984721423,0.9936676089493542,0.9491983717129322,0.9877666357085644,0.9636343147677772
s1223,sacrum,0.9412,pelvic_bone,0.9166211228196509,0.9566552998222552,0.8981211708486844,0.9751552517932217,0.909924521580426,0.96335190106148,0.9050033692193518
s1223,scapula_left,0.9663,shoulder_bone,0.9488651512666184,0.9747688198812364,0.9303651992956519,0.993268771852203,0.9251968998979967,0.9984370712498581,0.9563333790631536
s1223,scapula_right,0.9597,shoulder_bone,0.9568130524326846,0.9771566150131267,0.938313100461718,0.9956565669840932,0.9331448010640628,1.0,0.9568504026040396
s1223,small_bowel,0.7236,digestive,0.8929632813878862,0.9440112495022384,0.8744633294169196,0.9625112014732049,0.8303384388630856,1.0,0.8920340538223177
s1223,spinal_cord,0.9232,neuro,0.9378183362238495,0.9537830600294714,0.9193183842528829,0.972283012000438,0.9168600874072638,0.9747413088460571,0.9427954220820036
s1223,spleen,0.8379,solid_abdominal,0.9353816902442744,0.9852137430100444,0.9168817382733079,1.0,0.9048706529407765,1.0,0.987340442641888
s1223,sternum,0.8962,shoulder_bone,0.9103916453563355,0.9522503341641895,0.891891693385369,0.970750286135156,0.8867233939877138,0.9759185855328112,0.9261952222174049
s1223,stomach,0.8392,digestive,0.8688006866688042,0.9691650072574931,0.8503007346978376,0.9876649592284596,0.8061758441440036,1.0,0.9250585399850393
s1223,subclavian_artery_left,0.8809,great_vessel,0.5933240992448583,0.93315482428422,0.5748241472738918,0.9516547762551866,0.5663111979767239,0.9601677255523544,0.8906377976323269
s1223,subclavian_artery_right,0.8741,great_vessel,0.7045483761054057,0.9066474503327675,0.6860484241344391,0.925147402303734,0.6775354748372713,0.9336603516009019,0.8264057658092263
s1223,superior_vena_cava,0.9396,great_vessel,0.8699179383688987,0.9395115955032033,0.8514179863979322,0.9580115474741698,0.8429050371007644,0.9665244967713377,0.9290577438643441
s1223,thyroid_gland,0.8873,airway_neck,0.7089324663870419,0.9259333105908396,0.6904325144160753,0.9444332625618062,0.7047595793602098,0.9301061976176717,0.8727537708605895
s1223,trachea,0.9472,airway_neck,0.8693285971103002,0.9683352698952494,0.8508286451393337,0.986835221866216,0.8651557100834681,0.9725081569220815,0.9661585446351727
s1223,urinary_bladder,0.7359,urinary,0.9006528204456727,0.9647666656241457,0.8821528684747062,0.9832666175951122,0.842030335084887,1.0,0.9484724218661624
s1223,vertebrae_C6,0.7711,vertebrae,0.7024616303495296,0.9300455378210449,0.683961678378563,0.9485454897920115,0.6840807034675948,0.9484264647029798,0.840768278073361
s1223,vertebrae_C7,0.8787,vertebrae,0.9539956360946811,0.9733611059626662,0.9354956841237145,0.9918610579336328,0.9356147092127463,0.991742032844601,0.9675579197728762
s1223,vertebrae_L1,0.9831,vertebrae,0.9789141433627665,0.9842286328128431,0.9604141913918,1.0,0.9605332164808317,1.0,0.98599948605373
s1223,vertebrae_L2,0.9834,vertebrae,0.9738789548850596,0.9833336990469389,0.9553790029140931,1.0,0.9554980280031248,1.0,0.984939812162984
s1223,vertebrae_L3,0.9827,vertebrae,0.9659495074851896,0.9835458313359772,0.947449555514223,1.0,0.9475685806032548,1.0,0.9847599137560437
s1223,vertebrae_L4,0.9798,vertebrae,0.9526241337745138,0.9839428418314607,0.9341241818035473,1.0,0.934243206892579,1.0,0.9765638888182517
s1223,vertebrae_L5,0.9773,vertebrae,0.9596282732565402,0.9835176802616288,0.9411283212855737,1.0,0.9412473463746054,1.0,0.9788417843007687
s1223,vertebrae_S1,0.9437,vertebrae,0.94236424285576,0.9820685187367842,0.9238642908847935,1.0,0.9239833159738252,1.0,0.9578406105803989
s1223,vertebrae_T1,0.8251,vertebrae,0.9557415117370529,0.9727293752530785,0.9372415597660864,0.991229327224045,0.9373605848551181,0.9911103021350133,0.9692434518907754
s1223,vertebrae_T10,0.9757,vertebrae,0.9631732235627187,0.9848778485982852,0.9446732715917522,1.0,0.9447922966807839,1.0,0.9831626065458947
s1223,vertebrae_T11,0.9792,vertebrae,0.9521128901923127,0.9849248145157208,0.9336129382213462,1.0,0.9337319633103779,1.0,0.9868764856510144
s1223,vertebrae_T12,0.9771,vertebrae,0.9458425874087596,0.9842735341234005,0.927342635437793,1.0,0.9274616605268248,1.0,0.9817814734551081
s1223,vertebrae_T2,0.5193,vertebrae,0.9466510025856936,0.9734965940368195,0.928151050614727,0.9919965460077861,0.9282700757037587,0.9918775209187544,0.9615332754069754
s1223,vertebrae_T3,0.1197,vertebrae,0.9456232316436355,0.9757184397731083,0.9271232796726689,0.9942183917440749,0.9272423047617007,0.9940993666550432,0.9740565431561369
s1223,vertebrae_T4,0.0642,vertebrae,0.9501821568777724,0.9763981735999082,0.9316822049068059,0.9948981255708748,0.9318012299958376,0.994779100481843,0.9577367607975057
s1223,vertebrae_T5,0.1617,vertebrae,0.842186453327968,0.971728496538184,0.8236865013570015,0.9902284485091506,0.8238055264460332,0.9901094234201189,0.9285748158136161
s1223,vertebrae_T6,0.1791,vertebrae,0.6689679929649023,0.9236476443070418,0.6504680409939357,0.9421475962780084,0.6505870660829675,0.9420285711889766,0.6702697784975519
s1223,vertebrae_T7,0.2598,vertebrae,0.6654636209761648,0.9272625792720426,0.6469636690051983,0.9457625312430091,0.64708269409423,0.9456435061539774,0.7479014985149058
s1223,vertebrae_T8,0.4362,vertebrae,0.9795992601841852,0.9846429428008365,0.9610993082132187,1.0,0.9612183333022504,1.0,0.9875328477208064
s1223,vertebrae_T9,0.8362,vertebrae,0.6743914713553079,0.9460367559258097,0.6558915193843413,0.9645367078967763,0.656010544473373,0.9644176828077445,0.878014232431432
s1106,aorta,0.9835,great_vessel,0.7276702708215345,0.9728005045276376,0.7128016222137259,0.9876691531354461,0.7131535671833441,0.9873172081658279,0.9257641049336334
s1106,atrial_appendage_left,0.9509,heart,0.894512230925367,0.9516243499083226,0.8796435823175585,0.9664929985161311,0.8832024217572416,0.962934159076448,0.9398824915062712
s1106,colon,0.908,digestive,0.5718622615160388,0.9121307824033413,0.5569936129082302,0.9269994310111499,0.5067205185227357,0.9772725253966444,0.7389917185569268
s1106,costal_cartilages,0.84,costal_cartilage,0.7466324566371633,0.8841555337468401,0.7317638080293547,0.8990241823546486,0.7301915400348635,0.9005964503491398,0.8164770193662667
s1106,esophagus,0.9262,digestive,0.9080279516422032,0.9353191859138613,0.8931593030343946,0.9501878345216699,0.8428862086489001,1.0,0.9207677337462461
s1106,heart,0.9512,heart,0.9062921171296006,0.9575457534160184,0.891423468521792,0.972414402023827,0.8949823079614752,0.9688555625841438,0.9411676579637882
s1106,inferior_vena_cava,0.9298,great_vessel,0.8792281900290887,0.9693419137435614,0.8643595414212801,0.9842105623513699,0.8647114863908983,0.9838586173817517,0.9363416849698996
s1106,liver,0.9304,solid_abdominal,0.9119728188634384,0.9634747899594375,0.8971041702556298,0.978343438567246,0.8928229960477589,0.9826246127751169,0.9519548074776506
s1106,lung_lower_lobe_left,0.976,lung,0.9546634052014803,0.9797455084736029,0.9397947565936717,0.9946141570814114,0.9386252326752603,0.9957836809998228,0.9672482382702452
s1106,lung_lower_lobe_right,0.9822,lung,0.9701931380609005,0.9904403963654786,0.9553244894530919,1.0,0.9541549655346805,1.0,0.9796534838250646
s1106,lung_middle_lobe_right,0.9712,lung,0.9463754409782691,0.9587979392468536,0.9315067923704605,0.9736665878546622,0.9303372684520491,0.9748361117730736,0.9453893049244004
s1106,lung_upper_lobe_left,0.9878,lung,0.9680908917260141,0.9912284093454596,0.9532222431182056,1.0,0.9520527191997942,1.0,0.9751391421532937
s1106,lung_upper_lobe_right,0.952,lung,0.7501889262180418,0.9431963435062969,0.7353202776102332,0.9580649921141055,0.7341507536918218,0.9592345160325169,0.8130060102846935
s1106,portal_vein_and_splenic_vein,0.0,great_vessel,0.4724830746165963,0.9024035485060585,0.4576144260087877,0.9172721971138671,0.4579663709784059,0.9169202521442489,0.6918882847534112
s1106,pulmonary_vein,0.9305,great_vessel,0.6802047333206401,0.9485545017045723,0.6653360847128316,0.9634231503123809,0.6656880296824498,0.9630712053427627,0.87764529331504
s1106,rib_left_3,0.0,rib,0.03848711325678385,0.8494553788868254,0.023618464648975282,0.864324027494634,0.020207520870439602,0.8677349712731697,0.06971820732118887
s1106,rib_left_4,0.2023,rib,0.3076736946399884,0.8853052341687472,0.2928050460321798,0.9001738827765557,0.28939410225364415,0.9035848265550914,0.8337063397273909
s1106,rib_left_5,0.0,rib,0.5862658189960417,0.8929265031417518,0.5713971703882331,0.9077951517495604,0.5679862266096974,0.9112060955280961,0.777499397821838
s1106,spleen,0.6919,solid_abdominal,0.6790205317911897,0.926174998391077,0.6641518831833811,0.9410436469988855,0.6598707089755103,0.9453248212067564,0.8398438398475351
s1106,sternum,0.9048,shoulder_bone,0.8405887792913054,0.9377149699346656,0.8257201306834968,0.9525836185424742,0.830095022879817,0.948208726346154,0.8952897291485606
s1106,stomach,0.9224,digestive,0.8432334362192093,0.9445444613645047,0.8283647876114008,0.9594131099723132,0.7780916932259062,1.0,0.847261423992069
s1106,superior_vena_cava,0.9465,great_vessel,0.8178805043971473,0.9409703175936251,0.8030118557893388,0.9558389662014337,0.803363800758957,0.9554870212318155,0.9033834526161398
s1106,trachea,0.9211,airway_neck,0.5320168140018627,0.9609124300356722,0.5171481653940542,0.9757810786434807,0.5211431844967575,0.9717860595407775,0.7531708970150034
s1106,vertebrae_T10,0.9891,vertebrae,0.8388064983780573,0.9655803010122143,0.8239378497702488,0.9804489496200228,0.8234452763357777,0.9809415230544939,0.9414344739823424
s1106,vertebrae_T11,0.9857,vertebrae,0.8782735574129218,0.969473243659048,0.8634049088051132,0.9843418922668565,0.8629123353706422,0.9848344657013276,0.9677855080172947
s1106,vertebrae_T12,0.9604,vertebrae,0.6906452407665858,0.9487679826294635,0.6757765921587773,0.9636366312372721,0.6752840187243062,0.9641292046717431,0.9273277562959268
s1106,vertebrae_T5,0.0,vertebrae,0.20945548429604624,0.9461453235163318,0.19458683568823767,0.9610139721241404,0.1940942622537666,0.9615065455586115,0.5964097897555324
s1106,vertebrae_T6,0.0035,vertebrae,0.7893628229455145,0.9407623986232952,0.774494174337706,0.9556310472311038,0.7740016009032349,0.9561236206655749,0.8429755323929544
s1106,vertebrae_T7,0.7387,vertebrae,0.8738800119239862,0.939133720803925,0.8590113633161777,0.9540023694117336,0.8585187898817066,0.9544949428462046,0.9349225206483636
s1106,vertebrae_T8,0.9689,vertebrae,0.9136529858215848,0.9487907497284371,0.8987843372137763,0.9636593983362457,0.8982917637793052,0.9641519717707168,0.9626380342903614
s1106,vertebrae_T9,0.9768,vertebrae,0.9473578541524195,0.9576034081288418,0.9324892055446109,0.9724720567366504,0.9319966321101398,0.9729646301711214,0.982719489158605
s1133,adrenal_gland_left,0.413,urinary,0.3376224317478625,0.9017556946594486,0.31912247977689595,0.9202556466304151,0.27899994638707676,0.9603781800202343,0.6255837431886095
s1133,adrenal_gland_right,0.8492,urinary,0.452954022676651,0.9050288872202352,0.4344540707056845,0.9235288391912018,0.3943315373158653,0.963651372581021,0.665110879363151
s1133,aorta,0.9658,great_vessel,0.9657283716850086,0.9820867429729858,0.947228419714042,1.0,0.9387154704168742,1.0,0.9772886836294904
s1133,atrial_appendage_left,0.9444,heart,0.8706618346491818,0.9536165622928605,0.8521618826782152,0.9721165142638271,0.8556912025821628,0.9685871943598795,0.9176534787485937
s1133,autochthon_left,0.9372,muscle,0.9362820006431316,0.9613839839708466,0.9177820486721651,0.9798839359418131,0.9196790109341298,0.9779869736798483,0.9532940561302526
s1133,autochthon_right,0.9443,muscle,0.9500482578227883,0.9607653792025005,0.9315483058518218,0.979265331173467,0.9334452681137866,0.9773683689115022,0.9556825558325005
s1133,brachiocephalic_trunk,0.8228,great_vessel,0.9163151979814813,0.9456721052679147,0.8978152460105148,0.9641720572388812,0.8893022967133469,0.9726850065360491,0.9238893495469367
s1133,brachiocephalic_vein_left,0.8852,great_vessel,0.9162432495956822,0.9491452645712245,0.8977432976247156,0.967645216542191,0.8892303483275478,0.9761581658393589,0.9290619353751702
s1133,brachiocephalic_vein_right,0.9014,great_vessel,0.9009791929435915,0.9315737789596057,0.882479240972625,0.9500737309305722,0.8739662916754571,0.9585866802277401,0.9152662836576813
s1133,clavicula_left,0.9588,shoulder_bone,0.8405871754746091,0.9649600328459067,0.8220872235036426,0.9834599848168732,0.8169189241059874,0.9886282842145284,0.9457893790562288
s1133,clavicula_right,0.9346,shoulder_bone,0.9456780934693808,0.9699820705913641,0.9271781414984143,0.9884820225623306,0.9220098421007591,0.9936503219599858,0.9586530765542475
s1133,colon,0.6705,digestive,0.5323022603056011,0.9296523179619924,0.5138023083346346,0.948152269932959,0.4696774177808005,0.992277160486793,0.7413732287780619
s1133,common_carotid_artery_left,0.8959,great_vessel,0.8481927387780045,0.9450406284415732,0.829692786807038,0.9635405804125398,0.8211798375098701,0.9720535297097076,0.9077708602670308
s1133,common_carotid_artery_right,0.8772,great_vessel,0.8345354280426465,0.9418493607158137,0.8160354760716799,0.9603493126867803,0.8075225267745121,0.9688622619839481,0.9210682545761563
s1133,costal_cartilages,0.8136,costal_cartilage,0.8618690199727125,0.8870388934521336,0.8433690680017459,0.9055388454231001,0.8245632961376375,0.9243446172872086,0.8770452437072976
s1133,duodenum,0.0,digestive,0.062360962972157624,0.8515590836762635,0.04386101100119108,0.8700590356472301,0.0,0.9141839262010641,0.200156698291281
s1133,esophagus,0.7524,digestive,0.7776051223046331,0.9298508287225278,0.7591051703336665,0.9483507806934943,0.7149802797798325,0.9924756712473284,0.8153266435726295
s1133,heart,0.9232,heart,0.9393848339418428,0.9712658901115251,0.9208848819708763,0.9897658420824916,0.9244142018748238,0.9862365221785441,0.9414347424922392
s1133,humerus_left,0.7627,shoulder_bone,0.6275813296287375,0.9513049307962533,0.6090813776577709,0.9698048827672199,0.6039130782601158,0.974973182164875,0.9470408671630689
s1133,humerus_right,0.8935,shoulder_bone,0.9172000957407819,0.9591177710899235,0.8987001437698153,0.97761772306089,0.8935318443721602,0.9827860224585452,0.9268476551817211
s1133,iliopsoas_left,0.9011,muscle,0.5906839529284571,0.9119721233058937,0.5721840009574906,0.9304720752768603,0.5740809632194553,0.9285751130148955,0.8548666377045696
s1133,iliopsoas_right,0.8142,muscle,0.5916264903319028,0.9250239143808461,0.5731265383609363,0.9435238663518126,0.5750235006229011,0.9416269040898478,0.9297490459837978
s1133,inferior_vena_cava,0.7605,great_vessel,0.8270225520388841,0.9550478892421108,0.8085226000679175,0.9735478412130774,0.8000096507707497,0.9820607905102452,0.9086912096909815
s1133,kidney_left,0.7177,urinary,0.6417598148383148,0.9418779070965859,0.6232598628673482,0.9603778590675525,0.583137329477529,1.0,0.8973034788362046
s1133,kidney_right,0.9028,urinary,0.8507890023130176,0.9478149653369881,0.832289050342051,0.9663149173079546,0.7921665169522318,1.0,0.9166440337197065
s1133,liver,0.9699,solid_abdominal,0.9537666536224622,0.9766920719526225,0.9352667016514956,0.9951920239235891,0.9232556163189642,1.0,0.9624532525493228
s1133,lung_lower_lobe_left,0.9829,lung,0.9851436456046384,0.9852561484633232,0.9666436936336719,1.0,0.9465759543055118,1.0,0.9806849803212249
s1133,lung_lower_lobe_right,0.99,lung,0.9842438947003951,0.9929215594756478,0.9657439427294285,1.0,0.9456762034012685,1.0,0.9873732872155853
s1133,lung_middle_lobe_right,0.9779,lung,0.9660207020684942,0.9823390615925136,0.9475207500975277,1.0,0.9274530107693676,1.0,0.9741811876371902
s1133,lung_upper_lobe_left,0.987,lung,0.9841907148957767,0.9916891367692366,0.9656907629248102,1.0,0.9456230235966501,1.0,0.986277105603876
s1133,lung_upper_lobe_right,0.9869,lung,0.9824387408785363,0.9902565776502337,0.9639387889075698,1.0,0.9438710495794097,1.0,0.9876644253383153
s1133,pancreas,0.8852,solid_abdominal,0.7481946829275165,0.9410880776241113,0.7296947309565499,0.9595880295950778,0.7176836456240185,0.9715991149276092,0.8861487422016956
s1133,portal_vein_and_splenic_vein,0.0,great_vessel,0.024697350510123322,0.8579736877829426,0.006197398539156778,0.8764736397539091,0.0,0.884986589051077,0.4418092608682364
s1133,pulmonary_vein,0.9323,great_vessel,0.842656500703996,0.9371290766780235,0.8241565487330295,0.95562902864899,0.8156435994358616,0.9641419779461579,0.9206208511600974
s1133,rib_left_1,0.655,rib,0.9365586440669801,0.9631303166475597,0.9180586920960135,0.9816302686185262,0.9239596653368034,0.9757292953777363,0.9293932882510123
s1133,rib_left_10,0.8872,rib,0.7951151957627816,0.9491726779015618,0.776615243791815,0.9676726298725283,0.7825162170326049,0.9617716566317385,0.9295655626183079
s1133,rib_left_11,0.9065,rib,0.8634244804367952,0.9522645673154053,0.8449245284658287,0.9707645192863719,0.8508255017066185,0.964863546045582,0.9282822521209773
s1133,rib_left_12,0.8875,rib,0.6801140671990937,0.951261799929251,0.6616141152281272,0.9697617519002175,0.667515088468917,0.9638607786594277,0.9195313331609921
s1133,rib_left_2,0.8457,rib,0.8219313647443428,0.9271502676710748,0.8034314127733763,0.9456502196420413,0.8093323860141661,0.9397492464012515,0.8656179982133919
s1133,rib_left_3,0.6833,rib,0.4698385868968722,0.8838326514161445,0.45133863492590565,0.9023326033871111,0.4572396081666955,0.8964316301463212,0.7380125997749525
s1133,rib_left_4,0.8299,rib,0.7222649832231686,0.9403997629748483,0.703765031252202,0.9588997149458148,0.7096660044929919,0.952998741705025,0.8599710922415489
s1133,rib_left_5,0.8699,rib,0.6908465798083238,0.9154839813762508,0.6723466278373572,0.9339839333472173,0.6782476010781471,0.9280829601064274,0.8867004995305772
s1133,rib_left_6,0.8883,rib,0.6996707599533544,0.921722650578124,0.6811708079823878,0.9402226025490905,0.6870717812231777,0.9343216293083006,0.9017634998493715
s1133,rib_left_7,0.9166,rib,0.7680338391759256,0.9463936582171207,0.7495338872049591,0.9648936101880873,0.7554348604457489,0.9589926369472974,0.9353751073618646
s1133,rib_left_8,0.8689,rib,0.5831108486334634,0.9394532868503691,0.5646108966624969,0.9579532388213357,0.5705118699032867,0.9520522655805458,0.8642035973299494
s1133,rib_left_9,0.8986,rib,0.6348100716603214,0.9397120005179959,0.6163101196893549,0.9582119524889624,0.6222110929301448,0.9523109792481725,0.9112029214782795
s1133,rib_right_1,0.9248,rib,0.9362599960108485,0.9701189592572355,0.917760044039882,0.988618911228202,0.9236610172806718,0.9827179379874121,0.9374286040180868
s1133,rib_right_10,0.8946,rib,0.7878756079637966,0.9562333370545727,0.7693756559928301,0.9747332890255392,0.77527662923362,0.9688323157847494,0.9299769974628904
s1133,rib_right_11,0.9223,rib,0.8655319159028839,0.9550802863620974,0.8470319639319174,0.973580238333064,0.8529329371727072,0.9676792650922741,0.9267672340672151
s1133,rib_right_12,0.9115,rib,0.6827137976399423,0.9525829475526858,0.6642138456689758,0.9710828995236523,0.6701148189097657,0.9651819262828625,0.9141359936014535
s1133,rib_right_2,0.9344,rib,0.9424441649201832,0.9549232601309906,0.9239442129492167,0.9734232121019571,0.9298451861900066,0.9675222388611673,0.9456141366701621
s1133,rib_right_3,0.8642,rib,0.7471956699375104,0.9324101587651312,0.7286957179665439,0.9509101107360978,0.7345966912073337,0.9450091374953079,0.8780574353455274
s1133,rib_right_4,0.88,rib,0.7424154790455193,0.9402683745723567,0.7239155270745528,0.9587683265433232,0.7298165003153426,0.9528673533025334,0.9017215703185826
s1133,rib_right_5,0.8778,rib,0.6281554341900918,0.9298419804539263,0.6096554822191252,0.9483419324248928,0.6155564554599151,0.942440959184103,0.8436711515328301
s1133,rib_right_6,0.8813,rib,0.7503865182527071,0.9460928891399691,0.7318865662817405,0.9645928411109357,0.7377875395225304,0.9586918678701458,0.9382828132337013
s1133,rib_right_7,0.8671,rib,0.7589880520802678,0.9369270656223424,0.7404881001093012,0.955427017593309,0.7463890733500911,0.9495260443525191,0.8875795734071084
s1133,rib_right_8,0.8823,rib,0.7417567654886011,0.9295533946263612,0.7232568135176346,0.9480533465973278,0.7291577867584245,0.9421523733565379,0.8608924547671016
s1133,rib_right_9,0.8056,rib,0.8502565634592587,0.9568221580311039,0.8317566114882922,0.9753221100020705,0.837657584729082,0.9694211367612806,0.932611517480819
s1133,scapula_left,0.9297,shoulder_bone,0.944466176191804,0.9719312465564874,0.9259662242208374,0.990431198527454,0.9207979248231822,0.9955994979251092,0.9550595542779526
s1133,scapula_right,0.9333,shoulder_bone,0.9526897172260822,0.9723291651701864,0.9341897652551157,0.990829117141153,0.9290214658574605,0.9959974165388081,0.9583194108355464
s1133,skull,0.5118,neuro,0.051341512204415074,0.9460384122191339,0.03284156023344853,0.9645383641901004,0.030383263387829373,0.9669966610357196,0.5764291215023238
s1133,spinal_cord,0.9235,neuro,0.9480149989566425,0.9485280305717454,0.929515046985676,0.9670279825427119,0.9270567501400568,0.9694862793883311,0.9412390333503645
s1133,spleen,0.9536,solid_abdominal,0.9247616056947197,0.9703703532505199,0.9062616537237531,0.9888703052214864,0.8942505683912217,1.0,0.9342675684528405
s1133,sternum,0.8428,shoulder_bone,0.9237169840219794,0.9520760971949666,0.9052170320510129,0.9705760491659331,0.9000487326533577,0.9757443485635883,0.9417438054631195
s1133,stomach,0.936,digestive,0.8044930652130655,0.953813581845065,0.785993113242099,0.9723135338160316,0.7418682226882649,1.0,0.9340255210542231
s1133,subclavian_artery_left,0.7417,great_vessel,0.5214437655716863,0.9012323919385442,0.5029438136007197,0.9197323439095108,0.4944308643035519,0.9282452932066786,0.6848190381146593
s1133,subclavian_artery_right,0.8294,great_vessel,0.7233900737917911,0.8951501791301029,0.7048901218208246,0.9136501311010694,0.6963771725236567,0.9221630803982372,0.7405756931203116
s1133,superior_vena_cava,0.9166,great_vessel,0.8963246872500368,0.9497090761684294,0.8778247352790702,0.9682090281393959,0.8693117859819024,0.9767219774365637,0.9312412959845765
s1133,thyroid_gland,0.3397,airway_neck,0.7333704999033765,0.9066507878886642,0.71487054793241,0.9251507398596307,0.7291976128765445,0.9108236749154962,0.8033840619876118
s1133,trachea,0.91,airway_neck,0.9423490404976806,0.9683713916999448,0.9238490885267141,0.9868713436709113,0.9381761534708486,0.9725442787267768,0.9599216793253009
s1133,vertebrae_C7,0.8512,vertebrae,0.7595228094736651,0.9372611632179211,0.7410228575026986,0.9557611151888876,0.7411418825917303,0.9556420900998559,0.9049232191656785
s1133,vertebrae_L1,0.9743,vertebrae,0.9616182147715684,0.9752900751804345,0.9431182628006018,0.9937900271514011,0.9432372878896336,0.9936710020623694,0.9775272582094438
s1133,vertebrae_L2,0.9776,vertebrae,0.9474330193428905,0.9705790837946946,0.9289330673719239,0.9890790357656611,0.9290520924609557,0.9889600106766294,0.9502876852027667
s1133,vertebrae_L3,0.9633,vertebrae,0.8078293756556205,0.9605944277740288,0.789329423684654,0.9790943797449954,0.7894484487736857,0.9789753546559636,0.9385774700827674
s1133,vertebrae_T1,0.9339,vertebrae,0.9627347825104304,0.9698698599902346,0.9442348305394639,0.9883698119612011,0.9443538556284956,0.9882507868721694,0.9656399350981312
s1133,vertebrae_T10,0.9618,vertebrae,0.9680212950631127,0.9688597571956327,0.9495213430921462,0.9873597091665992,0.9496403681811779,0.9872406840775675,0.9630318597927608
s1133,vertebrae_T11,0.9697,vertebrae,0.9757652769597602,0.9692279235652232,0.9572653249887937,0.9877278755361898,0.9573843500778254,0.9876088504471581,0.967035887645815
s1133,vertebrae_T12,0.9788,vertebrae,0.9631872254395268,0.9718243322887378,0.9446872734685603,0.9903242842597043,0.944806298557592,0.9902052591706726,0.9669760339859129
s1133,vertebrae_T2,0.9371,vertebrae,0.9652922650060141,0.9713977483773455,0.9467923130350475,0.989897700348312,0.9469113381240792,0.9897786752592803,0.9724234124920847
s1133,vertebrae_T3,0.8816,vertebrae,0.9608630048262985,0.9751134212556064,0.942363052855332,0.993613373226573,0.9424820779443637,0.9934943481375412,0.9694331246872482
s1133,vertebrae_T4,0.882,vertebrae,0.9503166902156734,0.9755744143588232,0.9318167382447069,0.9940743663297897,0.9319357633337386,0.993955341240758,0.9702014854116082
s1133,vertebrae_T5,0.9184,vertebrae,0.9051412762607617,0.9647742555886752,0.8866413242897951,0.9832742075596418,0.8867603493788269,0.9831551824706101,0.9661412129154295
s1133,vertebrae_T6,0.9159,vertebrae,0.9190214585301694,0.9721981509176423,0.9005215065592028,0.9906981028886088,0.9006405316482345,0.9905790777995771,0.9694448593834194
s1133,vertebrae_T7,0.9292,vertebrae,0.9146998433638291,0.963989692295154,0.8961998913928626,0.9824896442661205,0.8963189164818943,0.9823706191770888,0.9339143352932734
s1133,vertebrae_T8,0.9664,vertebrae,0.9544421642615966,0.9684306555827228,0.93594221229063,0.9869306075536893,0.9360612373796617,0.9868115824646576,0.9622475504019948
s1133,vertebrae_T9,0.9683,vertebrae,0.9263193271188725,0.9679285627955375,0.907819375147906,0.9864285147665041,0.9079384002369377,0.9863094896774723,0.9644653321036419
s1199,adrenal_gland_left,0.8421,urinary,0.854259742453002,0.9369356368525276,0.8416984441109393,0.9494969351945902,0.7982840081128968,0.9929113711926327,0.8775853130550585
s1199,adrenal_gland_right,0.8486,urinary,0.7583080989861342,0.9348726215896712,0.7457468006440715,0.9474339199317339,0.702332364646029,0.9908483559297764,0.8852650301047894
s1199,aorta,0.9785,great_vessel,0.9454957766437692,0.9698712151127515,0.9329344783017065,0.9824325134548142,0.9073286917434229,1.0,0.9489055454291381
s1199,atrial_appendage_left,0.9426,heart,0.747690453604317,0.9231401139086429,0.7351291552622543,0.9357014122507056,0.7310852751833075,0.9397452923296524,0.8800036078528309
s1199,autochthon_left,0.9621,muscle,0.9525836472848246,0.9655818364477674,0.9400223489427619,0.9781431347898301,0.9445969613136295,0.9735685224189625,0.9611279795361973
s1199,autochthon_right,0.9586,muscle,0.9507556804099497,0.9627968645896879,0.9381943820678871,0.9753581629317506,0.9427689944387546,0.9707835505608831,0.9404033882415352
s1199,brachiocephalic_trunk,0.9481,great_vessel,0.8301791770396874,0.9294944815368267,0.8176178786976247,0.9420557798788893,0.7920120921393411,0.9676615664371729,0.9147158121489438
s1199,brachiocephalic_vein_left,0.943,great_vessel,0.8779589700965119,0.9313921227558556,0.8653976717544493,0.9439534210979182,0.8397918851961657,0.9695592076562018,0.9093618782953232
s1199,brachiocephalic_vein_right,0.8586,great_vessel,0.8980416714244138,0.9268741779872262,0.8854803730823512,0.9394354763292888,0.8598745865240676,0.9650412628875724,0.9194609365519775
s1199,clavicula_left,0.9677,shoulder_bone,0.8748487101766386,0.9697460810837907,0.8622874118345759,0.9823073794258533,0.8645925543428952,0.9800022369175341,0.9615990049269629
s1199,clavicula_right,0.9636,shoulder_bone,0.932359492302559,0.9722620476398688,0.9197981939604963,0.9848233459819314,0.9221033364688156,0.9825182034736122,0.9425266404015136
s1199,colon,0.8941,digestive,0.5735515042384872,0.9384325345641233,0.5609902058964246,0.950993832906186,0.5375465580317234,0.9744374807708872,0.8650020354739828
s1199,common_carotid_artery_left,0.9168,great_vessel,0.9404374273997965,0.9388358595857687,0.9278761290577339,0.9513971579278313,0.9022703424994503,0.9770029444861149,0.903471100844668
s1199,common_carotid_artery_right,0.8571,great_vessel,0.654193251330674,0.9250419576371776,0.6416319529886113,0.9376032559792402,0.6160261664303277,0.9632090425375238,0.7948287724275038
s1199,costal_cartilages,0.7796,costal_cartilage,0.7759903086243916,0.8861314228172352,0.7634290102823289,0.8986927211592979,0.7411352184766867,0.92098651296494,0.8777506130133417
s1199,duodenum,0.8552,digestive,0.7191355338933849,0.9181612733626145,0.7065742355513223,0.9307225717046772,0.683130587686621,0.9541662195693784,0.7503408872443511
s1199,esophagus,0.9235,digestive,0.9358051774191586,0.9494016842481413,0.9232438790770959,0.961962982590204,0.8998002312123947,0.9854066304549052,0.9078363162882881
s1199,gallbladder,0.861,solid_abdominal,0.7693772178339369,0.943503190525914,0.7568159194918742,0.9560644888679767,0.7572481353613044,0.9556322729985465,0.8944545450261732
s1199,heart,0.9404,heart,0.9338108957750803,0.970300848212901,0.9212495974330176,0.9828621465549636,0.9172057173540707,0.9869060266339105,0.943421485906197
s1199,humerus_left,0.9552,shoulder_bone,0.8276635793770174,0.9743846112234426,0.8151022810349547,0.9869459095655052,0.817407423543274,0.984640767057186,0.974642740942595
s1199,humerus_right,0.9474,shoulder_bone,0.8093843795884448,0.9738694673220037,0.7968230812463821,0.9864307656640664,0.7991282237547014,0.9841256231557471,0.9659678830461972
s1199,iliopsoas_left,0.7642,muscle,0.12118410373486886,0.8543872408687065,0.10862280539280621,0.8669485392107692,0.11319741776367374,0.8623739268399017,0.8389332120545837
s1199,iliopsoas_right,0.828,muscle,0.6877167306440569,0.9008012421408625,0.6751554323019943,0.9133625404829252,0.6797300446728618,0.9087879281120577,0.8104304865089765
s1199,inferior_vena_cava,0.8856,great_vessel,0.9067976773012675,0.9583021679742548,0.8942363789592048,0.9708634663163175,0.8686305924009212,0.9964692528746011,0.9308453719409439
s1199,kidney_left,0.9678,urinary,0.9543334314924952,0.9743108427523237,0.9417721331504325,0.9868721410943864,0.89835769715239,1.0,0.983298341413489
s1199,kidney_right,0.9646,urinary,0.944306914098003,0.9783825136991958,0.9317456157559404,0.9909438120412585,0.8883311797578979,1.0,0.9827841007350668
s1199,liver,0.9835,solid_abdominal,0.9529630560710277,0.9819966935168281,0.9404017577289651,0.9945579918588907,0.9408339735983953,0.9941257759894605,0.9638062147352319
s1199,lung_lower_lobe_left,0.989,lung,0.9764530956536489,0.9844063261919198,0.9638917973115863,0.9969676245339825,0.971834667543051,0.9890247543025177,0.9893043222944231
s1199,lung_lower_lobe_right,0.9875,lung,0.9800913047218828,0.9855025107516351,0.9675300063798201,0.9980638090936977,0.9754728766112849,0.990120938862233,0.9893595733652699
s1199,lung_middle_lobe_right,0.9675,lung,0.9677328697589372,0.9840501339472756,0.9551715714168746,0.9966114322893382,0.9631144416483394,0.9886685620578735,0.9796222093891457
s1199,lung_upper_lobe_left,0.9929,lung,0.971180505517959,0.9918396957293372,0.9586192071758963,1.0,0.9665620774073611,0.996458123839935,0.9820146743904968
s1199,lung_upper_lobe_right,0.9842,lung,0.9640799224563327,0.9895586171532305,0.95151862411427,1.0,0.9594614943457348,0.9941770452638283,0.9765386295187989
s1199,pancreas,0.9248,solid_abdominal,0.8039179823182143,0.9514381659101278,0.7913566839761517,0.9639994642521904,0.7917888998455819,0.9635672483827602,0.8754342848253791
s1199,portal_vein_and_splenic_vein,0.7309,great_vessel,0.8949499502914972,0.952168825922618,0.8823886519494345,0.9647301242646806,0.8567828653911509,0.9903359108229642,0.8736533877554545
s1199,pulmonary_vein,0.933,great_vessel,0.8511269603048512,0.9117258265526116,0.8385656619627886,0.9242871248946742,0.812959875404505,0.9498929114529578,0.8993488820622538
s1199,rib_left_1,0.9187,rib,0.8307166097923113,0.9638842563003343,0.8181553114502487,0.9764455546423969,0.8172250264828509,0.9773758396097947,0.9386786954215165
s1199,rib_left_10,0.9578,rib,0.4331770448501672,0.9627451258831823,0.42061574650810457,0.9753064242252449,0.4196854615407068,0.9762367091926427,0.9641173096306412
s1199,rib_left_11,0.8496,rib,0.7381403996678608,0.9741951642256047,0.7255791013257982,0.9867564625676674,0.7246488163584004,0.9876867475350651,0.9795909744818881
s1199,rib_left_12,0.9076,rib,0.7015146359509031,0.95558189321312,0.6889533376088405,0.9681431915551827,0.6880230526414427,0.9690734765225805,0.938177057492201
s1199,rib_left_2,0.9388,rib,0.6996721078585395,0.9564386776280669,0.6871108095164769,0.9689999759701295,0.6861805245490791,0.9699302609375273,0.8912012884003512
s1199,rib_left_3,0.8696,rib,0.6052128916138857,0.9641276754298852,0.592651593271823,0.9766889737719479,0.5917213083044253,0.9776192587393456,0.9310751998989636
s1199,rib_left_4,0.9457,rib,0.7550584975173931,0.9724356029330494,0.7424971991753304,0.9849969012751121,0.7415669142079326,0.9859271862425099,0.9458769944611634
s1199,rib_left_5,0.8924,rib,0.7357829311372936,0.9629895290618742,0.723221632795231,0.9755508274039368,0.7222913478278332,0.9764811123713346,0.8770352457404256
s1199,rib_left_6,0.9254,rib,0.818845079514015,0.9544270145395074,0.8062837811719523,0.9669883128815701,0.8053534962045545,0.9679185978489678,0.8749388293509397
s1199,rib_left_7,0.9505,rib,0.7929914986213245,0.9690588527318076,0.7804302002792618,0.9816201510738702,0.779499915311864,0.982550436041268,0.9458796837911472
s1199,rib_left_8,0.9507,rib,0.6355216979739173,0.961791012730566,0.6229603996318547,0.9743523110726287,0.6220301146644569,0.9752825960400264,0.9636845545533147
s1199,rib_left_9,0.9368,rib,0.5019128144287515,0.9608565025805199,0.4893515160866888,0.9734178009225826,0.48842123111929103,0.9743480858899803,0.9661797094830549
s1199,rib_right_1,0.8817,rib,0.822639785073747,0.9591222696062067,0.8100784867316844,0.9716835679482694,0.8091482017642866,0.9726138529156672,0.9297788787820009
s1199,rib_right_10,0.9623,rib,0.5615007628078262,0.966376061334232,0.5489394644657636,0.9789373596762947,0.5480091794983658,0.9798676446436925,0.9690217625033473
s1199,rib_right_11,0.9286,rib,0.4846997430754304,0.9679122703268689,0.47213844473336775,0.9804735686689315,0.47120815976596997,0.9814038536363293,0.9593523808183347
s1199,rib_right_12,0.9333,rib,0.745908861739941,0.9601878616147789,0.7333475633978783,0.9727491599568415,0.7324172784304805,0.9736794449242393,0.9495151130050022
s1199,rib_right_2,0.956,rib,0.7660685633356783,0.9676928097704616,0.7535072649936156,0.9802541081125242,0.7525769800262179,0.981184393079922,0.9513574586156911
s1199,rib_right_3,0.9399,rib,0.6481379472331573,0.9655369912184278,0.6355766488910947,0.9780982895604905,0.6346463639236969,0.9790285745278883,0.9391907096382943
s1199,rib_right_4,0.9522,rib,0.7730873507464611,0.9686664904639063,0.7605260524043984,0.981227788805969,0.7595957674370006,0.9821580737733667,0.9567281296009535
s1199,rib_right_5,0.9388,rib,0.7612760799196566,0.9622678863280808,0.748714781577594,0.9748291846701435,0.7477844966101962,0.9757594696375412,0.9477067339157024
s1199,rib_right_6,0.9278,rib,0.7023575290512032,0.9597922963619705,0.6897962307091405,0.9723535947040332,0.6888659457417428,0.9732838796714309,0.8821034749845194
s1199,rib_right_7,0.9324,rib,0.7752905710480467,0.9648729700689191,0.762729272705984,0.9774342684109818,0.7617989877385862,0.9783645533783796,0.94544212985393
s1199,rib_right_8,0.912,rib,0.5940232023337216,0.9643703040370107,0.581461903991659,0.9769316023790734,0.5805316190242612,0.9778618873464712,0.9644517431446673
s1199,rib_right_9,0.9524,rib,0.5532530843630775,0.9359774420219881,0.5406917860210149,0.9485387403640507,0.5397615010536171,0.9494690253314485,0.8992484908228666
s1199,scapula_left,0.8859,shoulder_bone,0.8148866680122362,0.9642640985399052,0.8023253696701735,0.9768253968819679,0.8046305121784928,0.9745202543736486,0.9455352937872085
s1199,scapula_right,0.8864,shoulder_bone,0.819567280944659,0.965694856771494,0.8070059826025964,0.9782561551135567,0.8093111251109156,0.9759510126052374,0.9576324904777498
s1199,small_bowel,0.5962,digestive,0.7515349734821509,0.920710998172334,0.7389736751400883,0.9332722965143967,0.7155300272753871,0.9567159443790979,0.818331048362799
s1199,spinal_cord,0.9257,neuro,0.8949243638345852,0.9556751063978965,0.8823630654925225,0.9682364047399592,0.889242985945442,0.9613564842870397,0.9319718382825424
s1199,spleen,0.9147,solid_abdominal,0.9548500099126513,0.9724435993857532,0.9422887115705887,0.9850048977278159,0.9427209274400189,0.9845726818583856,0.9532712454280503
s1199,sternum,0.9098,shoulder_bone,0.9137797572095295,0.9584614932420118,0.9012184588674669,0.9710227915840745,0.9035236013757861,0.9687176490757552,0.9352096604284484
s1199,stomach,0.9566,digestive,0.9103890294147462,0.9687016095551778,0.8978277310726835,0.9812629078972405,0.8743840832079823,1.0,0.9400134778477172
s1199,subclavian_artery_left,0.8776,great_vessel,0.6872485927174878,0.9019046931648752,0.6746872943754252,0.9144659915069379,0.6490815078171416,0.9400717780652215,0.826336790868582
s1199,subclavian_artery_right,0.9208,great_vessel,0.7696172887877468,0.9302633877574219,0.7570559904456842,0.9428246860994846,0.7314502038874006,0.9684304726577682,0.9243419857982897
s1199,superior_vena_cava,0.9418,great_vessel,0.8358783510657786,0.9368728576957669,0.8233170527237159,0.9494341560378295,0.7977112661654323,0.9750399425961132,0.9164710551203242
s1199,thyroid_gland,0.9126,airway_neck,0.8270299856685016,0.9395694784237454,0.814468687326439,0.952130776765808,0.7721038113473835,0.9944956527448635,0.9096598439913332
s1199,trachea,0.9714,airway_neck,0.9198691553851696,0.9737319960940213,0.9073078570431069,0.9862932944360839,0.8649429810640514,1.0,0.9725009754163345
s1199,vertebrae_C7,0.9523,vertebrae,0.5984531360759804,0.9350248830900351,0.5858918377339177,0.9475861814320977,0.5892526189416172,0.9442254002243983,0.7963463965069222
s1199,vertebrae_L1,0.9804,vertebrae,0.9413068629137126,0.9768960915350415,0.9287455645716499,0.9894573898771042,0.9321063457793494,0.9860966086694047,0.9813052317800327
s1199,vertebrae_L2,0.7464,vertebrae,0.1400713824779668,0.8862985953231561,0.12751008413590414,0.8988598936652188,0.1308708653436036,0.8954991124575193,0.5516813467210442
s1199,vertebrae_T1,0.9556,vertebrae,0.7704857961694008,0.9716377465523613,0.7579244978273382,0.984199044894424,0.7612852790350376,0.9808382636867246,0.9657535737007196
s1199,vertebrae_T10,0.9709,vertebrae,0.9747653071088925,0.9754924031010233,0.9622040087668299,0.9880537014430859,0.9655647899745293,0.9846929202353865,0.9743018340079538
s1199,vertebrae_T11,0.9753,vertebrae,0.9763169794965082,0.9768688733132215,0.9637556811544455,0.9894301716552841,0.967116462362145,0.9860693904475847,0.9695806551275673
s1199,vertebrae_T12,0.9768,vertebrae,0.9750690609274039,0.9782641839507827,0.9625077625853412,0.9908254822928454,0.9658685437930407,0.987464701085146,0.9710302022307412
s1199,vertebrae_T2,0.9671,vertebrae,0.9768483633631837,0.9730979862048879,0.964287065021121,0.9856592845469505,0.9676478462288205,0.9822985033392511,0.9721275794022305
s1199,vertebrae_T3,0.9572,vertebrae,0.9684836492816442,0.9737899951781951,0.9559223509395816,0.9863512935202577,0.959283132147281,0.9829905123125583,0.9714742875087833
s1199,vertebrae_T4,0.9393,vertebrae,0.7239355381458034,0.9715688696696965,0.7113742398037407,0.9841301680117591,0.7147350210114402,0.9807693868040597,0.9377361090089034
s1199,vertebrae_T5,0.9449,vertebrae,0.9551328079050326,0.9747555520688519,0.94257150956297,0.9873168504109145,0.9459322907706694,0.9839560692032151,0.968186738562614
s1199,vertebrae_T6,0.9492,vertebrae,0.9158744991785337,0.9750207858076949,0.903313200836471,0.9875820841497576,0.9066739820441705,0.9842213029420581,0.9625205058512023
s1199,vertebrae_T7,0.9632,vertebrae,0.9446769780149716,0.975400491040472,0.932115679672909,0.9879617893825346,0.9354764608806084,0.9846010081748352,0.9702506805431999
s1199,vertebrae_T8,0.9712,vertebrae,0.9487095623631758,0.9742156078445481,0.9361482640211132,0.9867769061866107,0.9395090452288126,0.9834161249789113,0.9738385670068482
s1199,vertebrae_T9,0.973,vertebrae,0.9796192343641423,0.9746781779963624,0.9670579360220797,0.987239476338425,0.9704187172297791,0.9838786951307256,0.9739192266976627
s1059,aorta,0.9361,great_vessel,0.6686817558781404,0.9335472581124437,0.6406768725222637,0.9615521414683204,0.6296540261875362,0.9725749878030479,0.9206518642168401
s1059,autochthon_left,0.9432,muscle,0.9526018934496079,0.9658157084666423,0.9245970100937312,0.993820591822519,0.9272546524057177,0.9911629495105325,0.9441659578095968
s1059,autochthon_right,0.9143,muscle,0.9486615565643294,0.9642307272959154,0.9206566732084527,0.9922356106517921,0.9233143155204392,0.9895779683398056,0.9414577470733223
s1059,brachiocephalic_trunk,0.9251,great_vessel,0.7668068447399947,0.9314725596399152,0.738801961384118,0.9594774429957919,0.7277791150493905,0.9705002893305194,0.8560476321893898
s1059,brachiocephalic_vein_left,0.9443,great_vessel,0.7590949464231562,0.9251032015139506,0.7310900630672795,0.9531080848698273,0.720067216732552,0.9641309312045548,0.8741060140358484
s1059,brachiocephalic_vein_right,0.9593,great_vessel,0.6842946827996104,0.9203473867394307,0.6562897994437337,0.9483522700953074,0.6452669531090062,0.9593751164300349,0.8429212592116074
s1059,brain,0.8408,neuro,0.6482176418410177,0.9526072318660407,0.620212758485141,0.9806121152219174,0.6388043967699849,0.9620204769370735,0.8751027432717006
s1059,clavicula_left,0.9809,shoulder_bone,0.9665511969666511,0.9684312429946617,0.9385463136107745,0.9964361263505384,0.9338180552007527,1.0,0.9431829743445995
s1059,clavicula_right,0.9437,shoulder_bone,0.9422495234418776,0.9693390532975147,0.9142446400860009,0.9973439366533914,0.9095163816759791,1.0,0.9508735921739379
s1059,common_carotid_artery_left,0.9397,great_vessel,0.8798124035864109,0.9297403069102557,0.8518075202305342,0.9577451902661324,0.8407846738958067,0.9687680366008599,0.8964139233722984
s1059,common_carotid_artery_right,0.8598,great_vessel,0.8567673361681287,0.921179347506481,0.828762452812252,0.9491842308623577,0.8177396064775245,0.9602070771970852,0.8900656758110567
s1059,costal_cartilages,0.8084,costal_cartilage,0.6947412939578069,0.8904698319342971,0.6667364106019302,0.9184747152901738,0.6541252230891804,0.9310859028029236,0.8101786403407176
s1059,esophagus,0.8866,digestive,0.8017628840194021,0.9323387592339032,0.7737580006635254,0.9603436425897799,0.661440425447648,1.0,0.9092122813807771
s1059,humerus_left,0.9671,shoulder_bone,0.97849089020207,0.9805511215918198,0.9504860068461933,1.0,0.9457577484361716,1.0,0.9686237024542687
s1059,humerus_right,0.9683,shoulder_bone,0.9188944732230683,0.9633174858417416,0.8908895898671916,0.9913223691976183,0.8861613314571698,0.9960506276076401,0.9496856440286763
s1059,lung_upper_lobe_left,0.9827,lung,0.9474781896677009,0.9740126497881938,0.9194733063118242,1.0,0.9413978249015857,0.980093014554309,0.9612682184999711
s1059,lung_upper_lobe_right,0.9866,lung,0.9520807598438469,0.9718818358149738,0.9240758764879702,0.9998867191708505,0.9460003950777317,0.977962200581089,0.9555196513170928
s1059,rib_left_1,0.9475,rib,0.7874091691163392,0.9695203969884438,0.7594042857604625,0.9975252803443205,0.7475498780486032,1.0,0.9404783868460758
s1059,rib_left_2,0.9647,rib,0.770020692521543,0.9761311870823278,0.7420158091656663,1.0,0.730161401453807,1.0,0.9689060105701571
s1059,rib_left_3,0.9225,rib,0.5533416723599491,0.9726239512176201,0.5253367890040724,1.0,0.5134823812922131,1.0,0.9429882626886872
s1059,rib_left_4,0.8365,rib,0.7695868599436307,0.9577947797036458,0.741581976587754,0.9857996630595225,0.7297275688758947,0.9976540707713818,0.9261875791626414
s1059,rib_right_1,0.9312,rib,0.8186792644400489,0.9708296722175769,0.7906743810841722,0.9988345555734536,0.7788199733723129,1.0,0.9402742361457688
s1059,rib_right_2,0.9623,rib,0.7971556957989997,0.9766703591179997,0.769150812443123,1.0,0.7572964047312637,1.0,0.9747922231850656
s1059,rib_right_3,0.9356,rib,0.5079035380405841,0.9742191464934311,0.4798986546847074,1.0,0.4680442469728481,1.0,0.9080893229012452
s1059,rib_right_4,0.9428,rib,0.6890985796849212,0.9584324032817636,0.6610936963290445,0.9864372866376403,0.6492392886171852,0.9982916943494996,0.9565673218584774
s1059,scapula_left,0.9284,shoulder_bone,0.8626531208248015,0.9791394041206001,0.8346482374689248,1.0,0.829919979058903,1.0,0.9682339697616411
s1059,scapula_right,0.9507,shoulder_bone,0.8939894319462158,0.9770428433280227,0.8659845485903391,1.0,0.8612562901803174,1.0,0.9605739928182718
s1059,skull,0.9568,neuro,0.9354898295643859,0.9716942587235736,0.9074849462085092,0.9996991420794503,0.9260765844933531,0.9811075037946064,0.9531205477492364
s1059,spinal_cord,0.9113,neuro,0.865792833538298,0.9441774980625878,0.8377879501824212,0.9721823814184645,0.8563795884672651,0.9535907431336206,0.9297582671916427
s1059,sternum,0.9436,shoulder_bone,0.8725069066365733,0.9691473048318866,0.8445020232806966,0.9971521881877633,0.8397737648706748,1.0,0.9266312454795528
s1059,subclavian_artery_left,0.8507,great_vessel,0.86342568234347,0.9371608145375815,0.8354207989875932,0.9651656978934582,0.8243979526528658,0.9761885442281857,0.8795591390233745
s1059,subclavian_artery_right,0.9,great_vessel,0.8771919150827736,0.9392482570481326,0.8491870317268969,0.9672531404040093,0.8381641853921694,0.9782759867387368,0.8903498988332171
s1059,thyroid_gland,0.9136,airway_neck,0.8145874860365786,0.9176229584396871,0.7865826026807019,0.9456278417955638,0.8069511647049464,0.9252592797713193,0.887229455280849
s1059,trachea,0.4032,airway_neck,0.7676419563882887,0.9217157331486063,0.739637073032412,0.949720616504483,0.7600056350566565,0.9293520544802385,0.7538632030326894
s1059,vertebrae_C1,0.8966,vertebrae,0.9053262235164619,0.9732160520193508,0.8773213401605852,1.0,0.8757043002506755,1.0,0.9523264228040983
s1059,vertebrae_C2,0.9783,vertebrae,0.9377194424727631,0.9788718416836812,0.9097145591168864,1.0,0.9080975192069767,1.0,0.9530417571999741
s1059,vertebrae_C3,0.9752,vertebrae,0.902164322886837,0.9737029988358573,0.8741594395309603,1.0,0.8725423996210506,1.0,0.958848317797168
s1059,vertebrae_C4,0.9708,vertebrae,0.9026725775616641,0.9769869191738785,0.8746676942057874,1.0,0.8730506542958777,1.0,0.9607738121551416
s1059,vertebrae_C5,0.9657,vertebrae,0.8763214633418919,0.9739630527291814,0.8483165799860152,1.0,0.8466995400761055,1.0,0.9637311747959402
s1059,vertebrae_C6,0.9668,vertebrae,0.7825362863378116,0.9743265654923291,0.7545314029819349,1.0,0.7529143630720252,1.0,0.9466720937658545
s1059,vertebrae_C7,0.9651,vertebrae,0.7582717853700864,0.9766951560147072,0.7302669020142097,1.0,0.7286498621043,1.0,0.9480946146098085
s1059,vertebrae_T1,0.9686,vertebrae,0.8136289137571947,0.9806453117996455,0.785624030401318,1.0,0.7840069904914083,1.0,0.9745260583080453
s1059,vertebrae_T2,0.9737,vertebrae,0.682330712064206,0.9809220963643079,0.6543258287083293,1.0,0.6527087887984196,1.0,0.9649341640177698
s1059,vertebrae_T3,0.969,vertebrae,0.6648255231142609,0.9798953547045879,0.6368206397583842,1.0,0.6352035998484745,1.0,0.9624536013582363
s1059,vertebrae_T4,0.9235,vertebrae,0.5389456238379395,0.9764105822229182,0.5109407404820628,1.0,0.5093237005721531,1.0,0.9611553325296723
s1161,adrenal_gland_left,0.9211,urinary,0.7515026010832765,0.9218903146098691,0.7366339524754679,0.9367589632176777,0.7348155586965218,0.9385773569966238,0.8941443215326822
s1161,adrenal_gland_right,0.9243,urinary,0.8505785174733356,0.9192860736128309,0.835709868865527,0.9341547222206394,0.8338914750865809,0.9359731159995855,0.9012977743497607
s1161,aorta,0.977,great_vessel,0.9374282825968274,0.9752781754850239,0.9225596339890189,0.9901468240928325,0.9229115789586371,0.9897948791232143,0.9678462779263914
s1161,atrial_appendage_left,0.9046,heart,0.8255536202367495,0.9380438779786137,0.8106849716289409,0.9529125265864222,0.8142438110686241,0.9493536871467391,0.9144521657513489
s1161,autochthon_left,0.9632,muscle,0.953420714151193,0.9675307196292119,0.9385520655433844,0.9823993682370205,0.9450636776802215,0.9758877561001834,0.9523623018455706
s1161,autochthon_right,0.9501,muscle,0.9468293802136046,0.9692224494122212,0.9319607316057961,0.9840910980200298,0.9384723437426331,0.9775794858831928,0.9554737974562878
s1161,brachiocephalic_trunk,0.8884,great_vessel,0.7936377848066132,0.9332884229135378,0.7787691361988046,0.9481570715213463,0.7791210811684228,0.9478051265517281,0.9093224541049573
s1161,brachiocephalic_vein_left,0.9293,great_vessel,0.8878261207813724,0.9505712165335412,0.8729574721735638,0.9654398651413497,0.873309417143182,0.9650879201717315,0.9434894040004143
s1161,brachiocephalic_vein_right,0.9162,great_vessel,0.8598821202200898,0.9311701723902206,0.8450134716122812,0.9460388209980292,0.8453654165818995,0.945686876028411,0.9125098400762859
s1161,brain,0.9814,neuro,0.9427389728098039,0.978173059189038,0.9278703242019953,0.9930417077968465,0.9349277215052013,0.9859843104936405,0.9607353874258084
s1161,clavicula_left,0.9728,shoulder_bone,0.8232260053983207,0.971561914756507,0.8083573567905121,0.9864305633643156,0.8127322489868323,0.9820556711679954,0.9543017382319446
s1161,clavicula_right,0.8286,shoulder_bone,0.8736466013844982,0.9727263985517878,0.8587779527766897,0.9875950471595963,0.8631528449730098,0.9832201549632762,0.9595485474384697
s1161,colon,0.925,digestive,0.7714791272750692,0.9379427803234915,0.7566104786672606,0.9528114289313001,0.7063373842817661,1.0,0.8222247926257477
s1161,common_carotid_artery_left,0.866,great_vessel,0.8828712580946264,0.930526963649213,0.8680026094868178,0.9453956122570215,0.8683545544564361,0.9450436672874033,0.928343739685622
s1161,common_carotid_artery_right,0.7678,great_vessel,0.7363291901934513,0.9086003316227672,0.7214605415856428,0.9234689802305758,0.721812486555261,0.9231170352609576,0.8217881289009704
s1161,costal_cartilages,0.9155,costal_cartilage,0.7999252691425285,0.9003794715703253,0.7850566205347199,0.9152481201781338,0.7834843525402287,0.916820388172625,0.8939703759372793
s1161,duodenum,0.8914,digestive,0.9047596799055972,0.9460642840197427,0.8898910312977887,0.9609329326275513,0.8396179369122941,1.0,0.9356632011834907
s1161,esophagus,0.9258,digestive,0.9297229685296323,0.9525685831237596,0.9148543199218238,0.9674372317315681,0.8645812255363292,1.0,0.957426310048046
s1161,femur_left,0.1447,pelvic_bone,0.7137150920634698,0.9274805930169093,0.6988464434556613,0.9423492416247179,0.7067537416389141,0.934441943441465,0.9576939471775814
s1161,gallbladder,0.9419,solid_abdominal,0.8041109999387259,0.9307050398013754,0.7892423513309174,0.945573688409184,0.7849611771230465,0.9498548626170549,0.8381025006572583
s1161,gluteus_maximus_left,0.9096,muscle,0.7507930126917173,0.9535958355681394,0.7359243640839087,0.968464484175948,0.7424359762207458,0.961952872039111,0.894960127706299
s1161,gluteus_maximus_right,0.9467,muscle,0.9441958239229558,0.9720357648667556,0.9293271753151472,0.9869044134745641,0.9358387874519842,0.9803928013377271,0.9736946319905829
s1161,gluteus_medius_left,0.9386,muscle,0.937383860249019,0.9720138237231196,0.9225152116412104,0.9868824723309282,0.9290268237780475,0.9803708601940911,0.9572816417532715
s1161,gluteus_medius_right,0.9521,muscle,0.9485753417926283,0.9728134259105422,0.9337066931848197,0.9876820745183508,0.9402183053216567,0.9811704623815137,0.9538157159188728
s1161,gluteus_minimus_left,0.9006,muscle,0.9207539704285919,0.9444075822573483,0.9058853218207833,0.9592762308651569,0.9123969339576203,0.9527646187283199,0.8663510930440217
s1161,gluteus_minimus_right,0.948,muscle,0.8983463916095927,0.9546397367370731,0.8834777430017842,0.9695083853448817,0.8899893551386212,0.9629967732080447,0.9237206539975601
s1161,heart,0.938,heart,0.9588289230693889,0.9685487748611226,0.9439602744615804,0.9834174234689311,0.9475191139012635,0.979858584029248,0.9342702479315049
s1161,hip_left,0.9501,pelvic_bone,0.9609103427831487,0.9761342367909348,0.9460416941753401,0.9910028853987434,0.953948992358593,0.9830955872154905,0.9747443864152082
s1161,hip_right,0.9829,pelvic_bone,0.9625600470107053,0.9792375131983891,0.9476913984028967,0.9941061618061977,0.9555986965861496,0.9861988636229448,0.9851490082083457
s1161,humerus_left,0.9733,shoulder_bone,0.8906188764580851,0.9722001254375245,0.8757502278502766,0.9870687740453331,0.8801251200465967,0.982693881849013,0.9526309316733735
s1161,humerus_right,0.9811,shoulder_bone,0.9113477046280312,0.9725111887489071,0.8964790560202226,0.9873798373567156,0.9008539482165427,0.9830049451603955,0.9666358950331535
s1161,iliac_artery_left,0.9672,great_vessel,0.8899551759967548,0.9422890702752704,0.8750865273889462,0.957157718883079,0.8754384723585644,0.9568057739134608,0.9260067857690636
s1161,iliac_artery_right,0.9389,great_vessel,0.9031393356928998,0.9576719520603542,0.8882706870850913,0.9725406006681627,0.8886226320547095,0.9721886556985445,0.9222607250803653
s1161,iliac_vena_left,0.95,great_vessel,0.8682918979319865,0.9459530725528221,0.8534232493241779,0.9608217211606307,0.8537751942937961,0.9604697761910125,0.9296068170283052
s1161,iliac_vena_right,0.9372,great_vessel,0.8480994417945616,0.9456225805420828,0.8332307931867531,0.9604912291498914,0.8335827381563713,0.9601392841802732,0.9178922152590069
s1161,iliopsoas_left,0.8827,muscle,0.889974931543803,0.9527311760507714,0.8751062829359945,0.96759982465858,0.8816178950728315,0.9610882125217429,0.9411373025712374
s1161,iliopsoas_right,0.9711,muscle,0.9631150483904225,0.9704238679542885,0.9482463997826139,0.985292516562097,0.954758011919451,0.97878090442526,0.969710477701411
s1161,inferior_vena_cava,0.9531,great_vessel,0.8948319681054899,0.9557973562756304,0.8799633194976814,0.970666004883439,0.8803152644672996,0.9703140599138208,0.9267191018916853
s1161,kidney_left,0.9837,urinary,0.9650991864327929,0.9869492728987573,0.9502305378249843,1.0,0.9484121440460382,1.0,0.9774010277442342
s1161,kidney_right,0.9847,urinary,0.9515585541338897,0.9856944461035404,0.9366899055260811,1.0,0.934871511747135,1.0,0.9745114888058006
s1161,liver,0.9893,solid_abdominal,0.9579564248061888,0.9859710308267102,0.9430877761983802,1.0,0.9388066019905094,1.0,0.9848225843941972
s1161,lung_lower_lobe_left,0.9725,lung,0.8150565427258919,0.950951036810864,0.8001878941180833,0.9658196854186726,0.7990183701996719,0.966989209337084,0.9130439830915001
s1161,lung_lower_lobe_right,0.9824,lung,0.9644883785176963,0.9784583113724374,0.9496197299098877,0.993326959980246,0.9484502059914763,0.9944964838986574,0.9662898641475974
s1161,lung_middle_lobe_right,0.9551,lung,0.8685072256164286,0.9789652484659015,0.85363857700862,0.9938338970737101,0.8524690530902086,0.9950034209921215,0.9445200256520889
s1161,lung_upper_lobe_left,0.9835,lung,0.9716777181642575,0.9892705343243055,0.956809069556449,1.0,0.9556395456380375,1.0,0.9882593145813423
s1161,lung_upper_lobe_right,0.9776,lung,0.9238141217473614,0.9865009886975556,0.9089454731395529,1.0,0.9077759492211415,1.0,0.9750875515885595
s1161,pancreas,0.8905,solid_abdominal,0.8321487121767813,0.9575004391787959,0.8172800635689728,0.9723690877866045,0.8129988893611019,0.9766502619944754,0.9258073115283774
s1161,portal_vein_and_splenic_vein,0.8781,great_vessel,0.7693861920060165,0.9447023109756109,0.754517543398208,0.9595709595834194,0.7548694883678262,0.9592190146138012,0.8812368330913948
s1161,pulmonary_vein,0.933,great_vessel,0.7514088724418585,0.9110544707148411,0.7365402238340499,0.9259231193226497,0.7368921688036681,0.9255711743530315,0.8258854898970128
s1161,rib_left_1,0.9389,rib,0.8504418933432984,0.9525997591467542,0.8355732447354899,0.9674684077545628,0.8321623009569542,0.9708793515330985,0.9228050800279242
s1161,rib_left_10,0.8876,rib,0.6217046149079479,0.9075549653134745,0.6068359663001394,0.922423613921283,0.6034250225216037,0.9258345576998187,0.8412772641976556
s1161,rib_left_11,0.9302,rib,0.6817530277094926,0.9202335231939884,0.6668843791016841,0.935102171801797,0.6634734353231484,0.9385131155803327,0.8256911199564758
s1161,rib_left_12,0.9521,rib,0.6592706397017325,0.9351355757015658,0.6444019910939239,0.9500042243093744,0.6409910473153883,0.95341516808791,0.8658271840510954
s1161,rib_left_2,0.9645,rib,0.7635503700694891,0.962042857806989,0.7486817214616805,0.9769115064147975,0.7452707776831449,0.9803224501933332,0.9472001612312492
s1161,rib_left_3,0.9732,rib,0.829136664923144,0.964710884077081,0.8142680163153354,0.9795795326848896,0.8108570725367997,0.9829904764634253,0.9572096573768781
s1161,rib_left_4,0.9583,rib,0.8943478717443121,0.9706339274931519,0.8794792231365035,0.9855025761009605,0.8760682793579678,0.9889135198794962,0.9625511313464633
s1161,rib_left_5,0.9661,rib,0.7781555050365649,0.9488376262076366,0.7632868564287564,0.9637062748154451,0.7598759126502207,0.9671172185939808,0.9586156816948648
s1161,rib_left_6,0.9673,rib,0.9499415118504007,0.9693829942608349,0.9350728632425921,0.9842516428686434,0.9316619194640564,0.9876625866471791,0.9635867991106671
s1161,rib_left_7,0.9258,rib,0.9596726752148598,0.9686005895689375,0.9448040266070512,0.983469238176746,0.9413930828285155,0.9868801819552817,0.95934398047747
s1161,rib_left_8,0.8617,rib,0.6249593239487585,0.9076305039752829,0.61009067534095,0.9224991525830915,0.6066797315624143,0.9259100963616271,0.7790501956174046
s1161,rib_left_9,0.869,rib,0.6360476684419719,0.9058616432966557,0.6211790198341633,0.9207302919044643,0.6177680760556277,0.924141235683,0.7871083754286009
s1161,rib_right_1,0.9794,rib,0.8432877014208249,0.9600526602855454,0.8284190528130163,0.9749213088933539,0.8250081090344806,0.9783322526718896,0.9113205851614306
s1161,rib_right_10,0.9742,rib,0.9410796161294605,0.9722164948897146,0.9262109675216519,0.9870851434975232,0.9228000237431162,0.9904960872760589,0.9638419133580515
s1161,rib_right_11,0.9725,rib,0.8300608157457359,0.9641805527456838,0.8151921671379273,0.9790492013534924,0.8117812233593916,0.9824601451320281,0.9510862000676017
s1161,rib_right_12,0.9491,rib,0.6123416210941267,0.9223981883869408,0.5974729724863181,0.9372668369947493,0.5940620287077825,0.940677780773285,0.7675091451894257
s1161,rib_right_2,0.9767,rib,0.8226122512487486,0.9664729889054596,0.80774360264094,0.9813416375132682,0.8043326588624043,0.9847525812918039,0.9412500995463727
s1161,rib_right_3,0.9744,rib,0.8448480702848988,0.9702889245193265,0.8299794216770903,0.985157573127135,0.8265684778985546,0.9885685169056707,0.952836405940671
s1161,rib_right_4,0.9768,rib,0.8676180326153843,0.9643734706975061,0.8527493840075757,0.9792421193053147,0.84933844022904,0.9826530630838504,0.9467254554097896
s1161,rib_right_5,0.9753,rib,0.8681349061907133,0.9555877586835216,0.8532662575829048,0.9704564072913302,0.8498553138043691,0.9738673510698659,0.9474986672353857
s1161,rib_right_6,0.9722,rib,0.9302737967499675,0.9684833334779082,0.9154051481421589,0.9833519820857167,0.9119942043636232,0.9867629258642524,0.9516639391354222
s1161,rib_right_7,0.9706,rib,0.9536686883887698,0.9699784621412149,0.9388000397809613,0.9848471107490234,0.9353890960024256,0.9882580545275591,0.9652099371531261
s1161,rib_right_8,0.9684,rib,0.8842016646645957,0.9635312869748814,0.8693330160567871,0.97839993558269,0.8659220722782515,0.9818108793612257,0.9565049159066928
s1161,rib_right_9,0.9666,rib,0.9097780550488167,0.9510734557704386,0.8949094064410081,0.9659421043782471,0.8914984626624725,0.9693530481567828,0.9300600702649418
s1161,sacrum,0.9422,pelvic_bone,0.8871284083671787,0.9530495352070524,0.8722597597593701,0.9679181838148609,0.880167057942623,0.9600108856316081,0.9302553659348187
s1161,scapula_left,0.9333,shoulder_bone,0.9307895361266836,0.9657089788751324,0.915920887518875,0.980577627482941,0.9202957797151952,0.9762027352866208,0.9565902702156308
s1161,scapula_right,0.944,shoulder_bone,0.9398035415695504,0.9718347344577222,0.9249348929617418,0.9867033830655307,0.929309785158062,0.9823284908692106,0.9641851574719401
s1161,skull,0.9533,neuro,0.9008528815456059,0.9606817349549417,0.8859842329377974,0.9755503835627503,0.8930416302410034,0.9684929862595443,0.9314378277641642
s1161,small_bowel,0.9279,digestive,0.7485367936944716,0.9398623068741927,0.733668145086663,0.9547309554820013,0.6833950507011685,1.0,0.8586081862720669
s1161,spinal_cord,0.944,neuro,0.9088795093745164,0.9497605147959582,0.8940108607667079,0.9646291634037668,0.9010682580699139,0.9575717661005608,0.9417875929496896
s1161,spleen,0.9871,solid_abdominal,0.9504308975467698,0.9879216038135105,0.9355622489389612,1.0,0.9312810747310903,1.0,0.982574462263132
s1161,sternum,0.9114,shoulder_bone,0.8990454095414351,0.9618349307528412,0.8841767609336265,0.9767035793606498,0.8885516531299467,0.9723286871643296,0.9273068070043017
s1161,stomach,0.9744,digestive,0.9254531297028082,0.9706869261201035,0.9105844810949997,0.9855555747279121,0.8603113867095051,1.0,0.9407695912557815
s1161,subclavian_artery_left,0.8607,great_vessel,0.8455582386161017,0.9330796024256244,0.8306895900082931,0.9479482510334329,0.8310415349779113,0.9475963060638147,0.9269622465337714
s1161,subclavian_artery_right,0.8785,great_vessel,0.7967728885338883,0.9134044296384789,0.7819042399260797,0.9282730782462875,0.7822561848956979,0.9279211332766693,0.8920702336072845
s1161,superior_vena_cava,0.9367,great_vessel,0.9070993125926926,0.9505105039316439,0.892230663984884,0.9653791525394525,0.8925826089545023,0.9650272075698343,0.9469038482045482
s1161,thyroid_gland,0.9217,airway_neck,0.8636153698583261,0.9415403025526359,0.8487467212505175,0.9564089511604444,0.8527417403532208,0.9524139320577412,0.936048350806034
s1161,trachea,0.9047,airway_neck,0.691437409343856,0.9430135634680588,0.6765687607360474,0.9578822120758673,0.6805637798387507,0.953887192973164,0.8210737632710401
s1161,urinary_bladder,0.9796,urinary,0.8601305248773253,0.964681844118092,0.8452618762695168,0.9795504927259006,0.8434434824905707,0.9813688865048467,0.9501275620673025
s1161,vertebrae_C1,0.8926,vertebrae,0.8565662412185938,0.9588111887894744,0.8416975926107853,0.9736798373972829,0.8412050191763142,0.974172410831754,0.931979140243976
s1161,vertebrae_C2,0.9729,vertebrae,0.8804688390720908,0.9688388976862531,0.8656001904642823,0.9837075462940617,0.8651076170298112,0.9842001197285327,0.9411647309209846
s1161,vertebrae_C3,0.9587,vertebrae,0.8979194569293985,0.9594508263960232,0.8830508083215899,0.9743194750038318,0.8825582348871188,0.9748120484383028,0.9279923306842451
s1161,vertebrae_C4,0.9644,vertebrae,0.8886175405137764,0.9609526935807959,0.8737488919059678,0.9758213421886045,0.8732563184714968,0.9763139156230756,0.9406496823702497
s1161,vertebrae_C5,0.9685,vertebrae,0.8793562458862848,0.9585198231477443,0.8644875972784762,0.9733884717555529,0.8639950238440052,0.9738810451900239,0.9431340988967217
s1161,vertebrae_C6,0.952,vertebrae,0.8915077356452387,0.9549506689210293,0.8766390870374301,0.9698193175288379,0.876146513602959,0.9703118909633089,0.9336242271638381
s1161,vertebrae_C7,0.9101,vertebrae,0.8881874344793533,0.9670308811207211,0.8733187858715448,0.9818995297285297,0.8728262124370737,0.9823921031630007,0.9630650433986664
s1161,vertebrae_L1,0.981,vertebrae,0.8859731032870245,0.9849026701520056,0.8711044546792159,0.9997713187598142,0.8706118812447449,1.0,0.9616421137315896
s1161,vertebrae_L2,0.9849,vertebrae,0.9214966205290296,0.985026411121089,0.906627971921221,0.9998950597288976,0.90613539848675,1.0,0.9780281215547546
s1161,vertebrae_L3,0.9876,vertebrae,0.9711761339306291,0.9855881720612362,0.9563074853228205,1.0,0.9558149118883494,1.0,0.9806213969316998
s1161,vertebrae_L4,0.9859,vertebrae,0.9789074360897483,0.9875201809656232,0.9640387874819397,1.0,0.9635462140474687,1.0,0.9814724441645863
s1161,vertebrae_L5,0.9885,vertebrae,0.9775934101308026,0.9879031694219087,0.962724761522994,1.0,0.962232188088523,1.0,0.9809535770401845
s1161,vertebrae_S1,0.9243,vertebrae,0.8647369501249069,0.9861136133820716,0.8498683015170984,1.0,0.8493757280826273,1.0,0.9594788187521297
s1161,vertebrae_T1,0.8992,vertebrae,0.6613915638589501,0.9478915504020469,0.6465229152511416,0.9627601990098554,0.6460303418166705,0.9632527724443265,0.8852888428849236
s1161,vertebrae_T10,0.9887,vertebrae,0.8055660711007349,0.9820302310990088,0.7906974224929263,0.9968988797068173,0.7902048490584552,0.9973914531412884,0.940246782385986
s1161,vertebrae_T11,0.9864,vertebrae,0.8539526494782418,0.9849773553176006,0.8390840008704332,0.9998460039254091,0.8385914274359622,1.0,0.9429283682730389
s1161,vertebrae_T12,0.9812,vertebrae,0.8556360030406809,0.9840429410537103,0.8407673544328723,0.9989115896615188,0.8402747809984012,0.9994041630959899,0.9531119283971698
s1161,vertebrae_T2,0.9494,vertebrae,0.6504801288665706,0.9432299529211192,0.635611480258762,0.9580986015289278,0.635118906824291,0.9585911749633989,0.8591397353261216
s1161,vertebrae_T3,0.9597,vertebrae,0.9066939999415535,0.9734295621645804,0.891825351333745,0.988298210772389,0.8913327778992739,0.9887907842068601,0.9641358206666981
s1161,vertebrae_T4,0.9656,vertebrae,0.9315531342174579,0.9753607623756756,0.9166844856096493,0.9902294109834842,0.9161919121751783,0.9907219844179552,0.9677020737490349
s1161,vertebrae_T5,0.9824,vertebrae,0.8421582535010153,0.973205510890332,0.8272896048932067,0.9880741594981406,0.8267970314587356,0.9885667329326117,0.9626445150304479
s1161,vertebrae_T6,0.9841,vertebrae,0.9004341562447077,0.9787065418657039,0.8855655076368991,0.9935751904735125,0.885072934202428,0.9940677639079836,0.9553403347947004
s1161,vertebrae_T7,0.9872,vertebrae,0.9105886757699745,0.9830918678413667,0.8957200271621659,0.9979605164491753,0.8952274537276949,0.9984530898836463,0.960131116091096
s1161,vertebrae_T8,0.9904,vertebrae,0.9212519744971109,0.9831751652007793,0.9063833258893024,0.9980438138085879,0.9058907524548313,0.9985363872430589,0.9637483432283733
s1161,vertebrae_T9,0.9879,vertebrae,0.8783516071059195,0.9847825017494932,0.863482958498111,0.9996511503573018,0.8629903850636399,1.0,0.9643540814244733
s1046,adrenal_gland_left,0.9146,urinary,0.7378209388282477,0.9262329408280838,0.7252596404861851,0.9387942391701465,0.6818452044881426,0.982208675168189,0.8392414039501531
s1046,adrenal_gland_right,0.9147,urinary,0.8087937347686335,0.9257217725758525,0.7962324364265708,0.9382830709179152,0.7528180004285283,0.9816975069159577,0.8949301300260415
s1046,aorta,0.9716,great_vessel,0.9674108047217617,0.9803594168919156,0.954849506379699,0.9929207152339783,0.9292437198214154,1.0,0.9822242505316405
s1046,atrial_appendage_left,0.926,heart,0.737202136914887,0.9298859470816623,0.7246408385728244,0.9424472454237249,0.7205969584938775,0.9464911255026718,0.9125947359382238
s1046,autochthon_left,0.9748,muscle,0.8628068800817437,0.9730729068349406,0.850245581739681,0.9856342051770033,0.8548201941105485,0.9810595928061357,0.9639715526985351
s1046,autochthon_right,0.9716,muscle,0.8556621180396322,0.9739960262917196,0.8431008196975696,0.9865573246337822,0.8476754320684371,0.9819827122629147,0.9634298169204402
s1046,brachiocephalic_trunk,0.8816,great_vessel,0.8689854301102307,0.9350076790951902,0.856424131768168,0.9475689774372529,0.8308183452098844,0.9731747639955365,0.89964076580172
s1046,brachiocephalic_vein_left,0.965,great_vessel,0.9079571820357561,0.9442444915764909,0.8953958836936935,0.9568057899185536,0.8697900971354099,0.9824115764768372,0.9323405319659887
s1046,brachiocephalic_vein_right,0.8672,great_vessel,0.9040035608362994,0.9305451223076082,0.8914422624942367,0.9431064206496709,0.8658364759359531,0.9687122072079545,0.9107429926980191
s1046,clavicula_left,0.9712,shoulder_bone,0.9526589857132692,0.971767110269009,0.9400976873712066,0.9843284086110716,0.9424028298795258,0.9820232661027524,0.9607727645171804
s1046,clavicula_right,0.9502,shoulder_bone,0.9343521169103279,0.9682716228393885,0.9217908185682653,0.9808329211814512,0.9240959610765845,0.9785277786731319,0.9526074758216552
s1046,colon,0.9098,digestive,0.681520257445736,0.9175940435200004,0.6689589591036733,0.9301553418620631,0.6455153112389721,0.9535989897267643,0.7996662386528655
s1046,common_carotid_artery_left,0.9431,great_vessel,0.9078853984508641,0.9320372589245317,0.8953241001088015,0.9445985572665944,0.8697183135505179,0.970204343824878,0.9071015743062987
s1046,common_carotid_artery_right,0.8712,great_vessel,0.789220870035036,0.9237465854872812,0.7766595716929734,0.9363078838293438,0.7510537851346898,0.9619136703876274,0.8420949325966249
s1046,costal_cartilages,0.8943,costal_cartilage,0.8944949279237077,0.9088186690382108,0.881933629581645,0.9213799673802735,0.8596398377760028,0.9436737591859157,0.8874010963843422
s1046,duodenum,0.9218,digestive,0.7912444566784343,0.9555044113874072,0.7786831583363717,0.9680657097294698,0.7552395104716705,0.991509357594171,0.8936376636682665
s1046,esophagus,0.9481,digestive,0.9229671049245952,0.9535678428968208,0.9104058065825326,0.9661291412388835,0.8869621587178314,0.9895727891035847,0.9394205310485181
s1046,femur_left,0.9418,pelvic_bone,0.9288333151247075,0.9814662977699758,0.9162720167826448,0.9940275961120385,0.9207865119883425,0.9895131009063408,0.940695175514783
s1046,femur_right,0.9777,pelvic_bone,0.9912921956360469,0.9850317138645549,0.9787308972939842,0.9975930122066176,0.9832453924996819,0.9930785170009199,0.9844333780327904
s1046,gallbladder,0.9698,solid_abdominal,0.8256555505731699,0.9363284787907907,0.8130942522311072,0.9488897771328534,0.8135264681005374,0.9484575612634232,0.8819231936556742
s1046,gluteus_maximus_left,0.9688,muscle,0.8436421712861154,0.9797900134846659,0.8310808729440528,0.9923513118267285,0.8356554853149203,0.987776699455861,0.9713240541757213
s1046,gluteus_maximus_right,0.9716,muscle,0.8423812224280317,0.9804032212250479,0.829819924085969,0.9929645195671105,0.8343945364568366,0.988389907196243,0.9635358642714085
s1046,gluteus_medius_left,0.9594,muscle,0.9613494546914041,0.9714118581200458,0.9487881563493414,0.9839731564621085,0.953362768720209,0.9793985440912409,0.9735125157712068
s1046,gluteus_medius_right,0.9658,muscle,0.9700047021723233,0.9726452299797973,0.9574434038302606,0.98520652832186,0.9620180162011281,0.9806319159509924,0.9690386747742387
s1046,gluteus_minimus_left,0.9389,muscle,0.9159356887294186,0.9594471805516209,0.9033743903873559,0.9720084788936836,0.9079490027582234,0.967433866522816,0.9349379688723823
s1046,gluteus_minimus_right,0.952,muscle,0.9508766329715641,0.9563326794055298,0.9383153346295015,0.9688939777475924,0.942889947000369,0.9643193653767249,0.953852918212534
s1046,heart,0.9207,heart,0.9279838899855658,0.9772851586233651,0.9154225916435031,0.9898464569654277,0.9113787115645563,0.9938903370443746,0.9428570628525763
s1046,hip_left,0.9689,pelvic_bone,0.9475473824458036,0.9795307180028606,0.934986084103741,0.9920920163449233,0.9395005793094386,0.9875775211392256,0.9750343275736779
s1046,hip_right,0.9828,pelvic_bone,0.9703196941821798,0.98244373683847,0.9577583958401171,0.9950050351805326,0.9622728910458148,0.9904905399748349,0.9814896309740264
s1046,humerus_left,0.9316,shoulder_bone,0.980245727670859,0.9803441238934467,0.9676844293287964,0.9929054222355094,0.9699895718371156,0.9906002797271901,0.9710844428688402
s1046,humerus_right,0.945,shoulder_bone,0.9726650759650992,0.9796662555344106,0.9601037776230366,0.9922275538764732,0.9624089201313558,0.989922411368154,0.9595639296560938
s1046,iliac_artery_left,0.8785,great_vessel,0.9110420305982296,0.9476695035484182,0.898480732256167,0.9602308018904808,0.8728749456978834,0.9858365884487644,0.9142655875585374
s1046,iliac_artery_right,0.7862,great_vessel,0.9207592357862865,0.936504697987838,0.9081979374442238,0.9490659963299006,0.8825921508859402,0.9746717828881842,0.9153224214138127
s1046,iliac_vena_left,0.9197,great_vessel,0.9046140934691558,0.955229004808957,0.8920527951270931,0.9677903031510197,0.8664470085688095,0.9933960897093033,0.9096959272938835
s1046,iliac_vena_right,0.9284,great_vessel,0.9282676064804526,0.9465760929564702,0.9157063081383899,0.9591373912985328,0.8901005215801063,0.9847431778568164,0.924225985014598
s1046,iliopsoas_left,0.9643,muscle,0.9606407248299015,0.9698786458472477,0.9480794264878388,0.9824399441893104,0.9526540388587064,0.9778653318184428,0.9697271347129847
s1046,iliopsoas_right,0.972,muscle,0.975730020738571,0.9706617172152934,0.9631687223965083,0.983223015557356,0.9677433347673758,0.9786484031864885,0.9665542056320521
s1046,inferior_vena_cava,0.9304,great_vessel,0.9292224991558816,0.9671910456954768,0.916661200813819,0.9797523440375394,0.8910554142555354,1.0,0.9535123233979907
s1046,kidney_left,0.9823,urinary,0.9385300916460136,0.9846688737069157,0.925968793303951,0.9972301720489783,0.8825543573059085,1.0,0.9854369449731694
s1046,kidney_right,0.9835,urinary,0.9587756947986179,0.9848879938080716,0.9462143964565553,0.9974492921501342,0.9027999604585127,1.0,0.9860441273556694
s1046,liver,0.9872,solid_abdominal,0.955385682440572,0.988363108459619,0.9428243840985093,1.0,0.9432565999679395,1.0,0.9840754000154415
s1046,lung_lower_lobe_left,0.9922,lung,0.9884874264179301,0.9926018201912283,0.9759261280758674,1.0,0.9838689983073322,0.9972202483018262,0.993758706914671
s1046,lung_lower_lobe_right,0.9924,lung,0.994346320929675,0.9929756534187006,0.9817850225876124,1.0,0.9897278928190771,0.9975940815292985,0.9924120479474099
s1046,lung_middle_lobe_right,0.9831,lung,0.9690622697403384,0.98218029608101,0.9565009713982757,0.9947415944230726,0.9644438416297405,0.9867987241916079,0.9746706156680616
s1046,lung_upper_lobe_left,0.993,lung,0.9794645129762297,0.9926094120489921,0.9669032146341671,1.0,0.9748460848656318,0.99722784015959,0.9952027266410413
s1046,lung_upper_lobe_right,0.9908,lung,0.9830103229642333,0.9884768550015954,0.9704490246221706,1.0,0.9783918948536354,0.9930952831121933,0.9898672611915765
s1046,pancreas,0.9317,solid_abdominal,0.8671870576091293,0.9541482994914865,0.8546257592670666,0.9667095978335492,0.8550579751364968,0.9662773819641189,0.9202009504787445
s1046,portal_vein_and_splenic_vein,0.8943,great_vessel,0.8837890043923279,0.9417813558323074,0.8712277060502652,0.95434265417437,0.8456219194919816,0.9799484407326536,0.8813447703833436
s1046,prostate,0.844,reproductive,0.8263722203845174,0.9426488516603845,0.8138109220424548,0.9552101500024471,0.8138109220424548,0.9552101500024471,0.8585119942601631
s1046,pulmonary_vein,0.9294,great_vessel,0.8514112866655411,0.942107141160444,0.8388499883234785,0.9546684395025067,0.8132442017651949,0.9802742260607903,0.9189804594393701
s1046,rib_left_1,0.9277,rib,0.7469657073577598,0.960792737321695,0.7344044090156971,0.9733540356637577,0.7334741240482994,0.9742843206311554,0.9416875942327448
s1046,rib_left_10,0.9494,rib,0.801540387740289,0.9656665127063383,0.7889790893982264,0.978227811048401,0.7880488044308286,0.9791580960157987,0.9634995338323271
s1046,rib_left_11,0.9609,rib,0.8103485820065636,0.9634190063271723,0.7977872836645009,0.9759803046692349,0.7968569986971031,0.9769105896366327,0.9550040702663396
s1046,rib_left_12,0.9319,rib,0.7124419212496955,0.9507337496331262,0.6998806229076329,0.9632950479751888,0.6989503379402351,0.9642253329425866,0.8942816686505218
s1046,rib_left_2,0.9584,rib,0.9558313966424142,0.9631898567997964,0.9432700983003516,0.9757511551418591,0.9423398133329538,0.9766814401092568,0.9684322776035288
s1046,rib_left_3,0.9464,rib,0.9446202606000355,0.9566861932154629,0.9320589622579728,0.9692474915575255,0.931128677290575,0.9701777765249233,0.9390380336370219
s1046,rib_left_4,0.9464,rib,0.9523394908095891,0.9677771798636228,0.9397781924675265,0.9803384782056854,0.9388479075001287,0.9812687631730832,0.95631013762223
s1046,rib_left_5,0.9182,rib,0.9490755419849458,0.9677313200189194,0.9365142436428832,0.980292618360982,0.9355839586754854,0.9812229033283798,0.9544690403403885
s1046,rib_left_6,0.9535,rib,0.966194423895167,0.9726423156259387,0.9536331255531043,0.9852036139680014,0.9527028405857065,0.9861338989353992,0.9520421475425943
s1046,rib_left_7,0.9626,rib,0.9650108464992567,0.9739930654714226,0.9524495481571941,0.9865543638134853,0.9515192631897963,0.987484648780883,0.9580573298515898
s1046,rib_left_8,0.9634,rib,0.9697914700410861,0.9752554904542614,0.9572301716990235,0.9878167887963241,0.9562998867316257,0.9887470737637218,0.9589462459617367
s1046,rib_left_9,0.9556,rib,0.9203224700005782,0.9688812608457648,0.9077611716585156,0.9814425591878274,0.9068308866911178,0.9823728441552252,0.9673477743198978
s1046,rib_right_1,0.9157,rib,0.7655208905629353,0.9544375215135886,0.7529595922208726,0.9669988198556513,0.7520293072534748,0.9679291048230491,0.9351760195349521
s1046,rib_right_10,0.9558,rib,0.7296627580670518,0.972434962893969,0.7171014597249892,0.9849962612360317,0.7161711747575914,0.9859265462034295,0.9734611697596384
s1046,rib_right_11,0.9479,rib,0.5894701363776147,0.9476899839135335,0.576908838035552,0.9602512822555962,0.5759785530681543,0.961181567222994,0.8814321780070861
s1046,rib_right_12,0.9274,rib,0.7078787392045589,0.9585211863625018,0.6953174408624962,0.9710824847045645,0.6943871558950985,0.9720127696719623,0.9020469408276867
s1046,rib_right_2,0.9621,rib,0.9560771112017121,0.9634412724928878,0.9435158128596495,0.9760025708349505,0.9425855278922517,0.9769328558023482,0.9628431938807471
s1046,rib_right_3,0.9456,rib,0.9525331003522087,0.9673985577334235,0.9399718020101461,0.9799598560754862,0.9390415170427483,0.980890141042884,0.9571711160186369
s1046,rib_right_4,0.9334,rib,0.947835582016173,0.9704532357846849,0.9352742836741104,0.9830145341267476,0.9343439987067126,0.9839448190941453,0.9606490894932327
s1046,rib_right_5,0.9269,rib,0.9425371926664975,0.9728113905449488,0.9299758943244348,0.9853726888870115,0.9290456093570371,0.9863029738544092,0.9540665662118387
s1046,rib_right_6,0.9666,rib,0.9630135595717477,0.971217016036459,0.9504522612296851,0.9837783143785217,0.9495219762622873,0.9847085993459195,0.9625835220492563
s1046,rib_right_7,0.9769,rib,0.961063421430559,0.9729687848964416,0.9485021230884964,0.9855300832385042,0.9475718381210986,0.986460368205902,0.9520576849086394
s1046,rib_right_8,0.966,rib,0.9686664616772707,0.9756887923052444,0.956105163335208,0.9882500906473071,0.9551748783678102,0.9891803756147048,0.9599499087334072
s1046,rib_right_9,0.9677,rib,0.9176103792387005,0.9739994144189401,0.9050490808966378,0.9865607127610028,0.90411879592924,0.9874909977284005,0.965471384335669
s1046,sacrum,0.9277,pelvic_bone,0.856755610447392,0.9588950006915765,0.8441943121053294,0.9714562990336392,0.848708807311027,0.9669418038279415,0.9326905205605205
s1046,scapula_left,0.9735,shoulder_bone,0.9349308358085239,0.9779716166703032,0.9223695374664612,0.9905329150123658,0.9246746799747805,0.9882277725040466,0.9569219638032249
s1046,scapula_right,0.9663,shoulder_bone,0.9484346007768394,0.9783284406325125,0.9358733024347767,0.9908897389745751,0.938178444943096,0.9885845964662558,0.9647189261700265
s1046,small_bowel,0.9126,digestive,0.8645781027575684,0.9518280853230321,0.8520168044155058,0.9643893836650947,0.8285731565508045,0.987833031529796,0.8981255339013312
s1046,spinal_cord,0.9478,neuro,0.9153251214107604,0.956269772852746,0.9027638230686977,0.9688310711948086,0.9096437435216173,0.9619511507418891,0.9425821624091016
s1046,spleen,0.9822,solid_abdominal,0.8484806913141357,0.9823758650487701,0.8359193929720731,0.9949371633908327,0.8363516088415033,0.9945049475214025,0.9700333947799277
s1046,sternum,0.9368,shoulder_bone,0.7886924058707087,0.9541202293356345,0.776131107528646,0.9666815276776971,0.7784362500369653,0.9643763851693778,0.9163187903525266
s1046,stomach,0.9691,digestive,0.8481111261062477,0.961356552149689,0.8355498277641851,0.9739178504917516,0.8121061798994839,0.9973614983564528,0.9260421377179183
s1046,subclavian_artery_left,0.9134,great_vessel,0.8805788596772326,0.9382090034389367,0.8680175613351699,0.9507703017809993,0.8424117747768863,0.9763760883392829,0.9132620854265177
s1046,subclavian_artery_right,0.9374,great_vessel,0.8558765948679445,0.9412991442901488,0.8433152965258819,0.9538604426322115,0.8177095099675983,0.9794662291904951,0.9154987124475552
s1046,superior_vena_cava,0.9398,great_vessel,0.9087789606275342,0.9492579794269419,0.8962176622854715,0.9618192777690046,0.8706118757271879,0.9874250643272882,0.92758472029083
s1046,thyroid_gland,0.9233,airway_neck,0.9105510012918071,0.9421297221326294,0.8979897029497445,0.954691020474692,0.855624826970689,0.9970558964537475,0.9083083690273984
s1046,trachea,0.9661,airway_neck,0.9576760315819239,0.975010459485381,0.9451147332398613,0.9875717578274437,0.9027498572608058,1.0,0.9618894285518642
s1046,urinary_bladder,0.9735,urinary,0.911679525408638,0.9671757146680748,0.8991182270665753,0.9797370130101375,0.8557037910685328,1.0,0.9407320731577413
s1046,vertebrae_C7,0.9228,vertebrae,0.7050693213079683,0.9540073411260728,0.6925080229659056,0.9665686394681354,0.6958688041736051,0.963207858260436,0.9254181908297879
s1046,vertebrae_L1,0.9856,vertebrae,0.6463153465581823,0.9835443578242935,0.6337540482161197,0.9961056561663562,0.6371148294238191,0.9927448749586567,0.9758240354198797
s1046,vertebrae_L2,0.9846,vertebrae,0.7169561015365493,0.982410473896648,0.7043948031944867,0.9949717722387107,0.7077555844021861,0.9916109910310112,0.9732113088282761
s1046,vertebrae_L3,0.9817,vertebrae,0.8834633150154517,0.9820930233294274,0.8709020166733891,0.99465432167149,0.8742627978810885,0.9912935404637906,0.9697818870343251
s1046,vertebrae_L4,0.9811,vertebrae,0.8983078804166107,0.9834051898015361,0.885746582074548,0.9959664881435988,0.8891073632822475,0.9926057069358993,0.9821921870023258
s1046,vertebrae_L5,0.9712,vertebrae,0.8522028097477373,0.9841894115184064,0.8396415114056747,0.9967507098604691,0.8430022926133741,0.9933899286527696,0.9737728405462915
s1046,vertebrae_S1,0.9343,vertebrae,0.8877566621964275,0.9836016829324045,0.8751953638543648,0.9961629812744671,0.8785561450620643,0.9928022000667677,0.9656322776989223
s1046,vertebrae_T1,0.9611,vertebrae,0.885009676694952,0.9709841335313373,0.8724483783528894,0.9835454318733999,0.8758091595605888,0.9801846506657005,0.95342374908642
s1046,vertebrae_T10,0.9799,vertebrae,0.6030901957115526,0.9830934352633793,0.59052889736949,0.995654733605442,0.5938896785771894,0.9922939523977425,0.9643788949175376
s1046,vertebrae_T11,0.9794,vertebrae,0.6316675345930397,0.9825856133587312,0.619106236250977,0.9951469117007938,0.6224670174586765,0.9917861304930944,0.9792435909322983
s1046,vertebrae_T12,0.9815,vertebrae,0.721493676097608,0.9842231379714159,0.7089323777555453,0.9967844363134786,0.7122931589632447,0.9934236551057791,0.9834172148876518
s1046,vertebrae_T2,0.9723,vertebrae,0.6472548521393784,0.9761771345478262,0.6346935537973157,0.9887384328898888,0.6380543350050152,0.9853776516821894,0.9476791541561327
s1046,vertebrae_T3,0.9754,vertebrae,0.7641938940705478,0.9767638068836471,0.7516325957284852,0.9893251052257097,0.7549933769361846,0.9859643240180103,0.9494977872568336
s1046,vertebrae_T4,0.9839,vertebrae,0.6646051837547097,0.9817054111775466,0.652043885412647,0.9942667095196093,0.6554046666203465,0.9909059283119098,0.9438419396467477
s1046,vertebrae_T5,0.9762,vertebrae,0.6917065547155546,0.9797952356663059,0.679145256373492,0.9923565340083685,0.6825060375811914,0.9889957528006691,0.9523385833118184
s1046,vertebrae_T6,0.972,vertebrae,0.6005460187196823,0.9780313379567415,0.5879847203776196,0.9905926362988041,0.5913455015853191,0.9872318550911047,0.9428944321508684
s1046,vertebrae_T7,0.9799,vertebrae,0.6613614671788215,0.9757877869088055,0.6488001688367588,0.9883490852508682,0.6521609500444583,0.9849883040431687,0.9494688083950402
s1046,vertebrae_T8,0.9799,vertebrae,0.6630049715870122,0.9757077457164345,0.6504436732449496,0.9882690440584971,0.653804454452649,0.9849082628507977,0.9513980071587499
s1046,vertebrae_T9,0.9798,vertebrae,0.7529519416363815,0.981468851503763,0.7403906432943188,0.9940301498458256,0.7437514245020183,0.9906693686381262,0.9612693604956918
s1024,adrenal_gland_left,0.7517,urinary,0.8102021614689245,0.9139082203684138,0.7997164470150591,0.9243939348222793,0.7972973309357833,0.9268130509015551,0.8791367291549474
s1024,adrenal_gland_right,0.8249,urinary,0.777107273347143,0.9209307767451381,0.7666215588932775,0.9314164911990036,0.7642024428140017,0.9338356072782794,0.8543934364645464
s1024,aorta,0.9649,great_vessel,0.9392541293318584,0.9659069446253402,0.9287684148779929,0.9763926590792057,0.9279632770214549,0.9771977969357437,0.9569240561192932
s1024,atrial_appendage_left,0.8447,heart,0.7451686913747683,0.9356952236087878,0.7346829769209028,0.9461809380626532,0.730610540764993,0.950253374218563,0.8969391575942642
s1024,autochthon_left,0.9404,muscle,0.9411853317349492,0.962676816815794,0.9306996172810837,0.9731625312696595,0.9378888058380892,0.965973342712654,0.9625879282771281
s1024,autochthon_right,0.9388,muscle,0.9427864626314069,0.9632653641027128,0.9323007481775414,0.9737510785565783,0.9394899367345468,0.9665618899995728,0.9585218294897513
s1024,brachiocephalic_trunk,0.9044,great_vessel,0.8892499423576619,0.9347171129720891,0.8787642279037964,0.9452028274259546,0.8779590900472584,0.9460079652824926,0.922090558024421
s1024,brachiocephalic_vein_left,0.9426,great_vessel,0.8433547292969027,0.9411279374048472,0.8328690148430372,0.9516136518587127,0.8320638769864992,0.9524187897152507,0.919695794635158
s1024,brachiocephalic_vein_right,0.6033,great_vessel,0.7392575119609461,0.9199908577369812,0.7287717975070807,0.9304765721908467,0.7279666596505426,0.9312817100473847,0.8683973431248834
s1024,clavicula_left,0.9288,shoulder_bone,0.9196725372123391,0.9343866717266688,0.9091868227584736,0.9448723861805343,0.910456561656363,0.9436026472826449,0.9179850399372788
s1024,clavicula_right,0.9717,shoulder_bone,0.8401872934144609,0.9631355765429868,0.8297015789605954,0.9736212909968522,0.8309713178584848,0.9723515520989628,0.9446895529690293
s1024,colon,0.5446,digestive,0.7719370527011628,0.9070135540363844,0.7614513382472973,0.9174992684902499,0.6928521132258819,0.9860984935116652,0.8112583290783417
s1024,common_carotid_artery_left,0.916,great_vessel,0.8593769617476414,0.9053275506159218,0.848891247293776,0.9158132650697873,0.848086109437238,0.9166184029263253,0.9048528342275711
s1024,common_carotid_artery_right,0.8374,great_vessel,0.7324917597679328,0.8934942088347719,0.7220060453140673,0.9039799232886374,0.7212009074575293,0.9047850611451754,0.7771798961141873
s1024,costal_cartilages,0.8846,costal_cartilage,0.8088223460155914,0.9064375355478597,0.798336631561726,0.9169232500017251,0.7467246308041589,0.9685352507592923,0.8563364489736683
s1024,duodenum,0.7222,digestive,0.9015024543970066,0.9461851141543258,0.8910167399431411,0.9566708286081913,0.8224175149217258,1.0,0.9363699955216416
s1024,esophagus,0.9187,digestive,0.8751219995067194,0.9445521403647402,0.864636285052854,0.9550378548186057,0.7960370600314386,1.0,0.9226742553660521
s1024,femur_left,0.9806,pelvic_bone,0.9873282737571228,0.9842917189179266,0.9768425593032574,0.994777433371792,0.9844742883843873,0.9871457042906621,0.9877179799485262
s1024,femur_right,0.9827,pelvic_bone,0.982028929807601,0.9844001606071405,0.9715432153537356,0.994885875061006,0.9791749444348655,0.987254145979876,0.9799475180762061
s1024,gallbladder,0.7528,solid_abdominal,0.5084104223074266,0.8444105121311997,0.49792470785356113,0.8548962265850651,0.4916029496355442,0.8612179848030821,0.7334324963951564
s1024,gluteus_maximus_left,0.5535,muscle,0.7382192345961794,0.970136596626892,0.727733520142314,0.9806223110807575,0.7349227086993194,0.973433122523752,0.9380787841454848
s1024,gluteus_maximus_right,0.8018,muscle,0.9569928746231217,0.9734231148947543,0.9465071601692562,0.9839088293486198,0.9536963487262616,0.9767196407916143,0.9684827529952055
s1024,gluteus_medius_left,0.8546,muscle,0.9540897646168388,0.971096508397567,0.9436040501629733,0.9815822228514325,0.9507932387199788,0.974393034294427,0.9567652242013898
s1024,gluteus_medius_right,0.89,muscle,0.9348926837003934,0.9660578557518281,0.9244069692465279,0.9765435702056936,0.9315961578035333,0.9693543816486881,0.9656325813321937
s1024,gluteus_minimus_left,0.8457,muscle,0.9211251696508926,0.9508937314656725,0.9106394551970272,0.961379445919538,0.9178286437540326,0.9541902573625325,0.9310868623570074
s1024,gluteus_minimus_right,0.8585,muscle,0.9095928124218634,0.954961440032757,0.8991070979679979,0.9654471544866224,0.9062962865250034,0.958257965929617,0.9487404984907067
s1024,heart,0.8449,heart,0.7618179744418566,0.930917322782379,0.7513322599879911,0.9414030372362445,0.7472598238320813,0.9454754733921543,0.913255793510377
s1024,hip_left,0.9653,pelvic_bone,0.9560151081989682,0.9802832868623387,0.9455293937451027,0.9907690013162042,0.9531611228262327,0.9831372722350742,0.9736028944092292
s1024,hip_right,0.9676,pelvic_bone,0.9545202858456957,0.9806306523404956,0.9440345713918302,0.9911163667943611,0.9516663004729602,0.9834846377132311,0.975057943714744
s1024,iliac_artery_left,0.9206,great_vessel,0.8758817280405582,0.9404696003865276,0.8653960135866927,0.9509553148403931,0.8645908757301547,0.9517604526969311,0.9205759201895521
s1024,iliac_artery_right,0.8998,great_vessel,0.8959587215496015,0.9406711128648068,0.8854730070957361,0.9511568273186722,0.884667869239198,0.9519619651752103,0.9204238406711077
s1024,iliac_vena_left,0.913,great_vessel,0.8703186500454889,0.9538448881667215,0.8598329355916234,0.964330602620587,0.8590277977350854,0.965135740477125,0.9122496555118925
s1024,iliac_vena_right,0.9083,great_vessel,0.9014288984418452,0.9522178504978545,0.8909431839879797,0.9627035649517199,0.8901380461314417,0.963508702808258,0.9066064276288953
s1024,iliopsoas_left,0.896,muscle,0.9493736313921829,0.9633250295956826,0.9388879169383174,0.973810744049548,0.9460771054953229,0.9666215554925426,0.9465711408779601
s1024,iliopsoas_right,0.9337,muscle,0.9553115533150739,0.9684585836806751,0.9448258388612084,0.9789442981345405,0.9520150274182139,0.9717551095775351,0.9698380484810489
s1024,inferior_vena_cava,0.8922,great_vessel,0.9278219235700672,0.9593889401350226,0.9173362091162017,0.9698746545888881,0.9165310712596637,0.9706797924454261,0.9355345331407641
s1024,kidney_left,0.9716,urinary,0.9488523339463728,0.9822180456838957,0.9383666194925073,0.9927037601377612,0.9359475034132315,0.995122876217037,0.9735483972199543
s1024,kidney_right,0.9819,urinary,0.9464457015190799,0.9827952421632958,0.9359599870652144,0.9932809566171613,0.9335408709859386,0.9957000726964371,0.9788004348927585
s1024,liver,0.9406,solid_abdominal,0.8529173424959144,0.9733405422896328,0.842431628042049,0.9838262567434983,0.836109869824032,0.9901480149615153,0.9543136248948287
s1024,lung_lower_lobe_left,0.7589,lung,0.8428390086666782,0.9646090407788045,0.8323532942128127,0.97509475523267,0.8348064990531955,0.9726415503922872,0.8986250364417655
s1024,lung_lower_lobe_right,0.9772,lung,0.9656966934075407,0.9733553832060133,0.9552109789536752,0.9838410976598788,0.957664183794058,0.981387892819496,0.9494932723037504
s1024,lung_middle_lobe_right,0.8676,lung,0.9200247708783307,0.9525301155305353,0.9095390564244652,0.9630158299844008,0.911992261264848,0.960562625144018,0.9308902946327675
s1024,lung_upper_lobe_left,0.8004,lung,0.8405784165525426,0.9565849858320982,0.8300927020986771,0.9670707002859636,0.8325459069390599,0.9646174954455808,0.9017625336102683
s1024,lung_upper_lobe_right,0.9459,lung,0.9041011899265342,0.9766275244451682,0.8936154754726687,0.9871132388990337,0.8960686803130515,0.9846600340586509,0.929833468923286
s1024,pancreas,0.8968,solid_abdominal,0.9180206169148974,0.9574924970065986,0.907534902461032,0.967978211460464,0.901213144243015,0.974299969678481,0.9338432111549073
s1024,portal_vein_and_splenic_vein,0.695,great_vessel,0.7803404154987451,0.92630936855582,0.7698547010448796,0.9367950830096855,0.7690495631883416,0.9376002208662235,0.8953128958136974
s1024,prostate,0.1828,reproductive,0.8689790125760516,0.9292249841598381,0.8584932981221861,0.9397106986137036,0.8584932981221861,0.9397106986137036,0.9148338960413086
s1024,pulmonary_vein,0.895,great_vessel,0.7165904536411661,0.916067964556138,0.7061047391873007,0.9265536790100035,0.7052996013307626,0.9273588168665415,0.9176105438143514
s1024,rib_left_1,0.952,rib,0.8409169918091407,0.9632935142941301,0.8304312773552752,0.9737792287479956,0.8278851569028819,0.9763253492003889,0.9222894584006783
s1024,rib_left_10,0.4971,rib,0.5590327203665052,0.9119232180695799,0.5485470059126397,0.9224089325234454,0.5460008854602464,0.9249550529758387,0.6360838759954108
s1024,rib_left_11,0.6011,rib,0.48612146472114504,0.9180168951591876,0.47563575026727956,0.9285026096130531,0.4730896298148862,0.9310487300654464,0.6162239501868039
s1024,rib_left_12,0.6819,rib,0.6910429628579102,0.9063678230671888,0.6805572484040447,0.9168535375210543,0.6780111279516514,0.9193996579734476,0.6579945222453851
s1024,rib_left_2,0.9639,rib,0.8906396745508061,0.9678826956841037,0.8801539600969406,0.9783684101379692,0.8776078396445472,0.9809145305903625,0.9342284988940673
s1024,rib_left_3,0.9569,rib,0.9027521900953142,0.971823372763653,0.8922664756414487,0.9823090872175185,0.8897203551890553,0.9848552076699119,0.9408183501204986
s1024,rib_left_4,0.9604,rib,0.9613958739383557,0.9729629164356802,0.9509101594844902,0.9834486308895457,0.9483640390320969,0.985994751341939,0.9648320080492979
s1024,rib_left_5,0.9556,rib,0.9451073544320492,0.9699226758057332,0.9346216399781837,0.9804083902595987,0.9320755195257904,0.982954510711992,0.9557652983309523
s1024,rib_left_6,0.799,rib,0.9394105481769043,0.9647309144706742,0.9289248337230388,0.9752166289245396,0.9263787132706455,0.977762749376933,0.9552874060157505
s1024,rib_left_7,0.2013,rib,0.10629545482687382,0.8717468658800985,0.09580974037300834,0.882232580333964,0.093263619920615,0.8847787007863573,0.39722837647446874
s1024,rib_left_8,0.0777,rib,0.6432377593575662,0.9080620807134591,0.6327520449037007,0.9185477951673245,0.6302059244513074,0.9210939156197179,0.5882512992534521
s1024,rib_left_9,0.3277,rib,0.6841307467283748,0.9243845773801688,0.6736450322745093,0.9348702918340343,0.671098911822116,0.9374164122864276,0.7454832130619374
s1024,rib_right_1,0.9362,rib,0.8975303920567416,0.9666179472287255,0.8870446776028761,0.977103661682591,0.8844985571504828,0.9796497821349843,0.9272123570484533
s1024,rib_right_10,0.9556,rib,0.9554939867101112,0.969990897782541,0.9450082722562457,0.9804766122364065,0.9424621518038524,0.9830227326887998,0.9606456671590169
s1024,rib_right_11,0.9537,rib,0.9778106762154075,0.9665241356402349,0.967324961761542,0.9770098500941004,0.9647788413091487,0.9795559705464937,0.9538913455861231
s1024,rib_right_12,0.9427,rib,0.8956010752810327,0.9393704629738907,0.8851153608271672,0.9498561774277562,0.8825692403747739,0.9524022978801495,0.9354184416250773
s1024,rib_right_2,0.9703,rib,0.8995564437247999,0.9650471345912124,0.8890707292709344,0.9755328490450779,0.8865246088185411,0.9780789694974712,0.9389843989534318
s1024,rib_right_3,0.9672,rib,0.924147430454684,0.9713131239040321,0.9136617160008185,0.9817988383578976,0.9111155955484251,0.9843449588102909,0.9574595675494005
s1024,rib_right_4,0.9548,rib,0.914635270431193,0.9688488271566735,0.9041495559773275,0.979334541610539,0.9016034355249342,0.9818806620629323,0.9556100745054017
s1024,rib_right_5,0.7576,rib,0.9415587091836348,0.9737276817636488,0.9310729947297693,0.9842133962175142,0.928526874277376,0.9867595166699076,0.9586029862411114
s1024,rib_right_6,0.6652,rib,0.6195978220095611,0.9085186252742607,0.6091121075556957,0.9190043397281262,0.6065659871033023,0.9215504601805196,0.7230768481743546
s1024,rib_right_7,0.814,rib,0.6259839972815106,0.9187477610669478,0.6154982828276451,0.9292334755208133,0.6129521623752517,0.9317795959732066,0.8390400879376608
s1024,rib_right_8,0.9631,rib,0.9352896620915376,0.9588398454269572,0.9248039476376722,0.9693255598808227,0.9222578271852788,0.971871680333216,0.9483239015370013
s1024,rib_right_9,0.956,rib,0.905987577513571,0.9706977115338112,0.8955018630597055,0.9811834259876767,0.8929557426073121,0.98372954644007,0.9587469840772308
s1024,sacrum,0.9039,pelvic_bone,0.8423475463648032,0.9631357751733068,0.8318618319109378,0.9736214896271723,0.8394935609920677,0.9659897605460424,0.948375394010297
s1024,scapula_left,0.9113,shoulder_bone,0.8934063508149102,0.9718391220307507,0.8829206363610447,0.9823248364846162,0.8841903752589341,0.9810550975867268,0.9581383914581502
s1024,scapula_right,0.9524,shoulder_bone,0.9046162336840711,0.9729660908056549,0.8941305192302056,0.9834518052595204,0.895400258128095,0.982182066361631,0.9505155473298207
s1024,small_bowel,0.6538,digestive,0.7949793494370754,0.9203895773239544,0.7844936349832099,0.9308752917778199,0.7158944099617945,0.9994745167992353,0.8773657134160964
s1024,spinal_cord,0.9325,neuro,0.917922446030909,0.941873868858223,0.9074367315770435,0.9523595833120885,0.9022570496684865,0.9575392652206455,0.9314574173451988
s1024,spleen,0.9584,solid_abdominal,0.9486435330800005,0.970557478370004,0.938157818626135,0.9810431928238694,0.9318360604081181,0.9873649510418864,0.9370873273684326
s1024,sternum,0.9451,shoulder_bone,0.9077907657863833,0.9466870743358846,0.8973050513325178,0.9571727887897501,0.8985747902304072,0.9559030498918607,0.9355129785328197
s1024,stomach,0.7535,digestive,0.8722610860393503,0.9556651326869304,0.8617753715854848,0.9661508471407959,0.7931761465640694,1.0,0.9320160277548978
s1024,subclavian_artery_left,0.844,great_vessel,0.7747377565284985,0.9375994984334539,0.764252042074633,0.9480852128873194,0.763446904218095,0.9488903507438574,0.9080933299252094
s1024,subclavian_artery_right,0.8894,great_vessel,0.8430071779930086,0.9243410510859711,0.8325214635391431,0.9348267655398366,0.8317163256826051,0.9356319033963746,0.9200736986397853
s1024,superior_vena_cava,0.8555,great_vessel,0.8519073110538008,0.9394137639794014,0.8414215965999353,0.9498994784332668,0.8406164587433973,0.9507046162898048,0.9071257628525841
s1024,trachea,0.9602,airway_neck,0.8295561218285256,0.9333180170814953,0.8190704073746601,0.9438037315353608,0.8321035829106131,0.9307705559994077,0.8975232534275215
s1024,urinary_bladder,0.7955,urinary,0.9519084833553951,0.9687276433769861,0.9414227689015296,0.9792133578308516,0.9390036528222538,0.9816324739101274,0.9386249847041997
s1024,vertebrae_C5,0.0,vertebrae,0.01556892598967468,0.8068317879623983,0.0050832115358092,0.8173175024162638,0.006679578360613218,0.8157211355914598,0.078448318741282
s1024,vertebrae_C7,0.9744,vertebrae,0.6883923772913889,0.9217953223424248,0.6779066628375234,0.9322810367962903,0.6795030296623275,0.9306846699714862,0.8105152334208006
s1024,vertebrae_L1,0.9313,vertebrae,0.9543728166510583,0.9857562944300341,0.9438871021971929,0.9962420088838996,0.9454834690219969,0.9946456420590956,0.9631456011463961
s1024,vertebrae_L2,0.0007,vertebrae,0.6368128933665577,0.918703675518888,0.6263271789126922,0.9291893899727535,0.6279235457374962,0.9275930231479494,0.6312023427220886
s1024,vertebrae_L3,0.1889,vertebrae,0.9608442443717339,0.9878676933511649,0.9503585299178684,0.9983534078050303,0.9519548967426724,0.9967570409802263,0.9743729984816392
s1024,vertebrae_L4,0.9477,vertebrae,0.9772687193180235,0.9865902810690499,0.966783004864158,0.9970759955229154,0.968379371688962,0.9954796286981114,0.9792461130133274
s1024,vertebrae_L5,0.9819,vertebrae,0.9848025587925697,0.9861246268173982,0.9743168443387042,0.9966103412712637,0.9759132111635083,0.9950139744464597,0.9789521174827331
s1024,vertebrae_S1,0.8804,vertebrae,0.9886122230535896,0.9840151184893061,0.9781265085997242,0.9945008329431716,0.9797228754245282,0.9929044661183676,0.9694472617088634
s1024,vertebrae_T1,0.9801,vertebrae,0.9435942646539679,0.9755208412897339,0.9331085502001024,0.9860065557435994,0.9347049170249064,0.9844101889187954,0.9380238128335466
s1024,vertebrae_T10,0.9813,vertebrae,0.9420277028540706,0.9842193290721708,0.9315419884002051,0.9947050435260363,0.9331383552250091,0.9931086767012323,0.9916867296563978
s1024,vertebrae_T11,0.9835,vertebrae,0.9581725595907297,0.9855486317743819,0.9476868451368642,0.9960343462282474,0.9492832119616682,0.9944379794034434,0.9932608796324214
s1024,vertebrae_T12,0.9827,vertebrae,0.9435193738949369,0.9862943633946526,0.9330336594410714,0.9967800778485181,0.9346300262658754,0.9951837110237141,0.9842768365235857
s1024,vertebrae_T2,0.9803,vertebrae,0.9331816919800469,0.9693287200974957,0.9226959775261814,0.9798144345513612,0.9242923443509854,0.9782180677265572,0.9529067833168892
s1024,vertebrae_T3,0.9788,vertebrae,0.9353391044141992,0.9676402039352815,0.9248533899603337,0.978125918389147,0.9264497567851377,0.976529551564343,0.953041830377563
s1024,vertebrae_T4,0.9758,vertebrae,0.9401651970085708,0.9706281069915544,0.9296794825547053,0.9811138214454199,0.9312758493795094,0.9795174546206159,0.957210821323803
s1024,vertebrae_T5,0.9812,vertebrae,0.9501954847561708,0.9719449123136091,0.9397097703023053,0.9824306267674746,0.9413061371271093,0.9808342599426706,0.9660987830159261
s1024,vertebrae_T6,0.977,vertebrae,0.9310127169961274,0.9741610534143915,0.9205270025422619,0.984646767868257,0.922123369367066,0.983050401043453,0.9610320197847451
s1024,vertebrae_T7,0.983,vertebrae,0.9620121940902625,0.9750794781451173,0.951526479636397,0.9855651925989828,0.953122846461201,0.9839688257741788,0.9670737513193166
s1024,vertebrae_T8,0.9826,vertebrae,0.9544153253362792,0.9760224978625373,0.9439296108824137,0.9865082123164027,0.9455259777072177,0.9849118454915987,0.9739697370080396
s1024,vertebrae_T9,0.9842,vertebrae,0.9421209184471065,0.9821760271167821,0.9316352039932411,0.9926617415706476,0.9332315708180451,0.9910653747458436,0.993004282960495
s1017,adrenal_gland_left,0.6521,urinary,0.5558654516046677,0.9285223635558104,0.527860568248791,0.9565272469116871,0.5180422098694112,0.966345605291067,0.7755510973451274
s1017,adrenal_gland_right,0.6221,urinary,0.49312180068237,0.9123371404179786,0.4651169173264933,0.9403420237738553,0.45529855894711346,0.9501603821532352,0.6404690739472455
s1017,aorta,0.9535,great_vessel,0.8903420621709741,0.9616697317259217,0.8623371788150974,0.9896746150817984,0.8513143324803699,1.0,0.9487490454257298
s1017,atrial_appendage_left,0.8679,heart,0.7092445648694764,0.927050659222242,0.6812396815135997,0.9550555425781186,0.6974087787369395,0.9388864453547788,0.8597883007785282
s1017,autochthon_left,0.9358,muscle,0.9406454347014224,0.9616240435747836,0.9126405513455457,0.9896289269306603,0.9152981936575322,0.9869712846186738,0.9465557760232126
s1017,autochthon_right,0.952,muscle,0.9384489589006435,0.963645465339541,0.9104440755447668,0.9916503486954177,0.9131017178567533,0.9889927063834312,0.9403003509155357
s1017,brachiocephalic_trunk,0.8611,great_vessel,0.7342839071704622,0.9394884612655445,0.7062790238145855,0.9674933446214212,0.695256177479858,0.9785161909561487,0.8848390332845878
s1017,brachiocephalic_vein_left,0.7911,great_vessel,0.5070564520083823,0.9016668434993255,0.47905156865250564,0.9296717268552022,0.46802872231777815,0.9406945731899297,0.7005850287173433
s1017,brachiocephalic_vein_right,0.8817,great_vessel,0.7269400277267949,0.9258083513251186,0.6989351443709182,0.9538132346809953,0.6879122980361907,0.9648360810157228,0.7944947677960246
s1017,brain,0.9321,neuro,0.9166532565252679,0.9722198883563637,0.8886483731693912,1.0,0.907240011454235,0.9816331334273966,0.9465024887316983
s1017,clavicula_left,0.9694,shoulder_bone,0.847809293038862,0.96008924193228,0.8198044096829853,0.9880941252881567,0.8150761512729635,0.9928223836981784,0.9309888744093522
s1017,clavicula_right,0.9404,shoulder_bone,0.9425334550719594,0.959720012797936,0.9145285717160827,0.9877248961538126,0.9098003133060609,0.9924531545638344,0.9565893099800613
s1017,colon,0.8578,digestive,0.7050709388094778,0.9308785815602469,0.6770660554536011,0.9588834649161236,0.5647484802377237,1.0,0.7728768941681707
s1017,common_carotid_artery_left,0.7093,great_vessel,0.5631885591383919,0.8794252703212145,0.5351836757825152,0.9074301536770912,0.5241608294477877,0.9184530000118187,0.5904535581866757
s1017,common_carotid_artery_right,0.7914,great_vessel,0.631597662501796,0.9166726953920914,0.6035927791459194,0.9446775787479681,0.5925699328111919,0.9557004250826956,0.7674020847476757
s1017,costal_cartilages,0.8399,costal_cartilage,0.626866789782526,0.8940414399711352,0.5988619064266493,0.9220463233270119,0.5862507189138995,0.9346575108397617,0.7244867296620235
s1017,duodenum,0.8234,digestive,0.775257841305598,0.9391299059579766,0.7472529579497214,0.9671347893138533,0.634935382733844,1.0,0.8822132407410402
s1017,esophagus,0.8801,digestive,0.8288336697797312,0.9400565780504601,0.8008287864238545,0.9680614614063368,0.6885112112079771,1.0,0.8756500972294283
s1017,gallbladder,0.552,solid_abdominal,0.773947180580344,0.930178415478215,0.7459422972244673,0.9581832988340917,0.7434372327961007,0.9606883632624582,0.851105695677198
s1017,heart,0.9085,heart,0.8083174800695517,0.9562341025587804,0.780312596713675,0.9842389859146571,0.7964816939370148,0.9680698886913173,0.9140261130412145
s1017,humerus_right,0.9584,shoulder_bone,0.8994685874736171,0.9578526282168233,0.8714637041177404,0.9858575115727,0.8667354457077187,0.9905857699827217,0.9182004751658142
s1017,inferior_vena_cava,0.6909,great_vessel,0.744041804845544,0.9270051245042986,0.7160369214896674,0.9550100078601753,0.7050140751549399,0.9660328541949028,0.8755593827334769
s1017,kidney_left,0.9427,urinary,0.6328442028334843,0.9368392721270998,0.6048393194776076,0.9648441554829765,0.5950209610982278,0.9746625138623564,0.8650640132485196
s1017,kidney_right,0.9602,urinary,0.751058392959566,0.9491712424630613,0.7230535096036893,0.977176125818938,0.7132351512243095,0.9869944841983178,0.9065639803133608
s1017,liver,0.9748,solid_abdominal,0.9123322631651966,0.9724825570326329,0.8843273798093199,1.0,0.8818223153809533,1.0,0.9509312227361759
s1017,lung_lower_lobe_left,0.9713,lung,0.8525683742918345,0.9682069918252868,0.8245634909359578,0.9962118751811635,0.8464880095257193,0.974287356591402,0.967253796364389
s1017,lung_lower_lobe_right,0.8684,lung,0.9278553250684762,0.9711279136648059,0.8998504417125995,0.9991327970206826,0.9217749603023611,0.9772082784309211,0.9595858108956581
s1017,lung_middle_lobe_right,0.8453,lung,0.8546726041181708,0.9652490770674248,0.8266677207622941,0.9932539604233015,0.8485922393520556,0.97132944183354,0.9429910858999341
s1017,lung_upper_lobe_left,0.9828,lung,0.8003530962665141,0.9687787986954196,0.7723482129106374,0.9967836820512963,0.7942727315003989,0.9748591634615348,0.9778345556689547
s1017,lung_upper_lobe_right,0.8346,lung,0.8649968436008076,0.9536964250625624,0.8369919602449309,0.9817013084184391,0.8589164788346925,0.9597767898286775,0.8939203577174137
s1017,pancreas,0.7433,solid_abdominal,0.5121970432117122,0.9216340233286664,0.4841921598558355,0.9496389066845431,0.481687095427469,0.9521439711129096,0.8067130838015298
s1017,portal_vein_and_splenic_vein,0.3869,great_vessel,0.6056997411671902,0.8997526640014232,0.5776948578113135,0.9277575473572999,0.566672011476586,0.9387803936920274,0.6944424877096671
s1017,pulmonary_vein,0.8248,great_vessel,0.5239576017936475,0.8982318064354345,0.4959527184377708,0.9262366897913112,0.4849298721030433,0.9372595361260387,0.7679251156098627
s1017,rib_left_1,0.9388,rib,0.8974483174463042,0.9574087366857368,0.8694434340904275,0.9854136200416135,0.8575890263785682,0.9972680277534728,0.9435820986701897
s1017,rib_left_10,0.9406,rib,0.6912582290719406,0.9491966872500229,0.6632533457160639,0.9772015706058996,0.6513989380042046,0.9890559783177589,0.9051766583182179
s1017,rib_left_11,0.9725,rib,0.6687986440247405,0.9545046977459349,0.6407937606688638,0.9825095811018116,0.6289393529570045,0.9943639888136709,0.8919689051121432
s1017,rib_left_2,0.9624,rib,0.5408515186573839,0.8905051474119308,0.5128466353015072,0.9185100307678075,0.5009922275896479,0.9303644384796668,0.6850806235644249
s1017,rib_left_3,0.9625,rib,0.8095087112621878,0.9351550875018239,0.7815038279063111,0.9631599708577006,0.7696494201944518,0.9750143785695599,0.8909455020330997
s1017,rib_left_4,0.9735,rib,0.7634350975664921,0.9408310824771757,0.7354302142106154,0.9688359658330524,0.7235758064987561,0.9806903735449117,0.8778997824391092
s1017,rib_left_5,0.9769,rib,0.7942815858516534,0.9381812147114292,0.7662767024957767,0.9661860980673059,0.7544222947839174,0.9780405057791652,0.9060133219338322
s1017,rib_left_6,0.9724,rib,0.8200906530393755,0.9433690121600115,0.7920857696834988,0.9713738955158882,0.7802313619716394,0.9832283032277475,0.9102133566211196
s1017,rib_left_7,0.6674,rib,0.8534307426936406,0.9414940255043319,0.8254258593377639,0.9694989088602086,0.8135714516259046,0.9813533165720679,0.8643714340319402
s1017,rib_left_8,0.4344,rib,0.5001026792536672,0.9104055935251839,0.47209779589779055,0.9384104768810606,0.46024338818593125,0.9502648845929199,0.7324239555282216
s1017,rib_left_9,0.6702,rib,0.6218627382895664,0.9091314566036495,0.5938578549336897,0.9371363399595262,0.5820034472218304,0.9489907476713855,0.7575532510403911
s1017,rib_right_1,0.9536,rib,0.8357146159887396,0.959791382460484,0.8077097326328629,0.9877962658163607,0.7958553249210036,0.99965067352822,0.9199282340784318
s1017,rib_right_10,0.9298,rib,0.7622148493688247,0.9377796926248613,0.734209966012948,0.965784575980738,0.7223555583010887,0.9776389836925973,0.8161288879626437
s1017,rib_right_11,0.9661,rib,0.4377643433944391,0.9548094785693177,0.4097594600385624,0.9828143619251944,0.3979050523267031,0.9946687696370538,0.9161492747347452
s1017,rib_right_12,0.8156,rib,0.3060762384258703,0.8893770216563472,0.2780713550699936,0.9173819050122239,0.2662169473581343,0.9292363127240832,0.7179618959161188
s1017,rib_right_2,0.9563,rib,0.7599659157394697,0.9556514131805083,0.731961032383593,0.983656296536385,0.7201066246717337,0.9955107042482443,0.8973133606311499
s1017,rib_right_3,0.9625,rib,0.7395593056248387,0.9570060354543343,0.711554422268962,0.985010918810211,0.6997000145571027,0.9968653265220703,0.9228411408037043
s1017,rib_right_4,0.9807,rib,0.7259890962454427,0.9587893807802433,0.697984212889566,0.98679426413612,0.6861298051777067,0.9986486718479793,0.9238904194177757
s1017,rib_right_5,0.9803,rib,0.6774718232425541,0.9659504350916314,0.6494669398866774,0.9939553184475081,0.6376125321748181,1.0,0.942418689568308
s1017,rib_right_6,0.8056,rib,0.8143872564397812,0.9634753669679029,0.7863823730839045,0.9914802503237796,0.7745279653720452,1.0,0.9165724389604608
s1017,rib_right_7,0.626,rib,0.5442431821887819,0.8877142035572982,0.5162382988329052,0.9157190869131749,0.5043838911210459,0.9275734946250342,0.5758851467961393
s1017,rib_right_8,0.6105,rib,0.5923978237349629,0.8830284567437449,0.5643929403790862,0.9110333400996216,0.5525385326672269,0.9228877478114809,0.5189867607930819
s1017,rib_right_9,0.7762,rib,0.6351393703761824,0.8904600162060832,0.6071344870203057,0.9184648995619599,0.5952800793084464,0.9303193072738192,0.6122242938834033
s1017,scapula_left,0.8996,shoulder_bone,0.8485673322168483,0.9675803842036168,0.8205624488609716,0.9955852675594935,0.8158341904509498,1.0,0.9447561736289625
s1017,scapula_right,0.9474,shoulder_bone,0.9703960241707024,0.9670810601499656,0.9423911408148257,0.9950859435058423,0.9376628824048039,0.9998142019158641,0.9605894323502921
s1017,skull,0.9518,neuro,0.8865692255179574,0.956823239149562,0.8585643421620807,0.9848281225054387,0.8771559804469246,0.9662364842205948,0.9480518490867424
s1017,spinal_cord,0.9131,neuro,0.8969461037671018,0.9494785677814579,0.8689412204112251,0.9774834511373346,0.887532858696069,0.9588918128524907,0.9144234300115646
s1017,spleen,0.9583,solid_abdominal,0.7209933663517067,0.9348629033008355,0.69298848299583,0.9628677866567122,0.6904834185674635,0.9653728510850788,0.8840575485861523
s1017,sternum,0.861,shoulder_bone,0.7716386927793926,0.9477577062560603,0.7436338094235159,0.975762589611937,0.7389055510134941,0.9804908480219587,0.8896935860719586
s1017,stomach,0.9157,digestive,0.5801721290627674,0.9236388042129361,0.5521672457068907,0.9516436875688128,0.4398496704910133,1.0,0.8121253849298973
s1017,subclavian_artery_left,0.7603,great_vessel,0.6700835020034339,0.9377581591920389,0.6420786186475572,0.9657630425479156,0.6310557723128297,0.9767858888826431,0.8735954703124686
s1017,subclavian_artery_right,0.8418,great_vessel,0.7129803859246289,0.9146963341570692,0.6849755025687522,0.9427012175129459,0.6739526562340247,0.9537240638476734,0.7904851322902685
s1017,superior_vena_cava,0.9251,great_vessel,0.7656854723956645,0.9360460913054512,0.7376805890397878,0.9640509746613279,0.7266577427050603,0.9750738209960554,0.8792083398462465
s1017,thyroid_gland,0.9109,airway_neck,0.7709801639397288,0.941279351055797,0.7429752805838521,0.9692842344116737,0.7633438426080966,0.9489156723874291,0.8803115229134648
s1017,trachea,0.9253,airway_neck,0.865154145879412,0.9429906325637399,0.8371492625235353,0.9709955159196166,0.8575178245477798,0.9506269538953721,0.9068944200041711
s1017,vertebrae_C1,0.9309,vertebrae,0.7665619313656216,0.9554177414142715,0.7385570480097449,0.9834226247701482,0.7369400080998352,0.9850396646800579,0.9378448340119276
s1017,vertebrae_C2,0.9569,vertebrae,0.7925036330164246,0.9600696345386681,0.7644987496605479,0.9880745178945448,0.7628817097506382,0.9896915578044545,0.9389968521329716
s1017,vertebrae_C3,0.9385,vertebrae,0.8272692371197599,0.9585283249331301,0.7992643537638832,0.9865332082890068,0.7976473138539735,0.9881502481989165,0.9301284694629142
s1017,vertebrae_C4,0.9481,vertebrae,0.8307740375540686,0.9597343766575168,0.802769154198192,0.9877392600133935,0.8011521142882823,0.9893562999233032,0.9471711488551563
s1017,vertebrae_C5,0.9206,vertebrae,0.6805554694067126,0.9455585843190267,0.6525505860508359,0.9735634676749034,0.6509335461409262,0.9751805075848131,0.8531503085773373
s1017,vertebrae_C6,0.9039,vertebrae,0.8178822614962604,0.959559993547313,0.7898773781403837,0.9875648769031897,0.788260338230474,0.9891819168130994,0.9092018744894723
s1017,vertebrae_C7,0.9374,vertebrae,0.7931160628079337,0.9628631351260408,0.765111179452057,0.9908680184819175,0.7634941395421473,0.9924850583918272,0.9457998728303274
s1017,vertebrae_L1,0.9473,vertebrae,0.7370313097918624,0.9628084884509786,0.7090264264359857,0.9908133718068552,0.707409386526076,0.9924304117167649,0.9354210406104657
s1017,vertebrae_L2,0.0,vertebrae,0.017377924238381047,0.8808158531042098,0.0,0.9088207364600865,0.0,0.9104377763699962,0.48500584636295674
s1017,vertebrae_T1,0.97,vertebrae,0.875848736307939,0.96689108560517,0.8478438529520623,0.9948959689610467,0.8462268130421526,0.9965130088709564,0.9506243995654683
s1017,vertebrae_T10,0.9405,vertebrae,0.9405723000275261,0.9761191155829986,0.9125674166716494,1.0,0.9109503767617397,1.0,0.9673924409796928
s1017,vertebrae_T11,0.9384,vertebrae,0.7661817186526366,0.955343182627792,0.7381768352967599,0.9833480659836688,0.7365597953868502,0.9849651058935784,0.8685358341430646
s1017,vertebrae_T12,0.9427,vertebrae,0.7540936484864308,0.963584172883144,0.7260887651305541,0.9915890562390207,0.7244717252206444,0.9932060961489304,0.9233037249460074
s1017,vertebrae_T2,0.9533,vertebrae,0.8533034265553128,0.9685239340981867,0.8252985431994361,0.9965288174540634,0.8236815032895264,0.9981458573639731,0.9385407330193336
s1017,vertebrae_T3,0.3554,vertebrae,0.7662286209717853,0.9700975761187035,0.7382237376159086,0.9981024594745802,0.736606697705999,0.9997194993844899,0.9289482372726838
s1017,vertebrae_T4,0.023,vertebrae,0.7849121585926921,0.9681966013851454,0.7569072752368154,0.9962014847410221,0.7552902353269058,0.9978185246509318,0.923184195675829
s1017,vertebrae_T5,0.0517,vertebrae,0.8404562694256007,0.9695197957934498,0.812451386069724,0.9975246791493265,0.8108343461598143,0.9991417190592362,0.9389711342744622
s1017,vertebrae_T6,0.2738,vertebrae,0.6589694478572722,0.8935347840483292,0.6309645645013955,0.9215396674042059,0.6293475245914858,0.9231567073141156,0.6507539233125128
s1017,vertebrae_T7,0.8114,vertebrae,0.8106596574073067,0.9346949443397021,0.78265477405143,0.9626998276955788,0.7810377341415203,0.9643168676054885,0.8762938571339308
s1017,vertebrae_T8,0.9555,vertebrae,0.8914264944173319,0.9579202640033174,0.8634216110614552,0.9859251473591941,0.8618045711515455,0.9875421872691038,0.9348945433769421
s1017,vertebrae_T9,0.9635,vertebrae,0.9227524546633392,0.9756385776230942,0.8947475713074625,1.0,0.8931305313975528,1.0,0.9596328744064089
s0918,adrenal_gland_left,0.8494,urinary,0.8394253231709945,0.9251920107027026,0.8114204398151178,0.9531968940585793,0.801602081435738,0.9630152524379592,0.8736301867972127
s0918,adrenal_gland_right,0.8595,urinary,0.7572056932826295,0.9161204404555243,0.7292008099267528,0.944125323811401,0.719382451547373,0.9539436821907809,0.8547867115896497
s0918,aorta,0.9791,great_vessel,0.9459931281017913,0.9790217980527647,0.9179882447459146,1.0,0.9069653984111871,1.0,0.971378358414888
s0918,atrial_appendage_left,0.926,heart,0.7668101531688056,0.9212150737580229,0.7388052698129289,0.9492199571138996,0.7549743670362687,0.9330508598905598,0.9099780092405388
s0918,autochthon_left,0.9727,muscle,0.9672053716494622,0.9714962830185815,0.9392004882935855,0.9995011663744582,0.941858130605572,0.9968435240624717,0.9663762089942844
s0918,autochthon_right,0.9735,muscle,0.9666209686196974,0.9719898034986045,0.9386160852638207,0.9999946868544812,0.9412737275758072,0.9973370445424947,0.9632107076811282
s0918,brachiocephalic_trunk,0.8202,great_vessel,0.8537340218848349,0.9275144734471619,0.8257291385289582,0.9555193568030386,0.8147062921942307,0.9665422031377661,0.9115845434217607
s0918,brachiocephalic_vein_left,0.8603,great_vessel,0.8578138930974076,0.9319601287721299,0.8298090097415309,0.9599650121280066,0.8187861634068034,0.970987858462734,0.9022514532001922
s0918,brachiocephalic_vein_right,0.9418,great_vessel,0.8590977672567889,0.9319159239985485,0.8310928839009122,0.9599208073544252,0.8200700375661847,0.9709436536891527,0.9024158711713793
s0918,clavicula_left,0.9814,shoulder_bone,0.9657954325504973,0.9740440232233608,0.9377905491946206,1.0,0.9330622907845988,1.0,0.9663006540812612
s0918,clavicula_right,0.9714,shoulder_bone,0.9585528158883196,0.9723625084954267,0.930547932532443,1.0,0.9258196741224212,1.0,0.9555375244138595
s0918,colon,0.9465,digestive,0.9439892270988037,0.9600936504840514,0.915984343742927,0.9880985338399281,0.8036667685270497,1.0,0.9359499971614043
s0918,common_carotid_artery_left,0.9312,great_vessel,0.724411659086398,0.9349242870289117,0.6964067757305213,0.9629291703847884,0.6853839293957938,0.9739520167195159,0.8999782217340888
s0918,common_carotid_artery_right,0.9165,great_vessel,0.8109901464058822,0.9323055691354041,0.7829852630500055,0.9603104524912808,0.771962416715278,0.9713332988260083,0.9148121153563455
s0918,costal_cartilages,0.9182,costal_cartilage,0.8757547394600815,0.9096932342250598,0.8477498561042048,0.9376981175809365,0.835138668591455,0.9503093050936863,0.8953392025174467
s0918,duodenum,0.8725,digestive,0.8708548563798969,0.9503263847671904,0.8428499730240202,0.9783312681230671,0.7305323978081428,1.0,0.891219667834506
s0918,esophagus,0.9336,digestive,0.899571620255637,0.9524437895076503,0.8715667368997603,0.980448672863527,0.7592491616838829,1.0,0.9160696623727163
s0918,femur_left,0.9478,pelvic_bone,0.8657213608531321,0.9838595973173192,0.8377164774972554,1.0,0.861560171427435,0.9880207867430163,0.9593794610599322
s0918,femur_right,0.9886,pelvic_bone,0.9240051317867458,0.9837720669505546,0.8960002484308691,1.0,0.9198439423610487,0.9879332563762517,0.9804436887064041
s0918,gallbladder,0.9354,solid_abdominal,0.7976159249924889,0.9458596934414583,0.7696110416366122,0.973864576797335,0.7671059772082457,0.9763696412257015,0.8975574248294309
s0918,gluteus_maximus_left,0.9548,muscle,0.9728199450167817,0.9775212512706072,0.944815061660905,1.0,0.9474727039728915,1.0,0.9669625616737859
s0918,gluteus_maximus_right,0.9727,muscle,0.9694548411426145,0.9739958654085183,0.9414499577867378,1.0,0.9441076000987243,0.9993431064524085,0.9652060687062467
s0918,gluteus_medius_left,0.9429,muscle,0.9413722498222925,0.969377812080514,0.9133673664664158,0.9973826954363907,0.9160250087784023,0.9947250531244042,0.9516612869649427
s0918,gluteus_medius_right,0.9683,muscle,0.9630929863847635,0.9722131057124606,0.9350881030288868,1.0,0.9377457453408733,0.9975603467563507,0.9607675370578372
s0918,gluteus_minimus_left,0.9091,muscle,0.9288795435970891,0.9569600624476083,0.9008746602412124,0.984964945803485,0.9035323025531989,0.9823073034914985,0.9143938663348758
s0918,gluteus_minimus_right,0.9606,muscle,0.9551158469723093,0.9567398860702457,0.9271109636164326,0.9847447694261224,0.9297686059284191,0.9820871271141359,0.9506433019821031
s0918,heart,0.9382,heart,0.9444391657739076,0.9711209401012569,0.9164342824180309,0.9991258234571336,0.9326033796413707,0.9829567262337938,0.9471067575047628
s0918,hip_left,0.9569,pelvic_bone,0.9692177949560723,0.9823772239994665,0.9412129116001956,1.0,0.9650566055303752,0.9865384134251636,0.9701763353834112
s0918,hip_right,0.9836,pelvic_bone,0.9751554191353841,0.9798504201197777,0.9471505357795074,1.0,0.970994229709687,0.9840116095454748,0.9735226082403525
s0918,humerus_left,0.9775,shoulder_bone,0.9618487518403824,0.9772735890374176,0.9338438684845057,1.0,0.929115610074484,1.0,0.9637123174531422
s0918,humerus_right,0.9723,shoulder_bone,0.9182144116384392,0.9658617760004742,0.8902095282825625,0.9938666593563509,0.8854812698725407,0.9985949177663727,0.9383755908819897
s0918,iliac_artery_left,0.8968,great_vessel,0.9672092317703648,0.962927380529954,0.9392043484144881,0.9909322638858307,0.9281815020797606,1.0,0.9563173558727962
s0918,iliac_artery_right,0.9276,great_vessel,0.9484333371682293,0.9574174898490825,0.9204284538123526,0.9854223732049592,0.9094056074776251,0.9964452195396867,0.9346363159962138
s0918,iliac_vena_left,0.8677,great_vessel,0.9034791334105504,0.9457649351197058,0.8754742500546737,0.9737698184755825,0.8644514037199462,0.98479266481031,0.9082315958337094
s0918,iliac_vena_right,0.9169,great_vessel,0.8966779680529985,0.9391689522690937,0.8686730846971218,0.9671738356249704,0.8576502383623943,0.9781966819596979,0.9148211213615051
s0918,iliopsoas_left,0.9654,muscle,0.814579265371371,0.9513750660354161,0.7865743820154943,0.9793799493912928,0.7892320243274809,0.9767223070793063,0.9142731882536954
s0918,iliopsoas_right,0.9703,muscle,0.9614874228621739,0.9709198868513697,0.9334825395062972,0.9989247702072463,0.9361401818182837,0.9962671278952598,0.9691316615052656
s0918,inferior_vena_cava,0.9107,great_vessel,0.903330207533089,0.9549176310464708,0.8753253241772123,0.9829225144023475,0.8643024778424848,0.993945360737075,0.9272751910473069
s0918,kidney_left,0.9848,urinary,0.9536754181960674,0.9878548055195824,0.9256705348401907,1.0,0.9158521764608109,1.0,0.9789712831865203
s0918,kidney_right,0.983,urinary,0.9609209806541577,0.9847172090879973,0.932916097298281,1.0,0.9230977389189011,1.0,0.9751533270108999
s0918,liver,0.987,solid_abdominal,0.9702226742584616,0.9896135807167422,0.942217790902585,1.0,0.9397127264742184,1.0,0.9860819485070295
s0918,lung_lower_lobe_left,0.9323,lung,0.9838430918940384,0.9936853443041043,0.9558382085381617,1.0,0.9777627271279232,0.9997657090702194,0.9894941579431518
s0918,lung_lower_lobe_right,0.9935,lung,0.9776402826381255,0.9931629776669527,0.9496353992822488,1.0,0.9715599178720103,0.9992433424330679,0.9922548085886216
s0918,lung_middle_lobe_right,0.956,lung,0.9195984199419432,0.9811917640198483,0.8915935365860665,1.0,0.9135180551758281,0.9872721287859635,0.9663569705159012
s0918,lung_upper_lobe_left,0.8353,lung,0.8906050838673272,0.9654348629792647,0.8626002005114505,0.9934397463351414,0.884524719101212,0.9715152277453799,0.9454385380935713
s0918,lung_upper_lobe_right,0.98,lung,0.9799597892072465,0.9909286143802919,0.9519549058513698,1.0,0.9738794244411313,0.9970089791464071,0.9808233185259216
s0918,pancreas,0.9218,solid_abdominal,0.9180266188926528,0.9488925493826104,0.8900217355367761,0.9768974327384871,0.8875166711084096,0.9794024971668536,0.8975252729759414
s0918,portal_vein_and_splenic_vein,0.9156,great_vessel,0.8768124325523793,0.9433976019604419,0.8488075491965026,0.9714024853163186,0.8377847028617751,0.9824253316510461,0.892046930910151
s0918,prostate,0.8199,reproductive,0.9174557943106719,0.9441907887878427,0.8894509109547952,0.9721956721437194,0.30263864559721176,1.0,0.8628986691327518
s0918,pulmonary_vein,0.9221,great_vessel,0.7966538603585253,0.9399703305777648,0.7686489770026486,0.9679752139336415,0.7576261306679211,0.978998060268369,0.9334544765238582
s0918,rib_left_1,0.9408,rib,0.9356503200218038,0.9670781479506244,0.9076454366659271,0.9950830313065011,0.8957910289540678,1.0,0.9382575651616547
s0918,rib_left_10,0.9766,rib,0.9725581873841338,0.9697217150751155,0.9445533040282571,0.9977265984309922,0.9326988963163978,1.0,0.9709924453165972
s0918,rib_left_11,0.98,rib,0.9091564044902337,0.9751251658909716,0.881151521134357,1.0,0.8692971134224977,1.0,0.9602010756801208
s0918,rib_left_12,0.9586,rib,0.6809266392845824,0.9495115967209208,0.6529217559287057,0.9775164800767975,0.6410673482168464,0.9893708877886568,0.9247752301594577
s0918,rib_left_2,0.9755,rib,0.9552847587589952,0.9688022474925356,0.9272798754031185,0.9968071308484123,0.9154254676912592,1.0,0.9536059957906929
s0918,rib_left_3,0.9768,rib,0.9594389931280821,0.9741706083631271,0.9314341097722054,1.0,0.9195797020603461,1.0,0.9634404247473497
s0918,rib_left_4,0.8345,rib,0.791651521789289,0.8880674395108575,0.7636466384334123,0.9160723228667342,0.751792230721553,0.9279267305785935,0.6501702166430248
s0918,rib_left_5,0.7036,rib,0.6672993130918224,0.8863447381298936,0.6392944297359457,0.9143496214857703,0.6274400220240864,0.9262040291976296,0.637161824158876
s0918,rib_left_6,0.7991,rib,0.7418248027207792,0.8812740797345239,0.7138199193649025,0.9092789630904006,0.7019655116530432,0.9211333708022599,0.6472913263613407
s0918,rib_left_7,0.9116,rib,0.7556588080922069,0.9144570200003918,0.7276539247363302,0.9424619033562684,0.7157995170244709,0.9543163110681278,0.844064843545665
s0918,rib_left_8,0.984,rib,0.9595182514342896,0.9737470291650733,0.9315133680784129,1.0,0.9196589603665536,1.0,0.9668515483202742
s0918,rib_left_9,0.9852,rib,0.9661225691497921,0.9732504194128305,0.9381176857939154,1.0,0.9262632780820561,1.0,0.9689226371917852
s0918,rib_right_1,0.9475,rib,0.929977739100494,0.9635667104544826,0.9019728557446173,0.9915715938103593,0.890118448032758,1.0,0.937635455788696
s0918,rib_right_10,0.9857,rib,0.9457873489996946,0.9715378902340257,0.9177824656438179,0.9995427735899024,0.9059280579319586,1.0,0.9599200568426343
s0918,rib_right_11,0.9754,rib,0.925159844102446,0.9726001743152759,0.8971549607465693,1.0,0.88530055303471,1.0,0.9574652838620716
s0918,rib_right_12,0.971,rib,0.7739867382744321,0.9499229628740258,0.7459818549185554,0.9779278462299025,0.7341274472066961,0.9897822539417618,0.9345372420172186
s0918,rib_right_2,0.9664,rib,0.961890962943589,0.9642450720844361,0.9338860795877123,0.9922499554403128,0.922031671875853,1.0,0.9590256398410424
s0918,rib_right_3,0.9768,rib,0.9620982020220922,0.9659573289579819,0.9340933186662155,0.9939622123138586,0.9222389109543562,1.0,0.9541430685336088
s0918,rib_right_4,0.974,rib,0.9545569415580016,0.9699926429394227,0.9265520582021249,0.9979975262952994,0.9146976504902656,1.0,0.9513787052711874
s0918,rib_right_5,0.9734,rib,0.9541243675924251,0.9707777347102036,0.9261194842365484,0.9987826180660803,0.9142650765246891,1.0,0.9531871857505985
s0918,rib_right_6,0.987,rib,0.9621312694810957,0.9712766156989413,0.934126386125219,0.999281499054818,0.9222719784133597,1.0,0.9566497806223782
s0918,rib_right_7,0.9866,rib,0.9597405893074017,0.9717731915943557,0.931735705951525,0.9997780749502324,0.9198812982396657,1.0,0.9657691627672924
s0918,rib_right_8,0.9857,rib,0.9576127483408717,0.972736169831492,0.929607864984995,1.0,0.9177534572731357,1.0,0.9697861894905532
s0918,rib_right_9,0.9827,rib,0.9583236013569885,0.9688394633461842,0.9303187180011118,0.9968443467020609,0.9184643102892525,1.0,0.9665545206379208
s0918,sacrum,0.9429,pelvic_bone,0.8968924878740023,0.9588675815007305,0.8688876045181256,0.9868724648566072,0.8927312984483052,0.9630287709264276,0.9315134268526954
s0918,scapula_left,0.9728,shoulder_bone,0.9578414504255072,0.9734174874178598,0.9298365670696305,1.0,0.9251083086596087,1.0,0.9625854264551313
s0918,scapula_right,0.9561,shoulder_bone,0.9625522850152702,0.9738942448503269,0.9345474016593935,1.0,0.9298191432493718,1.0,0.9659870089723782
s0918,small_bowel,0.9401,digestive,0.923752019642111,0.966788050107478,0.8957471362862343,0.9947929334633547,0.7834295610703569,1.0,0.9482501306216727
s0918,spinal_cord,0.958,neuro,0.932039202991119,0.9557663718588884,0.9040343196352423,0.983771255214765,0.9226259579200862,0.9651796169299212,0.9460900612497055
s0918,spleen,0.9901,solid_abdominal,0.9516944883227912,0.9887871158514204,0.9236896049669145,1.0,0.921184540538548,1.0,0.9865472960021107
s0918,sternum,0.9328,shoulder_bone,0.9231185512003102,0.9587970702557459,0.8951136678444335,0.9868019536116226,0.8903854094344117,0.9915302120216444,0.9296185471875228
s0918,stomach,0.9278,digestive,0.8606503481041884,0.9599885290819514,0.8326454647483117,0.9879934124378281,0.7203278895324343,1.0,0.9366129887892138
s0918,subclavian_artery_left,0.8469,great_vessel,0.8482437923843599,0.9360111243996763,0.8202389090284832,0.964016007755553,0.8092160626937557,0.9750388540902805,0.9108731599345965
s0918,subclavian_artery_right,0.9338,great_vessel,0.6593775518851938,0.9297417251094378,0.6313726685293171,0.9577466084653145,0.6203498221945896,0.968769454800042,0.915625118771909
s0918,superior_vena_cava,0.9635,great_vessel,0.9250758327317722,0.9487216070513755,0.8970709493758955,0.9767264904072522,0.886048103041168,0.9877493367419797,0.9295650317962263
s0918,thyroid_gland,0.9165,airway_neck,0.86474627273879,0.9407161370120698,0.8367413893829133,0.9687210203679465,0.8571099514071578,0.948352458343702,0.9217574837030004
s0918,trachea,0.9533,airway_neck,0.8856328825977264,0.9772107282602491,0.8576279992418497,1.0,0.8779965612660943,0.9848470495918813,0.9622004606156962
s0918,urinary_bladder,0.9112,urinary,0.9107948362073952,0.9586340550040895,0.8827899528515185,0.9866389383599662,0.8729715944721387,0.996457296739346,0.9141357864337367
s0918,vertebrae_C6,0.9708,vertebrae,0.8346947431080318,0.9510504199135762,0.8066898597521551,0.9790553032694529,0.8050728198422454,0.9806723431793626,0.9176234063815194
s0918,vertebrae_C7,0.9783,vertebrae,0.9433358296346604,0.9767557594253058,0.9153309462787838,1.0,0.9137139063688741,1.0,0.9744368924114516
s0918,vertebrae_L1,0.9881,vertebrae,0.9933784209834551,0.9876117165159333,0.9653735376275784,1.0,0.9637564977176687,1.0,0.9877646542167475
s0918,vertebrae_L2,0.9874,vertebrae,0.9879581114736906,0.9858334111768391,0.9599532281178139,1.0,0.9583361882079042,1.0,0.9878258319819486
s0918,vertebrae_L3,0.9895,vertebrae,0.9546842792495814,0.9858407110661654,0.9266793958937047,1.0,0.925062355983795,1.0,0.9834136480651141
s0918,vertebrae_L4,0.9889,vertebrae,0.9387413933992871,0.9867450908392287,0.9107365100434104,1.0,0.9091194701335007,1.0,0.9812641550220715
s0918,vertebrae_L5,0.9889,vertebrae,0.9340355946718983,0.9865565353689321,0.9060307113160216,1.0,0.904413671406112,1.0,0.9796692441066537
s0918,vertebrae_S1,0.9397,vertebrae,0.9551851366780961,0.9851633870346178,0.9271802533222194,1.0,0.9255632134123097,1.0,0.9723580584429763
s0918,vertebrae_T1,0.9768,vertebrae,0.9128986465471794,0.9803247338874591,0.8848937631913028,1.0,0.8832767232813931,1.0,0.9699849512338892
s0918,vertebrae_T10,0.9906,vertebrae,0.9687296111778205,0.9857603701292009,0.9407247278219438,1.0,0.9391076879120341,1.0,0.9769089149867143
s0918,vertebrae_T11,0.9869,vertebrae,0.9905863712089713,0.986473078000078,0.9625814878530946,1.0,0.9609644479431849,1.0,0.9824271096779918
s0918,vertebrae_T12,0.9866,vertebrae,0.9808762192731739,0.9867792806312555,0.9528713359172972,1.0,0.9512542960073875,1.0,0.9784768502485297
s0918,vertebrae_T2,0.982,vertebrae,0.8918233433585213,0.9771650069536794,0.8638184600026446,1.0,0.8622014200927349,1.0,0.9689266343403556
s0918,vertebrae_T3,0.9602,vertebrae,0.8949530960836615,0.9768410179482577,0.8669482127277848,1.0,0.8653311728178751,1.0,0.9634908084278344
s0918,vertebrae_T4,0.9572,vertebrae,0.8779712287008399,0.9791845057329472,0.8499663453449632,1.0,0.8483493054350535,1.0,0.9562672754491874
s0918,vertebrae_T5,0.975,vertebrae,0.9287901369979494,0.9785339938617551,0.9007852536420727,1.0,0.899168213732163,1.0,0.960086810010185
s0918,vertebrae_T6,0.9326,vertebrae,0.9222418019422197,0.9787232168031418,0.894236918586343,1.0,0.8926198786764333,1.0,0.9684241964640762
s0918,vertebrae_T7,0.9457,vertebrae,0.9482889823600917,0.9791369535361826,0.920284099004215,1.0,0.9186670590943053,1.0,0.9544290325471984
s0918,vertebrae_T8,0.9881,vertebrae,0.9722745767705698,0.9789228839728753,0.9442696934146931,1.0,0.9426526535047834,1.0,0.9782525756216226
s0918,vertebrae_T9,0.9884,vertebrae,0.9807521232850978,0.9842932720041145,0.9527472399292211,1.0,0.9511302000193114,1.0,0.9796434333626588
s1002,aorta,0.9828,great_vessel,0.9678325340608573,0.9863964619792294,0.9573468196069919,0.9968821764330948,0.9565416817504538,0.9976873142896329,0.9770982244224065
s1002,atrial_appendage_left,0.9367,heart,0.8910220754387257,0.962771164656651,0.8805363609848602,0.9732568791105165,0.8764639248289504,0.9773293152664263,0.939781880369956
s1002,brachiocephalic_trunk,0.9768,great_vessel,0.9115147099767821,0.9518481550280354,0.9010289955229166,0.9623338694819009,0.9002238576663786,0.9631390073384389,0.9411650509683177
s1002,brachiocephalic_vein_left,0.9716,great_vessel,0.8476605920742973,0.9542976949229145,0.8371748776204319,0.96478340937678,0.8363697397638938,0.965588547233318,0.9492948319521023
s1002,brachiocephalic_vein_right,0.9266,great_vessel,0.8069940488281035,0.9552403752771752,0.7965083343742381,0.9657260897310407,0.7957031965177,0.9665312275875787,0.9133890021746388
s1002,common_carotid_artery_left,0.9455,great_vessel,0.7444811493762886,0.946746006832679,0.7339954349224231,0.9572317212865444,0.7331902970658851,0.9580368591430825,0.8850769169741466
s1002,costal_cartilages,0.8978,costal_cartilage,0.8711248073779402,0.8954573447154969,0.8606390929240747,0.9059430591693624,0.8090270921665076,0.9575550599269295,0.8422657822654323
s1002,esophagus,0.96,digestive,0.9223615518331535,0.9422891234873128,0.911875837379288,0.9527748379411782,0.8432766123578727,1.0,0.9299577165069861
s1002,heart,0.9459,heart,0.9346151652899815,0.9755456491409159,0.924129450836116,0.9860313635947814,0.9200570146802062,0.9901037997506912,0.9441145908918528
s1002,inferior_vena_cava,0.9243,great_vessel,0.88708746590582,0.9546660521565045,0.8766017514519545,0.9651517666103699,0.8757966135954165,0.965956904466908,0.9171927175729325
s1002,liver,0.9623,solid_abdominal,0.9334255357733,0.9681277525614767,0.9229398213194345,0.9786134670153421,0.9166180631014176,0.9849352252333591,0.9530976998709406
s1002,lung_lower_lobe_left,0.9903,lung,0.9754547946952672,0.9919382392003013,0.9649690802414017,1.0,0.9674222850817845,0.999970748813784,0.9923535457922017
s1002,lung_lower_lobe_right,0.9886,lung,0.9388335945491277,0.9879070271869387,0.9283478800952623,0.9983927416408042,0.9308010849356451,0.9959395368004214,0.9817062174222365
s1002,lung_middle_lobe_right,0.9198,lung,0.9446833453532745,0.9793887577210367,0.934197630899409,0.9898744721749022,0.9366508357397918,0.9874212673345194,0.9592973185735486
s1002,lung_upper_lobe_left,0.9936,lung,0.9747258372155602,0.99370620115263,0.9642401227616947,1.0,0.9666933276020775,1.0,0.9897627453490334
s1002,lung_upper_lobe_right,0.9666,lung,0.9137966187699055,0.9901884858822892,0.90331090431604,1.0,0.9057641091564228,0.9982209954957719,0.9723721905632895
s1002,pulmonary_vein,0.9587,great_vessel,0.7790122618048805,0.9364183228380273,0.768526547351015,0.9469040372918928,0.767721409494477,0.9477091751484308,0.8875022538633945
s1002,rib_left_1,0.6962,rib,0.29427729488383714,0.9467114257955096,0.28379158042997166,0.9571971402493751,0.2812454599775783,0.9597432607017684,0.528358788187463
s1002,rib_left_10,0.9743,rib,0.2555820836784146,0.9346679002026601,0.24509636922454914,0.9451536146565256,0.2425502487721558,0.9476997351089189,0.8656834342051076
s1002,rib_left_2,0.9631,rib,0.6872165127174682,0.9560233220970378,0.6767307982636027,0.9665090365509033,0.6741846778112094,0.9690551570032966,0.9189695183087206
s1002,rib_left_3,0.9739,rib,0.7745766571436116,0.9696238345333634,0.7640909426897461,0.9801095489872289,0.7615448222373528,0.9826556694396222,0.9687602909032818
s1002,rib_left_4,0.975,rib,0.7869734315590081,0.9689146190451192,0.7764877171051426,0.9794003334989847,0.7739415966527493,0.981946453951378,0.9482156086977266
s1002,rib_left_5,0.9736,rib,0.7330282452852322,0.9550241135392357,0.7225425308313668,0.9655098279931011,0.7199964103789734,0.9680559484454945,0.9080941976780175
s1002,rib_left_6,0.9596,rib,0.6434864270910257,0.9204743690323959,0.6330007126371602,0.9309600834862614,0.6304545921847668,0.9335062039386547,0.679065995020583
s1002,rib_left_7,0.956,rib,0.5847105401472517,0.919885856937665,0.5742248256933862,0.9303715713915305,0.5716787052409928,0.9329176918439238,0.6773959268030596
s1002,rib_left_8,0.9813,rib,0.27080121581470257,0.9566928213531678,0.2603155013608371,0.9671785358070333,0.25776938090844376,0.9697246562594266,0.9259714297027453
s1002,rib_left_9,0.9858,rib,0.3681097562381147,0.9501093384453425,0.3576240417842492,0.960595052899208,0.3550779213318559,0.9631411733516013,0.908342300110623
s1002,rib_right_1,0.0,rib,0.2939941244353029,0.943376575523822,0.2835084099814374,0.9538622899776875,0.28096228952904406,0.9564084104300808,0.5270930857765745
s1002,rib_right_2,0.8796,rib,0.4206702650229899,0.935461649053515,0.4101845505691244,0.9459473635073805,0.40763843011673107,0.9484934839597738,0.8147904009094022
s1002,spleen,0.9703,solid_abdominal,0.5754868086125539,0.9550829332833428,0.5650010941586884,0.9655686477372083,0.5586793359406714,0.9718904059552252,0.9015807988362545
s1002,sternum,0.8916,shoulder_bone,0.9347664649769238,0.9644923073057694,0.9242807505230584,0.9749780217596349,0.9255504894209478,0.9737082828617455,0.9438046787272346
s1002,stomach,0.9469,digestive,0.8691968260493865,0.957971055514059,0.858711111595521,0.9684567699679245,0.7901118865741057,1.0,0.9083416512662514
s1002,subclavian_artery_left,0.9482,great_vessel,0.9034696902154294,0.9421118040003724,0.892983975761564,0.9525975184542379,0.892178837905026,0.9534026563107759,0.9007853991025696
s1002,superior_vena_cava,0.9729,great_vessel,0.9121863877995703,0.978128043701999,0.9017006733457048,0.9886137581558645,0.9008955354891668,0.9894188960124025,0.9478571119481748
s1002,trachea,0.9768,airway_neck,0.8439689474666321,0.9840029609953407,0.8334832330127666,0.9944886754492062,0.8465164085487197,0.9814554999132531,0.953501815920835
s1002,vertebrae_T10,0.971,vertebrae,0.6636843254346383,0.9757921829145044,0.6531986109807728,0.9862778973683699,0.6547949778055768,0.9846815305435659,0.9714479562018732
s1002,vertebrae_T11,0.9918,vertebrae,0.7224955897129657,0.9773463405804497,0.7120098752591002,0.9878320550343151,0.7136062420839042,0.9862356882095111,0.9620798028320687
s1002,vertebrae_T12,0.9908,vertebrae,0.6630668094284499,0.973102297070573,0.6525810949745844,0.9835880115244385,0.6541774617993884,0.9819916446996345,0.9867304982510753
s1002,vertebrae_T3,0.9777,vertebrae,0.6563524015972239,0.9722645494145962,0.6458666871433584,0.9827502638684616,0.6474630539681624,0.9811538970436576,0.9756751657858993
s1002,vertebrae_T4,0.9878,vertebrae,0.6820375685609392,0.9662883731548738,0.6715518541070737,0.9767740876087393,0.6731482209318778,0.9751777207839353,0.925340461192947
s1002,vertebrae_T5,0.9836,vertebrae,0.659362288697719,0.9662917736418395,0.6488765742438535,0.976777488095705,0.6504729410686575,0.975181121270901,0.8548728653134018
s1002,vertebrae_T6,0.9794,vertebrae,0.655096449282705,0.955460032723318,0.6446107348288396,0.9659457471771835,0.6462071016536436,0.9643493803523795,0.8637674265225681
s1002,vertebrae_T7,0.9737,vertebrae,0.6316297137930615,0.9471353881193585,0.6211439993391961,0.957621102573224,0.6227403661640001,0.95602473574842,0.7879796581449392
s1002,vertebrae_T8,0.9831,vertebrae,0.6554255572172252,0.969397185201644,0.6449398427633597,0.9798828996555095,0.6465362095881637,0.9782865328307054,0.9589575538677981
s1002,vertebrae_T9,0.9688,vertebrae,0.684900514333131,0.9745654034927261,0.6744147998792656,0.9850511179465916,0.6760111667040696,0.9834547511217876,0.9562832329187803
s0991,adrenal_gland_left,0.9034,urinary,0.8003959859544544,0.9339517082938175,0.7723911025985777,0.9619565916496942,0.7625727442191979,0.971774950029074,0.8798836787606851
s0991,adrenal_gland_right,0.8958,urinary,0.8019349157306265,0.9305743807958056,0.7739300323747498,0.9585792641516823,0.7641116739953699,0.9683976225310621,0.9117158607327023
s0991,aorta,0.9755,great_vessel,0.9540925072627544,0.9742146919816481,0.9260876239068777,1.0,0.9150647775721502,1.0,0.9703521415101191
s0991,atrial_appendage_left,0.9371,heart,0.7284833732563322,0.9312660891513943,0.7004784899004555,0.959270972507271,0.7166475871237953,0.9431018752839312,0.9114654430671487
s0991,autochthon_left,0.9693,muscle,0.9660873124191484,0.9723169437337568,0.9380824290632717,1.0,0.9407400713752582,0.997664184777647,0.9658484021075445
s0991,autochthon_right,0.967,muscle,0.9659066115563416,0.9710113421331347,0.9379017282004649,0.9990162254890114,0.9405593705124514,0.9963585831770249,0.9631035138120247
s0991,brachiocephalic_trunk,0.9076,great_vessel,0.9037535204512269,0.9330100091911877,0.8757486370953502,0.9610148925470644,0.8647257907606227,0.9720377388817919,0.9046442576448888
s0991,brachiocephalic_vein_left,0.9403,great_vessel,0.8882116875498888,0.9431121786986397,0.8602068041940121,0.9711170620545164,0.8491839578592846,0.9821399083892439,0.9177487635688752
s0991,brachiocephalic_vein_right,0.9134,great_vessel,0.9073411142289857,0.9215440924616405,0.879336230873109,0.9495489758175172,0.8683133845383815,0.9605718221522447,0.8901966156462556
s0991,clavicula_left,0.9728,shoulder_bone,0.9372046465267094,0.9672718862345067,0.9091997631708327,0.9952767695903834,0.904471504760811,1.0,0.9667271945105783
s0991,clavicula_right,0.9742,shoulder_bone,0.9190781867822949,0.9635145913059691,0.8910733034264182,0.9915194746618458,0.8863450450163964,0.9962477330718675,0.9578903073274294
s0991,colon,0.8085,digestive,0.8666981517824207,0.9381189441433413,0.838693268426544,0.966123827499218,0.7263756932106666,1.0,0.8802257045783596
s0991,common_carotid_artery_left,0.9196,great_vessel,0.8532006183777168,0.932141482213837,0.8251957350218401,0.9601463655697137,0.8141728886871126,0.9711692119044412,0.9089168311163247
s0991,common_carotid_artery_right,0.8517,great_vessel,0.7636097058949095,0.898125665786972,0.7356048225390328,0.9261305491428486,0.7245819762043053,0.9371533954775761,0.8419130873729793
s0991,costal_cartilages,0.9006,costal_cartilage,0.8550807922506576,0.9009853388841911,0.8270759088947809,0.9289902222400678,0.8144647213820311,0.9416014097528176,0.8835125883330056
s0991,duodenum,0.7738,digestive,0.8908234305131012,0.9539747999504452,0.8628185471572245,0.9819796833063219,0.7505009719413471,1.0,0.9132676461994653
s0991,esophagus,0.9321,digestive,0.8907133732600612,0.9548865404310206,0.8627084899041845,0.9828914237868973,0.7503909146883071,1.0,0.9065206815479145
s0991,femur_left,0.9148,pelvic_bone,0.7777842355557875,0.9760293290219809,0.7497793521999108,1.0,0.7736230461300904,0.980190518447678,0.9518750662687073
s0991,femur_right,0.9861,pelvic_bone,0.8713080543437605,0.9741529609731726,0.8433031709878838,1.0,0.8671468649180634,0.9783141503988697,0.9572878480207792
s0991,gallbladder,0.9085,solid_abdominal,0.8962389632552783,0.949420157896095,0.8682340798994016,0.9774250412519717,0.8657290154710351,0.9799301056803382,0.8863168956594091
s0991,gluteus_maximus_left,0.9668,muscle,0.9648218815476742,0.9706374538109679,0.9368169981917975,0.9986423371668446,0.939474640503784,0.9959846948548581,0.9595145938276837
s0991,gluteus_maximus_right,0.9677,muscle,0.9673329972287685,0.972405878402023,0.9393281138728918,1.0,0.9419857561848783,0.9977531194459132,0.959035101647736
s0991,gluteus_medius_left,0.9537,muscle,0.8705165247846891,0.9685754792513669,0.8425116414288124,0.9965803626072436,0.8451692837407989,0.9939227202952571,0.962572178037883
s0991,gluteus_medius_right,0.967,muscle,0.9400681274791934,0.9605598635501321,0.9120632441233167,0.9885647469060088,0.9147208864353032,0.9859071045940223,0.9614810624377367
s0991,gluteus_minimus_left,0.9172,muscle,0.902601919836565,0.9537395746870966,0.8745970364806883,0.9817444580429733,0.8772546787926748,0.9790868157309868,0.9043673074741435
s0991,gluteus_minimus_right,0.9493,muscle,0.9215237077854306,0.9577692392196453,0.8935188244295539,0.985774122575522,0.8961764667415404,0.9831164802635355,0.9245621910837003
s0991,heart,0.9431,heart,0.8985857851720954,0.9687692960532281,0.8705809018162187,0.9967741794091048,0.8867499990395585,0.980605082185765,0.9296209538409435
s0991,hip_left,0.9707,pelvic_bone,0.888343620983379,0.9810414766246789,0.8603387376275023,1.0,0.884182431557682,0.985202666050376,0.9704953802850348
s0991,hip_right,0.984,pelvic_bone,0.9758727461231144,0.982969603443882,0.9478678627672377,1.0,0.9717115566974173,0.987130792869579,0.9758468116215716
s0991,humerus_left,0.9665,shoulder_bone,0.9137653706240807,0.9739236239416105,0.885760487268204,1.0,0.8810322288581822,1.0,0.9484187378157847
s0991,humerus_right,0.9673,shoulder_bone,0.8176980227814117,0.947155728078137,0.789693139425535,0.9751606114340137,0.7849648810155132,0.9798888698440354,0.9394991849702037
s0991,iliac_artery_left,0.8791,great_vessel,0.9343591581150106,0.9494328627141911,0.9063542747591339,0.9774377460700678,0.8953314284244064,0.9884605924047953,0.9179759252413426
s0991,iliac_artery_right,0.9096,great_vessel,0.9406348822202448,0.9383105371544356,0.9126299988643681,0.9663154205103123,0.9016071525296406,0.9773382668450398,0.9281697059618539
s0991,iliac_vena_left,0.8876,great_vessel,0.8858857135437606,0.9458066019267019,0.8578808301878839,0.9738114852825785,0.8468579838531564,0.984834331617306,0.8891611945640701
s0991,iliac_vena_right,0.9312,great_vessel,0.8906339096430849,0.938854634455186,0.8626290262872082,0.9668595178110627,0.8516061799524807,0.9778823641457902,0.9191384948402797
s0991,iliopsoas_left,0.9569,muscle,0.9571091425986606,0.9583675577609685,0.929104259242784,0.9863724411168452,0.9317619015547705,0.9837147988048587,0.941253093515912
s0991,iliopsoas_right,0.9676,muscle,0.9550085498081868,0.9597426962734497,0.9270036664523101,0.9877475796293264,0.9296613087642966,0.9850899373173398,0.9674710185151311
s0991,inferior_vena_cava,0.9511,great_vessel,0.9291791843968837,0.9580447732520047,0.901174301041007,0.9860496566078814,0.8901514547062795,0.9970725029426089,0.9403667867052535
s0991,kidney_left,0.9861,urinary,0.9686855771984456,0.9887828166286079,0.9406806938425689,1.0,0.9308623354631891,1.0,0.9742870683692879
s0991,kidney_right,0.987,urinary,0.9603076139147216,0.9839617414922597,0.9323027305588449,1.0,0.9224843721794651,1.0,0.9763090764211233
s0991,liver,0.9867,solid_abdominal,0.9792427266434915,0.9848130359899061,0.9512378432876148,1.0,0.9487327788592483,1.0,0.9805291507862677
s0991,lung_lower_lobe_left,0.9924,lung,0.9801435130210224,0.9915144766635791,0.9521386296651457,1.0,0.9740631482549073,0.9975948414296942,0.9874272307640176
s0991,lung_lower_lobe_right,0.9911,lung,0.9491012028263317,0.9910822740439541,0.921096319470455,1.0,0.9430208380602165,0.9971626388100693,0.985143784649676
s0991,lung_middle_lobe_right,0.9774,lung,0.9518257525637285,0.9833312751617248,0.9238208692078518,1.0,0.9457453877976133,0.98941163992784,0.981467471711479
s0991,lung_upper_lobe_left,0.9946,lung,0.990588690196269,0.9930299333481664,0.9625838068403924,1.0,0.9845083254301539,0.9991102981142815,0.9904750892492331
s0991,lung_upper_lobe_right,0.9879,lung,0.983587764402298,0.9909361919148588,0.9555828810464213,1.0,0.9775073996361828,0.997016556680974,0.9837215168702927
s0991,pancreas,0.93,solid_abdominal,0.8566474887849104,0.948818903447868,0.8286426054290337,0.9768237868037447,0.8261375410006672,0.9793288512321112,0.8955791521215484
s0991,portal_vein_and_splenic_vein,0.894,great_vessel,0.773087102628217,0.9365776194337879,0.7450822192723403,0.9645825027896646,0.7340593729376128,0.9756053491243921,0.8705404465737909
s0991,pulmonary_vein,0.9477,great_vessel,0.7597384765527111,0.9281480308834852,0.7317335931968344,0.9561529142393619,0.7207107468621069,0.9671757605740894,0.905897577364328
s0991,rib_left_1,0.9429,rib,0.9615517812679709,0.9638940049553478,0.9335468979120942,0.9918988883112245,0.9216924902002349,1.0,0.9357361131339592
s0991,rib_left_10,0.9798,rib,0.6740106267124018,0.958950871485254,0.646005743356525,0.9869557548411307,0.6341513356446657,0.99881016255299,0.9249480342180457
s0991,rib_left_11,0.9741,rib,0.8686310306751663,0.9616333221883974,0.8406261473192896,0.9896382055442741,0.8287717396074303,1.0,0.9465237055825382
s0991,rib_left_12,0.9426,rib,0.9089569478360292,0.9669946967735668,0.8809520644801525,0.9949995801294435,0.8690976567682932,1.0,0.947224429685051
s0991,rib_left_2,0.9742,rib,0.9362521903305231,0.9635354538908601,0.9082473069746464,0.9915403372467368,0.8963928992627871,1.0,0.9518306239559814
s0991,rib_left_3,0.9669,rib,0.93919820777428,0.9624433682326866,0.9111933244184033,0.9904482515885633,0.899338916706544,1.0,0.9435152117427972
s0991,rib_left_4,0.9715,rib,0.949109947699392,0.966166612632495,0.9211050643435154,0.9941714959883717,0.909250656631656,1.0,0.9579332848314542
s0991,rib_left_5,0.9737,rib,0.9715883739395289,0.9684370435837745,0.9435834905836522,0.9964419269396512,0.9317290828717929,1.0,0.968532871040115
s0991,rib_left_6,0.9741,rib,0.9518663693882823,0.9674735566374776,0.9238614860324056,0.9954784399933543,0.9120070783205463,1.0,0.9590697616793967
s0991,rib_left_7,0.9724,rib,0.9511485516798235,0.9659962140011494,0.9231436683239468,0.9940010973570261,0.9112892606120875,1.0,0.9575014623059512
s0991,rib_left_8,0.974,rib,0.6557191949712283,0.9607419684786417,0.6277143116153516,0.9887468518345184,0.6158599039034923,1.0,0.9416271160120461
s0991,rib_left_9,0.9791,rib,0.9473509484122462,0.9630419372935869,0.9193460650563695,0.9910468206494636,0.9074916573445102,1.0,0.9468806425770001
s0991,rib_right_1,0.9134,rib,0.9543654707173398,0.9682670134334401,0.9263605873614631,0.9962718967893168,0.9145061796496038,1.0,0.9524526097985399
s0991,rib_right_10,0.9663,rib,0.8144214045637214,0.9646481352844145,0.7864165212078447,0.9926530186402912,0.7745621134959854,1.0,0.9418769417343527
s0991,rib_right_11,0.9599,rib,0.8229023143816281,0.9606434819519191,0.7948974310257514,0.9886483653077958,0.7830430233138921,1.0,0.9248567981114136
s0991,rib_right_12,0.9636,rib,0.9112927041222807,0.9616000960379,0.883287820766404,0.9896049793937767,0.8714334130545447,1.0,0.9462737296392741
s0991,rib_right_2,0.9563,rib,0.932491125528414,0.9653336603326066,0.9044862421725373,0.9933385436884833,0.892631834460678,1.0,0.9549969706692282
s0991,rib_right_3,0.9714,rib,0.951438768032354,0.9653447351991545,0.9234338846764774,0.9933496185550312,0.911579476964618,1.0,0.9421951181136305
s0991,rib_right_4,0.9701,rib,0.9569828085465579,0.9702150673146179,0.9289779251906812,0.9982199506704946,0.9171235174788219,1.0,0.9417114633314979
s0991,rib_right_5,0.9652,rib,0.9436022540528876,0.9681689778119444,0.9155973706970109,0.9961738611678211,0.9037429629851516,1.0,0.9428726224594313
s0991,rib_right_6,0.9656,rib,0.9061827250837275,0.9548842004743099,0.8781778417278508,0.9828890838301866,0.8663234340159915,0.9947434915420459,0.9380803012807378
s0991,rib_right_7,0.9725,rib,0.9622523031301771,0.9678785440600347,0.9342474197743004,0.9958834274159114,0.9223930120624411,1.0,0.9575660078342206
s0991,rib_right_8,0.9787,rib,0.727912706009511,0.9637058004775243,0.6999078226536343,0.991710683833401,0.688053414941775,1.0,0.9410397329166782
s0991,rib_right_9,0.9792,rib,0.9466763444320544,0.9655057270574473,0.9186714610761777,0.993510610413324,0.9068170533643184,1.0,0.9483461714023573
s0991,sacrum,0.9375,pelvic_bone,0.89838801482815,0.9617059040617708,0.8703831314722733,0.9897107874176475,0.8942268254024529,0.9658670934874679,0.9420983756643245
s0991,scapula_left,0.9698,shoulder_bone,0.8668120751839521,0.9734569984841485,0.8388071918280754,1.0,0.8340789334180536,1.0,0.9630142707205696
s0991,scapula_right,0.9696,shoulder_bone,0.9606474395948397,0.9697043070049486,0.932642556238963,0.9977091903608253,0.9279142978289412,1.0,0.9609829051878508
s0991,small_bowel,0.8187,digestive,0.9057023795797027,0.9640804658148835,0.877697496223826,0.9920853491707602,0.7653799210079486,1.0,0.932437314018591
s0991,spinal_cord,0.9629,neuro,0.9380490996771947,0.954454212469959,0.910044216321318,0.9824590958258357,0.9286358546061619,0.9638674575409918,0.9375005593998135
s0991,spleen,0.9866,solid_abdominal,0.9496023972746179,0.9836747074468477,0.9215975139187412,1.0,0.9190924494903747,1.0,0.9799432105236145
s0991,sternum,0.9214,shoulder_bone,0.9216214741790443,0.9617122891338026,0.8936165908231676,0.9897171724896793,0.8888883324131458,0.994445430899701,0.9454746680534692
s0991,stomach,0.9678,digestive,0.848223536913645,0.9663737395010972,0.8202186535577684,0.9943786228569739,0.707901078341891,1.0,0.9056166922711596
s0991,subclavian_artery_left,0.893,great_vessel,0.8555534948617975,0.9356366967344848,0.8275486115059209,0.9636415800903615,0.8165257651711934,0.974664426425089,0.8811840298885185
s0991,subclavian_artery_right,0.8854,great_vessel,0.8177868624555381,0.931298265976608,0.7897819790996614,0.9593031493324847,0.7787591327649339,0.9703259956672122,0.916821474189468
s0991,superior_vena_cava,0.9532,great_vessel,0.8552271129255532,0.9356038695179052,0.8272222295696765,0.9636087528737819,0.816199383234949,0.9746315992085094,0.9281393173852787
s0991,thyroid_gland,0.8151,airway_neck,0.6834266138277623,0.8968801784795211,0.6554217304718856,0.9248850618353978,0.6757902924961301,0.9045164998111532,0.7924169357701542
s0991,trachea,0.98,airway_neck,0.9374811562846692,0.9747564897955427,0.9094762729287925,1.0,0.929844834953037,0.9823928111271749,0.9600089641892636
s0991,urinary_bladder,0.9214,urinary,0.85745400633246,0.9522641775326608,0.8294491229765834,0.9802690608885375,0.8196307645972035,0.9900874192679173,0.9086890451445887
s0991,vertebrae_C7,0.9739,vertebrae,0.7337666655646928,0.9402919361155841,0.7057617822088161,0.9682968194714608,0.7041447422989064,0.9699138593813705,0.8036730145064015
s0991,vertebrae_L1,0.9823,vertebrae,0.9852572966636992,0.9866189847787556,0.9572524133078225,1.0,0.9556353733979128,1.0,0.9868201577100353
s0991,vertebrae_L2,0.9862,vertebrae,0.9687856055248271,0.9841854864159014,0.9407807221689504,1.0,0.9391636822590407,1.0,0.9807505695446204
s0991,vertebrae_L3,0.9833,vertebrae,0.961965813569895,0.9833628791937541,0.9339609302140183,1.0,0.9323438903041086,1.0,0.9784879641049748
s0991,vertebrae_L4,0.9798,vertebrae,0.9819122743001816,0.9829202986303893,0.9539073909443049,1.0,0.9522903510343952,1.0,0.979036713370824
s0991,vertebrae_L5,0.9763,vertebrae,0.9876539769728541,0.9842223909158572,0.9596490936169774,1.0,0.9580320537070677,1.0,0.9824667603625703
s0991,vertebrae_S1,0.9348,vertebrae,0.9834851722486182,0.9880113423975986,0.9554802888927415,1.0,0.9538632489828318,1.0,0.9797225590305534
s0991,vertebrae_T1,0.9784,vertebrae,0.8760259850243634,0.9717884462916543,0.8480211016684867,0.999793329647531,0.846404061758577,1.0,0.945176717470817
s0991,vertebrae_T10,0.9689,vertebrae,0.9399087533105946,0.9846197462079163,0.911903869954718,1.0,0.9102868300448083,1.0,0.9750445628641833
s0991,vertebrae_T11,0.9761,vertebrae,0.8804633756311337,0.98479753754642,0.852458492275257,1.0,0.8508414523653474,1.0,0.9736332237013721
s0991,vertebrae_T12,0.9804,vertebrae,0.9217998768747769,0.9862516183973569,0.8937949935189002,1.0,0.8921779536089905,1.0,0.9843879213922833
s0991,vertebrae_T2,0.9833,vertebrae,0.9360936383627647,0.974701451446604,0.908088755006888,1.0,0.9064717150969783,1.0,0.9665199220836921
s0991,vertebrae_T3,0.9855,vertebrae,0.9047035913601027,0.9741625772487512,0.876698708004226,1.0,0.8750816680943163,1.0,0.9586643137299845
s0991,vertebrae_T4,0.9808,vertebrae,0.8827766760412442,0.9755223537719839,0.8547717926853675,1.0,0.8531547527754578,1.0,0.9631126153711363
s0991,vertebrae_T5,0.9831,vertebrae,0.9173874405791075,0.9779002386237605,0.8893825572232308,1.0,0.8877655173133211,1.0,0.9665957325943402
s0991,vertebrae_T6,0.9811,vertebrae,0.9411069348161339,0.9803955787232044,0.9131020514602572,1.0,0.9114850115503476,1.0,0.9756777874385703
s0991,vertebrae_T7,0.9769,vertebrae,0.9740640748337941,0.9852715976814167,0.9460591914779174,1.0,0.9444421515680077,1.0,0.9764492569378045
s0991,vertebrae_T8,0.9748,vertebrae,0.977739444537704,0.9859608354496251,0.9497345611818273,1.0,0.9481175212719176,1.0,0.9764336613185916
s0991,vertebrae_T9,0.9754,vertebrae,0.9442385810923135,0.9853307286579316,0.9162336977364368,1.0,0.9146166578265271,1.0,0.9776682520468889
s0874,aorta,0.9687,great_vessel,0.8280534665529472,0.9555673903136497,0.8131848179451386,0.9704360389214582,0.8135367629147569,0.97008409395184,0.9189198959051074
s0874,autochthon_left,0.9383,muscle,0.9334000017869237,0.9563912073694814,0.9185313531791152,0.9712598559772899,0.9250429653159522,0.9647482438404529,0.9507837306453745
s0874,autochthon_right,0.9492,muscle,0.9212494241428294,0.9623855928631326,0.9063807755350208,0.9772542414709412,0.9128923876718579,0.9707426293341042,0.9448378853154046
s0874,brachiocephalic_trunk,0.9195,great_vessel,0.8108243789725065,0.9423168498643758,0.7959557303646979,0.9571854984721844,0.7963076753343161,0.9568335535025662,0.9137884708367322
s0874,brachiocephalic_vein_left,0.9529,great_vessel,0.7856364584509982,0.9261448540926358,0.7707678098431896,0.9410135027004444,0.7711197548128078,0.9406615577308262,0.8565342080620676
s0874,brachiocephalic_vein_right,0.9226,great_vessel,0.8103863445284243,0.9460391348169254,0.7955176959206157,0.9609077834247339,0.7958696408902339,0.9605558384551157,0.9030435083579632
s0874,brain,0.9773,neuro,0.9393855547048848,0.9765315825583838,0.9245169060970763,0.9914002311661924,0.9315743034002822,0.9843428338629864,0.9542841733312184
s0874,clavicula_left,0.9819,shoulder_bone,0.8983885035776688,0.9654216467984446,0.8835198549698602,0.9802902954062531,0.8878947471661803,0.975915403209933,0.9596347297458799
s0874,clavicula_right,0.9723,shoulder_bone,0.9403709129146485,0.9691298867890583,0.9255022643068399,0.9839985353968669,0.92987715650316,0.9796236432005467,0.9645271662015436
s0874,common_carotid_artery_left,0.9024,great_vessel,0.8764155898162775,0.9237149635872971,0.861546941208469,0.9385836121951057,0.8618988861780872,0.9382316672254875,0.8958810738973204
s0874,common_carotid_artery_right,0.8698,great_vessel,0.759183810257486,0.9303238979343471,0.7443151616496775,0.9451925465421557,0.7446671066192957,0.9448406015725375,0.8950429651928437
s0874,costal_cartilages,0.613,costal_cartilage,0.6686682774165574,0.8642956023599773,0.6537996288087489,0.8791642509677858,0.6522273608142577,0.880736518962277,0.7582074166921982
s0874,esophagus,0.8926,digestive,0.8697902989658244,0.9377285150358194,0.8549216503580158,0.952597163643628,0.8046485559725213,1.0,0.906036189327897
s0874,lung_lower_lobe_left,0.9461,lung,0.8446845863397681,0.9534366983892059,0.8298159377319595,0.9683053469970144,0.8286464138135481,0.9694748709154258,0.8693449587943631
s0874,lung_lower_lobe_right,0.2491,lung,0.2321100445460504,0.9335007165153824,0.21724139593824182,0.9483693651231909,0.2160718720198304,0.9495388890416023,0.48637650004715094
s0874,lung_upper_lobe_left,0.9915,lung,0.9715012303144038,0.9843427381947721,0.9566325817065953,0.9992113868025807,0.9554630577881839,1.0,0.9575502353573191
s0874,lung_upper_lobe_right,0.9752,lung,0.9523042103273672,0.9824759484773625,0.9374355617195587,0.9973445970851711,0.9362660378011473,0.9985141210035825,0.9593586369897745
s0874,rib_left_1,0.8484,rib,0.9621373677357531,0.9660501090411817,0.9472687191279445,0.9809187576489903,0.9438577753494088,0.984329701427526,0.9588417839333087
s0874,rib_left_2,0.9325,rib,0.9573402626752872,0.9644356771638926,0.9424716140674786,0.9793043257717011,0.9390606702889429,0.9827152695502368,0.9713218406954828
s0874,rib_left_3,0.8935,rib,0.9378048731019628,0.968123451399425,0.9229362244941542,0.9829921000072336,0.9195252807156186,0.9864030437857693,0.9712330630862571
s0874,rib_left_4,0.9344,rib,0.7383599158951469,0.954681950363162,0.7234912672873384,0.9695505989709705,0.7200803235088027,0.9729615427495062,0.9466429461310205
s0874,rib_right_1,0.9125,rib,0.9596429114430066,0.966826599457302,0.944774262835198,0.9816952480651105,0.9413633190566624,0.9851061918436462,0.9476165131253775
s0874,rib_right_2,0.9609,rib,0.9683456636226588,0.9692423591899144,0.9534770150148503,0.984111007797723,0.9500660712363146,0.9875219515762587,0.9629361851205179
s0874,rib_right_3,0.9424,rib,0.6453150911280856,0.9313461225816135,0.630446442520277,0.9462147711894221,0.6270354987417414,0.9496257149679578,0.6113303285363509
s0874,rib_right_4,0.9426,rib,0.8156333353532866,0.9579058088672615,0.8007646867454781,0.9727744574750701,0.7973537429669424,0.9761854012536058,0.9265917251567072
s0874,scapula_left,0.9061,shoulder_bone,0.8580838787891671,0.9670902344338937,0.8432152301813586,0.9819588830417023,0.8475901223776787,0.9775839908453822,0.955191567737351
s0874,scapula_right,0.9039,shoulder_bone,0.9354756860436045,0.9807490061900944,0.920607037435796,0.995617654797903,0.9249819296321161,0.9912427626015828,0.9664232642533829
s0874,skull,0.9609,neuro,0.9399085321038063,0.960287309746134,0.9250398834959978,0.9751559583539425,0.9320972807992037,0.9680985610507366,0.958394728638886
s0874,spinal_cord,0.9221,neuro,0.9226099648115172,0.9455910843965764,0.9077413162037087,0.9604597330043849,0.9147987135069147,0.9534023357011789,0.9303379047176669
s0874,sternum,0.8775,shoulder_bone,0.9522862944767979,0.9590458716509205,0.9374176458689893,0.973914520258729,0.9417925380653095,0.9695396280624089,0.9340954923638359
s0874,subclavian_artery_left,0.9278,great_vessel,0.851402547628731,0.9195626357844349,0.8365338990209225,0.9344312843922434,0.8368858439905407,0.9340793394226252,0.8492106327464264
s0874,subclavian_artery_right,0.8719,great_vessel,0.81396705258175,0.9323991930579082,0.7990984039739414,0.9472678416657168,0.7994503489435596,0.9469158966960985,0.8836103467694632
s0874,superior_vena_cava,0.9364,great_vessel,0.7852551464337971,0.9460061809204983,0.7703864978259886,0.9608748295283068,0.7707384427956068,0.9605228845586886,0.8905547182804167
s0874,thyroid_gland,0.9009,airway_neck,0.8107706314452738,0.9418058955634128,0.7959019828374653,0.9566745441712213,0.7998970019401686,0.952679525068518,0.9088406538536145
s0874,trachea,0.9316,airway_neck,0.8454680397515522,0.9626738406240485,0.8305993911437436,0.977542489231857,0.8345944102464469,0.9735474701291538,0.9537656672198773
s0874,vertebrae_C1,0.8916,vertebrae,0.8319956088679658,0.9508981560751817,0.8171269602601572,0.9657668046829903,0.8166343868256861,0.9662593781174613,0.9290913427375098
s0874,vertebrae_C2,0.9753,vertebrae,0.9527311675940122,0.9795130407162421,0.9378625189862037,0.9943816893240507,0.9373699455517326,0.9948742627585218,0.9681383736193795
s0874,vertebrae_C3,0.9692,vertebrae,0.9248234016629724,0.9738130337645802,0.9099547530551638,0.9886816823723887,0.9094621796206928,0.9891742558068598,0.9697546159358167
s0874,vertebrae_C4,0.9311,vertebrae,0.9114593226927905,0.972030412272911,0.8965906740849819,0.9868990608807195,0.8960981006505109,0.9873916343151906,0.9441224753834654
s0874,vertebrae_C5,0.9278,vertebrae,0.8840239606968422,0.9706871288060408,0.8691553120890336,0.9855557774138494,0.8686627386545626,0.9860483508483204,0.9260472542525732
s0874,vertebrae_C6,0.9459,vertebrae,0.9526663533986852,0.9740780829209744,0.9377977047908767,0.988946731528783,0.9373051313564056,0.989439304963254,0.9639025235997898
s0874,vertebrae_C7,0.9494,vertebrae,0.9549743452633859,0.9746548197210833,0.9401056966555773,0.9895234683288918,0.9396131232211062,0.9900160417633629,0.9586023589775297
s0874,vertebrae_T1,0.9495,vertebrae,0.948577575199973,0.9786417763418674,0.9337089265921644,0.993510424949676,0.9332163531576934,0.9940029983841471,0.9613271484168883
s0874,vertebrae_T2,0.9803,vertebrae,0.9508617044079742,0.976521519745787,0.9359930558001657,0.9913901683535956,0.9355004823656946,0.9918827417880667,0.9616619316637652
s0874,vertebrae_T3,0.9747,vertebrae,0.9424763523653575,0.9754639527427004,0.927607703757549,0.9903326013505089,0.9271151303230779,0.99082517478498,0.9634113460913094
s0874,vertebrae_T4,0.9599,vertebrae,0.9442937782735005,0.974874342411142,0.9294251296656919,0.9897429910189506,0.9289325562312208,0.9902355644534216,0.9664228258397459
s0874,vertebrae_T5,0.8077,vertebrae,0.324483782228697,0.9075700750379776,0.30961513362088844,0.9224387236457862,0.30912256018641737,0.9229312970802572,0.546285224748709
s0839,aorta,0.9786,great_vessel,0.6626267023134609,0.9550103642868268,0.6521409878595954,0.9654960787406923,0.6513358500030574,0.9663012165972303,0.9086744136300408
s0839,atrial_appendage_left,0.9248,heart,0.8176189176347466,0.9546842722719103,0.8071332031808811,0.9651699867257758,0.8030607670249713,0.9692424228816856,0.9232343764730602
s0839,costal_cartilages,0.83,costal_cartilage,0.8208666295472005,0.9185372780868877,0.810380915093335,0.9290229925407532,0.7587689143357679,0.9806349932983203,0.8659233256102749
s0839,esophagus,0.9367,digestive,0.8329531227840017,0.9424528791906183,0.8224674083301362,0.9529385936444837,0.7538681833087209,1.0,0.8975521634537742
s0839,heart,0.9386,heart,0.9267634894295778,0.9629799791918893,0.9162777749757123,0.9734656936457547,0.9122053388198025,0.9775381298016645,0.9424572259060017
s0839,inferior_vena_cava,0.8573,great_vessel,0.8803138723484751,0.9577662725601499,0.8698281578946097,0.9682519870140154,0.8690230200380716,0.9690571248705534,0.9109537657268286
s0839,liver,0.9496,solid_abdominal,0.9272995974437296,0.9702196103847822,0.9168138829898641,0.9807053248386477,0.9104921247718472,0.9870270830566646,0.9591837029589642
s0839,lung_lower_lobe_left,0.9637,lung,0.9524023461666905,0.9806755637201418,0.941916631712825,0.9911612781740072,0.9443698365532078,0.9887080733336244,0.9673853306088172
s0839,lung_lower_lobe_right,0.9859,lung,0.9685191120456109,0.9867527836126713,0.9580333975917454,0.9972384980665367,0.9604866024321282,0.9947852932261539,0.9784581309426129
s0839,lung_middle_lobe_right,0.96,lung,0.9557787156494268,0.9800380006541158,0.9452930011955614,0.9905237151079813,0.9477462060359442,0.9880705102675985,0.9645190363286066
s0839,lung_upper_lobe_left,0.9353,lung,0.9615599146131415,0.9766996749494753,0.951074200159276,0.9871853894033408,0.9535274049996588,0.984732184562958,0.9698698481743453
s0839,lung_upper_lobe_right,0.9292,lung,0.8976342298119997,0.9748293754694841,0.8871485153581342,0.9853150899233496,0.889601720198517,0.9828618850829668,0.9404843730234408
s0839,pulmonary_vein,0.9244,great_vessel,0.7401010135333361,0.9410159219122378,0.7296152990794706,0.9515016363661033,0.7288101612229326,0.9523067742226413,0.8816107402783689
s0839,rib_left_3,0.0,rib,0.13108211088138827,0.8993745070345608,0.12059639642752279,0.9098602214884263,0.11805027597512946,0.9124063419408196,0.22800180562940908
s0839,rib_left_4,0.8179,rib,0.10449764149515503,0.9376171180013583,0.09401192704128955,0.9481028324552238,0.09146580658889622,0.9506489529076171,0.7501420001633375
s0839,rib_left_5,0.8759,rib,0.0,0.8935685707044922,0.0,0.9040542851583577,0.0,0.9066004056107511,0.6023184154058786
s0839,rib_left_6,0.7528,rib,0.059266656826326744,0.9142466737556663,0.048780942372461264,0.9247323882095317,0.046234821920067934,0.9272785086619251,0.7936994864709584
s0839,rib_right_3,0.4769,rib,0.12428871348733715,0.8987589041171972,0.11380299903347167,0.9092446185710626,0.11125687858107834,0.911790739023456,0.3394242515396707
s0839,rib_right_4,0.0,rib,0.06637220250467156,0.913913009979112,0.05588648805080608,0.9243987244329774,0.05334036759841275,0.9269448448853708,0.6986938121818302
s0839,rib_right_5,0.0,rib,0.2912171505557094,0.9227787082538688,0.2807314361018439,0.9332644227077342,0.2781853156494506,0.9358105431601276,0.47679917075049016
s0839,spinal_cord,0.0,neuro,0.0,0.8227628596459612,0.0,0.8332485740998267,0.0,0.8384282560083837,0.207614575727812
s0839,spleen,0.9525,solid_abdominal,0.7289370041920522,0.971716270096231,0.7184512897381867,0.9822019845500964,0.7121295315201698,0.9885237427681134,0.9366197377745749
s0839,sternum,0.9474,shoulder_bone,0.8063574051342424,0.9442702287847123,0.7958716906803769,0.9547559432385778,0.7971414295782663,0.9534862043406884,0.8959554941574845
s0839,stomach,0.825,digestive,0.8644403930237534,0.9678198474077856,0.8539546785698879,0.9783055618616511,0.7853554535484726,1.0,0.9089608744000592
s0839,superior_vena_cava,0.9403,great_vessel,0.8488951484496063,0.9440056017362011,0.8384094339957409,0.9544913161900666,0.8376042961392028,0.9552964540466046,0.8268183968270985
s0839,vertebrae_T10,0.9911,vertebrae,0.6753136430006057,0.9821036007016247,0.6648279285467402,0.9925893151554902,0.6664242953715442,0.9909929483306862,0.9406336646610601
s0839,vertebrae_T11,0.9855,vertebrae,0.6691302076676955,0.9839273507933002,0.65864449321383,0.9944130652471657,0.660240860038634,0.9928166984223616,0.9798937266225479
s0839,vertebrae_T12,0.9831,vertebrae,0.6957811902680971,0.983884581586157,0.6852954758142317,0.9943702960400225,0.6868918426390357,0.9927739292152185,0.9820476281125613
s0839,vertebrae_T7,0.9689,vertebrae,0.5383180226081729,0.971553594494289,0.5278323081543074,0.9820393089481545,0.5294286749791114,0.9804429421233505,0.9020125949837894
s0839,vertebrae_T8,0.9649,vertebrae,0.5736062051489091,0.976601569396571,0.5631204906950437,0.9870872838504364,0.5647168575198477,0.9854909170256324,0.9441951156648979
s0839,vertebrae_T9,0.9842,vertebrae,0.6889893941165423,0.9764516534926785,0.6785036796626768,0.986937367946544,0.6801000464874808,0.98534100112174,0.9501959378176391
s0867,aorta,0.5809,great_vessel,0.8359648707182804,0.9444892124085826,0.8174649187473139,0.9629891643795492,0.808951969450146,0.971502113676717,0.9428637438955694
s0867,autochthon_left,0.9465,muscle,0.9181678908074865,0.952228512779915,0.89966793883652,0.9707284647508816,0.9015649010984848,0.9688315024889168,0.9547282292826367
s0867,autochthon_right,0.9279,muscle,0.9103689482377245,0.9543432167683159,0.891868996266758,0.9728431687392824,0.8937659585287228,0.9709462064773177,0.9582042990877038
s0867,brachiocephalic_trunk,0.8919,great_vessel,0.8218450234522409,0.9420933592551158,0.8033450714812743,0.9605933112260824,0.7948321221841065,0.9691062605232502,0.8872178306777065
s0867,brachiocephalic_vein_left,0.817,great_vessel,0.7295440986634716,0.9456400534253082,0.711044146692505,0.9641400053962748,0.7025311973953372,0.9726529546934426,0.8785314617479973
s0867,brachiocephalic_vein_right,0.9312,great_vessel,0.840867125827744,0.9417577357605883,0.8223671738567775,0.9602576877315548,0.8138542245596097,0.9687706370287227,0.9153183517180062
s0867,brain,0.8854,neuro,0.8677297485942262,0.9665187214756477,0.8492297966232597,0.9850186734466142,0.8467714997776405,0.9874769702922334,0.9190854188585409
s0867,clavicula_left,0.9663,shoulder_bone,0.7758498941705364,0.9638667445552059,0.7573499421995699,0.9823666965261725,0.7521816428019147,0.9875349959238277,0.9422033143364285
s0867,clavicula_right,0.9516,shoulder_bone,0.7470610147295118,0.967112520104343,0.7285610627585453,0.9856124720753096,0.7233927633608901,0.9907807714729647,0.9470904004632487
s0867,common_carotid_artery_left,0.9222,great_vessel,0.8658414460180569,0.9444047920749463,0.8473414940470904,0.9629047440459129,0.8388285447499225,0.9714176933430807,0.912100749064478
s0867,common_carotid_artery_right,0.8883,great_vessel,0.8819411471652082,0.9325225875631716,0.8634411951942417,0.9510225395341382,0.8549282458970738,0.959535488831306,0.9095844715853838
s0867,costal_cartilages,0.7771,costal_cartilage,0.6675843827537732,0.8993144360954648,0.6490844307828066,0.9178143880664313,0.6302786589186982,0.9366201599305398,0.7973662722426732
s0867,esophagus,0.9117,digestive,0.7842587476548242,0.9364519783120234,0.7657587956838576,0.95495193028299,0.7216339051300236,0.999076820836824,0.8899920883727522
s0867,lung_lower_lobe_left,0.0915,lung,0.0,0.8821693347161089,0.0,0.9006692866870755,0.0,0.9207370260152355,0.28102742797348707
s0867,lung_upper_lobe_left,0.9455,lung,0.9271315101139506,0.9892185898244944,0.908631558142984,1.0,0.8885638188148239,1.0,0.977357251894279
s0867,lung_upper_lobe_right,0.9552,lung,0.9187190018586666,0.9874616726370902,0.9002190498877001,1.0,0.88015131055954,1.0,0.9703260666707139
s0867,rib_left_1,0.8856,rib,0.8448505609449966,0.9603356144231395,0.82635060897403,0.9788355663941061,0.8322515822148199,0.9729345931533162,0.9359822605697473
s0867,rib_left_2,0.8941,rib,0.6416322886362122,0.9289925588446688,0.6231323366652457,0.9474925108156353,0.6290333099060356,0.9415915375748455,0.8923771081549917
s0867,rib_left_3,0.8358,rib,0.40553432991238214,0.933116912684306,0.3870343779414156,0.9516168646552725,0.39293535118220546,0.9457158914144826,0.8648372416552945
s0867,rib_right_1,0.9023,rib,0.8925625776891818,0.9661154918232516,0.8740626257182152,0.9846154437942182,0.8799635989590051,0.9787144705534283,0.9495784245434116
s0867,rib_right_2,0.6054,rib,0.3252084238713896,0.9175654598201073,0.30670847190042305,0.9360654117910738,0.3126094451412129,0.930164438550284,0.7418598988427945
s0867,rib_right_3,0.5483,rib,0.682128853928213,0.9103722433384656,0.6636289019572464,0.9288721953094321,0.6695298751980363,0.9229712220686422,0.8347528238772343
s0867,rib_right_4,0.0,rib,0.24292295439640935,0.9181354561286693,0.2244230024254428,0.9366354080996359,0.23032397566623267,0.930734434858846,0.5526756228995298
s0867,scapula_left,0.7927,shoulder_bone,0.8202122440686115,0.9601398755855224,0.8017122920976449,0.9786398275564889,0.7965439926999898,0.9838081269541441,0.9066840458813008
s0867,scapula_right,0.7486,shoulder_bone,0.8093191503990373,0.9588315643272467,0.7908191984280708,0.9773315162982132,0.7856508990304156,0.9824998156958684,0.9255263849911344
s0867,skull,0.9227,neuro,0.8616524429932724,0.9536911717476685,0.8431524910223058,0.972191123718635,0.8406941941766867,0.9746494205642542,0.919676099261974
s0867,spinal_cord,0.9035,neuro,0.933647925123824,0.9469970855194451,0.9151479731528575,0.9654970374904116,0.9126896763072383,0.9679553343360308,0.9393111601808688
s0867,sternum,0.8862,shoulder_bone,0.7328051030271335,0.9459617079769973,0.714305151056167,0.9644616599479638,0.7091368516585118,0.969629959345619,0.8938967749557382
s0867,subclavian_artery_left,0.8946,great_vessel,0.8191297589155089,0.9357043967384183,0.8006298069445423,0.9542043487093849,0.7921168576473745,0.9627172980065527,0.9005010183598257
s0867,subclavian_artery_right,0.8568,great_vessel,0.6614518902765062,0.9459929393925296,0.6429519383055396,0.9644928913634961,0.6344389890083718,0.973005840660664,0.9161650669356287
s0867,thyroid_gland,0.8991,airway_neck,0.881673405958288,0.9096073239630578,0.8631734539873215,0.9281072759340243,0.877500518931456,0.9137802109898898,0.9131037718427452
s0867,trachea,0.9655,airway_neck,0.7595068382122672,0.9657896831193431,0.7410068862413006,0.9842896350903096,0.7553339511854351,0.9699625701461752,0.9518931938623705
s0867,vertebrae_C1,0.9323,vertebrae,0.8401936332885149,0.959440522670478,0.8216936813175484,0.9779404746414445,0.8218127064065801,0.9778214495524128,0.9371907664478528
s0867,vertebrae_C2,0.9689,vertebrae,0.9117388350965056,0.9701649865577889,0.893238883125539,0.9886649385287555,0.8933579082145707,0.9885459134397238,0.9649475424195182
s0867,vertebrae_C3,0.9551,vertebrae,0.8653528416817641,0.9665209554460175,0.8468528897107975,0.985020907416984,0.8469719147998293,0.9849018823279523,0.9600639341729672
s0867,vertebrae_C4,0.9473,vertebrae,0.8887163280330111,0.9668755014944742,0.8702163760620446,0.9853754534654408,0.8703354011510763,0.985256428376409,0.9416020265397007
s0867,vertebrae_C5,0.9309,vertebrae,0.8696714000522747,0.9597574644774551,0.8511714480813082,0.9782574164484217,0.8512904731703399,0.97813839135939,0.945649373435479
s0867,vertebrae_C6,0.9126,vertebrae,0.8930739841907962,0.9662306537419784,0.8745740322198297,0.9847306057129449,0.8746930573088614,0.9846115806239132,0.9689281625055426
s0867,vertebrae_C7,0.9288,vertebrae,0.9434286701424403,0.9643942027715184,0.9249287181714737,0.982894154742485,0.9250477432605054,0.9827751296534533,0.9655618973600935
s0867,vertebrae_T1,0.9679,vertebrae,0.9473764198720666,0.9618013013171904,0.9288764679011,0.980301253288157,0.9289954929901317,0.9801822281991253,0.9356496675255185
s0867,vertebrae_T2,0.8143,vertebrae,0.9483656355203971,0.9576407723551029,0.9298656835494306,0.9761407243260695,0.9299847086384623,0.9760216992370377,0.9501500838057384
s0867,vertebrae_T3,0.5749,vertebrae,0.739341372805181,0.9541558985583869,0.7208414208342144,0.9726558505293534,0.7209604459232462,0.9725368254403217,0.9377239324321615
s0832,aorta,0.9842,great_vessel,0.7136623530228399,0.9468991019721599,0.7031766385689744,0.9573848164260254,0.7023715007124364,0.9581899542825634,0.9350587336582392
s0832,atrial_appendage_left,0.9004,heart,0.9456438689823076,0.9603718683416924,0.9351581545284421,0.9708575827955579,0.9310857183725323,0.9749300189514677,0.9224582580486469
s0832,autochthon_left,0.9696,muscle,0.9364700209324616,0.9557711720119219,0.9259843064785961,0.9662568864657873,0.9331734950356015,0.9590676979087819,0.9347840987473476
s0832,autochthon_right,0.9632,muscle,0.9385672522760579,0.9494194198996239,0.9280815378221924,0.9599051343534893,0.9352707263791978,0.9527159457964839,0.9176074251246015
s0832,colon,0.9099,digestive,0.7962979048967442,0.9362782506159716,0.7858121904428788,0.9467639650698371,0.7172129654214634,1.0,0.9157281248738315
s0832,costal_cartilages,0.8487,costal_cartilage,0.8783500595772521,0.9093224314862287,0.8678643451233866,0.9198081459400942,0.8162523443658195,0.9714201466976613,0.9002387098421425
s0832,esophagus,0.9155,digestive,0.8666838324104481,0.9386584015559615,0.8561981179565826,0.949144116009827,0.7875988929351673,1.0,0.9131418794206363
s0832,heart,0.9367,heart,0.9489503090464122,0.9715109644623943,0.9384645945925467,0.9819966789162597,0.9343921584366369,0.9860691150721695,0.9463169062964263
s0832,inferior_vena_cava,0.8595,great_vessel,0.8067727037019728,0.9570069699156785,0.7962869892481074,0.9674926843695439,0.7954818513915694,0.968297822226082,0.8886660267631696
s0832,liver,0.9825,solid_abdominal,0.9334443207753607,0.9725795927495609,0.9229586063214952,0.9830653072034263,0.9166368481034782,0.9893870654214433,0.9527434294086413
s0832,lung_lower_lobe_left,0.9885,lung,0.8995735508128502,0.9840065491970387,0.8890878363589847,0.9944922636509042,0.8915410411993675,0.9920390588105213,0.9741589767413621
s0832,lung_lower_lobe_right,0.9921,lung,0.9856695290015071,0.9931356948294565,0.9751838145476416,1.0,0.9776370193880244,1.0,0.9910025781249548
s0832,lung_middle_lobe_right,0.9771,lung,0.9533342448234284,0.9789177474091688,0.942848530369563,0.9894034618630343,0.9453017352099458,0.9869502570226515,0.9580955230463702
s0832,lung_upper_lobe_left,0.9903,lung,0.9719861200553227,0.9849788095815009,0.9615004056014572,0.9954645240353663,0.96395361044184,0.9930113191949835,0.9768006729365517
s0832,lung_upper_lobe_right,0.9761,lung,0.9612689238529328,0.9905633204137735,0.9507832093990674,1.0,0.9532364142394502,0.9985958300272562,0.9751927914667079
s0832,pancreas,0.8154,solid_abdominal,0.18143870136536036,0.8723481954693204,0.17095298691149488,0.8828339099231859,0.16463122869347793,0.8891556681412028,0.681156106636256
s0832,portal_vein_and_splenic_vein,0.4194,great_vessel,0.22420634938033568,0.8711874921760799,0.2137206349264702,0.8816732066299454,0.21291549706993218,0.8824783444864834,0.6710218685011898
s0832,pulmonary_vein,0.9495,great_vessel,0.6968467124856421,0.9465986313211617,0.6863609980317766,0.9570843457750272,0.6855558601752386,0.9578894836315652,0.9476366901328915
s0832,rib_left_10,0.9667,rib,0.8289467802843659,0.9708221347494649,0.8184610658305004,0.9813078492033304,0.815914945378107,0.9838539696557237,0.9704101625865446
s0832,rib_left_11,0.9513,rib,0.6568847310681716,0.928403413366936,0.6463990166143061,0.9388891278208015,0.6438528961619128,0.9414352482731948,0.8801981577919241
s0832,rib_left_12,0.4905,rib,0.43346507002211354,0.904963254936876,0.42297935556824806,0.9154489693907415,0.42043323511585473,0.9179950898431348,0.7506507896850704
s0832,rib_left_4,0.9402,rib,0.5302511583102965,0.951781604464097,0.519765443856431,0.9622673189179625,0.5172193234040376,0.9648134393703558,0.8764879018707327
s0832,rib_left_5,0.9731,rib,0.9033624100957949,0.963457489641386,0.8928766956419294,0.9739432040952515,0.8903305751895361,0.9764893245476448,0.9623832643456717
s0832,rib_left_6,0.9766,rib,0.9147113627767995,0.9728417358376343,0.9042256483229341,0.9833274502914998,0.9016795278705407,0.9858735707438931,0.9688277454983913
s0832,rib_left_7,0.9763,rib,0.8828104211250614,0.9746894071886275,0.8723247066711959,0.985175121642493,0.8697785862188026,0.9877212420948863,0.9635406715061893
s0832,rib_left_8,0.9791,rib,0.9548213757546978,0.968881554371439,0.9443356613008324,0.9793672688253044,0.941789540848439,0.9819133892776978,0.9683211814970932
s0832,rib_left_9,0.9747,rib,0.9271263077714891,0.9614769243063072,0.9166405933176236,0.9719626387601726,0.9140944728652303,0.974508759212566,0.9062419592826589
s0832,rib_right_10,0.093,rib,0.6208562556898964,0.9162516229159016,0.610370541236031,0.926737337369767,0.6078244207836376,0.9292834578221604,0.6931135428394025
s0832,rib_right_11,0.1068,rib,0.3875561676905187,0.9039355539589758,0.3770704532366532,0.9144212684128413,0.3745243327842599,0.9169673888652347,0.8272404712968054
s0832,rib_right_12,0.6479,rib,0.2672670638993402,0.9213104185153405,0.2567813494454747,0.9317961329692059,0.2542352289930814,0.9343422534215993,0.45961131705934793
s0832,rib_right_3,0.0,rib,0.30262958103468457,0.9278473834465899,0.2921438665808191,0.9383330979004554,0.28959774612842576,0.9408792183528487,0.777361721198707
s0832,rib_right_4,0.286,rib,0.5333768351034955,0.9136361622167516,0.5228911206496301,0.9241218766706171,0.5203450001972367,0.9266679971230104,0.7211643564173207
s0832,rib_right_5,0.2194,rib,0.566824322411313,0.9135402954066877,0.5563386079574475,0.9240260098605532,0.5537924875050542,0.9265721303129465,0.5874955791776861
s0832,rib_right_6,0.202,rib,0.6324907872985057,0.9158715134859049,0.6220050728446402,0.9263572279397704,0.6194589523922469,0.9289033483921637,0.6674867602515082
s0832,rib_right_7,0.257,rib,0.48287730416325303,0.8818497794011628,0.47239158970938755,0.8923354938550283,0.4698454692569942,0.8948816143074216,0.5424182430921748
s0832,rib_right_8,0.1798,rib,0.40423014575111094,0.8773228175387636,0.39374443129724546,0.8878085319926291,0.3911983108448521,0.8903546524450224,0.5467966497604637
s0832,rib_right_9,0.0931,rib,0.5987603893982527,0.9228512932898326,0.5882746749443872,0.9333370077436981,0.5857285544919939,0.9358831281960914,0.6916143104756319
s0832,scapula_left,0.9643,shoulder_bone,0.8385644193603642,0.9702806234762531,0.8280787049064987,0.9807663379301186,0.8293484438043881,0.9794965990322292,0.9421677626581854
s0832,scapula_right,0.9661,shoulder_bone,0.9166813571252556,0.9679072999295228,0.9061956426713901,0.9783930143833883,0.9074653815692795,0.9771232754854989,0.938269136417118
s0832,spinal_cord,0.9591,neuro,0.8388349655191552,0.9405267824527539,0.8283492510652897,0.9510124969066194,0.8231695691567327,0.9561921788151764,0.9131498988616469
s0832,spleen,0.9755,solid_abdominal,0.9465922146717108,0.977662259178219,0.9361065002178454,0.9881479736320845,0.9297847419998284,0.9944697318501015,0.9397520044481507
s0832,sternum,0.9569,shoulder_bone,0.8848307947384294,0.9445099565627765,0.8743450802845639,0.954995671016642,0.8756148191824533,0.9537259321187526,0.9084450398358287
s0832,stomach,0.9527,digestive,0.888903987464535,0.9538753519158408,0.8784182730106695,0.9643610663697063,0.8098190479892542,1.0,0.9154114803685138
s0832,superior_vena_cava,0.9314,great_vessel,0.8536643700925078,0.9613250452229118,0.8431786556386424,0.9718107596767773,0.8423735177821043,0.9726158975333153,0.9475457221563663
s0832,trachea,0.9483,airway_neck,0.780212884543699,0.9431538585568014,0.7697271700898335,0.9536395730106669,0.7827603456257866,0.9406063974747139,0.8295648345623795
s0832,vertebrae_T10,0.9753,vertebrae,0.9698403102325251,0.9808859379607398,0.9593545957786597,0.9913716524146052,0.9609509626034637,0.9897752855898012,0.9556012613516589
s0832,vertebrae_T11,0.9765,vertebrae,0.9720064773276763,0.9824107455915049,0.9615207628738108,0.9928964600453704,0.9631171296986148,0.9913000932205663,0.965570261989716
s0832,vertebrae_T12,0.9819,vertebrae,0.9382041207661578,0.9865673564874847,0.9277184063122923,0.9970530709413502,0.9293147731370963,0.9954567041165462,0.9803624867009721
s0832,vertebrae_T5,0.9189,vertebrae,0.2996735326093301,0.9452843483878531,0.2891878181554646,0.9557700628417186,0.29078418498026865,0.9541736960169146,0.5630816060240031
s0832,vertebrae_T6,0.9512,vertebrae,0.6266716126329589,0.9374743555638303,0.6161858981790934,0.9479600700176958,0.6177822650038974,0.9463637031928918,0.814488225842876
s0832,vertebrae_T7,0.9526,vertebrae,0.6394930587932249,0.9779428218566132,0.6290073443393595,0.9884285363104787,0.6306037111641635,0.9868321694856746,0.934031140535666
s0832,vertebrae_T8,0.9823,vertebrae,0.789373321695117,0.9760853489077577,0.7788876072412515,0.9865710633616231,0.7804839740660555,0.9849746965368191,0.9418346697429492
s0832,vertebrae_T9,0.9791,vertebrae,0.9408070024744805,0.9798256201446398,0.930321288020615,0.9903113345985053,0.931917654845419,0.9887149677737013,0.9441812909274829
s0824,adrenal_gland_left,0.3438,urinary,0.17908571814455082,0.8465577328211427,0.16058576617358428,0.8650576847921092,0.12046323278376508,0.9051802181819284,0.6663909537335155
s0824,adrenal_gland_right,0.7103,urinary,0.12519291950204103,0.8455359477709372,0.10669296753107449,0.8640358997419038,0.0665704341412553,0.904158433131723,0.29518907965296837
s0824,aorta,0.9802,great_vessel,0.9532157849728379,0.9693844203129522,0.9347158330018713,0.9878843722839188,0.9262028837047035,0.9963973215810866,0.9687349282803991
s0824,atrial_appendage_left,0.8976,heart,0.8398120210856573,0.9253621730934225,0.8213120691146908,0.943862125064389,0.8248413890186383,0.9403328051604415,0.8890136985628413
s0824,autochthon_left,0.9595,muscle,0.9496489002721444,0.959604420404379,0.9311489483011779,0.9781043723753455,0.9330459105631427,0.9762074101133807,0.94625092273632
s0824,autochthon_right,0.9545,muscle,0.9506638896169476,0.9579667651390283,0.932163937645981,0.9764667171099949,0.9340608999079458,0.9745697548480301,0.9459389654046777
s0824,brachiocephalic_trunk,0.9463,great_vessel,0.8082904290877687,0.9283196311897768,0.7897904771168022,0.9468195831607433,0.7812775278196343,0.9553325324579112,0.9111595524024206
s0824,brachiocephalic_vein_left,0.9377,great_vessel,0.9000207643276925,0.9375027240933699,0.881520812356726,0.9560026760643364,0.8730078630595581,0.9645156253615043,0.9193710402632634
s0824,brachiocephalic_vein_right,0.8756,great_vessel,0.7500172176439278,0.940448578277699,0.7315172656729613,0.9589485302486656,0.7230043163757934,0.9674614795458334,0.8823910394279564
s0824,clavicula_left,0.9726,shoulder_bone,0.8753733556302977,0.9696899159034806,0.8568734036593312,0.9881898678744472,0.851705104261676,0.9933581672721024,0.9477245725947158
s0824,clavicula_right,0.9728,shoulder_bone,0.941235735513278,0.9706237783149496,0.9227357835423114,0.9891237302859162,0.9175674841446563,0.9942920296835713,0.9508090878140844
s0824,common_carotid_artery_left,0.9238,great_vessel,0.8530500991427264,0.9381564776532423,0.8345501471717599,0.9566564296242088,0.8260371978745921,0.9651693789213767,0.905209072847409
s0824,common_carotid_artery_right,0.8542,great_vessel,0.7170007054419474,0.8853292500368668,0.6985007534709808,0.9038292020078333,0.689987804173813,0.9123421513050012,0.7166793005329077
s0824,costal_cartilages,0.8696,costal_cartilage,0.7197312137139046,0.8840415502660526,0.701231261742938,0.9025415022370191,0.6824254898788296,0.9213472741011276,0.8237546937450128
s0824,esophagus,0.8898,digestive,0.8992962905650557,0.9450914458430671,0.8807963385940891,0.9635913978140337,0.8366714480402551,1.0,0.9146658069811281
s0824,heart,0.9257,heart,0.9057649125720103,0.9637209308396697,0.8872649606010438,0.9822208828106362,0.8907942805049913,0.9786915629066887,0.9233986189012545
s0824,humerus_left,0.9744,shoulder_bone,0.9324633841517731,0.9760125796500972,0.9139634321808066,0.9945125316210638,0.9087951327831514,0.999680831018719,0.9595383462871834
s0824,humerus_right,0.9741,shoulder_bone,0.9569936267998113,0.9762420535816689,0.9384936748288447,0.9947420055526355,0.9333253754311895,0.9999103049502907,0.9560790987507536
s0824,iliopsoas_right,0.0,muscle,0.213261687858515,0.8503502901227951,0.19476173588754844,0.8688502420937616,0.19665869814951323,0.8669532798317968,0.38317234440824866
s0824,inferior_vena_cava,0.8595,great_vessel,0.8835178957399142,0.9501664788738549,0.8650179437689477,0.9686664308448214,0.8565049944717799,0.9771793801419892,0.921091038363252
s0824,liver,0.9856,solid_abdominal,0.9598887704487952,0.9843082105341313,0.9413888184778286,1.0,0.9293777331452973,1.0,0.9709500870031302
s0824,lung_lower_lobe_left,0.9751,lung,0.9753202301075721,0.9876010477600723,0.9568202781366055,1.0,0.9367525388084454,1.0,0.9840544293236351
s0824,lung_lower_lobe_right,0.9875,lung,0.9770006858582804,0.9894946004646031,0.9585007338873138,1.0,0.9384329945591537,1.0,0.9915211438920207
s0824,lung_middle_lobe_right,0.9774,lung,0.9582868959531252,0.9824831472403245,0.9397869439821587,1.0,0.9197192046539986,1.0,0.9737987614670858
s0824,lung_upper_lobe_left,0.9861,lung,0.9591773665346326,0.9909041845546656,0.940677414563666,1.0,0.920609675235506,1.0,0.975136034268424
s0824,lung_upper_lobe_right,0.991,lung,0.9666070789456725,0.9908427458785287,0.948107126974706,1.0,0.9280393876465459,1.0,0.9782265367428541
s0824,portal_vein_and_splenic_vein,0.7997,great_vessel,0.4948726497117871,0.908028414173876,0.4763726977408206,0.9265283661448426,0.46785974844365275,0.9350413154420104,0.6772975979076999
s0824,pulmonary_vein,0.9173,great_vessel,0.8802012596238526,0.9105569642012614,0.8617013076528861,0.929056916172228,0.8531883583557183,0.9375698654693958,0.9156513976993366
s0824,rib_left_1,0.9425,rib,0.8845412586256407,0.9686215968319497,0.8660413066546742,0.9871215488029162,0.871942279895464,0.9812205755621264,0.9197382586197511
s0824,rib_left_10,0.9755,rib,0.5312749228867336,0.9713636982726475,0.5127749709157671,0.989863650243614,0.5186759441565569,0.9839626770028241,0.9588595199473958
s0824,rib_left_11,0.969,rib,0.5544019931221069,0.9664335201101845,0.5359020411511404,0.984933472081151,0.5418030143919302,0.9790324988403611,0.9439601915721956
s0824,rib_left_12,0.9636,rib,0.3109950128880885,0.9459150771458719,0.29249506091712196,0.9644150291168384,0.2983960341579118,0.9585140558760485,0.9184320952679663
s0824,rib_left_2,0.9451,rib,0.6327022990895329,0.9410673693189351,0.6142023471185664,0.9595673212899016,0.6201033203593562,0.9536663480491118,0.8828538611506795
s0824,rib_left_3,0.9476,rib,0.7977706310405954,0.9571525164083928,0.7792706790696289,0.9756524683793594,0.7851716523104187,0.9697514951385695,0.9436309125056959
s0824,rib_left_4,0.965,rib,0.90073249372132,0.9705018953749724,0.8822325417503535,0.989001847345939,0.8881335149911433,0.9831008741051491,0.9588356063571961
s0824,rib_left_5,0.954,rib,0.9430138226492784,0.9741440087878804,0.9245138706783118,0.992643960758847,0.9304148439191017,0.9867429875180571,0.9550614063975513
s0824,rib_left_6,0.9645,rib,0.9446009487778126,0.9749440260642396,0.9261009968068461,0.9934439780352061,0.932001970047636,0.9875430047944163,0.958729658886666
s0824,rib_left_7,0.9703,rib,0.8381602535216897,0.9744857744245581,0.8196603015507231,0.9929857263955246,0.825561274791513,0.9870847531547348,0.9492588696314543
s0824,rib_left_8,0.9689,rib,0.6921876759944913,0.9678061676197472,0.6736877240235247,0.9863061195907138,0.6795886972643146,0.9804051463499239,0.9452241501004481
s0824,rib_left_9,0.9703,rib,0.6928958658313381,0.9752251835294489,0.6743959138603716,0.9937251355004154,0.6802968871011614,0.9878241622596255,0.9652877359996982
s0824,rib_right_1,0.9407,rib,0.8774572552602569,0.9681467701788218,0.8589573032892903,0.9866467221497883,0.8648582765300802,0.9807457489089985,0.9311712488776522
s0824,rib_right_10,0.963,rib,0.5559758209723167,0.9708195175848849,0.5374758690013501,0.9893194695558515,0.54337684224214,0.9834184963150616,0.959777516788275
s0824,rib_right_11,0.9512,rib,0.42919097902779046,0.965150399790317,0.4106910270568239,0.9836503517612836,0.4165920002976138,0.9777493785204937,0.9305117711389022
s0824,rib_right_12,0.9485,rib,0.44118092409039844,0.9486894888713253,0.4226809721194319,0.9671894408422919,0.42858194536022176,0.961288467601502,0.9468726455388232
s0824,rib_right_2,0.9372,rib,0.7155155856102956,0.9589088664199488,0.6970156336393291,0.9774088183909153,0.7029166068801189,0.9715078451501254,0.9200871500310028
s0824,rib_right_3,0.9341,rib,0.9021928159990904,0.9660540583527419,0.8836928640281239,0.9845540103237085,0.8895938372689137,0.9786530370829186,0.9457860566683135
s0824,rib_right_4,0.9546,rib,0.9272941031635429,0.9678501523489333,0.9087941511925763,0.9863501043198999,0.9146951244333662,0.98044913107911,0.9592636978808673
s0824,rib_right_5,0.9478,rib,0.9533647806095334,0.9716499302864102,0.9348648286385669,0.9901498822573768,0.9407658018793568,0.9842489090165869,0.9567004718095488
s0824,rib_right_6,0.955,rib,0.8644789558192707,0.9720536976040766,0.8459790038483042,0.9905536495750431,0.851879977089094,0.9846526763342532,0.9458085361302762
s0824,rib_right_7,0.9445,rib,0.8511741423687035,0.9734382018659873,0.8326741903977369,0.9919381538369538,0.8385751636385268,0.986037180596164,0.9479072648087292
s0824,rib_right_8,0.97,rib,0.9202890677033271,0.9695181476623309,0.9017891157323605,0.9880180996332975,0.9076900889731504,0.9821171263925076,0.9480907452583441
s0824,rib_right_9,0.9567,rib,0.7723722175243698,0.9734302819494086,0.7538722655534033,0.9919302339203752,0.7597732387941931,0.9860292606795853,0.9596745498886301
s0824,scapula_left,0.9579,shoulder_bone,0.9745814544766138,0.9715246650096749,0.9560815025056473,0.9900246169806415,0.9509132031079921,0.9951929163782967,0.955647132785731
s0824,scapula_right,0.9543,shoulder_bone,0.9769805602140137,0.9729200875078439,0.9584806082430471,0.9914200394788104,0.953312308845392,0.9965883388764656,0.9357141854823576
s0824,spinal_cord,0.9531,neuro,0.9448917164322657,0.9507057989020713,0.9263917644612991,0.9692057508730378,0.92393346761568,0.971664047718657,0.9421534167679407
s0824,spleen,0.9685,solid_abdominal,0.975354151280533,0.9822213731723852,0.9568541993095665,1.0,0.9448431139770351,1.0,0.9709193514639151
s0824,sternum,0.9395,shoulder_bone,0.8533184386639491,0.9485843594497474,0.8348184866929825,0.9670843114207139,0.8296501872953274,0.9722526108183691,0.9185679011096236
s0824,stomach,0.9665,digestive,0.9301846020238502,0.9776488451966193,0.9116846500528837,0.9961487971675859,0.8675597594990496,1.0,0.955601376016302
s0824,subclavian_artery_left,0.9246,great_vessel,0.8681638557870069,0.9350604411517688,0.8496639038160404,0.9535603931227353,0.8411509545188726,0.9620733424199032,0.8993362469410543
s0824,subclavian_artery_right,0.9354,great_vessel,0.903972604072163,0.9245080130120712,0.8854726521011964,0.9430079649830377,0.8769597028040286,0.9515209142802056,0.9070075437262316
s0824,superior_vena_cava,0.931,great_vessel,0.8985893392823077,0.946567803011907,0.8800893873113411,0.9650677549828736,0.8715764380141733,0.9735807042800414,0.9217199715498664
s0824,thyroid_gland,0.3415,airway_neck,0.7003703026033515,0.9021797731570865,0.681870350632385,0.9206797251280531,0.6961974155765195,0.9063526601839186,0.7828791415514303
s0824,trachea,0.9653,airway_neck,0.9271131017962126,0.9682163702106426,0.9086131498252461,0.9867163221816091,0.9229402147693806,0.9723892572374746,0.9603808511209055
s0824,vertebrae_C5,0.9478,vertebrae,0.7910099323933929,0.930279839663637,0.7725099804224264,0.9487797916346036,0.7726290055114581,0.9486607665455719,0.9253508753802375
s0824,vertebrae_C6,0.9315,vertebrae,0.761127793921091,0.957836909801278,0.7426278419501244,0.9763368617722445,0.7427468670391562,0.9762178366832128,0.9026766031529364
s0824,vertebrae_C7,0.9342,vertebrae,0.8691844182616683,0.9706351519819388,0.8506844662907017,0.9891351039529054,0.8508034913797334,0.9890160788638737,0.9490818107227558
s0824,vertebrae_L1,0.9771,vertebrae,0.9203688622415616,0.9822753994243583,0.901868910270595,1.0,0.9019879353596267,1.0,0.9749363656327792
s0824,vertebrae_T1,0.9705,vertebrae,0.925174368516836,0.9732048846587839,0.9066744165458694,0.9917048366297504,0.9067934416349012,0.9915858115407187,0.9813668529644566
s0824,vertebrae_T10,0.9805,vertebrae,0.945857774008774,0.9830013463697368,0.9273578220378075,1.0,0.9274768471268392,1.0,0.9785037595127148
s0824,vertebrae_T11,0.9813,vertebrae,0.9529051068699975,0.9812931504002612,0.934405154899031,0.9997931023712278,0.9345241799880627,0.999674077282196,0.9829796578370953
s0824,vertebrae_T12,0.9831,vertebrae,0.9311832579521675,0.9820278522637576,0.912683305981201,1.0,0.9128023310702327,1.0,0.977481797210296
s0824,vertebrae_T2,0.9777,vertebrae,0.9418656290857612,0.9745375706750995,0.9233656771147947,0.993037522646066,0.9234847022038264,0.9929184975570343,0.9664604411545685
s0824,vertebrae_T3,0.9725,vertebrae,0.9336836636292468,0.9757303088116708,0.9151837116582803,0.9942302607826373,0.915302736747312,0.9941112356936056,0.9557436285331491
s0824,vertebrae_T4,0.965,vertebrae,0.9357245582371441,0.9762440056923364,0.9172246062661775,0.9947439576633029,0.9173436313552092,0.9946249325742712,0.9678627982896666
s0824,vertebrae_T5,0.9669,vertebrae,0.9396722026212765,0.9766082183759793,0.9211722506503099,0.9951081703469459,0.9212912757393417,0.9949891452579142,0.9655293046543384
s0824,vertebrae_T6,0.9481,vertebrae,0.9474520432331272,0.9807670956092424,0.9289520912621606,0.9992670475802089,0.9290711163511923,0.9991480224911772,0.9630045917315013
s0824,vertebrae_T7,0.9599,vertebrae,0.933767884095209,0.9795863475292317,0.9152679321242425,0.9980862995001982,0.9153869572132742,0.9979672744111665,0.9690484924200271
s0824,vertebrae_T8,0.9764,vertebrae,0.9312501832391832,0.9792552474077928,0.9127502312682166,0.9977551993787593,0.9128692563572484,0.9976361742897276,0.9633174511003475
s0824,vertebrae_T9,0.9731,vertebrae,0.9559481845882315,0.9803390216914287,0.937448232617265,0.9988389736623953,0.9375672577062967,0.9987199485733635,0.975801888909166
s0808,adrenal_gland_left,0.826,urinary,0.7175710086296517,0.9177623105068529,0.689566125273775,0.9457671938627296,0.6797477668943952,0.9555855522421094,0.8242250192998578
s0808,adrenal_gland_right,0.8997,urinary,0.8231590758795145,0.9278956972822757,0.7951541925236378,0.9559005806381524,0.785335834144258,0.9657189390175323,0.8838395249367418
s0808,aorta,0.9717,great_vessel,0.9603456663824123,0.97517606682062,0.9323407830265356,1.0,0.9213179366918081,1.0,0.970617225807713
s0808,atrial_appendage_left,0.8268,heart,0.7797254874104501,0.9391450715693008,0.7517206040545734,0.9671499549251775,0.7678897012779132,0.9509808577018377,0.9138248038511904
s0808,autochthon_left,0.9495,muscle,0.9257263338963972,0.96024624602068,0.8977214505405205,0.9882511293765567,0.9003790928525071,0.9855934870645702,0.949889586351914
s0808,autochthon_right,0.9526,muscle,0.9246327850310356,0.9598102146214532,0.8966279016751589,0.9878150979773299,0.8992855439871454,0.9851574556653434,0.9392573539065848
s0808,brachiocephalic_trunk,0.9346,great_vessel,0.9141719399656465,0.9342189854682595,0.8861670566097698,0.9622238688241362,0.8751442102750423,0.9732467151588637,0.9292286147189283
s0808,brachiocephalic_vein_left,0.9446,great_vessel,0.938866154300387,0.9475665751626544,0.9108612709445103,0.9755714585185311,0.8998384246097828,0.9865943048532586,0.9228441954721349
s0808,brachiocephalic_vein_right,0.7735,great_vessel,0.823365769236119,0.9262055615319891,0.7953608858802423,0.9542104448878658,0.7843380395455148,0.9652332912225933,0.9284869841247517
s0808,clavicula_left,0.9544,shoulder_bone,0.9480665326945508,0.9686118549423822,0.9200616493386741,0.9966167382982589,0.9153333909286523,1.0,0.9593994081815144
s0808,clavicula_right,0.9608,shoulder_bone,0.823151998775856,0.9560110654522469,0.7951471154199793,0.9840159488081236,0.7904188570099575,0.9887442072181454,0.9367064300429602
s0808,colon,0.7567,digestive,0.670567087467447,0.9298253442587032,0.6425622041115703,0.9578302276145799,0.5302446288956929,1.0,0.8734055624844362
s0808,common_carotid_artery_left,0.9043,great_vessel,0.8284572910034126,0.9350064055841895,0.8004524076475359,0.9630112889400662,0.7894295613128084,0.9740341352747937,0.9240117707442272
s0808,common_carotid_artery_right,0.8395,great_vessel,0.7053198343604463,0.9275162804691959,0.6773149510045696,0.9555211638250726,0.6662921046698421,0.9665440101598001,0.8897653315091033
s0808,costal_cartilages,0.7828,costal_cartilage,0.800433738133443,0.8703048920377515,0.7724288547775663,0.8983097753936282,0.7598176672648165,0.910920962906378,0.7755933472444614
s0808,esophagus,0.9197,digestive,0.892910921388684,0.9495325354346695,0.8649060380328073,0.9775374187905462,0.7525884628169299,1.0,0.8902482146295451
s0808,heart,0.9337,heart,0.919623665087608,0.9724596821229646,0.8916187817317313,1.0,0.9077878789550711,0.9842954682555015,0.9437427486278442
s0808,humerus_left,0.9626,shoulder_bone,0.931934586101962,0.9720911651373412,0.9039297027460853,1.0,0.8992014443360635,1.0,0.9434428314241018
s0808,humerus_right,0.9722,shoulder_bone,0.9310268829841452,0.9625227054008995,0.9030219996282685,0.9905275887567762,0.8982937412182467,0.9952558471667979,0.9531706836890936
s0808,iliopsoas_right,0.7048,muscle,0.26106162050265375,0.784847802113841,0.23305673714677705,0.8128526854697177,0.23571437945876356,0.8101950431577312,0.7112722405428867
s0808,inferior_vena_cava,0.9079,great_vessel,0.8831573198704492,0.9580416153147645,0.8551524365145725,0.9860464986706412,0.844129590179845,0.9970693450053687,0.9222850303295701
s0808,kidney_left,0.9725,urinary,0.8066248316835659,0.929510468578419,0.7786199483276892,0.9575153519342957,0.7688015899483094,0.9673337103136755,0.8961975869492599
s0808,kidney_right,0.5611,urinary,0.6819096997404371,0.9402159480183978,0.6539048163845604,0.9682208313742745,0.6440864580051806,0.9780391897536543,0.9180171448697134
s0808,liver,0.9819,solid_abdominal,0.9556932920378324,0.9866407259461359,0.9276884086819557,1.0,0.9251833442535892,1.0,0.9760735650693604
s0808,lung_lower_lobe_left,0.9887,lung,0.985262591583065,0.9879361178378726,0.9572577082271883,1.0,0.9791822268169498,0.9940164826039878,0.9836788105470826
s0808,lung_lower_lobe_right,0.9884,lung,0.9812080199911207,0.9774679681827855,0.953203136635244,1.0,0.9751276552250056,0.9835483329489006,0.9824559243670913
s0808,lung_middle_lobe_right,0.9535,lung,0.9733474376055227,0.9804049477400083,0.945342554249646,1.0,0.9672670728394075,0.9864853125061235,0.9769126404074927
s0808,lung_upper_lobe_left,0.9938,lung,0.9891149497019545,0.9931210343902199,0.9611100663460778,1.0,0.9830345849358393,0.9992013991563351,0.9904682395681119
s0808,lung_upper_lobe_right,0.9773,lung,0.985116140637559,0.9893039357973373,0.9571112572816823,1.0,0.9790357758714439,0.9953843005634525,0.9865509103471852
s0808,pancreas,0.8233,solid_abdominal,0.6311059786385436,0.912092057043187,0.6031010952826669,0.9400969403990637,0.6005960308543004,0.9426020048274302,0.8600208343016978
s0808,portal_vein_and_splenic_vein,0.8057,great_vessel,0.798346389351935,0.9080496237165037,0.7703415059960583,0.9360545070723804,0.7593186596613308,0.9470773534071079,0.8900043776593144
s0808,pulmonary_vein,0.9241,great_vessel,0.8515332593287085,0.9185038859433083,0.8235283759728318,0.946508769299185,0.8125055296381043,0.9575316156339125,0.8957840403199273
s0808,rib_left_1,0.873,rib,0.8686017940096573,0.9643752740099265,0.8405969106537806,0.9923801573658032,0.8287425029419213,1.0,0.9224963597989984
s0808,rib_left_10,0.9347,rib,0.2293236338423891,0.9570959541026295,0.2013187504865124,0.9851008374585062,0.1894643427746531,0.9969552451703655,0.8482415876581643
s0808,rib_left_11,0.8298,rib,0.25083668791501096,0.957601373992806,0.22283180455913426,0.9856062573486827,0.21097739684727496,0.997460665060542,0.8791606895460711
s0808,rib_left_12,0.6954,rib,0.49301275214478946,0.951937384484199,0.46500786878891276,0.9799422678400757,0.45315346107705345,0.991796675551935,0.8388840791508736
s0808,rib_left_2,0.9376,rib,0.9008255923812843,0.9680203699632088,0.8728207090254076,0.9960252533190855,0.8609663013135483,1.0,0.9492092025250956
s0808,rib_left_3,0.9295,rib,0.8907821671442514,0.9676381685685074,0.8627772837883747,0.9956430519243841,0.8509228760765154,1.0,0.9373876384787825
s0808,rib_left_4,0.9379,rib,0.8444256624432883,0.9671618740805479,0.8164207790874116,0.9951667574364246,0.8045663713755523,1.0,0.9412811816166651
s0808,rib_left_5,0.9617,rib,0.8223982587595219,0.9663421440481055,0.7943933754036452,0.9943470274039822,0.7825389676917859,1.0,0.9373001993719643
s0808,rib_left_6,0.9585,rib,0.8836897098981019,0.961623266919801,0.8556848265422252,0.9896281502756777,0.8438304188303659,1.0,0.9239545170900134
s0808,rib_left_7,0.9544,rib,0.6714244262063134,0.9578819104804548,0.6434195428504367,0.9858867938363315,0.6315651351385774,0.9977412015481908,0.9209000149955527
s0808,rib_left_8,0.9399,rib,0.7267923587034775,0.9590511745166259,0.6987874753476008,0.9870560578725026,0.6869330676357415,0.9989104655843619,0.9210757610305688
s0808,rib_left_9,0.9421,rib,0.38732688713409086,0.957472143488877,0.35932200377821416,0.9854770268447537,0.34746759606635486,0.997331434556613,0.9030142345708245
s0808,rib_right_1,0.9174,rib,0.9086184705357894,0.9628950420535699,0.8806135871799127,0.9908999254094466,0.8687591794680534,1.0,0.9229627667262804
s0808,rib_right_10,0.9335,rib,0.18678404406466748,0.9605857062069321,0.15877916070879078,0.9885905895628088,0.14692475299693147,1.0,0.8869945441531151
s0808,rib_right_11,0.9403,rib,0.23457875525194632,0.9593199708722592,0.20657387189606963,0.9873248542281359,0.19471946418421032,0.9991792619399952,0.8761846814136779
s0808,rib_right_12,0.9096,rib,0.502547397985757,0.9385825809062406,0.4745425146298803,0.9665874642621173,0.462688106918021,0.9784418719739766,0.8734302275984029
s0808,rib_right_2,0.9507,rib,0.9019310627232423,0.966762373168288,0.8739261793673656,0.9947672565241646,0.8620717716555063,1.0,0.9512444024918599
s0808,rib_right_3,0.943,rib,0.9074706142441105,0.9658366928540668,0.8794657308882338,0.9938415762099435,0.8676113231763745,1.0,0.9334263371232728
s0808,rib_right_4,0.9659,rib,0.9061368245935914,0.9667340316115219,0.8781319412377147,0.9947389149673986,0.8662775335258553,1.0,0.9371996576639038
s0808,rib_right_5,0.9534,rib,0.8904852410474917,0.9653217846171601,0.862480357691615,0.9933266679730368,0.8506259499797557,1.0,0.9480242133915832
s0808,rib_right_6,0.9731,rib,0.8826817297782376,0.9638731788903254,0.8546768464223609,0.9918780622462021,0.8428224387105016,1.0,0.9332019704511312
s0808,rib_right_7,0.9617,rib,0.7276873280562028,0.9591622821188868,0.6996824447003261,0.9871671654747635,0.6878280369884668,0.9990215731866228,0.921570095724971
s0808,rib_right_8,0.9556,rib,0.5631009973100709,0.9590058872380878,0.5350961139541942,0.9870107705939645,0.5232417062423349,0.9988651783058238,0.9174717173792027
s0808,rib_right_9,0.9518,rib,0.5029479357070946,0.9581727935510995,0.4749430523512179,0.9861776769069762,0.4630886446393586,0.9980320846188355,0.8974604072546555
s0808,scapula_left,0.9543,shoulder_bone,0.9608938619452937,0.9697621298404313,0.932888978589417,0.997767013196308,0.9281607201793952,1.0,0.917021649523405
s0808,scapula_right,0.9587,shoulder_bone,0.9235021483604299,0.9702953321797728,0.8954972650045532,0.9983002155356495,0.8907690065945314,1.0,0.9479427145904014
s0808,skull,0.9258,neuro,0.7502954603681736,0.9402266769528903,0.7222905770122969,0.968231560308767,0.7408822152971408,0.9496399220239231,0.8731926347112025
s0808,spinal_cord,0.9411,neuro,0.9243123746832853,0.949112313571148,0.8963074913274086,0.9771171969270247,0.9148991296122525,0.9585255586421808,0.9343877427352555
s0808,spleen,0.9835,solid_abdominal,0.9242853129742553,0.9775816611302257,0.8962804296183786,1.0,0.8937753651900121,1.0,0.9566603389327074
s0808,sternum,0.916,shoulder_bone,0.9124297871182725,0.9527258394627622,0.8844249037623958,0.9807307228186389,0.879696645352374,0.9854589812286607,0.9242497530654061
s0808,stomach,0.975,digestive,0.8869805387181966,0.9691188857929959,0.8589756553623199,0.9971237691488726,0.7466580801464425,1.0,0.9250387034569963
s0808,subclavian_artery_left,0.8383,great_vessel,0.8582146359542911,0.9425382091499125,0.8302097525984145,0.9705430925057892,0.819186906263687,0.9815659388405167,0.9292964994455291
s0808,subclavian_artery_right,0.9113,great_vessel,0.8584044289249488,0.9386383175840366,0.8303995455690721,0.9666432009399133,0.8193766992343446,0.9776660472746408,0.9226214693592156
s0808,superior_vena_cava,0.896,great_vessel,0.9431707493412569,0.9468269896466257,0.9151658659853802,0.9748318730025024,0.9041430196506527,0.9858547193372299,0.9461591787882381
s0808,thyroid_gland,0.6038,airway_neck,0.6736551185044568,0.8778130047542996,0.6456502351485801,0.9058178881101763,0.6660187971728246,0.8854493260859317,0.6449621669792459
s0808,trachea,0.9726,airway_neck,0.9476011514803484,0.9747318779214863,0.9195962681244717,1.0,0.9399648301487162,0.9823681992531185,0.9607254818202239
s0808,vertebrae_C5,0.7805,vertebrae,0.7659079999968149,0.9412468827678815,0.7379031166409382,0.9692517661237582,0.7362860767310285,0.9708688060336679,0.9551564265902599
s0808,vertebrae_C6,0.8833,vertebrae,0.8172146325048374,0.96487777322252,0.7892097491489607,0.9928826565783967,0.787592709239051,0.9944996964883064,0.9313680837777774
s0808,vertebrae_C7,0.9403,vertebrae,0.8770713231326678,0.9694086151506438,0.8490664397767911,0.9974134985065205,0.8474493998668814,0.9990305384164302,0.9437747493139884
s0808,vertebrae_L1,0.9635,vertebrae,0.8384340818371679,0.9714805191221073,0.8104291984812912,0.999485402477984,0.8088121585713816,1.0,0.9462532200027668
s0808,vertebrae_T1,0.9687,vertebrae,0.859856025774071,0.9726579058799428,0.8318511424181944,1.0,0.8302341025082847,1.0,0.957266244679046
s0808,vertebrae_T10,0.9797,vertebrae,0.886759713631293,0.9778047079210117,0.8587548302754163,1.0,0.8571377903655066,1.0,0.9684841455521565
s0808,vertebrae_T11,0.8836,vertebrae,0.7404924289500195,0.9765847228036199,0.7124875455941428,1.0,0.7108705056842332,1.0,0.9119916165890205
s0808,vertebrae_T12,0.8704,vertebrae,0.8832015522341783,0.9770300472039155,0.8551966688783016,1.0,0.8535796289683919,1.0,0.9641717768805961
s0808,vertebrae_T2,0.9736,vertebrae,0.7736661427229792,0.9716907718999276,0.7456612593671025,0.9996956552558043,0.7440442194571928,1.0,0.959096448819684
s0808,vertebrae_T3,0.9718,vertebrae,0.5482639253420836,0.9716098674656443,0.5202590419862069,0.999614750821521,0.5186420020762972,1.0,0.9537082776104875
s0808,vertebrae_T4,0.9738,vertebrae,0.7514719801749629,0.9725216456809723,0.7234670968190862,1.0,0.7218500569091765,1.0,0.96272342258792
s0808,vertebrae_T5,0.9639,vertebrae,0.7796715298939927,0.9690162020341608,0.751666646538116,0.9970210853900375,0.7500496066282063,0.9986381252999472,0.8927122686218876
s0808,vertebrae_T6,0.9756,vertebrae,0.899539703682725,0.9736884953578577,0.8715348203268483,1.0,0.8699177804169386,1.0,0.9657611189946133
s0808,vertebrae_T7,0.9733,vertebrae,0.9788853442599158,0.9746254705771612,0.9508804609040391,1.0,0.9492634209941294,1.0,0.9603903431144644
s0808,vertebrae_T8,0.9796,vertebrae,0.977218889828147,0.9741752361318722,0.9492140064722703,1.0,0.9475969665623606,1.0,0.9545368893448852
s0808,vertebrae_T9,0.9778,vertebrae,0.9867790947275056,0.973719179724322,0.9587742113716289,1.0,0.9571571714617192,1.0,0.9350929410867402
s0794,adrenal_gland_left,0.9421,urinary,0.8280988836159222,0.9258604110023574,0.8095989316449557,0.9443603629733239,0.7694763982551365,0.9844828963631431,0.9051937398914145
s0794,adrenal_gland_right,0.9329,urinary,0.9120814543911703,0.9231374106343939,0.8935815024202037,0.9416373626053605,0.8534589690303845,0.9817598959951797,0.9079549087773185
s0794,aorta,0.9747,great_vessel,0.9579244275740958,0.9683030352432593,0.9394244756031292,0.9868029872142259,0.9309115263059614,0.9953159365113937,0.9692035969231061
s0794,atrial_appendage_left,0.9389,heart,0.8444751502455173,0.9268148689723669,0.8259751982745508,0.9453148209433334,0.8295045181784984,0.9417855010393859,0.8903901624060626
s0794,autochthon_left,0.9713,muscle,0.9478292223041649,0.9697932608811368,0.9293292703331983,0.9882932128521034,0.9312262325951631,0.9863962505901386,0.9659237785469367
s0794,autochthon_right,0.974,muscle,0.9599835680877485,0.9692279984189418,0.941483616116782,0.9877279503899083,0.9433805783787468,0.9858309881279436,0.9661043702714701
s0794,brachiocephalic_trunk,0.9223,great_vessel,0.8904882409068271,0.9355860419236821,0.8719882889358606,0.9540859938946487,0.8634753396386927,0.9625989431918165,0.9151357980544053
s0794,brachiocephalic_vein_left,0.9533,great_vessel,0.8958206900708102,0.9499709215163933,0.8773207380998437,0.9684708734873598,0.8688077888026758,0.9769838227845277,0.9226473669829899
s0794,brachiocephalic_vein_right,0.86,great_vessel,0.8387546113727257,0.9359879929618874,0.8202546594017591,0.9544879449328539,0.8117417101045913,0.9630008942300218,0.9287940972532611
s0794,clavicula_left,0.985,shoulder_bone,0.9749211537463922,0.9758327007819457,0.9564212017754257,0.9943326527529123,0.9512529023777705,0.9995009521505674,0.9766166091673568
s0794,clavicula_right,0.9628,shoulder_bone,0.9486017664236809,0.9746452748689403,0.9301018144527143,0.9931452268399068,0.9249335150550592,0.998313526237562,0.9631214655517818
s0794,colon,0.9591,digestive,0.8397323139609413,0.9615508222168971,0.8212323619899747,0.9800507741878637,0.7771074714361407,1.0,0.9348004790865095
s0794,common_carotid_artery_left,0.9403,great_vessel,0.5819751781378479,0.9436515391217715,0.5634752261668814,0.962151491092738,0.5549622768697136,0.9706644403899058,0.9121904890728458
s0794,common_carotid_artery_right,0.8915,great_vessel,0.6576037780659972,0.9110458471307117,0.6391038260950307,0.9295457991016782,0.6305908767978629,0.9380587483988461,0.8859329609536222
s0794,costal_cartilages,0.9154,costal_cartilage,0.8862120370095916,0.906327839860672,0.8677120850386251,0.9248277918316385,0.8489063131745166,0.943633563695747,0.9178443067741263
s0794,duodenum,0.9034,digestive,0.859725330357743,0.9492093411159014,0.8412253783867765,0.9677092930868679,0.7971004878329424,1.0,0.89863843177642
s0794,esophagus,0.9572,digestive,0.9135404962953313,0.9492191426533184,0.8950405443243648,0.967719094624285,0.8509156537705307,1.0,0.9346343275953669
s0794,femur_left,0.9876,pelvic_bone,0.9731602287724858,0.9874951347343713,0.9546602768015192,1.0,0.9664636275332609,0.9941917359735962,0.9834578288511748
s0794,femur_right,0.9885,pelvic_bone,0.9893475540528105,0.9879167990069346,0.970847602081844,1.0,0.9826509528135856,0.9946134002461595,0.987760487811277
s0794,gallbladder,0.8927,solid_abdominal,0.8998677453979189,0.9442018178649997,0.8813677934269524,0.9627017698359662,0.869356708094421,0.9747128551684976,0.9297550456593795
s0794,gluteus_maximus_left,0.9721,muscle,0.9559239430208711,0.9744609949900643,0.9374239910499046,0.9929609469610309,0.9393209533118694,0.9910639846990661,0.9693975602563296
s0794,gluteus_maximus_right,0.9742,muscle,0.9591244966477821,0.9759876345919012,0.9406245446768156,0.9944875865628677,0.9425215069387803,0.992590624300903,0.966027171669167
s0794,gluteus_medius_left,0.9671,muscle,0.9501888175643519,0.9682793520847469,0.9316888655933854,0.9867793040557135,0.9335858278553502,0.9848823417937487,0.9541545375387988
s0794,gluteus_medius_right,0.9686,muscle,0.9466585953036912,0.9679462558167581,0.9281586433327247,0.9864462077877246,0.9300556055946895,0.9845492455257598,0.9593953827613141
s0794,gluteus_minimus_left,0.9517,muscle,0.9258857947398976,0.9522878439870942,0.9073858427689311,0.9707877959580608,0.9092828050308959,0.968890833696096,0.932774505389451
s0794,gluteus_minimus_right,0.9563,muscle,0.932011375029408,0.9549625866377687,0.9135114230584415,0.9734625386087352,0.9154083853204062,0.9715655763467704,0.9417169146292121
s0794,heart,0.9429,heart,0.9295172292271868,0.9726775289374978,0.9110172772562203,0.9911774809084644,0.9145465971601678,0.9876481610045168,0.9346682639052741
s0794,hip_left,0.9863,pelvic_bone,0.9676446456407679,0.9821980476596894,0.9491446936698014,1.0,0.960948044401543,0.9888946488989143,0.9816425209737175
s0794,hip_right,0.9853,pelvic_bone,0.9799776103690637,0.9828684372540054,0.9614776583980972,1.0,0.9732810091298388,0.9895650384932303,0.9848025265095639
s0794,humerus_left,0.9825,shoulder_bone,0.9221095983517386,0.9633955136454776,0.903609646380772,0.9818954656164441,0.8984413469831168,0.9870637650140993,0.9352253693605007
s0794,humerus_right,0.976,shoulder_bone,0.9610373770293479,0.9684850883419831,0.9425374250583813,0.9869850403129496,0.9373691256607262,0.9921533397106048,0.9598782166004604
s0794,iliac_artery_left,0.8756,great_vessel,0.8525072165198887,0.9365661743063275,0.8340072645489222,0.955066126277294,0.8254943152517543,0.9635790755744619,0.8901109885827314
s0794,iliac_artery_right,0.9351,great_vessel,0.8835546852614355,0.9385654220302033,0.865054733290469,0.9570653740011699,0.8565417839933012,0.9655783232983377,0.9063323917949362
s0794,iliac_vena_left,0.9466,great_vessel,0.8793339925823228,0.9478905412465433,0.8608340406113563,0.9663904932175098,0.8523210913141884,0.9749034425146776,0.9262228005456608
s0794,iliac_vena_right,0.9343,great_vessel,0.8765259605354976,0.9399881173884012,0.858026008564531,0.9584880693593677,0.8495130592673632,0.9670010186565355,0.9242337338970934
s0794,iliopsoas_left,0.9627,muscle,0.9395264976128157,0.9626115930320637,0.9210265456418492,0.9811115450030302,0.9229235079038139,0.9792145827410654,0.9566479868037293
s0794,iliopsoas_right,0.967,muscle,0.9376408016690042,0.9644938056576171,0.9191408496980377,0.9829937576285837,0.9210378119600025,0.9810967953666189,0.9501125174530598
s0794,inferior_vena_cava,0.9541,great_vessel,0.9174789307284904,0.9639423916834898,0.8989789787575239,0.9824423436544564,0.890466029460356,0.9909552929516242,0.9341377872899247
s0794,kidney_left,0.9849,urinary,0.9637576225509558,0.9851310982593243,0.9452576705799892,1.0,0.90513513719017,1.0,0.9874284208459249
s0794,kidney_right,0.9832,urinary,0.960781362110429,0.9826534765744617,0.9422814101394624,1.0,0.9021588767496432,1.0,0.9871839821791907
s0794,liver,0.9896,solid_abdominal,0.9623097493690219,0.9836910531587972,0.9438097973980554,1.0,0.931798712065524,1.0,0.977387422158304
s0794,lung_lower_lobe_left,0.9932,lung,0.9749896269534443,0.991240912911565,0.9564896749824777,1.0,0.9364219356543176,1.0,0.9837519118661048
s0794,lung_lower_lobe_right,0.9906,lung,0.9852479790493817,0.9891195628957392,0.9667480270784151,1.0,0.946680287750255,1.0,0.9825820574061824
s0794,lung_middle_lobe_right,0.9802,lung,0.9623325004448341,0.9794868970212911,0.9438325484738675,0.9979868489922576,0.9237648091457075,1.0,0.9540856800529951
s0794,lung_upper_lobe_left,0.9949,lung,0.968909535408333,0.9927293446862785,0.9504095834373665,1.0,0.9303418441092064,1.0,0.9920094043499028
s0794,lung_upper_lobe_right,0.9894,lung,0.9786940053388735,0.9904072489295147,0.960194053367907,1.0,0.9401263140397469,1.0,0.9832510094669454
s0794,pancreas,0.9602,solid_abdominal,0.8645845013695325,0.9512358151309603,0.8460845493985659,0.9697357671019269,0.8340734640660346,0.9817468524344583,0.9123448076503646
s0794,portal_vein_and_splenic_vein,0.8984,great_vessel,0.8368556740448735,0.94658501993232,0.8183557220739069,0.9650849719032866,0.8098427727767391,0.9735979212004544,0.8882474011668929
s0794,pulmonary_vein,0.9464,great_vessel,0.9098585234223696,0.9296368090404813,0.8913585714514031,0.9481367610114478,0.8828456221542352,0.9566497103086157,0.9422269227599132
s0794,rib_left_1,0.948,rib,0.8936151756036934,0.9675631149960398,0.8751152236327269,0.9860630669670063,0.8810161968735167,0.9801620937262164,0.9368802799864502
s0794,rib_left_10,0.972,rib,0.9529758811188807,0.9736910007582251,0.9344759291479141,0.9921909527291917,0.940376902388704,0.9862899794884018,0.9639394334046336
s0794,rib_left_11,0.9647,rib,0.9717783015546572,0.9679791938089239,0.9532783495836906,0.9864791457798905,0.9591793228244805,0.9805781725391006,0.9582045599717908
s0794,rib_left_12,0.9061,rib,0.8408903527137287,0.9484742681877202,0.8223904007427622,0.9669742201586867,0.828291373983552,0.9610732469178969,0.932873530292575
s0794,rib_left_2,0.964,rib,0.9304085392998768,0.9665903816768986,0.9119085873289102,0.9850903336478651,0.9178095605697001,0.9791893604070753,0.9500635601216627
s0794,rib_left_3,0.9648,rib,0.9157396906393253,0.9675367545176151,0.8972397386683587,0.9860367064885817,0.9031407119091486,0.9801357332477918,0.9596574252403787
s0794,rib_left_4,0.961,rib,0.9560158703316164,0.966326488143809,0.9375159183606498,0.9848264401147755,0.9434168916014397,0.9789254668739856,0.9617108277457767
s0794,rib_left_5,0.9804,rib,0.9510417615945044,0.971578572361809,0.9325418096235378,0.9900785243327755,0.9384427828643277,0.9841775510919857,0.9622721149806702
s0794,rib_left_6,0.9715,rib,0.9510985394972937,0.9745693336977036,0.9325985875263272,0.9930692856686701,0.938499560767117,0.9871683124278803,0.9715588595859553
s0794,rib_left_7,0.9807,rib,0.9472782499935657,0.9744627667561944,0.9287782980225991,0.9929627187271609,0.934679271263389,0.987061745486371,0.9690766132631602
s0794,rib_left_8,0.9704,rib,0.9462083700512944,0.9712366308804237,0.9277084180803279,0.9897365828513902,0.9336093913211178,0.9838356096106003,0.9699622910781918
s0794,rib_left_9,0.9676,rib,0.9568450019707281,0.9740300392778262,0.9383450499997615,0.9925299912487927,0.9442460232405514,0.9866290180080028,0.9639737716644774
s0794,rib_right_1,0.9265,rib,0.8997780349271589,0.9682863166801077,0.8812780829561924,0.9867862686510742,0.8871790561969822,0.9808852954102844,0.9216334915619502
s0794,rib_right_10,0.9738,rib,0.9598420412750643,0.9733284354655846,0.9413420893040978,0.9918283874365511,0.9472430625448877,0.9859274141957612,0.9699681404789086
s0794,rib_right_11,0.9578,rib,0.9247401299533644,0.9678822373967121,0.9062401779823979,0.9863821893676786,0.9121411512231877,0.9804812161268888,0.9576921843088091
s0794,rib_right_12,0.952,rib,0.7620807907128468,0.9552027108667007,0.7435808387418803,0.9737026628376673,0.7494818119826702,0.9678016895968774,0.9457553530219872
s0794,rib_right_2,0.9474,rib,0.9387074605795825,0.9662766256966475,0.920207508608616,0.9847765776676141,0.9261084818494059,0.9788756044268242,0.9543955500298832
s0794,rib_right_3,0.9501,rib,0.9138266946617367,0.9662936174741641,0.8953267426907702,0.9847935694451306,0.90122771593156,0.9788925962043408,0.9616009829104882
s0794,rib_right_4,0.9417,rib,0.9494741422910731,0.969961105483692,0.9309741903201065,0.9884610574546585,0.9368751635608964,0.9825600842138686,0.9648043277709971
s0794,rib_right_5,0.9453,rib,0.9315984584128433,0.9703860648425804,0.9130985064418767,0.9888860168135469,0.9189994796826666,0.9829850435727571,0.9682167199694108
s0794,rib_right_6,0.9558,rib,0.9451625362640713,0.9717217021556402,0.9266625842931048,0.9902216541266068,0.9325635575338946,0.9843206808858169,0.9686459140152105
s0794,rib_right_7,0.9713,rib,0.9540218459076125,0.971234647381322,0.935521893936646,0.9897345993522886,0.9414228671774358,0.9838336261114987,0.9649284265801007
s0794,rib_right_8,0.975,rib,0.9551777796810642,0.970256706061952,0.9366778277100977,0.9887566580329186,0.9425788009508875,0.9828556847921287,0.9658925020803176
s0794,rib_right_9,0.965,rib,0.9619112748166059,0.9731282169456911,0.9434113228456393,0.9916281689166576,0.9493122960864292,0.9857271956758678,0.9666570810511296
s0794,sacrum,0.9637,pelvic_bone,0.891090090533939,0.9587712248269359,0.8725901385629724,0.9772711767979024,0.8843934892947141,0.9654678260661608,0.936346924195794
s0794,scapula_left,0.9701,shoulder_bone,0.9513978719699964,0.971364935225727,0.9328979199990298,0.9898648871966935,0.9277296206013746,0.9950331865943487,0.9518273202095596
s0794,scapula_right,0.9731,shoulder_bone,0.9507811221972547,0.9736038624626652,0.9322811702262882,0.9921038144336317,0.927112870828633,0.9972721138312869,0.9554517762176961
s0794,small_bowel,0.9574,digestive,0.9119981192503464,0.9695914535653144,0.8934981672793798,0.9880914055362809,0.8493732767255457,1.0,0.9452232641681643
s0794,spinal_cord,0.9469,neuro,0.932537409478547,0.9541698158479857,0.9140374575075805,0.9726697678189522,0.9115791606619613,0.9751280646645714,0.9392533792041332
s0794,spleen,0.9815,solid_abdominal,0.9486299045947132,0.9700415669110928,0.9301299526237466,0.9885415188820593,0.9181188672912153,1.0,0.9568502339436592
s0794,sternum,0.9286,shoulder_bone,0.9249180385283624,0.9532259114222289,0.9064180865573959,0.9717258633931954,0.9012497871597407,0.9768941627908506,0.9263880998430798
s0794,stomach,0.9777,digestive,0.9562176760840854,0.9687858804199958,0.9377177241131188,0.9872858323909623,0.8935928335592848,1.0,0.9488740262191744
s0794,subclavian_artery_left,0.9441,great_vessel,0.8719545636681868,0.9313352179911708,0.8534546116972203,0.9498351699621373,0.8449416624000524,0.9583481192593052,0.8932960814570752
s0794,subclavian_artery_right,0.9264,great_vessel,0.8493896258824146,0.9249005055401915,0.8308896739114481,0.9434004575111581,0.8223767246142802,0.9519134068083259,0.9022816558966867
s0794,superior_vena_cava,0.9218,great_vessel,0.8858611080449731,0.9487455818185634,0.8673611560740065,0.9672455337895299,0.8588482067768387,0.9757584830866978,0.9467450497031127
s0794,thyroid_gland,0.9417,airway_neck,0.8359911706354882,0.9333905847266509,0.8174912186645217,0.9518905366976175,0.8318182836086562,0.937563471753483,0.9089951581343895
s0794,trachea,0.9784,airway_neck,0.8817838846731125,0.9647979313829869,0.863283932702146,0.9832978833539534,0.8776109976462805,0.9689708184098189,0.9402007812768344
s0794,urinary_bladder,0.9549,urinary,0.875294015735831,0.9582658038822977,0.8567940637648644,0.9767657558532642,0.8166715303750453,1.0,0.8946268983013368
s0794,vertebrae_C6,0.9492,vertebrae,0.33535352272652763,0.9024738663573069,0.3168535707555611,0.9209738183282734,0.3169725958445928,0.9208547932392417,0.9763747664395513
s0794,vertebrae_C7,0.9813,vertebrae,0.9589296628163663,0.9751004306272033,0.9404297108453997,0.9936003825981699,0.9405487359344314,0.9934813575091381,0.9748236609721298
s0794,vertebrae_L1,0.9905,vertebrae,0.9764678449755017,0.9885834426659369,0.9579678930045351,1.0,0.9580869180935668,1.0,0.9874407714369968
s0794,vertebrae_L2,0.9906,vertebrae,0.9813950319793119,0.9889113820460581,0.9628950800083453,1.0,0.9630141050973771,1.0,0.9896421923295546
s0794,vertebrae_L3,0.9889,vertebrae,0.9803855281831575,0.9864296970337133,0.961885576212191,1.0,0.9620046013012227,1.0,0.9902369282632242
s0794,vertebrae_L4,0.9888,vertebrae,0.9772614216476918,0.9865764605051116,0.9587614696767253,1.0,0.958880494765757,1.0,0.9911835827968736
s0794,vertebrae_L5,0.9899,vertebrae,0.98158865162784,0.9860334097541446,0.9630886996568735,1.0,0.9632077247459052,1.0,0.9904799562440167
s0794,vertebrae_S1,0.9625,vertebrae,0.9404612730744344,0.9850551497624441,0.9219613211034678,1.0,0.9220803461924996,1.0,0.9760589124396089
s0794,vertebrae_T1,0.9844,vertebrae,0.9688448830488675,0.9748920604120613,0.950344931077901,0.9933920123830279,0.9504639561669327,0.9932729872939962,0.9740197903468476
s0794,vertebrae_T10,0.9856,vertebrae,0.974501184231459,0.9865042271158289,0.9560012322604925,1.0,0.9561202573495242,1.0,0.9814414709461744
s0794,vertebrae_T11,0.9855,vertebrae,0.9487821742054464,0.986045140254702,0.9302822222344799,1.0,0.9304012473235116,1.0,0.9651921793623236
s0794,vertebrae_T12,0.9887,vertebrae,0.9599532066661453,0.9847570688212307,0.9414532546951787,1.0,0.9415722797842104,1.0,0.9796341353211784
s0794,vertebrae_T2,0.9826,vertebrae,0.9642628890462109,0.9767183480948894,0.9457629370752444,0.995218300065856,0.9458819621642761,0.9950992749768243,0.9769076821309383
s0794,vertebrae_T3,0.9788,vertebrae,0.95995857330363,0.9794464691394938,0.9414586213326634,0.9979464211104604,0.9415776464216952,0.9978273960214287,0.9774702801944407
s0794,vertebrae_T4,0.9794,vertebrae,0.9556257050208257,0.9813267110573785,0.9371257530498591,0.999826663028345,0.9372447781388908,0.9997076379393133,0.9775320125568089
s0794,vertebrae_T5,0.9823,vertebrae,0.9550143961491138,0.9777488254685704,0.9365144441781472,0.996248777439537,0.9366334692671789,0.9961297523505053,0.9617606967628766
s0794,vertebrae_T6,0.9844,vertebrae,0.9583733561305386,0.9792179963535074,0.9398734041595721,0.9977179483244739,0.9399924292486038,0.9975989232354422,0.9632102333355416
s0794,vertebrae_T7,0.9835,vertebrae,0.9649751118277718,0.9792642989573574,0.9464751598568053,0.997764250928324,0.946594184945837,0.9976452258392923,0.9644648047454708
s0794,vertebrae_T8,0.9853,vertebrae,0.9735890899228444,0.9801925283867033,0.9550891379518779,0.9986924803576699,0.9552081630409096,0.9985734552686382,0.9819128820405766
s0794,vertebrae_T9,0.989,vertebrae,0.9754682710236378,0.9867081867724818,0.9569683190526712,1.0,0.9570873441417029,1.0,0.9832309576190436
s0792,brain,0.9788,neuro,0.9539722845073197,0.9778554528546183,0.9354723325363532,0.9963554048255848,0.933014035690734,0.998813701671204,0.9710067072181509
s0792,skull,0.935,neuro,0.9374156165643472,0.9638984534649959,0.9189156645933807,0.9823984054359625,0.9164573677477615,0.9848567022815816,0.9397418096031067
s0792,spinal_cord,0.6205,neuro,0.47131529593785115,0.8814234792695959,0.4528153439668846,0.8999234312405624,0.45035704712126545,0.9023817280861816,0.7359523453319357
s0792,vertebrae_C1,0.3358,vertebrae,0.09939503966036509,0.9089367580260839,0.08089508768939854,0.9274367099970504,0.08101411277843026,0.9273176849080187,0.773663764519438
s0792,vertebrae_C2,0.541,vertebrae,0.236614334739162,0.9401574835493667,0.21811438276819545,0.9586574355203332,0.21823340785722717,0.9585384104313015,0.6730809572888053
s0760,adrenal_gland_left,0.8954,urinary,0.876584643922987,0.9391541535038201,0.8640233455809243,0.9517154518458828,0.8206089095828818,0.9951298878439253,0.88317137066416
s0760,adrenal_gland_right,0.9254,urinary,0.9089029098962168,0.9288429657745414,0.8963416115541541,0.941404264116604,0.8529271755561116,0.9848187001146466,0.9010014619969672
s0760,aorta,0.9784,great_vessel,0.9188972155708709,0.978992882922753,0.9063359172288082,0.9915541812648156,0.8807301306705246,1.0,0.9423706900441793
s0760,autochthon_left,0.9811,muscle,0.9479773269761288,0.9772117085103614,0.9354160286340661,0.9897730068524241,0.9399906410049337,0.9851983944815565,0.975448297799929
s0760,autochthon_right,0.978,muscle,0.9629760625064209,0.9782997676310681,0.9504147641643582,0.9908610659731307,0.9549893765352258,0.9862864536022632,0.9739046655471466
s0760,colon,0.8454,digestive,0.6868289558828297,0.9162238540439814,0.674267657540767,0.9287851523860441,0.6508240096760658,0.9522288002507453,0.8149862792987639
s0760,costal_cartilages,0.878,costal_cartilage,0.9043767935829493,0.9321267729739622,0.8918154952408867,0.9446880713160248,0.8695217034352445,0.966981863121667,0.8860651430936319
s0760,duodenum,0.8666,digestive,0.8353665360454078,0.9482852211242937,0.8228052377033451,0.9608465194663564,0.7993615898386439,0.9842901673310576,0.8793241992942427
s0760,esophagus,0.9148,digestive,0.8801627705172795,0.9270937167010345,0.8676014721752169,0.9396550150430971,0.8441578243105157,0.9630986629077983,0.8659792452407344
s0760,femur_left,0.9856,pelvic_bone,0.991776849954893,0.9844099547270443,0.9792155516128304,0.9969712530691069,0.983730046818528,0.9924567578634093,0.9804494447586225
s0760,femur_right,0.9852,pelvic_bone,0.9794151929793147,0.9821077536030453,0.966853894637252,0.9946690519451079,0.9713683898429497,0.9901545567394102,0.9778965496787804
s0760,gallbladder,0.9296,solid_abdominal,0.7535348024664763,0.9295777380516141,0.7409735041244137,0.9421390363936768,0.7414057199938439,0.9417068205242466,0.897416784811568
s0760,gluteus_maximus_left,0.9788,muscle,0.9766701162125015,0.9787756653809269,0.9641088178704389,0.9913369637229895,0.9686834302413064,0.986762351352122,0.9771476449592306
s0760,gluteus_maximus_right,0.9795,muscle,0.984593110158209,0.9805124631550665,0.9720318118161464,0.9930737614971291,0.9766064241870139,0.9884991491262616,0.9752408697974625
s0760,gluteus_medius_left,0.967,muscle,0.9589655415291846,0.9732123107748498,0.9464042431871219,0.9857736091169125,0.9509788555579894,0.9811989967460449,0.9750923265407038
s0760,gluteus_medius_right,0.9714,muscle,0.9612452319725022,0.9732333187041313,0.9486839336304396,0.985794617046194,0.9532585460013071,0.9812200046753264,0.9708942903520332
s0760,gluteus_minimus_left,0.932,muscle,0.9076973072695387,0.9547325051365771,0.895136008927476,0.9672938034786398,0.8997106212983436,0.9627191911077723,0.9308596388088026
s0760,gluteus_minimus_right,0.9552,muscle,0.9164507617636705,0.9553876359881297,0.9038894634216078,0.9679489343301924,0.9084640757924753,0.9633743219593248,0.932195083770051
s0760,heart,0.9039,heart,0.8517839407135089,0.970668562914321,0.8392226423714463,0.9832298612563837,0.8351787622924994,0.9872737413353305,0.9430612068248376
s0760,hip_left,0.9842,pelvic_bone,0.9127470373048825,0.9841485924353107,0.9001857389628198,0.9967098907773734,0.9047002341685175,0.9921953955716757,0.9806695832940958
s0760,hip_right,0.9877,pelvic_bone,0.9109034849868914,0.9838558486695901,0.8983421866448288,0.9964171470116527,0.9028566818505265,0.991902651805955,0.9817506454629606
s0760,iliac_artery_left,0.8847,great_vessel,0.8336408791780834,0.9227019917399484,0.8210795808360207,0.935263290082011,0.7954737942777371,0.9608690766402946,0.8688487448169442
s0760,iliac_artery_right,0.9222,great_vessel,0.8468726389554643,0.9363520147810456,0.8343113406134016,0.9489133131231082,0.808705554055118,0.9745190996813918,0.9074596565514237
s0760,iliac_vena_left,0.9565,great_vessel,0.8817751098633526,0.951045211910818,0.86921381152129,0.9636065102528807,0.8436080249630064,0.9892122968111643,0.9088907180360969
s0760,iliac_vena_right,0.9496,great_vessel,0.8821789701505712,0.947916067803884,0.8696176718085086,0.9604773661459467,0.844011885250225,0.9860831527042303,0.9138798383966645
s0760,iliopsoas_left,0.9678,muscle,0.9437477256714981,0.9670969747524845,0.9311864273294355,0.9796582730945471,0.935761039700303,0.9750836607236796,0.959883177558452
s0760,iliopsoas_right,0.9723,muscle,0.9617108255357779,0.9671640504279031,0.9491495271937153,0.9797253487699658,0.9537241395645828,0.9751507363990982,0.9612856985491687
s0760,inferior_vena_cava,0.9499,great_vessel,0.9003759248462231,0.9673731390549384,0.8878146265041604,0.979934437397001,0.8622088399458768,1.0,0.9285659800779869
s0760,kidney_left,0.982,urinary,0.9463705014641228,0.9880360313670079,0.9338092031220602,1.0,0.8903947671240177,1.0,0.9862761548516932
s0760,kidney_right,0.9834,urinary,0.9535775098042217,0.989582342119533,0.9410162114621591,1.0,0.8976017754641166,1.0,0.9835328279496752
s0760,liver,0.9801,solid_abdominal,0.9688786190344615,0.985105939395933,0.9563173206923988,0.9976672377379957,0.956749536561829,0.9972350218685655,0.9690101144057252
s0760,lung_lower_lobe_left,0.9834,lung,0.9851467599053717,0.9910920783031374,0.972585461563309,1.0,0.9805283317947738,0.9957105064137353,0.9915080486103129
s0760,lung_lower_lobe_right,0.9557,lung,0.9761944067028173,0.9866223747774816,0.9636331083607547,0.9991836731195443,0.9715759785922194,0.9912408028880795,0.9822380804924222
s0760,lung_middle_lobe_right,0.7948,lung,0.7558945321162406,0.9675934620760279,0.7433332337741779,0.9801547604180906,0.7512761040056427,0.9722118901866258,0.9577439677771012
s0760,lung_upper_lobe_left,0.809,lung,0.7102201698302223,0.9517178415385297,0.6976588714881596,0.9642791398805923,0.7056017417196244,0.9563362696491275,0.8976079626207379
s0760,pancreas,0.8933,solid_abdominal,0.9209925728538492,0.9593642909537908,0.9084312745117865,0.9719255892958535,0.9088634903812167,0.9714933734264233,0.9149759636861949
s0760,portal_vein_and_splenic_vein,0.8844,great_vessel,0.8767832313517265,0.9422197862460553,0.8642219330096639,0.954781084588118,0.8386161464513803,0.9803868711464016,0.8817453257749875
s0760,rib_left_10,0.9789,rib,0.9805807925509773,0.9730409280714774,0.9680194942089146,0.98560222641354,0.9670892092415169,0.9865325113809378,0.9628254086054469
s0760,rib_left_11,0.9724,rib,0.9238183569835023,0.96417771871956,0.9112570586414397,0.9767390170616227,0.9103267736740419,0.9776693020290205,0.9564753178572977
s0760,rib_left_12,0.9438,rib,0.8738987697263572,0.9620070087236852,0.8613374713842945,0.9745683070657478,0.8604071864168967,0.9754985920331456,0.9509987335613617
s0760,rib_left_6,0.0,rib,0.12616061363375325,0.8744945898105009,0.1135993152916906,0.8870558881525635,0.11266903032429282,0.8879861731199613,0.7409276085759794
s0760,rib_left_7,0.7794,rib,0.9127320111986378,0.9583131157799719,0.9001707128565751,0.9708744141220346,0.8992404278891774,0.9718046990894323,0.9088816170932634
s0760,rib_left_8,0.9765,rib,0.9319903423362228,0.9669573319685518,0.9194290439941601,0.9795186303106145,0.9184987590267624,0.9804489152780123,0.9461468448397716
s0760,rib_left_9,0.9802,rib,0.9649034865041377,0.9764892437282576,0.952342188162075,0.9890505420703203,0.9514119031946773,0.9899808270377181,0.9550505766003369
s0760,rib_right_10,0.9665,rib,0.8797103253925938,0.9732348469214597,0.8671490270505311,0.9857961452635223,0.8662187420831333,0.9867264302309201,0.9609687821325811
s0760,rib_right_11,0.9612,rib,0.9079649782652442,0.9669656616437093,0.8954036799231816,0.979526959985772,0.8944733949557838,0.9804572449531698,0.9614887146091647
s0760,rib_right_12,0.9709,rib,0.7527944637631226,0.9577526821840108,0.74023316542106,0.9703139805260734,0.7393028804536622,0.9712442654934712,0.9386125064627582
s0760,rib_right_6,0.8664,rib,0.13268156413199295,0.8999680941933655,0.12012026578993029,0.9125293925354282,0.11918998082253252,0.913459677502826,0.6996118871331386
s0760,rib_right_7,0.9627,rib,0.8874735526675173,0.9619526647001907,0.8749122543254546,0.9745139630422534,0.8739819693580568,0.9754442480096511,0.9391967078164487
s0760,rib_right_8,0.982,rib,0.812135941733233,0.972002696009819,0.7995746433911703,0.9845639943518817,0.7986443584237726,0.9854942793192795,0.9565238712612679
s0760,rib_right_9,0.9742,rib,0.940200335614386,0.9769008163066925,0.9276390372723233,0.9894621146487551,0.9267087523049256,0.9903923996161529,0.9692785492213063
s0760,sacrum,0.9645,pelvic_bone,0.8645619617311192,0.96106486839595,0.8520006633890566,0.9736261667380126,0.8565151585947542,0.9691116715323149,0.9500015673320906
s0760,small_bowel,0.8462,digestive,0.8533184719801952,0.9569614844741289,0.8407571736381325,0.9695227828161915,0.8173135257734313,0.9929664306808927,0.879922812158572
s0760,spinal_cord,0.9481,neuro,0.9544596863953906,0.9547487799074819,0.9418983880533279,0.9673100782495445,0.9487783085062474,0.960430157796625,0.9463130229509287
s0760,spleen,0.9792,solid_abdominal,0.9348312843081343,0.9886490669802007,0.9222699859660717,1.0,0.9227022018355019,1.0,0.9758990898177272
s0760,stomach,0.9268,digestive,0.9203950680787474,0.9683357694920879,0.9078337697366847,0.9808970678341505,0.8843901218719835,1.0,0.9433825483465552
s0760,urinary_bladder,0.9673,urinary,0.9231410876892931,0.9709621723482926,0.9105797893472305,0.9835234706903553,0.867165353349188,1.0,0.9400842392241903
s0760,vertebrae_L1,0.9896,vertebrae,0.8584897752578585,0.9916410918405466,0.8459284769157959,1.0,0.8492892581234953,1.0,0.9797004898906834
s0760,vertebrae_L2,0.992,vertebrae,0.871889672746595,0.9905129490327098,0.8593283744045324,1.0,0.8626891556122318,0.999713466167073,0.9790362513427958
s0760,vertebrae_L3,0.9896,vertebrae,0.8600155221068823,0.9899021149882389,0.8474542237648196,1.0,0.850815004972519,0.9991026321226021,0.9769006731351214
s0760,vertebrae_L4,0.9898,vertebrae,0.8273986306900447,0.989394033992545,0.8148373323479821,1.0,0.8181981135556815,0.9985945511269082,0.9760905046120051
s0760,vertebrae_L5,0.9884,vertebrae,0.9240875813064696,0.9893115846209611,0.911526282964407,1.0,0.9148870641721064,0.9985121017553243,0.9801770669039691
s0760,vertebrae_S1,0.9463,vertebrae,0.9500614683449901,0.987469426356053,0.9375001700029274,1.0,0.9408609512106269,0.9966699434904162,0.9679543042809291
s0760,vertebrae_T10,0.9878,vertebrae,0.8667946257617561,0.9839265585510321,0.8542333274196935,0.9964878568930947,0.8575941086273929,0.9931270756853953,0.9638892543996346
s0760,vertebrae_T11,0.9876,vertebrae,0.8612005595987551,0.9848450596143347,0.8486392612566924,0.9974063579563973,0.8520000424643919,0.9940455767486979,0.9636712533200965
s0760,vertebrae_T12,0.9893,vertebrae,0.8599366353268513,0.9870805378891466,0.8473753369847886,0.9996418362312093,0.8507361181924881,0.9962810550235098,0.9682152012803132
s0760,vertebrae_T9,0.98,vertebrae,0.5152456549638204,0.9630098099264085,0.5026843566217577,0.9755711082684712,0.5060451378294571,0.9722103270607717,0.9252034910350795
