subject,organ,accept,dice,iou,tp,fp,fn,pred_vox,gt_vox,status,num_voxels,volume_mm3,is_empty,centroid_x_rel,centroid_y_rel,centroid_z_rel,bbox_x_rel,bbox_y_rel,bbox_z_rel,bbox_volume_mm3,mask_to_bbox_ratio,num_components,largest_component_fraction,touches_boundary,boundary_fraction,mean_HU,median_HU,std_HU,p05_HU,p95_HU,orig_axcodes
s0324,adrenal_gland_left,0,0.8253,0.7025,718,38,266,756,984,ok,756,2551.5,0,0.4211,0.4407,0.7941,0.0448,0.0846,0.0843,11360.25,0.2246,1,1.0,0,0.0,16.81,16.0,54.37,-68.25,109.0,RAS
s0324,adrenal_gland_right,0,0.87,0.77,395,89,29,484,424,ok,484,1633.5,0,0.6109,0.4424,0.7752,0.0448,0.0796,0.0728,9234.0,0.1769,1,1.0,0,0.0,13.78,15.0,58.8,-82.7,105.0,RAS
s0324,aorta,0,0.9411,0.8888,15716,288,1678,16004,17394,ok,16004,54013.5,0,0.4914,0.4796,0.8088,0.1294,0.1891,0.4828,420147.0,0.1286,1,1.0,1,0.0133,32.14,32.0,53.98,-51.0,117.0,RAS
s0324,autochthon_left,1,0.9878,0.976,81173,1028,969,82201,82142,ok,82201,277428.38,0,0.4276,0.2545,0.6866,0.209,0.1542,0.6667,764599.5,0.3628,1,1.0,1,0.0034,37.68,41.0,55.32,-57.0,121.0,RAS
s0324,autochthon_right,1,0.9876,0.9755,77444,988,958,78432,78402,ok,78432,264708.0,0,0.6229,0.2676,0.6773,0.2289,0.1592,0.6705,869400.0,0.3045,1,1.0,1,0.003,35.57,39.0,58.41,-67.0,122.0,RAS
s0324,colon,0,0.8839,0.7919,204812,11829,41990,216641,246802,ok,216641,731163.38,0,0.4945,0.5665,0.4929,0.6716,0.5572,0.6705,8930250.0,0.0819,4,0.8188,0,0.0,-268.82,-79.0,530.02,-992.0,675.0,RAS
s0324,costal_cartilages,0,0.9334,0.8752,14435,929,1130,15364,15565,ok,15364,51853.5,0,0.4679,0.7297,0.8837,0.7512,0.2637,0.2912,2052769.5,0.0253,7,0.526,1,0.0174,111.58,104.0,87.25,24.0,193.0,RAS
s0324,duodenum,0,0.7827,0.643,7010,1224,2668,8234,9678,ok,8234,27789.75,0,0.5275,0.5852,0.6817,0.2488,0.194,0.2299,394875.0,0.0704,1,1.0,0,0.0,-97.02,22.0,321.86,-952.0,103.0,RAS
s0324,esophagus,0,0.9453,0.8962,1399,89,73,1488,1472,ok,1488,5022.0,0,0.4838,0.4964,0.9536,0.0697,0.0846,0.092,19278.0,0.2605,1,1.0,1,0.041,27.25,28.0,46.96,-46.0,103.0,RAS
s0324,femur_left,1,0.9885,0.9773,30463,86,620,30549,31083,ok,30549,103102.88,0,0.16,0.4248,0.1484,0.2239,0.1841,0.272,398975.62,0.2584,1,1.0,1,0.007,312.73,192.0,410.12,-107.0,1290.0,RAS
s0324,femur_right,1,0.9901,0.9805,29965,145,452,30110,30417,ok,30110,101621.25,0,0.8168,0.4716,0.131,0.2289,0.1692,0.249,343102.5,0.2962,1,1.0,1,0.0078,290.76,193.0,374.07,-104.0,1155.55,RAS
s0324,gallbladder,0,0.8678,0.7665,3336,360,656,3696,3992,ok,3696,12474.0,0,0.6461,0.6517,0.7446,0.1045,0.1493,0.0843,46777.5,0.2667,1,1.0,0,0.0,8.53,7.0,47.54,-69.0,88.0,RAS
s0324,gluteus_maximus_left,1,0.9862,0.9728,95102,1358,1302,96460,96404,ok,96460,325552.5,0,0.2341,0.2649,0.1966,0.403,0.1741,0.4406,1100334.38,0.2959,1,1.0,1,0.0066,38.54,40.0,48.82,-43.0,116.0,RAS
s0324,gluteus_maximus_right,1,0.9859,0.9721,98586,894,1931,99480,100517,ok,99480,335745.0,0,0.7671,0.3021,0.1785,0.408,0.2338,0.41,1391775.75,0.2412,1,1.0,1,0.0094,39.01,40.0,50.26,-45.0,119.0,RAS
s0324,gluteus_medius_left,1,0.9781,0.9571,41788,1139,732,42927,42520,ok,42927,144878.62,0,0.1308,0.3839,0.3582,0.2836,0.2488,0.2874,721406.25,0.2008,1,1.0,0,0.0,41.61,44.0,52.5,-48.0,123.0,RAS
s0324,gluteus_medius_right,1,0.9828,0.9662,43374,1066,453,44440,43827,ok,44440,149985.0,0,0.8819,0.4364,0.325,0.2537,0.2786,0.3295,828954.0,0.1809,1,1.0,0,0.0,40.93,42.0,55.32,-52.0,128.0,RAS
s0324,gluteus_minimus_left,1,0.9626,0.928,8475,324,334,8799,8809,ok,8799,29696.62,0,0.1305,0.45,0.3002,0.1443,0.1692,0.1762,153076.5,0.194,1,1.0,0,0.0,40.59,43.0,60.53,-59.0,129.0,RAS
s0324,gluteus_minimus_right,1,0.9692,0.9403,9150,291,290,9441,9440,ok,9441,31863.38,0,0.8619,0.4976,0.2817,0.1443,0.1741,0.1839,164430.0,0.1938,1,1.0,0,0.0,39.66,41.0,61.12,-64.0,134.0,RAS
s0324,heart,0,0.9365,0.8806,36641,3680,1287,40321,37928,ok,40321,136083.38,0,0.3882,0.6124,0.9667,0.3881,0.2886,0.0843,335907.0,0.4051,1,1.0,1,0.0727,31.61,32.0,41.39,-37.0,99.0,RAS
s0324,hip_left,1,0.9889,0.978,64489,666,783,65155,65272,ok,65155,219898.12,0,0.2521,0.4137,0.3082,0.4378,0.403,0.4559,2862783.0,0.0768,1,1.0,0,0.0,324.18,226.0,333.69,-44.0,1051.0,RAS
s0324,hip_right,1,0.9904,0.9809,65906,755,529,66661,66435,ok,66661,224980.88,0,0.7418,0.4495,0.2879,0.4826,0.3881,0.4521,3013159.5,0.0747,1,1.0,0,0.0,314.14,225.0,317.32,-41.0,997.0,RAS
s0324,iliac_artery_left,0,0.829,0.708,2875,619,567,3494,3442,ok,3494,11792.25,0,0.3428,0.542,0.346,0.2886,0.1393,0.3678,526176.0,0.0224,1,1.0,0,0.0,29.42,29.0,45.18,-45.0,105.0,RAS
s0324,iliac_artery_right,0,0.8499,0.739,3499,552,684,4051,4183,ok,4051,13672.12,0,0.6234,0.564,0.355,0.2338,0.1493,0.387,480633.75,0.0284,1,1.0,0,0.0,34.57,33.0,46.52,-41.0,113.0,RAS
s0324,iliac_vena_left,0,0.9089,0.8329,6118,652,575,6770,6693,ok,6770,22848.75,0,0.3769,0.5125,0.3491,0.3134,0.194,0.3487,754606.12,0.0303,2,0.5907,0,0.0,30.27,30.0,46.76,-46.0,108.0,RAS
s0324,iliac_vena_right,0,0.9039,0.8246,4287,548,364,4835,4651,ok,4835,16318.12,0,0.6273,0.5362,0.3423,0.1592,0.1891,0.3487,373464.0,0.0437,1,1.0,0,0.0,30.25,30.0,46.96,-47.0,108.0,RAS
s0324,iliopsoas_left,1,0.9803,0.9613,60683,1285,1156,61968,61839,ok,61968,209142.0,0,0.2972,0.4709,0.4202,0.3582,0.2587,0.7088,2337660.0,0.0895,1,1.0,0,0.0,45.91,48.0,51.99,-41.0,127.0,RAS
s0324,iliopsoas_right,1,0.975,0.9512,64578,1533,1782,66111,66360,ok,66111,223124.62,0,0.709,0.4937,0.4158,0.2886,0.3035,0.7471,2328446.25,0.0958,1,1.0,0,0.0,45.12,47.0,54.1,-46.0,131.0,RAS
s0324,inferior_vena_cava,0,0.887,0.797,12623,1944,1271,14567,13894,ok,14567,49163.62,0,0.572,0.5183,0.7814,0.1194,0.1095,0.4789,222750.0,0.2207,2,0.6804,1,0.0107,30.25,31.0,51.95,-48.7,110.0,RAS
s0324,kidney_left,0,0.9265,0.8631,4490,561,151,5051,4641,ok,5051,17047.12,0,0.3618,0.3673,0.7315,0.1045,0.0945,0.1571,55211.62,0.3088,1,1.0,0,0.0,33.41,33.0,52.54,-52.0,120.0,RAS
s0324,kidney_right,0,0.9037,0.8243,6551,1346,50,7897,6601,ok,7897,26652.38,0,0.696,0.437,0.6487,0.1194,0.1592,0.1456,98496.0,0.2706,1,1.0,0,0.0,29.37,30.0,48.73,-51.0,108.0,RAS
s0324,liver,1,0.9856,0.9716,323427,6011,3447,329438,326874,ok,329438,1111853.25,0,0.6464,0.5625,0.824,0.7114,0.4577,0.3678,4262544.0,0.2608,1,1.0,0,0.0,51.71,52.0,50.41,-31.0,135.0,RAS
s0324,lung_lower_lobe_left,1,0.9957,0.9913,69422,207,399,69629,69821,ok,69629,234997.88,0,0.296,0.3794,0.9392,0.3383,0.408,0.1762,865674.0,0.2715,2,1.0,1,0.03,-732.47,-784.0,183.03,-907.0,-344.0,RAS
s0324,lung_lower_lobe_right,1,0.9964,0.9929,82128,195,393,82323,82521,ok,82323,277840.12,0,0.7281,0.4485,0.9514,0.3781,0.4428,0.1686,1004454.0,0.2766,1,1.0,1,0.0475,-783.81,-823.0,168.38,-951.0,-456.0,RAS
s0324,lung_middle_lobe_right,1,0.9844,0.9693,6088,10,183,6098,6271,ok,6098,20580.75,0,0.6685,0.708,0.9719,0.2289,0.1144,0.069,64273.5,0.3202,2,0.9998,1,0.0892,-856.24,-890.0,133.11,-993.0,-592.85,RAS
s0324,lung_upper_lobe_left,1,0.9874,0.9751,4467,26,88,4493,4555,ok,4493,15163.88,0,0.2049,0.6123,0.9533,0.0846,0.1542,0.1111,51580.12,0.294,1,1.0,1,0.045,-825.64,-861.0,151.03,-986.0,-539.0,RAS
s0324,pancreas,0,0.9372,0.8818,17103,1160,1132,18263,18235,ok,18263,61637.62,0,0.4611,0.5563,0.7475,0.3035,0.2289,0.1762,435631.5,0.1415,1,1.0,0,0.0,35.31,35.0,50.03,-47.0,117.0,RAS
s0324,portal_vein_and_splenic_vein,0,0.5856,0.414,395,467,92,862,487,ok,862,2909.25,0,0.54,0.5725,0.8064,0.3831,0.1791,0.0575,140332.5,0.0207,2,0.8573,0,0.0,33.63,33.0,54.77,-53.0,122.95,RAS
s0324,rib_left_10,1,0.9862,0.9727,1852,40,12,1892,1864,ok,1892,6385.5,0,0.238,0.2933,0.8938,0.2836,0.2587,0.2797,730255.5,0.0087,1,1.0,1,0.0344,502.44,450.0,435.54,-131.9,1342.45,RAS
s0324,rib_left_11,1,0.9802,0.9611,1434,44,14,1478,1448,ok,1478,4988.25,0,0.3029,0.2677,0.8554,0.2687,0.1294,0.2529,312741.0,0.016,1,1.0,0,0.0,563.33,513.5,423.89,-88.15,1335.45,RAS
s0324,rib_left_12,1,0.9685,0.939,323,17,4,340,327,ok,340,1147.5,0,0.3783,0.2826,0.8056,0.1542,0.0398,0.1149,25110.0,0.0457,1,1.0,0,0.0,562.67,530.0,320.43,105.5,1173.65,RAS
s0324,rib_left_5,0,0.0,0.0,0,410,0,410,0,false_positive,410,1383.75,0,0.2125,0.6726,0.974,0.0896,0.0846,0.0536,14458.5,0.0957,1,1.0,1,0.078,295.55,249.5,322.61,-66.0,814.85,RAS
s0324,rib_left_6,0,0.0,0.0,0,980,416,980,416,low_dice,980,3307.5,0,0.1667,0.63,0.9451,0.0796,0.1542,0.1111,48546.0,0.0681,1,1.0,1,0.0316,284.41,227.5,330.8,-114.05,945.05,RAS
s0324,rib_left_7,0,0.0928,0.0487,94,877,961,971,1055,low_dice,971,3277.12,0,0.1412,0.5636,0.9184,0.0448,0.1741,0.1648,45714.38,0.0717,1,1.0,1,0.0247,333.68,309.0,332.6,-137.0,937.5,RAS
s0324,rib_left_8,0,0.3092,0.1829,357,712,883,1069,1240,low_dice,1069,3607.88,0,0.1308,0.4907,0.9019,0.0547,0.2189,0.2146,91476.0,0.0394,1,1.0,1,0.0271,387.6,370.0,319.32,-112.2,926.8,RAS
s0324,rib_left_9,0,0.7787,0.6375,1321,42,709,1363,2030,ok,1363,4600.12,0,0.161,0.3823,0.9087,0.1642,0.3433,0.2337,468777.38,0.0098,2,0.9927,1,0.0396,488.59,457.0,402.51,-121.0,1240.0,RAS
s0324,rib_right_10,1,0.987,0.9744,1943,40,11,1983,1954,ok,1983,6692.62,0,0.8184,0.3423,0.9006,0.2537,0.2935,0.2644,700720.88,0.0096,2,0.9995,1,0.0419,455.99,425.0,372.72,-121.0,1086.8,RAS
s0324,rib_right_11,1,0.9858,0.972,1459,14,28,1473,1487,ok,1473,4971.38,0,0.7647,0.3078,0.8489,0.2388,0.1692,0.2567,369036.0,0.0135,1,1.0,0,0.0,565.5,504.0,404.28,-51.2,1284.4,RAS
s0324,rib_right_12,1,0.9719,0.9454,433,15,10,448,443,ok,448,1512.0,0,0.6973,0.2972,0.7968,0.1493,0.0299,0.1341,21262.5,0.0711,1,1.0,0,0.0,505.43,465.0,333.53,14.85,1156.8,RAS
s0324,rib_right_5,0,0.8486,0.737,241,86,0,327,241,ok,327,1103.62,0,0.747,0.7256,0.9823,0.0796,0.0498,0.0421,5940.0,0.1858,1,1.0,1,0.1254,247.75,217.0,266.35,-55.0,716.6,RAS
s0324,rib_right_6,0,0.9393,0.8856,813,11,94,824,907,ok,824,2781.0,0,0.8005,0.6932,0.9513,0.1194,0.1194,0.0996,50544.0,0.055,1,1.0,1,0.0413,275.56,244.0,315.74,-141.85,863.5,RAS
s0324,rib_right_7,1,0.9909,0.982,982,11,7,993,989,ok,993,3351.38,0,0.8496,0.6288,0.9206,0.0846,0.1542,0.1609,74702.25,0.0449,1,1.0,1,0.0282,321.46,313.0,308.53,-145.4,895.0,RAS
s0324,rib_right_8,1,0.9855,0.9714,917,15,12,932,929,ok,932,3145.5,0,0.8784,0.5557,0.9072,0.0697,0.204,0.1954,98799.75,0.0318,1,1.0,1,0.0268,345.2,346.0,296.32,-161.0,833.15,RAS
s0324,rib_right_9,1,0.9896,0.9795,1145,19,5,1164,1150,ok,1164,3928.5,0,0.8808,0.4635,0.9017,0.0697,0.2836,0.2261,158901.75,0.0247,2,0.9974,1,0.0292,404.55,400.0,320.7,-142.4,923.0,RAS
s0324,sacrum,1,0.9485,0.9021,31836,1716,1738,33552,33574,ok,33552,113238.0,0,0.5073,0.2916,0.3534,0.3483,0.2438,0.2797,845066.25,0.134,24,0.9978,0,0.0,228.78,168.0,256.71,-73.0,746.0,RAS
s0324,small_bowel,0,0.8058,0.6747,158757,58988,17556,217745,176313,ok,217745,734889.38,0,0.4022,0.5756,0.4903,0.7065,0.4179,0.5594,5877522.0,0.125,25,0.9998,0,0.0,-97.18,12.0,316.99,-962.0,100.0,RAS
s0324,spinal_cord,1,0.9632,0.929,9960,300,461,10260,10421,ok,10260,34627.5,0,0.5243,0.3476,0.7036,0.0746,0.0945,0.6245,156785.62,0.2209,1,1.0,1,0.0042,25.41,27.0,78.54,-93.0,128.0,RAS
s0324,spleen,1,0.9599,0.9229,55198,844,3765,56042,58963,ok,56042,189141.75,0,0.2473,0.3988,0.8145,0.2886,0.2985,0.2337,716445.0,0.264,1,1.0,0,0.0,37.25,38.0,48.1,-42.0,116.0,RAS
s0324,sternum,0,0.8675,0.766,72,17,5,89,77,ok,89,300.38,0,0.4774,0.7375,0.9884,0.0299,0.0249,0.0268,708.75,0.4238,1,1.0,1,0.2584,262.82,248.0,177.7,21.0,561.8,RAS
s0324,stomach,0,0.9396,0.8861,46523,1814,4165,48337,50688,ok,48337,163137.38,0,0.3538,0.58,0.8108,0.3532,0.3532,0.249,1105869.38,0.1475,1,1.0,0,0.0,-5.9,18.0,155.57,-102.0,104.0,RAS
s0324,urinary_bladder,0,0.8824,0.7895,23264,1559,4644,24823,27908,ok,24823,83777.62,0,0.5102,0.5008,0.2076,0.3433,0.2139,0.1034,270367.88,0.3099,1,1.0,0,0.0,-2.55,3.0,100.95,-87.0,87.0,RAS
s0324,vertebrae_L1,1,0.9927,0.9855,10177,44,106,10221,10283,ok,10221,34495.88,0,0.5252,0.3639,0.7769,0.209,0.2338,0.1149,199867.5,0.1726,1,1.0,0,0.0,369.42,270.0,334.82,4.0,1123.0,RAS
s0324,vertebrae_L2,1,0.9894,0.979,11259,81,161,11340,11420,ok,11340,38272.5,0,0.5234,0.3815,0.6971,0.2537,0.2338,0.5556,1173031.88,0.0326,2,0.9967,0,0.0,377.31,276.0,340.38,11.0,1151.0,RAS
s0324,vertebrae_L3,1,0.9906,0.9814,12386,38,197,12424,12583,ok,12424,41931.0,0,0.5193,0.3969,0.6194,0.2786,0.2289,0.1188,269514.0,0.1556,1,1.0,0,0.0,376.87,275.0,344.29,5.15,1162.85,RAS
s0324,vertebrae_L4,1,0.9911,0.9823,12850,46,185,12896,13035,ok,12896,43524.0,0,0.5147,0.4057,0.5393,0.2587,0.2289,0.1111,234117.0,0.1859,2,0.9999,0,0.0,368.59,279.0,321.07,11.0,1093.25,RAS
s0324,vertebrae_L5,1,0.992,0.9842,13402,52,163,13454,13565,ok,13454,45407.25,0,0.5094,0.3957,0.4602,0.2736,0.2239,0.1149,250593.75,0.1812,1,1.0,0,0.0,350.9,264.0,304.06,13.0,1042.0,RAS
s0324,vertebrae_S1,0,0.9449,0.8955,7747,655,249,8402,7996,ok,8402,28356.75,0,0.5045,0.3617,0.3933,0.1642,0.1791,0.1073,112266.0,0.2526,1,1.0,0,0.0,343.92,286.0,277.86,0.0,953.95,RAS
s0324,vertebrae_T10,1,0.9921,0.9843,5277,45,39,5322,5316,ok,5322,17961.75,0,0.5334,0.3399,0.9782,0.1642,0.209,0.0651,79521.75,0.2259,1,1.0,1,0.1039,357.07,276.0,320.08,-3.95,1030.95,RAS
s0324,vertebrae_T11,1,0.9917,0.9836,7899,43,89,7942,7988,ok,7942,26804.25,0,0.5321,0.3455,0.9222,0.1592,0.2139,0.0996,120744.0,0.222,1,1.0,0,0.0,361.92,275.0,324.45,21.0,1086.0,RAS
s0324,vertebrae_T12,1,0.9895,0.9792,8963,31,159,8994,9122,ok,8994,30354.75,0,0.5309,0.353,0.8526,0.1443,0.2139,0.1034,113632.88,0.2671,1,1.0,0,0.0,338.02,256.0,303.56,11.0,1020.0,RAS
s0324,vertebrae_T9,1,0.9787,0.9583,92,0,4,92,96,ok,92,310.5,0,0.543,0.2432,0.99,0.0249,0.0498,0.023,1012.5,0.3067,1,1.0,1,0.2609,610.63,585.0,234.15,251.85,1003.5,RAS
s0249,adrenal_gland_left,0,0.6404,0.471,122,36,101,158,223,ok,158,533.25,0,0.3775,0.4309,0.0353,0.0246,0.0526,0.1304,3189.38,0.1672,3,0.8228,1,0.1962,25.74,15.5,97.24,-144.35,181.15,RAS
s0249,adrenal_gland_right,0,0.9042,0.8251,835,48,129,883,964,ok,883,2980.12,0,0.5679,0.4458,0.1033,0.0456,0.0667,0.2464,14171.62,0.2103,2,0.9966,1,0.0521,18.83,19.0,107.26,-165.0,196.9,RAS
s0249,aorta,1,0.9845,0.9695,24039,147,610,24186,24649,ok,24186,81627.75,0,0.447,0.4422,0.5178,0.0912,0.1088,1.0,187697.25,0.4349,1,1.0,1,0.0202,62.26,62.0,82.18,-60.0,188.0,RAS
s0249,autochthon_left,1,0.9593,0.9217,41058,2696,790,43754,41848,ok,43754,147669.75,0,0.3981,0.2287,0.4481,0.1965,0.0807,1.0,299943.0,0.4923,1,1.0,1,0.0199,43.62,44.0,77.39,-84.0,170.0,RAS
s0249,autochthon_right,1,0.9588,0.9209,37097,657,2531,37754,39628,ok,37754,127419.75,0,0.5715,0.2327,0.4576,0.1754,0.0772,1.0,256162.5,0.4974,1,1.0,1,0.0194,45.5,45.0,77.49,-81.0,172.0,RAS
s0249,colon,1,0.9564,0.9165,31400,2607,253,34007,31653,ok,34007,114773.62,0,0.2616,0.6629,0.2139,0.1895,0.2491,0.5507,491710.5,0.2334,2,0.9949,1,0.0347,-646.45,-874.0,383.76,-976.0,55.0,RAS
s0249,costal_cartilages,0,0.9142,0.842,19298,1109,2513,20407,21811,ok,20407,68873.62,0,0.4794,0.7207,0.6158,0.7263,0.2526,0.9565,3319866.0,0.0207,8,0.4847,1,0.0251,105.64,103.0,57.89,16.3,201.0,RAS
s0249,esophagus,1,0.9648,0.9319,3642,179,87,3821,3729,ok,3821,12895.88,0,0.4526,0.5004,0.7182,0.0772,0.0912,0.5507,73359.0,0.1758,1,1.0,1,0.0285,-48.69,6.0,228.62,-643.0,139.0,RAS
s0249,heart,1,0.961,0.925,68927,1455,4136,70382,73063,ok,70382,237539.25,0,0.4,0.6351,0.8728,0.3614,0.2281,0.3043,474508.12,0.5006,1,1.0,1,0.0592,60.98,61.0,56.46,-32.0,154.0,RAS
s0249,iliopsoas_left,0,0.894,0.8084,135,19,13,154,148,ok,154,519.75,0,0.4075,0.3406,0.0279,0.0175,0.0386,0.1014,1299.38,0.4,1,1.0,1,0.2208,40.78,49.0,98.71,-139.35,194.05,RAS
s0249,iliopsoas_right,0,0.7727,0.6296,85,50,0,135,85,ok,135,455.62,0,0.5652,0.339,0.0346,0.014,0.0351,0.1304,1215.0,0.375,1,1.0,1,0.2,51.18,36.0,95.18,-92.6,213.9,RAS
s0249,inferior_vena_cava,1,0.9536,0.9113,17530,279,1428,17809,18958,ok,17809,60105.38,0,0.5328,0.5308,0.5318,0.1158,0.1228,1.0,268970.62,0.2235,2,0.9975,1,0.0321,62.75,64.0,75.44,-62.0,186.0,RAS
s0249,kidney_left,0,0.9278,0.8654,6680,1036,3,7716,6683,ok,7716,26041.5,0,0.318,0.3407,0.0772,0.1263,0.1088,0.2609,67797.0,0.3841,1,1.0,1,0.1068,88.04,73.0,158.02,-85.0,267.0,RAS
s0249,kidney_right,0,0.7981,0.6641,3315,1677,0,4992,3315,ok,4992,16848.0,0,0.6361,0.3533,0.0616,0.1158,0.0982,0.1884,40540.5,0.4156,1,1.0,1,0.122,75.36,74.0,102.59,-90.45,247.45,RAS
s0249,liver,1,0.9864,0.9731,444285,3246,9041,447531,453326,ok,447531,1510417.12,0,0.6143,0.5861,0.324,0.5263,0.4491,0.8116,3628800.0,0.4162,1,1.0,1,0.0198,71.25,70.0,87.24,-71.0,216.0,RAS
s0249,lung_lower_lobe_left,1,0.9963,0.9926,258512,1052,880,259564,259392,ok,259564,876028.5,0,0.2704,0.418,0.676,0.3298,0.407,0.8841,2244861.0,0.3902,4,1.0,1,0.0191,-833.95,-867.0,138.92,-952.0,-568.0,RAS
s0249,lung_lower_lobe_right,1,0.9973,0.9945,267472,433,1042,267905,268514,ok,267905,904179.38,0,0.6809,0.4353,0.7302,0.3719,0.4526,0.8116,2584386.0,0.3499,1,1.0,1,0.0289,-838.8,-868.0,136.7,-957.0,-614.0,RAS
s0249,lung_middle_lobe_right,1,0.9845,0.9694,23855,572,180,24427,24035,ok,24427,82441.12,0,0.6813,0.6943,0.88,0.3053,0.1719,0.3623,359690.62,0.2292,1,1.0,1,0.0763,-868.13,-886.0,90.45,-966.0,-691.0,RAS
s0249,lung_upper_lobe_left,1,0.9829,0.9664,29186,609,405,29795,29591,ok,29795,100558.12,0,0.1897,0.6297,0.7807,0.1544,0.2246,0.5942,389664.0,0.2581,2,1.0,1,0.0405,-866.72,-886.0,96.06,-970.0,-683.0,RAS
s0249,lung_upper_lobe_right,0,0.3111,0.1842,21,0,93,21,114,low_dice,21,70.88,0,0.5544,0.7462,0.9855,0.0491,0.007,0.0145,94.5,0.75,1,1.0,1,1.0,-855.38,-851.0,73.61,-950.0,-743.0,RAS
s0249,pancreas,0,0.7827,0.643,616,135,207,751,823,ok,751,2534.62,0,0.3755,0.5565,0.029,0.0526,0.0596,0.087,5163.75,0.4908,1,1.0,1,0.2157,34.06,35.0,95.44,-124.5,193.5,RAS
s0249,portal_vein_and_splenic_vein,0,0.8034,0.6714,848,145,270,993,1118,ok,993,3351.38,0,0.5691,0.6074,0.0686,0.0561,0.0842,0.1739,15552.0,0.2155,2,0.9859,1,0.0785,79.41,80.0,102.73,-88.4,246.8,RAS
s0249,rib_left_10,1,0.9873,0.9748,3837,32,67,3869,3904,ok,3869,13057.88,0,0.1886,0.3164,0.5627,0.2211,0.2421,1.0,1012307.62,0.0129,1,1.0,1,0.0284,348.98,288.0,409.35,-163.0,1150.0,RAS
s0249,rib_left_11,1,0.9846,0.9697,2594,28,53,2622,2647,ok,2622,8849.25,0,0.2822,0.2591,0.5103,0.2456,0.0982,0.8986,410130.0,0.0216,2,0.9996,1,0.0088,403.6,359.0,415.35,-169.9,1171.85,RAS
s0249,rib_left_12,1,0.9523,0.9089,878,57,31,935,909,ok,935,3155.62,0,0.3424,0.2648,0.3016,0.1544,0.0456,0.4493,59845.5,0.0527,1,1.0,0,0.0,318.15,315.0,321.12,-165.0,888.9,RAS
s0249,rib_left_7,1,0.9825,0.9655,1288,26,20,1314,1308,ok,1314,4434.75,0,0.1393,0.6342,0.8546,0.0526,0.1053,0.3333,34931.25,0.127,1,1.0,1,0.054,231.55,174.5,322.77,-144.05,880.75,RAS
s0249,rib_left_8,1,0.9858,0.9719,2422,40,30,2462,2452,ok,2462,8309.25,0,0.1211,0.5434,0.7062,0.0456,0.1965,0.6522,110565.0,0.0752,1,1.0,1,0.0288,220.72,146.5,335.47,-165.0,863.95,RAS
s0249,rib_left_9,1,0.9828,0.9663,3037,80,26,3117,3063,ok,3117,10519.88,0,0.1279,0.437,0.6374,0.0807,0.2561,0.8406,328664.25,0.032,1,1.0,1,0.0247,262.6,208.0,343.86,-157.2,938.0,RAS
s0249,rib_right_10,1,0.9807,0.9621,3070,41,80,3111,3150,ok,3111,10499.62,0,0.7915,0.3375,0.5652,0.1719,0.2456,0.9855,787185.0,0.0133,1,1.0,1,0.028,362.41,310.0,445.59,-213.0,1222.5,RAS
s0249,rib_right_11,1,0.9776,0.9562,2665,24,98,2689,2763,ok,2689,9075.38,0,0.6908,0.2653,0.5444,0.2351,0.1053,0.913,427376.25,0.0212,1,1.0,1,0.0037,403.25,354.0,425.48,-170.6,1203.2,RAS
s0249,rib_right_12,1,0.9625,0.9277,821,25,39,846,860,ok,846,2855.25,0,0.6329,0.2664,0.2781,0.1439,0.0316,0.4783,41097.38,0.0695,2,0.9988,1,0.0012,352.25,316.5,321.34,-129.25,942.25,RAS
s0249,rib_right_7,1,0.9704,0.9426,919,43,13,962,932,ok,962,3246.75,0,0.8077,0.6527,0.8769,0.0561,0.0877,0.2754,25650.0,0.1266,1,1.0,1,0.0582,249.53,201.0,313.12,-136.0,857.75,RAS
s0249,rib_right_8,1,0.9881,0.9765,2115,45,6,2160,2121,ok,2160,7290.0,0,0.832,0.5648,0.7068,0.0491,0.1649,0.6232,95492.25,0.0763,1,1.0,1,0.0296,251.88,183.0,363.7,-191.0,960.05,RAS
s0249,rib_right_9,1,0.9838,0.9681,2614,60,26,2674,2640,ok,2674,9024.75,0,0.837,0.4632,0.631,0.0491,0.2246,0.8261,172368.0,0.0524,1,1.0,1,0.0239,264.61,223.0,351.92,-184.0,936.1,RAS
s0249,spinal_cord,1,0.9684,0.9388,7623,353,144,7976,7767,ok,7976,26919.0,0,0.4867,0.2984,0.4515,0.0596,0.0632,1.0,71259.75,0.3778,1,1.0,1,0.0208,25.18,26.0,90.45,-131.0,168.0,RAS
s0249,spleen,1,0.9842,0.9689,34737,764,350,35501,35087,ok,35501,119815.88,0,0.2222,0.4005,0.2085,0.1825,0.1754,0.4783,289575.0,0.4138,1,1.0,1,0.0278,47.32,47.0,84.03,-91.0,186.0,RAS
s0249,sternum,0,0.5487,0.378,31,0,51,31,82,ok,31,104.62,0,0.4822,0.7699,0.9748,0.014,0.014,0.0435,162.0,0.6458,1,1.0,1,0.4194,310.03,363.0,196.69,42.0,639.5,RAS
s0249,stomach,1,0.9542,0.9125,85805,6174,2055,91979,87860,ok,91979,310429.12,0,0.3185,0.5397,0.2697,0.2246,0.2982,0.5942,752760.0,0.4124,1,1.0,1,0.0139,21.95,22.0,94.53,-133.0,175.0,RAS
s0249,vertebrae_L1,1,0.9823,0.9652,17354,414,212,17768,17566,ok,17768,59967.0,0,0.4867,0.3518,0.1102,0.1789,0.214,0.2899,209992.5,0.2856,2,0.9999,1,0.0583,202.23,149.0,258.31,-82.0,700.65,RAS
s0249,vertebrae_T10,1,0.9898,0.9797,5902,28,94,5930,5996,ok,5930,20013.75,0,0.4859,0.3156,0.9363,0.1193,0.2035,0.2464,113143.5,0.1769,3,0.7039,1,0.1449,285.44,208.0,286.97,-9.55,912.55,RAS
s0249,vertebrae_T11,1,0.9908,0.9819,17533,47,277,17580,17810,ok,17580,59332.5,0,0.4864,0.3261,0.7326,0.1404,0.1965,0.4638,241920.0,0.2453,1,1.0,1,0.0,247.82,175.0,273.93,-15.05,790.05,RAS
s0249,vertebrae_T12,1,0.9912,0.9825,19954,58,298,20012,20252,ok,20012,67540.5,0,0.4878,0.3362,0.4181,0.1368,0.207,0.4783,256273.88,0.2635,1,1.0,0,0.0,229.54,173.0,258.62,-51.0,731.0,RAS
s0216,aorta,1,0.9746,0.9505,1997,10,94,2007,2091,ok,2007,6773.62,0,0.493,0.5077,0.916,0.0347,0.0556,0.1788,17280.0,0.392,1,1.0,1,0.0379,466.04,516.0,113.79,204.0,567.0,RAS
s0216,autochthon_left,1,0.9864,0.9731,51693,942,488,52635,52181,ok,52635,177643.12,0,0.4394,0.3419,0.7705,0.1389,0.1319,0.5642,518130.0,0.3429,1,1.0,1,0.0129,40.97,48.0,36.97,-35.0,86.0,RAS
s0216,autochthon_right,1,0.9882,0.9766,53197,832,442,54029,53639,ok,54029,182347.88,0,0.5668,0.3423,0.7568,0.1632,0.1285,0.5587,586912.5,0.3107,1,1.0,1,0.0115,39.63,48.0,38.97,-45.0,85.0,RAS
s0216,colon,1,0.9487,0.9024,90595,5743,4057,96338,94652,ok,96338,325140.75,0,0.5758,0.5018,0.6235,0.5174,0.3021,0.8715,6825019.5,0.0476,6,0.5976,1,0.0102,-31.67,19.0,173.98,-322.0,95.0,RAS
s0216,duodenum,0,0.8374,0.7203,1792,273,423,2065,2215,ok,2065,6969.38,0,0.5672,0.4843,0.9742,0.1493,0.1076,0.0782,62984.25,0.1107,2,0.9826,1,0.1516,70.32,78.0,52.35,-27.8,134.0,RAS
s0216,femur_left,1,0.9936,0.9872,29036,174,201,29210,29237,ok,29210,98583.75,0,0.2601,0.4993,0.1239,0.1806,0.1319,0.2626,313443.0,0.3145,1,1.0,1,0.0165,427.98,351.0,304.35,88.0,1059.55,RAS
s0216,femur_right,1,0.9926,0.9852,26126,217,175,26343,26301,ok,26343,88907.62,0,0.7177,0.4862,0.1042,0.1701,0.1424,0.2346,284775.75,0.3122,1,1.0,1,0.0203,417.47,349.0,296.19,82.0,1016.0,RAS
s0216,gluteus_maximus_left,1,0.9877,0.9757,100768,1300,1208,102068,101976,ok,102068,344479.5,0,0.2934,0.3834,0.2483,0.2812,0.1632,0.5866,1349105.62,0.2553,1,1.0,1,0.009,43.8,46.0,27.6,-2.0,84.0,RAS
s0216,gluteus_maximus_right,1,0.9895,0.9791,100957,895,1257,101852,102214,ok,101852,343750.5,0,0.6864,0.3748,0.2465,0.2882,0.1736,0.5922,1484662.5,0.2315,1,1.0,1,0.0089,44.78,47.0,26.63,0.0,83.0,RAS
s0216,gluteus_medius_left,1,0.9845,0.9695,56047,1223,543,57270,56590,ok,57270,193286.25,0,0.2374,0.4784,0.435,0.1944,0.2222,0.4693,1016064.0,0.1902,1,1.0,0,0.0,46.91,50.0,30.35,-3.0,86.0,RAS
s0216,gluteus_medius_right,1,0.9814,0.9634,51144,1107,835,52251,51979,ok,52251,176347.12,0,0.7555,0.4706,0.3968,0.1875,0.2118,0.5251,1045021.5,0.1687,1,1.0,0,0.0,48.49,51.0,29.28,3.0,86.0,RAS
s0216,gluteus_minimus_left,1,0.9724,0.9463,13244,414,338,13658,13582,ok,13658,46095.75,0,0.2416,0.5302,0.3258,0.1146,0.1493,0.2849,244245.38,0.1887,1,1.0,0,0.0,49.58,51.0,36.36,-14.0,101.0,RAS
s0216,gluteus_minimus_right,1,0.9656,0.9335,12477,545,344,13022,12821,ok,13022,43949.25,0,0.7404,0.5114,0.3034,0.1285,0.1424,0.3128,286713.0,0.1533,1,1.0,0,0.0,51.08,54.0,40.03,-18.0,105.0,RAS
s0216,hip_left,1,0.9915,0.9832,77928,580,754,78508,78682,ok,78508,264964.5,0,0.3312,0.4921,0.3554,0.3056,0.3125,0.6927,3314520.0,0.0799,1,1.0,1,0.0043,476.81,374.0,328.51,106.0,1155.0,RAS
s0216,hip_right,1,0.991,0.9822,72883,546,773,73429,73656,ok,73429,247822.88,0,0.6597,0.485,0.3334,0.3229,0.316,0.6648,3398952.5,0.0729,1,1.0,1,0.0051,502.12,399.0,341.6,110.0,1193.0,RAS
s0216,iliac_artery_left,1,0.9608,0.9246,2317,58,131,2375,2448,ok,2375,8015.62,0,0.4068,0.5585,0.4863,0.1632,0.1111,0.7374,670032.0,0.012,1,1.0,0,0.0,401.59,444.0,126.49,161.0,547.3,RAS
s0216,iliac_artery_right,0,0.9448,0.8953,2172,36,218,2208,2390,ok,2208,7452.0,0,0.584,0.5565,0.4769,0.1632,0.0938,0.7709,591036.75,0.0126,1,1.0,0,0.0,418.12,459.0,116.17,197.0,551.65,RAS
s0216,iliac_vena_left,0,0.9106,0.8359,4681,225,694,4906,5375,ok,4906,16557.75,0,0.4174,0.5453,0.4562,0.1667,0.1181,0.6816,671976.0,0.0246,1,1.0,0,0.0,50.4,49.0,34.13,3.0,96.0,RAS
s0216,iliac_vena_right,0,0.8958,0.8112,3472,51,757,3523,4229,ok,3523,11890.12,0,0.5933,0.5459,0.4162,0.1007,0.1042,0.6592,346477.5,0.0343,1,1.0,0,0.0,47.9,48.0,26.23,7.0,87.0,RAS
s0216,iliopsoas_left,1,0.9793,0.9594,50939,533,1620,51472,52559,ok,51472,173718.0,0,0.3417,0.5327,0.4693,0.2361,0.2569,1.0,3039957.0,0.0571,1,1.0,1,0.0024,56.7,59.0,47.43,-1.0,100.0,RAS
s0216,iliopsoas_right,1,0.9803,0.9614,48096,1071,859,49167,48955,ok,49167,165938.62,0,0.643,0.5149,0.4825,0.191,0.2396,1.0,2292654.5,0.0724,1,1.0,1,0.0042,57.48,60.0,38.2,3.0,100.0,RAS
s0216,inferior_vena_cava,0,0.7158,0.5574,1840,1422,39,3262,1879,ok,3262,11009.25,0,0.5436,0.5016,0.8997,0.059,0.0556,0.2067,33966.0,0.3241,1,1.0,1,0.0322,52.66,51.0,28.8,15.0,93.0,RAS
s0216,kidney_right,1,0.9838,0.9682,1430,10,37,1440,1467,ok,1440,4860.0,0,0.6586,0.3909,0.9816,0.0799,0.0625,0.0447,11178.0,0.4348,1,1.0,1,0.2153,234.26,260.0,81.98,74.0,330.05,RAS
s0216,liver,1,0.9933,0.9868,14978,93,108,15071,15086,ok,15071,50864.62,0,0.7245,0.487,0.9487,0.0972,0.184,0.1397,125212.5,0.4062,1,1.0,1,0.0715,89.75,92.0,31.3,37.0,132.0,RAS
s0216,sacrum,1,0.9652,0.9328,35066,1198,1327,36264,36393,ok,36264,122391.0,0,0.4943,0.3925,0.4639,0.2604,0.2222,0.4525,1312200.0,0.0933,31,0.9955,0,0.0,301.12,243.0,242.82,10.0,794.0,RAS
s0216,small_bowel,0,0.9419,0.8901,126597,6147,9485,132744,136082,ok,132744,448011.0,0,0.4607,0.5227,0.7295,0.4097,0.2326,0.7486,3575488.5,0.1253,3,0.9991,1,0.0127,17.28,38.0,112.57,-106.0,105.0,RAS
s0216,spinal_cord,1,0.9752,0.9516,8846,158,292,9004,9138,ok,9004,30388.5,0,0.5053,0.4103,0.7495,0.059,0.0903,0.514,137241.0,0.2214,1,1.0,1,0.0111,22.22,23.0,33.99,-33.0,74.0,RAS
s0216,stomach,0,0.0,0.0,0,74,0,74,0,false_positive,74,249.75,0,0.4858,0.5996,0.9907,0.0312,0.0208,0.0168,546.75,0.4568,1,1.0,1,0.4459,-310.73,-75.0,408.25,-921.85,125.25,RAS
s0216,urinary_bladder,0,0.9396,0.8861,34158,1797,2595,35955,36753,ok,35955,121348.12,0,0.4976,0.5622,0.1872,0.1944,0.125,0.2291,278964.0,0.435,1,1.0,0,0.0,30.61,34.0,38.73,-40.0,85.0,RAS
s0216,vertebrae_L2,1,0.9939,0.9879,4004,27,22,4031,4026,ok,4031,13604.62,0,0.5107,0.3849,0.9724,0.1042,0.1771,0.1061,98111.25,0.1387,2,0.5192,1,0.1799,568.39,455.0,337.3,220.0,1304.0,RAS
s0216,vertebrae_L3,1,0.9951,0.9903,15954,79,77,16033,16031,ok,16033,54111.38,0,0.5104,0.4216,0.8873,0.184,0.1806,0.2067,344155.5,0.1572,1,1.0,0,0.0,464.75,347.0,306.05,178.0,1169.0,RAS
s0216,vertebrae_L4,1,0.9954,0.9908,15259,42,99,15301,15358,ok,15301,51640.88,0,0.5079,0.4488,0.7605,0.184,0.184,0.1788,303372.0,0.1702,1,1.0,0,0.0,480.39,355.0,316.53,185.0,1216.0,RAS
s0216,vertebrae_L5,1,0.9891,0.9785,17142,75,302,17217,17444,ok,17217,58107.38,0,0.5003,0.46,0.645,0.2396,0.1632,0.1676,328353.75,0.177,1,1.0,0,0.0,411.47,339.0,258.45,94.0,956.0,RAS
s0216,vertebrae_S1,1,0.9691,0.9401,9300,396,197,9696,9497,ok,9696,32724.0,0,0.5,0.4424,0.5444,0.1319,0.1493,0.1453,143383.5,0.2282,1,1.0,0,0.0,470.81,397.0,271.77,146.0,1073.0,RAS
s0123,adrenal_gland_left,1,0.9622,0.9272,981,39,38,1020,1019,ok,1020,3442.5,0,0.4282,0.4409,0.0975,0.0449,0.1289,0.1033,22275.0,0.1545,1,1.0,0,0.0,25.89,29.0,24.93,-17.0,63.0,RAS
s0123,adrenal_gland_right,1,0.9502,0.9051,982,40,63,1022,1045,ok,1022,3449.25,0,0.5887,0.4038,0.1473,0.0487,0.1031,0.0939,17550.0,0.1965,1,1.0,0,0.0,24.06,24.0,28.02,-23.95,69.0,RAS
s0123,aorta,1,0.9917,0.9835,81918,780,595,82698,82513,ok,82698,279105.75,0,0.4751,0.5268,0.5091,0.1685,0.4381,0.8169,2246231.25,0.1243,2,1.0,0,0.0,204.55,215.0,52.29,98.0,255.0,RAS
s0123,atrial_appendage_left,1,0.9543,0.9125,1586,121,31,1707,1617,ok,1707,5761.12,0,0.4196,0.5776,0.5475,0.0974,0.0876,0.061,19392.75,0.2971,1,1.0,0,0.0,119.15,121.0,46.43,41.0,191.0,RAS
s0123,autochthon_left,1,0.977,0.955,64119,1691,1328,65810,65447,ok,65810,222108.75,0,0.4376,0.1886,0.4167,0.1835,0.3041,0.9437,1961182.12,0.1133,1,1.0,0,0.0,33.93,39.0,23.02,-12.0,60.0,RAS
s0123,autochthon_right,1,0.975,0.9512,58269,1755,1232,60024,59501,ok,60024,202581.0,0,0.5707,0.194,0.4294,0.1685,0.3041,0.9531,1819006.88,0.1114,1,1.0,0,0.0,32.45,38.0,35.1,-15.0,62.0,RAS
s0123,brachiocephalic_trunk,1,0.965,0.9324,2028,52,95,2080,2123,ok,2080,7020.0,0,0.5118,0.6474,0.7849,0.0787,0.0876,0.0939,24097.5,0.2913,1,1.0,0,0.0,209.8,225.0,49.83,106.0,266.0,RAS
s0123,brachiocephalic_vein_left,1,0.9555,0.9148,3803,127,227,3930,4030,ok,3930,13263.75,0,0.4821,0.673,0.8044,0.161,0.1134,0.1455,98975.25,0.134,1,1.0,0,0.0,640.71,687.0,294.68,138.0,1039.55,RAS
s0123,brachiocephalic_vein_right,0,0.7586,0.6111,660,382,38,1042,698,ok,1042,3516.75,0,0.5726,0.6464,0.8091,0.0637,0.067,0.1268,20138.62,0.1746,1,1.0,0,0.0,201.1,117.0,201.76,9.0,652.7,RAS
s0123,clavicula_left,1,0.9779,0.9568,5799,98,164,5897,5963,ok,5897,19902.38,0,0.3632,0.6659,0.9236,0.2172,0.2732,0.1362,300867.75,0.0661,1,1.0,0,0.0,530.77,474.0,332.75,67.0,1085.0,RAS
s0123,clavicula_right,1,0.9809,0.9625,4897,40,151,4937,5048,ok,4937,16662.38,0,0.6164,0.6938,0.9241,0.191,0.1701,0.1174,142003.12,0.1173,1,1.0,0,0.0,480.16,414.0,319.48,48.8,1031.4,RAS
s0123,colon,0,0.9434,0.8929,44617,2311,3043,46928,47660,ok,46928,158382.0,0,0.4178,0.691,0.123,0.6554,0.3608,0.2958,2604656.25,0.0608,3,0.6029,0,0.0,-72.76,1.0,204.73,-536.0,63.0,RAS
s0123,common_carotid_artery_left,0,0.9333,0.8749,1525,163,55,1688,1580,ok,1688,5697.0,0,0.4463,0.6051,0.8452,0.0787,0.1031,0.23,69457.5,0.082,1,1.0,0,0.0,148.8,156.0,66.51,31.35,247.0,RAS
s0123,common_carotid_artery_right,1,0.9579,0.9192,887,46,32,933,919,ok,933,3148.88,0,0.5648,0.6199,0.8994,0.0637,0.0567,0.1408,18933.75,0.1663,1,1.0,0,0.0,166.69,174.0,47.13,86.0,238.0,RAS
s0123,costal_cartilages,0,0.9431,0.8923,42196,2536,2556,44732,44752,ok,44732,150970.5,0,0.506,0.8485,0.3653,0.7753,0.3247,0.831,7790367.5,0.0194,13,0.3995,0,0.0,117.37,107.0,61.64,57.0,227.0,RAS
s0123,duodenum,0,0.8287,0.7075,4492,552,1305,5044,5797,ok,5044,17023.5,0,0.6398,0.6198,0.072,0.0787,0.1443,0.1174,49612.5,0.3431,1,1.0,0,0.0,66.46,74.0,53.01,-14.0,120.0,RAS
s0123,esophagus,1,0.9697,0.9411,11551,478,245,12029,11796,ok,12029,40597.88,0,0.4915,0.4827,0.5534,0.1049,0.1753,0.6761,462672.0,0.0877,1,1.0,0,0.0,-2.6,30.0,131.39,-209.0,79.0,RAS
s0123,gallbladder,0,0.943,0.8921,8609,716,325,9325,8934,ok,9325,31471.88,0,0.717,0.7138,0.1512,0.1086,0.2732,0.1502,165996.0,0.1896,1,1.0,0,0.0,9.96,10.0,12.52,-9.0,28.0,RAS
s0123,heart,1,0.9644,0.9312,159644,6264,5522,165908,165166,ok,165908,559939.5,0,0.4213,0.6305,0.4336,0.3633,0.3969,0.3615,1941006.38,0.2885,2,1.0,0,0.0,156.14,166.0,59.9,61.0,234.0,RAS
s0123,humerus_left,1,0.9823,0.9652,15445,61,496,15506,15941,ok,15506,52332.75,0,0.107,0.5144,0.9356,0.1311,0.1959,0.1127,107730.0,0.4858,1,1.0,0,0.0,160.92,138.0,136.45,-12.0,401.0,RAS
s0123,humerus_right,1,0.9642,0.9309,12948,617,344,13565,13292,ok,13565,45781.88,0,0.8966,0.5293,0.9263,0.1311,0.1804,0.108,95090.62,0.4815,1,1.0,0,0.0,162.15,152.0,168.21,4.0,407.0,RAS
s0123,iliopsoas_left,0,0.8792,0.7845,91,0,25,91,116,ok,91,307.12,0,0.445,0.2942,0.0448,0.0112,0.0412,0.0329,567.0,0.5417,1,1.0,0,0.0,36.42,36.0,10.35,20.0,53.5,RAS
s0123,iliopsoas_right,0,0.8837,0.7916,395,22,82,417,477,ok,417,1407.38,0,0.5807,0.2869,0.0529,0.0225,0.0567,0.061,2895.75,0.486,1,1.0,0,0.0,31.36,33.0,14.39,5.8,53.0,RAS
s0123,inferior_vena_cava,1,0.9508,0.9062,10634,364,737,10998,11371,ok,10998,37118.25,0,0.5682,0.4983,0.2092,0.1311,0.1392,0.3944,267907.5,0.1385,1,1.0,0,0.0,76.94,73.0,33.36,30.0,138.0,RAS
s0123,kidney_left,1,0.9809,0.9625,4819,44,144,4863,4963,ok,4863,16412.62,0,0.3813,0.3403,0.0459,0.1011,0.1804,0.0563,38272.5,0.4288,1,1.0,0,0.0,113.7,119.0,50.86,34.0,208.0,RAS
s0123,kidney_right,1,0.9887,0.9777,11809,154,115,11963,11924,ok,11963,40375.12,0,0.6678,0.3311,0.0527,0.1423,0.1753,0.0892,82849.5,0.4873,1,1.0,0,0.0,100.61,109.0,42.89,29.0,158.0,RAS
s0123,liver,1,0.9925,0.9851,492001,5222,2195,497223,494196,ok,497223,1678127.62,0,0.6814,0.5798,0.2126,0.5318,0.6649,0.385,5069506.5,0.331,1,1.0,0,0.0,61.29,63.0,24.45,39.0,82.0,RAS
s0123,lung_lower_lobe_left,1,0.9934,0.987,252726,1669,1671,254395,254397,ok,254395,858583.12,0,0.316,0.3472,0.4465,0.3296,0.6031,0.6573,4864860.0,0.1765,2,1.0,0,0.0,-741.94,-803.0,162.48,-874.0,-392.0,RAS
s0123,lung_lower_lobe_right,1,0.9951,0.9903,344251,870,2492,345121,346743,ok,345121,1164783.38,0,0.6788,0.3733,0.4313,0.3895,0.6649,0.615,5931549.0,0.1964,13,1.0,0,0.0,-776.83,-825.0,144.14,-890.0,-482.0,RAS
s0123,lung_middle_lobe_right,1,0.9797,0.9603,114531,1943,2793,116474,117324,ok,116474,393099.75,0,0.703,0.6731,0.4634,0.3446,0.3969,0.3005,1530144.0,0.2569,2,1.0,0,0.0,-814.37,-858.0,133.99,-918.0,-538.65,RAS
s0123,lung_upper_lobe_left,1,0.9966,0.9933,390013,1334,1304,391347,391317,ok,391347,1320796.12,0,0.313,0.5985,0.6365,0.3371,0.5464,0.7089,4861822.5,0.2717,1,1.0,0,0.0,-819.62,-861.0,133.81,-924.0,-540.0,RAS
s0123,lung_upper_lobe_right,1,0.993,0.9861,332784,2582,2115,335366,334899,ok,335366,1131860.25,0,0.6671,0.5752,0.7014,0.3296,0.5928,0.4507,3278880.0,0.3452,1,1.0,0,0.0,-822.65,-860.0,125.61,-919.0,-565.0,RAS
s0123,pancreas,1,0.956,0.9157,9536,449,429,9985,9965,ok,9985,33699.38,0,0.4504,0.5885,0.0775,0.2959,0.2526,0.1221,339680.25,0.0992,1,1.0,0,0.0,59.23,64.0,33.46,-3.0,102.0,RAS
s0123,portal_vein_and_splenic_vein,0,0.9015,0.8207,8851,722,1212,9573,10063,ok,9573,32308.88,0,0.5404,0.5666,0.1159,0.4757,0.3505,0.2347,1457325.0,0.0222,6,0.9081,0,0.0,117.21,122.0,31.82,57.0,162.0,RAS
s0123,pulmonary_vein,0,0.9459,0.8974,5580,203,435,5783,6015,ok,5783,19517.62,0,0.4821,0.5047,0.5298,0.2472,0.2113,0.1455,283115.25,0.0689,3,0.5632,0,0.0,168.32,182.0,57.74,57.0,240.0,RAS
s0123,rib_left_1,1,0.9627,0.9281,3380,89,173,3469,3553,ok,3469,11707.88,0,0.3599,0.6107,0.8839,0.0936,0.3196,0.1455,162168.75,0.0722,2,0.9997,0,0.0,440.99,379.0,274.31,131.0,1054.8,RAS
s0123,rib_left_10,1,0.9587,0.9207,3808,104,224,3912,4032,ok,3912,13203.0,0,0.2417,0.2549,0.2148,0.3258,0.3557,0.3286,1418208.75,0.0093,1,1.0,0,0.0,401.05,394.0,135.59,187.0,626.0,RAS
s0123,rib_left_11,1,0.9832,0.967,1961,46,21,2007,1982,ok,2007,6773.62,0,0.3113,0.1925,0.1373,0.2472,0.1082,0.23,229209.75,0.0296,1,1.0,0,0.0,455.56,468.0,130.12,244.0,654.0,RAS
s0123,rib_left_12,1,0.9596,0.9223,617,29,23,646,640,ok,646,2180.25,0,0.3999,0.2187,0.0747,0.1011,0.0567,0.1127,24057.0,0.0906,1,1.0,0,0.0,440.65,436.5,132.32,238.25,651.75,RAS
s0123,rib_left_2,1,0.9846,0.9697,3654,35,79,3689,3733,ok,3689,12450.38,0,0.3087,0.5466,0.8614,0.176,0.433,0.1737,493006.5,0.0253,2,0.9997,0,0.0,370.69,356.0,134.11,184.0,612.0,RAS
s0123,rib_left_3,1,0.9857,0.9717,4951,66,78,5017,5029,ok,5017,16932.38,0,0.2711,0.5321,0.7805,0.2135,0.5361,0.2629,1120392.0,0.0151,1,1.0,0,0.0,382.49,378.0,155.76,129.8,643.0,RAS
s0123,rib_left_4,1,0.9829,0.9664,5491,61,130,5552,5621,ok,5552,18738.0,0,0.2481,0.5088,0.6982,0.2285,0.5928,0.3099,1562591.25,0.012,1,1.0,0,0.0,369.41,366.0,147.42,123.0,614.0,RAS
s0123,rib_left_5,1,0.9778,0.9565,6905,91,223,6996,7128,ok,6996,23611.5,0,0.2356,0.5203,0.6011,0.2472,0.634,0.3568,2082267.0,0.0113,1,1.0,0,0.0,389.81,381.0,176.53,102.0,698.0,RAS
s0123,rib_left_6,1,0.9783,0.9575,7206,51,269,7257,7475,ok,7257,24492.38,0,0.2204,0.4866,0.5283,0.2547,0.6495,0.4038,2486862.0,0.0098,1,1.0,0,0.0,380.78,372.0,184.48,80.0,704.0,RAS
s0123,rib_left_7,1,0.9871,0.9745,7274,61,129,7335,7403,ok,7335,24755.62,0,0.2174,0.4405,0.46,0.2659,0.6289,0.4085,2543379.75,0.0097,1,1.0,0,0.0,372.11,361.0,178.26,90.0,681.0,RAS
s0123,rib_left_8,1,0.9824,0.9653,6235,82,142,6317,6377,ok,6317,21319.88,0,0.21,0.3868,0.3721,0.2959,0.5876,0.446,2887548.75,0.0074,1,1.0,0,0.0,403.14,398.0,156.02,150.0,668.0,RAS
s0123,rib_left_9,1,0.9694,0.9407,5663,281,76,5944,5739,ok,5944,20061.0,0,0.2083,0.33,0.2949,0.3258,0.5258,0.4085,2605628.25,0.0077,1,1.0,0,0.0,415.28,409.0,158.83,166.15,669.0,RAS
s0123,rib_right_1,1,0.9657,0.9337,3042,28,188,3070,3230,ok,3070,10361.25,0,0.6398,0.6177,0.8872,0.0974,0.3144,0.1502,171288.0,0.0605,2,0.9997,0,0.0,348.95,333.0,171.53,106.45,667.55,RAS
s0123,rib_right_10,1,0.9876,0.9755,4697,65,53,4762,4750,ok,4762,16071.75,0,0.7761,0.275,0.1875,0.3146,0.4072,0.338,1612548.0,0.01,1,1.0,0,0.0,387.96,386.0,138.44,161.0,607.95,RAS
s0123,rib_right_11,1,0.9838,0.9681,2213,17,56,2230,2269,ok,2230,7526.25,0,0.7041,0.1981,0.1298,0.2397,0.1289,0.2347,270000.0,0.0279,1,1.0,0,0.0,439.63,436.5,124.19,249.45,638.0,RAS
s0123,rib_right_12,1,0.9686,0.9392,602,16,23,618,625,ok,618,2085.75,0,0.6226,0.2153,0.0659,0.0936,0.0515,0.108,19406.25,0.1075,1,1.0,0,0.0,429.94,424.0,126.05,250.8,637.2,RAS
s0123,rib_right_2,1,0.983,0.9665,3518,51,71,3569,3589,ok,3569,12045.38,0,0.6962,0.5618,0.8678,0.1685,0.433,0.1972,535815.0,0.0225,1,1.0,0,0.0,376.47,360.0,132.51,187.4,623.0,RAS
s0123,rib_right_3,1,0.9866,0.9736,4544,55,68,4599,4612,ok,4599,15521.62,0,0.728,0.5462,0.7924,0.2135,0.5206,0.2676,1107502.88,0.014,1,1.0,0,0.0,357.82,356.0,133.24,147.0,580.1,RAS
s0123,rib_right_4,1,0.9782,0.9572,5910,146,118,6056,6028,ok,6056,20439.0,0,0.7477,0.5352,0.7071,0.236,0.5979,0.3052,1603192.5,0.0127,1,1.0,0,0.0,375.88,368.0,161.24,121.75,660.0,RAS
s0123,rib_right_5,1,0.985,0.9704,7124,84,133,7208,7257,ok,7208,24327.0,0,0.7661,0.5092,0.6264,0.2472,0.6392,0.3427,2016333.0,0.0121,1,1.0,0,0.0,390.93,380.0,168.06,125.0,688.65,RAS
s0123,rib_right_6,1,0.9877,0.9757,7341,74,109,7415,7450,ok,7415,25025.62,0,0.7813,0.4606,0.5572,0.2509,0.6392,0.3568,2131002.0,0.0117,3,0.9996,0,0.0,390.19,372.0,183.1,111.7,715.3,RAS
s0123,rib_right_7,1,0.985,0.9705,7400,59,166,7459,7566,ok,7459,25174.12,0,0.7904,0.4353,0.472,0.2734,0.6392,0.3991,2596792.5,0.0097,1,1.0,0,0.0,369.15,359.0,173.2,101.9,677.0,RAS
s0123,rib_right_8,1,0.9909,0.9819,6414,32,86,6446,6500,ok,6446,21755.25,0,0.797,0.3852,0.3769,0.3034,0.5979,0.3944,2663766.0,0.0082,1,1.0,0,0.0,394.25,385.0,149.09,166.25,651.0,RAS
s0123,rib_right_9,1,0.9865,0.9734,5847,55,105,5902,5952,ok,5902,19919.25,0,0.7962,0.3291,0.2857,0.3184,0.5412,0.3756,2409750.0,0.0083,1,1.0,0,0.0,377.65,378.0,137.39,152.0,599.95,RAS
s0123,scapula_left,1,0.9806,0.962,32778,422,874,33200,33652,ok,33200,112050.0,0,0.1697,0.3579,0.7795,0.2809,0.3454,0.5352,1933368.75,0.058,1,1.0,0,0.0,373.01,317.0,242.58,61.0,874.0,RAS
s0123,scapula_right,1,0.9755,0.9522,31166,458,1105,31624,32271,ok,31624,106731.0,0,0.8383,0.3676,0.7795,0.2434,0.3608,0.5258,1719900.0,0.0621,1,1.0,0,0.0,379.58,323.0,247.19,66.0,886.85,RAS
s0123,skull,0,0.8678,0.7665,594,56,125,650,719,ok,650,2193.75,0,0.5116,0.9552,0.9659,0.4232,0.1856,0.0282,82377.0,0.0266,2,0.9954,1,0.0,989.09,1072.5,415.65,268.15,1459.0,RAS
s0123,small_bowel,0,0.9008,0.8195,15438,1018,2383,16456,17821,ok,16456,55539.0,0,0.3195,0.6259,0.0484,0.2921,0.2113,0.0657,151105.5,0.3676,1,1.0,0,0.0,120.94,119.0,60.98,36.0,217.0,RAS
s0123,spinal_cord,1,0.9658,0.9338,12696,749,151,13445,12847,ok,13445,45376.88,0,0.5059,0.2983,0.4818,0.0562,0.2732,0.9531,544674.38,0.0833,1,1.0,0,0.0,20.74,21.0,26.79,-24.0,61.0,RAS
s0123,spleen,1,0.9944,0.9888,95054,540,537,95594,95591,ok,95594,322629.75,0,0.244,0.3558,0.135,0.2622,0.3711,0.2723,986580.0,0.327,1,1.0,0,0.0,93.02,95.0,20.11,58.0,116.0,RAS
s0123,sternum,1,0.9666,0.9353,19183,914,412,20097,19595,ok,20097,67827.38,0,0.4973,0.8168,0.6735,0.1498,0.1443,0.5822,468720.0,0.1447,1,1.0,0,0.0,190.05,189.0,117.97,5.0,392.0,RAS
s0123,stomach,1,0.97,0.9417,168744,8900,1545,177644,170289,ok,177644,599548.5,0,0.401,0.6588,0.1592,0.4232,0.5773,0.3052,2776410.0,0.2159,1,1.0,1,0.0001,-48.05,62.0,293.24,-963.0,120.0,RAS
s0123,subclavian_artery_left,1,0.9537,0.9115,3469,126,211,3595,3680,ok,3595,12133.12,0,0.4046,0.553,0.8603,0.2434,0.1392,0.1831,231001.88,0.0525,1,1.0,0,0.0,172.3,176.0,69.65,52.7,271.3,RAS
s0123,subclavian_artery_right,0,0.9332,0.8747,2974,285,141,3259,3115,ok,3259,10999.12,0,0.6338,0.597,0.8884,0.1985,0.1237,0.1455,133083.0,0.0826,1,1.0,0,0.0,164.6,180.0,55.69,55.9,230.0,RAS
s0123,superior_vena_cava,1,0.9508,0.9062,6637,103,584,6740,7221,ok,6740,22747.5,0,0.5529,0.618,0.6181,0.0562,0.0979,0.2629,53865.0,0.4223,1,1.0,0,0.0,445.91,428.0,190.32,178.0,787.0,RAS
s0123,thyroid_gland,0,0.923,0.8571,4053,339,337,4392,4390,ok,4392,14823.0,0,0.5092,0.6387,0.8858,0.1498,0.1134,0.1174,74250.0,0.1996,1,1.0,0,0.0,107.16,111.0,42.0,29.0,168.0,RAS
s0123,trachea,1,0.978,0.9569,8550,87,298,8637,8848,ok,8637,29149.88,0,0.5202,0.5462,0.7378,0.1985,0.1959,0.3239,469010.25,0.0622,1,1.0,0,0.0,-814.46,-932.0,219.07,-1014.0,-360.0,RAS
s0123,vertebrae_C6,0,0.8274,0.7056,163,68,0,231,163,ok,231,779.62,0,0.505,0.559,0.9675,0.0712,0.0361,0.0188,1795.5,0.4342,1,1.0,0,0.0,339.12,331.0,55.53,249.0,444.0,RAS
s0123,vertebrae_C7,1,0.9575,0.9185,3146,85,194,3231,3340,ok,3231,10904.62,0,0.5033,0.5059,0.9545,0.1648,0.2113,0.061,79150.5,0.1378,1,1.0,0,0.0,389.62,351.0,165.46,188.5,713.0,RAS
s0123,vertebrae_L1,1,0.9684,0.9387,11629,704,56,12333,11685,ok,12333,41623.88,0,0.5127,0.3101,0.0612,0.1498,0.268,0.0939,140400.0,0.2965,1,1.0,0,0.0,274.47,199.0,200.08,111.0,756.4,RAS
s0123,vertebrae_T1,1,0.9874,0.9751,7122,90,92,7212,7214,ok,7212,24340.5,0,0.5039,0.4521,0.9202,0.2022,0.2526,0.1127,214326.0,0.1136,1,1.0,0,0.0,361.94,320.0,172.67,143.55,707.45,RAS
s0123,vertebrae_T10,1,0.9929,0.986,11172,81,78,11253,11250,ok,11253,37978.88,0,0.5034,0.2796,0.3227,0.1311,0.268,0.1549,202702.5,0.1874,1,1.0,0,0.0,311.59,271.0,158.25,130.0,638.0,RAS
s0123,vertebrae_T11,1,0.9904,0.981,11670,93,133,11763,11803,ok,11763,39700.12,0,0.5035,0.2847,0.242,0.1311,0.2629,0.1362,174706.88,0.2272,1,1.0,0,0.0,295.26,256.0,155.88,125.0,619.0,RAS
s0123,vertebrae_T12,1,0.9925,0.9851,12982,66,131,13048,13113,ok,13048,44037.0,0,0.507,0.2882,0.1513,0.1273,0.268,0.1455,184977.0,0.2381,1,1.0,0,0.0,282.09,232.0,166.72,115.0,631.0,RAS
s0123,vertebrae_T2,1,0.9724,0.9462,7142,337,69,7479,7211,ok,7479,25241.62,0,0.5024,0.4194,0.8648,0.1873,0.268,0.1315,245700.0,0.1027,1,1.0,0,0.0,352.4,316.0,166.05,136.9,670.0,RAS
s0123,vertebrae_T3,1,0.9574,0.9184,6649,257,334,6906,6983,ok,6906,23307.75,0,0.5056,0.3795,0.8094,0.1648,0.2629,0.1315,212058.0,0.1099,1,1.0,0,0.0,360.46,331.0,174.83,118.25,702.75,RAS
s0123,vertebrae_T4,1,0.972,0.9454,6965,157,245,7122,7210,ok,7122,24036.75,0,0.5095,0.3466,0.7551,0.1648,0.2629,0.1221,196911.0,0.1221,1,1.0,0,0.0,340.71,308.0,159.22,135.0,663.95,RAS
s0123,vertebrae_T5,1,0.9859,0.9722,7704,84,136,7788,7840,ok,7788,26284.5,0,0.5107,0.3113,0.6941,0.1685,0.2526,0.1549,245581.88,0.107,1,1.0,0,0.0,317.05,274.0,163.81,129.0,667.0,RAS
s0123,vertebrae_T6,1,0.9893,0.9789,8266,76,102,8342,8368,ok,8342,28154.25,0,0.5108,0.2825,0.6262,0.176,0.2526,0.169,279814.5,0.1006,1,1.0,0,0.0,324.8,278.0,172.41,133.0,678.0,RAS
s0123,vertebrae_T7,1,0.9908,0.9818,9209,56,115,9265,9324,ok,9265,31269.38,0,0.508,0.2701,0.5531,0.176,0.2423,0.1831,290759.62,0.1075,1,1.0,0,0.0,315.53,269.0,160.8,137.0,644.0,RAS
s0123,vertebrae_T8,1,0.9927,0.9855,9548,75,65,9623,9613,ok,9623,32477.62,0,0.5054,0.2687,0.4769,0.1648,0.2526,0.1784,276507.0,0.1175,1,1.0,0,0.0,305.04,261.0,155.47,133.0,629.9,RAS
s0123,vertebrae_T9,1,0.9914,0.983,10096,92,83,10188,10179,ok,10188,34384.5,0,0.5044,0.2722,0.3995,0.1498,0.2526,0.1737,244755.0,0.1405,1,1.0,0,0.0,300.43,264.0,149.5,127.0,603.0,RAS
s0095,adrenal_gland_left,0,0.9213,0.8541,3045,111,409,3156,3454,ok,3156,10651.5,0,0.3089,0.4784,0.5461,0.1176,0.1176,0.0896,84415.5,0.1262,1,1.0,0,0.0,39.7,38.0,138.95,-187.25,266.25,RAS
s0095,adrenal_gland_right,0,0.8876,0.798,1568,185,212,1753,1780,ok,1753,5916.38,0,0.6018,0.4385,0.5706,0.095,0.1493,0.0484,46777.5,0.1265,1,1.0,0,0.0,16.72,18.0,128.71,-205.4,228.4,RAS
s0095,aorta,1,0.9893,0.9788,133453,881,2014,134334,135467,ok,134334,453377.25,0,0.4347,0.4235,0.7275,0.3348,0.4208,0.5738,5504740.0,0.0824,2,1.0,0,0.0,235.56,243.0,104.37,51.0,390.0,RAS
s0095,atrial_appendage_left,1,0.966,0.9343,1706,70,50,1776,1756,ok,1776,5994.0,0,0.4061,0.4967,0.786,0.086,0.095,0.0315,17506.12,0.3424,1,1.0,0,0.0,150.25,144.0,108.04,-19.0,333.0,RAS
s0095,autochthon_left,1,0.9762,0.9535,176257,4761,3844,181018,180101,ok,181018,610935.75,0,0.3548,0.1255,0.5255,0.2624,0.3032,0.8136,4406724.0,0.1386,1,1.0,1,0.0026,-24.81,-25.0,128.06,-234.0,187.0,RAS
s0095,autochthon_right,1,0.9698,0.9414,178013,3412,7663,181425,185676,ok,181425,612309.38,0,0.556,0.1215,0.5441,0.2534,0.3122,0.8087,4355694.0,0.1406,1,1.0,1,0.0028,-29.55,-30.0,125.88,-235.0,178.0,RAS
s0095,brachiocephalic_trunk,1,0.9638,0.9301,2783,145,64,2928,2847,ok,2928,9882.0,0,0.5444,0.5828,0.9145,0.1357,0.0905,0.0412,34425.0,0.2871,1,1.0,0,0.0,225.01,232.0,94.61,60.0,370.0,RAS
s0095,brachiocephalic_vein_left,1,0.9765,0.9541,5487,187,77,5674,5564,ok,5674,19149.75,0,0.5128,0.6118,0.8974,0.2081,0.1041,0.0678,99981.0,0.1915,1,1.0,0,0.0,70.15,71.0,72.14,-47.0,185.0,RAS
s0095,brachiocephalic_vein_right,0,0.9423,0.891,1569,150,42,1719,1611,ok,1719,5801.62,0,0.6239,0.5643,0.9067,0.0814,0.0724,0.0508,20412.0,0.2842,1,1.0,0,0.0,86.95,95.0,104.04,-54.1,222.1,RAS
s0095,clavicula_left,1,0.9854,0.9712,6715,108,91,6823,6806,ok,6823,23027.62,0,0.3843,0.6207,0.9618,0.2353,0.2398,0.0847,325552.5,0.0707,1,1.0,1,0.0265,336.29,236.0,381.26,-109.0,1152.7,RAS
s0095,clavicula_right,1,0.9816,0.9638,5910,32,190,5942,6100,ok,5942,20054.25,0,0.6636,0.6019,0.9645,0.1629,0.2353,0.0823,214812.0,0.0934,1,1.0,1,0.0298,313.86,213.0,365.38,-126.95,1037.0,RAS
s0095,colon,0,0.9442,0.8942,301789,27434,8262,329223,310051,ok,329223,1111127.62,0,0.5305,0.6456,0.4345,1.0,0.7466,0.5666,28798234.0,0.0386,3,1.0,1,0.0038,-124.9,-77.0,234.59,-672.0,153.0,RAS
s0095,common_carotid_artery_left,0,0.9018,0.8212,1272,12,265,1284,1537,ok,1284,4333.5,0,0.4603,0.5334,0.934,0.0724,0.0905,0.1041,46440.0,0.0933,2,0.8435,1,0.0195,204.57,217.5,107.29,12.15,362.0,RAS
s0095,common_carotid_artery_right,1,0.9512,0.907,1004,68,35,1072,1039,ok,1072,3618.0,0,0.6105,0.5553,0.9568,0.0543,0.0814,0.0775,23328.0,0.1551,1,1.0,1,0.0308,208.86,211.0,107.72,30.1,387.0,RAS
s0095,costal_cartilages,0,0.9009,0.8197,45469,5784,4214,51253,49683,ok,51253,172978.88,0,0.5182,0.8768,0.7202,0.7466,0.3394,0.3414,5888953.0,0.0294,31,0.339,0,0.0,113.76,105.0,109.36,-36.0,281.0,RAS
s0095,duodenum,0,0.8684,0.7673,17150,4423,777,21573,17927,ok,21573,72808.88,0,0.5327,0.5597,0.4857,0.3801,0.181,0.1671,782460.0,0.0931,1,1.0,0,0.0,40.31,43.0,138.19,-191.0,263.0,RAS
s0095,esophagus,1,0.9597,0.9224,13631,715,431,14346,14062,ok,14346,48417.75,0,0.4525,0.4111,0.7793,0.1584,0.1991,0.3487,748440.0,0.0647,1,1.0,0,0.0,24.42,26.0,88.85,-118.0,163.0,RAS
s0095,femur_left,1,0.991,0.9821,58662,624,443,59286,59105,ok,59286,200090.25,0,0.1528,0.4025,0.069,0.3032,0.2353,0.1429,693751.5,0.2884,1,1.0,1,0.0132,210.8,143.0,297.62,-111.0,879.0,RAS
s0095,femur_right,1,0.9803,0.9613,51353,1909,160,53262,51513,ok,53262,179759.25,0,0.849,0.3582,0.0717,0.2579,0.2443,0.1429,612906.75,0.2933,1,1.0,1,0.013,189.93,131.0,277.98,-123.0,771.0,RAS
s0095,gallbladder,0,0.5779,0.4064,2001,2911,12,4912,2013,ok,4912,16578.0,0,0.8378,0.6666,0.5813,0.2443,0.1538,0.046,117733.5,0.1408,1,1.0,0,0.0,9.32,8.0,136.16,-210.0,234.45,RAS
s0095,gluteus_maximus_left,1,0.9765,0.9541,146940,1531,5538,148471,152478,ok,148471,501089.62,0,0.2436,0.1566,0.0982,0.3575,0.2262,0.2809,1546425.0,0.324,1,1.0,1,0.0145,-10.1,-10.0,102.43,-179.0,158.0,RAS
s0095,gluteus_maximus_right,1,0.9687,0.9393,148732,4001,5608,152733,154340,ok,152733,515473.88,0,0.7243,0.1341,0.112,0.3756,0.1946,0.2954,1469535.75,0.3508,1,1.0,1,0.0129,-12.71,-11.0,108.12,-185.0,160.0,RAS
s0095,gluteus_medius_left,1,0.9692,0.9401,76481,2168,2701,78649,79182,ok,78649,265440.38,0,0.1026,0.317,0.2278,0.2398,0.3439,0.23,1291477.5,0.2055,1,1.0,0,0.0,17.38,19.0,99.13,-149.0,177.0,RAS
s0095,gluteus_medius_right,1,0.958,0.9194,66485,2382,3445,68867,69930,ok,68867,232426.12,0,0.8695,0.2719,0.2478,0.2986,0.3077,0.247,1544994.0,0.1504,1,1.0,0,0.0,10.51,14.0,113.74,-158.0,180.0,RAS
s0095,gluteus_minimus_left,1,0.969,0.9399,22490,752,685,23242,23175,ok,23242,78441.75,0,0.119,0.415,0.1754,0.1448,0.2353,0.1356,314496.0,0.2494,1,1.0,0,0.0,22.26,24.0,96.87,-141.0,176.0,RAS
s0095,gluteus_minimus_right,1,0.9663,0.9348,26552,1158,693,27710,27245,ok,27710,93521.25,0,0.8795,0.3627,0.1877,0.1765,0.2217,0.1743,464373.0,0.2014,1,1.0,0,0.0,22.12,23.0,103.0,-149.0,191.0,RAS
s0095,heart,1,0.9641,0.9307,242664,6291,11782,248955,254446,ok,248955,840223.12,0,0.4347,0.6226,0.7352,0.4253,0.5158,0.1792,2676321.0,0.3139,3,1.0,0,0.0,120.75,112.0,102.72,-34.0,302.0,RAS
s0095,hip_left,1,0.9861,0.9725,146508,1977,2162,148485,148670,ok,148485,501136.88,0,0.2602,0.3553,0.1774,0.4977,0.5023,0.3608,6140104.0,0.0816,1,1.0,1,0.0032,243.63,164.0,299.09,-101.0,883.0,RAS
s0095,hip_right,1,0.9875,0.9753,149049,1328,2451,150377,151500,ok,150377,507522.38,0,0.7323,0.3272,0.1841,0.4434,0.5204,0.3656,5743474.0,0.0884,1,1.0,1,0.0032,249.25,167.0,306.85,-101.0,905.0,RAS
s0095,humerus_left,1,0.9751,0.9515,11829,220,383,12049,12212,ok,12049,40665.38,0,0.0435,0.4433,0.9757,0.1086,0.2217,0.0581,95256.0,0.4269,1,1.0,1,0.0778,75.12,67.0,239.3,-272.0,469.0,RAS
s0095,humerus_right,1,0.9603,0.9236,6539,134,407,6673,6946,ok,6673,22521.38,0,0.9364,0.357,0.9809,0.1131,0.1674,0.0484,62437.5,0.3607,1,1.0,1,0.0754,53.31,41.0,186.99,-236.0,391.0,RAS
s0095,iliac_artery_left,1,0.9586,0.9206,8391,605,119,8996,8510,ok,8996,30361.5,0,0.3209,0.5001,0.2172,0.181,0.2127,0.2833,742365.0,0.0409,1,1.0,0,0.0,222.33,221.0,106.58,58.0,384.0,RAS
s0095,iliac_artery_right,1,0.9666,0.9353,12474,634,229,13108,12703,ok,13108,44239.5,0,0.5939,0.4809,0.2302,0.3891,0.2172,0.2906,1671840.0,0.0265,1,1.0,0,0.0,226.97,222.0,101.02,76.0,387.0,RAS
s0095,iliac_vena_left,1,0.9491,0.9032,12413,459,872,12872,13285,ok,12872,43443.0,0,0.3543,0.4797,0.198,0.2172,0.2715,0.2785,1117800.0,0.0389,1,1.0,0,0.0,51.34,51.0,81.66,-80.0,184.0,RAS
s0095,iliac_vena_right,1,0.9566,0.9168,11483,579,463,12062,11946,ok,12062,40709.25,0,0.628,0.4542,0.2069,0.2805,0.2398,0.2785,1275378.75,0.0319,1,1.0,0,0.0,52.45,53.0,82.2,-84.0,187.0,RAS
s0095,iliopsoas_left,1,0.9749,0.9511,110491,2274,3407,112765,113898,ok,112765,380581.88,0,0.2395,0.4243,0.2587,0.2715,0.3665,0.5182,3510135.0,0.1084,1,1.0,1,0.0005,42.71,44.0,101.94,-124.0,201.0,RAS
s0095,iliopsoas_right,1,0.9776,0.9561,108472,3005,1976,111477,110448,ok,111477,376234.88,0,0.706,0.3898,0.2671,0.3756,0.3258,0.5182,4316166.0,0.0872,1,1.0,1,0.0,41.65,43.0,103.6,-130.0,205.0,RAS
s0095,inferior_vena_cava,0,0.9091,0.8333,19575,1714,2202,21289,21777,ok,21289,71850.38,0,0.5348,0.4923,0.5372,0.1629,0.1312,0.3753,546142.5,0.1316,1,1.0,0,0.0,61.3,63.0,114.71,-130.0,247.0,RAS
s0095,kidney_left,1,0.9782,0.9573,77498,542,2914,78040,80412,ok,78040,263385.0,0,0.1554,0.4276,0.4697,0.2308,0.2579,0.201,814323.38,0.3234,1,1.0,0,0.0,70.65,70.0,134.17,-149.0,289.0,RAS
s0095,kidney_right,1,0.9879,0.9761,83802,523,1525,84325,85327,ok,84325,284596.88,0,0.7131,0.3869,0.4664,0.2308,0.2489,0.201,785750.62,0.3622,1,1.0,0,0.0,69.17,69.0,134.96,-153.0,288.0,RAS
s0095,liver,1,0.9811,0.9629,612694,17537,6067,630231,618761,ok,630231,2127029.5,0,0.7318,0.5504,0.6133,0.7104,0.7602,0.23,8456805.0,0.2515,2,1.0,1,0.001,43.18,44.0,119.23,-153.0,238.0,RAS
s0095,lung_lower_lobe_left,1,0.9853,0.9711,443934,3789,9426,447723,453360,ok,447723,1511065.12,0,0.2093,0.3183,0.7225,0.4163,0.6697,0.4213,7995996.0,0.189,12,1.0,1,0.0023,-746.46,-789.0,172.63,-901.0,-429.0,RAS
s0095,lung_lower_lobe_right,1,0.9895,0.9792,388443,5179,3062,393622,391505,ok,393622,1328474.25,0,0.673,0.2669,0.7103,0.5611,0.6968,0.339,9022860.0,0.1472,25,0.9997,1,0.0001,-729.71,-780.0,185.05,-895.0,-368.0,RAS
s0095,lung_middle_lobe_right,1,0.974,0.9493,171619,4561,4596,176180,176215,ok,176180,594607.5,0,0.7829,0.5699,0.7326,0.448,0.6199,0.138,2609182.0,0.2279,3,1.0,0,0.0,-788.74,-834.0,166.67,-924.0,-477.0,RAS
s0095,lung_upper_lobe_left,1,0.9954,0.9909,422575,1805,2069,424380,424644,ok,424380,1432282.5,0,0.2741,0.5829,0.8153,0.4661,0.6109,0.385,7461770.5,0.1919,2,1.0,0,0.0,-790.7,-830.0,159.75,-925.0,-510.0,RAS
s0095,lung_upper_lobe_right,1,0.9925,0.9851,406723,1591,4574,408314,411297,ok,408314,1378059.75,0,0.704,0.4957,0.8483,0.4118,0.7149,0.2591,5192255.0,0.2654,4,1.0,0,0.0,-786.0,-826.0,163.75,-923.0,-502.0,RAS
s0095,pancreas,0,0.9329,0.8742,25525,953,2719,26478,28244,ok,26478,89363.25,0,0.4227,0.5816,0.5437,0.448,0.1946,0.1283,761470.88,0.1174,2,0.9999,0,0.0,42.08,42.0,143.96,-193.0,280.0,RAS
s0095,portal_vein_and_splenic_vein,0,0.8497,0.7387,5138,812,1005,5950,6143,ok,5950,20081.25,0,0.4908,0.5598,0.5686,0.5113,0.2262,0.0847,667406.25,0.0301,3,0.9575,0,0.0,102.83,99.0,143.51,-131.0,343.0,RAS
s0095,prostate,0,0.8981,0.8151,10225,1225,1095,11450,11320,ok,11450,38643.75,0,0.5009,0.3796,0.0659,0.1493,0.1176,0.0605,72393.75,0.5338,1,1.0,0,0.0,40.74,34.0,110.15,-103.0,184.0,RAS
s0095,pulmonary_vein,1,0.9606,0.9243,10957,501,397,11458,11354,ok,11458,38670.75,0,0.4622,0.4095,0.7557,0.4163,0.181,0.1162,596160.0,0.0649,3,0.5788,0,0.0,192.28,204.0,109.93,6.0,343.0,RAS
s0095,rib_left_1,1,0.9574,0.9183,2778,149,98,2927,2876,ok,2927,9878.62,0,0.3505,0.5783,0.9415,0.1222,0.2941,0.0969,236925.0,0.0417,3,0.9983,1,0.0051,277.26,262.0,212.15,-26.0,639.0,RAS
s0095,rib_left_10,1,0.9676,0.9372,1000,24,43,1024,1043,ok,1024,3456.0,0,0.2684,0.0955,0.6859,0.1267,0.0543,0.046,21546.0,0.1604,1,1.0,0,0.0,220.41,190.0,248.25,-134.0,674.4,RAS
s0095,rib_left_11,0,0.7574,0.6096,1424,898,14,2322,1438,ok,2322,7836.75,0,0.2237,0.1258,0.5836,0.2398,0.1357,0.1937,429300.0,0.0183,3,0.6473,0,0.0,266.42,250.5,247.36,-100.95,708.9,RAS
s0095,rib_left_12,0,0.7556,0.6072,1586,126,900,1712,2486,ok,1712,5778.0,0,0.2646,0.137,0.5542,0.1765,0.0769,0.0993,91742.62,0.063,2,0.972,0,0.0,240.79,233.5,246.93,-124.0,649.9,RAS
s0095,rib_left_2,1,0.9713,0.9442,4265,203,49,4468,4314,ok,4468,15079.5,0,0.2709,0.503,0.9418,0.1855,0.4027,0.1186,603453.38,0.025,1,1.0,1,0.0004,205.5,198.0,179.56,-66.65,511.65,RAS
s0095,rib_left_3,1,0.9609,0.9248,3787,255,53,4042,3840,ok,4042,13641.75,0,0.2054,0.4552,0.9165,0.2081,0.5249,0.1283,954477.0,0.0143,4,0.9871,0,0.0,131.19,123.0,167.23,-119.0,415.0,RAS
s0095,rib_left_4,1,0.9732,0.9479,6707,202,167,6909,6874,ok,6909,23317.88,0,0.1763,0.462,0.8727,0.2308,0.6561,0.1719,1772026.88,0.0132,3,0.9826,0,0.0,161.89,153.0,185.71,-116.0,481.0,RAS
s0095,rib_left_5,1,0.9721,0.9457,7639,256,183,7895,7822,ok,7895,26645.62,0,0.156,0.4859,0.824,0.2353,0.7421,0.1913,2273778.0,0.0117,2,0.9568,0,0.0,149.51,133.0,199.35,-139.0,492.0,RAS
s0095,rib_left_6,1,0.9708,0.9432,8583,190,327,8773,8910,ok,8773,29608.88,0,0.1342,0.4492,0.789,0.2534,0.7873,0.2107,2861082.0,0.0103,5,0.9995,0,0.0,201.63,162.0,236.29,-120.0,631.4,RAS
s0095,rib_left_7,1,0.9731,0.9476,10093,343,215,10436,10308,ok,10436,35221.5,0,0.1095,0.4363,0.7469,0.2715,0.7557,0.2179,3043575.0,0.0116,1,1.0,0,0.0,245.51,199.0,284.11,-121.0,785.0,RAS
s0095,rib_left_8,1,0.9675,0.9371,6002,279,124,6281,6126,ok,6281,21198.38,0,0.0836,0.3865,0.7121,0.3077,0.6833,0.1961,2807014.5,0.0076,10,0.7887,1,0.0,232.35,192.0,290.49,-145.0,790.0,RAS
s0095,rib_left_9,1,0.9575,0.9185,868,58,19,926,887,ok,926,3125.25,0,0.2683,0.0917,0.732,0.1131,0.0498,0.0266,10209.38,0.3061,1,1.0,0,0.0,191.66,146.5,258.68,-146.75,692.75,RAS
s0095,rib_right_1,1,0.9623,0.9274,3638,106,179,3744,3817,ok,3744,12636.0,0,0.6858,0.5444,0.9407,0.1222,0.3213,0.0993,265264.88,0.0476,1,1.0,1,0.0088,400.57,370.0,261.28,31.0,895.0,RAS
s0095,rib_right_10,0,0.0068,0.0034,25,3361,3964,3386,3989,low_dice,3386,11427.75,0,0.7087,0.1031,0.6123,0.3756,0.19,0.1162,564732.0,0.0202,5,0.9923,0,0.0,333.98,297.0,314.79,-113.0,911.0,RAS
s0095,rib_right_11,0,0.0,0.0,0,3290,3379,3290,3379,low_dice,3290,11103.75,0,0.7082,0.1445,0.5231,0.3575,0.1855,0.1816,819871.88,0.0135,2,0.7036,0,0.0,260.5,247.0,253.1,-119.0,705.0,RAS
s0095,rib_right_12,0,0.1311,0.0701,272,76,3530,348,3802,low_dice,348,1174.5,0,0.691,0.1546,0.5036,0.2308,0.0724,0.0436,49572.0,0.0237,2,0.5517,0,0.0,266.43,269.0,233.1,-88.8,667.6,RAS
s0095,rib_right_2,1,0.9611,0.925,4010,291,34,4301,4044,ok,4301,14515.88,0,0.7452,0.4491,0.9381,0.2308,0.4027,0.1138,719998.88,0.0202,4,0.9947,1,0.0,205.07,198.0,174.63,-52.0,499.0,RAS
s0095,rib_right_3,0,0.9418,0.8899,3541,383,55,3924,3596,ok,3924,13243.5,0,0.7923,0.409,0.9084,0.2896,0.5204,0.1259,1291680.0,0.0103,8,0.9931,0,0.0,139.56,134.0,166.09,-113.0,415.0,RAS
s0095,rib_right_4,1,0.9559,0.9156,6966,560,82,7526,7048,ok,7526,25400.25,0,0.8146,0.4319,0.862,0.3213,0.6742,0.2179,3213371.25,0.0079,3,0.9469,0,0.0,164.65,150.0,197.84,-116.0,514.0,RAS
s0095,rib_right_5,0,0.9008,0.8196,7540,1201,459,8741,7999,ok,8741,29500.88,0,0.8349,0.4289,0.8173,0.3575,0.6787,0.2155,3559443.75,0.0083,14,0.8878,0,0.0,152.61,133.0,193.93,-114.0,489.0,RAS
s0095,rib_right_6,0,0.7521,0.6027,7017,3322,1303,10339,8320,ok,10339,34894.12,0,0.86,0.4039,0.7708,0.3937,0.6561,0.2446,4300138.0,0.0081,2,0.6955,0,0.0,176.34,144.0,227.49,-122.0,587.1,RAS
s0095,rib_right_7,0,0.6545,0.4864,6390,3494,3253,9884,9643,ok,9884,33358.5,0,0.8487,0.2946,0.7503,0.4299,0.6063,0.2131,3780810.0,0.0088,5,0.6581,1,0.0006,229.5,198.0,250.32,-114.0,689.0,RAS
s0095,rib_right_8,0,0.5416,0.3713,4437,3997,3515,8434,7952,ok,8434,28464.75,0,0.7815,0.155,0.7346,0.4344,0.4434,0.1937,2540160.0,0.0112,18,0.5381,1,0.0,250.17,213.0,257.36,-102.0,721.0,RAS
s0095,rib_right_9,0,0.2988,0.1757,1779,3908,4440,5687,6219,low_dice,5687,19193.62,0,0.7438,0.1374,0.6757,0.4344,0.3982,0.1477,1739232.0,0.011,13,0.6845,1,0.0,244.62,198.0,284.0,-134.7,782.0,RAS
s0095,sacrum,1,0.9516,0.9076,80938,4905,3333,85843,84271,ok,85843,289720.12,0,0.4803,0.2007,0.2269,0.4344,0.3213,0.2639,2507436.0,0.1155,57,0.9955,0,0.0,108.88,72.0,226.18,-187.0,541.0,RAS
s0095,scapula_left,1,0.9498,0.9045,17906,1347,544,19253,18450,ok,19253,64978.88,0,0.1072,0.2887,0.9509,0.2624,0.3394,0.1308,792787.5,0.082,4,0.9997,1,0.0184,335.52,275.0,326.45,-95.0,994.0,RAS
s0095,scapula_right,0,0.9435,0.8931,21846,1417,1198,23263,23044,ok,23263,78512.62,0,0.8383,0.2134,0.9368,0.3032,0.3122,0.2082,1341825.75,0.0585,1,1.0,1,0.0226,287.64,232.0,299.28,-102.0,880.0,RAS
s0095,skull,1,0.9777,0.9564,5948,63,208,6011,6156,ok,6011,20287.12,0,0.5233,0.7935,0.9832,0.2172,0.1222,0.0412,74358.0,0.2728,1,1.0,1,0.0902,575.1,495.0,469.45,-52.0,1382.5,RAS
s0095,small_bowel,1,0.9571,0.9178,357442,16855,15169,374297,372611,ok,374297,1263252.38,0,0.493,0.6685,0.3812,0.8597,0.5113,0.3995,11956106.0,0.1057,3,0.9983,0,0.0,-16.6,0.0,162.18,-243.0,189.0,RAS
s0095,spinal_cord,1,0.9623,0.9273,28157,1067,1142,29224,29299,ok,29224,98631.0,0,0.4585,0.2186,0.6114,0.1176,0.3032,0.7651,1857843.0,0.0531,1,1.0,1,0.0044,-1.25,0.0,122.02,-204.0,195.0,RAS
s0095,spleen,1,0.9547,0.9133,37680,3374,201,41054,37881,ok,41054,138557.25,0,0.1296,0.3264,0.5947,0.2624,0.2579,0.1065,490941.0,0.2822,1,1.0,0,0.0,75.35,72.0,139.66,-148.0,309.0,RAS
s0095,sternum,1,0.9588,0.9208,27000,140,2181,27140,29181,ok,27140,91597.5,0,0.5426,0.8224,0.8242,0.1946,0.2624,0.3148,1094242.5,0.0837,1,1.0,0,0.0,169.81,144.0,193.18,-96.0,518.0,RAS
s0095,stomach,1,0.9735,0.9483,56053,1685,1371,57738,57424,ok,57738,194865.75,0,0.3736,0.6844,0.6025,0.3665,0.4796,0.092,1101154.5,0.177,1,1.0,0,0.0,-47.97,10.0,261.93,-800.0,229.0,RAS
s0095,subclavian_artery_left,1,0.9643,0.931,4559,29,309,4588,4868,ok,4588,15484.5,0,0.3799,0.5125,0.9427,0.3032,0.1403,0.0799,231325.88,0.0669,1,1.0,0,0.0,193.94,197.0,119.15,-5.0,373.0,RAS
s0095,subclavian_artery_right,1,0.9659,0.9341,3811,79,190,3890,4001,ok,3890,13128.75,0,0.6708,0.5137,0.9471,0.2398,0.1403,0.063,144173.25,0.0911,1,1.0,0,0.0,202.06,206.0,110.91,13.0,376.55,RAS
s0095,superior_vena_cava,1,0.9845,0.9694,10847,125,217,10972,11064,ok,10972,37030.5,0,0.6,0.5089,0.8256,0.0995,0.1448,0.1453,142560.0,0.2598,1,1.0,0,0.0,92.69,94.0,68.36,-13.0,197.0,RAS
s0095,thyroid_gland,0,0.9189,0.8499,4768,560,282,5328,5050,ok,5328,17982.0,0,0.5301,0.5742,0.951,0.1719,0.1131,0.0726,96187.5,0.1869,2,0.5428,0,0.0,143.93,144.0,104.94,-30.0,318.0,RAS
s0095,trachea,1,0.9815,0.9637,11843,183,263,12026,12106,ok,12026,40587.75,0,0.5094,0.4403,0.871,0.3032,0.2353,0.1985,964197.0,0.0421,2,0.9994,0,0.0,-852.03,-907.0,177.91,-992.0,-408.0,RAS
s0095,urinary_bladder,1,0.9737,0.9487,84213,2826,1724,87039,85937,ok,87039,293756.62,0,0.5211,0.4622,0.1291,0.267,0.3122,0.0993,563324.62,0.5215,1,1.0,0,0.0,3.39,4.0,76.23,-123.0,127.0,RAS
s0095,vertebrae_C6,0,0.0,0.0,0,0,20,0,20,miss,0,0.0,1,,,,0.0,0.0,0.0,0.0,0.0,0,0.0,0,0.0,,,,,,RAS
s0095,vertebrae_C7,0,0.946,0.8975,1594,176,6,1770,1600,ok,1770,5973.75,0,0.518,0.4678,0.9896,0.1267,0.0905,0.0291,22680.0,0.2634,3,0.9977,1,0.1531,220.12,216.0,135.76,5.9,445.55,RAS
s0095,vertebrae_L1,0,0.1524,0.0825,2037,2781,19875,4818,21912,low_dice,4818,16260.75,0,0.4665,0.2947,0.5094,0.2127,0.3032,0.0605,265696.88,0.0612,14,0.5442,0,0.0,359.88,324.0,258.72,-5.0,842.0,RAS
s0095,vertebrae_L2,0,0.6081,0.4368,10984,7534,6626,18518,17610,ok,18518,62498.25,0,0.4596,0.2819,0.4814,0.267,0.3032,0.0896,493630.88,0.1266,2,0.9996,0,0.0,285.01,239.0,270.09,-75.0,818.0,RAS
s0095,vertebrae_L3,0,0.8688,0.7681,17342,5123,113,22465,17455,ok,22465,75819.38,0,0.4564,0.2973,0.4317,0.3258,0.3077,0.0872,594864.0,0.1275,1,1.0,0,0.0,289.97,258.0,252.85,-66.0,757.0,RAS
s0095,vertebrae_L4,1,0.9825,0.9655,23037,473,349,23510,23386,ok,23510,79346.25,0,0.4552,0.3045,0.3795,0.3032,0.3077,0.0775,492048.0,0.1613,1,1.0,0,0.0,279.86,236.0,268.61,-82.0,797.0,RAS
s0095,vertebrae_L5,1,0.9784,0.9576,24723,730,364,25453,25087,ok,25453,85903.88,0,0.4637,0.3108,0.3302,0.3077,0.3032,0.0993,630436.5,0.1363,3,0.9999,0,0.0,287.47,239.0,270.11,-65.0,821.4,RAS
s0095,vertebrae_S1,0,0.947,0.8994,21913,288,2163,22201,24076,ok,22201,74928.38,0,0.4706,0.2881,0.2872,0.2353,0.2805,0.0969,435240.0,0.1722,1,1.0,0,0.0,242.33,207.0,226.15,-63.0,679.0,RAS
s0095,vertebrae_T1,1,0.969,0.9399,4851,247,63,5098,4914,ok,5098,17205.75,0,0.5065,0.4075,0.9814,0.2308,0.1448,0.0484,110160.0,0.1562,1,1.0,1,0.1047,238.43,222.0,178.09,-22.0,558.0,RAS
s0095,vertebrae_T10,1,0.9705,0.9428,17406,820,237,18226,17643,ok,18226,61512.75,0,0.4445,0.2147,0.6303,0.2217,0.2715,0.0896,367132.5,0.1675,3,0.9998,0,0.0,233.86,188.0,242.97,-70.0,718.0,RAS
s0095,vertebrae_T11,0,0.8309,0.7107,13739,4999,594,18738,14333,ok,18738,63240.75,0,0.4477,0.2429,0.5849,0.19,0.2805,0.0775,281232.0,0.2249,2,0.9999,0,0.0,237.24,203.0,251.72,-108.0,714.15,RAS
s0095,vertebrae_T12,0,0.4482,0.2888,7425,12706,5579,20131,13004,low_dice,20131,67942.12,0,0.4471,0.2631,0.5384,0.19,0.2941,0.0775,294840.0,0.2304,1,1.0,0,0.0,238.99,208.0,250.02,-106.0,711.0,RAS
s0095,vertebrae_T2,1,0.983,0.9666,9046,185,128,9231,9174,ok,9231,31154.62,0,0.4872,0.3448,0.9667,0.2579,0.2036,0.0847,302990.62,0.1028,2,0.9999,1,0.013,310.48,276.0,239.42,-14.0,751.0,RAS
s0095,vertebrae_T3,1,0.9778,0.9567,9534,240,192,9774,9726,ok,9774,32987.25,0,0.4769,0.296,0.9392,0.2308,0.2398,0.0847,319291.88,0.1033,1,1.0,0,0.0,324.47,283.0,280.65,-59.0,864.35,RAS
s0095,vertebrae_T4,1,0.9754,0.952,10483,185,344,10668,10827,ok,10668,36004.5,0,0.4682,0.2533,0.9081,0.2262,0.2805,0.0823,355725.0,0.1012,2,0.9979,0,0.0,260.54,225.0,242.65,-48.0,721.0,RAS
s0095,vertebrae_T5,1,0.9573,0.9181,10311,274,646,10585,10957,ok,10585,35724.38,0,0.4594,0.2199,0.8755,0.2217,0.2715,0.0823,337365.0,0.1059,3,0.9981,0,0.0,253.76,204.0,255.33,-55.8,767.0,RAS
s0095,vertebrae_T6,1,0.9574,0.9183,11796,704,346,12500,12142,ok,12500,42187.5,0,0.4574,0.1974,0.8378,0.2262,0.267,0.1283,527681.25,0.0799,2,0.9888,0,0.0,262.52,207.0,260.9,-45.0,791.05,RAS
s0095,vertebrae_T7,1,0.9584,0.92,12911,553,569,13464,13480,ok,13464,45441.0,0,0.4513,0.1834,0.7965,0.2262,0.2579,0.1308,519412.5,0.0875,3,0.9596,0,0.0,244.25,186.0,264.04,-65.0,779.85,RAS
s0095,vertebrae_T8,0,0.924,0.8588,23313,2986,848,26299,24161,ok,26299,88759.12,0,0.4467,0.1859,0.7368,0.2217,0.2579,0.1308,509024.25,0.1744,3,0.5182,0,0.0,219.76,161.0,256.64,-76.1,743.0,RAS
s0095,vertebrae_T9,0,0.9064,0.8289,17318,769,2806,18087,20124,ok,18087,61043.62,0,0.4455,0.1984,0.68,0.2172,0.2579,0.138,526338.0,0.116,2,0.8911,0,0.0,232.65,173.0,250.53,-56.0,754.7,RAS
s0045,adrenal_gland_left,0,0.9126,0.8392,908,106,68,1014,976,ok,1014,3422.25,0,0.354,0.5146,0.7762,0.0866,0.0996,0.0621,29497.5,0.116,1,1.0,0,0.0,40.77,41.0,39.63,-22.0,107.0,RAS
s0045,adrenal_gland_right,1,0.9699,0.9416,984,16,45,1000,1029,ok,1000,3375.0,0,0.59,0.505,0.8058,0.0519,0.0823,0.0654,15390.0,0.2193,1,1.0,0,0.0,32.37,35.0,42.47,-43.0,97.0,RAS
s0045,aorta,1,0.9726,0.9466,73303,781,3354,74084,76657,ok,74084,250033.5,0,0.4212,0.5715,0.7003,0.2121,0.303,0.4739,1678556.25,0.149,2,0.9668,1,0.009,178.67,138.0,172.88,2.0,363.0,RAS
s0045,autochthon_left,1,0.9895,0.9792,119022,1308,1223,120330,120245,ok,120330,406113.75,0,0.3635,0.2808,0.6847,0.2338,0.1602,0.6503,1341906.75,0.3026,1,1.0,1,0.0033,34.2,42.0,39.98,-48.0,84.0,RAS
s0045,autochthon_right,1,0.9865,0.9734,111950,1513,1549,113463,113499,ok,113463,382937.62,0,0.5594,0.2739,0.6743,0.2468,0.1602,0.6601,1437810.75,0.2663,1,1.0,1,0.0033,34.81,43.0,39.92,-51.0,84.0,RAS
s0045,colon,1,0.9717,0.945,308337,9386,8563,317723,316900,ok,317723,1072315.12,0,0.4946,0.6544,0.5328,0.8485,0.5714,0.634,16939692.0,0.0633,1,1.0,0,0.0,-139.02,-53.0,260.42,-904.0,76.0,RAS
s0045,costal_cartilages,1,0.9604,0.9238,37822,1426,1692,39248,39514,ok,39248,132462.0,0,0.4896,0.8088,0.8618,0.8615,0.3333,0.3333,5274943.0,0.0251,8,0.5029,1,0.0065,128.2,124.0,60.54,65.0,185.0,RAS
s0045,duodenum,0,0.9136,0.841,15012,1703,1135,16715,16147,ok,16715,56413.12,0,0.5669,0.6163,0.6458,0.2597,0.1775,0.1667,423427.5,0.1332,1,1.0,0,0.0,26.34,41.0,103.68,-76.0,117.0,RAS
s0045,esophagus,1,0.9741,0.9496,3938,105,104,4043,4042,ok,4043,13645.12,0,0.4516,0.5294,0.9171,0.0996,0.1558,0.1405,120163.5,0.1136,1,1.0,1,0.0176,4.44,25.0,111.64,-68.0,73.0,RAS
s0045,femur_left,1,0.9925,0.9851,58053,177,701,58230,58754,ok,58230,196526.25,0,0.1323,0.4953,0.1416,0.2597,0.2078,0.2582,767880.0,0.2559,1,1.0,1,0.0062,344.67,204.0,383.9,-16.0,1309.0,RAS
s0045,femur_right,1,0.9935,0.987,57126,169,584,57295,57710,ok,57295,193370.62,0,0.78,0.4921,0.1308,0.2684,0.2078,0.2484,763344.0,0.2533,1,1.0,1,0.0066,335.71,210.0,363.88,-6.0,1261.0,RAS
s0045,gallbladder,1,0.9489,0.9028,2797,41,260,2838,3057,ok,2838,9578.25,0,0.6751,0.7115,0.6932,0.1212,0.1472,0.0817,80325.0,0.1192,1,1.0,0,0.0,28.59,28.0,31.57,-23.0,82.0,RAS
s0045,gluteus_maximus_left,1,0.9871,0.9745,151752,2174,1794,153926,153546,ok,153926,519500.25,0,0.1867,0.328,0.1782,0.4026,0.1991,0.4412,1949163.75,0.2665,1,1.0,1,0.0112,29.42,34.0,33.02,-33.0,75.0,RAS
s0045,gluteus_maximus_right,1,0.9894,0.979,159904,1791,1642,161695,161546,ok,161695,545720.62,0,0.7203,0.3149,0.1667,0.4286,0.2078,0.4281,2100978.0,0.2597,1,1.0,1,0.0088,29.84,34.0,31.65,-30.0,73.0,RAS
s0045,gluteus_medius_left,1,0.9848,0.9701,79401,1915,536,81316,79937,ok,81316,274441.5,0,0.1062,0.4485,0.3537,0.2727,0.303,0.2908,1324653.75,0.2072,1,1.0,1,0.0034,41.69,47.0,34.14,-20.0,85.0,RAS
s0045,gluteus_medius_right,1,0.986,0.9725,77532,686,1508,78218,79040,ok,78218,263985.75,0,0.8239,0.4293,0.3296,0.2944,0.2857,0.3268,1514700.0,0.1743,1,1.0,0,0.0,42.4,47.0,32.1,-17.0,83.0,RAS
s0045,gluteus_minimus_left,1,0.9761,0.9534,21670,482,577,22152,22247,ok,22152,74763.0,0,0.1226,0.5269,0.3065,0.1385,0.2251,0.1961,336960.0,0.2219,1,1.0,0,0.0,35.16,41.0,36.41,-37.0,82.0,RAS
s0045,gluteus_minimus_right,1,0.9781,0.9571,22692,457,559,23149,23251,ok,23149,78127.88,0,0.8028,0.4941,0.2951,0.1732,0.1905,0.2124,386100.0,0.2024,1,1.0,0,0.0,38.19,43.0,35.68,-29.0,84.0,RAS
s0045,heart,1,0.9706,0.9429,104710,2957,3384,107667,108094,ok,107667,363376.12,0,0.4045,0.6587,0.9496,0.3983,0.303,0.1176,782460.0,0.4644,2,1.0,1,0.0301,153.12,132.0,83.78,44.0,312.0,RAS
s0045,hip_left,1,0.9928,0.9857,111387,781,835,112168,112222,ok,112168,378567.0,0,0.246,0.473,0.3102,0.4026,0.4069,0.4673,4219108.0,0.0897,1,1.0,0,0.0,331.54,220.0,305.68,15.0,992.0,RAS
s0045,hip_right,1,0.9922,0.9845,107992,949,751,108941,108743,ok,108941,367675.88,0,0.6708,0.4583,0.2961,0.4329,0.4113,0.4608,4520812.5,0.0813,1,1.0,0,0.0,337.99,225.0,316.49,12.0,1036.0,RAS
s0045,iliac_artery_left,1,0.9632,0.929,11426,642,231,12068,11657,ok,12068,40729.5,0,0.375,0.5961,0.3988,0.29,0.1905,0.4183,1273536.0,0.032,1,1.0,0,0.0,288.51,284.0,116.4,154.0,404.0,RAS
s0045,iliac_artery_right,1,0.9607,0.9243,11340,354,575,11694,11915,ok,11694,39467.25,0,0.5717,0.5879,0.4068,0.2381,0.1688,0.4118,912161.25,0.0433,1,1.0,0,0.0,303.26,283.0,153.48,169.0,543.35,RAS
s0045,iliac_vena_left,1,0.956,0.9158,14147,566,735,14713,14882,ok,14713,49656.38,0,0.3536,0.5656,0.332,0.2814,0.2294,0.3725,1325463.75,0.0375,1,1.0,0,0.0,42.41,42.0,28.66,-1.0,85.0,RAS
s0045,iliac_vena_right,0,0.9465,0.8984,9814,632,478,10446,10292,ok,10446,35255.25,0,0.6012,0.5736,0.3126,0.1818,0.1991,0.3954,788980.5,0.0447,1,1.0,0,0.0,45.97,45.0,36.06,3.0,86.0,RAS
s0045,iliopsoas_left,1,0.9821,0.9647,82380,2299,712,84679,83092,ok,84679,285791.62,0,0.2645,0.5302,0.4161,0.29,0.3333,0.7092,3778322.5,0.0756,1,1.0,0,0.0,45.81,49.0,36.19,-12.0,92.0,RAS
s0045,iliopsoas_right,1,0.9855,0.9714,78978,1606,718,80584,79696,ok,80584,271971.0,0,0.6582,0.5064,0.4177,0.2857,0.316,0.732,3642408.0,0.0747,1,1.0,0,0.0,46.99,50.0,33.51,-8.0,92.0,RAS
s0045,inferior_vena_cava,1,0.9614,0.9256,22306,454,1339,22760,23645,ok,22760,76815.0,0,0.5407,0.5661,0.7534,0.1299,0.0996,0.4477,319038.75,0.2408,1,1.0,0,0.0,63.66,64.0,37.61,3.0,127.0,RAS
s0045,kidney_left,1,0.9927,0.9855,38829,283,290,39112,39119,ok,39112,132003.0,0,0.2583,0.4631,0.6788,0.1645,0.1991,0.2092,377568.0,0.3496,1,1.0,0,0.0,122.94,132.0,53.92,27.0,199.0,RAS
s0045,kidney_right,1,0.9937,0.9875,36763,235,232,36998,36995,ok,36998,124868.25,0,0.6679,0.4495,0.6686,0.1558,0.1688,0.2157,312741.0,0.3993,1,1.0,0,0.0,125.08,135.0,54.5,28.0,201.0,RAS
s0045,liver,1,0.993,0.9862,438050,3155,2979,441205,441029,ok,441205,1489066.88,0,0.665,0.6487,0.7851,0.6883,0.5411,0.3072,6305344.0,0.2362,1,1.0,0,0.0,68.15,69.0,26.88,24.0,110.0,RAS
s0045,lung_lower_lobe_left,1,0.9954,0.9908,172265,1237,356,173502,172621,ok,173502,585569.25,0,0.2533,0.4287,0.9053,0.3636,0.4545,0.2255,2053957.5,0.2851,1,1.0,1,0.0117,-796.17,-848.0,172.01,-942.0,-457.0,RAS
s0045,lung_lower_lobe_right,1,0.9968,0.9936,235937,794,732,236731,236669,ok,236731,798967.12,0,0.7025,0.4394,0.9076,0.4156,0.4848,0.232,2576448.0,0.3101,2,1.0,1,0.0125,-797.54,-859.0,183.24,-930.0,-421.0,RAS
s0045,lung_middle_lobe_right,1,0.9953,0.9906,71084,200,471,71284,71555,ok,71284,240583.5,0,0.72,0.6763,0.9562,0.2987,0.3247,0.1471,785953.12,0.3061,1,1.0,1,0.0453,-866.99,-901.0,121.4,-949.0,-650.0,RAS
s0045,lung_upper_lobe_left,1,0.9916,0.9833,57003,184,783,57187,57786,ok,57187,193006.12,0,0.184,0.6246,0.9493,0.355,0.381,0.1503,1120284.0,0.1723,1,1.0,1,0.0456,-850.53,-882.0,117.8,-952.0,-607.0,RAS
s0045,lung_upper_lobe_right,0,0.0,0.0,0,84,0,84,0,false_positive,84,283.5,0,0.6638,0.7932,0.9964,0.1255,0.0216,0.0065,978.75,0.2897,1,1.0,1,0.8929,-867.58,-914.5,114.6,-975.55,-627.75,RAS
s0045,pancreas,1,0.9617,0.9262,16699,474,856,17173,17555,ok,17173,57958.88,0,0.4627,0.6435,0.7287,0.3896,0.1472,0.1503,475065.0,0.122,1,1.0,0,0.0,58.69,62.0,44.12,-20.0,124.0,RAS
s0045,portal_vein_and_splenic_vein,0,0.8989,0.8164,5086,752,392,5838,5478,ok,5838,19703.25,0,0.4395,0.6253,0.7688,0.4589,0.2424,0.1078,661122.0,0.0298,2,0.9834,0,0.0,129.46,128.0,59.73,37.0,221.15,RAS
s0045,prostate,0,0.9432,0.8925,9382,278,852,9660,10234,ok,9660,32602.5,0,0.4561,0.5167,0.179,0.1385,0.1039,0.0784,62208.0,0.5241,1,1.0,0,0.0,40.54,41.0,23.58,1.0,79.0,RAS
s0045,pulmonary_vein,1,0.9544,0.9129,1341,43,85,1384,1426,ok,1384,4671.0,0,0.5989,0.4921,0.9847,0.0952,0.1039,0.0458,24948.0,0.1872,1,1.0,1,0.1236,277.96,300.0,85.45,83.3,359.0,RAS
s0045,rib_left_10,1,0.9833,0.9672,4871,71,94,4942,4965,ok,4942,16679.25,0,0.1615,0.365,0.8593,0.3247,0.3463,0.317,1964250.0,0.0085,1,1.0,1,0.0,512.54,471.0,277.64,108.0,1040.0,RAS
s0045,rib_left_11,1,0.9848,0.9701,3115,41,55,3156,3170,ok,3156,10651.5,0,0.2183,0.3232,0.8042,0.3117,0.2035,0.268,936522.0,0.0114,1,1.0,0,0.0,530.02,496.0,249.68,172.0,1012.25,RAS
s0045,rib_left_12,0,0.935,0.878,475,58,8,533,483,ok,533,1798.88,0,0.3272,0.3173,0.8087,0.1515,0.0303,0.1111,28113.75,0.064,2,0.9981,0,0.0,452.83,426.0,176.99,203.6,809.4,RAS
s0045,rib_left_5,1,0.9755,0.9521,776,4,35,780,811,ok,780,2632.5,0,0.2172,0.7769,0.978,0.1299,0.1169,0.0556,46473.75,0.0566,2,0.9987,1,0.0859,260.72,250.5,143.06,54.95,531.15,RAS
s0045,rib_left_6,1,0.9819,0.9644,1815,21,46,1836,1861,ok,1836,6196.5,0,0.1465,0.7383,0.9502,0.1255,0.1991,0.1046,144072.0,0.043,1,1.0,1,0.031,292.8,278.0,206.96,4.0,673.0,RAS
s0045,rib_left_7,1,0.9827,0.966,2667,29,65,2696,2732,ok,2696,9099.0,0,0.1053,0.6691,0.9113,0.0909,0.29,0.1797,261174.38,0.0348,1,1.0,1,0.0189,396.37,365.5,242.21,56.0,851.0,RAS
s0045,rib_left_8,1,0.9843,0.9691,2666,56,29,2722,2695,ok,2722,9186.75,0,0.0913,0.5748,0.8783,0.0736,0.3333,0.2647,357847.88,0.0257,1,1.0,1,0.0191,393.83,378.0,207.08,68.0,759.95,RAS
s0045,rib_left_9,1,0.9883,0.9769,4100,64,33,4164,4133,ok,4164,14053.5,0,0.1063,0.456,0.8785,0.2035,0.4069,0.2908,1327056.75,0.0106,1,1.0,1,0.019,419.98,386.0,258.28,46.0,907.85,RAS
s0045,rib_right_10,1,0.9859,0.9721,4816,24,114,4840,4930,ok,4840,16335.0,0,0.7861,0.3451,0.8565,0.329,0.329,0.3235,1929906.0,0.0085,1,1.0,1,0.0,491.99,459.0,265.1,102.95,975.0,RAS
s0045,rib_right_11,1,0.9844,0.9692,2581,15,67,2596,2648,ok,2596,8761.5,0,0.7172,0.3031,0.7975,0.29,0.1688,0.2582,696691.12,0.0126,1,1.0,0,0.0,463.28,445.0,206.22,138.75,825.0,RAS
s0045,rib_right_12,1,0.9769,0.9548,908,34,9,942,917,ok,942,3179.25,0,0.6221,0.3053,0.7742,0.1558,0.0346,0.1078,32076.0,0.0991,1,1.0,0,0.0,424.96,408.0,186.96,142.0,762.9,RAS
s0045,rib_right_5,0,0.9426,0.8914,952,10,106,962,1058,ok,962,3246.75,0,0.7653,0.7734,0.9842,0.1255,0.1255,0.0425,36898.88,0.088,2,0.999,1,0.1476,285.12,267.0,173.9,52.0,609.0,RAS
s0045,rib_right_6,1,0.9865,0.9733,1861,26,25,1887,1886,ok,1887,6368.62,0,0.8239,0.7221,0.9425,0.1126,0.2121,0.1275,167690.25,0.038,3,0.9989,1,0.0281,279.63,250.0,194.7,28.3,659.0,RAS
s0045,rib_right_7,1,0.9832,0.9669,2860,38,60,2898,2920,ok,2898,9780.75,0,0.8564,0.6623,0.9118,0.0823,0.2814,0.1961,250087.5,0.0391,1,1.0,1,0.0193,364.54,317.5,242.75,55.0,844.15,RAS
s0045,rib_right_8,1,0.991,0.9822,2870,30,22,2900,2892,ok,2900,9787.5,0,0.8755,0.5511,0.8825,0.0736,0.3203,0.2582,335414.25,0.0292,1,1.0,1,0.0183,389.78,352.0,224.38,79.95,830.0,RAS
s0045,rib_right_9,1,0.9857,0.9717,4090,39,80,4129,4170,ok,4129,13935.38,0,0.8498,0.4338,0.8826,0.2251,0.3939,0.2941,1437345.0,0.0097,2,0.9998,1,0.0233,415.3,378.0,244.47,64.0,881.2,RAS
s0045,sacrum,1,0.9744,0.9501,45806,1320,1085,47126,46891,ok,47126,159050.25,0,0.4568,0.3438,0.3651,0.355,0.2468,0.3105,1498601.25,0.1061,42,0.998,0,0.0,212.64,160.0,241.32,-70.0,698.0,RAS
s0045,small_bowel,1,0.9698,0.9414,322488,12812,7256,335300,329744,ok,335300,1131637.5,0,0.482,0.6841,0.4797,0.7835,0.3636,0.4641,7286517.0,0.1553,1,1.0,0,0.0,-23.31,27.0,200.52,-353.0,95.0,RAS
s0045,spinal_cord,1,0.9803,0.9613,18871,433,327,19304,19198,ok,19304,65151.0,0,0.4669,0.3627,0.6941,0.0736,0.1342,0.6209,337938.75,0.1928,1,1.0,1,0.0045,13.1,13.0,32.81,-39.0,65.0,RAS
s0045,spleen,1,0.9938,0.9878,62709,292,485,63001,63194,ok,63001,212628.38,0,0.1583,0.4955,0.7769,0.2511,0.2424,0.2288,767340.0,0.2771,1,1.0,0,0.0,126.72,130.0,32.49,70.0,173.0,RAS
s0045,sternum,0,0.9351,0.8781,2118,28,266,2146,2384,ok,2146,7242.75,0,0.4984,0.8166,0.9715,0.1082,0.0346,0.0915,18900.0,0.3832,1,1.0,1,0.0774,225.39,213.0,177.12,-15.5,531.5,RAS
s0045,stomach,1,0.9827,0.9659,65336,742,1563,66078,66899,ok,66078,223013.25,0,0.3574,0.7024,0.7818,0.368,0.3723,0.1928,1455603.75,0.1532,1,1.0,0,0.0,38.75,55.0,99.85,-41.15,109.0,RAS
s0045,urinary_bladder,1,0.9704,0.9424,49524,2392,634,51916,50158,ok,51916,175216.5,0,0.4608,0.5919,0.2431,0.2294,0.2554,0.1013,327162.38,0.5356,1,1.0,0,0.0,14.7,18.0,30.37,-44.0,56.0,RAS
s0045,vertebrae_L1,1,0.9943,0.9886,15578,87,93,15665,15671,ok,15665,52869.38,0,0.4651,0.3835,0.7604,0.2381,0.2338,0.1144,350831.25,0.1507,1,1.0,0,0.0,308.69,232.0,253.03,60.0,861.8,RAS
s0045,vertebrae_L2,1,0.9938,0.9876,16790,58,153,16848,16943,ok,16848,56862.0,0,0.4641,0.4082,0.6902,0.2597,0.2511,0.1144,411075.0,0.1383,1,1.0,0,0.0,321.31,243.0,269.08,58.0,922.0,RAS
s0045,vertebrae_L3,1,0.9942,0.9884,18293,109,105,18402,18398,ok,18402,62106.75,0,0.465,0.4267,0.6179,0.2727,0.2554,0.1111,426525.75,0.1456,1,1.0,0,0.0,315.31,233.0,271.75,48.0,920.0,RAS
s0045,vertebrae_L4,1,0.9936,0.9874,17898,66,163,17964,18061,ok,17964,60628.5,0,0.465,0.4419,0.5419,0.2641,0.2597,0.1013,382927.5,0.1583,1,1.0,0,0.0,332.3,247.0,276.01,63.0,957.0,RAS
s0045,vertebrae_L5,1,0.9937,0.9875,17558,111,111,17669,17669,ok,17669,59632.88,0,0.4652,0.4409,0.4732,0.2771,0.2468,0.1013,381672.0,0.1562,1,1.0,0,0.0,351.44,276.0,273.5,60.0,943.0,RAS
s0045,vertebrae_S1,1,0.9745,0.9503,14133,286,453,14419,14586,ok,14419,48664.12,0,0.4625,0.4167,0.4177,0.1861,0.2035,0.1046,218268.0,0.223,1,1.0,0,0.0,342.59,276.0,257.75,47.0,879.0,RAS
s0045,vertebrae_T10,1,0.9919,0.9839,12202,86,114,12288,12316,ok,12288,41472.0,0,0.4785,0.3442,0.9587,0.1948,0.2121,0.1078,245581.88,0.1689,1,1.0,1,0.0017,322.42,242.0,245.5,81.0,849.0,RAS
s0045,vertebrae_T11,1,0.9935,0.9872,12162,49,109,12211,12271,ok,12211,41212.12,0,0.4759,0.3581,0.8968,0.1558,0.2035,0.1013,177025.5,0.2328,3,0.9997,0,0.0,306.08,227.0,237.05,82.0,818.0,RAS
s0045,vertebrae_T12,1,0.9952,0.9904,13805,29,105,13834,13910,ok,13834,46689.75,0,0.4702,0.3692,0.8306,0.1472,0.2208,0.1013,181419.75,0.2574,1,1.0,0,0.0,284.3,217.0,221.97,69.0,769.0,RAS
s0045,vertebrae_T9,1,0.9782,0.9574,1302,13,45,1315,1347,ok,1315,4438.12,0,0.4805,0.3148,0.9889,0.1212,0.2078,0.0556,77112.0,0.0576,2,0.5749,1,0.4578,458.84,431.0,209.86,147.0,880.0,RAS
s0032,adrenal_gland_left,0,0.8508,0.7403,268,68,26,336,294,ok,336,1134.0,0,0.3528,0.4353,0.0358,0.0317,0.0633,0.0694,4961.25,0.2286,1,1.0,1,0.0238,56.0,65.0,94.88,-91.0,211.25,RAS
s0032,adrenal_gland_right,0,0.119,0.0633,5,47,27,52,32,low_dice,52,175.5,0,0.535,0.4393,0.0064,0.0362,0.0633,0.0417,3402.0,0.0516,3,0.8462,1,0.4808,62.33,73.5,124.96,-105.05,257.8,RAS
s0032,aorta,1,0.988,0.9764,29177,182,524,29359,29701,ok,29359,99086.62,0,0.4306,0.455,0.4112,0.1086,0.2443,0.6528,616734.0,0.1607,1,1.0,1,0.0023,461.9,465.0,224.75,147.9,676.0,RAS
s0032,atrial_appendage_left,0,0.9008,0.8195,286,4,59,290,345,ok,290,978.75,0,0.3731,0.4982,0.489,0.0452,0.0452,0.0556,4050.0,0.2417,1,1.0,0,0.0,333.8,354.5,199.03,16.2,635.0,RAS
s0032,autochthon_left,1,0.9741,0.9495,56235,1218,1775,57453,58010,ok,57453,193903.88,0,0.408,0.2615,0.4342,0.1991,0.2624,1.0,1860408.0,0.1042,1,1.0,1,0.0115,42.36,43.0,104.68,-130.0,212.0,RAS
s0032,autochthon_right,1,0.9697,0.9413,53448,1472,1863,54920,55311,ok,54920,185355.0,0,0.5407,0.2638,0.4644,0.1584,0.2579,1.0,1454355.0,0.1274,1,1.0,1,0.0098,39.11,40.0,106.08,-137.0,209.0,RAS
s0032,brachiocephalic_trunk,1,0.96,0.923,839,57,13,896,852,ok,896,3024.0,0,0.4747,0.5481,0.6926,0.0724,0.0498,0.1111,14256.0,0.2121,1,1.0,0,0.0,433.69,465.0,169.05,127.75,666.0,RAS
s0032,brachiocephalic_vein_left,1,0.9477,0.9006,1812,120,80,1932,1892,ok,1932,6520.5,0,0.4517,0.5668,0.6839,0.1176,0.0588,0.1528,37644.75,0.1732,1,1.0,0,0.0,315.72,216.5,569.76,-341.0,1529.8,RAS
s0032,brachiocephalic_vein_right,1,0.9497,0.9043,1209,74,54,1283,1263,ok,1283,4330.12,0,0.5371,0.5637,0.7036,0.0633,0.0543,0.1296,15876.0,0.2727,1,1.0,0,0.0,859.17,861.0,538.64,0.3,1691.4,RAS
s0032,clavicula_left,1,0.9822,0.965,5759,164,45,5923,5804,ok,5923,19990.12,0,0.2869,0.5144,0.8361,0.3303,0.2896,0.2083,709560.0,0.0282,1,1.0,0,0.0,662.68,528.0,533.37,0.1,1654.9,RAS
s0032,clavicula_right,1,0.954,0.912,5525,325,208,5850,5733,ok,5850,19743.75,0,0.6804,0.4975,0.8638,0.2986,0.3032,0.25,805909.5,0.0245,1,1.0,0,0.0,711.01,561.0,572.33,-20.1,1718.55,RAS
s0032,common_carotid_artery_left,1,0.9589,0.921,933,27,53,960,986,ok,960,3240.0,0,0.4382,0.543,0.8336,0.0317,0.086,0.3565,34563.38,0.0937,1,1.0,1,0.0177,409.86,465.0,202.37,44.8,673.0,RAS
s0032,common_carotid_artery_right,1,0.9679,0.9377,798,7,46,805,844,ok,805,2716.88,0,0.5245,0.5677,0.8789,0.0633,0.0498,0.2546,28586.25,0.095,1,1.0,1,0.0199,408.98,447.0,182.37,71.8,658.6,RAS
s0032,costal_cartilages,0,0.8643,0.7611,22743,5996,1144,28739,23887,ok,28739,96994.12,0,0.4631,0.7034,0.3018,0.7195,0.2262,0.75,4346662.5,0.0223,34,0.7769,1,0.0016,128.88,124.0,92.58,-4.0,272.0,RAS
s0032,esophagus,0,0.8458,0.7328,5576,885,1148,6461,6724,ok,6461,21805.88,0,0.4653,0.4568,0.5316,0.1131,0.1538,0.7361,456131.25,0.0478,1,1.0,0,0.0,60.51,61.0,107.36,-111.0,235.0,RAS
s0032,heart,0,0.9349,0.8778,129898,13810,4279,143708,134177,ok,143708,485014.5,0,0.3855,0.5664,0.3577,0.4072,0.276,0.4074,1630530.0,0.2975,1,1.0,0,0.0,288.17,272.0,258.14,-37.0,624.65,RAS
s0032,humerus_left,1,0.9769,0.9549,16159,124,639,16283,16798,ok,16283,54955.12,0,0.0482,0.4435,0.8726,0.1222,0.2036,0.2176,192729.38,0.2851,1,1.0,1,0.0196,241.79,151.0,399.22,-180.0,1166.0,RAS
s0032,humerus_right,1,0.9817,0.964,17998,72,600,18070,18598,ok,18070,60986.25,0,0.9059,0.4154,0.9154,0.1719,0.2172,0.1759,233928.0,0.2607,1,1.0,1,0.019,260.24,151.0,401.18,-146.0,1226.55,RAS
s0032,iliopsoas_left,0,0.7958,0.6608,150,2,75,152,225,ok,152,513.0,0,0.3913,0.3529,0.0158,0.0226,0.0362,0.0417,1215.0,0.4222,1,1.0,1,0.1447,47.04,31.0,107.13,-120.5,233.7,RAS
s0032,iliopsoas_right,0,0.6772,0.5119,43,2,39,45,82,ok,45,151.88,0,0.5441,0.3578,0.0021,0.0181,0.0407,0.0139,364.5,0.4167,1,1.0,1,0.6222,19.8,17.0,125.51,-175.0,233.8,RAS
s0032,inferior_vena_cava,0,0.8159,0.689,6050,2098,633,8148,6683,ok,8148,27499.5,0,0.5219,0.4957,0.1871,0.086,0.0905,0.3472,96187.5,0.2859,1,1.0,1,0.0053,122.55,118.0,114.85,-58.0,317.0,RAS
s0032,kidney_left,1,0.9814,0.9636,3385,80,48,3465,3433,ok,3465,11694.38,0,0.3244,0.3512,0.0186,0.1176,0.1357,0.0602,34222.5,0.3417,1,1.0,1,0.1351,116.53,120.0,120.0,-83.0,311.0,RAS
s0032,kidney_right,0,0.0,0.0,0,21,0,21,0,false_positive,21,70.88,0,0.5936,0.3527,0.0,0.0226,0.0317,0.0046,118.12,0.6,1,1.0,1,1.0,86.48,60.0,126.33,-96.0,301.0,RAS
s0032,liver,1,0.9513,0.907,263786,5977,21060,269763,284846,ok,269763,910450.12,0,0.5473,0.5474,0.0839,0.6923,0.4344,0.2269,2429028.0,0.3748,5,1.0,1,0.0263,61.81,62.0,90.98,-87.0,211.0,RAS
s0032,lung_lower_lobe_left,0,0.8985,0.8157,136184,25933,4846,162117,141030,ok,162117,547144.88,0,0.2683,0.3619,0.4156,0.2986,0.276,0.5926,1739232.0,0.3146,18,0.9998,0,0.0,-294.45,-219.0,337.25,-776.0,153.0,RAS
s0032,lung_lower_lobe_right,0,0.5403,0.3701,69185,98500,19245,167685,88430,ok,167685,565936.88,0,0.6988,0.4279,0.5001,0.2896,0.371,0.6343,2426544.0,0.2332,19,0.9927,0,0.0,-291.53,-144.0,351.37,-795.0,149.0,RAS
s0032,lung_middle_lobe_right,0,0.6678,0.5013,116465,18628,97233,135093,213698,ok,135093,455938.88,0,0.6967,0.4888,0.3278,0.2896,0.4796,0.6389,3159648.0,0.1443,20,0.9955,0,0.0,-333.95,-249.0,370.12,-825.0,146.0,RAS
s0032,lung_upper_lobe_left,1,0.9514,0.9073,123877,3318,9341,127195,133218,ok,127195,429283.12,0,0.2979,0.5039,0.627,0.2986,0.3891,0.6065,2509501.5,0.1711,5,0.9914,0,0.0,-495.28,-574.0,279.37,-814.0,71.0,RAS
s0032,lung_upper_lobe_right,0,0.9218,0.8549,150658,8667,16906,159325,167564,ok,159325,537721.88,0,0.6518,0.5573,0.6093,0.3167,0.3484,0.4444,1746360.0,0.3079,3,1.0,0,0.0,-549.55,-618.0,253.12,-815.0,-10.0,RAS
s0032,pancreas,0,0.9091,0.8333,50,6,4,56,54,ok,56,189.0,0,0.3603,0.5187,0.0012,0.0362,0.0362,0.0093,432.0,0.4375,1,1.0,1,0.7321,88.2,71.5,113.0,-71.0,294.0,RAS
s0032,pulmonary_vein,0,0.8979,0.8147,3878,461,421,4339,4299,ok,4339,14644.12,0,0.4871,0.4735,0.4628,0.3032,0.1719,0.1852,343710.0,0.0426,2,0.5626,0,0.0,428.69,453.0,175.04,102.0,676.0,RAS
s0032,rib_left_1,0,0.9403,0.8873,2071,237,26,2308,2097,ok,2308,7789.5,0,0.3254,0.5202,0.7915,0.0995,0.2262,0.1991,159637.5,0.0488,1,1.0,0,0.0,571.88,510.0,326.7,135.35,1204.0,RAS
s0032,rib_left_10,1,0.9744,0.95,1940,99,3,2039,1943,ok,2039,6881.62,0,0.2066,0.2993,0.2098,0.2715,0.2262,0.3426,749250.0,0.0092,1,1.0,1,0.0074,635.6,591.0,402.92,30.9,1383.0,RAS
s0032,rib_left_11,1,0.9811,0.963,1352,44,8,1396,1360,ok,1396,4711.5,0,0.2577,0.2716,0.1431,0.2353,0.1176,0.2454,241839.0,0.0195,1,1.0,1,0.01,715.09,679.5,364.51,144.5,1340.5,RAS
s0032,rib_left_12,1,0.9493,0.9035,459,46,3,505,462,ok,505,1704.38,0,0.3117,0.2804,0.0753,0.1719,0.0362,0.125,27702.0,0.0615,2,0.996,1,0.004,653.98,604.0,354.58,160.4,1357.6,RAS
s0032,rib_left_2,1,0.9476,0.9004,2169,232,8,2401,2177,ok,2401,8103.38,0,0.2755,0.4696,0.7783,0.1855,0.3394,0.2639,591553.12,0.0137,2,0.8576,0,0.0,491.0,458.0,277.96,94.0,988.0,RAS
s0032,rib_left_3,1,0.972,0.9456,3180,170,13,3350,3193,ok,3350,11306.25,0,0.2339,0.4871,0.6963,0.2398,0.4027,0.3194,1098471.38,0.0103,1,1.0,0,0.0,514.39,494.0,314.8,41.0,1067.1,RAS
s0032,rib_left_4,1,0.9846,0.9698,3688,94,21,3782,3709,ok,3782,12764.25,0,0.2114,0.4676,0.6305,0.2579,0.4299,0.3611,1425498.75,0.009,1,1.0,0,0.0,563.23,514.0,374.44,32.05,1242.95,RAS
s0032,rib_left_5,1,0.9871,0.9746,4339,87,26,4426,4365,ok,4426,14937.75,0,0.1908,0.461,0.5475,0.2715,0.4344,0.3981,1671840.0,0.0089,1,1.0,0,0.0,544.86,480.0,411.29,-4.0,1336.75,RAS
s0032,rib_left_6,1,0.9834,0.9673,4847,82,82,4929,4929,ok,4929,16635.38,0,0.1777,0.4457,0.47,0.2715,0.4253,0.4306,1770255.0,0.0094,1,1.0,0,0.0,555.48,486.0,421.23,11.4,1355.2,RAS
s0032,rib_left_7,1,0.9793,0.9595,4479,99,90,4578,4569,ok,4578,15450.75,0,0.1701,0.4157,0.4001,0.2805,0.4027,0.4491,1806455.25,0.0086,1,1.0,0,0.0,556.89,502.0,431.07,-32.15,1360.75,RAS
s0032,rib_left_8,1,0.9774,0.9558,3744,100,73,3844,3817,ok,3844,12973.5,0,0.1734,0.3685,0.3385,0.2941,0.3575,0.4398,1646409.38,0.0079,1,1.0,0,0.0,578.98,534.0,432.59,-40.85,1386.0,RAS
s0032,rib_left_9,1,0.9848,0.9701,3339,82,21,3421,3360,ok,3421,11545.88,0,0.1815,0.3345,0.2742,0.2851,0.3122,0.4167,1320401.25,0.0087,1,1.0,1,0.0,584.88,521.0,447.19,-41.0,1418.0,RAS
s0032,rib_right_1,0,0.9226,0.8564,2379,274,125,2653,2504,ok,2653,8953.88,0,0.6487,0.529,0.7986,0.1086,0.2217,0.1944,166698.0,0.0537,1,1.0,0,0.0,577.82,542.0,305.71,134.2,1128.4,RAS
s0032,rib_right_10,1,0.9673,0.9367,1894,114,14,2008,1908,ok,2008,6777.0,0,0.7399,0.2921,0.1874,0.2805,0.2443,0.338,824863.5,0.0082,1,1.0,1,0.01,675.9,641.0,439.76,-20.3,1474.3,RAS
s0032,rib_right_11,1,0.9496,0.904,1064,96,17,1160,1081,ok,1160,3915.0,0,0.67,0.2569,0.1281,0.2262,0.095,0.2361,180731.25,0.0217,1,1.0,1,0.0112,709.23,680.5,395.65,74.9,1402.35,RAS
s0032,rib_right_12,1,0.9536,0.9113,514,43,7,557,521,ok,557,1879.88,0,0.6114,0.2683,0.0524,0.1312,0.0362,0.1111,18792.0,0.1,1,1.0,1,0.0305,667.92,627.0,361.24,115.8,1288.8,RAS
s0032,rib_right_2,1,0.9772,0.9554,3042,105,37,3147,3079,ok,3147,10621.12,0,0.7,0.5077,0.764,0.1855,0.3529,0.2593,604422.0,0.0176,1,1.0,0,0.0,462.12,435.0,258.3,91.0,921.4,RAS
s0032,rib_right_3,1,0.9838,0.968,3512,94,22,3606,3534,ok,3606,12170.25,0,0.7322,0.5024,0.6931,0.2217,0.4118,0.3009,978193.12,0.0124,1,1.0,0,0.0,481.42,447.0,316.59,44.0,1044.25,RAS
s0032,rib_right_4,1,0.9826,0.9659,4047,114,29,4161,4076,ok,4161,14043.38,0,0.7528,0.4837,0.6168,0.2489,0.457,0.3426,1387361.25,0.0101,1,1.0,0,0.0,518.05,482.0,365.75,0.0,1156.0,RAS
s0032,rib_right_5,1,0.9809,0.9625,4412,119,53,4531,4465,ok,4531,15292.12,0,0.7668,0.4657,0.5375,0.2715,0.4706,0.3611,1642680.0,0.0093,1,1.0,0,0.0,559.46,516.0,427.39,-40.0,1317.5,RAS
s0032,rib_right_6,1,0.9834,0.9674,4742,111,49,4853,4791,ok,4853,16378.88,0,0.7763,0.4488,0.4578,0.276,0.4615,0.3981,1805935.5,0.0091,1,1.0,0,0.0,569.28,498.0,448.39,-14.4,1408.0,RAS
s0032,rib_right_7,1,0.985,0.9704,4495,91,46,4586,4541,ok,4586,15477.75,0,0.7777,0.4133,0.3884,0.2851,0.4344,0.4167,1837080.0,0.0084,1,1.0,0,0.0,581.47,511.5,445.92,-15.0,1425.75,RAS
s0032,rib_right_8,1,0.9858,0.972,3853,75,36,3928,3889,ok,3928,13257.0,0,0.7775,0.371,0.321,0.2941,0.3982,0.4398,1833975.0,0.0072,1,1.0,0,0.0,583.1,535.0,455.85,-63.65,1426.3,RAS
s0032,rib_right_9,1,0.9859,0.9722,3397,67,30,3464,3427,ok,3464,11691.0,0,0.7708,0.3376,0.2481,0.2941,0.3575,0.4213,1577086.88,0.0074,1,1.0,1,0.0089,561.68,509.0,444.17,-70.0,1403.0,RAS
s0032,scapula_left,1,0.971,0.9437,20293,765,445,21058,20738,ok,21058,71070.75,0,0.1438,0.3299,0.7267,0.3032,0.2715,0.5417,1587397.5,0.0448,1,1.0,0,0.0,518.76,423.0,453.37,-74.0,1433.0,RAS
s0032,scapula_right,1,0.9634,0.9294,20630,761,806,21391,21436,ok,21391,72194.62,0,0.8094,0.3204,0.7627,0.2941,0.2489,0.5602,1459940.62,0.0495,3,0.9999,1,0.0,531.84,433.0,462.89,-71.0,1483.0,RAS
s0032,skull,1,0.9846,0.9697,5280,57,108,5337,5388,ok,5337,18012.38,0,0.5132,0.7934,0.9691,0.2127,0.1448,0.0741,81216.0,0.2218,1,1.0,1,0.0984,1034.93,1121.0,709.18,-78.0,2003.0,RAS
s0032,spinal_cord,1,0.9532,0.9106,13881,1227,136,15108,14017,ok,15108,50989.5,0,0.4793,0.3388,0.4847,0.0814,0.2443,1.0,708588.0,0.072,1,1.0,1,0.0113,18.99,21.0,118.2,-177.0,205.0,RAS
s0032,spleen,0,0.8908,0.8032,17444,4093,182,21537,17626,ok,21537,72687.38,0,0.2298,0.4049,0.0526,0.2262,0.2036,0.1528,250593.75,0.2901,1,1.0,1,0.046,91.82,91.0,96.96,-67.0,252.0,RAS
s0032,sternum,1,0.9596,0.9224,11201,511,431,11712,11632,ok,11712,39528.0,0,0.475,0.6829,0.6025,0.1493,0.1267,0.3981,268191.0,0.1474,1,1.0,0,0.0,377.73,299.0,435.13,-77.0,1119.0,RAS
s0032,stomach,0,0.8718,0.7728,21889,286,6149,22175,28038,ok,22175,74840.62,0,0.2778,0.4905,0.0661,0.2398,0.181,0.1759,271890.0,0.2753,2,1.0,1,0.0373,13.81,31.0,152.61,-189.0,197.0,RAS
s0032,subclavian_artery_left,1,0.9559,0.9155,1700,11,146,1711,1846,ok,1711,5774.62,0,0.3654,0.4959,0.773,0.2715,0.0724,0.1991,139320.0,0.0414,1,1.0,0,0.0,341.46,349.0,171.73,40.0,602.0,RAS
s0032,subclavian_artery_right,1,0.9494,0.9037,1408,108,42,1516,1450,ok,1516,5116.5,0,0.5833,0.5317,0.8038,0.2534,0.0588,0.1157,61425.0,0.0833,1,1.0,0,0.0,411.45,424.0,169.65,131.0,664.25,RAS
s0032,superior_vena_cava,0,0.9473,0.8998,2649,52,243,2701,2892,ok,2701,9115.88,0,0.5242,0.5405,0.5507,0.0498,0.0633,0.1944,21829.5,0.4176,1,1.0,0,0.0,581.01,480.0,634.3,-192.0,1668.0,RAS
s0032,thyroid_gland,0,0.8493,0.7381,1888,53,617,1941,2505,ok,1941,6550.88,0,0.4882,0.5911,0.8868,0.1357,0.0588,0.125,35538.75,0.1843,2,0.6018,0,0.0,139.4,139.0,73.02,22.0,260.0,RAS
s0032,trachea,1,0.9842,0.9688,8478,29,244,8507,8722,ok,8507,28711.12,0,0.4911,0.5182,0.7242,0.2036,0.181,0.3796,498150.0,0.0576,1,1.0,0,0.0,-826.04,-883.0,191.62,-988.0,-347.3,RAS
s0032,vertebrae_C4,1,0.96,0.9231,48,4,0,52,48,ok,52,175.5,0,0.4859,0.5644,0.9931,0.0452,0.0181,0.0139,405.0,0.4333,1,1.0,1,0.5769,590.35,571.0,183.64,329.3,915.75,RAS
s0032,vertebrae_C5,0,0.9372,0.8818,1410,171,18,1581,1428,ok,1581,5335.88,0,0.4846,0.5302,0.9806,0.1629,0.0814,0.0556,26244.0,0.2033,4,0.9677,1,0.1752,518.69,480.0,302.2,106.0,1095.0,RAS
s0032,vertebrae_C6,1,0.9646,0.9317,3123,86,143,3209,3266,ok,3209,10830.38,0,0.4902,0.4867,0.9578,0.1629,0.1674,0.088,85414.5,0.1268,1,1.0,1,0.0009,628.62,553.0,369.42,169.0,1396.0,RAS
s0032,vertebrae_C7,1,0.9725,0.9465,4279,47,195,4326,4474,ok,4326,14600.25,0,0.4933,0.4599,0.9143,0.2172,0.1855,0.1296,185976.0,0.0785,2,0.9968,1,0.0,510.19,432.0,361.41,69.0,1226.25,RAS
s0032,vertebrae_L1,1,0.9907,0.9817,9367,86,89,9453,9456,ok,9453,31903.88,0,0.4653,0.3598,0.0387,0.1674,0.2262,0.0926,124875.0,0.2555,1,1.0,1,0.0305,419.88,331.0,338.33,77.0,1211.8,RAS
s0032,vertebrae_T1,1,0.9847,0.9698,5109,35,124,5144,5233,ok,5144,17361.0,0,0.4925,0.4314,0.8671,0.2127,0.2036,0.1019,157038.75,0.1106,1,1.0,0,0.0,471.13,393.0,341.25,59.15,1152.85,RAS
s0032,vertebrae_T10,1,0.9895,0.9791,7744,55,110,7799,7854,ok,7799,26321.62,0,0.4713,0.3077,0.2882,0.181,0.1855,0.1435,171585.0,0.1534,1,1.0,0,0.0,445.6,354.0,367.44,39.0,1258.3,RAS
s0032,vertebrae_T11,1,0.992,0.9842,8233,37,95,8270,8328,ok,8270,27911.25,0,0.4684,0.3181,0.2076,0.1584,0.1946,0.1343,147301.88,0.1895,1,1.0,0,0.0,445.21,351.0,358.58,70.0,1271.0,RAS
s0032,vertebrae_T12,1,0.9907,0.9817,9846,45,139,9891,9985,ok,9891,33382.12,0,0.4678,0.3314,0.1238,0.1584,0.2081,0.1435,168446.25,0.1982,1,1.0,0,0.0,440.74,350.0,344.51,75.0,1221.0,RAS
s0032,vertebrae_T2,1,0.9838,0.9681,4614,36,116,4650,4730,ok,4650,15693.75,0,0.4944,0.4053,0.8138,0.19,0.1991,0.1111,149688.0,0.1048,1,1.0,0,0.0,432.94,369.5,317.76,36.45,1065.55,RAS
s0032,vertebrae_T3,1,0.9887,0.9776,4495,29,74,4524,4569,ok,4524,15268.5,0,0.4929,0.3769,0.7584,0.1719,0.1946,0.1204,143383.5,0.1065,1,1.0,0,0.0,456.97,380.0,329.07,60.15,1119.7,RAS
s0032,vertebrae_T4,1,0.9876,0.9756,4677,29,88,4706,4765,ok,4706,15882.75,0,0.4911,0.3562,0.699,0.1719,0.1991,0.1204,146718.0,0.1083,1,1.0,0,0.0,467.18,386.0,336.57,71.25,1162.25,RAS
s0032,vertebrae_T5,1,0.9881,0.9765,4990,54,66,5044,5056,ok,5044,17023.5,0,0.4886,0.3374,0.6382,0.181,0.1946,0.1389,174150.0,0.0978,1,1.0,0,0.0,473.8,388.0,340.73,73.0,1181.85,RAS
s0032,vertebrae_T6,1,0.9887,0.9777,5182,32,86,5214,5268,ok,5214,17597.25,0,0.4854,0.3209,0.574,0.1765,0.1946,0.1574,192435.75,0.0914,1,1.0,0,0.0,457.3,364.0,338.99,73.65,1173.7,RAS
s0032,vertebrae_T7,1,0.9881,0.9765,5686,38,99,5724,5785,ok,5724,19318.5,0,0.4805,0.3104,0.5066,0.1765,0.1946,0.1574,192435.75,0.1004,1,1.0,0,0.0,462.37,361.5,350.25,71.0,1239.85,RAS
s0032,vertebrae_T8,1,0.9891,0.9785,6062,57,76,6119,6138,ok,6119,20651.62,0,0.4759,0.3061,0.4366,0.1765,0.1855,0.1528,178088.62,0.116,1,1.0,0,0.0,448.49,354.0,353.0,50.9,1242.2,RAS
s0032,vertebrae_T9,1,0.9898,0.9798,6734,71,68,6805,6802,ok,6805,22966.88,0,0.4736,0.3037,0.3637,0.1765,0.19,0.1435,171375.75,0.134,1,1.0,0,0.0,460.1,360.0,382.52,42.0,1316.0,RAS
s0021,aorta,1,0.9869,0.9741,45941,483,737,46424,46678,ok,46424,156681.0,0,0.4758,0.5,0.1378,0.2432,0.3622,0.2752,610537.5,0.2566,1,1.0,1,0.015,82.55,84.0,21.25,47.0,115.0,RAS
s0021,atrial_appendage_left,0,0.9446,0.895,1679,162,35,1841,1714,ok,1841,6213.38,0,0.358,0.518,0.0653,0.1297,0.1027,0.0688,23085.0,0.2692,1,1.0,0,0.0,56.33,57.0,30.29,4.0,105.0,RAS
s0021,autochthon_left,1,0.9684,0.9387,45967,1782,1218,47749,47185,ok,47749,161152.88,0,0.4783,0.2353,0.2711,0.1892,0.373,0.5826,1035129.38,0.1557,1,1.0,1,0.0098,87.14,90.0,32.43,35.0,135.0,RAS
s0021,autochthon_right,1,0.9703,0.9423,45011,2242,512,47253,45523,ok,47253,159478.88,0,0.6417,0.252,0.2757,0.1838,0.3784,0.5826,1020127.5,0.1563,1,1.0,1,0.0101,85.83,87.0,31.26,37.0,134.0,RAS
s0021,brachiocephalic_trunk,0,0.9164,0.8458,1453,177,88,1630,1541,ok,1630,5501.25,0,0.5297,0.5981,0.2866,0.1351,0.0811,0.0826,22781.25,0.2415,1,1.0,0,0.0,95.27,95.0,26.89,48.0,137.0,RAS
s0021,brachiocephalic_vein_left,0,0.8867,0.7964,3298,628,215,3926,3513,ok,3926,13250.25,0,0.4286,0.5854,0.2466,0.2486,0.1243,0.1881,146400.75,0.0905,2,0.8882,0,0.0,82.6,83.5,19.4,50.0,111.0,RAS
s0021,brachiocephalic_vein_right,1,0.9686,0.939,2603,50,119,2653,2722,ok,2653,8953.88,0,0.6374,0.5827,0.2816,0.1081,0.0865,0.1193,28080.0,0.3189,1,1.0,0,0.0,92.66,97.0,30.91,34.6,131.0,RAS
s0021,brain,1,0.9622,0.9272,73229,3645,2101,76874,75330,ok,76874,259449.75,0,0.4829,0.4664,0.9487,0.4486,0.4541,0.1468,752976.0,0.3446,1,1.0,1,0.0654,40.14,39.0,18.1,17.0,65.0,RAS
s0021,clavicula_left,1,0.99,0.9803,18299,238,130,18537,18429,ok,18537,62562.38,0,0.2772,0.5613,0.435,0.4054,0.3514,0.344,1233984.38,0.0507,1,1.0,0,0.0,315.37,252.0,273.49,-18.0,866.0,RAS
s0021,clavicula_right,1,0.9875,0.9754,14008,269,85,14277,14093,ok,14277,48184.88,0,0.7998,0.6191,0.3749,0.3946,0.2973,0.2477,731733.75,0.0659,1,1.0,1,0.0169,328.95,269.0,270.62,-14.0,873.0,RAS
s0021,common_carotid_artery_left,0,0.9344,0.8768,1552,182,36,1734,1588,ok,1734,5852.25,0,0.4416,0.5988,0.3982,0.0811,0.1135,0.3486,80797.5,0.0724,1,1.0,0,0.0,74.61,80.0,25.48,22.65,107.35,RAS
s0021,common_carotid_artery_right,1,0.956,0.9158,1196,79,31,1275,1227,ok,1275,4303.12,0,0.6185,0.6233,0.4374,0.0973,0.0595,0.2844,41431.5,0.1039,1,1.0,0,0.0,73.43,78.0,21.47,32.0,101.3,RAS
s0021,costal_cartilages,0,0.9395,0.8859,6501,358,479,6859,6980,ok,6859,23149.12,0,0.5157,0.7039,0.1385,0.4811,0.1784,0.2339,505531.12,0.0458,4,0.2907,0,0.0,99.33,100.0,26.96,57.0,138.0,RAS
s0021,esophagus,1,0.9636,0.9298,7421,189,371,7610,7792,ok,7610,25683.75,0,0.499,0.4785,0.2462,0.1135,0.2541,0.4633,336443.62,0.0763,1,1.0,1,0.0043,6.05,34.0,133.63,-174.55,83.0,RAS
s0021,heart,0,0.9334,0.8752,40306,2722,3027,43028,43333,ok,43028,145219.5,0,0.4429,0.5383,0.069,0.4541,0.4486,0.1789,917689.5,0.1582,4,0.9654,1,0.0478,68.74,72.0,24.71,21.0,103.0,RAS
s0021,humerus_left,1,0.9824,0.9655,2323,56,27,2379,2350,ok,2379,8029.12,0,0.011,0.4828,0.4919,0.0378,0.1568,0.1193,17813.25,0.4507,1,1.0,1,0.2446,305.06,274.0,190.68,62.0,639.0,RAS
s0021,humerus_right,0,0.0,0.0,0,0,79,0,79,miss,0,0.0,1,,,,0.0,0.0,0.0,0.0,0.0,0,0.0,0,0.0,,,,,,RAS
s0021,lung_lower_lobe_left,0,0.9474,0.9,32983,1853,1812,34836,34795,ok,34836,117571.5,0,0.3077,0.2485,0.0643,0.3568,0.227,0.2156,439708.5,0.2674,2,1.0,1,0.0427,-431.81,-472.0,229.84,-732.0,-2.0,RAS
s0021,lung_lower_lobe_right,1,0.9689,0.9397,41539,972,1695,42511,43234,ok,42511,143474.62,0,0.7842,0.3067,0.0563,0.4108,0.2649,0.1651,452466.0,0.3171,2,1.0,1,0.0488,-415.15,-434.0,233.37,-741.0,-9.0,RAS
s0021,lung_middle_lobe_right,0,0.8572,0.75,17065,652,5036,17717,22101,ok,17717,59794.88,0,0.798,0.5031,0.0164,0.4541,0.3784,0.0596,257985.0,0.2318,1,1.0,1,0.1627,-705.34,-784.0,199.96,-845.0,-200.8,RAS
s0021,lung_upper_lobe_left,1,0.992,0.9841,216074,1730,1768,217804,217842,ok,217804,735088.5,0,0.2549,0.4394,0.1705,0.4324,0.5622,0.4128,2527200.0,0.2909,1,1.0,1,0.0121,-687.49,-755.0,180.87,-852.0,-294.0,RAS
s0021,lung_upper_lobe_right,1,0.9825,0.9657,210318,6240,1237,216558,211555,ok,216558,730883.25,0,0.7732,0.4923,0.1729,0.4703,0.5189,0.4128,2536920.0,0.2881,1,1.0,1,0.0045,-686.12,-754.0,175.53,-835.0,-294.0,RAS
s0021,pulmonary_vein,0,0.9463,0.8981,5606,235,401,5841,6007,ok,5841,19713.38,0,0.5005,0.4509,0.0383,0.3784,0.2216,0.1101,232470.0,0.0848,3,0.5314,1,0.0668,77.4,78.0,29.97,30.0,124.0,RAS
s0021,rib_left_1,1,0.9631,0.9288,5195,36,362,5231,5557,ok,5231,17654.62,0,0.2851,0.5429,0.3257,0.1676,0.2432,0.3211,329568.75,0.0536,1,1.0,0,0.0,337.62,302.0,205.24,74.0,723.5,RAS
s0021,rib_left_2,1,0.977,0.9551,7106,112,222,7218,7328,ok,7218,24360.75,0,0.217,0.4777,0.2761,0.2865,0.4162,0.4083,1225830.38,0.0199,1,1.0,0,0.0,224.43,224.0,112.13,44.0,409.0,RAS
s0021,rib_left_3,1,0.987,0.9744,7495,38,159,7533,7654,ok,7533,25423.88,0,0.172,0.3972,0.213,0.3568,0.4703,0.3945,1666615.5,0.0153,1,1.0,1,0.0106,253.66,250.0,138.38,29.0,484.0,RAS
s0021,rib_left_4,1,0.9878,0.9759,6527,44,117,6571,6644,ok,6571,22177.12,0,0.1709,0.2958,0.1741,0.3892,0.3243,0.3073,976860.0,0.0227,1,1.0,1,0.0123,305.72,296.0,163.46,52.5,594.0,RAS
s0021,rib_left_5,1,0.9833,0.9671,5086,38,135,5124,5221,ok,5124,17293.5,0,0.2039,0.2276,0.1365,0.3892,0.2216,0.2385,518076.0,0.0334,1,1.0,1,0.0135,356.22,333.0,180.64,88.0,707.0,RAS
s0021,rib_left_6,1,0.9793,0.9594,4466,67,122,4533,4588,ok,4533,15298.88,0,0.2414,0.1747,0.0896,0.3405,0.1459,0.1651,206671.5,0.074,1,1.0,1,0.0192,417.86,384.0,200.14,137.6,811.4,RAS
s0021,rib_left_7,1,0.9813,0.9632,2748,59,46,2807,2794,ok,2807,9473.62,0,0.2951,0.1476,0.0411,0.2649,0.1243,0.0963,79876.12,0.1186,1,1.0,1,0.0481,362.13,331.0,171.2,142.3,674.0,RAS
s0021,rib_left_8,0,0.9155,0.8442,65,4,8,69,73,ok,69,232.88,0,0.3962,0.193,0.0015,0.0649,0.0541,0.0092,810.0,0.2875,1,1.0,1,0.6667,337.04,337.0,71.18,234.0,448.0,RAS
s0021,rib_right_1,1,0.9483,0.9017,4944,286,253,5230,5197,ok,5230,17651.25,0,0.7685,0.5623,0.3269,0.1622,0.2162,0.3165,279450.0,0.0632,1,1.0,0,0.0,360.77,303.0,303.24,61.0,770.55,RAS
s0021,rib_right_2,1,0.9847,0.9699,6446,124,76,6570,6522,ok,6570,22173.75,0,0.851,0.4999,0.2699,0.2703,0.3784,0.4128,1063125.0,0.0209,1,1.0,0,0.0,251.2,245.0,125.05,58.0,469.0,RAS
s0021,rib_right_3,1,0.9846,0.9697,6202,19,175,6221,6377,ok,6221,20995.88,0,0.9001,0.4065,0.2187,0.3081,0.373,0.3945,1141553.25,0.0184,1,1.0,1,0.0685,288.69,286.0,154.89,37.0,559.0,RAS
s0021,rib_right_4,1,0.9854,0.9713,3995,6,112,4001,4107,ok,4001,13503.38,0,0.8713,0.2921,0.2217,0.2865,0.1514,0.2431,265450.5,0.0509,1,1.0,1,0.037,365.46,353.0,158.02,124.0,645.0,RAS
s0021,rib_right_5,1,0.9823,0.9652,4435,12,148,4447,4583,ok,4447,15008.62,0,0.8718,0.2552,0.1435,0.2865,0.1676,0.2339,282801.38,0.0531,1,1.0,1,0.0322,400.52,382.0,186.12,137.0,746.7,RAS
s0021,rib_right_6,1,0.9868,0.974,3816,44,58,3860,3874,ok,3860,13027.5,0,0.8503,0.2112,0.0801,0.2811,0.1297,0.156,143208.0,0.091,1,1.0,1,0.0199,423.56,399.0,189.72,155.95,786.0,RAS
s0021,rib_right_7,1,0.9728,0.947,1698,11,84,1709,1782,ok,1709,5767.88,0,0.7802,0.1818,0.0295,0.1784,0.0865,0.0734,28512.0,0.2023,1,1.0,1,0.0597,424.42,412.0,172.52,143.4,722.0,RAS
s0021,scapula_left,1,0.9749,0.951,46053,1001,1371,47054,47424,ok,47054,158807.25,0,0.1148,0.277,0.3607,0.3568,0.4919,0.5826,2574321.75,0.0617,2,1.0,1,0.013,341.82,290.0,226.36,86.0,799.0,RAS
s0021,scapula_right,1,0.9574,0.9183,14978,146,1187,15124,16165,ok,15124,51043.5,0,0.9238,0.2252,0.2411,0.1784,0.4054,0.4083,743428.12,0.0687,2,0.9821,1,0.0534,301.66,278.0,154.57,102.0,598.0,RAS
s0021,skull,1,0.9683,0.9385,131737,2003,6630,133740,138367,ok,133740,451372.5,0,0.5069,0.6199,0.8749,0.5081,0.7568,0.3303,3197880.0,0.1411,3,0.9999,1,0.0108,576.02,473.0,490.06,28.0,1436.0,RAS
s0021,spinal_cord,1,0.965,0.9324,13621,265,722,13886,14343,ok,13886,46865.25,0,0.5369,0.4274,0.4735,0.1351,0.3405,0.8532,988706.25,0.0474,1,1.0,1,0.005,29.57,29.0,28.22,-14.0,76.0,RAS
s0021,sternum,1,0.9818,0.9642,21195,210,577,21405,21772,ok,21405,72241.88,0,0.5255,0.7043,0.1597,0.2865,0.1784,0.289,371881.12,0.1943,1,1.0,1,0.0094,205.27,186.0,150.11,2.0,484.0,RAS
s0021,subclavian_artery_left,1,0.9595,0.9221,2663,128,97,2791,2760,ok,2791,9419.62,0,0.366,0.5318,0.3492,0.2919,0.0811,0.1606,95681.25,0.0984,1,1.0,0,0.0,62.36,67.0,31.24,7.0,104.0,RAS
s0021,subclavian_artery_right,1,0.9635,0.9296,1968,131,18,2099,1986,ok,2099,7084.12,0,0.708,0.572,0.3673,0.3189,0.0703,0.0963,54361.12,0.1303,1,1.0,0,0.0,71.74,74.0,25.31,28.0,109.0,RAS
s0021,superior_vena_cava,1,0.9823,0.9651,7920,108,178,8028,8098,ok,8028,27094.5,0,0.6186,0.548,0.1297,0.1189,0.1135,0.2339,79521.75,0.3407,1,1.0,1,0.0,82.21,84.0,24.27,41.0,116.0,RAS
s0021,thyroid_gland,1,0.958,0.9195,4121,122,239,4243,4360,ok,4243,14320.12,0,0.5371,0.6511,0.4386,0.2162,0.0973,0.1514,80190.0,0.1786,2,0.5635,0,0.0,84.94,88.0,23.28,46.0,115.0,RAS
s0021,trachea,1,0.9873,0.975,13900,74,283,13974,14183,ok,13974,47162.25,0,0.5406,0.5378,0.2781,0.3081,0.3135,0.367,892620.0,0.0528,1,1.0,0,0.0,-887.1,-982.0,193.2,-1021.0,-426.0,RAS
s0021,vertebrae_C1,0,0.9108,0.8362,5662,41,1068,5703,6730,ok,5703,19247.62,0,0.5233,0.5667,0.8171,0.3243,0.1838,0.078,117045.0,0.1644,5,0.9982,0,0.0,510.01,439.0,290.71,155.1,1121.0,RAS
s0021,vertebrae_C2,1,0.9907,0.9816,8461,77,82,8538,8543,ok,8538,28815.75,0,0.5126,0.5439,0.7655,0.2432,0.2162,0.1376,182250.0,0.1581,1,1.0,0,0.0,395.62,359.0,192.06,152.85,770.15,RAS
s0021,vertebrae_C3,1,0.9817,0.964,6106,106,122,6212,6228,ok,6212,20965.5,0,0.5108,0.555,0.7072,0.227,0.2108,0.0917,110565.0,0.1896,2,0.9997,0,0.0,431.18,396.0,190.23,178.55,796.0,RAS
s0021,vertebrae_C4,1,0.9813,0.9633,5804,61,160,5865,5964,ok,5865,19794.38,0,0.5218,0.5702,0.663,0.2324,0.2054,0.0872,104780.25,0.1889,2,0.9998,0,0.0,450.58,421.0,186.02,205.0,799.0,RAS
s0021,vertebrae_C5,1,0.9865,0.9734,7108,99,95,7207,7203,ok,7207,24323.62,0,0.5257,0.5634,0.6099,0.2378,0.2108,0.1101,138996.0,0.175,2,0.9999,0,0.0,436.16,405.0,184.71,196.0,783.7,RAS
s0021,vertebrae_C6,1,0.9875,0.9752,7911,92,109,8003,8020,ok,8003,27010.12,0,0.5288,0.5546,0.558,0.2541,0.2324,0.1147,170521.88,0.1584,2,0.9993,0,0.0,386.4,359.0,156.47,179.0,683.0,RAS
s0021,vertebrae_C7,1,0.9884,0.9771,9307,51,167,9358,9474,ok,9358,31583.25,0,0.5369,0.5128,0.5066,0.3081,0.2541,0.1193,235082.25,0.1343,2,0.9999,0,0.0,371.49,331.0,172.82,152.0,704.0,RAS
s0021,vertebrae_T1,1,0.9898,0.9798,10467,100,116,10567,10583,ok,10567,35663.62,0,0.5406,0.4677,0.4536,0.3027,0.2595,0.1376,272160.0,0.131,1,1.0,0,0.0,341.63,300.0,168.65,145.0,673.0,RAS
s0021,vertebrae_T2,1,0.9919,0.9839,10895,48,130,10943,11025,ok,10943,36932.62,0,0.5454,0.422,0.392,0.2919,0.2703,0.1468,291600.0,0.1267,1,1.0,0,0.0,283.91,245.0,152.41,107.0,597.0,RAS
s0021,vertebrae_T3,1,0.9902,0.9806,10361,35,170,10396,10531,ok,10396,35086.5,0,0.5524,0.3681,0.3242,0.2649,0.2973,0.1376,272868.75,0.1286,1,1.0,0,0.0,295.42,260.0,157.26,106.0,602.0,RAS
s0021,vertebrae_T4,1,0.9916,0.9833,10620,103,77,10723,10697,ok,10723,36190.12,0,0.5606,0.328,0.2534,0.2595,0.2973,0.1284,249480.0,0.1451,1,1.0,0,0.0,297.46,263.0,147.86,126.0,587.9,RAS
s0021,vertebrae_T5,1,0.9912,0.9825,11258,108,92,11366,11350,ok,11366,38360.25,0,0.5668,0.3027,0.1809,0.2703,0.3081,0.1468,307800.0,0.1246,1,1.0,0,0.0,289.23,253.0,146.35,122.0,576.0,RAS
s0021,vertebrae_T6,1,0.9899,0.9801,11744,48,191,11792,11935,ok,11792,39798.0,0,0.5624,0.2815,0.106,0.2649,0.3081,0.1651,339349.5,0.1173,1,1.0,0,0.0,297.21,259.0,154.2,118.0,606.0,RAS
s0021,vertebrae_T7,1,0.9911,0.9824,11722,31,179,11753,11901,ok,11753,39666.38,0,0.5564,0.2796,0.0329,0.2649,0.2649,0.1055,186377.62,0.2128,1,1.0,1,0.0537,284.03,248.0,146.41,116.0,578.0,RAS
s0021,vertebrae_T8,0,0.9422,0.8908,106,1,12,107,118,ok,107,361.12,0,0.5283,0.24,0.0042,0.1351,0.0324,0.0229,2531.25,0.1427,2,0.757,1,0.4673,560.27,563.0,160.45,290.4,796.4,RAS
s0000,colon,1,0.9501,0.905,56291,2895,3014,59186,59305,ok,59186,199752.78,0,0.4393,0.3229,0.9191,0.2415,0.5156,0.2849,1209866.75,0.1651,1,1.0,1,0.0547,-293.49,-37.0,433.6,-967.0,131.0,RAS
s0000,femur_left,1,0.9918,0.9837,68766,559,583,69325,69349,ok,69325,233971.91,0,0.1962,0.3505,0.5443,0.1837,0.2083,0.9106,1188270.12,0.1969,1,1.0,1,0.0,650.44,485.0,471.73,96.0,1535.0,RAS
s0000,femur_right,1,0.9888,0.9778,72103,350,1288,72453,73391,ok,72453,244528.91,0,0.7066,0.5738,0.5444,0.2347,0.7031,0.7989,4495652.5,0.0544,1,1.0,1,0.0054,658.25,508.0,467.48,88.0,1437.0,RAS
s0000,gluteus_maximus_left,1,0.9683,0.9385,136306,6633,2300,142939,138606,ok,142939,482419.19,0,0.1971,0.1678,0.7624,0.2959,0.2656,0.6257,1677186.25,0.2876,1,1.0,1,0.011,31.56,34.0,19.21,-2.0,59.0,RAS
s0000,gluteus_maximus_right,1,0.964,0.9306,146651,6738,4201,153389,150852,ok,153389,517687.94,0,0.6271,0.2287,0.6771,0.3639,0.401,0.6536,3253375.5,0.1591,1,1.0,1,0.0075,33.61,34.0,15.83,6.0,58.0,RAS
s0000,gluteus_medius_left,1,0.9568,0.9171,21126,1291,619,22417,21745,ok,22417,75657.38,0,0.143,0.3888,0.9299,0.1429,0.3125,0.1732,263655.03,0.287,1,1.0,1,0.0504,53.63,55.0,16.3,36.0,70.0,RAS
s0000,gluteus_medius_right,1,0.9478,0.9007,34114,3027,733,37141,34847,ok,37141,125350.89,0,0.7466,0.4076,0.8907,0.1837,0.276,0.2793,482962.56,0.2595,1,1.0,1,0.0288,48.25,51.0,19.2,26.0,67.0,RAS
s0000,gluteus_minimus_left,0,0.9418,0.8899,8958,604,504,9562,9462,ok,9562,32271.75,0,0.1805,0.4051,0.9191,0.0816,0.2448,0.1844,125631.02,0.2569,1,1.0,1,0.0365,58.15,59.0,16.95,31.05,83.0,RAS
s0000,gluteus_minimus_right,1,0.9526,0.9095,11437,757,381,12194,11818,ok,12194,41154.75,0,0.687,0.436,0.9137,0.1088,0.2656,0.2235,220320.03,0.1868,1,1.0,1,0.0319,55.47,58.0,17.93,26.0,76.0,RAS
s0000,hip_left,1,0.9844,0.9694,41077,251,1047,41328,42124,ok,41328,139482.02,0,0.2853,0.3621,0.8209,0.2313,0.3854,0.3911,1188810.12,0.1173,1,1.0,1,0.0141,493.56,429.0,278.2,142.0,1044.0,RAS
s0000,hip_right,1,0.9888,0.9779,47992,352,735,48344,48727,ok,48344,163161.02,0,0.5767,0.3719,0.804,0.3061,0.4583,0.4246,2031480.25,0.0803,1,1.0,1,0.0145,524.03,459.0,300.22,145.0,1125.0,RAS
s0000,iliac_artery_left,0,0.9409,0.8884,1075,55,80,1130,1155,ok,1130,3813.75,0,0.2863,0.5352,0.8575,0.0714,0.099,0.2682,64638.01,0.059,1,1.0,1,0.0142,95.42,99.0,24.04,53.0,128.0,RAS
s0000,iliac_artery_right,0,0.63,0.4598,572,614,58,1186,630,ok,1186,4002.75,0,0.5637,0.5541,0.8782,0.0612,0.1562,0.2067,67432.51,0.0594,1,1.0,1,0.032,107.31,110.0,18.42,72.0,132.0,RAS
s0000,iliac_vena_left,0,0.8805,0.7866,1463,225,172,1688,1635,ok,1688,5697.0,0,0.2957,0.5226,0.8105,0.051,0.1094,0.2849,54219.38,0.1051,1,1.0,1,0.0,58.65,60.0,17.04,26.0,86.0,RAS
s0000,iliac_vena_right,0,0.7738,0.631,903,403,125,1306,1028,ok,1306,4407.75,0,0.5427,0.501,0.9068,0.0374,0.1667,0.1844,39204.0,0.1124,1,1.0,1,0.0467,71.12,72.0,12.96,47.0,91.0,RAS
s0000,iliopsoas_left,1,0.9777,0.9564,20467,534,398,21001,20865,ok,21001,70878.38,0,0.2342,0.5027,0.8527,0.1327,0.2135,0.3687,356177.31,0.199,1,1.0,1,0.025,64.98,67.0,18.59,33.0,88.0,RAS
s0000,iliopsoas_right,0,0.896,0.8117,26921,5593,654,32514,27575,ok,32514,109734.77,0,0.6273,0.5362,0.8518,0.1327,0.2448,0.3799,420673.56,0.2609,1,1.0,1,0.0226,65.49,65.0,19.09,37.0,94.0,RAS
s0000,prostate,0,0.0,0.0,0,197,0,197,0,false_positive,197,664.88,0,0.4115,0.3669,0.7342,0.0442,0.0312,0.0335,1579.5,0.4209,1,1.0,0,0.0,24.34,24.0,6.82,13.0,35.2,RAS
s0000,sacrum,0,0.9177,0.8478,3616,461,188,4077,3804,ok,4077,13759.88,0,0.4307,0.0912,0.9393,0.1667,0.0938,0.1844,98232.77,0.1401,1,1.0,1,0.0672,269.87,237.0,146.2,102.0,549.2,RAS
s0000,small_bowel,0,0.3102,0.1836,244,1085,0,1329,244,low_dice,1329,4485.38,0,0.537,0.5862,0.9824,0.2211,0.2917,0.0447,98280.02,0.0456,3,0.9345,1,0.2528,38.16,42.0,52.82,-22.0,108.6,RAS
s0000,urinary_bladder,0,0.9355,0.8789,61610,2083,6406,63693,68016,ok,63693,214963.91,0,0.4072,0.4715,0.8362,0.1905,0.2604,0.2793,472500.06,0.455,2,1.0,1,0.0,20.79,20.0,22.85,-9.0,61.0,RAS
s0747,adrenal_gland_left,0,0.8296,0.7088,1436,192,398,1628,1834,ok,1628,5494.5,0,0.3481,0.4187,0.1529,0.0639,0.0865,0.1232,34310.25,0.1601,1,1.0,0,0.0,-13.99,-13.0,40.8,-81.0,49.0,RAS
s0747,adrenal_gland_right,0,0.8215,0.6971,1254,321,224,1575,1478,ok,1575,5315.62,0,0.5557,0.4404,0.1285,0.0602,0.109,0.1185,39150.0,0.1358,1,1.0,0,0.0,-5.71,-5.0,45.9,-80.0,69.0,RAS
s0747,aorta,1,0.9778,0.9565,85105,1772,2098,86877,87203,ok,86877,293209.88,0,0.4383,0.4438,0.4944,0.1466,0.3797,0.8009,2246707.0,0.1305,2,0.9905,1,0.0024,46.32,37.0,86.02,-15.0,98.0,RAS
s0747,atrial_appendage_left,0,0.9028,0.8228,3278,305,401,3583,3679,ok,3583,12092.62,0,0.3589,0.4749,0.5372,0.1165,0.0902,0.0806,42687.0,0.2833,1,1.0,0,0.0,17.42,21.0,29.39,-40.9,58.0,RAS
s0747,autochthon_left,1,0.9657,0.9336,76402,2646,2784,79048,79186,ok,79048,266787.0,0,0.4163,0.205,0.389,0.218,0.4098,1.0,4502054.0,0.0593,1,1.0,1,0.0184,2.66,8.0,48.22,-87.0,72.0,RAS
s0747,autochthon_right,1,0.9613,0.9254,78484,2768,3555,81252,82039,ok,81252,274225.5,0,0.5643,0.2214,0.415,0.2068,0.4248,1.0,4425857.0,0.062,1,1.0,1,0.0165,1.32,4.0,46.67,-82.0,72.0,RAS
s0747,brachiocephalic_trunk,0,0.803,0.6708,1836,725,176,2561,2012,ok,2561,8643.38,0,0.5109,0.5819,0.7312,0.1015,0.0639,0.0664,21687.75,0.3985,1,1.0,0,0.0,40.3,38.0,39.41,5.0,71.0,RAS
s0747,brachiocephalic_vein_left,0,0.0012,0.0006,5,7865,446,7870,451,low_dice,7870,26561.25,0,0.4451,0.611,0.7653,0.1729,0.1203,0.1517,158976.0,0.1671,1,1.0,0,0.0,79.38,55.0,167.6,8.0,113.0,RAS
s0747,brachiocephalic_vein_right,0,0.1595,0.0867,87,607,310,694,397,low_dice,694,2342.25,0,0.5734,0.6134,0.7785,0.0564,0.0489,0.1374,19085.62,0.1227,2,0.9986,0,0.0,18.25,22.0,32.68,-42.35,64.35,RAS
s0747,clavicula_left,1,0.9688,0.9395,6368,340,70,6708,6438,ok,6708,22639.5,0,0.3851,0.6686,0.8952,0.1617,0.1278,0.1848,192435.75,0.1176,1,1.0,1,0.0145,377.56,274.0,370.56,-52.65,1165.3,RAS
s0747,clavicula_right,1,0.977,0.955,7282,202,141,7484,7423,ok,7484,25258.5,0,0.601,0.6454,0.9034,0.188,0.2256,0.2038,435375.0,0.058,1,1.0,1,0.029,377.89,262.0,387.62,-59.0,1162.0,RAS
s0747,colon,0,0.9251,0.8606,46945,5300,2305,52245,49250,ok,52245,176326.88,0,0.2973,0.6652,0.086,0.7068,0.391,0.2322,3233412.0,0.0545,2,0.9099,1,0.047,-281.07,-47.0,411.13,-1001.0,60.0,RAS
s0747,common_carotid_artery_left,0,0.8947,0.8094,2085,313,178,2398,2263,ok,2398,8093.25,0,0.4294,0.5596,0.8252,0.0714,0.0789,0.218,61944.75,0.1307,1,1.0,0,0.0,25.66,29.0,28.27,-27.0,66.0,RAS
s0747,common_carotid_artery_right,0,0.6964,0.5342,726,256,377,982,1103,ok,982,3314.25,0,0.5623,0.6102,0.8409,0.0451,0.0602,0.2559,34992.0,0.0947,3,0.8198,1,0.0204,20.76,21.0,32.78,-32.0,73.0,RAS
s0747,costal_cartilages,0,0.9341,0.8763,59165,3236,5117,62401,64282,ok,62401,210603.38,0,0.4498,0.7421,0.3676,0.797,0.3534,0.8341,11837232.0,0.0178,25,0.3799,1,0.0001,111.26,98.0,82.41,36.0,246.0,RAS
s0747,duodenum,0,0.826,0.7035,6065,495,2061,6560,8126,ok,6560,22140.0,0,0.566,0.5783,0.0286,0.2707,0.1278,0.0806,140454.0,0.1576,2,0.9796,1,0.0919,-58.9,8.0,239.08,-859.0,64.0,RAS
s0747,esophagus,0,0.924,0.8587,12419,1575,468,13994,12887,ok,13994,47229.75,0,0.4523,0.4479,0.5584,0.1767,0.282,0.7109,1784531.25,0.0265,1,1.0,0,0.0,-57.61,18.0,249.05,-889.0,74.0,RAS
s0747,gallbladder,0,0.0,0.0,0,0,150,0,150,miss,0,0.0,1,,,,0.0,0.0,0.0,0.0,0.0,0,0.0,0,0.0,,,,,,RAS
s0747,heart,1,0.9732,0.9478,189002,5392,5022,194394,194024,ok,194394,656079.75,0,0.3576,0.5206,0.4143,0.4135,0.312,0.4123,2680796.25,0.2447,1,1.0,0,0.0,30.17,32.0,25.94,-14.0,68.0,RAS
s0747,humerus_left,0,0.7385,0.5854,209,84,64,293,273,ok,293,988.88,0,0.126,0.5518,0.9929,0.0489,0.0677,0.0142,2369.25,0.4174,1,1.0,1,0.5802,162.7,86.0,160.59,20.6,515.2,RAS
s0747,humerus_right,1,0.9814,0.9634,12174,192,270,12366,12444,ok,12366,41735.25,0,0.8465,0.5499,0.9636,0.1316,0.1429,0.0948,89775.0,0.4649,1,1.0,1,0.0827,154.48,129.0,135.47,-18.0,423.0,RAS
s0747,iliopsoas_left,0,0.9224,0.856,1005,57,112,1062,1117,ok,1062,3584.25,0,0.3815,0.3465,0.0181,0.0301,0.094,0.0521,7425.0,0.4827,1,1.0,1,0.1394,33.75,33.0,38.98,-28.0,98.95,RAS
s0747,iliopsoas_right,0,0.9263,0.8628,2025,246,76,2271,2101,ok,2271,7664.62,0,0.5578,0.3528,0.0252,0.0451,0.1128,0.0853,21870.0,0.3505,1,1.0,1,0.107,26.99,28.0,42.36,-45.0,95.0,RAS
s0747,inferior_vena_cava,0,0.9101,0.8351,13457,480,2177,13937,15634,ok,13937,47037.38,0,0.5084,0.4946,0.2069,0.1165,0.0827,0.3934,191045.25,0.2462,1,1.0,1,0.009,31.71,32.0,35.06,-25.2,89.0,RAS
s0747,kidney_left,1,0.959,0.9212,21835,612,1255,22447,23090,ok,22447,75758.62,0,0.2736,0.3497,0.0742,0.1617,0.1729,0.1754,247002.75,0.3067,1,1.0,1,0.0311,8.9,9.0,41.12,-59.0,74.0,RAS
s0747,kidney_right,1,0.9518,0.9081,11297,212,931,11509,12228,ok,11509,38842.88,0,0.6348,0.4097,0.0312,0.1316,0.1617,0.0948,101587.5,0.3824,1,1.0,1,0.0803,17.41,18.0,35.54,-41.0,73.0,RAS
s0747,liver,1,0.978,0.9569,407264,9456,8890,416720,416154,ok,416720,1406430.0,0,0.6412,0.5305,0.1693,0.4962,0.5263,0.3412,4490640.0,0.3132,1,1.0,1,0.0056,43.64,44.0,35.29,-13.0,101.0,RAS
s0747,lung_lower_lobe_left,1,0.9911,0.9824,329527,1365,4530,330892,334057,ok,330892,1116760.5,0,0.3052,0.3039,0.5258,0.3383,0.3722,0.7109,4510687.5,0.2476,1,1.0,0,0.0,-834.41,-873.0,143.16,-943.0,-553.0,RAS
s0747,lung_lower_lobe_right,1,0.9939,0.988,438035,2239,3094,440274,441129,ok,440274,1485924.75,0,0.6449,0.3479,0.4192,0.3872,0.485,0.6398,6053889.5,0.2454,4,1.0,0,0.0,-837.48,-873.0,132.01,-927.0,-597.0,RAS
s0747,lung_middle_lobe_right,1,0.9801,0.961,185870,2791,4749,188661,190619,ok,188661,636730.88,0,0.6341,0.6157,0.4195,0.3947,0.3421,0.3033,2063880.0,0.3085,1,1.0,0,0.0,-878.78,-910.0,124.14,-953.0,-683.0,RAS
s0747,lung_upper_lobe_left,1,0.9927,0.9854,355535,3829,1427,359364,356962,ok,359364,1212853.5,0,0.2816,0.5533,0.6414,0.312,0.4135,0.6209,4036601.25,0.3005,1,1.0,0,0.0,-865.48,-900.0,126.73,-948.0,-629.0,RAS
s0747,lung_upper_lobe_right,1,0.9896,0.9795,353436,3241,4174,356677,357610,ok,356677,1203784.88,0,0.6341,0.5248,0.6694,0.3797,0.4887,0.4313,4032551.25,0.2985,2,1.0,0,0.0,-863.98,-894.0,120.58,-940.0,-664.0,RAS
s0747,pancreas,0,0.7767,0.635,6516,1936,1810,8452,8326,ok,8452,28525.5,0,0.4228,0.5639,0.065,0.2256,0.1466,0.128,213232.5,0.1338,2,0.9999,1,0.0341,4.55,6.0,46.24,-72.0,73.0,RAS
s0747,portal_vein_and_splenic_vein,0,0.5485,0.3779,3792,2168,4074,5960,7866,ok,5960,20115.0,0,0.4788,0.5452,0.0979,0.3797,0.1992,0.1422,541991.25,0.0371,2,0.8617,0,0.0,24.68,25.0,38.95,-35.0,82.0,RAS
s0747,pulmonary_vein,0,0.9051,0.8267,6785,628,794,7413,7579,ok,7413,25018.88,0,0.4539,0.4305,0.5059,0.2932,0.188,0.1991,552825.0,0.0453,3,0.5393,0,0.0,24.64,31.0,44.15,-34.0,69.0,RAS
s0747,rib_left_1,0,0.9396,0.8861,3882,137,362,4019,4244,ok,4019,13564.12,0,0.341,0.594,0.8685,0.1053,0.218,0.2227,257607.0,0.0527,1,1.0,0,0.0,331.11,298.0,225.59,35.0,758.2,RAS
s0747,rib_left_10,0,0.945,0.8958,5276,538,76,5814,5352,ok,5814,19622.25,0,0.2129,0.2594,0.2996,0.3421,0.3609,0.3602,2240784.0,0.0088,1,1.0,0,0.0,266.12,253.0,154.27,32.65,542.0,RAS
s0747,rib_left_11,1,0.9677,0.9375,3808,220,34,4028,3842,ok,4028,13594.5,0,0.2368,0.2332,0.1756,0.3195,0.2744,0.327,1444989.38,0.0094,1,1.0,1,0.0092,286.84,275.0,156.61,56.0,552.65,RAS
s0747,rib_left_12,0,0.8222,0.6981,1244,533,5,1777,1249,ok,1777,5997.38,0,0.3096,0.22,0.0957,0.2143,0.0977,0.1991,210073.5,0.0285,1,1.0,1,0.0163,227.94,209.0,125.04,55.0,461.6,RAS
s0747,rib_left_2,1,0.9707,0.9431,4941,127,171,5068,5112,ok,5068,17104.5,0,0.2911,0.5591,0.8612,0.1729,0.312,0.2796,760259.25,0.0225,1,1.0,0,0.0,206.0,189.0,164.97,-23.65,511.65,RAS
s0747,rib_left_3,1,0.9488,0.9025,4277,398,64,4675,4341,ok,4675,15778.12,0,0.2536,0.5293,0.8214,0.218,0.3835,0.3602,1517454.0,0.0104,1,1.0,0,0.0,193.01,192.0,150.91,-29.0,457.0,RAS
s0747,rib_left_4,1,0.9764,0.9538,5887,185,100,6072,5987,ok,6072,20493.0,0,0.2326,0.5135,0.7607,0.2331,0.4474,0.4313,2265968.25,0.009,1,1.0,0,0.0,188.81,187.0,161.86,-50.0,472.0,RAS
s0747,rib_left_5,1,0.968,0.938,6442,369,57,6811,6499,ok,6811,22987.12,0,0.2256,0.4825,0.7006,0.2481,0.4887,0.4455,2722005.0,0.0084,2,0.9999,0,0.0,175.54,167.0,172.13,-63.0,498.0,RAS
s0747,rib_left_6,1,0.9625,0.9277,7091,431,122,7522,7213,ok,7522,25386.75,0,0.2187,0.4462,0.6354,0.2556,0.5263,0.4645,3148740.0,0.0081,1,1.0,0,0.0,177.86,171.0,166.93,-66.0,481.0,RAS
s0747,rib_left_7,1,0.9586,0.9205,8548,592,146,9140,8694,ok,9140,30847.5,0,0.2044,0.4101,0.5606,0.2932,0.5226,0.4597,3549399.75,0.0087,2,0.9999,0,0.0,208.34,206.0,175.8,-51.0,505.05,RAS
s0747,rib_left_8,1,0.9701,0.9419,7241,328,119,7569,7360,ok,7569,25545.38,0,0.2056,0.3358,0.4909,0.312,0.4699,0.4408,3256453.0,0.0078,1,1.0,0,0.0,222.56,220.0,153.55,-13.0,483.0,RAS
s0747,rib_left_9,1,0.972,0.9455,6173,333,23,6506,6196,ok,6506,21957.75,0,0.2086,0.2854,0.4034,0.3233,0.406,0.3839,2539107.0,0.0086,1,1.0,0,0.0,224.86,216.0,147.85,-4.0,487.0,RAS
s0747,rib_right_1,0,0.9255,0.8614,3703,28,568,3731,4271,ok,3731,12592.12,0,0.6185,0.6003,0.8354,0.1015,0.203,0.2133,221433.75,0.0569,2,0.9995,0,0.0,335.33,295.0,241.35,10.5,798.5,RAS
s0747,rib_right_10,1,0.9812,0.963,5079,133,62,5212,5141,ok,5212,17590.5,0,0.754,0.2786,0.2446,0.2857,0.3684,0.3839,2036097.0,0.0086,1,1.0,0,0.0,235.1,213.0,156.84,16.0,527.35,RAS
s0747,rib_right_11,1,0.9749,0.951,3415,66,110,3481,3525,ok,3481,11748.38,0,0.7175,0.2395,0.1443,0.2594,0.2406,0.2938,924048.0,0.0127,1,1.0,1,0.0141,262.24,250.0,146.8,31.0,521.0,RAS
s0747,rib_right_12,1,0.9507,0.906,1407,88,58,1495,1465,ok,1495,5045.62,0,0.6337,0.23,0.0733,0.1617,0.0714,0.1754,102022.88,0.0495,1,1.0,1,0.0227,225.33,211.0,110.85,76.0,430.0,RAS
s0747,rib_right_2,1,0.968,0.938,4842,96,224,4938,5066,ok,4938,16665.75,0,0.6728,0.5547,0.8252,0.1729,0.3008,0.2749,720360.0,0.0231,3,0.9854,0,0.0,193.62,179.0,166.04,-29.0,507.0,RAS
s0747,rib_right_3,1,0.9484,0.9019,4488,452,36,4940,4524,ok,4940,16672.5,0,0.7054,0.5315,0.77,0.203,0.3835,0.346,1357033.5,0.0123,1,1.0,0,0.0,167.56,161.0,144.18,-35.0,422.0,RAS
s0747,rib_right_4,1,0.9733,0.948,5974,265,63,6239,6037,ok,6239,21056.62,0,0.7231,0.509,0.7031,0.2143,0.4474,0.4028,1945873.12,0.0108,1,1.0,0,0.0,198.72,186.0,172.51,-46.0,515.1,RAS
s0747,rib_right_5,1,0.9599,0.9228,7295,323,287,7618,7582,ok,7618,25710.75,0,0.7299,0.4895,0.6361,0.2143,0.5,0.4265,2302728.75,0.0112,10,0.9978,0,0.0,215.22,194.0,200.03,-59.0,594.0,RAS
s0747,rib_right_6,1,0.9675,0.9371,7662,267,247,7929,7909,ok,7929,26760.38,0,0.7395,0.4526,0.5713,0.203,0.5263,0.4313,2321865.0,0.0115,2,0.9997,0,0.0,172.83,163.0,165.09,-57.0,474.0,RAS
s0747,rib_right_7,1,0.9718,0.9452,8763,395,113,9158,8876,ok,9158,30908.25,0,0.7526,0.4144,0.5034,0.2218,0.5414,0.4408,2666682.0,0.0116,2,0.9999,0,0.0,201.68,182.0,178.83,-36.0,549.0,RAS
s0747,rib_right_8,1,0.9806,0.9619,7640,215,88,7855,7728,ok,7855,26510.62,0,0.7579,0.3527,0.4324,0.2556,0.4774,0.4597,2827210.5,0.0094,1,1.0,0,0.0,211.35,195.0,170.63,-27.0,544.0,RAS
s0747,rib_right_9,1,0.973,0.9475,6787,286,90,7073,6877,ok,7073,23871.38,0,0.7623,0.3133,0.3459,0.2744,0.4323,0.4218,2521648.0,0.0095,1,1.0,0,0.0,234.52,216.0,180.09,-28.0,567.0,RAS
s0747,scapula_left,1,0.9577,0.9189,23688,1684,408,25372,24096,ok,25372,85630.5,0,0.186,0.3865,0.8596,0.2632,0.2519,0.3934,1313786.25,0.0652,1,1.0,1,0.0379,243.73,189.0,224.21,-8.0,690.0,RAS
s0747,scapula_right,1,0.9737,0.9487,34444,1334,528,35778,34972,ok,35778,120750.75,0,0.7967,0.4147,0.8322,0.2406,0.2895,0.4976,1746360.0,0.0691,1,1.0,1,0.0135,299.22,234.0,267.72,-5.0,819.0,RAS
s0747,small_bowel,0,0.9174,0.8474,15898,629,2233,16527,18131,ok,16527,55778.62,0,0.2212,0.6198,0.0215,0.5226,0.2293,0.0853,515099.25,0.1083,3,0.7791,1,0.1311,-34.79,-1.0,154.78,-149.0,55.0,RAS
s0747,spinal_cord,1,0.9711,0.9439,17070,451,564,17521,17634,ok,17521,59133.38,0,0.4859,0.3103,0.5383,0.0714,0.3985,1.0,1434219.75,0.0412,1,1.0,1,0.0103,11.18,13.0,38.29,-54.0,70.0,RAS
s0747,spleen,1,0.9715,0.9446,41843,1111,1341,42954,43184,ok,42954,144969.75,0,0.2079,0.3409,0.1934,0.2105,0.1805,0.2796,535248.0,0.2708,1,1.0,0,0.0,23.35,24.0,37.07,-39.0,82.0,RAS
s0747,sternum,1,0.9513,0.907,22813,690,1648,23503,24461,ok,23503,79322.62,0,0.4639,0.7366,0.6432,0.1541,0.1429,0.5782,641506.5,0.1237,1,1.0,0,0.0,156.52,123.0,167.03,-44.0,475.0,RAS
s0747,stomach,1,0.9562,0.9161,96768,4813,4046,101581,100814,ok,101581,342835.88,0,0.3975,0.6204,0.1374,0.406,0.3835,0.2701,2119203.0,0.1618,1,1.0,1,0.0033,-138.5,1.0,342.8,-993.0,66.0,RAS
s0747,subclavian_artery_left,0,0.923,0.857,3369,338,224,3707,3593,ok,3707,12511.12,0,0.3777,0.5515,0.8544,0.2481,0.1203,0.1943,292248.0,0.0428,1,1.0,0,0.0,17.77,19.0,53.54,-45.0,72.0,RAS
s0747,subclavian_artery_right,0,0.9307,0.8704,4922,242,491,5164,5413,ok,5164,17428.5,0,0.595,0.5713,0.8228,0.1992,0.094,0.2085,196762.5,0.0886,1,1.0,0,0.0,34.77,34.0,56.21,-29.0,82.0,RAS
s0747,superior_vena_cava,0,0.8781,0.7827,1783,238,257,2021,2040,ok,2021,6820.88,0,0.522,0.5458,0.5607,0.0564,0.1015,0.1943,56041.88,0.1217,1,1.0,0,0.0,27.19,37.0,38.81,-50.0,72.0,RAS
s0747,thyroid_gland,0,0.3148,0.1868,399,325,1412,724,1811,low_dice,724,2443.5,0,0.527,0.6306,0.8785,0.0865,0.1128,0.1706,83835.0,0.0291,2,0.6409,0,0.0,57.8,59.0,35.39,1.0,116.0,RAS
s0747,trachea,1,0.9688,0.9396,12128,361,419,12489,12547,ok,12489,42150.38,0,0.4991,0.5184,0.7347,0.2105,0.2895,0.3602,1106028.0,0.0381,1,1.0,0,0.0,-911.25,-990.0,185.58,-1023.0,-439.0,RAS
s0747,vertebrae_C5,0,0.6358,0.4661,158,181,0,339,158,ok,339,1144.12,0,0.483,0.6108,0.9892,0.0827,0.0414,0.0284,4900.5,0.2335,1,1.0,1,0.3628,287.66,285.0,106.13,112.9,476.2,RAS
s0747,vertebrae_C6,0,0.8688,0.7681,2587,587,194,3174,2781,ok,3174,10712.25,0,0.4876,0.5838,0.9704,0.1353,0.0902,0.0758,46656.0,0.2296,3,0.9984,1,0.0967,282.0,236.0,182.94,83.0,649.7,RAS
s0747,vertebrae_C7,0,0.9404,0.8875,5797,358,377,6155,6174,ok,6155,20773.12,0,0.4873,0.5472,0.9461,0.1917,0.1278,0.128,158010.75,0.1315,3,0.9992,1,0.0169,279.5,237.0,199.43,39.0,680.0,RAS
s0747,vertebrae_L1,1,0.9849,0.9703,19322,493,99,19815,19421,ok,19815,66875.62,0,0.4719,0.31,0.0958,0.1955,0.2556,0.1896,477360.0,0.1401,1,1.0,1,0.01,214.27,145.0,242.27,-35.0,728.3,RAS
s0747,vertebrae_L2,1,0.9916,0.9832,11269,136,56,11405,11325,ok,11405,38491.88,0,0.4661,0.3689,0.0271,0.1504,0.1917,0.0948,137700.0,0.2795,6,0.9991,1,0.0943,176.52,109.0,196.8,-26.0,582.0,RAS
s0747,vertebrae_T1,1,0.9758,0.9527,8058,261,139,8319,8197,ok,8319,28076.62,0,0.4867,0.4998,0.9185,0.203,0.1579,0.1611,260253.0,0.1079,2,0.9999,1,0.0054,272.19,222.0,197.63,42.0,658.1,RAS
s0747,vertebrae_T10,1,0.9765,0.9541,15983,556,213,16539,16196,ok,16539,55819.12,0,0.4883,0.2303,0.3645,0.1504,0.2143,0.1943,315495.0,0.1769,1,1.0,0,0.0,269.11,197.0,213.78,47.0,720.0,RAS
s0747,vertebrae_T11,1,0.9838,0.9682,17589,227,351,17816,17940,ok,17816,60129.0,0,0.4833,0.2467,0.2792,0.1466,0.2256,0.1848,308002.5,0.1952,1,1.0,0,0.0,221.8,146.0,235.76,-5.0,728.0,RAS
s0747,vertebrae_T12,1,0.9823,0.9652,17837,454,190,18291,18027,ok,18291,61732.12,0,0.4776,0.2708,0.1856,0.1391,0.2256,0.218,344655.0,0.1791,2,0.9999,0,0.0,202.78,124.0,240.03,-28.0,713.5,RAS
s0747,vertebrae_T2,1,0.9534,0.911,7470,589,141,8059,7611,ok,8059,27199.12,0,0.4856,0.4496,0.8847,0.1729,0.188,0.1754,287212.5,0.0947,1,1.0,0,0.0,272.09,223.0,198.07,39.0,648.1,RAS
s0747,vertebrae_T3,1,0.953,0.9103,7729,320,442,8049,8171,ok,8049,27165.38,0,0.487,0.4,0.8444,0.1504,0.203,0.1848,284310.0,0.0955,2,0.9983,0,0.0,253.59,209.0,199.05,23.0,631.0,RAS
s0747,vertebrae_T4,0,0.9404,0.8875,7879,814,185,8693,8064,ok,8693,29338.88,0,0.4906,0.3585,0.7937,0.1504,0.2143,0.1896,307800.0,0.0953,2,0.9988,0,0.0,241.26,181.0,210.62,21.0,654.0,RAS
s0747,vertebrae_T5,1,0.9482,0.9016,9884,341,738,10225,10622,ok,10225,34509.38,0,0.4963,0.3149,0.7391,0.1579,0.2368,0.1896,357210.0,0.0966,1,1.0,0,0.0,241.85,176.0,231.4,5.0,731.0,RAS
s0747,vertebrae_T6,1,0.9679,0.9379,10853,389,330,11242,11183,ok,11242,37941.75,0,0.4945,0.2766,0.6799,0.1579,0.2293,0.1754,319929.75,0.1186,1,1.0,0,0.0,251.78,178.0,246.63,10.0,783.95,RAS
s0747,vertebrae_T7,1,0.9787,0.9583,12265,303,231,12568,12496,ok,12568,42417.0,0,0.4928,0.2413,0.6115,0.1579,0.2143,0.1754,298950.75,0.1419,2,0.9999,0,0.0,238.64,176.0,239.18,-5.0,737.0,RAS
s0747,vertebrae_T8,1,0.9826,0.9658,13336,311,161,13647,13497,ok,13647,46058.62,0,0.4925,0.2207,0.5313,0.1579,0.2105,0.218,365148.0,0.1261,2,0.9999,0,0.0,237.84,168.0,238.81,-7.0,736.0,RAS
s0747,vertebrae_T9,1,0.9733,0.948,14665,243,562,14908,15227,ok,14908,50314.5,0,0.4916,0.2175,0.447,0.1541,0.2143,0.2038,339157.12,0.1484,1,1.0,0,0.0,221.5,151.0,229.56,-9.0,695.65,RAS
s0625,adrenal_gland_left,1,0.9623,0.9274,1865,128,18,1993,1883,ok,1993,6726.38,0,0.4199,0.3949,0.532,0.0646,0.1212,0.0757,44064.0,0.1527,1,1.0,0,0.0,29.7,26.0,34.8,-24.0,84.0,RAS
s0625,adrenal_gland_right,1,0.9675,0.937,1428,45,51,1473,1479,ok,1473,4971.38,0,0.5986,0.373,0.5376,0.0646,0.1263,0.0638,38728.12,0.1284,1,1.0,0,0.0,33.6,35.0,36.14,-28.0,87.4,RAS
s0625,aorta,1,0.9884,0.977,87871,773,1292,88644,89163,ok,88644,299173.5,0,0.5112,0.4115,0.7279,0.1901,0.3788,0.5745,3075468.75,0.0973,1,1.0,0,0.0,115.61,124.0,28.53,52.0,143.0,RAS
s0625,atrial_appendage_left,1,0.9579,0.9192,1787,113,44,1900,1831,ok,1900,6412.5,0,0.4413,0.4467,0.7775,0.0837,0.096,0.0355,21161.25,0.303,1,1.0,0,0.0,67.48,71.0,31.93,10.0,114.0,RAS
s0625,autochthon_left,1,0.9879,0.9761,165733,2031,2021,167764,167754,ok,167764,566203.5,0,0.4402,0.1178,0.5279,0.2814,0.2525,0.8203,4333162.5,0.1307,1,1.0,1,0.0017,40.92,48.0,24.01,-8.0,64.0,RAS
s0625,autochthon_right,1,0.9881,0.9765,161854,1901,2002,163755,163856,ok,163755,552673.12,0,0.5906,0.1291,0.5234,0.2471,0.2525,0.8227,3817125.0,0.1448,1,1.0,1,0.0014,39.29,47.0,26.45,-15.0,64.0,RAS
s0625,brachiocephalic_trunk,0,0.9355,0.8788,1486,163,42,1649,1528,ok,1649,5565.38,0,0.5702,0.4871,0.9103,0.0837,0.0859,0.0402,21458.25,0.2594,1,1.0,0,0.0,120.62,132.0,29.52,54.0,148.0,RAS
s0625,brachiocephalic_vein_left,1,0.9746,0.9505,5376,178,102,5554,5478,ok,5554,18744.75,0,0.542,0.5179,0.9002,0.1597,0.1515,0.0875,157342.5,0.1191,1,1.0,0,0.0,147.67,159.0,43.82,59.65,205.0,RAS
s0625,brachiocephalic_vein_right,0,0.9131,0.8401,1366,251,9,1617,1375,ok,1617,5457.38,0,0.6417,0.471,0.9043,0.0684,0.0606,0.0615,18954.0,0.2879,1,1.0,0,0.0,91.92,102.0,40.42,11.0,140.0,RAS
s0625,clavicula_left,1,0.9883,0.9768,4376,67,37,4443,4413,ok,4443,14995.12,0,0.4851,0.4832,0.964,0.1217,0.1515,0.078,106920.0,0.1402,1,1.0,1,0.029,375.31,311.0,239.03,84.0,861.9,RAS
s0625,clavicula_right,1,0.9782,0.9573,8000,197,160,8197,8160,ok,8197,27664.88,0,0.7317,0.4146,0.9626,0.2966,0.3333,0.0827,608107.5,0.0455,1,1.0,0,0.0,444.66,375.0,301.5,66.0,1023.0,RAS
s0625,colon,1,0.952,0.9085,249417,8752,16380,258169,265797,ok,258169,871320.38,0,0.4906,0.5791,0.3915,0.749,0.6111,0.5981,20353818.0,0.0428,1,1.0,0,0.0,-174.27,-37.0,315.0,-979.0,55.0,RAS
s0625,common_carotid_artery_left,1,0.9582,0.9197,1088,79,16,1167,1104,ok,1167,3938.62,0,0.5293,0.4337,0.9418,0.0304,0.101,0.104,23760.0,0.1658,1,1.0,1,0.0163,84.93,94.0,42.73,8.3,140.0,RAS
s0625,common_carotid_artery_right,0,0.9349,0.8778,776,90,18,866,794,ok,866,2922.75,0,0.6295,0.4489,0.9556,0.0646,0.0606,0.078,22720.5,0.1286,1,1.0,1,0.0231,98.12,105.0,34.63,34.25,143.0,RAS
s0625,costal_cartilages,1,0.9495,0.9039,51700,2975,2520,54675,54220,ok,54675,184528.12,0,0.5211,0.7365,0.7214,0.7947,0.4394,0.4799,12457628.0,0.0148,19,0.7054,0,0.0,111.43,112.0,35.59,61.0,157.0,RAS
s0625,duodenum,0,0.9437,0.8934,18445,1216,986,19661,19431,ok,19661,66355.88,0,0.5286,0.5285,0.4526,0.2586,0.1667,0.1513,484704.0,0.1369,1,1.0,0,0.0,39.76,51.0,59.58,-27.0,85.0,RAS
s0625,esophagus,1,0.9686,0.9391,11548,574,175,12122,11723,ok,12122,40911.75,0,0.5322,0.3717,0.786,0.1369,0.1566,0.3688,587574.0,0.0696,1,1.0,0,0.0,12.75,44.0,110.52,-171.95,79.0,RAS
s0625,femur_left,1,0.991,0.9822,41832,412,347,42244,42179,ok,42244,142573.5,0,0.1715,0.3758,0.0858,0.2205,0.2374,0.1371,533614.5,0.2672,1,1.0,0,0.0,297.43,241.0,236.78,27.0,783.0,RAS
s0625,femur_right,1,0.9816,0.9638,37033,1196,193,38229,37226,ok,38229,129022.88,0,0.6958,0.4019,0.0583,0.2015,0.2222,0.13,432877.5,0.2981,1,1.0,1,0.0173,294.25,250.0,219.05,25.0,735.0,RAS
s0625,gallbladder,1,0.9576,0.9186,3059,47,224,3106,3283,ok,3106,10482.75,0,0.7122,0.6351,0.5163,0.1217,0.1566,0.0496,70308.0,0.1491,1,1.0,0,0.0,14.66,15.0,17.18,-14.0,42.0,RAS
s0625,gluteus_maximus_left,1,0.9845,0.9694,152313,3129,1676,155442,153989,ok,155442,524616.75,0,0.2316,0.1474,0.1145,0.3688,0.2323,0.2671,1701695.25,0.3083,1,1.0,0,0.0,36.73,40.0,15.2,8.0,56.0,RAS
s0625,gluteus_maximus_right,1,0.9912,0.9825,164956,1539,1393,166495,166349,ok,166495,561920.62,0,0.6729,0.1686,0.0976,0.3422,0.2778,0.2742,1937925.0,0.29,1,1.0,1,0.0116,35.96,39.0,16.04,5.0,55.0,RAS
s0625,gluteus_medius_left,1,0.9858,0.972,91919,1455,1190,93374,93109,ok,93374,315137.25,0,0.1676,0.2972,0.2182,0.2776,0.3636,0.2246,1685205.0,0.187,1,1.0,0,0.0,47.92,52.0,18.85,18.0,65.0,RAS
s0625,gluteus_medius_right,1,0.9866,0.9736,87566,963,1416,88529,88982,ok,88529,298785.38,0,0.7553,0.3273,0.1793,0.2243,0.3535,0.2482,1463568.75,0.2041,1,1.0,0,0.0,48.78,52.0,17.8,22.0,65.0,RAS
s0625,gluteus_minimus_left,1,0.9721,0.9457,17764,534,485,18298,18249,ok,18298,61755.75,0,0.1743,0.3872,0.1842,0.1293,0.2424,0.1395,324972.0,0.19,1,1.0,0,0.0,56.73,57.0,24.37,24.0,76.0,RAS
s0625,gluteus_minimus_right,1,0.9724,0.9463,17346,486,499,17832,17845,ok,17832,60183.0,0,0.7297,0.4048,0.152,0.1445,0.2374,0.1513,385776.0,0.156,1,1.0,0,0.0,54.75,57.0,29.71,12.0,78.0,RAS
s0625,heart,1,0.9567,0.917,172318,7104,8489,179422,180807,ok,179422,605549.25,0,0.4656,0.5535,0.7287,0.3954,0.4293,0.1891,2386800.0,0.2537,3,1.0,0,0.0,104.27,111.0,27.86,47.0,137.0,RAS
s0625,hip_left,1,0.9911,0.9823,99698,845,952,100543,100650,ok,100543,339332.62,0,0.2801,0.3328,0.1864,0.3156,0.5253,0.3381,4166019.0,0.0815,1,1.0,0,0.0,344.0,286.0,228.13,77.0,823.0,RAS
s0625,hip_right,1,0.991,0.9821,100260,891,938,101151,101198,ok,101151,341384.62,0,0.6296,0.3522,0.1659,0.3764,0.5202,0.3121,4542763.5,0.0751,3,1.0,1,0.0,344.01,286.0,233.05,74.0,832.0,RAS
s0625,humerus_left,0,0.9106,0.8358,667,14,117,681,784,ok,681,2298.38,0,0.2277,0.304,0.9955,0.0798,0.1061,0.0095,5953.5,0.3861,1,1.0,1,0.4214,237.47,256.0,115.71,63.0,404.0,RAS
s0625,humerus_right,1,0.9811,0.9629,16166,404,219,16570,16385,ok,16570,55923.75,0,0.9593,0.3558,0.9513,0.0951,0.197,0.0709,98718.75,0.5665,1,1.0,1,0.0424,129.29,120.0,136.22,-27.0,369.55,RAS
s0625,iliac_artery_left,1,0.9496,0.9041,4231,358,91,4589,4322,ok,4589,15487.88,0,0.3584,0.4997,0.2253,0.2662,0.1919,0.2388,906727.5,0.0171,2,0.9885,0,0.0,98.87,106.0,36.71,35.0,133.6,RAS
s0625,iliac_artery_right,1,0.9543,0.9126,4624,307,136,4931,4760,ok,4931,16642.12,0,0.5541,0.5031,0.2178,0.1977,0.2172,0.2719,867847.5,0.0192,1,1.0,0,0.0,102.15,108.0,27.0,49.5,132.0,RAS
s0625,iliac_vena_left,1,0.9524,0.9091,9999,528,472,10527,10471,ok,10527,35528.62,0,0.3746,0.4594,0.213,0.2624,0.2273,0.2246,995540.62,0.0357,1,1.0,0,0.0,80.34,84.0,19.7,38.3,104.0,RAS
s0625,iliac_vena_right,1,0.9594,0.922,7895,336,332,8231,8227,ok,8231,27779.62,0,0.5517,0.4753,0.1947,0.1331,0.2525,0.2553,637875.0,0.0436,1,1.0,0,0.0,76.82,81.0,18.68,36.5,100.0,RAS
s0625,iliopsoas_left,1,0.9858,0.9719,112618,1587,1664,114205,114282,ok,114205,385441.88,0,0.2979,0.4013,0.2661,0.3194,0.3687,0.4586,4014927.0,0.096,1,1.0,0,0.0,57.69,59.0,29.76,28.0,76.0,RAS
s0625,iliopsoas_right,1,0.9844,0.9692,106034,1814,1550,107848,107584,ok,107848,363987.0,0,0.6254,0.4114,0.2474,0.2281,0.404,0.5035,3450600.0,0.1055,1,1.0,0,0.0,57.38,60.0,18.19,27.0,77.0,RAS
s0625,inferior_vena_cava,1,0.9725,0.9464,27314,584,963,27898,28277,ok,27898,94155.75,0,0.559,0.4538,0.5065,0.1559,0.1162,0.3877,521950.5,0.1804,1,1.0,0,0.0,94.43,94.0,24.32,47.0,133.0,RAS
s0625,kidney_left,1,0.9927,0.9855,53131,389,390,53520,53521,ok,53520,180630.0,0,0.3134,0.2993,0.481,0.2091,0.2071,0.1773,570796.88,0.3165,1,1.0,0,0.0,122.84,135.0,32.49,51.0,156.0,RAS
s0625,kidney_right,1,0.9928,0.9857,52278,589,170,52867,52448,ok,52867,178426.12,0,0.6682,0.3299,0.4481,0.1787,0.2525,0.182,610706.25,0.2922,1,1.0,0,0.0,125.34,137.0,31.2,56.0,156.0,RAS
s0625,liver,1,0.9938,0.9876,588726,2541,4849,591267,593575,ok,591267,1995526.12,0,0.683,0.5289,0.5778,0.5817,0.6818,0.234,6901352.0,0.2892,1,1.0,0,0.0,62.41,62.0,17.96,39.0,89.0,RAS
s0625,lung_lower_lobe_left,1,0.9948,0.9897,251045,1466,1153,252511,252198,ok,252511,852224.62,0,0.3599,0.2495,0.7303,0.3612,0.5303,0.3262,4645856.0,0.1834,1,1.0,0,0.0,-746.94,-809.0,157.12,-871.0,-402.0,RAS
s0625,lung_lower_lobe_right,1,0.9961,0.9923,317938,1002,1458,318940,319396,ok,318940,1076422.5,0,0.7157,0.3008,0.6899,0.384,0.6364,0.305,5540582.0,0.1943,8,1.0,0,0.0,-772.38,-827.0,148.82,-884.0,-456.0,RAS
s0625,lung_middle_lobe_right,1,0.9899,0.98,144998,468,2491,145466,147489,ok,145466,490947.75,0,0.7392,0.5898,0.7212,0.3422,0.4646,0.1584,1872315.0,0.2622,2,1.0,0,0.0,-831.51,-875.0,129.87,-915.0,-567.0,RAS
s0625,lung_upper_lobe_left,1,0.9963,0.9925,324083,902,1533,324985,325616,ok,324985,1096824.38,0,0.3542,0.4551,0.8354,0.3536,0.5808,0.3191,4872909.5,0.2251,1,1.0,0,0.0,-809.65,-854.0,130.4,-906.0,-528.0,RAS
s0625,lung_upper_lobe_right,1,0.994,0.988,279492,2907,486,282399,279978,ok,282399,953096.62,0,0.7211,0.4579,0.8393,0.3422,0.601,0.1891,2891700.0,0.3296,1,1.0,0,0.0,-814.39,-858.0,130.88,-910.0,-532.0,RAS
s0625,pancreas,1,0.9773,0.9555,22434,539,505,22973,22939,ok,22973,77533.88,0,0.4547,0.5151,0.5117,0.3194,0.3586,0.1537,1308352.5,0.0593,1,1.0,0,0.0,72.73,81.0,27.31,14.0,102.0,RAS
s0625,portal_vein_and_splenic_vein,0,0.9263,0.8628,8540,906,452,9446,8992,ok,9446,31880.25,0,0.541,0.5095,0.5463,0.4525,0.4343,0.1111,1623368.25,0.0196,1,1.0,0,0.0,117.48,129.0,35.15,44.0,155.0,RAS
s0625,prostate,0,0.8957,0.8112,6564,218,1310,6782,7874,ok,6782,22889.25,0,0.4399,0.4007,0.0794,0.0951,0.1111,0.0544,42693.75,0.5361,1,1.0,0,0.0,50.48,52.0,13.41,29.0,69.0,RAS
s0625,pulmonary_vein,1,0.9771,0.9553,6561,186,121,6747,6682,ok,6747,22771.12,0,0.5323,0.3922,0.7656,0.2814,0.202,0.1158,489510.0,0.0465,3,0.5766,0,0.0,96.18,110.0,38.22,16.0,135.0,RAS
s0625,rib_left_1,1,0.9578,0.919,3620,23,296,3643,3916,ok,3643,12295.12,0,0.4322,0.438,0.9575,0.1103,0.3081,0.0686,173140.88,0.071,1,1.0,0,0.0,399.53,381.0,186.48,112.1,731.0,RAS
s0625,rib_left_10,1,0.9798,0.9605,4399,112,69,4511,4468,ok,4511,15224.62,0,0.2522,0.1858,0.6073,0.3726,0.4646,0.1442,1856169.0,0.0082,1,1.0,0,0.0,360.89,360.0,116.19,181.5,556.0,RAS
s0625,rib_left_11,1,0.9745,0.9503,2410,68,58,2478,2468,ok,2478,8363.25,0,0.2908,0.1378,0.5585,0.308,0.2172,0.13,646531.88,0.0129,1,1.0,0,0.0,334.41,330.0,107.64,166.85,518.0,RAS
s0625,rib_left_12,1,0.9577,0.9189,974,83,3,1057,977,ok,1057,3567.38,0,0.3785,0.1418,0.5285,0.1787,0.0909,0.052,62815.5,0.0568,1,1.0,0,0.0,274.85,277.0,79.55,135.4,395.2,RAS
s0625,rib_left_2,1,0.9751,0.9513,3596,52,132,3648,3728,ok,3648,12312.0,0,0.3777,0.3684,0.9495,0.1825,0.4444,0.0686,413424.0,0.0298,2,0.9981,0,0.0,287.36,273.5,119.01,123.0,511.0,RAS
s0625,rib_left_3,1,0.9616,0.9261,4146,307,24,4453,4170,ok,4453,15028.88,0,0.3412,0.3537,0.9106,0.2243,0.5354,0.0686,612110.25,0.0246,2,0.9993,0,0.0,242.25,230.0,80.95,129.0,386.0,RAS
s0625,rib_left_4,1,0.9775,0.9559,4487,185,22,4672,4509,ok,4672,15768.0,0,0.3188,0.3442,0.8683,0.2471,0.6212,0.0827,944409.38,0.0167,2,0.9998,0,0.0,255.73,251.0,104.06,98.0,432.0,RAS
s0625,rib_left_5,1,0.9803,0.9614,5325,141,73,5466,5398,ok,5466,18447.75,0,0.3047,0.3642,0.8214,0.2624,0.697,0.1087,1478290.5,0.0125,1,1.0,0,0.0,244.9,237.0,104.61,93.0,438.0,RAS
s0625,rib_left_6,1,0.982,0.9647,5880,148,67,6028,5947,ok,6028,20344.5,0,0.2861,0.3423,0.7818,0.289,0.6667,0.1158,1659042.0,0.0123,3,0.999,0,0.0,254.76,245.0,133.61,45.0,494.65,RAS
s0625,rib_left_7,1,0.9834,0.9673,5981,106,96,6087,6077,ok,6087,20543.62,0,0.2698,0.3066,0.7436,0.3156,0.6414,0.1277,1921097.25,0.0107,1,1.0,0,0.0,284.44,275.0,129.13,81.0,515.0,RAS
s0625,rib_left_8,1,0.9794,0.9596,4824,140,63,4964,4887,ok,4964,16753.5,0,0.262,0.2611,0.702,0.346,0.5707,0.1466,2151717.75,0.0078,1,1.0,0,0.0,293.53,286.5,102.74,138.0,472.0,RAS
s0625,rib_left_9,1,0.974,0.9493,5285,156,126,5441,5411,ok,5441,18363.38,0,0.2542,0.2187,0.6607,0.3574,0.5051,0.1418,1903500.0,0.0096,1,1.0,0,0.0,317.65,308.0,119.29,137.0,523.0,RAS
s0625,rib_right_1,1,0.9643,0.9311,3325,29,217,3354,3542,ok,3354,11319.75,0,0.7103,0.4532,0.9314,0.0989,0.2929,0.0662,142506.0,0.0794,1,1.0,0,0.0,378.41,359.0,159.73,163.0,685.35,RAS
s0625,rib_right_10,1,0.9861,0.9726,4043,79,35,4122,4078,ok,4122,13911.75,0,0.7923,0.2159,0.5652,0.2814,0.399,0.1844,1538959.5,0.009,1,1.0,0,0.0,322.13,325.0,103.66,155.0,482.0,RAS
s0625,rib_right_11,1,0.97,0.9418,2622,99,63,2721,2685,ok,2721,9183.38,0,0.7468,0.1736,0.5191,0.2471,0.2677,0.1749,860388.75,0.0107,1,1.0,0,0.0,312.85,310.0,104.05,142.0,479.0,RAS
s0625,rib_right_12,1,0.967,0.9361,674,25,21,699,695,ok,699,2359.12,0,0.6482,0.1623,0.5114,0.1331,0.0505,0.0591,29531.25,0.0799,1,1.0,0,0.0,277.47,270.0,91.71,136.9,438.0,RAS
s0625,rib_right_2,1,0.9793,0.9595,3673,110,45,3783,3718,ok,3783,12767.62,0,0.7657,0.3979,0.9168,0.1863,0.3939,0.0638,348279.75,0.0367,2,0.9997,0,0.0,279.06,257.0,123.93,107.0,513.9,RAS
s0625,rib_right_3,1,0.9773,0.9555,3544,124,41,3668,3585,ok,3668,12379.5,0,0.7963,0.3957,0.8752,0.2091,0.5354,0.0827,688668.75,0.018,2,0.9937,0,0.0,245.23,234.0,92.12,124.0,393.65,RAS
s0625,rib_right_4,1,0.9769,0.9548,4524,159,55,4683,4579,ok,4683,15805.12,0,0.8052,0.3912,0.8325,0.2167,0.6263,0.1158,1168870.5,0.0135,1,1.0,0,0.0,263.78,257.0,118.96,82.0,470.0,RAS
s0625,rib_right_5,1,0.9738,0.949,5249,120,162,5369,5411,ok,5369,18120.38,0,0.8076,0.4075,0.7877,0.2205,0.6717,0.1253,1379841.75,0.0131,2,0.9978,0,0.0,255.29,246.0,125.32,64.0,474.6,RAS
s0625,rib_right_6,1,0.9829,0.9664,6032,127,83,6159,6115,ok,6159,20786.62,0,0.8139,0.3863,0.7444,0.2243,0.6717,0.1489,1668468.38,0.0125,1,1.0,0,0.0,273.59,255.0,146.73,64.0,540.1,RAS
s0625,rib_right_7,1,0.9878,0.9759,6188,89,64,6277,6252,ok,6277,21184.88,0,0.8175,0.3563,0.6998,0.2471,0.6465,0.1702,2021760.0,0.0105,1,1.0,0,0.0,279.47,266.0,131.76,83.0,513.0,RAS
s0625,rib_right_8,1,0.9786,0.9582,4992,121,97,5113,5089,ok,5113,17256.38,0,0.8175,0.3004,0.6601,0.2738,0.601,0.1773,2168775.0,0.008,1,1.0,0,0.0,278.11,274.0,100.65,128.0,450.0,RAS
s0625,rib_right_9,1,0.979,0.9589,5341,79,150,5420,5491,ok,5420,18292.5,0,0.8148,0.2551,0.6179,0.2852,0.5303,0.182,2046515.62,0.0089,1,1.0,0,0.0,309.94,301.0,112.35,139.0,505.0,RAS
s0625,sacrum,1,0.9652,0.9328,47310,1888,1519,49198,48829,ok,49198,166043.25,0,0.4589,0.1945,0.2016,0.2928,0.303,0.2246,1481287.5,0.1121,46,0.9976,0,0.0,185.0,152.0,152.44,4.0,487.0,RAS
s0625,scapula_left,1,0.9826,0.9658,29420,458,583,29878,30003,ok,29878,100838.25,0,0.2824,0.1861,0.9106,0.2814,0.2576,0.2411,1299199.5,0.0776,1,1.0,1,0.0162,324.5,260.0,234.4,65.0,833.0,RAS
s0625,scapula_right,1,0.9814,0.9636,31979,353,856,32332,32835,ok,32332,109120.5,0,0.8673,0.2164,0.879,0.2776,0.3434,0.279,1976913.0,0.0552,1,1.0,1,0.0006,328.46,265.0,221.48,85.0,799.0,RAS
s0625,small_bowel,1,0.9646,0.9316,295736,10343,11385,306079,307121,ok,306079,1033016.62,0,0.407,0.5831,0.391,0.6844,0.4242,0.3948,8522010.0,0.1212,4,0.9959,0,0.0,26.15,50.0,56.35,-90.0,83.0,RAS
s0625,spinal_cord,1,0.9704,0.9426,18647,776,360,19423,19007,ok,19423,65552.62,0,0.5287,0.2273,0.612,0.1635,0.1616,0.7778,1527876.0,0.0429,1,1.0,1,0.0019,24.74,25.0,27.64,-18.0,64.0,RAS
s0625,spleen,1,0.9909,0.982,28915,359,172,29274,29087,ok,29274,98799.75,0,0.2892,0.194,0.5986,0.2281,0.1768,0.104,311850.0,0.3168,1,1.0,0,0.0,85.94,94.0,24.72,28.0,108.0,RAS
s0625,sternum,1,0.9623,0.9273,19080,576,919,19656,19999,ok,19656,66339.0,0,0.5475,0.6479,0.8637,0.1521,0.2677,0.2459,744120.0,0.0892,1,1.0,0,0.0,187.23,183.0,85.15,60.0,335.0,RAS
s0625,stomach,1,0.9873,0.9748,87423,598,1658,88021,89081,ok,88021,297070.88,0,0.3745,0.5395,0.6082,0.2966,0.5101,0.1466,1648471.5,0.1802,1,1.0,0,0.0,-51.84,29.0,261.99,-960.0,74.0,RAS
s0625,subclavian_artery_left,0,0.9118,0.8378,1922,326,46,2248,1968,ok,2248,7587.0,0,0.4641,0.4034,0.9472,0.2243,0.101,0.0851,143370.0,0.0529,1,1.0,0,0.0,85.06,90.0,43.92,9.0,138.0,RAS
s0625,subclavian_artery_right,0,0.9471,0.8996,1998,167,56,2165,2054,ok,2165,7306.88,0,0.6822,0.4252,0.9312,0.2357,0.0859,0.0544,81816.75,0.0893,1,1.0,0,0.0,95.46,106.0,39.59,20.2,141.0,RAS
s0625,superior_vena_cava,1,0.9694,0.9407,5061,79,240,5140,5301,ok,5140,17347.5,0,0.6152,0.4828,0.82,0.057,0.0909,0.1253,48296.25,0.3592,1,1.0,0,0.0,122.36,133.0,35.14,46.0,160.0,RAS
s0625,thyroid_gland,1,0.9634,0.9294,3740,155,129,3895,3869,ok,3895,13145.62,0,0.5777,0.4657,0.9728,0.1369,0.1061,0.0567,61236.0,0.2147,1,1.0,1,0.0339,131.36,135.0,29.77,79.0,170.0,RAS
s0625,trachea,1,0.9814,0.9634,11255,167,260,11422,11515,ok,11422,38549.25,0,0.5714,0.4043,0.88,0.2243,0.1768,0.1986,585427.5,0.0658,1,1.0,0,0.0,-826.12,-940.0,205.03,-1005.0,-395.0,RAS
s0625,urinary_bladder,1,0.9546,0.9132,25042,1415,966,26457,26008,ok,26457,89292.38,0,0.4485,0.5242,0.1373,0.1521,0.2222,0.1017,255420.0,0.3496,1,1.0,0,0.0,11.55,20.0,32.64,-67.0,46.0,RAS
s0625,vertebrae_C6,1,0.9697,0.9412,624,17,22,641,646,ok,641,2163.38,0,0.6054,0.3845,0.9944,0.1027,0.0909,0.0142,9841.5,0.2198,2,0.9594,1,0.3385,327.14,320.0,106.0,173.0,512.0,RAS
s0625,vertebrae_C7,1,0.9826,0.9658,4766,122,47,4888,4813,ok,4888,16497.0,0,0.5961,0.3332,0.9842,0.1787,0.2222,0.0402,118651.5,0.139,1,1.0,1,0.0585,338.6,295.0,184.85,96.0,697.0,RAS
s0625,vertebrae_L1,1,0.9919,0.9839,15073,110,137,15183,15210,ok,15183,51242.62,0,0.5085,0.2496,0.4922,0.1749,0.2828,0.0804,295596.0,0.1734,1,1.0,0,0.0,284.06,207.0,205.84,100.0,749.9,RAS
s0625,vertebrae_L2,1,0.9893,0.9787,16392,109,247,16501,16639,ok,16501,55690.88,0,0.497,0.2672,0.4387,0.2091,0.303,0.0827,389812.5,0.1429,1,1.0,0,0.0,303.57,217.0,230.34,100.0,838.0,RAS
s0625,vertebrae_L3,1,0.9911,0.9823,17747,164,155,17911,17902,ok,17911,60449.62,0,0.4844,0.2827,0.3845,0.2319,0.3131,0.0804,433984.5,0.1393,1,1.0,0,0.0,296.47,215.0,221.9,94.0,813.0,RAS
s0625,vertebrae_L4,1,0.9908,0.9818,17438,165,158,17603,17596,ok,17603,59410.12,0,0.4725,0.3025,0.3317,0.2091,0.3081,0.078,373663.12,0.159,2,0.9999,0,0.0,296.34,216.0,213.47,94.0,771.0,RAS
s0625,vertebrae_L5,1,0.99,0.9802,16855,156,185,17011,17040,ok,17011,57412.12,0,0.4642,0.3051,0.2811,0.2091,0.298,0.0709,328556.25,0.1747,1,1.0,0,0.0,290.05,230.0,194.27,99.0,722.0,RAS
s0625,vertebrae_S1,1,0.9481,0.9014,12853,875,531,13728,13384,ok,13728,46332.0,0,0.4619,0.2816,0.2384,0.1369,0.2374,0.0733,177025.5,0.2617,1,1.0,0,0.0,288.01,253.0,161.89,96.0,621.0,RAS
s0625,vertebrae_T1,1,0.9866,0.9735,6900,114,74,7014,6974,ok,7014,23672.25,0,0.5817,0.2961,0.9614,0.1939,0.2374,0.0638,218426.62,0.1084,1,1.0,1,0.0,301.6,250.0,188.83,85.0,687.0,RAS
s0625,vertebrae_T10,1,0.9923,0.9847,11192,137,37,11329,11229,ok,11329,38235.38,0,0.5332,0.2328,0.6366,0.1407,0.2576,0.078,210164.62,0.1819,1,1.0,0,0.0,284.8,223.0,178.12,113.0,688.0,RAS
s0625,vertebrae_T11,1,0.9916,0.9834,12250,103,104,12353,12354,ok,12353,41691.38,0,0.5255,0.2368,0.5925,0.1293,0.2576,0.0733,181419.75,0.2298,1,1.0,0,0.0,273.92,210.0,175.11,116.0,673.0,RAS
s0625,vertebrae_T12,1,0.9904,0.9809,13019,102,151,13121,13170,ok,13121,44283.38,0,0.5178,0.243,0.5437,0.1255,0.2626,0.0757,185328.0,0.2389,1,1.0,0,0.0,257.95,200.0,160.49,113.0,611.0,RAS
s0625,vertebrae_T2,1,0.989,0.9782,6877,98,55,6975,6932,ok,6975,23540.62,0,0.5782,0.2674,0.9295,0.1711,0.2475,0.0638,200930.62,0.1172,1,1.0,0,0.0,294.57,241.0,195.85,71.0,697.0,RAS
s0625,vertebrae_T3,1,0.9881,0.9765,6434,93,62,6527,6496,ok,6527,22028.62,0,0.5743,0.2389,0.8966,0.1483,0.2576,0.0567,161109.0,0.1367,1,1.0,0,0.0,293.22,250.0,158.43,110.3,614.0,RAS
s0625,vertebrae_T4,1,0.9891,0.9784,7168,85,73,7253,7241,ok,7253,24478.88,0,0.5751,0.2212,0.862,0.1483,0.2576,0.0662,187960.5,0.1302,1,1.0,0,0.0,305.79,258.0,156.08,133.0,616.0,RAS
s0625,vertebrae_T5,1,0.9881,0.9764,7416,81,98,7497,7514,ok,7497,25302.38,0,0.5753,0.211,0.8262,0.1445,0.2525,0.078,211612.5,0.1196,1,1.0,0,0.0,304.65,260.0,151.98,137.0,616.2,RAS
s0625,vertebrae_T6,1,0.988,0.9763,8059,152,44,8211,8103,ok,8211,27712.12,0,0.5699,0.2078,0.7889,0.1521,0.2525,0.0851,243000.0,0.114,1,1.0,0,0.0,293.87,257.0,144.31,131.0,591.0,RAS
s0625,vertebrae_T7,1,0.9868,0.9739,8640,99,133,8739,8773,ok,8739,29494.12,0,0.5606,0.2134,0.7521,0.1521,0.2525,0.0875,249750.0,0.1181,1,1.0,0,0.0,283.77,241.0,147.09,122.0,588.0,RAS
s0625,vertebrae_T8,1,0.9893,0.9788,9071,103,93,9174,9164,ok,9174,30962.25,0,0.5515,0.221,0.7151,0.1521,0.2475,0.0875,244755.0,0.1265,1,1.0,0,0.0,286.97,245.0,152.49,115.0,594.0,RAS
s0625,vertebrae_T9,1,0.9909,0.9819,9878,124,58,10002,9936,ok,10002,33756.75,0,0.5425,0.227,0.6769,0.1597,0.2525,0.0804,240975.0,0.1401,1,1.0,0,0.0,278.7,231.0,156.57,111.0,615.0,RAS
s0698,adrenal_gland_left,0,0.9307,0.8704,1330,166,32,1496,1362,ok,1496,5049.0,0,0.3776,0.4726,0.0636,0.0711,0.1213,0.1568,48252.38,0.1046,1,1.0,1,0.0334,1.91,0.0,30.02,-45.0,52.0,RAS
s0698,adrenal_gland_right,0,0.9329,0.8743,1454,191,18,1645,1472,ok,1645,5551.88,0,0.6175,0.4722,0.1504,0.0753,0.1339,0.1568,56376.0,0.0985,1,1.0,0,0.0,0.87,1.0,26.45,-42.8,43.8,RAS
s0698,aorta,1,0.9904,0.981,68595,725,607,69320,69202,ok,69320,233955.0,0,0.4343,0.4406,0.4924,0.1632,0.3556,0.7784,1611090.0,0.1452,1,1.0,1,0.0025,288.57,305.0,86.69,122.0,344.0,RAS
s0698,atrial_appendage_left,0,0.9414,0.8893,731,77,14,808,745,ok,808,2727.0,0,0.3968,0.4344,0.5303,0.0879,0.0418,0.0541,7087.5,0.3848,1,1.0,0,0.0,170.71,169.0,65.72,66.0,276.65,RAS
s0698,autochthon_left,1,0.9746,0.9504,49457,1382,1201,50839,50658,ok,50839,171581.62,0,0.4324,0.2244,0.4204,0.1883,0.3054,1.0,2051071.88,0.0837,1,1.0,1,0.0224,-3.23,3.0,39.16,-76.0,50.0,RAS
s0698,autochthon_right,1,0.9751,0.9515,50310,1691,876,52001,51186,ok,52001,175503.38,0,0.5717,0.2338,0.4359,0.2469,0.2887,1.0,2541830.5,0.069,1,1.0,1,0.0222,-9.1,-2.0,41.83,-87.0,47.0,RAS
s0698,brachiocephalic_trunk,0,0.9458,0.8971,1892,132,85,2024,1977,ok,2024,6831.0,0,0.4864,0.5974,0.7508,0.1255,0.0711,0.0649,20655.0,0.3307,1,1.0,0,0.0,265.65,292.0,64.46,126.0,332.0,RAS
s0698,brachiocephalic_vein_left,1,0.9531,0.9104,2520,215,33,2735,2553,ok,2735,9230.62,0,0.4576,0.6096,0.725,0.1548,0.0669,0.1676,61938.0,0.149,1,1.0,0,0.0,51.91,50.0,37.8,-2.0,106.0,RAS
s0698,brachiocephalic_vein_right,1,0.9615,0.9259,1287,89,14,1376,1301,ok,1376,4644.0,0,0.5698,0.5793,0.7572,0.0544,0.0669,0.1351,17550.0,0.2646,1,1.0,0,0.0,830.91,871.5,389.85,180.25,1431.25,RAS
s0698,clavicula_left,1,0.9896,0.9794,5266,46,65,5312,5331,ok,5312,17928.0,0,0.3521,0.6177,0.8734,0.2008,0.2301,0.2649,436590.0,0.0411,1,1.0,1,0.0247,511.02,471.0,318.06,40.0,1084.35,RAS
s0698,clavicula_right,1,0.9826,0.9659,5266,91,95,5357,5361,ok,5357,18079.88,0,0.6098,0.6106,0.8696,0.1967,0.205,0.2649,380858.62,0.0475,2,0.9996,1,0.0228,486.99,446.0,284.49,55.8,1032.4,RAS
s0698,common_carotid_artery_left,1,0.9761,0.9534,1493,39,34,1532,1527,ok,1532,5170.5,0,0.4253,0.6011,0.8622,0.046,0.1088,0.2541,45366.75,0.114,1,1.0,1,0.0163,224.18,255.0,91.24,55.1,329.0,RAS
s0698,common_carotid_artery_right,1,0.978,0.957,757,10,24,767,781,ok,767,2588.62,0,0.5474,0.6081,0.895,0.0335,0.0711,0.2324,19737.0,0.1312,1,1.0,1,0.0391,208.2,224.0,79.61,62.3,307.0,RAS
s0698,costal_cartilages,1,0.9521,0.9086,52457,3182,2098,55639,54555,ok,55639,187781.62,0,0.4861,0.7975,0.2917,0.8577,0.2636,0.773,6233102.0,0.0301,17,0.369,1,0.0059,89.57,89.0,49.43,39.0,131.0,RAS
s0698,duodenum,0,0.7325,0.5779,1228,614,283,1842,1511,ok,1842,6216.75,0,0.615,0.6457,0.0262,0.1046,0.1046,0.0865,33750.0,0.1842,1,1.0,1,0.1547,-91.22,12.0,248.48,-763.95,58.0,RAS
s0698,esophagus,1,0.9643,0.931,12241,643,264,12884,12505,ok,12884,43483.5,0,0.464,0.4369,0.5428,0.1046,0.2803,0.7405,774478.12,0.0561,1,1.0,0,0.0,5.12,30.0,93.83,-164.0,71.0,RAS
s0698,gallbladder,0,0.3529,0.2143,30,87,23,117,53,low_dice,117,394.88,0,0.6677,0.6539,0.0037,0.0418,0.0502,0.0162,1215.0,0.325,1,1.0,1,0.4957,24.51,22.0,14.69,3.8,50.2,RAS
s0698,heart,1,0.9612,0.9253,194046,8119,7551,202165,201597,ok,202165,682306.88,0,0.3983,0.5558,0.4052,0.4351,0.4017,0.427,2661984.0,0.2563,1,1.0,0,0.0,186.67,180.0,105.93,28.0,346.0,RAS
s0698,humerus_left,1,0.9774,0.9558,11275,304,217,11579,11492,ok,11579,39079.12,0,0.1026,0.4931,0.9597,0.1297,0.1674,0.0973,75330.0,0.5188,1,1.0,1,0.08,128.74,120.0,83.59,4.0,273.0,RAS
s0698,humerus_right,1,0.9739,0.9491,10545,249,316,10794,10861,ok,10794,36429.75,0,0.8596,0.4934,0.9612,0.1339,0.159,0.0973,73872.0,0.4931,1,1.0,1,0.0857,148.41,136.0,80.52,29.65,287.0,RAS
s0698,iliopsoas_right,0,0.9231,0.8571,48,5,3,53,51,ok,53,178.88,0,0.5712,0.3699,0.0034,0.0167,0.0335,0.0162,324.0,0.5521,1,1.0,1,0.5283,55.68,59.0,14.57,33.6,78.0,RAS
s0698,inferior_vena_cava,0,0.8862,0.7956,11142,2745,117,13887,11259,ok,13887,46868.62,0,0.574,0.5445,0.2131,0.1172,0.1255,0.3892,204120.0,0.2296,1,1.0,1,0.0122,71.64,67.0,33.16,26.0,131.0,RAS
s0698,kidney_left,1,0.9793,0.9593,2525,85,22,2610,2547,ok,2610,8808.75,0,0.2959,0.3885,0.0137,0.1213,0.1213,0.0486,25545.38,0.3448,1,1.0,1,0.2061,101.65,108.0,37.87,31.0,153.0,RAS
s0698,kidney_right,1,0.9898,0.9798,11515,159,78,11674,11593,ok,11674,39399.75,0,0.7031,0.4219,0.0317,0.1715,0.1715,0.1297,136161.0,0.2894,1,1.0,1,0.1001,98.51,106.0,47.23,13.65,163.0,RAS
s0698,liver,1,0.9904,0.9811,390797,5201,2344,395998,393141,ok,395998,1336493.25,0,0.6716,0.6266,0.1426,0.6653,0.5649,0.3081,4129329.5,0.3237,1,1.0,1,0.0106,49.22,51.0,17.43,21.0,73.0,RAS
s0698,lung_lower_lobe_left,1,0.9785,0.958,126423,1209,4338,127632,130761,ok,127632,430758.0,0,0.2835,0.3022,0.4218,0.3305,0.364,0.6595,2829957.75,0.1522,5,1.0,0,0.0,-646.68,-723.0,199.29,-837.0,-229.0,RAS
s0698,lung_lower_lobe_right,1,0.9923,0.9846,191441,1838,1148,193279,192589,ok,193279,652316.62,0,0.6817,0.3415,0.404,0.3891,0.3766,0.6486,3389850.0,0.1924,2,1.0,0,0.0,-702.6,-766.0,172.08,-850.0,-339.0,RAS
s0698,lung_middle_lobe_right,1,0.9803,0.9613,86721,1143,2348,87864,89069,ok,87864,296541.0,0,0.7139,0.5787,0.3876,0.3305,0.3849,0.3297,1496299.5,0.1982,3,1.0,0,0.0,-785.59,-833.0,136.95,-894.0,-496.15,RAS
s0698,lung_upper_lobe_left,1,0.9925,0.9851,272880,3390,747,276270,273627,ok,276270,932411.25,0,0.2742,0.4912,0.6194,0.364,0.4812,0.7676,4794896.0,0.1945,1,1.0,0,0.0,-770.35,-819.0,152.36,-896.0,-463.0,RAS
s0698,lung_upper_lobe_right,1,0.9928,0.9857,253433,2712,973,256145,254406,ok,256145,864489.38,0,0.6624,0.4795,0.6744,0.318,0.5105,0.5135,2972835.0,0.2908,2,1.0,0,0.0,-781.29,-828.0,148.13,-882.0,-498.0,RAS
s0698,pancreas,0,0.9081,0.8316,4153,183,658,4336,4811,ok,4336,14634.0,0,0.472,0.655,0.0201,0.3096,0.2008,0.0703,155844.0,0.0939,9,0.9832,1,0.1587,71.35,77.0,30.86,11.0,111.0,RAS
s0698,portal_vein_and_splenic_vein,0,0.8014,0.6686,4340,1454,697,5794,5037,ok,5794,19554.75,0,0.547,0.6077,0.0704,0.4854,0.2887,0.1676,837418.5,0.0234,2,0.8911,1,0.0142,70.48,69.0,31.93,24.0,115.0,RAS
s0698,pulmonary_vein,1,0.9612,0.9253,6501,376,149,6877,6650,ok,6877,23209.88,0,0.4841,0.4161,0.4999,0.3305,0.1883,0.2054,455928.75,0.0509,3,0.561,0,0.0,252.83,278.0,92.57,77.0,363.0,RAS
s0698,rib_left_1,1,0.9518,0.908,3168,56,265,3224,3433,ok,3224,10881.0,0,0.3213,0.5744,0.8501,0.1088,0.2008,0.2865,223236.0,0.0487,2,0.9997,1,0.0022,276.61,261.0,122.67,100.0,497.0,RAS
s0698,rib_left_10,1,0.9869,0.974,4090,70,39,4160,4129,ok,4160,14040.0,0,0.2141,0.2721,0.1775,0.3766,0.3054,0.3568,1463467.5,0.0096,1,1.0,1,0.0103,294.74,264.0,144.68,108.0,571.0,RAS
s0698,rib_left_11,1,0.9808,0.9623,2042,24,56,2066,2098,ok,2066,6972.75,0,0.296,0.2357,0.1014,0.2678,0.0962,0.2378,218592.0,0.0319,1,1.0,1,0.0223,322.53,297.0,146.16,127.0,597.75,RAS
s0698,rib_left_12,0,0.9073,0.8303,406,12,71,418,477,ok,418,1410.75,0,0.3945,0.2728,0.0406,0.0879,0.0377,0.1027,12119.62,0.1164,1,1.0,1,0.067,416.33,415.0,118.53,227.85,606.3,RAS
s0698,rib_left_2,1,0.9693,0.9404,3237,164,41,3401,3278,ok,3401,11478.38,0,0.2657,0.5362,0.8162,0.1715,0.2929,0.3622,648978.75,0.0177,1,1.0,0,0.0,144.63,143.0,65.25,37.0,252.0,RAS
s0698,rib_left_3,1,0.9797,0.9603,4567,138,51,4705,4618,ok,4705,15879.38,0,0.2393,0.4823,0.7567,0.2176,0.3891,0.4216,1273077.0,0.0125,1,1.0,0,0.0,194.23,194.0,113.69,13.2,391.0,RAS
s0698,rib_left_4,1,0.9798,0.9603,5425,191,33,5616,5458,ok,5616,18954.0,0,0.2216,0.4489,0.6769,0.2343,0.5105,0.4865,2075220.0,0.0091,2,0.9966,0,0.0,191.44,184.0,124.86,8.0,416.25,RAS
s0698,rib_left_5,1,0.9715,0.9446,5946,325,24,6271,5970,ok,6271,21164.62,0,0.2089,0.44,0.5875,0.251,0.5523,0.5027,2485890.0,0.0085,7,0.9979,0,0.0,159.87,143.0,128.98,-15.0,407.0,RAS
s0698,rib_left_6,1,0.9751,0.9513,6586,300,37,6886,6623,ok,6886,23240.25,0,0.1943,0.4287,0.496,0.272,0.5732,0.5189,2885220.0,0.0081,4,0.9932,0,0.0,187.72,160.0,163.43,-19.0,512.0,RAS
s0698,rib_left_7,1,0.9808,0.9624,7906,184,125,8090,8031,ok,8090,27303.75,0,0.1771,0.412,0.4086,0.3013,0.5607,0.5243,3158514.0,0.0086,2,0.9999,0,0.0,225.22,187.0,180.89,2.0,604.55,RAS
s0698,rib_left_8,1,0.9809,0.9626,6506,84,169,6590,6675,ok,6590,22241.25,0,0.1765,0.3697,0.327,0.3347,0.5314,0.5459,3463290.0,0.0064,1,1.0,0,0.0,235.89,205.0,158.87,34.0,570.0,RAS
s0698,rib_left_9,1,0.982,0.9646,5389,108,90,5497,5479,ok,5497,18552.38,0,0.1805,0.3269,0.2538,0.3598,0.4686,0.4541,2730672.0,0.0068,1,1.0,1,0.0087,225.49,195.0,139.61,45.0,494.0,RAS
s0698,rib_right_1,0,0.9098,0.8345,2527,370,131,2897,2658,ok,2897,9777.38,0,0.6346,0.5669,0.8527,0.1172,0.1674,0.3027,211680.0,0.0462,1,1.0,1,0.0124,275.44,237.0,187.68,65.0,642.4,RAS
s0698,rib_right_10,1,0.9854,0.9712,4620,105,32,4725,4652,ok,4725,15946.88,0,0.7895,0.2967,0.2013,0.3682,0.3556,0.3676,1716660.0,0.0093,1,1.0,1,0.0093,281.77,243.0,156.51,86.0,606.8,RAS
s0698,rib_right_11,1,0.9809,0.9624,1947,38,38,1985,1985,ok,1985,6699.38,0,0.7269,0.2519,0.1116,0.2887,0.1255,0.2378,307395.0,0.0218,1,1.0,1,0.0196,361.41,336.0,144.28,165.0,626.0,RAS
s0698,rib_right_12,0,0.922,0.8552,384,60,5,444,389,ok,444,1498.5,0,0.6217,0.2713,0.0407,0.0879,0.0377,0.1081,12757.5,0.1175,1,1.0,1,0.0721,382.26,364.0,123.48,209.0,613.7,RAS
s0698,rib_right_2,1,0.9769,0.9549,3602,113,57,3715,3659,ok,3715,12538.12,0,0.6929,0.5222,0.8289,0.1967,0.2762,0.4,774724.5,0.0162,1,1.0,1,0.0008,186.34,181.0,82.72,56.0,332.0,RAS
s0698,rib_right_3,1,0.9719,0.9454,4741,228,46,4969,4787,ok,4969,16770.38,0,0.7261,0.4951,0.7435,0.2134,0.3933,0.4649,1391458.5,0.0121,4,0.9988,0,0.0,208.16,212.0,113.56,8.0,391.6,RAS
s0698,rib_right_4,1,0.978,0.9569,5734,224,34,5958,5768,ok,5958,20108.25,0,0.7465,0.4494,0.6695,0.2134,0.4686,0.4865,1735020.0,0.0116,3,0.994,0,0.0,217.69,204.0,146.11,7.0,479.0,RAS
s0698,rib_right_5,1,0.9758,0.9527,6410,275,43,6685,6453,ok,6685,22561.88,0,0.7646,0.4247,0.5803,0.2343,0.5397,0.4919,2218671.0,0.0102,3,0.9961,0,0.0,208.13,182.0,155.76,2.0,503.8,RAS
s0698,rib_right_6,1,0.9603,0.9237,6888,524,45,7412,6933,ok,7412,25015.5,0,0.79,0.4157,0.4875,0.2552,0.5774,0.4973,2613789.0,0.0096,5,0.9941,0,0.0,244.56,217.0,187.32,0.0,606.0,RAS
s0698,rib_right_7,1,0.9703,0.9423,7852,374,107,8226,7959,ok,8226,27762.75,0,0.811,0.4168,0.4051,0.2845,0.5816,0.5081,2998647.0,0.0093,6,0.999,0,0.0,237.3,199.0,177.58,10.0,593.0,RAS
s0698,rib_right_8,1,0.9787,0.9582,6656,225,65,6881,6721,ok,6881,23223.38,0,0.8108,0.3754,0.3414,0.3264,0.5523,0.5027,3231657.0,0.0072,1,1.0,0,0.0,231.74,202.0,166.95,13.0,556.0,RAS
s0698,rib_right_9,1,0.9845,0.9695,5950,138,49,6088,5999,ok,6088,20547.0,0,0.8104,0.3474,0.2703,0.3515,0.4854,0.4541,2762424.0,0.0074,2,0.9998,1,0.0,225.6,197.0,142.05,37.0,505.3,RAS
s0698,scapula_left,1,0.9847,0.9698,30349,444,500,30793,30849,ok,30793,103926.38,0,0.1536,0.3733,0.7988,0.2762,0.3054,0.5946,1788682.5,0.0581,1,1.0,1,0.0131,316.79,266.0,236.27,28.0,786.0,RAS
s0698,scapula_right,1,0.9786,0.9581,30647,674,666,31321,31313,ok,31321,105708.38,0,0.8081,0.3583,0.822,0.3138,0.2971,0.5676,1887046.88,0.056,3,0.9999,1,0.0157,361.53,292.0,292.3,47.0,909.0,RAS
s0698,spinal_cord,1,0.976,0.9532,12617,457,163,13074,12780,ok,13074,44124.75,0,0.499,0.3074,0.4884,0.0795,0.2971,1.0,842281.88,0.0524,1,1.0,1,0.0143,26.59,27.0,26.32,-16.0,66.0,RAS
s0698,spleen,1,0.9921,0.9843,49603,185,608,49788,50211,ok,49788,168034.5,0,0.1771,0.4065,0.1077,0.2218,0.2469,0.2595,506574.0,0.3317,1,1.0,1,0.0201,75.1,77.0,27.1,28.0,114.0,RAS
s0698,sternum,1,0.9627,0.9282,25052,457,1482,25509,26534,ok,25509,86092.88,0,0.4864,0.7566,0.5605,0.1674,0.2218,0.5838,772740.0,0.1114,1,1.0,0,0.0,314.6,231.0,304.25,63.0,961.6,RAS
s0698,stomach,1,0.9913,0.9828,102452,692,1103,103144,103555,ok,103144,348111.0,0,0.2935,0.6051,0.1002,0.4268,0.4017,0.2432,1487160.0,0.2341,2,0.9768,1,0.0316,44.32,48.0,40.54,-3.0,87.0,RAS
s0698,subclavian_artery_left,1,0.9696,0.9409,3009,33,156,3042,3165,ok,3042,10266.75,0,0.3688,0.5539,0.8435,0.2552,0.1004,0.1676,153171.0,0.067,1,1.0,0,0.0,212.34,226.0,90.94,52.0,331.0,RAS
s0698,subclavian_artery_right,1,0.9654,0.9331,2455,80,96,2535,2551,ok,2535,8555.62,0,0.582,0.5531,0.8418,0.2427,0.0711,0.1838,113143.5,0.0756,1,1.0,0,0.0,214.37,228.0,91.6,55.0,335.3,RAS
s0698,superior_vena_cava,1,0.9869,0.974,5179,27,111,5206,5290,ok,5206,17570.25,0,0.5547,0.5255,0.5952,0.0628,0.1004,0.2378,53460.0,0.3287,1,1.0,0,0.0,337.83,344.0,156.25,69.0,588.5,RAS
s0698,thyroid_gland,1,0.9628,0.9283,6923,350,185,7273,7108,ok,7273,24546.38,0,0.5003,0.646,0.8927,0.159,0.1213,0.1892,130173.75,0.1886,1,1.0,1,0.0026,101.15,104.0,27.73,51.0,139.0,RAS
s0698,trachea,1,0.979,0.9588,12076,74,445,12150,12521,ok,12150,41006.25,0,0.4962,0.503,0.7437,0.2594,0.3222,0.3676,1095633.0,0.0374,1,1.0,0,0.0,-833.63,-944.0,194.57,-990.0,-409.0,RAS
s0698,vertebrae_C6,0,0.9318,0.8724,335,44,5,379,340,ok,379,1279.12,0,0.4666,0.5999,0.9851,0.1088,0.0335,0.0432,5616.0,0.2278,3,0.9525,1,0.2955,343.41,333.0,110.63,184.9,551.6,RAS
s0698,vertebrae_C7,1,0.9693,0.9405,2070,103,28,2173,2098,ok,2173,7333.88,0,0.4708,0.5551,0.9707,0.1841,0.0753,0.0757,37422.0,0.196,7,0.9636,1,0.1132,283.05,264.0,101.34,161.0,477.4,RAS
s0698,vertebrae_L1,1,0.9822,0.965,11619,225,197,11844,11816,ok,11844,39973.5,0,0.4994,0.3759,0.0394,0.1632,0.1925,0.1243,139259.25,0.287,2,0.9999,1,0.0598,227.99,169.0,172.01,79.0,595.0,RAS
s0698,vertebrae_L2,1,0.9548,0.9136,74,4,3,78,77,ok,78,263.25,0,0.5139,0.4625,0.0012,0.0921,0.0209,0.0108,742.5,0.3545,2,0.9872,1,0.7821,307.06,301.0,77.16,206.8,438.6,RAS
s0698,vertebrae_T1,1,0.9784,0.9578,5287,142,91,5429,5378,ok,5429,18322.88,0,0.4749,0.496,0.9547,0.2176,0.1255,0.1243,121095.0,0.1513,1,1.0,1,0.095,296.02,260.0,140.88,133.0,576.0,RAS
s0698,vertebrae_T10,1,0.9762,0.9535,11197,356,190,11553,11387,ok,11553,38991.38,0,0.5004,0.2813,0.3242,0.1632,0.2134,0.2,248376.38,0.157,2,0.9999,0,0.0,245.92,182.0,193.52,40.0,639.0,RAS
s0698,vertebrae_T11,1,0.9751,0.9514,12965,258,405,13223,13370,ok,13223,44627.62,0,0.5013,0.302,0.2267,0.1506,0.2008,0.2162,233280.0,0.1913,2,0.9998,0,0.0,275.54,203.0,212.02,58.0,726.0,RAS
s0698,vertebrae_T12,1,0.975,0.9512,14320,241,493,14561,14813,ok,14561,49143.38,0,0.4992,0.3271,0.1246,0.1423,0.2259,0.2162,247860.0,0.1983,1,1.0,1,0.0013,262.07,188.0,201.98,77.0,710.0,RAS
s0698,vertebrae_T2,1,0.9766,0.9543,6928,171,161,7099,7089,ok,7099,23959.12,0,0.4828,0.4403,0.9279,0.2134,0.1967,0.1676,250786.12,0.0955,1,1.0,1,0.0175,274.19,232.0,155.18,91.0,584.0,RAS
s0698,vertebrae_T3,1,0.9697,0.9413,7293,262,193,7555,7486,ok,7555,25498.12,0,0.4885,0.3851,0.8883,0.1967,0.205,0.1838,264269.25,0.0965,1,1.0,0,0.0,274.56,236.0,157.01,85.0,588.0,RAS
s0698,vertebrae_T4,1,0.9642,0.9309,7598,353,211,7951,7809,ok,7951,26834.62,0,0.4992,0.3433,0.8287,0.2008,0.2176,0.1784,277992.0,0.0965,1,1.0,0,0.0,280.7,242.0,163.36,89.0,605.0,RAS
s0698,vertebrae_T5,1,0.9601,0.9232,8247,153,533,8400,8780,ok,8400,28350.0,0,0.5073,0.3092,0.7572,0.1925,0.2218,0.173,263304.0,0.1077,1,1.0,0,0.0,269.07,228.0,173.58,68.0,615.0,RAS
s0698,vertebrae_T6,1,0.9558,0.9153,8323,304,466,8627,8789,ok,8627,29116.12,0,0.5071,0.2801,0.6791,0.1883,0.2176,0.2108,308002.5,0.0945,2,0.9999,0,0.0,271.23,223.0,184.68,70.3,654.0,RAS
s0698,vertebrae_T7,1,0.9527,0.9096,9017,548,348,9565,9365,ok,9565,32281.88,0,0.504,0.2623,0.5922,0.1883,0.205,0.227,312558.75,0.1033,1,1.0,0,0.0,276.36,233.0,191.29,61.0,658.8,RAS
s0698,vertebrae_T8,1,0.9709,0.9434,10272,319,297,10591,10569,ok,10591,35744.62,0,0.4995,0.2615,0.5033,0.1757,0.2259,0.227,321489.0,0.1112,2,0.9999,0,0.0,314.88,257.0,207.18,81.0,756.0,RAS
s0698,vertebrae_T9,1,0.9771,0.9553,10604,270,226,10874,10830,ok,10874,36699.75,0,0.4989,0.2709,0.4161,0.1632,0.2176,0.2216,280624.5,0.1308,1,1.0,0,0.0,269.96,204.0,204.73,57.0,693.0,RAS
s0675,adrenal_gland_left,1,0.9504,0.9054,1398,107,39,1505,1437,ok,1505,5079.38,0,0.418,0.4726,0.1273,0.0485,0.0971,0.1244,39487.5,0.1286,1,1.0,0,0.0,2.35,4.0,43.27,-71.8,69.8,RAS
s0675,adrenal_gland_right,0,0.8933,0.8071,841,36,165,877,1006,ok,877,2959.88,0,0.5675,0.4511,0.1626,0.0518,0.0744,0.0957,24840.0,0.1192,1,1.0,0,0.0,-2.5,-2.0,44.54,-80.0,68.2,RAS
s0675,aorta,1,0.9876,0.9755,65661,1246,404,66907,66065,ok,66907,225811.12,0,0.4844,0.4722,0.5264,0.1456,0.2233,0.799,1750055.62,0.129,1,1.0,1,0.0016,37.37,36.0,55.6,-17.0,82.0,RAS
s0675,atrial_appendage_left,1,0.9574,0.9183,1629,126,19,1755,1648,ok,1755,5923.12,0,0.4264,0.4873,0.5649,0.0583,0.055,0.0813,17556.75,0.3374,1,1.0,0,0.0,16.45,19.0,32.26,-42.0,65.0,RAS
s0675,autochthon_left,1,0.9804,0.9615,74862,1409,1586,76271,76448,ok,76271,257414.62,0,0.4305,0.2829,0.3822,0.178,0.178,1.0,2133759.5,0.1206,1,1.0,1,0.0133,17.23,21.0,41.55,-59.0,77.0,RAS
s0675,autochthon_right,1,0.9818,0.9643,69378,1545,1023,70923,70401,ok,70923,239365.12,0,0.5542,0.2832,0.4055,0.1618,0.1812,1.0,1975050.0,0.1212,1,1.0,1,0.0116,8.58,14.0,45.68,-81.0,72.0,RAS
s0675,brachiocephalic_trunk,0,0.934,0.8762,1330,118,70,1448,1400,ok,1448,4887.0,0,0.5207,0.5373,0.8112,0.068,0.0485,0.0957,21262.5,0.2298,1,1.0,0,0.0,15.73,11.0,60.09,-56.0,80.65,RAS
s0675,brachiocephalic_vein_left,0,0.9228,0.8566,2258,287,91,2545,2349,ok,2545,8589.38,0,0.499,0.5489,0.7968,0.1294,0.0647,0.1483,83700.0,0.1026,1,1.0,0,0.0,91.24,32.0,318.4,-78.0,482.2,RAS
s0675,brachiocephalic_vein_right,0,0.8822,0.7892,1086,276,14,1362,1100,ok,1362,4596.75,0,0.5753,0.5294,0.8105,0.0518,0.0356,0.11,13662.0,0.3365,1,1.0,0,0.0,-11.25,-1.0,75.69,-105.0,61.95,RAS
s0675,clavicula_left,1,0.9751,0.9515,4234,54,162,4288,4396,ok,4288,14472.0,0,0.4021,0.5402,0.9286,0.1553,0.1359,0.1435,204120.0,0.0709,1,1.0,1,0.0278,257.31,172.0,315.31,-107.0,888.65,RAS
s0675,clavicula_right,1,0.9837,0.9679,6421,133,80,6554,6501,ok,6554,22119.75,0,0.6444,0.4996,0.9316,0.2492,0.233,0.1627,636174.0,0.0348,1,1.0,1,0.0388,328.83,230.0,360.06,-100.0,1041.35,RAS
s0675,colon,1,0.9663,0.9348,60882,1374,2873,62256,63755,ok,62256,210114.0,0,0.2854,0.5719,0.1307,0.4466,0.2298,0.3206,2215572.75,0.0948,2,0.9175,1,0.024,-135.37,-28.0,286.57,-944.0,57.0,RAS
s0675,common_carotid_artery_left,0,0.8607,0.7554,1328,250,180,1578,1508,ok,1578,5325.75,0,0.4752,0.5076,0.8743,0.0485,0.0744,0.2344,57054.38,0.0933,2,0.7161,1,0.0222,30.8,28.0,48.69,-42.15,110.0,RAS
s0675,common_carotid_artery_right,0,0.9426,0.8914,862,64,41,926,903,ok,926,3125.25,0,0.5585,0.5115,0.9171,0.0356,0.0421,0.1531,15444.0,0.2024,1,1.0,1,0.0292,10.37,11.0,37.66,-51.0,70.0,RAS
s0675,costal_cartilages,0,0.925,0.8605,37484,3534,2543,41018,40027,ok,41018,138435.75,0,0.4749,0.6896,0.3592,0.6311,0.2071,0.8708,7665840.0,0.0181,20,0.7052,1,0.0001,81.18,80.0,55.36,12.0,142.0,RAS
s0675,duodenum,0,0.8725,0.7738,5590,339,1295,5929,6885,ok,5929,20010.38,0,0.5586,0.5531,0.0546,0.165,0.1294,0.1148,165240.0,0.1211,3,0.9396,1,0.0487,7.4,22.0,112.87,-55.0,83.0,RAS
s0675,esophagus,1,0.9634,0.9293,9850,523,226,10373,10076,ok,10373,35008.88,0,0.4971,0.4452,0.5668,0.0906,0.11,0.6746,453033.0,0.0773,1,1.0,0,0.0,14.72,21.0,91.58,-58.0,100.0,RAS
s0675,gallbladder,1,0.9797,0.9601,10453,165,269,10618,10722,ok,10618,35835.75,0,0.6499,0.6004,0.0412,0.1036,0.1294,0.11,99360.0,0.3607,1,1.0,1,0.0465,8.91,8.0,31.6,-43.0,61.0,RAS
s0675,heart,1,0.9608,0.9246,142452,4214,7403,146666,149855,ok,146666,494997.75,0,0.4439,0.5409,0.4637,0.2913,0.246,0.3732,1800630.0,0.2749,15,0.9998,0,0.0,34.29,32.0,70.64,-22.0,83.0,RAS
s0675,humerus_left,0,0.8041,0.6724,12216,266,5685,12482,17901,ok,12482,42126.75,0,0.1757,0.4391,0.9679,0.2006,0.356,0.0957,460350.0,0.0915,4,0.9301,1,0.1033,82.97,62.0,179.06,-164.0,425.95,RAS
s0675,humerus_right,1,0.9572,0.9179,23983,1757,387,25740,24370,ok,25740,86872.5,0,0.8518,0.4838,0.956,0.2136,0.3819,0.1292,709681.5,0.1224,1,1.0,1,0.0734,126.28,61.0,210.55,-98.0,572.0,RAS
s0675,iliopsoas_left,0,0.941,0.8885,271,18,16,289,287,ok,289,975.38,0,0.4284,0.3854,0.0138,0.0259,0.0453,0.0478,3780.0,0.258,1,1.0,1,0.1972,43.8,44.0,36.0,-19.2,98.2,RAS
s0675,iliopsoas_right,0,0.9202,0.8523,450,63,15,513,465,ok,513,1731.38,0,0.5479,0.383,0.0185,0.0291,0.0485,0.067,6378.75,0.2714,1,1.0,1,0.1442,39.54,39.0,40.02,-27.0,104.4,RAS
s0675,inferior_vena_cava,1,0.9533,0.9108,10772,734,321,11506,11093,ok,11506,38832.75,0,0.5388,0.4986,0.2026,0.0744,0.0744,0.4163,155327.62,0.25,1,1.0,1,0.0087,35.66,37.0,37.55,-26.0,94.0,RAS
s0675,kidney_left,1,0.9897,0.9796,19884,266,148,20150,20032,ok,20150,68006.25,0,0.3237,0.4203,0.0498,0.1424,0.1359,0.134,174636.0,0.3894,1,1.0,1,0.044,19.41,20.0,36.55,-41.0,78.0,RAS
s0675,kidney_right,1,0.9857,0.9718,15816,188,271,16004,16087,ok,16004,54013.5,0,0.6314,0.414,0.0524,0.123,0.1165,0.134,129276.0,0.4178,1,1.0,1,0.0434,23.13,24.0,35.42,-36.0,80.0,RAS
s0675,liver,1,0.9915,0.9832,385328,4387,2197,389715,387525,ok,389715,1315288.12,0,0.6212,0.5458,0.1946,0.4757,0.3625,0.378,4389714.0,0.2996,2,1.0,1,0.0042,43.7,44.0,33.32,-11.0,98.0,RAS
s0675,lung_lower_lobe_left,1,0.9865,0.9733,182457,3446,1550,185903,184007,ok,185903,627422.62,0,0.3428,0.3761,0.4476,0.2783,0.3463,0.5789,3757866.75,0.167,3,1.0,0,0.0,-774.82,-855.0,202.35,-925.0,-279.0,RAS
s0675,lung_lower_lobe_right,1,0.9923,0.9847,247121,1892,1949,249013,249070,ok,249013,840418.88,0,0.644,0.3805,0.3876,0.2977,0.3851,0.5789,4470889.5,0.188,6,1.0,0,0.0,-801.1,-869.0,190.83,-933.0,-327.0,RAS
s0675,lung_middle_lobe_right,1,0.9845,0.9695,153653,3088,1746,156741,155399,ok,156741,529000.88,0,0.6631,0.5716,0.4349,0.3107,0.3139,0.3349,2199960.0,0.2405,1,1.0,0,0.0,-877.04,-905.0,112.81,-952.0,-694.0,RAS
s0675,lung_upper_lobe_left,1,0.9951,0.9902,409560,798,3258,410358,412818,ok,410358,1384958.25,0,0.3405,0.5061,0.65,0.3139,0.3722,0.7129,5609570.5,0.2469,1,1.0,0,0.0,-855.77,-888.0,114.77,-942.0,-653.0,RAS
s0675,lung_upper_lobe_right,1,0.9928,0.9857,342283,1156,3825,343439,346108,ok,343439,1159106.62,0,0.6444,0.4855,0.6766,0.2977,0.4045,0.4737,3842437.5,0.3017,1,1.0,0,0.0,-856.49,-887.0,114.8,-936.0,-663.0,RAS
s0675,pancreas,1,0.9611,0.9251,23845,879,1052,24724,24897,ok,24724,83443.5,0,0.4244,0.541,0.0822,0.3398,0.1909,0.1675,731784.38,0.114,3,0.9999,1,0.0165,28.65,29.0,39.88,-38.0,91.0,RAS
s0675,portal_vein_and_splenic_vein,0,0.8113,0.6825,2195,716,305,2911,2500,ok,2911,9824.62,0,0.4751,0.5211,0.1329,0.356,0.1812,0.134,582120.0,0.0169,4,0.8389,0,0.0,24.6,25.0,38.15,-39.0,86.5,RAS
s0675,pulmonary_vein,1,0.9678,0.9376,5983,186,212,6169,6195,ok,6169,20820.38,0,0.4855,0.4488,0.5217,0.2298,0.1133,0.1914,335475.0,0.0621,3,0.5936,0,0.0,16.15,23.0,51.32,-52.0,69.0,RAS
s0675,rib_left_1,1,0.9766,0.9544,2718,108,22,2826,2740,ok,2826,9537.75,0,0.3753,0.4984,0.9036,0.0971,0.1715,0.1675,187818.75,0.0508,1,1.0,1,0.0103,280.27,256.0,220.45,-45.0,689.75,RAS
s0675,rib_left_10,0,0.8699,0.7698,4270,1152,125,5422,4395,ok,5422,18299.25,0,0.2282,0.3987,0.1949,0.2783,0.3172,0.3732,2218671.0,0.0082,2,0.7929,1,0.0004,270.17,252.0,198.34,-40.0,633.0,RAS
s0675,rib_left_11,1,0.9911,0.9823,2722,16,33,2738,2755,ok,2738,9240.75,0,0.2849,0.3272,0.1252,0.2492,0.1456,0.2584,631496.25,0.0146,1,1.0,1,0.0194,294.61,283.0,174.44,22.0,622.3,RAS
s0675,rib_left_12,1,0.9732,0.9479,891,6,43,897,934,ok,897,3027.38,0,0.3731,0.3233,0.0637,0.1294,0.0356,0.1292,40095.0,0.0755,1,1.0,1,0.0279,270.46,279.0,119.59,53.2,469.0,RAS
s0675,rib_left_2,1,0.9736,0.9485,3646,176,22,3822,3668,ok,3822,12899.25,0,0.3293,0.493,0.8469,0.165,0.2913,0.2775,898492.5,0.0144,1,1.0,0,0.0,250.34,236.0,175.7,-28.0,556.0,RAS
s0675,rib_left_3,1,0.9826,0.9658,3893,99,39,3992,3932,ok,3992,13473.0,0,0.2964,0.4914,0.7719,0.1974,0.343,0.3349,1527592.5,0.0088,1,1.0,0,0.0,197.82,196.0,156.35,-48.0,459.45,RAS
s0675,rib_left_4,1,0.9491,0.9031,4109,38,403,4147,4512,ok,4147,13996.12,0,0.2752,0.4696,0.7152,0.2071,0.356,0.3541,1758240.0,0.008,2,0.9981,0,0.0,196.86,197.0,174.13,-67.7,487.0,RAS
s0675,rib_left_5,0,0.8136,0.6857,3801,147,1595,3948,5396,ok,3948,13324.5,0,0.2756,0.4293,0.6823,0.2201,0.3948,0.3493,2043927.0,0.0065,5,0.9673,0,0.0,206.72,211.0,199.73,-100.0,545.65,RAS
s0675,rib_left_6,0,0.6477,0.479,3847,1479,2706,5326,6553,ok,5326,17975.25,0,0.2752,0.4537,0.5879,0.2298,0.4175,0.378,2442018.5,0.0074,3,0.7294,0,0.0,231.35,205.0,232.32,-89.0,665.75,RAS
s0675,rib_left_7,0,0.5821,0.4105,3722,2681,2664,6403,6386,ok,6403,21610.12,0,0.2593,0.4676,0.5002,0.2395,0.4272,0.3876,2670327.0,0.0081,2,0.5849,0,0.0,220.42,207.0,212.15,-74.9,607.0,RAS
s0675,rib_left_8,0,0.6016,0.4302,3656,2636,2206,6292,5862,ok,6292,21235.5,0,0.2413,0.4495,0.4147,0.2427,0.4045,0.4019,2657812.5,0.008,2,0.5828,0,0.0,240.29,225.0,205.35,-60.0,606.0,RAS
s0675,rib_left_9,0,0.7077,0.5476,4028,2098,1230,6126,5258,ok,6126,20675.25,0,0.2398,0.4155,0.3307,0.2589,0.3689,0.4354,2800980.0,0.0074,3,0.661,0,0.0,269.47,244.0,211.02,-35.0,665.75,RAS
s0675,rib_right_1,1,0.9742,0.9497,2587,45,92,2632,2679,ok,2632,8883.0,0,0.6317,0.4937,0.8837,0.0939,0.178,0.1866,209941.88,0.0423,11,0.9962,1,0.0,274.3,246.0,217.4,-44.45,702.25,RAS
s0675,rib_right_10,1,0.9872,0.9748,4058,46,59,4104,4117,ok,4104,13851.0,0,0.7225,0.3423,0.1967,0.246,0.2589,0.3636,1559520.0,0.0089,1,1.0,1,0.0132,333.95,322.0,208.83,5.0,686.0,RAS
s0675,rib_right_11,1,0.9886,0.9774,2035,13,34,2048,2069,ok,2048,6912.0,0,0.6703,0.3042,0.1247,0.2071,0.1036,0.2584,373248.0,0.0185,1,1.0,1,0.0186,325.4,317.5,155.51,83.0,609.0,RAS
s0675,rib_right_12,1,0.9885,0.9773,603,2,12,605,615,ok,605,2041.88,0,0.5914,0.3147,0.049,0.0939,0.0291,0.11,20260.12,0.1008,1,1.0,1,0.043,317.2,321.0,130.35,97.2,528.8,RAS
s0675,rib_right_2,1,0.9863,0.973,3597,77,23,3674,3620,ok,3674,12399.75,0,0.6744,0.4885,0.8276,0.1553,0.2783,0.2201,640872.0,0.0193,3,0.9995,0,0.0,214.34,194.0,192.33,-45.0,583.0,RAS
s0675,rib_right_3,1,0.9853,0.9711,3961,45,73,4006,4034,ok,4006,13520.25,0,0.7038,0.488,0.7433,0.1974,0.3528,0.3062,1436184.0,0.0094,1,1.0,0,0.0,192.83,179.0,176.91,-55.0,504.75,RAS
s0675,rib_right_4,1,0.9737,0.9488,4094,180,41,4274,4135,ok,4274,14424.75,0,0.7202,0.4792,0.667,0.2071,0.3916,0.3732,2038608.0,0.0071,4,0.9881,0,0.0,179.21,170.0,178.29,-80.0,503.0,RAS
s0675,rib_right_5,1,0.9764,0.9539,5273,44,211,5317,5484,ok,5317,17944.88,0,0.7188,0.4713,0.5958,0.2104,0.4175,0.4115,2433746.25,0.0074,3,0.9996,0,0.0,218.3,209.0,217.08,-90.0,607.0,RAS
s0675,rib_right_6,0,0.9292,0.8678,5155,50,735,5205,5890,ok,5205,17566.88,0,0.7305,0.4379,0.5439,0.2071,0.3948,0.3828,2108160.0,0.0083,1,1.0,0,0.0,264.67,245.0,234.26,-70.0,674.0,RAS
s0675,rib_right_7,0,0.8919,0.8049,5490,627,704,6117,6194,ok,6117,20644.88,0,0.7307,0.447,0.4542,0.2201,0.4434,0.4163,2735410.5,0.0075,3,0.9014,0,0.0,264.13,239.0,238.8,-57.0,701.2,RAS
s0675,rib_right_8,0,0.9458,0.8971,5876,546,128,6422,6004,ok,6422,21674.25,0,0.7359,0.4365,0.3562,0.233,0.4272,0.4258,2854764.0,0.0076,3,0.9209,0,0.0,262.39,236.0,226.91,-50.0,679.95,RAS
s0675,rib_right_9,1,0.9868,0.9739,5231,30,110,5261,5341,ok,5261,17755.88,0,0.7328,0.3697,0.3002,0.246,0.3366,0.3971,2214108.0,0.008,1,1.0,0,0.0,285.79,261.0,208.45,-12.0,661.0,RAS
s0675,scapula_left,1,0.9787,0.9583,25734,485,636,26219,26370,ok,26219,88489.12,0,0.2609,0.3356,0.8137,0.2071,0.2071,0.5215,1506816.0,0.0587,1,1.0,1,0.0057,269.23,212.0,243.27,-11.0,762.0,RAS
s0675,scapula_right,1,0.9829,0.9663,27366,519,435,27885,27801,ok,27885,94111.88,0,0.7752,0.3522,0.7772,0.2071,0.2006,0.5742,1607040.0,0.0586,1,1.0,1,0.0054,290.03,227.0,251.29,4.0,803.0,RAS
s0675,small_bowel,1,0.954,0.9121,22418,1872,288,24290,22706,ok,24290,81978.75,0,0.355,0.5864,0.0382,0.2233,0.178,0.1196,320203.12,0.256,1,1.0,1,0.0724,8.66,18.0,74.74,-74.0,78.0,RAS
s0675,spinal_cord,1,0.9782,0.9573,15159,469,207,15628,15366,ok,15628,52744.5,0,0.4993,0.3443,0.4721,0.0647,0.1586,1.0,691267.5,0.0763,1,1.0,1,0.0129,22.06,25.0,42.02,-52.0,86.0,RAS
s0675,spleen,1,0.9879,0.9761,30889,258,498,31147,31387,ok,31147,105121.12,0,0.2559,0.3807,0.2294,0.2006,0.1618,0.2057,449887.5,0.2337,1,1.0,0,0.0,24.72,25.0,31.85,-28.0,76.0,RAS
s0675,sternum,0,0.9372,0.8817,15255,254,1792,15509,17047,ok,15509,52342.88,0,0.4982,0.6476,0.6923,0.1197,0.1359,0.4976,545454.0,0.096,1,1.0,0,0.0,75.61,48.0,177.17,-168.0,396.0,RAS
s0675,stomach,1,0.9851,0.9706,121097,2504,1160,123601,122257,ok,123601,417153.38,0,0.3886,0.5489,0.1787,0.3074,0.3657,0.3397,2572374.5,0.1622,1,1.0,1,0.0112,-81.28,8.0,282.4,-966.0,80.0,RAS
s0675,subclavian_artery_left,0,0.8499,0.7389,1534,371,171,1905,1705,ok,1905,6429.38,0,0.4098,0.4867,0.8748,0.233,0.0518,0.1675,136080.0,0.0472,4,0.5491,0,0.0,65.99,60.0,103.96,-39.0,178.0,RAS
s0675,subclavian_artery_right,1,0.9505,0.9056,1862,96,98,1958,1960,ok,1958,6608.25,0,0.6151,0.4961,0.8839,0.1845,0.0485,0.1148,69255.0,0.0954,1,1.0,0,0.0,-1.62,0.0,46.85,-77.0,70.0,RAS
s0675,superior_vena_cava,1,0.9613,0.9255,5505,181,262,5686,5767,ok,5686,19190.25,0,0.5606,0.5075,0.6398,0.0485,0.0712,0.2632,61256.25,0.3133,1,1.0,0,0.0,69.55,29.0,255.51,-44.0,188.75,RAS
s0675,thyroid_gland,0,0.8784,0.7831,2275,449,181,2724,2456,ok,2724,9193.5,0,0.5145,0.5252,0.917,0.0971,0.055,0.1292,46473.75,0.1978,2,0.5136,0,0.0,45.18,45.0,47.33,-30.0,122.0,RAS
s0675,trachea,1,0.9845,0.9695,10004,188,127,10192,10131,ok,10192,34398.0,0,0.5179,0.4753,0.7632,0.1845,0.1294,0.3636,584820.0,0.0588,1,1.0,0,0.0,-889.93,-954.0,166.05,-1012.0,-467.0,RAS
s0675,vertebrae_C7,1,0.9682,0.9384,1158,68,8,1226,1166,ok,1226,4137.75,0,0.5183,0.4657,0.984,0.1003,0.0971,0.0431,28248.75,0.1465,3,0.863,1,0.2423,234.48,205.0,126.45,91.0,499.25,RAS
s0675,vertebrae_L1,1,0.9927,0.9856,12528,99,84,12627,12612,ok,12627,42616.12,0,0.489,0.3885,0.0499,0.1618,0.1683,0.1148,210600.0,0.2024,1,1.0,1,0.0136,221.62,160.0,204.34,20.0,634.0,RAS
s0675,vertebrae_L2,1,0.9723,0.946,263,10,5,273,268,ok,273,921.38,0,0.4896,0.4509,0.0018,0.0809,0.0324,0.0144,2531.25,0.364,1,1.0,1,0.6557,292.55,274.0,144.81,100.2,573.8,RAS
s0675,vertebrae_T1,1,0.9799,0.9606,5407,173,49,5580,5456,ok,5580,18832.5,0,0.5128,0.4272,0.9586,0.1553,0.1424,0.0957,142560.0,0.1321,2,0.9998,1,0.0283,262.77,193.0,218.72,13.0,722.0,RAS
s0675,vertebrae_T10,1,0.9925,0.9851,10941,95,71,11036,11012,ok,11036,37246.5,0,0.495,0.3364,0.3237,0.1327,0.1521,0.1722,234130.5,0.1591,1,1.0,0,0.0,248.26,182.0,214.24,53.0,737.0,RAS
s0675,vertebrae_T11,1,0.991,0.9821,11941,47,171,11988,12112,ok,11988,40459.5,0,0.4945,0.348,0.2365,0.1197,0.1521,0.1675,205419.38,0.197,1,1.0,0,0.0,219.86,154.0,205.72,36.0,687.0,RAS
s0675,vertebrae_T12,1,0.9896,0.9795,12869,73,197,12942,13066,ok,12942,43679.25,0,0.4912,0.3661,0.1429,0.1036,0.1586,0.1579,174636.0,0.2501,1,1.0,0,0.0,212.3,149.0,202.61,22.0,656.85,RAS
s0675,vertebrae_T2,1,0.9852,0.9708,5680,102,69,5782,5749,ok,5782,19514.25,0,0.5052,0.4042,0.9071,0.1424,0.1456,0.1292,180427.5,0.1082,1,1.0,0,0.0,283.62,231.0,213.87,15.0,710.0,RAS
s0675,vertebrae_T3,1,0.9885,0.9773,5604,63,67,5667,5671,ok,5667,19126.12,0,0.5012,0.3781,0.8479,0.1327,0.1489,0.1148,152766.0,0.1252,1,1.0,0,0.0,291.04,240.0,214.05,24.3,737.0,RAS
s0675,vertebrae_T4,1,0.9899,0.98,6080,65,59,6145,6139,ok,6145,20739.38,0,0.5071,0.3614,0.7824,0.1327,0.1456,0.1292,168125.62,0.1234,1,1.0,0,0.0,273.24,224.0,197.89,49.0,694.8,RAS
s0675,vertebrae_T5,1,0.9881,0.9766,6626,66,93,6692,6719,ok,6692,22585.5,0,0.5125,0.3474,0.7137,0.1392,0.1456,0.1627,222041.25,0.1017,2,0.9964,0,0.0,247.16,198.0,191.47,34.0,642.0,RAS
s0675,vertebrae_T6,1,0.9773,0.9556,7096,49,281,7145,7377,ok,7145,24114.38,0,0.5112,0.3368,0.6404,0.1424,0.1489,0.1866,266409.0,0.0905,4,0.999,0,0.0,269.4,221.0,194.76,51.0,674.0,RAS
s0675,vertebrae_T7,1,0.9788,0.9585,8351,257,105,8608,8456,ok,8608,29052.0,0,0.5055,0.3288,0.5643,0.1456,0.1456,0.2057,293878.12,0.0989,4,0.9997,0,0.0,276.04,216.0,214.45,43.0,736.65,RAS
s0675,vertebrae_T8,1,0.989,0.9782,8927,99,100,9026,9027,ok,9026,30462.75,0,0.4987,0.3286,0.4849,0.1392,0.1553,0.2488,362232.0,0.0841,5,0.9983,0,0.0,264.65,192.0,221.26,48.0,763.75,RAS
s0675,vertebrae_T9,1,0.9911,0.9823,9753,100,76,9853,9829,ok,9853,33253.88,0,0.4956,0.3298,0.4052,0.1392,0.1521,0.2584,368327.25,0.0903,2,0.9988,0,0.0,279.15,204.0,230.37,43.0,774.0,RAS
s0420,adrenal_gland_left,0,0.9116,0.8375,737,127,16,864,753,ok,864,2916.0,0,0.3423,0.4708,0.0158,0.067,0.0957,0.0457,9450.0,0.3086,1,1.0,1,0.1551,144.05,144.5,72.24,28.0,260.85,RAS
s0420,adrenal_gland_right,0,0.8947,0.8094,310,63,10,373,320,ok,373,1258.88,0,0.5928,0.4562,0.0164,0.0335,0.067,0.0457,3307.5,0.3806,1,1.0,1,0.126,88.58,90.0,77.24,-44.0,206.4,RAS
s0420,aorta,1,0.9819,0.9645,127129,694,3987,127823,131116,ok,127823,431402.62,0,0.4221,0.4852,0.4623,0.3206,0.3923,0.8082,3281978.25,0.1314,1,1.0,1,0.0032,392.36,420.0,158.65,102.0,588.0,RAS
s0420,atrial_appendage_left,1,0.9511,0.9068,1518,78,78,1596,1596,ok,1596,5386.5,0,0.4158,0.5614,0.4717,0.1053,0.0861,0.1142,33412.5,0.1612,1,1.0,0,0.0,387.09,437.0,166.58,90.0,595.0,RAS
s0420,autochthon_left,1,0.9793,0.9593,85537,1023,2602,86560,88139,ok,86560,292140.0,0,0.3751,0.2212,0.3884,0.2536,0.2297,1.0,1880334.0,0.1554,1,1.0,1,0.011,48.68,49.0,53.87,-41.0,136.0,RAS
s0420,autochthon_right,1,0.9794,0.9596,82891,917,2569,83808,85460,ok,83808,282852.0,0,0.5523,0.2156,0.4062,0.244,0.2392,1.0,1884768.75,0.1501,1,1.0,1,0.0109,56.4,57.0,56.75,-32.0,143.0,RAS
s0420,brachiocephalic_trunk,0,0.9432,0.8925,3256,281,111,3537,3367,ok,3537,11937.38,0,0.5439,0.5948,0.759,0.0718,0.11,0.1553,39588.75,0.3015,1,1.0,0,0.0,512.98,531.0,110.26,289.0,652.2,RAS
s0420,brachiocephalic_vein_left,0,0.9071,0.83,2007,312,99,2319,2106,ok,2319,7826.62,0,0.5364,0.6274,0.7517,0.2057,0.1053,0.1781,124517.25,0.0629,2,0.9724,0,0.0,158.19,125.0,119.97,29.9,435.1,RAS
s0420,brachiocephalic_vein_right,0,0.9203,0.8524,2455,279,146,2734,2601,ok,2734,9227.25,0,0.591,0.5475,0.8,0.067,0.0766,0.1781,29484.0,0.313,1,1.0,0,0.0,1865.5,2104.0,1185.41,96.65,3143.35,RAS
s0420,clavicula_left,1,0.9826,0.9658,6867,201,42,7068,6909,ok,7068,23854.5,0,0.3001,0.5183,0.9374,0.3493,0.2967,0.1826,611010.0,0.039,1,1.0,1,0.0594,608.78,428.0,511.91,10.0,1533.65,RAS
s0420,clavicula_right,1,0.9856,0.9716,5228,81,72,5309,5300,ok,5309,17917.88,0,0.639,0.5476,0.9421,0.2392,0.3206,0.1598,395718.75,0.0453,1,1.0,1,0.0774,647.92,487.0,519.96,32.0,1581.0,RAS
s0420,colon,0,0.6033,0.4319,10575,13250,660,23825,11235,ok,23825,80409.38,0,0.3936,0.7882,0.1057,0.3062,0.134,0.2329,308448.0,0.2607,1,1.0,1,0.0167,-479.58,-624.0,467.7,-998.0,118.0,RAS
s0420,common_carotid_artery_left,1,0.9768,0.9546,2397,76,38,2473,2435,ok,2473,8346.38,0,0.4567,0.5694,0.859,0.1053,0.1148,0.2831,110484.0,0.0755,1,1.0,1,0.0105,425.53,460.0,130.66,155.6,582.0,RAS
s0420,common_carotid_artery_right,0,0.9385,0.8842,1168,15,138,1183,1306,ok,1183,3992.62,0,0.561,0.5503,0.9071,0.0335,0.0574,0.1735,10773.0,0.3706,1,1.0,1,0.022,369.81,380.0,108.83,176.1,526.0,RAS
s0420,costal_cartilages,0,0.9194,0.8508,42196,3802,3597,45998,45793,ok,45998,155243.25,0,0.5077,0.8118,0.3846,0.7895,0.2967,0.8584,6490935.0,0.0239,26,0.3704,1,0.0036,118.55,100.0,150.2,22.0,232.0,RAS
s0420,duodenum,0,0.5765,0.405,226,332,0,558,226,ok,558,1883.25,0,0.6011,0.7122,0.0046,0.0957,0.0718,0.0183,4050.0,0.465,1,1.0,1,0.3943,-525.78,-789.0,456.31,-1001.0,161.3,RAS
s0420,esophagus,0,0.9153,0.8438,9525,727,1036,10252,10561,ok,10252,34600.5,0,0.4619,0.4773,0.5185,0.1196,0.1962,0.8356,633065.62,0.0547,1,1.0,0,0.0,52.93,59.0,91.98,-52.0,158.0,RAS
s0420,heart,1,0.9696,0.9411,205357,3900,8962,209257,214319,ok,209257,706242.38,0,0.4604,0.6234,0.3393,0.4258,0.3828,0.4475,2354940.0,0.2999,3,1.0,0,0.0,362.52,403.0,188.87,66.0,622.0,RAS
s0420,humerus_left,1,0.9874,0.9751,13238,136,202,13374,13440,ok,13374,45137.25,0,0.0388,0.4946,0.9465,0.1053,0.1914,0.1233,80190.0,0.5629,1,1.0,1,0.0988,167.27,127.0,201.97,-78.0,572.0,RAS
s0420,humerus_right,1,0.9765,0.9541,10314,77,419,10391,10733,ok,10391,35069.62,0,0.9195,0.457,0.9683,0.1579,0.177,0.0822,74175.75,0.4728,1,1.0,1,0.0908,205.76,177.0,165.68,-10.0,528.0,RAS
s0420,iliopsoas_left,0,0.8896,0.8011,1148,4,281,1152,1429,ok,1152,3888.0,0,0.3905,0.3685,0.0235,0.0526,0.0909,0.0685,10580.62,0.3675,1,1.0,1,0.1137,62.63,62.5,68.31,-47.0,175.35,RAS
s0420,iliopsoas_right,0,0.8722,0.7734,529,26,129,555,658,ok,555,1873.12,0,0.5918,0.3522,0.0207,0.0431,0.0622,0.0822,7107.75,0.2635,2,0.9964,1,0.1189,63.22,61.0,69.71,-48.0,181.6,RAS
s0420,inferior_vena_cava,0,0.928,0.8656,9327,483,965,9810,10292,ok,9810,33108.75,0,0.5721,0.537,0.1538,0.1148,0.1053,0.2922,114048.0,0.2903,1,1.0,1,0.0157,121.33,110.0,79.42,5.0,265.0,RAS
s0420,kidney_left,1,0.9829,0.9664,4897,131,39,5028,4936,ok,5028,16969.5,0,0.276,0.3438,0.0173,0.1531,0.1818,0.0594,53352.0,0.3181,2,0.9974,1,0.1494,116.28,119.0,79.17,-21.0,244.0,RAS
s0420,liver,1,0.9803,0.9614,265227,5073,5582,270300,270809,ok,270300,912262.5,0,0.7112,0.5835,0.099,0.5167,0.5502,0.2511,2305462.5,0.3957,1,1.0,1,0.0195,77.76,77.0,53.42,-7.0,167.0,RAS
s0420,lung_lower_lobe_left,1,0.9952,0.9905,320525,2213,874,322738,321399,ok,322738,1089240.75,0,0.2098,0.4043,0.289,0.3971,0.5359,0.6484,4455108.0,0.2445,2,1.0,1,0.0,-775.82,-824.0,195.22,-922.0,-457.0,RAS
s0420,lung_lower_lobe_right,1,0.994,0.988,292354,1505,2038,293859,294392,ok,293859,991774.12,0,0.7037,0.3615,0.2997,0.4641,0.5311,0.6027,4796698.5,0.2068,6,1.0,0,0.0,-738.17,-797.0,209.94,-903.0,-368.0,RAS
s0420,lung_middle_lobe_right,1,0.9854,0.9712,200260,1853,4079,202113,204339,ok,202113,682131.38,0,0.7705,0.6072,0.3506,0.4354,0.5263,0.3607,2668916.25,0.2556,1,1.0,0,0.0,-818.56,-854.0,170.32,-941.0,-592.0,RAS
s0420,lung_upper_lobe_left,1,0.9963,0.9925,540503,1761,2305,542264,542808,ok,542264,1830141.0,0,0.2686,0.5676,0.5735,0.4737,0.5933,0.8402,7623396.0,0.2401,2,1.0,0,0.0,-820.13,-861.0,196.97,-967.0,-556.0,RAS
s0420,lung_upper_lobe_right,1,0.9927,0.9855,431770,4668,1697,436438,433467,ok,436438,1472978.25,0,0.6867,0.5098,0.6517,0.4306,0.5981,0.5753,4784062.5,0.3079,1,1.0,0,0.0,-809.76,-852.0,195.97,-958.0,-538.0,RAS
s0420,pancreas,0,0.9342,0.8766,1648,138,94,1786,1742,ok,1786,6027.75,0,0.456,0.6891,0.0096,0.2488,0.2967,0.0365,87048.0,0.0692,2,0.9882,1,0.2251,153.06,153.0,83.08,23.25,280.5,RAS
s0420,portal_vein_and_splenic_vein,0,0.8929,0.8065,3075,426,312,3501,3387,ok,3501,11815.88,0,0.5668,0.6103,0.0237,0.4641,0.2297,0.0959,329994.0,0.0358,3,0.7169,1,0.1597,196.24,191.0,93.45,57.0,356.0,RAS
s0420,pulmonary_vein,1,0.9612,0.9253,9220,252,492,9472,9712,ok,9472,31968.0,0,0.5053,0.4817,0.4431,0.4641,0.1914,0.2511,720225.0,0.0444,4,0.3516,0,0.0,444.86,477.0,125.02,167.0,580.0,RAS
s0420,rib_left_1,0,0.9213,0.854,2598,160,284,2758,2882,ok,2758,9308.25,0,0.3128,0.5459,0.8833,0.1196,0.2392,0.1918,177187.5,0.0525,4,0.9985,1,0.0094,406.78,355.5,274.34,39.0,925.15,RAS
s0420,rib_left_10,0,0.9431,0.8923,5104,563,53,5667,5157,ok,5667,19126.12,0,0.1389,0.3414,0.2015,0.3158,0.4737,0.3744,1808284.5,0.0106,3,0.9127,1,0.0065,489.54,397.0,403.11,-9.0,1257.7,RAS
s0420,rib_left_11,1,0.9908,0.9818,2326,6,37,2332,2363,ok,2332,7870.5,0,0.2219,0.2585,0.1493,0.2823,0.1435,0.274,358425.0,0.022,1,1.0,1,0.012,537.69,475.0,392.04,-7.0,1250.45,RAS
s0420,rib_left_12,1,0.9691,0.9401,941,3,57,944,998,ok,944,3186.0,0,0.3024,0.2643,0.0922,0.177,0.067,0.1735,66433.5,0.048,1,1.0,1,0.0169,498.25,480.5,304.24,13.0,1032.85,RAS
s0420,rib_left_2,1,0.9865,0.9733,3823,57,48,3880,3871,ok,3880,13095.0,0,0.2441,0.5024,0.8637,0.201,0.3636,0.2603,614061.0,0.0213,4,0.9992,1,0.0,383.33,349.0,286.0,-4.05,953.0,RAS
s0420,rib_left_3,1,0.9579,0.9191,4263,77,298,4340,4561,ok,4340,14647.5,0,0.2036,0.5089,0.7712,0.244,0.4641,0.3105,1135336.5,0.0129,1,1.0,0,0.0,362.04,336.0,288.88,-28.0,916.1,RAS
s0420,rib_left_4,1,0.984,0.9686,5798,61,127,5859,5925,ok,5859,19774.12,0,0.1703,0.5057,0.6906,0.2632,0.5359,0.3516,1600830.0,0.0124,1,1.0,0,0.0,379.96,340.0,340.57,-61.0,1035.1,RAS
s0420,rib_left_5,1,0.9865,0.9734,6295,91,81,6386,6376,ok,6386,21552.75,0,0.1537,0.4927,0.6113,0.2775,0.5837,0.3973,2077690.5,0.0104,1,1.0,0,0.0,365.0,309.5,339.95,-60.0,1032.75,RAS
s0420,rib_left_6,1,0.9889,0.978,7154,40,121,7194,7275,ok,7194,24279.75,0,0.1316,0.4728,0.5228,0.2823,0.5694,0.4612,2393283.5,0.0101,1,1.0,0,0.0,397.94,334.0,362.21,-66.0,1105.0,RAS
s0420,rib_left_7,1,0.9529,0.9101,7876,58,720,7934,8596,ok,7934,26777.25,0,0.1173,0.4309,0.4488,0.2967,0.5311,0.4612,2345901.75,0.0114,1,1.0,0,0.0,406.02,336.0,362.62,-68.0,1095.35,RAS
s0420,rib_left_8,0,0.8763,0.7798,6143,690,1045,6833,7188,ok,6833,23061.38,0,0.118,0.4088,0.3714,0.311,0.5742,0.4566,2632500.0,0.0088,4,0.9074,0,0.0,402.81,324.0,372.32,-66.0,1121.0,RAS
s0420,rib_left_9,0,0.8804,0.7863,5760,978,587,6738,6347,ok,6738,22740.75,0,0.1197,0.4012,0.2705,0.3158,0.5407,0.4612,2542245.75,0.0089,3,0.8381,1,0.001,422.02,333.0,388.98,-50.15,1196.0,RAS
s0420,rib_right_1,0,0.8605,0.7551,3416,467,641,3883,4057,ok,3883,13105.12,0,0.6632,0.5423,0.893,0.1388,0.2488,0.1872,208669.5,0.0628,1,1.0,1,0.0095,962.68,601.0,952.99,85.0,3071.0,RAS
s0420,rib_right_10,1,0.9874,0.9752,4749,27,94,4776,4843,ok,4776,16119.0,0,0.802,0.2872,0.2133,0.3828,0.3876,0.3881,1858950.0,0.0087,1,1.0,1,0.0098,530.08,472.0,408.01,-19.0,1270.25,RAS
s0420,rib_right_11,1,0.9802,0.9612,2505,2,99,2507,2604,ok,2507,8461.12,0,0.7328,0.225,0.1412,0.3014,0.1244,0.2877,348279.75,0.0243,1,1.0,1,0.0132,675.5,663.0,446.63,13.0,1401.0,RAS
s0420,rib_right_12,1,0.9821,0.9648,986,11,25,997,1011,ok,997,3364.88,0,0.6714,0.2439,0.0818,0.177,0.0766,0.1644,71928.0,0.0468,1,1.0,1,0.0221,527.05,516.0,313.31,2.4,1054.4,RAS
s0420,rib_right_2,1,0.9789,0.9587,3713,73,87,3786,3800,ok,3786,12777.75,0,0.7183,0.4996,0.8641,0.2297,0.3732,0.2374,657072.0,0.0194,1,1.0,0,0.0,422.55,387.0,328.06,3.0,963.0,RAS
s0420,rib_right_3,1,0.985,0.9705,4472,64,72,4536,4544,ok,4536,15309.0,0,0.7485,0.4967,0.7713,0.2679,0.4833,0.274,1145340.0,0.0134,1,1.0,0,0.0,362.03,341.0,287.99,-48.0,891.25,RAS
s0420,rib_right_4,1,0.985,0.9705,5696,114,59,5810,5755,ok,5810,19608.75,0,0.7846,0.474,0.6912,0.3014,0.5502,0.2922,1564920.0,0.0125,1,1.0,0,0.0,362.36,312.0,322.14,-54.55,975.0,RAS
s0420,rib_right_5,1,0.9857,0.9717,6393,96,90,6489,6483,ok,6489,21900.38,0,0.8068,0.4547,0.6152,0.3301,0.5837,0.3288,2045574.0,0.0107,1,1.0,0,0.0,376.19,320.0,338.44,-52.6,1040.0,RAS
s0420,rib_right_6,1,0.9892,0.9786,7459,75,88,7534,7547,ok,7534,25427.25,0,0.823,0.4418,0.5272,0.3541,0.5837,0.3927,2620377.0,0.0097,1,1.0,0,0.0,366.27,308.0,337.37,-58.0,1020.35,RAS
s0420,rib_right_7,1,0.9894,0.9789,9160,100,97,9260,9257,ok,9260,31252.5,0,0.8353,0.4153,0.4368,0.378,0.5694,0.4521,3141109.0,0.0099,1,1.0,0,0.0,382.76,297.0,350.09,-37.0,1092.0,RAS
s0420,rib_right_8,1,0.987,0.9744,7041,80,105,7121,7146,ok,7121,24033.38,0,0.8388,0.3837,0.3618,0.3923,0.5263,0.4521,3013807.5,0.008,1,1.0,0,0.0,356.22,282.0,333.74,-55.0,1026.0,RAS
s0420,rib_right_9,1,0.9875,0.9752,6381,71,91,6452,6472,ok,6452,21775.5,0,0.8328,0.343,0.2888,0.3923,0.4785,0.4338,2629125.0,0.0083,1,1.0,0,0.0,442.21,343.0,386.41,-32.0,1200.0,RAS
s0420,scapula_left,1,0.9809,0.9625,32127,704,547,32831,32674,ok,32831,110804.62,0,0.0823,0.3491,0.7914,0.2775,0.3445,0.5479,1691280.0,0.0655,1,1.0,1,0.0235,477.63,376.0,411.5,-9.0,1307.5,RAS
s0420,scapula_right,1,0.9767,0.9545,32179,293,1242,32472,33421,ok,32472,109593.0,0,0.8654,0.3368,0.8104,0.3445,0.311,0.516,1784835.0,0.0614,2,0.9999,1,0.0091,496.87,391.0,413.93,-2.0,1322.0,RAS
s0420,spinal_cord,1,0.9668,0.9357,18462,135,1133,18597,19595,ok,18597,62764.88,0,0.4732,0.3069,0.4594,0.0957,0.1962,1.0,606082.5,0.1036,1,1.0,1,0.0097,34.39,35.0,55.48,-57.0,124.0,RAS
s0420,spleen,1,0.9932,0.9864,50104,290,399,50394,50503,ok,50394,170079.75,0,0.1873,0.5015,0.0623,0.2488,0.3301,0.1553,411723.0,0.4131,1,1.0,1,0.0346,177.4,177.0,60.04,80.0,275.0,RAS
s0420,sternum,1,0.9631,0.9288,19705,617,894,20322,20599,ok,20322,68586.75,0,0.4973,0.7504,0.6898,0.1818,0.2344,0.5114,703836.0,0.0974,1,1.0,0,0.0,326.92,229.0,426.08,-18.0,883.0,RAS
s0420,stomach,0,0.9251,0.8606,42886,1776,5168,44662,48054,ok,44662,150734.25,0,0.3751,0.6545,0.0664,0.4019,0.2967,0.1644,632772.0,0.2382,1,1.0,1,0.0184,28.14,91.0,259.83,-894.0,204.0,RAS
s0420,subclavian_artery_left,0,0.9381,0.8833,3430,104,349,3534,3779,ok,3534,11927.25,0,0.3746,0.5414,0.8581,0.3158,0.1292,0.2146,282669.75,0.0422,3,0.9992,0,0.0,373.3,383.0,154.95,97.0,583.0,RAS
s0420,subclavian_artery_right,0,0.9322,0.873,2660,43,344,2703,3004,ok,2703,9122.62,0,0.5829,0.5073,0.8856,0.244,0.0766,0.1872,112914.0,0.0808,3,0.9893,0,0.0,409.99,401.0,196.02,148.0,656.0,RAS
s0420,superior_vena_cava,1,0.956,0.9158,7752,148,565,7900,8317,ok,7900,26662.5,0,0.5833,0.5486,0.5763,0.1053,0.1005,0.3242,110706.75,0.2408,1,1.0,0,0.0,969.2,429.0,1026.71,101.95,3070.0,RAS
s0420,thyroid_gland,0,0.9101,0.8351,3206,76,557,3282,3763,ok,3282,11076.75,0,0.4987,0.5816,0.9437,0.1675,0.0909,0.1233,60598.12,0.1828,2,0.5329,1,0.0168,195.16,197.0,71.83,80.05,302.0,RAS
s0420,trachea,1,0.9771,0.9552,14094,131,530,14225,14624,ok,14225,48009.38,0,0.4996,0.5156,0.723,0.2775,0.177,0.4384,695304.0,0.069,1,1.0,0,0.0,-895.21,-937.0,160.76,-1021.0,-530.0,RAS
s0420,vertebrae_C7,0,0.9424,0.8911,229,28,0,257,229,ok,257,867.38,0,0.4864,0.5031,0.9913,0.0909,0.0431,0.0183,2308.5,0.3757,1,1.0,1,0.4397,343.89,343.0,77.57,225.8,479.4,RAS
s0420,vertebrae_L1,1,0.9931,0.9863,16633,103,128,16736,16761,ok,16736,56484.0,0,0.494,0.3615,0.0539,0.2344,0.2679,0.1279,259308.0,0.2178,4,0.9993,1,0.0121,340.26,264.0,272.9,64.0,930.0,RAS
s0420,vertebrae_L2,0,0.8333,0.7143,125,12,38,137,163,ok,137,462.38,0,0.5022,0.3356,0.0033,0.1388,0.1914,0.0274,23490.0,0.0197,7,0.4234,1,0.562,736.36,707.0,334.15,313.6,1300.8,RAS
s0420,vertebrae_T1,1,0.9877,0.9756,4439,62,49,4501,4488,ok,4501,15190.88,0,0.4783,0.4313,0.9739,0.1962,0.2057,0.0685,89251.88,0.1702,1,1.0,1,0.1073,389.9,321.0,244.72,117.0,894.0,RAS
s0420,vertebrae_T10,1,0.9916,0.9833,12353,112,98,12465,12451,ok,12465,42069.38,0,0.471,0.3216,0.3346,0.1914,0.2488,0.1461,224640.0,0.1873,3,0.9998,0,0.0,350.96,269.0,315.06,81.0,895.8,RAS
s0420,vertebrae_T11,1,0.9905,0.9812,12914,82,165,12996,13079,ok,12996,43861.5,0,0.4828,0.3359,0.2493,0.1818,0.2632,0.1507,232773.75,0.1884,1,1.0,0,0.0,402.0,314.0,316.33,109.0,1039.0,RAS
s0420,vertebrae_T12,1,0.9932,0.9864,15118,80,128,15198,15246,ok,15198,51293.25,0,0.4888,0.3469,0.1559,0.1627,0.2488,0.1598,208845.0,0.2456,2,0.9999,0,0.0,360.88,271.0,298.34,85.0,991.0,RAS
s0420,vertebrae_T2,1,0.9888,0.9778,6660,71,80,6731,6740,ok,6731,22717.12,0,0.4731,0.3923,0.9311,0.2344,0.2105,0.1279,203742.0,0.1115,1,1.0,1,0.0003,391.4,318.0,265.71,79.0,949.5,RAS
s0420,vertebrae_T3,1,0.9926,0.9854,6594,52,46,6646,6640,ok,6646,22430.25,0,0.4724,0.3504,0.8712,0.2153,0.2297,0.1142,182250.0,0.1231,1,1.0,0,0.0,392.22,319.0,271.47,73.0,965.0,RAS
s0420,vertebrae_T4,1,0.9872,0.9748,7503,75,119,7578,7622,ok,7578,25575.75,0,0.4721,0.3205,0.8046,0.2057,0.2344,0.1142,177778.12,0.1439,2,0.9999,0,0.0,451.19,331.0,444.84,74.0,1146.3,RAS
s0420,vertebrae_T5,1,0.9867,0.9738,8190,80,140,8270,8330,ok,8270,27911.25,0,0.47,0.307,0.7337,0.2105,0.2201,0.1553,232254.0,0.1202,4,0.9996,0,0.0,421.82,317.0,398.95,79.0,1087.0,RAS
s0420,vertebrae_T6,1,0.992,0.984,8388,52,84,8440,8472,ok,8440,28485.0,0,0.4633,0.2995,0.6574,0.2201,0.2153,0.1644,251505.0,0.1133,2,0.9999,0,0.0,346.61,280.5,268.32,33.0,915.0,RAS
s0420,vertebrae_T7,1,0.9932,0.9864,9801,55,80,9856,9881,ok,9856,33264.0,0,0.459,0.2966,0.5776,0.2153,0.2297,0.1689,269730.0,0.1233,1,1.0,0,0.0,363.25,281.0,270.22,81.0,948.25,RAS
s0420,vertebrae_T8,1,0.995,0.99,10528,39,67,10567,10595,ok,10567,35663.62,0,0.457,0.304,0.4976,0.2105,0.2392,0.1598,259875.0,0.1372,1,1.0,0,0.0,338.03,265.0,254.01,73.0,875.0,RAS
s0420,vertebrae_T9,1,0.9909,0.9819,11559,49,164,11608,11723,ok,11608,39177.0,0,0.4608,0.3122,0.416,0.2105,0.2392,0.1461,237600.0,0.1649,3,0.9997,0,0.0,343.81,274.0,259.54,82.0,865.0,RAS
s0655,aorta,1,0.9892,0.9787,30713,585,85,31298,30798,ok,31298,105630.75,0,0.5754,0.3898,0.6218,0.4632,0.6947,1.0,901692.0,0.1171,2,0.501,1,0.0191,800.21,870.0,208.19,264.0,988.0,RAS
s0655,atrial_appendage_left,1,0.9674,0.9369,1618,63,46,1681,1664,ok,1681,5673.38,0,0.4261,0.4849,0.7452,0.2632,0.2211,0.1848,30121.88,0.1883,1,1.0,0,0.0,582.57,681.0,259.8,91.0,883.0,RAS
s0655,costal_cartilages,0,0.6148,0.4438,3711,4479,172,8190,3883,ok,8190,27641.25,0,0.5918,0.96,0.3167,0.9789,0.1053,0.9674,279348.75,0.0989,18,0.3835,1,0.0952,114.74,100.0,108.85,47.0,184.0,RAS
s0655,esophagus,1,0.958,0.9194,3892,244,97,4136,3989,ok,4136,13959.0,0,0.5487,0.2701,0.5246,0.1579,0.2947,0.9565,124740.0,0.1119,1,1.0,1,0.0118,-52.7,28.5,262.58,-816.25,124.0,RAS
s0655,heart,1,0.9722,0.9459,146134,3804,4550,149938,150684,ok,149938,506040.75,0,0.5085,0.5961,0.4447,0.9053,0.6632,0.913,1536003.0,0.3295,8,1.0,1,0.002,312.41,153.0,300.25,49.0,862.0,RAS
s0655,inferior_vena_cava,1,0.9644,0.9312,6358,181,289,6539,6647,ok,6539,22069.12,0,0.7324,0.4303,0.2344,0.2421,0.1579,0.4565,48903.75,0.4513,1,1.0,1,0.0038,70.84,70.0,34.8,23.0,122.0,RAS
s0655,liver,1,0.9679,0.9378,32750,1521,651,34271,33401,ok,34271,115664.62,0,0.7341,0.5815,0.0553,0.8842,0.8947,0.1957,433755.0,0.2667,1,1.0,1,0.1315,64.78,64.0,34.03,13.0,118.0,RAS
s0655,lung_lower_lobe_left,1,0.9946,0.9892,121864,855,472,122719,122336,ok,122719,414176.62,0,0.1889,0.1986,0.4585,0.5263,0.7579,1.0,1117800.0,0.3705,2,1.0,1,0.0713,-780.88,-855.0,241.05,-917.0,-339.0,RAS
s0655,lung_lower_lobe_right,1,0.9892,0.9787,96389,747,1354,97136,97743,ok,97136,327834.0,0,0.8307,0.2079,0.4709,0.4211,0.7579,1.0,894240.0,0.3666,1,1.0,1,0.0658,-800.18,-859.0,216.37,-932.0,-442.0,RAS
s0655,lung_middle_lobe_right,1,0.952,0.9085,19113,1025,901,20138,20014,ok,20138,67965.75,0,0.9344,0.7511,0.4834,0.2211,0.6316,0.75,293422.5,0.2316,1,1.0,1,0.1085,-835.86,-885.0,180.13,-963.0,-541.0,RAS
s0655,lung_upper_lobe_left,1,0.9956,0.9912,121177,433,648,121610,121825,ok,121610,410433.75,0,0.2202,0.7068,0.7225,0.7053,0.7684,1.0,1518655.5,0.2703,1,1.0,1,0.0601,-829.62,-880.0,196.28,-942.0,-543.0,RAS
s0655,lung_upper_lobe_right,1,0.9614,0.9256,23950,1621,304,25571,24254,ok,25571,86302.12,0,0.8731,0.7478,0.8449,0.3474,0.8,0.4239,330115.5,0.2614,2,1.0,1,0.0903,-818.11,-874.0,213.42,-949.0,-506.5,RAS
s0655,pulmonary_vein,1,0.9746,0.9505,6410,191,143,6601,6553,ok,6601,22278.38,0,0.5956,0.3392,0.7238,0.7368,0.3368,0.4565,317520.0,0.0702,3,0.614,1,0.0,747.39,811.0,230.23,233.0,990.0,RAS
s0655,rib_left_3,0,0.0,0.0,0,37,0,37,0,false_positive,37,124.88,0,0.1983,0.9465,0.9703,0.1579,0.1263,0.0652,3645.0,0.0343,8,0.5405,1,0.4595,347.16,292.0,163.09,119.2,620.2,RAS
s0655,rib_left_4,0,0.0,0.0,0,84,0,84,0,false_positive,84,283.5,0,0.0243,0.8749,0.8165,0.0737,0.0842,0.1087,1890.0,0.15,1,1.0,1,0.1429,293.68,277.0,92.36,179.15,468.2,RAS
s0655,rib_left_5,0,0.0,0.0,0,33,0,33,0,false_positive,33,111.38,0,0.0214,0.9266,0.471,0.0421,0.0526,0.0543,337.5,0.33,1,1.0,1,0.0,238.09,237.0,148.18,-1.4,431.4,RAS
s0655,spleen,0,0.737,0.5836,2056,352,1115,2408,3171,ok,2408,8127.0,0,0.1588,0.146,0.0256,0.3789,0.2421,0.087,22356.0,0.3635,1,1.0,1,0.2047,148.44,150.0,65.02,48.0,251.0,RAS
s0655,sternum,0,0.6054,0.4341,2591,3358,19,5949,2610,ok,5949,20077.88,0,0.6175,0.9564,0.6875,0.2737,0.1053,0.6848,55282.5,0.3632,1,1.0,1,0.1111,146.76,90.0,157.12,-26.0,446.0,RAS
s0655,stomach,0,0.7946,0.6593,4806,2207,277,7013,5083,ok,7013,23668.88,0,0.1998,0.3849,0.0281,0.5158,0.4421,0.087,55566.0,0.426,1,1.0,1,0.1894,107.33,130.0,117.87,-69.0,259.4,RAS
s0655,superior_vena_cava,0,0.902,0.8215,2011,19,418,2030,2429,ok,2030,6851.25,0,0.7999,0.506,0.8225,0.1368,0.1579,0.3478,21060.0,0.3253,1,1.0,1,0.0148,132.29,125.0,45.03,74.0,213.0,RAS
s0655,trachea,1,0.9591,0.9213,1886,56,105,1942,1991,ok,1942,6554.25,0,0.641,0.3355,0.94,0.5579,0.1579,0.1304,32197.5,0.2036,1,1.0,1,0.0937,-919.26,-987.0,162.05,-1023.0,-520.0,RAS
s0655,vertebrae_T10,1,0.9617,0.9262,2410,170,22,2580,2432,ok,2580,8707.5,0,0.5941,0.0453,0.3381,0.2737,0.1368,0.163,17111.25,0.5089,2,0.9992,1,0.1089,223.39,161.0,182.53,62.0,601.05,RAS
s0655,vertebrae_T11,1,0.9822,0.9651,3098,80,32,3178,3130,ok,3178,10725.75,0,0.5904,0.0541,0.1741,0.2842,0.1474,0.1739,20412.0,0.5255,1,1.0,1,0.0878,235.98,173.0,182.35,79.0,614.45,RAS
s0655,vertebrae_T12,1,0.9556,0.915,1831,164,6,1995,1837,ok,1995,6733.12,0,0.5829,0.0679,0.0325,0.2737,0.1684,0.087,11232.0,0.5995,2,0.9995,1,0.1915,200.17,169.0,115.47,74.7,427.0,RAS
s0655,vertebrae_T6,1,0.9614,0.9257,1471,114,4,1585,1475,ok,1585,5349.38,0,0.6255,0.0547,0.9453,0.2,0.1368,0.1087,8336.25,0.6417,1,1.0,1,0.1804,244.9,188.0,157.32,75.2,561.6,RAS
s0655,vertebrae_T7,1,0.9792,0.9592,2118,45,45,2163,2163,ok,2163,7300.12,0,0.6204,0.0465,0.8186,0.2211,0.1368,0.163,13820.62,0.5282,1,1.0,1,0.104,221.66,178.0,140.28,74.0,500.9,RAS
s0655,vertebrae_T8,0,0.9413,0.889,1947,230,13,2177,1960,ok,2177,7347.38,0,0.608,0.0459,0.6616,0.2421,0.1263,0.163,13972.5,0.5258,1,1.0,1,0.0969,211.35,168.0,136.55,80.0,465.0,RAS
s0655,vertebrae_T9,0,0.8823,0.7894,1848,489,4,2337,1852,ok,2337,7887.38,0,0.5953,0.0437,0.5014,0.2526,0.1263,0.1522,13608.0,0.5796,2,0.9996,1,0.1095,206.25,160.0,159.54,54.0,536.2,RAS
s0650,adrenal_gland_left,1,0.9571,0.9178,2132,136,55,2268,2187,ok,2268,7654.5,0,0.4229,0.4894,0.5107,0.0511,0.0811,0.0758,54219.38,0.1412,1,1.0,0,0.0,38.05,41.0,32.44,-21.65,85.0,RAS
s0650,adrenal_gland_right,1,0.9549,0.9138,1960,61,124,2021,2084,ok,2021,6820.88,0,0.6236,0.4654,0.5307,0.0661,0.0631,0.0584,42099.75,0.162,1,1.0,0,0.0,39.41,43.0,32.34,-21.0,86.0,RAS
s0650,aorta,1,0.9823,0.9652,93420,1054,2311,94474,95731,ok,94474,318849.75,0,0.4941,0.5233,0.6802,0.1201,0.2492,0.5519,2857275.0,0.1116,1,1.0,0,0.0,91.73,90.0,48.99,36.0,135.0,RAS
s0650,atrial_appendage_left,1,0.9661,0.9344,2093,26,121,2119,2214,ok,2119,7151.62,0,0.4334,0.5433,0.7394,0.0571,0.0601,0.0368,21802.5,0.328,1,1.0,0,0.0,44.95,51.0,39.65,-28.0,100.0,RAS
s0650,autochthon_left,1,0.975,0.9513,189297,5928,3770,195225,193067,ok,195225,658884.38,0,0.4874,0.312,0.5451,0.1742,0.2282,0.803,5519367.0,0.1194,1,1.0,1,0.002,15.4,25.0,40.02,-69.0,65.0,RAS
s0650,autochthon_right,1,0.9687,0.9394,183501,7315,4526,190816,188027,ok,190816,644004.0,0,0.6172,0.3329,0.5471,0.1682,0.2372,0.8095,5584194.0,0.1153,1,1.0,1,0.0019,8.55,17.0,40.07,-74.0,60.0,RAS
s0650,brachiocephalic_trunk,1,0.9619,0.9266,1615,88,40,1703,1655,ok,1703,5747.62,0,0.5159,0.6003,0.8759,0.0691,0.042,0.0628,31515.75,0.1824,1,1.0,0,0.0,78.48,87.0,34.6,17.0,107.0,RAS
s0650,brachiocephalic_vein_left,1,0.9704,0.9425,4652,132,152,4784,4804,ok,4784,16146.0,0,0.483,0.6106,0.878,0.1231,0.0601,0.0823,105165.0,0.1535,1,1.0,0,0.0,73.1,85.0,33.49,-4.0,104.0,RAS
s0650,brachiocephalic_vein_right,0,0.8283,0.7069,1589,631,28,2220,1617,ok,2220,7492.5,0,0.567,0.6132,0.8828,0.0601,0.048,0.0693,34560.0,0.2168,1,1.0,0,0.0,134.93,90.0,193.58,2.95,588.15,RAS
s0650,clavicula_left,1,0.9881,0.9764,5671,37,100,5708,5771,ok,5708,19264.5,0,0.3943,0.6039,0.9491,0.1652,0.1622,0.1039,481140.0,0.04,1,1.0,1,0.0312,491.25,371.0,394.22,10.35,1209.0,RAS
s0650,clavicula_right,1,0.9862,0.9727,6875,85,108,6960,6983,ok,6960,23490.0,0,0.6409,0.6313,0.9445,0.2162,0.1231,0.1126,518076.0,0.0453,1,1.0,1,0.0223,446.48,339.0,358.45,30.0,1124.0,RAS
s0650,colon,0,0.9471,0.8996,156290,6643,10801,162933,167091,ok,162933,549898.88,0,0.5337,0.5672,0.2949,0.5796,0.4024,0.4394,17718702.0,0.031,1,1.0,0,0.0,-49.74,21.0,209.93,-528.0,71.0,RAS
s0650,common_carotid_artery_left,1,0.9736,0.9485,1825,56,43,1881,1868,ok,1881,6348.38,0,0.4672,0.5786,0.9226,0.045,0.0511,0.1472,58522.5,0.1085,2,0.9936,1,0.0133,72.57,82.0,36.3,1.0,113.0,RAS
s0650,common_carotid_artery_right,1,0.9568,0.9173,1031,30,63,1061,1094,ok,1061,3580.88,0,0.5546,0.6139,0.9499,0.042,0.024,0.0952,16632.0,0.2153,1,1.0,1,0.0236,73.94,78.0,24.58,28.0,108.0,RAS
s0650,costal_cartilages,0,0.9463,0.898,46366,3396,1870,49762,48236,ok,49762,167946.75,0,0.4735,0.7244,0.6627,0.6697,0.3213,0.4567,16992014.0,0.0099,19,0.3331,0,0.0,122.73,102.0,103.41,31.0,343.0,RAS
s0650,duodenum,0,0.9344,0.877,25737,1702,1909,27439,27646,ok,27439,92606.62,0,0.58,0.585,0.3993,0.2252,0.1081,0.1277,537637.5,0.1722,2,0.9999,0,0.0,40.05,73.0,162.52,-38.0,110.0,RAS
s0650,esophagus,0,0.9183,0.849,16691,955,2013,17646,18704,ok,17646,59555.25,0,0.4977,0.5005,0.7632,0.0751,0.1441,0.3788,708750.0,0.084,1,1.0,0,0.0,96.97,61.0,174.25,6.0,266.0,RAS
s0650,femur_left,1,0.9935,0.9871,56784,199,543,56983,57327,ok,56983,192317.62,0,0.2955,0.4196,0.0783,0.1982,0.1532,0.1472,772497.0,0.249,1,1.0,1,0.0078,234.96,159.0,269.9,-27.0,854.0,RAS
s0650,femur_right,1,0.9933,0.9868,56606,457,301,57063,56907,ok,57063,192587.62,0,0.7588,0.4667,0.0706,0.1982,0.1381,0.1407,666022.5,0.2892,1,1.0,1,0.0089,220.82,151.0,245.81,-22.0,750.0,RAS
s0650,gallbladder,1,0.9648,0.932,24036,664,1089,24700,25125,ok,24700,83362.5,0,0.6938,0.6579,0.3833,0.1321,0.1291,0.1039,306504.0,0.272,1,1.0,0,0.0,1.27,0.0,19.42,-29.0,35.0,RAS
s0650,gluteus_maximus_left,1,0.9768,0.9547,118653,2454,3176,121107,121829,ok,121107,408736.12,0,0.3518,0.3122,0.1032,0.3213,0.1171,0.2597,1690065.0,0.2418,1,1.0,1,0.0094,10.44,16.0,28.37,-46.0,47.0,RAS
s0650,gluteus_maximus_right,1,0.9813,0.9632,138235,2716,2563,140951,140798,ok,140951,475709.62,0,0.7411,0.3509,0.1029,0.3033,0.1712,0.2662,2389874.5,0.1991,1,1.0,1,0.0095,11.55,17.0,28.31,-46.0,47.0,RAS
s0650,gluteus_medius_left,1,0.9723,0.9462,76138,1742,2590,77880,78728,ok,77880,262845.0,0,0.2675,0.4052,0.2096,0.2252,0.2012,0.1948,1526343.75,0.1722,1,1.0,0,0.0,9.21,16.0,31.53,-60.0,46.0,RAS
s0650,gluteus_medius_right,1,0.9731,0.9475,75384,2035,2138,77419,77522,ok,77419,261289.12,0,0.8107,0.459,0.1966,0.2012,0.2132,0.2273,1685761.88,0.155,1,1.0,0,0.0,9.98,16.0,28.38,-46.0,44.0,RAS
s0650,gluteus_minimus_left,1,0.966,0.9342,20618,491,962,21109,21580,ok,21109,71242.88,0,0.2818,0.4495,0.1799,0.1081,0.1502,0.1277,358425.0,0.1988,1,1.0,0,0.0,-0.31,8.0,36.09,-72.0,45.0,RAS
s0650,gluteus_minimus_right,1,0.9585,0.9203,21872,1017,878,22889,22750,ok,22889,77250.38,0,0.7785,0.4968,0.1747,0.1021,0.1622,0.145,415165.5,0.1861,1,1.0,0,0.0,-2.02,9.0,41.42,-86.0,49.0,RAS
s0650,heart,1,0.9663,0.9348,195001,7857,5746,202858,200747,ok,202858,684645.75,0,0.454,0.5953,0.6759,0.2973,0.2673,0.2056,2825027.0,0.2424,1,1.0,0,0.0,74.89,81.0,29.57,14.0,112.0,RAS
s0650,hip_left,1,0.9897,0.9797,123491,830,1728,124321,125219,ok,124321,419583.38,0,0.3775,0.4169,0.1757,0.2853,0.3093,0.3247,4953656.0,0.0847,1,1.0,0,0.0,254.8,172.0,249.84,-5.0,787.0,RAS
s0650,hip_right,1,0.9903,0.9808,121470,1134,1239,122604,122709,ok,122604,413788.5,0,0.689,0.4521,0.1707,0.3153,0.3183,0.3182,5521871.0,0.0749,1,1.0,0,0.0,247.85,165.0,248.29,-13.0,776.0,RAS
s0650,humerus_left,1,0.9803,0.9613,54047,513,1663,54560,55710,ok,54560,184140.0,0,0.1221,0.435,0.8129,0.2192,0.1802,0.4502,3074760.0,0.0599,1,1.0,1,0.0158,363.31,225.0,419.88,-92.0,1205.0,RAS
s0650,humerus_right,1,0.9856,0.9716,45977,901,444,46878,46421,ok,46878,158213.25,0,0.9026,0.5447,0.8862,0.1862,0.2492,0.461,3699330.75,0.0428,3,0.993,1,0.0066,312.22,128.0,413.35,-76.0,1184.15,RAS
s0650,iliac_artery_left,1,0.949,0.9029,6089,452,203,6541,6292,ok,6541,22075.88,0,0.4355,0.497,0.2254,0.1682,0.1141,0.2554,847476.0,0.026,1,1.0,0,0.0,141.25,87.0,158.51,22.0,491.0,RAS
s0650,iliac_artery_right,1,0.9662,0.9347,6066,252,172,6318,6238,ok,6318,21323.25,0,0.6012,0.5264,0.2206,0.1862,0.1171,0.2511,946647.0,0.0225,1,1.0,0,0.0,165.25,92.0,180.96,41.0,569.0,RAS
s0650,iliac_vena_left,1,0.9738,0.949,9416,313,193,9729,9609,ok,9729,32835.38,0,0.4401,0.4799,0.1966,0.1862,0.1381,0.2316,1029928.5,0.0319,1,1.0,0,0.0,58.23,63.0,27.59,2.0,93.0,RAS
s0650,iliac_vena_right,1,0.9658,0.9339,7927,429,132,8356,8059,ok,8356,28201.5,0,0.6227,0.5083,0.1985,0.1081,0.1411,0.2468,650997.0,0.0433,1,1.0,0,0.0,59.07,61.0,22.82,15.0,91.0,RAS
s0650,iliopsoas_left,1,0.9648,0.9321,74370,3597,1823,77967,76193,ok,77967,263138.62,0,0.3685,0.4627,0.2393,0.2192,0.1862,0.5022,3543858.0,0.0743,1,1.0,1,0.0,28.59,33.0,38.32,-34.0,64.0,RAS
s0650,iliopsoas_right,1,0.9649,0.9322,65653,2652,2125,68305,67778,ok,68305,230529.38,0,0.6794,0.4968,0.2311,0.1892,0.2132,0.5195,3623130.0,0.0636,1,1.0,0,0.0,26.95,33.0,29.73,-35.0,63.0,RAS
s0650,inferior_vena_cava,0,0.947,0.8994,30764,1447,1995,32211,32759,ok,32211,108712.12,0,0.5691,0.5305,0.5169,0.1201,0.1081,0.3528,792180.0,0.1372,2,0.9976,0,0.0,72.49,72.0,26.88,31.0,111.0,RAS
s0650,kidney_cyst_left,0,0.0,0.0,0,2657,0,2657,0,false_positive,2657,8967.38,0,0.2955,0.4423,0.4174,0.045,0.0511,0.0433,17212.5,0.521,1,1.0,0,0.0,4.61,5.0,16.44,-23.0,32.0,RAS
s0650,kidney_left,1,0.9908,0.9818,56089,416,621,56505,56710,ok,56505,190704.38,0,0.3638,0.434,0.4312,0.1231,0.1411,0.184,552808.12,0.345,1,1.0,0,0.0,81.16,85.0,27.94,26.0,119.0,RAS
s0650,kidney_right,1,0.987,0.9742,65636,530,1205,66166,66841,ok,66166,223310.25,0,0.6839,0.48,0.3993,0.1562,0.1682,0.1753,796068.0,0.2805,1,1.0,0,0.0,77.98,82.0,27.61,24.0,116.0,RAS
s0650,liver,1,0.9901,0.9805,782666,5797,9807,788463,792473,ok,788463,2661062.5,0,0.6572,0.6048,0.5025,0.5195,0.3994,0.2684,9629266.0,0.2764,1,1.0,0,0.0,48.18,49.0,20.79,13.0,80.0,RAS
s0650,lung_lower_lobe_left,0,0.4741,0.3107,83067,10240,174065,93307,257132,low_dice,93307,314911.12,0,0.3687,0.3986,0.726,0.4925,0.2643,0.3463,7793280.0,0.0404,37,0.9993,1,0.0003,-119.8,11.0,297.05,-883.0,61.0,RAS
s0650,lung_lower_lobe_right,1,0.9926,0.9854,555301,2442,5795,557743,561096,ok,557743,1882382.62,0,0.6819,0.4869,0.6784,0.3333,0.3904,0.2879,6477266.0,0.2906,1,1.0,0,0.0,-782.11,-848.0,192.86,-922.0,-311.0,RAS
s0650,lung_middle_lobe_right,1,0.9702,0.942,219660,2960,10554,222620,230214,ok,222620,751342.5,0,0.6338,0.662,0.6931,0.3333,0.2492,0.21,3016106.0,0.2491,3,1.0,0,0.0,-850.55,-891.0,131.03,-936.0,-597.0,RAS
s0650,lung_upper_lobe_left,0,0.9083,0.8321,610852,112164,11103,723016,621955,ok,723016,2440179.0,0,0.3621,0.5137,0.7878,0.2973,0.4204,0.4091,8840948.0,0.276,22,1.0,0,0.0,-673.88,-850.0,345.64,-926.0,34.0,RAS
s0650,lung_upper_lobe_right,1,0.9849,0.9703,457525,10021,3974,467546,461499,ok,467546,1577967.75,0,0.6352,0.5703,0.8386,0.3243,0.3904,0.2792,6112665.0,0.2581,1,1.0,0,0.0,-819.84,-853.0,125.03,-918.0,-581.0,RAS
s0650,pancreas,0,0.9353,0.8786,27836,1679,2169,29515,30005,ok,29515,99613.12,0,0.4605,0.5729,0.4538,0.2973,0.1231,0.132,835646.62,0.1192,1,1.0,0,0.0,44.04,47.0,26.42,-3.0,82.0,RAS
s0650,portal_vein_and_splenic_vein,0,0.9094,0.8339,13851,1263,1496,15114,15347,ok,15114,51009.75,0,0.515,0.5741,0.4852,0.4024,0.2523,0.0974,1709505.0,0.0298,4,0.9985,0,0.0,71.06,73.0,23.44,30.0,107.0,RAS
s0650,prostate,0,0.9124,0.8389,6811,661,647,7472,7458,ok,7472,25218.0,0,0.5244,0.4474,0.0696,0.0901,0.0631,0.0455,44651.25,0.5648,1,1.0,0,0.0,45.75,39.0,79.55,5.0,74.0,RAS
s0650,pulmonary_vein,1,0.9589,0.921,7983,179,506,8162,8489,ok,8162,27546.75,0,0.5019,0.4967,0.7284,0.2222,0.1471,0.0974,550698.75,0.05,4,0.2978,0,0.0,79.88,87.0,37.51,12.0,122.0,RAS
s0650,rib_left_1,1,0.975,0.9511,4575,81,154,4656,4729,ok,4656,15714.0,0,0.382,0.5489,0.9412,0.1231,0.1832,0.1126,438925.5,0.0358,1,1.0,1,0.0009,388.64,354.0,219.79,77.0,803.25,RAS
s0650,rib_left_10,0,0.5025,0.3356,2793,3444,2086,6237,4879,ok,6237,21049.88,0,0.3173,0.3583,0.6166,0.2973,0.2492,0.2338,2995096.5,0.007,3,0.4925,0,0.0,333.94,314.0,202.15,39.0,704.0,RAS
s0650,rib_left_11,0,0.5733,0.4019,1818,2059,647,3877,2465,ok,3877,13084.88,0,0.32,0.3518,0.5425,0.2913,0.1772,0.1797,1603155.38,0.0082,3,0.5058,0,0.0,340.6,332.0,157.84,96.0,611.2,RAS
s0650,rib_left_12,0,0.477,0.3132,296,628,21,924,317,low_dice,924,3118.5,0,0.354,0.3419,0.5055,0.2162,0.0691,0.1169,301806.0,0.0103,2,0.6645,0,0.0,253.95,238.5,123.18,69.3,458.0,RAS
s0650,rib_left_2,1,0.9809,0.9625,4494,37,138,4531,4632,ok,4531,15292.12,0,0.3429,0.5267,0.9211,0.1802,0.2973,0.1537,1423372.5,0.0107,1,1.0,0,0.0,255.51,238.0,148.88,38.0,543.0,RAS
s0650,rib_left_3,1,0.9617,0.9262,5694,192,262,5886,5956,ok,5886,19865.25,0,0.3201,0.5123,0.8799,0.2102,0.3453,0.1883,2363681.25,0.0084,3,0.9969,0,0.0,240.28,218.5,167.48,14.0,573.0,RAS
s0650,rib_left_4,1,0.9794,0.9597,7387,61,249,7448,7636,ok,7448,25137.0,0,0.3064,0.5062,0.8289,0.2192,0.3904,0.2316,3427076.25,0.0073,3,0.9996,0,0.0,237.63,227.0,170.83,2.0,556.0,RAS
s0650,rib_left_5,1,0.9531,0.9103,7430,53,679,7483,8109,ok,7483,25255.12,0,0.3023,0.4721,0.7995,0.2312,0.3784,0.2316,3503634.75,0.0072,2,0.9999,0,0.0,248.4,234.0,194.76,-13.0,624.0,RAS
s0650,rib_left_6,0,0.6702,0.504,4739,475,4188,5214,8927,ok,5214,17597.25,0,0.3201,0.4072,0.7928,0.2523,0.3994,0.2165,3770550.0,0.0047,15,0.7743,0,0.0,315.11,289.0,230.18,0.0,749.0,RAS
s0650,rib_left_7,0,0.2682,0.1549,1863,3870,6296,5733,8159,low_dice,5733,19348.88,0,0.2894,0.4655,0.7274,0.2643,0.3604,0.2511,4134240.0,0.0047,6,0.4226,0,0.0,277.85,249.0,224.37,-16.0,706.4,RAS
s0650,rib_left_8,0,0.2235,0.1258,1633,5879,5467,7512,7100,low_dice,7512,25353.0,0,0.2942,0.4158,0.7068,0.2673,0.3393,0.2662,4174912.0,0.0061,5,0.6298,0,0.0,329.47,305.0,225.29,19.0,763.0,RAS
s0650,rib_left_9,0,0.4084,0.2566,3040,5252,3557,8292,6597,low_dice,8292,27985.5,0,0.312,0.3765,0.6685,0.2883,0.3093,0.2554,3937896.0,0.0071,3,0.5215,0,0.0,316.39,300.0,201.29,29.0,682.45,RAS
s0650,rib_right_1,0,0.943,0.8921,4276,152,365,4428,4641,ok,4428,14944.5,0,0.6498,0.5986,0.9317,0.1231,0.1832,0.1299,506452.5,0.0295,2,0.9584,1,0.0007,359.98,337.0,201.85,65.35,738.3,RAS
s0650,rib_right_10,0,0.713,0.554,3809,2626,441,6435,4250,ok,6435,21718.12,0,0.7716,0.4174,0.6011,0.2252,0.3183,0.2554,3166087.5,0.0069,7,0.6062,0,0.0,315.52,298.0,174.25,47.0,630.0,RAS
s0650,rib_right_11,0,0.9089,0.833,2529,472,35,3001,2564,ok,3001,10128.38,0,0.7366,0.3778,0.529,0.2342,0.2342,0.1818,1724814.0,0.0059,2,0.8654,0,0.0,318.29,304.0,134.25,119.0,550.0,RAS
s0650,rib_right_12,1,0.963,0.9286,104,4,4,108,108,ok,108,364.5,0,0.6342,0.3532,0.5512,0.039,0.015,0.013,1316.25,0.2769,1,1.0,0,0.0,239.33,235.0,79.63,120.35,381.0,RAS
s0650,rib_right_2,0,0.9203,0.8524,3916,321,357,4237,4273,ok,4237,14299.88,0,0.689,0.5833,0.9176,0.1682,0.2793,0.1667,1353429.0,0.0106,4,0.9318,1,0.0,240.44,220.0,140.42,50.0,516.2,RAS
s0650,rib_right_3,1,0.9518,0.908,6236,344,288,6580,6524,ok,6580,22207.5,0,0.7006,0.5851,0.8715,0.1742,0.3273,0.2078,2048328.0,0.0108,2,0.9576,0,0.0,231.66,198.0,163.83,21.0,571.0,RAS
s0650,rib_right_4,0,0.8964,0.8123,6455,64,1428,6519,7883,ok,6519,22001.62,0,0.7258,0.5475,0.8412,0.1712,0.3544,0.2013,2111123.25,0.0104,6,0.9992,0,0.0,226.07,223.0,150.9,0.0,495.0,RAS
s0650,rib_right_5,0,0.7614,0.6148,5917,1379,2329,7296,8246,ok,7296,24624.0,0,0.7225,0.5547,0.7985,0.1922,0.4114,0.1948,2663280.0,0.0092,4,0.8199,0,0.0,228.84,211.0,181.02,-14.0,577.25,RAS
s0650,rib_right_6,0,0.6253,0.4549,4832,2251,3540,7083,8372,ok,7083,23905.12,0,0.7323,0.5374,0.7629,0.1922,0.6216,0.2684,5544288.0,0.0043,9,0.6852,0,0.0,252.43,209.0,203.34,-3.0,665.0,RAS
s0650,rib_right_7,0,0.6047,0.4334,4924,3355,3082,8279,8006,ok,8279,27941.62,0,0.751,0.5209,0.7225,0.1862,0.4204,0.2532,3427515.0,0.0082,8,0.3537,0,0.0,263.67,238.0,198.9,-5.0,646.0,RAS
s0650,rib_right_8,0,0.397,0.2476,2475,2921,4598,5396,7073,low_dice,5396,18211.5,0,0.7735,0.5053,0.681,0.1892,0.3994,0.2554,3336936.75,0.0055,10,0.3881,0,0.0,271.3,253.0,193.68,-4.25,637.0,RAS
s0650,rib_right_9,0,0.4809,0.3166,3273,4407,2659,7680,5932,low_dice,7680,25920.0,0,0.7602,0.4324,0.6684,0.2072,0.3724,0.2489,3320797.5,0.0078,11,0.4293,0,0.0,302.13,282.0,200.29,8.0,690.0,RAS
s0650,sacrum,1,0.9697,0.9412,59704,2418,1314,62122,61018,ok,62122,209661.75,0,0.5466,0.3361,0.2036,0.2523,0.1712,0.2316,1729066.5,0.1213,32,0.9992,0,0.0,117.45,73.0,156.87,-48.0,433.0,RAS
s0650,scapula_left,1,0.9759,0.953,30144,466,1021,30610,31165,ok,30610,103308.75,0,0.2926,0.38,0.9325,0.2252,0.2492,0.2121,2058918.75,0.0502,1,1.0,1,0.0209,306.16,231.0,279.49,3.0,904.0,RAS
s0650,scapula_right,1,0.9685,0.9389,31727,1170,893,32897,32620,ok,32897,111027.38,0,0.7833,0.4582,0.9229,0.2132,0.2823,0.2229,2320049.25,0.0479,3,0.9999,1,0.0107,301.23,231.0,269.0,0.0,874.0,RAS
s0650,small_bowel,0,0.9046,0.8258,344320,20335,52278,364655,396598,ok,364655,1230710.62,0,0.4352,0.6185,0.2994,0.4985,0.2252,0.2771,5378400.0,0.2288,1,1.0,0,0.0,32.86,39.0,39.54,-32.0,77.0,RAS
s0650,spinal_cord,1,0.9779,0.9567,37819,1013,697,38832,38516,ok,38832,131058.0,0,0.5435,0.3862,0.6198,0.0751,0.2192,0.7749,2205056.25,0.0594,1,1.0,1,0.0037,8.36,10.0,27.79,-40.0,50.0,RAS
s0650,spleen,1,0.9756,0.9524,107476,4334,1041,111810,108517,ok,111810,377358.75,0,0.3035,0.4276,0.5662,0.2162,0.2012,0.1732,1302480.0,0.2897,1,1.0,0,0.0,58.45,60.0,21.26,23.0,90.0,RAS
s0650,sternum,1,0.9661,0.9345,24460,265,1449,24725,25909,ok,24725,83446.88,0,0.4804,0.7104,0.8012,0.1351,0.1411,0.2944,970785.0,0.086,1,1.0,0,0.0,152.61,124.0,121.49,10.0,381.0,RAS
s0650,stomach,1,0.9728,0.9471,140809,5571,2297,146380,143106,ok,146380,494032.5,0,0.3629,0.5745,0.542,0.2853,0.2432,0.1905,2285415.0,0.2162,1,1.0,0,0.0,55.89,59.0,53.31,8.0,97.0,RAS
s0650,subclavian_artery_left,1,0.9534,0.911,2866,173,107,3039,2973,ok,3039,10256.62,0,0.405,0.546,0.9296,0.2222,0.0631,0.1061,256992.75,0.0399,1,1.0,0,0.0,59.86,68.0,42.03,-11.0,115.0,RAS
s0650,subclavian_artery_right,1,0.9623,0.9272,2600,139,65,2739,2665,ok,2739,9244.12,0,0.627,0.6007,0.9414,0.2312,0.036,0.0628,90436.5,0.1022,1,1.0,0,0.0,62.18,65.0,49.96,-3.0,106.0,RAS
s0650,superior_vena_cava,1,0.9475,0.9002,6488,77,642,6565,7130,ok,6565,22156.88,0,0.5519,0.5783,0.7827,0.045,0.0661,0.1364,70166.25,0.3158,1,1.0,0,0.0,109.13,82.0,160.78,13.0,299.8,RAS
s0650,thyroid_gland,1,0.9501,0.9049,6420,386,289,6806,6709,ok,6806,22970.25,0,0.5042,0.6217,0.9554,0.1201,0.0781,0.0671,108810.0,0.2111,1,1.0,0,0.0,88.08,90.0,22.8,50.25,115.0,RAS
s0650,trachea,1,0.9751,0.9514,11397,227,355,11624,11752,ok,11624,39231.0,0,0.5128,0.5544,0.8648,0.1471,0.1622,0.1926,794792.25,0.0494,1,1.0,0,0.0,-793.95,-955.0,314.01,-1016.0,-241.0,RAS
s0650,urinary_bladder,1,0.9786,0.958,45509,1191,804,46700,46313,ok,46700,157612.5,0,0.5242,0.504,0.1263,0.1411,0.1712,0.0779,325498.5,0.4842,1,1.0,0,0.0,7.92,7.0,52.04,-48.0,46.0,RAS
s0650,vertebrae_C6,1,0.9702,0.9421,456,27,1,483,457,ok,483,1630.12,0,0.5176,0.5701,0.9947,0.0601,0.039,0.013,5265.0,0.3096,2,0.9979,1,0.3375,284.9,272.0,79.13,166.0,417.9,RAS
s0650,vertebrae_C7,1,0.9736,0.9485,4621,141,110,4762,4731,ok,4762,16071.75,0,0.5257,0.5329,0.9864,0.1652,0.1351,0.039,150356.25,0.1069,1,1.0,1,0.1027,292.77,248.0,160.04,107.0,624.95,RAS
s0650,vertebrae_L1,1,0.9926,0.9854,20039,103,194,20142,20233,ok,20142,67979.25,0,0.5393,0.4022,0.5058,0.1622,0.1772,0.0801,397851.75,0.1709,1,1.0,0,0.0,206.82,151.0,170.54,50.0,560.0,RAS
s0650,vertebrae_L2,1,0.9937,0.9876,22641,137,148,22778,22789,ok,22778,76875.75,0,0.5352,0.4149,0.4488,0.2012,0.1862,0.0844,546770.25,0.1406,1,1.0,0,0.0,217.04,158.0,188.83,40.0,614.15,RAS
s0650,vertebrae_L3,1,0.9932,0.9865,24332,116,218,24448,24550,ok,24448,82512.0,0,0.5322,0.4237,0.3911,0.2252,0.1832,0.0779,555862.5,0.1484,1,1.0,0,0.0,215.81,157.0,186.01,39.0,599.0,RAS
s0650,vertebrae_L4,1,0.9928,0.9857,24178,79,271,24257,24449,ok,24257,81867.38,0,0.5297,0.4255,0.3345,0.2042,0.1802,0.0736,468180.0,0.1749,1,1.0,0,0.0,225.98,159.0,200.29,37.0,649.0,RAS
s0650,vertebrae_L5,1,0.992,0.9842,23424,165,212,23589,23636,ok,23589,79612.88,0,0.537,0.4104,0.2822,0.2192,0.1742,0.0801,528720.75,0.1506,1,1.0,0,0.0,243.5,177.0,218.4,34.0,710.0,RAS
s0650,vertebrae_S1,1,0.9598,0.9227,15371,380,908,15751,16279,ok,15751,53159.62,0,0.5413,0.3855,0.2379,0.1261,0.1291,0.0736,207238.5,0.2565,2,0.9923,0,0.0,197.76,143.0,180.85,25.0,581.0,RAS
s0650,vertebrae_T1,1,0.9866,0.9736,8125,78,142,8203,8267,ok,8203,27685.12,0,0.5295,0.4974,0.9695,0.1652,0.1562,0.0628,279922.5,0.0989,1,1.0,1,0.0078,261.48,215.0,164.7,70.0,598.9,RAS
s0650,vertebrae_T10,1,0.992,0.9842,15154,130,113,15284,15267,ok,15284,51583.5,0,0.5494,0.3724,0.6556,0.1321,0.1712,0.0714,279328.5,0.1847,1,1.0,0,0.0,209.55,160.0,157.7,55.0,535.0,RAS
s0650,vertebrae_T11,1,0.9867,0.9738,15858,309,118,16167,15976,ok,16167,54563.62,0,0.5448,0.3833,0.6092,0.1111,0.1682,0.0693,223776.0,0.2438,1,1.0,0,0.0,192.14,147.0,142.32,58.0,475.0,RAS
s0650,vertebrae_T12,1,0.9887,0.9777,18060,100,311,18160,18371,ok,18160,61290.0,0,0.5419,0.3915,0.5601,0.1081,0.1712,0.0736,235467.0,0.2603,1,1.0,0,0.0,182.66,135.0,142.96,48.0,470.0,RAS
s0650,vertebrae_T2,1,0.9818,0.9642,8265,228,79,8493,8344,ok,8493,28663.88,0,0.5329,0.4651,0.9449,0.1471,0.1622,0.0736,303628.5,0.0944,2,0.9999,0,0.0,244.14,206.0,152.19,58.6,549.4,RAS
s0650,vertebrae_T3,1,0.9786,0.9582,7717,84,253,7801,7970,ok,7801,26328.38,0,0.5335,0.4351,0.9194,0.1411,0.1592,0.0758,294249.38,0.0895,1,1.0,0,0.0,234.46,202.0,146.15,53.0,533.0,RAS
s0650,vertebrae_T4,1,0.9905,0.9812,8492,90,73,8582,8565,ok,8582,28964.25,0,0.5374,0.4064,0.8898,0.1351,0.1622,0.0693,262440.0,0.1104,5,0.9992,0,0.0,227.45,185.0,144.93,52.0,529.0,RAS
s0650,vertebrae_T5,1,0.9844,0.9693,8697,63,212,8760,8909,ok,8760,29565.0,0,0.543,0.3864,0.8566,0.1381,0.1532,0.0714,261285.75,0.1132,1,1.0,0,0.0,224.98,182.0,147.75,66.0,525.0,RAS
s0650,vertebrae_T6,1,0.9819,0.9645,9463,120,228,9583,9691,ok,9583,32342.62,0,0.5493,0.3688,0.8205,0.1411,0.1622,0.0866,342630.0,0.0944,2,0.993,0,0.0,231.16,184.0,150.26,76.0,544.0,RAS
s0650,vertebrae_T7,1,0.9816,0.9638,10755,109,295,10864,11050,ok,10864,36666.0,0,0.5539,0.3592,0.7804,0.1411,0.1622,0.0887,351195.75,0.1044,3,0.9941,0,0.0,230.85,181.0,160.39,64.0,562.0,RAS
s0650,vertebrae_T8,1,0.9868,0.974,11901,196,122,12097,12023,ok,12097,40827.38,0,0.5541,0.3565,0.7398,0.1411,0.1622,0.1126,445419.0,0.0917,2,0.9935,0,0.0,220.93,168.0,161.32,56.0,562.0,RAS
s0650,vertebrae_T9,1,0.9908,0.9817,12950,77,164,13027,13114,ok,13027,43966.12,0,0.5537,0.3627,0.6986,0.1381,0.1712,0.0758,309723.75,0.142,2,0.9999,0,0.0,222.07,169.0,164.51,54.0,571.0,RAS
s0618,adrenal_gland_left,0,0.8665,0.7644,662,9,195,671,857,ok,671,2264.62,0,0.3894,0.3987,0.0349,0.0663,0.0867,0.0847,11934.0,0.1898,1,1.0,1,0.0447,68.44,66.0,103.06,-98.0,244.5,RAS
s0618,adrenal_gland_right,1,0.9542,0.9124,948,43,48,991,996,ok,991,3344.62,0,0.6105,0.3763,0.0766,0.0663,0.102,0.1005,16672.5,0.2006,1,1.0,0,0.0,51.79,53.0,110.7,-128.5,231.5,RAS
s0618,aorta,1,0.9894,0.979,59862,468,818,60330,60680,ok,60330,203613.75,0,0.4504,0.4366,0.4988,0.1582,0.4388,0.7672,1304673.75,0.1561,1,1.0,1,0.0027,174.16,160.0,157.66,16.0,308.0,RAS
s0618,atrial_appendage_left,1,0.9601,0.9232,902,66,9,968,911,ok,968,3267.0,0,0.3703,0.5067,0.514,0.0765,0.0714,0.0847,11340.0,0.2881,1,1.0,0,0.0,79.8,83.0,91.28,-62.0,214.65,RAS
s0618,autochthon_left,1,0.9781,0.9572,52046,1125,1203,53171,53249,ok,53171,179452.12,0,0.405,0.1023,0.427,0.2194,0.4541,1.0,2441147.5,0.0735,1,1.0,1,0.0276,9.25,11.0,81.75,-129.0,140.0,RAS
s0618,autochthon_right,1,0.9751,0.9514,50577,904,1678,51481,52255,ok,51481,173748.38,0,0.5741,0.123,0.4589,0.2245,0.4643,1.0,2554051.5,0.068,1,1.0,1,0.0192,8.7,10.0,82.7,-130.0,141.0,RAS
s0618,brachiocephalic_trunk,0,0.9337,0.8757,1176,25,142,1201,1318,ok,1201,4053.38,0,0.4726,0.5618,0.7851,0.1173,0.0714,0.0635,13041.0,0.3108,1,1.0,0,0.0,157.23,135.0,148.18,-3.0,370.0,RAS
s0618,brachiocephalic_vein_left,1,0.9613,0.9254,2619,45,166,2664,2785,ok,2664,8991.0,0,0.4383,0.5944,0.7588,0.1837,0.0816,0.0688,25272.0,0.3558,1,1.0,0,0.0,131.14,135.0,71.38,8.0,238.0,RAS
s0618,brachiocephalic_vein_right,0,0.9087,0.8327,662,125,8,787,670,ok,787,2656.12,0,0.5712,0.5638,0.7736,0.0918,0.0714,0.0688,11056.5,0.2402,1,1.0,0,0.0,150.5,156.0,85.23,13.6,277.0,RAS
s0618,clavicula_left,1,0.9879,0.9762,4917,19,101,4936,5018,ok,4936,16659.0,0,0.292,0.5409,0.8918,0.3061,0.3418,0.254,651240.0,0.0256,1,1.0,1,0.0284,567.1,476.0,443.75,3.0,1409.0,RAS
s0618,clavicula_right,1,0.9853,0.971,5626,79,89,5705,5715,ok,5705,19254.38,0,0.7198,0.5412,0.8799,0.3724,0.301,0.2646,726806.25,0.0265,1,1.0,1,0.0184,507.78,391.0,431.51,-10.0,1340.0,RAS
s0618,colon,1,0.9683,0.9385,22003,1133,308,23136,22311,ok,23136,78084.0,0,0.1503,0.5442,0.102,0.199,0.3214,0.2328,364864.5,0.214,1,1.0,1,0.0286,-366.18,-151.5,434.05,-1012.0,126.0,RAS
s0618,common_carotid_artery_left,1,0.9644,0.9312,1408,23,81,1431,1489,ok,1431,4829.62,0,0.4239,0.5459,0.8592,0.0459,0.148,0.2434,40520.25,0.1192,1,1.0,1,0.0175,143.37,137.0,122.0,-21.5,296.5,RAS
s0618,common_carotid_artery_right,1,0.9573,0.9181,931,54,29,985,960,ok,985,3324.38,0,0.5544,0.5756,0.8896,0.0663,0.0969,0.2063,32511.38,0.1023,1,1.0,1,0.0223,140.65,141.0,83.71,2.0,275.0,RAS
s0618,costal_cartilages,0,0.9085,0.8323,31324,3533,2777,34857,34101,ok,34857,117642.38,0,0.4802,0.8037,0.3212,0.8112,0.2449,0.7619,3709152.0,0.0317,23,0.4036,1,0.0038,253.36,128.0,348.71,-6.0,1093.0,RAS
s0618,duodenum,0,0.8762,0.7796,1539,383,52,1922,1591,ok,1922,6486.75,0,0.6147,0.5833,0.0153,0.0816,0.1429,0.0476,13608.0,0.4767,1,1.0,1,0.1727,21.34,42.0,173.24,-169.95,208.0,RAS
s0618,esophagus,1,0.9502,0.9052,10493,365,734,10858,11227,ok,10858,36645.75,0,0.4557,0.4289,0.4993,0.1378,0.2551,0.746,642431.25,0.057,1,1.0,0,0.0,-16.15,25.0,195.39,-406.0,163.0,RAS
s0618,gallbladder,1,0.9545,0.913,1458,43,96,1501,1554,ok,1501,5065.88,0,0.7028,0.6515,0.0145,0.0867,0.1429,0.0476,14458.5,0.3504,1,1.0,1,0.1739,24.1,24.0,80.19,-114.0,153.0,RAS
s0618,heart,1,0.9662,0.9346,118349,5306,2982,123655,121331,ok,123655,417335.62,0,0.3862,0.6186,0.4179,0.4388,0.449,0.4444,2145528.0,0.1945,1,1.0,0,0.0,128.43,132.0,74.31,0.0,244.0,RAS
s0618,humerus_left,1,0.9798,0.9604,15354,190,443,15544,15797,ok,15544,52461.0,0,0.0657,0.4459,0.9342,0.1429,0.1735,0.1481,89964.0,0.5831,4,0.9998,1,0.0473,153.89,102.0,234.39,-118.0,599.0,RAS
s0618,humerus_right,1,0.9802,0.9612,13401,259,282,13660,13683,ok,13660,46102.5,0,0.9531,0.4752,0.9185,0.1122,0.1837,0.1693,85536.0,0.539,1,1.0,1,0.0734,152.4,113.0,216.66,-121.0,549.0,RAS
s0618,iliopsoas_left,0,0.9197,0.8514,63,6,5,69,68,ok,69,232.88,0,0.4163,0.2388,0.0068,0.0204,0.0459,0.0265,607.5,0.3833,1,1.0,1,0.3768,38.13,37.0,87.55,-98.8,174.0,RAS
s0618,iliopsoas_right,0,0.9322,0.873,323,43,4,366,327,ok,366,1235.25,0,0.5876,0.2429,0.0152,0.0408,0.0765,0.0476,3645.0,0.3389,1,1.0,1,0.1885,56.17,63.5,99.37,-112.0,216.25,RAS
s0618,inferior_vena_cava,1,0.9723,0.9462,16704,581,369,17285,17073,ok,17285,58336.88,0,0.5588,0.4865,0.196,0.1684,0.1786,0.418,307951.88,0.1894,1,1.0,1,0.0157,143.57,148.0,86.52,-5.0,277.8,RAS
s0618,kidney_left,1,0.9884,0.977,16488,124,264,16612,16752,ok,16612,56065.5,0,0.3039,0.2501,0.0487,0.2143,0.199,0.1429,149262.75,0.3756,1,1.0,1,0.0578,131.36,134.0,96.93,-30.0,288.0,RAS
s0618,kidney_right,1,0.9848,0.97,7335,7,220,7342,7555,ok,7342,24779.25,0,0.677,0.2973,0.0247,0.1837,0.1582,0.0741,52731.0,0.4699,1,1.0,1,0.1137,137.12,138.0,95.22,-21.0,291.0,RAS
s0618,liver,1,0.9927,0.9854,336772,2628,2355,339400,339127,ok,339400,1145475.0,0,0.6655,0.5613,0.1254,0.7245,0.6531,0.2804,3251232.0,0.3523,1,1.0,1,0.0134,107.9,108.0,86.55,-33.0,251.0,RAS
s0618,lung_lower_lobe_left,1,0.9831,0.9668,365353,1558,10992,366911,376345,ok,366911,1238324.62,0,0.2577,0.2956,0.3928,0.4133,0.5969,0.6825,4126049.0,0.3001,3,1.0,0,0.0,-857.69,-892.0,152.77,-996.0,-587.0,RAS
s0618,lung_lower_lobe_right,1,0.9967,0.9935,533362,1835,1656,535197,535018,ok,535197,1806289.88,0,0.6982,0.3264,0.3895,0.5204,0.699,0.746,6649877.0,0.2716,5,1.0,0,0.0,-832.52,-873.0,171.64,-979.0,-532.0,RAS
s0618,lung_middle_lobe_right,1,0.9887,0.9776,210152,1086,3734,211238,213886,ok,211238,712928.25,0,0.7125,0.6124,0.4742,0.4592,0.5357,0.5397,3253162.5,0.2191,3,1.0,0,0.0,-899.23,-927.0,132.51,-1011.0,-696.0,RAS
s0618,lung_upper_lobe_left,1,0.9697,0.9412,188200,10609,1139,198809,189339,ok,198809,670980.38,0,0.2636,0.4606,0.6491,0.3418,0.5,0.5344,2238185.25,0.2998,1,1.0,0,0.0,-878.85,-912.0,145.37,-1004.0,-617.0,RAS
s0618,lung_upper_lobe_right,1,0.9761,0.9533,105937,4055,1130,109992,107067,ok,109992,371223.0,0,0.6698,0.5389,0.6902,0.4286,0.5408,0.3492,1983366.0,0.1872,9,0.9998,0,0.0,-808.34,-877.0,215.29,-982.0,-326.0,RAS
s0618,pancreas,1,0.9496,0.904,7732,275,546,8007,8278,ok,8007,27023.62,0,0.3507,0.4826,0.0278,0.398,0.3367,0.0847,277992.0,0.0972,1,1.0,1,0.0948,74.06,73.0,96.4,-84.0,231.0,RAS
s0618,portal_vein_and_splenic_vein,0,0.9283,0.8663,5228,575,232,5803,5460,ok,5803,19585.12,0,0.5234,0.5308,0.0596,0.5306,0.398,0.1534,793962.0,0.0247,1,1.0,1,0.0305,154.88,155.0,104.75,-15.0,324.9,RAS
s0618,pulmonary_vein,0,0.9353,0.8785,4571,418,214,4989,4785,ok,4989,16837.88,0,0.4867,0.4107,0.5289,0.3214,0.1786,0.1799,253023.75,0.0665,5,0.3959,0,0.0,127.19,143.0,114.22,-42.6,262.0,RAS
s0618,rib_left_1,1,0.9803,0.9613,2335,11,83,2346,2418,ok,2346,7917.75,0,0.2793,0.5234,0.8256,0.1582,0.2755,0.2169,231639.75,0.0342,1,1.0,0,0.0,498.77,478.0,265.85,90.25,966.0,RAS
s0618,rib_left_10,0,0.0,0.0,0,3272,1713,3272,1713,low_dice,3272,11043.0,0,0.1426,0.1931,0.2087,0.3724,0.4541,0.3915,1622625.75,0.0068,1,1.0,1,0.0067,468.03,419.0,351.63,-19.9,1114.0,RAS
s0618,rib_left_11,0,0.0,0.0,0,1700,917,1700,917,low_dice,1700,5737.5,0,0.2152,0.1132,0.1439,0.3163,0.199,0.2857,440680.5,0.013,1,1.0,1,0.0153,531.78,485.0,340.7,13.95,1154.1,RAS
s0618,rib_left_12,0,0.0,0.0,0,917,0,917,0,false_positive,917,3094.88,0,0.3046,0.1238,0.0646,0.2092,0.0663,0.1587,53966.25,0.0573,1,1.0,1,0.0403,468.14,433.0,272.44,68.6,962.0,RAS
s0618,rib_left_2,1,0.9898,0.9798,3202,44,22,3246,3224,ok,3246,10955.25,0,0.2263,0.4946,0.7707,0.2449,0.4439,0.3016,803358.0,0.0136,2,0.9997,0,0.0,391.52,370.0,259.39,3.0,872.5,RAS
s0618,rib_left_3,1,0.9824,0.9655,3553,61,66,3614,3619,ok,3614,12197.25,0,0.1998,0.4731,0.6714,0.2653,0.5714,0.3598,1336608.0,0.0091,1,1.0,0,0.0,412.97,401.0,303.93,-45.35,930.35,RAS
s0618,rib_left_4,0,0.6962,0.5339,2243,35,1923,2278,4166,ok,2278,7688.25,0,0.1924,0.2817,0.6649,0.2653,0.3724,0.3016,730255.5,0.0105,2,0.9991,0,0.0,477.3,464.0,343.86,-51.0,1076.15,RAS
s0618,rib_left_5,0,0.4934,0.3275,1836,1964,1806,3800,3642,low_dice,3800,12825.0,0,0.1959,0.4128,0.5452,0.2602,0.7092,0.3598,1626925.5,0.0079,2,0.5387,0,0.0,504.77,481.5,368.26,-40.0,1141.0,RAS
s0618,rib_left_6,0,0.3926,0.2442,1866,1384,4391,3250,6257,low_dice,3250,10968.75,0,0.1891,0.3577,0.4868,0.2704,0.7296,0.3968,1918434.38,0.0057,9,0.5751,0,0.0,435.01,375.0,373.61,-40.0,1145.3,RAS
s0618,rib_left_7,0,0.176,0.0965,865,3974,4128,4839,4993,low_dice,4839,16331.62,0,0.1244,0.4406,0.3622,0.3061,0.7194,0.4497,2426962.5,0.0067,3,0.82,0,0.0,483.31,438.0,386.89,-35.0,1190.2,RAS
s0618,rib_left_8,0,0.0,0.0,0,4032,4148,4032,4148,low_dice,4032,13608.0,0,0.0839,0.4059,0.276,0.1939,0.6429,0.4921,1502833.5,0.0091,3,0.9995,1,0.0,409.7,349.0,353.93,-35.45,1109.0,RAS
s0618,rib_left_9,0,0.0,0.0,0,4141,3232,4141,3232,low_dice,4141,13975.88,0,0.123,0.2686,0.2694,0.352,0.5816,0.4815,2415845.25,0.0058,1,1.0,1,0.0097,449.59,394.0,364.07,-35.0,1120.0,RAS
s0618,rib_right_1,1,0.9891,0.9784,2993,41,25,3034,3018,ok,3034,10239.75,0,0.6973,0.5219,0.8149,0.1684,0.2806,0.2011,232773.75,0.044,1,1.0,0,0.0,569.54,547.5,297.66,88.65,1090.7,RAS
s0618,rib_right_10,0,0.0004,0.0002,1,3255,1689,3256,1690,low_dice,3256,10989.0,0,0.8405,0.2162,0.2288,0.3929,0.5204,0.3915,1961536.5,0.0056,2,0.9294,1,0.0083,466.46,412.0,345.6,-12.0,1108.25,RAS
s0618,rib_right_11,0,0.0,0.0,0,1672,1036,1672,1036,low_dice,1672,5643.0,0,0.7741,0.1398,0.1466,0.3571,0.2449,0.2804,601020.0,0.0094,1,1.0,1,0.0138,481.39,462.5,296.3,30.0,1016.9,RAS
s0618,rib_right_12,0,0.0,0.0,0,1011,0,1011,0,false_positive,1011,3412.12,0,0.695,0.1316,0.067,0.2296,0.0969,0.1587,86568.75,0.0394,1,1.0,1,0.0336,438.0,418.0,264.17,24.0,913.0,RAS
s0618,rib_right_2,1,0.9844,0.9693,3257,83,20,3340,3277,ok,3340,11272.5,0,0.7541,0.4931,0.7776,0.2449,0.4388,0.3016,794124.0,0.0142,2,0.9997,0,0.0,414.66,379.0,288.93,2.0,966.05,RAS
s0618,rib_right_3,1,0.98,0.9607,3865,45,113,3910,3978,ok,3910,13196.25,0,0.782,0.5056,0.6906,0.2704,0.5561,0.3545,1306324.12,0.0101,2,0.9997,0,0.0,466.01,450.0,316.28,-19.0,1009.0,RAS
s0618,rib_right_4,0,0.8701,0.7701,3394,32,981,3426,4375,ok,3426,11562.75,0,0.8115,0.396,0.6514,0.2806,0.5765,0.3333,1321464.38,0.0087,1,1.0,0,0.0,424.97,399.5,322.75,-43.75,1005.75,RAS
s0618,rib_right_5,0,0.6351,0.4653,2725,658,2473,3383,5198,ok,3383,11417.62,0,0.7951,0.3533,0.5863,0.3061,0.7041,0.328,1732590.0,0.0066,3,0.8132,0,0.0,388.93,342.0,332.74,-50.0,1020.0,RAS
s0618,rib_right_6,0,0.4414,0.2832,2168,2217,3270,4385,5438,low_dice,4385,14799.38,0,0.8052,0.4196,0.4819,0.3112,0.7347,0.3598,2015928.0,0.0073,3,0.5013,0,0.0,397.79,355.0,333.16,-40.0,1050.6,RAS
s0618,rib_right_7,0,0.1851,0.102,851,3186,4308,4037,5159,low_dice,4037,13624.88,0,0.8403,0.4695,0.3809,0.3265,0.75,0.418,2508408.0,0.0054,3,0.789,0,0.0,419.14,370.0,352.2,-41.2,1087.2,RAS
s0618,rib_right_8,0,0.0,0.0,0,4182,3828,4182,3828,low_dice,4182,14114.25,0,0.8885,0.4189,0.3182,0.2296,0.6684,0.4392,1651336.88,0.0085,1,1.0,0,0.0,417.11,355.0,354.89,-39.0,1108.95,RAS
s0618,rib_right_9,0,0.0803,0.0418,311,3866,3259,4177,3570,low_dice,4177,14097.38,0,0.8625,0.3078,0.271,0.3878,0.6122,0.4709,2739420.0,0.0051,2,0.9555,0,0.0,412.24,362.0,336.41,-50.0,1044.2,RAS
s0618,scapula_left,1,0.9821,0.9648,24963,349,562,25312,25525,ok,25312,85428.0,0,0.0962,0.3103,0.7559,0.2755,0.3316,0.5979,1338626.25,0.0638,1,1.0,1,0.0173,385.75,282.0,375.92,-40.0,1149.0,RAS
s0618,scapula_right,1,0.9788,0.9584,23400,711,304,24111,23704,ok,24111,81374.62,0,0.918,0.3483,0.7397,0.2398,0.3316,0.6243,1216653.75,0.0669,1,1.0,1,0.0186,391.44,296.0,371.51,-41.0,1152.5,RAS
s0618,skull,1,0.9769,0.9548,5026,145,93,5171,5119,ok,5171,17452.12,0,0.5128,0.852,0.9686,0.2653,0.1531,0.0794,78975.0,0.221,1,1.0,1,0.1075,717.81,595.0,518.26,24.0,1574.0,RAS
s0618,small_bowel,0,0.8901,0.8019,996,231,15,1227,1011,ok,1227,4141.12,0,0.2301,0.4854,0.0104,0.1939,0.1786,0.037,31421.25,0.1318,2,0.8615,1,0.2559,88.7,90.0,80.32,-46.7,219.0,RAS
s0618,spinal_cord,1,0.9726,0.9467,19422,580,513,20002,19935,ok,20002,67506.75,0,0.4913,0.2105,0.5057,0.0816,0.4643,1.0,928746.0,0.0727,1,1.0,1,0.0129,15.04,15.0,80.05,-116.0,145.0,RAS
s0618,spleen,1,0.9913,0.9828,47289,284,542,47573,47831,ok,47573,160558.88,0,0.179,0.2877,0.1307,0.3673,0.2755,0.254,629856.0,0.2549,3,1.0,1,0.0066,106.94,107.0,82.72,-29.0,243.0,RAS
s0618,sternum,1,0.9706,0.9429,13546,156,665,13702,14211,ok,13702,46244.25,0,0.4835,0.7395,0.5922,0.1939,0.2041,0.4497,436050.0,0.1061,1,1.0,0,0.0,171.75,88.0,248.86,-103.0,665.0,RAS
s0618,stomach,1,0.9872,0.9748,89561,1227,1087,90788,90648,ok,90788,306409.5,0,0.3061,0.556,0.106,0.4133,0.4898,0.2275,1128492.0,0.2715,1,1.0,1,0.0126,-68.69,12.0,294.99,-937.0,186.0,RAS
s0618,subclavian_artery_left,1,0.9595,0.9222,2478,83,126,2561,2604,ok,2561,8643.38,0,0.3469,0.4915,0.824,0.3061,0.1633,0.1217,149040.0,0.058,1,1.0,0,0.0,135.47,121.0,155.93,-25.0,281.0,RAS
s0618,subclavian_artery_right,1,0.9524,0.9092,1862,28,158,1890,2020,ok,1890,6378.75,0,0.6681,0.5265,0.8251,0.3061,0.0765,0.0847,48600.0,0.1313,1,1.0,0,0.0,123.53,122.0,92.31,-20.55,258.55,RAS
s0618,superior_vena_cava,1,0.9618,0.9263,3899,76,234,3975,4133,ok,3975,13415.62,0,0.5271,0.5229,0.6294,0.0612,0.0969,0.254,36936.0,0.3632,1,1.0,0,0.0,138.53,147.0,72.23,0.0,242.3,RAS
s0618,thyroid_gland,0,0.9456,0.8968,2190,68,184,2258,2374,ok,2258,7620.75,0,0.4933,0.6233,0.8696,0.148,0.0816,0.1217,36018.0,0.2116,1,1.0,0,0.0,125.84,125.0,75.45,5.0,248.0,RAS
s0618,trachea,1,0.9801,0.9609,7419,86,216,7505,7635,ok,7505,25329.38,0,0.4971,0.4906,0.7796,0.1837,0.3061,0.3069,422820.0,0.0599,1,1.0,0,0.0,-866.09,-937.0,206.94,-1025.8,-350.0,RAS
s0618,vertebrae_C4,0,0.9461,0.8977,158,18,0,176,158,ok,176,594.0,0,0.4972,0.5929,0.9885,0.0612,0.0357,0.0265,1417.5,0.419,1,1.0,1,0.375,322.48,322.5,184.31,45.75,623.25,RAS
s0618,vertebrae_C5,0,0.9463,0.898,1180,96,38,1276,1218,ok,1276,4306.5,0,0.4947,0.5569,0.9747,0.1786,0.0714,0.0635,19845.0,0.217,4,0.9875,1,0.1121,416.09,365.5,254.57,86.75,940.0,RAS
s0618,vertebrae_C6,0,0.9461,0.8977,3037,132,214,3169,3251,ok,3169,10695.38,0,0.4978,0.5129,0.9585,0.1888,0.1276,0.1058,62437.5,0.1713,4,0.995,1,0.0808,434.53,392.0,267.71,80.4,932.6,RAS
s0618,vertebrae_C7,1,0.9695,0.9409,5141,88,235,5229,5376,ok,5229,17647.88,0,0.4952,0.4662,0.9277,0.2398,0.1888,0.1481,164335.5,0.1074,2,0.9996,1,0.0069,351.08,313.0,262.23,-6.6,853.0,RAS
s0618,vertebrae_L1,1,0.9907,0.9816,10913,148,57,11061,10970,ok,11061,37330.88,0,0.4915,0.241,0.0737,0.1888,0.2143,0.1534,152097.75,0.2454,5,0.9993,1,0.0079,282.96,228.0,255.52,-30.0,784.0,RAS
s0618,vertebrae_L2,1,0.9901,0.9805,2410,37,11,2447,2421,ok,2447,8258.62,0,0.5032,0.3139,0.0134,0.1429,0.1837,0.0529,34020.0,0.2428,2,0.9918,1,0.208,210.73,183.0,186.1,-47.0,557.7,RAS
s0618,vertebrae_T1,1,0.9831,0.9668,6237,96,118,6333,6355,ok,6333,21373.88,0,0.4933,0.4045,0.896,0.2602,0.199,0.164,208099.12,0.1027,1,1.0,0,0.0,305.76,256.0,255.11,-20.4,797.0,RAS
s0618,vertebrae_T10,1,0.9915,0.9831,8884,96,57,8980,8941,ok,8980,30307.5,0,0.4847,0.1301,0.3421,0.1939,0.2296,0.1905,207765.0,0.1459,2,0.9999,1,0.0,291.51,222.0,251.57,5.0,824.0,RAS
s0618,vertebrae_T11,1,0.9921,0.9843,10315,111,53,10426,10368,ok,10426,35187.75,0,0.4859,0.1488,0.2499,0.1837,0.2296,0.1905,196830.0,0.1788,1,1.0,0,0.0,280.87,209.0,251.8,4.0,815.0,RAS
s0618,vertebrae_T12,1,0.9883,0.9769,11945,185,97,12130,12042,ok,12130,40938.75,0,0.4887,0.1837,0.155,0.1939,0.2296,0.2063,225078.75,0.1819,1,1.0,0,0.0,287.39,230.0,247.79,-10.0,779.0,RAS
s0618,vertebrae_T2,1,0.9523,0.9089,5379,501,38,5880,5417,ok,5880,19845.0,0,0.4937,0.343,0.8554,0.2449,0.199,0.1587,189540.0,0.1047,1,1.0,0,0.0,328.96,251.0,297.33,-32.05,917.15,RAS
s0618,vertebrae_T3,0,0.5687,0.3973,2048,2637,470,4685,2518,ok,4685,15811.88,0,0.4842,0.288,0.8025,0.1837,0.1735,0.1534,119799.0,0.132,2,0.9998,0,0.0,320.42,244.0,300.45,-43.0,926.8,RAS
s0618,vertebrae_T4,0,0.3043,0.1794,1206,2631,2884,3837,4090,low_dice,3837,12949.88,0,0.4993,0.2153,0.7763,0.2245,0.2398,0.1799,237303.0,0.0546,11,0.9885,0,0.0,338.81,295.0,278.41,-32.0,870.0,RAS
s0618,vertebrae_T5,0,0.5826,0.4111,2803,1168,2848,3971,5651,ok,3971,13402.12,0,0.5035,0.2239,0.7158,0.2245,0.2755,0.1958,296703.0,0.0452,22,0.5437,0,0.0,274.04,213.0,269.69,-57.0,797.0,RAS
s0618,vertebrae_T6,0,0.8464,0.7337,5559,602,1416,6161,6975,ok,6161,20793.38,0,0.4949,0.1923,0.664,0.2347,0.2755,0.1958,310189.5,0.067,8,0.9919,0,0.0,255.94,203.0,254.52,-60.0,749.0,RAS
s0618,vertebrae_T7,0,0.9321,0.8728,5931,447,417,6378,6348,ok,6378,21525.75,0,0.4913,0.1485,0.5963,0.2296,0.2398,0.1376,185591.25,0.116,1,1.0,0,0.0,290.12,216.0,283.85,-57.0,854.15,RAS
s0618,vertebrae_T8,1,0.9865,0.9733,7487,127,78,7614,7565,ok,7614,25697.25,0,0.4875,0.1335,0.5165,0.2194,0.2398,0.1746,225088.88,0.1142,3,0.9996,1,0.0041,304.21,234.0,288.1,-46.35,881.0,RAS
s0618,vertebrae_T9,1,0.9903,0.9809,8402,102,62,8504,8464,ok,8504,28701.0,0,0.4848,0.1274,0.4307,0.2092,0.2296,0.1852,217940.62,0.1317,1,1.0,1,0.0034,307.37,230.0,277.28,-7.0,895.0,RAS
s0614,autochthon_left,1,0.9693,0.9405,19599,581,660,20180,20259,ok,20180,68107.49,0,0.4482,0.1655,0.8387,0.1659,0.3056,0.4534,276432.72,0.2464,1,1.0,1,0.0006,35.28,40.0,80.01,-100.0,152.0,RAS
s0614,autochthon_right,1,0.9874,0.9751,25733,292,366,26025,26099,ok,26025,87834.36,0,0.6002,0.1836,0.8445,0.1805,0.3148,0.4472,305693.97,0.2873,1,1.0,1,0.0251,34.54,40.0,78.0,-104.0,153.0,RAS
s0614,colon,1,0.9525,0.9092,62813,3332,2938,66145,65751,ok,66145,223239.34,0,0.4789,0.772,0.711,0.722,0.6852,0.7702,4583411.5,0.0487,4,0.7272,1,0.0342,-447.07,-260.0,448.17,-1002.0,93.0,RAS
s0614,femur_left,1,0.9885,0.9773,48414,835,287,49249,48701,ok,49249,166215.34,0,0.1889,0.5005,0.2486,0.2829,0.3981,0.4596,622876.44,0.2669,1,1.0,1,0.0061,264.82,150.0,368.48,-88.0,1199.0,RAS
s0614,femur_right,1,0.9893,0.9789,46735,641,367,47376,47102,ok,47376,159893.98,0,0.8512,0.5131,0.256,0.2927,0.4167,0.4224,619649.94,0.258,1,1.0,1,0.0,259.91,155.0,348.74,-83.0,1113.0,RAS
s0614,gluteus_maximus_left,1,0.9812,0.963,149818,2870,2882,152688,152700,ok,152688,515321.94,0,0.2398,0.1751,0.3332,0.4537,0.3981,0.795,1727567.75,0.2983,1,1.0,1,0.0077,47.2,47.0,60.25,-53.0,146.0,RAS
s0614,gluteus_maximus_right,1,0.9839,0.9682,144254,3181,1553,147435,145807,ok,147435,497593.06,0,0.8011,0.2006,0.3697,0.4146,0.4444,0.7888,1748789.75,0.2845,1,1.0,1,0.0053,48.36,49.0,61.49,-53.0,149.0,RAS
s0614,gluteus_medius_left,1,0.9831,0.9667,76503,1480,1158,77983,77661,ok,77983,263192.59,0,0.1423,0.4378,0.615,0.3366,0.6019,0.5404,1316908.0,0.1999,1,1.0,1,0.0,46.82,48.0,57.76,-50.0,139.0,RAS
s0614,gluteus_medius_right,1,0.9855,0.9714,71812,820,1292,72632,73104,ok,72632,245132.97,0,0.8881,0.4864,0.6319,0.2878,0.6019,0.6025,1255483.0,0.1952,1,1.0,1,0.0152,48.04,49.0,61.56,-54.0,146.0,RAS
s0614,gluteus_minimus_left,1,0.9766,0.9542,17155,223,600,17378,17755,ok,17378,58650.74,0,0.1571,0.5921,0.5141,0.1707,0.4537,0.3168,295194.34,0.1987,1,1.0,0,0.0,42.9,44.0,62.14,-63.0,142.0,RAS
s0614,gluteus_minimus_right,1,0.9754,0.9519,15691,272,521,15963,16212,ok,15963,53875.12,0,0.8662,0.6329,0.5345,0.161,0.4352,0.3354,282669.72,0.1906,1,1.0,0,0.0,43.03,45.0,67.43,-71.0,151.0,RAS
s0614,hip_left,1,0.9897,0.9796,93770,912,1041,94682,94811,ok,94682,319551.72,0,0.3017,0.4901,0.5196,0.4488,0.8426,0.8447,3842747.5,0.0832,1,1.0,0,0.0,260.78,149.0,335.09,-73.0,1020.95,RAS
s0614,hip_right,1,0.9892,0.9787,93906,1161,887,95067,94793,ok,95067,320851.09,0,0.7302,0.5196,0.5229,0.439,0.8611,0.8509,3870078.25,0.0829,2,1.0,0,0.0,253.7,139.0,338.59,-86.0,1023.0,RAS
s0614,iliac_artery_left,0,0.9052,0.8268,3780,551,241,4331,4021,ok,4331,14617.12,0,0.3796,0.7426,0.6493,0.239,0.3426,0.7205,709789.38,0.0206,1,1.0,1,0.0014,33.81,34.0,71.56,-65.0,132.0,RAS
s0614,iliac_artery_right,0,0.8672,0.7656,3609,608,497,4217,4106,ok,4217,14232.37,0,0.6187,0.7767,0.666,0.278,0.3148,0.7329,771808.38,0.0184,6,0.5644,1,0.0,37.77,39.0,59.34,-60.0,134.0,RAS
s0614,iliac_vena_left,1,0.9554,0.9145,8474,610,182,9084,8656,ok,9084,30658.5,0,0.3985,0.6867,0.5927,0.2585,0.463,0.6646,956981.12,0.032,1,1.0,0,0.0,36.64,37.0,58.28,-60.0,131.0,RAS
s0614,iliac_vena_right,0,0.9422,0.8907,5622,457,233,6079,5855,ok,6079,20516.62,0,0.6414,0.7331,0.5776,0.2049,0.3796,0.6646,621857.19,0.033,1,1.0,0,0.0,35.94,37.0,58.97,-62.0,132.1,RAS
s0614,iliopsoas_left,1,0.982,0.9647,71838,1041,1586,72879,73424,ok,72879,245966.59,0,0.2832,0.6624,0.6246,0.3171,0.5463,0.8571,1786151.0,0.1377,1,1.0,0,0.0,48.77,50.0,64.04,-54.0,146.0,RAS
s0614,iliopsoas_right,1,0.9833,0.9671,64578,651,1547,65229,66125,ok,65229,220147.84,0,0.7328,0.6814,0.6372,0.2976,0.537,0.8696,1671704.75,0.1317,1,1.0,1,0.0063,49.28,50.0,64.38,-58.0,153.0,RAS
s0614,inferior_vena_cava,0,0.9089,0.8331,529,103,3,632,532,ok,632,2133.0,0,0.5541,0.6706,0.9719,0.0585,0.0833,0.0559,3280.5,0.6502,1,1.0,1,0.1282,40.71,40.0,59.9,-51.45,144.45,RAS
s0614,prostate,0,0.9092,0.8335,6728,652,692,7380,7420,ok,7380,24907.5,0,0.5211,0.5562,0.2987,0.1366,0.1944,0.1429,45643.49,0.5457,1,1.0,0,0.0,42.19,38.0,93.34,-58.0,139.0,RAS
s0614,sacrum,1,0.9617,0.9261,44198,1388,2137,45586,46335,ok,45586,153852.73,0,0.5248,0.2403,0.6059,0.3463,0.5185,0.6087,1315061.88,0.117,16,0.9991,1,0.0016,160.97,90.0,258.16,-117.0,712.0,RAS
s0614,small_bowel,0,0.8741,0.7764,38661,6611,4523,45272,43184,ok,45272,152792.98,0,0.5999,0.8493,0.7977,0.7122,0.5278,0.7329,3314236.0,0.0461,9,0.9502,1,0.0162,-69.87,-22.0,201.84,-481.0,107.0,RAS
s0614,spinal_cord,0,0.9397,0.8863,2744,189,163,2933,2907,ok,2933,9898.87,0,0.5237,0.3148,0.7811,0.0585,0.2037,0.3665,52568.99,0.1883,1,1.0,1,0.0085,3.25,7.0,112.12,-156.4,156.0,RAS
s0614,urinary_bladder,1,0.9797,0.9603,70671,697,2227,71368,72898,ok,71368,240866.97,0,0.5407,0.788,0.4586,0.278,0.4444,0.3106,461699.94,0.5217,1,1.0,1,0.0111,13.68,15.0,58.1,-84.0,107.0,RAS
s0614,vertebrae_L4,1,0.9874,0.9751,13454,59,284,13513,13738,ok,13513,45606.37,0,0.5164,0.448,0.9489,0.2732,0.537,0.1304,230201.97,0.1981,1,1.0,1,0.0398,258.64,183.0,286.56,-23.0,878.0,RAS
s0614,vertebrae_L5,1,0.9926,0.9852,18274,102,172,18376,18446,ok,18376,62018.99,0,0.5185,0.4374,0.8215,0.2878,0.5185,0.1801,323378.97,0.1918,1,1.0,0,0.0,254.07,177.0,277.24,-24.0,876.0,RAS
s0614,vertebrae_S1,0,0.936,0.8797,10269,843,561,11112,10830,ok,11112,37503.0,0,0.5214,0.3886,0.6946,0.1659,0.4074,0.1863,151469.98,0.2476,1,1.0,0,0.0,263.68,214.0,244.37,-8.0,756.9,RAS
s0607,adrenal_gland_left,1,0.965,0.9323,1626,55,63,1681,1689,ok,1681,5673.38,0,0.3812,0.473,0.6996,0.0638,0.0621,0.0947,34020.0,0.1668,1,1.0,0,0.0,59.21,64.0,45.83,-22.0,127.0,RAS
s0607,adrenal_gland_right,1,0.9709,0.9435,1620,15,82,1635,1702,ok,1635,5518.12,0,0.6109,0.4602,0.7409,0.0723,0.071,0.0947,44064.0,0.1252,1,1.0,0,0.0,56.97,63.0,46.69,-28.0,125.3,RAS
s0607,aorta,1,0.9693,0.9405,90382,4366,1353,94748,91735,ok,94748,319774.5,0,0.4598,0.4706,0.7099,0.2085,0.2337,0.5799,2560666.5,0.1249,2,0.9955,1,0.0,101.85,109.0,47.58,21.0,162.0,RAS
s0607,autochthon_left,1,0.9857,0.9718,139872,1282,2783,141154,142655,ok,141154,476394.75,0,0.4212,0.2923,0.6334,0.2468,0.0976,0.7041,1537420.5,0.3099,1,1.0,1,0.0,36.27,40.0,28.03,-15.0,73.0,RAS
s0607,autochthon_right,1,0.9844,0.9693,135683,1965,2335,137648,138018,ok,137648,464562.0,0,0.6214,0.2957,0.6262,0.2596,0.1036,0.7071,1722144.38,0.2698,1,1.0,1,0.0,32.21,37.0,31.09,-28.0,72.0,RAS
s0607,colon,1,0.9707,0.9431,441064,16779,9814,457843,450878,ok,457843,1545220.12,0,0.4509,0.5653,0.513,0.8766,0.4349,0.7929,27390068.0,0.0564,1,1.0,0,0.0,-126.68,-47.0,292.61,-960.0,178.0,RAS
s0607,costal_cartilages,1,0.9528,0.9098,38723,2463,1374,41186,40097,ok,41186,139002.75,0,0.5013,0.7037,0.8862,0.9489,0.3225,0.4053,11238949.0,0.0124,9,0.9626,1,0.0,102.46,102.0,36.63,51.0,146.0,RAS
s0607,duodenum,1,0.9566,0.9168,25823,1807,536,27630,26359,ok,27630,93251.25,0,0.5453,0.5445,0.5991,0.3149,0.1243,0.2101,744754.5,0.1252,1,1.0,0,0.0,73.31,79.0,58.09,7.0,123.0,RAS
s0607,esophagus,1,0.9659,0.934,5136,162,201,5298,5337,ok,5298,17880.75,0,0.4723,0.4714,0.8966,0.0979,0.1065,0.1627,153697.5,0.1163,1,1.0,1,0.0,5.17,33.0,126.74,-201.0,95.0,RAS
s0607,femur_left,1,0.9896,0.9794,62393,235,1078,62628,63471,ok,62628,211369.5,0,0.2124,0.4385,0.0992,0.2766,0.142,0.1982,705510.0,0.2996,1,1.0,1,0.0,313.34,245.0,276.93,21.0,978.0,RAS
s0607,femur_right,1,0.9906,0.9814,66296,278,976,66574,67272,ok,66574,224687.25,0,0.8514,0.4528,0.1116,0.2723,0.1391,0.216,741096.0,0.3032,1,1.0,1,0.0,312.36,230.0,292.17,13.0,1018.0,RAS
s0607,gallbladder,0,0.917,0.8467,4186,26,732,4212,4918,ok,4212,14215.5,0,0.735,0.6196,0.7101,0.0851,0.068,0.0592,31050.0,0.4578,1,1.0,0,0.0,37.39,34.0,30.99,-6.0,94.0,RAS
s0607,gluteus_maximus_left,1,0.9807,0.9621,148269,3255,2592,151524,150861,ok,151524,511393.5,0,0.2677,0.3121,0.1405,0.4213,0.1331,0.3521,1789239.38,0.2858,1,1.0,1,0.0,22.6,25.0,26.17,-24.0,62.0,RAS
s0607,gluteus_maximus_right,1,0.9829,0.9663,175309,3498,2612,178807,177921,ok,178807,603473.62,0,0.808,0.3236,0.1552,0.4085,0.1509,0.3817,2131596.0,0.2831,1,1.0,1,0.001,18.77,21.0,27.38,-30.0,60.0,RAS
s0607,gluteus_medius_left,1,0.9827,0.966,81922,1662,1217,83584,83139,ok,83584,282096.0,0,0.1705,0.3929,0.2775,0.2468,0.2189,0.2722,1332666.0,0.2117,1,1.0,0,0.0,34.24,38.0,31.87,-23.0,77.0,RAS
s0607,gluteus_medius_right,1,0.977,0.955,77797,2543,1121,80340,78918,ok,80340,271147.5,0,0.8834,0.4083,0.2978,0.2596,0.216,0.287,1457800.88,0.186,1,1.0,0,0.0,33.11,36.0,30.67,-20.0,76.0,RAS
s0607,gluteus_minimus_left,1,0.9702,0.9422,21309,848,460,22157,21769,ok,22157,74779.88,0,0.1883,0.4486,0.2371,0.1362,0.1657,0.1716,350784.0,0.2132,1,1.0,0,0.0,31.78,36.0,34.6,-34.0,79.0,RAS
s0607,gluteus_minimus_right,1,0.972,0.9455,22560,719,581,23279,23141,ok,23279,78566.62,0,0.8612,0.4571,0.2607,0.1574,0.1538,0.1953,428571.0,0.1833,1,1.0,0,0.0,26.25,31.0,35.99,-42.0,75.0,RAS
s0607,heart,1,0.9629,0.9284,128261,3430,6458,131691,134719,ok,131691,444457.12,0,0.4211,0.5641,0.9451,0.366,0.2219,0.1213,892518.75,0.498,3,1.0,1,0.0089,89.73,103.0,111.05,33.0,140.0,RAS
s0607,hip_left,1,0.9905,0.9811,131361,1162,1369,132523,132730,ok,132523,447265.12,0,0.315,0.4174,0.2363,0.434,0.3254,0.432,5528655.0,0.0809,1,1.0,0,0.0,332.53,254.0,261.42,38.0,871.0,RAS
s0607,hip_right,1,0.9914,0.9829,132552,1284,1017,133836,133569,ok,133836,451696.5,0,0.7377,0.4281,0.2516,0.4085,0.3254,0.4349,5239080.0,0.0862,1,1.0,0,0.0,331.97,253.0,263.41,32.0,870.25,RAS
s0607,iliac_artery_left,0,0.9308,0.8706,3661,164,380,3825,4041,ok,3825,12909.38,0,0.3946,0.5026,0.2904,0.2298,0.1183,0.3284,809190.0,0.016,2,0.9982,0,0.0,151.47,142.0,106.3,31.0,351.8,RAS
s0607,iliac_artery_right,1,0.9675,0.937,5252,147,206,5399,5458,ok,5399,18221.62,0,0.6278,0.5124,0.3096,0.2681,0.1213,0.3136,924068.25,0.0197,1,1.0,0,0.0,129.11,125.0,65.14,51.0,220.0,RAS
s0607,iliac_vena_left,1,0.969,0.9398,9343,304,294,9647,9637,ok,9647,32558.62,0,0.4201,0.4772,0.2809,0.2553,0.1627,0.3136,1180575.0,0.0276,1,1.0,0,0.0,38.23,39.0,30.32,-12.0,84.0,RAS
s0607,iliac_vena_right,1,0.97,0.9417,7724,97,381,7821,8105,ok,7821,26395.88,0,0.6476,0.4976,0.2759,0.1787,0.1509,0.3136,766300.5,0.0344,1,1.0,0,0.0,41.39,42.0,25.45,0.0,83.0,RAS
s0607,iliopsoas_left,1,0.9821,0.9648,90685,1473,1832,92158,92517,ok,92158,311033.25,0,0.322,0.4602,0.351,0.2851,0.2041,0.6627,3494988.0,0.089,1,1.0,0,0.0,42.48,44.0,38.66,-9.0,84.0,RAS
s0607,iliopsoas_right,1,0.9814,0.9635,86088,1720,1539,87808,87627,ok,87808,296352.0,0,0.7096,0.4689,0.3599,0.2723,0.216,0.6686,3563568.0,0.0832,1,1.0,0,0.0,41.13,43.0,29.16,-8.0,82.0,RAS
s0607,inferior_vena_cava,1,0.9722,0.9459,26348,331,1176,26679,27524,ok,26679,90041.62,0,0.5754,0.4997,0.7051,0.1149,0.071,0.5325,393660.0,0.2287,1,1.0,0,0.0,98.49,102.0,47.3,19.0,172.0,RAS
s0607,kidney_left,1,0.9934,0.987,58009,306,460,58315,58469,ok,58315,196813.12,0,0.2753,0.4071,0.6246,0.1957,0.1302,0.2219,512325.0,0.3842,1,1.0,0,0.0,126.63,135.0,41.49,51.0,183.0,RAS
s0607,kidney_right,1,0.9932,0.9866,62574,505,346,63079,62920,ok,63079,212891.62,0,0.7401,0.4252,0.6056,0.2043,0.145,0.2249,603288.0,0.3529,1,1.0,0,0.0,129.81,139.0,43.09,52.0,187.0,RAS
s0607,liver,1,0.995,0.9901,744414,3505,3973,747919,748387,ok,747919,2524226.5,0,0.7319,0.5418,0.788,0.7149,0.4379,0.3994,11328660.0,0.2228,1,1.0,0,0.0,80.96,82.0,24.91,42.0,117.0,RAS
s0607,lung_lower_lobe_left,1,0.9906,0.9814,201622,2929,896,204551,202518,ok,204551,690359.62,0,0.2521,0.4073,0.9156,0.3915,0.3639,0.2249,2902554.0,0.2378,2,1.0,1,0.017,-793.24,-829.0,144.29,-923.0,-491.0,RAS
s0607,lung_lower_lobe_right,1,0.9967,0.9935,283367,950,902,284317,284269,ok,284317,959569.88,0,0.7496,0.4309,0.9276,0.4723,0.3787,0.2396,3884112.0,0.2471,2,1.0,1,0.0193,-755.12,-792.0,150.76,-913.0,-454.0,RAS
s0607,lung_middle_lobe_right,1,0.995,0.99,96260,512,465,96772,96725,ok,96772,326605.5,0,0.6986,0.6416,0.9547,0.4596,0.2278,0.1302,1234926.0,0.2645,1,1.0,1,0.043,-842.05,-864.0,114.93,-984.0,-609.0,RAS
s0607,lung_upper_lobe_left,1,0.9829,0.9665,88219,899,2163,89118,90382,ok,89118,300773.25,0,0.1971,0.5993,0.9506,0.4213,0.2574,0.1509,1482512.62,0.2029,2,1.0,1,0.0445,-837.96,-866.0,122.83,-968.0,-586.0,RAS
s0607,lung_upper_lobe_right,0,0.7437,0.592,251,141,32,392,283,ok,392,1323.0,0,0.5259,0.694,0.9951,0.3021,0.0296,0.0118,9585.0,0.138,3,0.9872,1,0.5663,-934.6,-1024.0,126.85,-1024.0,-659.75,RAS
s0607,pancreas,1,0.9719,0.9453,20441,705,478,21146,20919,ok,21146,71367.75,0,0.4993,0.5673,0.6624,0.3106,0.0947,0.1716,457272.0,0.1561,1,1.0,0,0.0,81.62,81.0,67.04,16.0,124.0,RAS
s0607,portal_vein_and_splenic_vein,0,0.9393,0.8855,10410,957,389,11367,10799,ok,11367,38363.62,0,0.5348,0.5436,0.7381,0.583,0.2604,0.1509,2075139.0,0.0185,1,1.0,0,0.0,136.99,143.0,40.26,61.0,193.0,RAS
s0607,prostate,0,0.8917,0.8045,6865,513,1155,7378,8020,ok,7378,24900.75,0,0.5277,0.4788,0.1218,0.1277,0.0621,0.0651,46777.5,0.5323,1,1.0,0,0.0,59.23,52.0,67.43,9.0,108.0,RAS
s0607,pulmonary_vein,0,0.9148,0.8429,848,137,21,985,869,ok,985,3324.38,0,0.5546,0.453,0.9865,0.3362,0.0473,0.0266,38394.0,0.0866,2,0.7766,1,0.0132,88.12,96.0,144.89,-8.6,254.0,RAS
s0607,rib_left_10,1,0.9852,0.9709,7514,106,119,7620,7633,ok,7620,25717.5,0,0.1802,0.3672,0.8096,0.417,0.2692,0.2337,2377761.75,0.0108,1,1.0,0,0.0,394.62,363.0,220.57,82.95,814.05,RAS
s0607,rib_left_11,1,0.9816,0.9639,4536,118,52,4654,4588,ok,4654,15707.25,0,0.2294,0.3251,0.741,0.4,0.1627,0.2308,1361002.5,0.0115,2,0.9983,0,0.0,371.45,346.5,202.88,83.65,744.35,RAS
s0607,rib_left_12,0,0.9269,0.8638,1770,258,21,2028,1791,ok,2028,6844.5,0,0.337,0.3147,0.6816,0.234,0.0562,0.1834,218666.25,0.0313,1,1.0,0,0.0,330.17,312.0,154.19,103.0,627.65,RAS
s0607,rib_left_6,1,0.9545,0.913,1438,103,34,1541,1472,ok,1541,5200.88,0,0.1659,0.6733,0.9713,0.1191,0.0947,0.0621,63504.0,0.0819,1,1.0,1,0.0104,169.25,179.0,170.54,13.0,389.0,RAS
s0607,rib_left_7,1,0.9837,0.9678,3881,53,76,3934,3957,ok,3934,13277.25,0,0.0889,0.5964,0.9385,0.0979,0.213,0.1331,251505.0,0.0528,1,1.0,1,0.0104,219.09,232.0,189.28,9.0,477.0,RAS
s0607,rib_left_8,1,0.9822,0.965,5688,127,79,5815,5767,ok,5815,19625.62,0,0.1018,0.4755,0.9239,0.3234,0.3728,0.2041,2230011.0,0.0088,1,1.0,1,0.0103,279.14,286.0,194.41,51.0,540.0,RAS
s0607,rib_left_9,1,0.9896,0.9794,8731,96,88,8827,8819,ok,8827,29791.12,0,0.1671,0.395,0.8859,0.4,0.3314,0.2308,2771496.0,0.0107,1,1.0,0,0.0,362.16,338.0,217.24,48.3,775.7,RAS
s0607,rib_right_10,1,0.9816,0.9638,7352,59,217,7411,7569,ok,7411,25012.12,0,0.8603,0.3721,0.8015,0.3532,0.2899,0.2456,2278536.75,0.011,1,1.0,1,0.0,385.56,344.0,227.17,78.0,841.5,RAS
s0607,rib_right_11,1,0.9802,0.9611,4864,30,167,4894,5031,ok,4894,16517.25,0,0.8244,0.3403,0.724,0.3447,0.1864,0.2485,1446700.5,0.0114,2,0.9992,0,0.0,456.07,401.0,262.63,110.0,964.0,RAS
s0607,rib_right_12,1,0.982,0.9646,1798,35,31,1833,1829,ok,1833,6186.38,0,0.7247,0.3217,0.674,0.2213,0.0444,0.1775,157950.0,0.0392,1,1.0,0,0.0,358.02,346.0,154.42,133.0,640.2,RAS
s0607,rib_right_6,0,0.9411,0.8888,1767,191,30,1958,1797,ok,1958,6608.25,0,0.8566,0.6579,0.97,0.1574,0.1243,0.071,125874.0,0.0525,2,0.999,1,0.0128,182.71,189.0,183.4,21.0,424.0,RAS
s0607,rib_right_7,1,0.9781,0.9572,4021,128,52,4149,4073,ok,4149,14002.88,0,0.924,0.591,0.933,0.1234,0.2337,0.1509,394338.38,0.0355,1,1.0,1,0.0063,224.08,218.0,161.69,43.4,467.0,RAS
s0607,rib_right_8,1,0.9833,0.9672,7043,156,83,7199,7126,ok,7199,24296.62,0,0.9038,0.447,0.9234,0.3106,0.3728,0.2219,2328243.75,0.0104,1,1.0,1,0.0092,292.14,286.0,203.86,69.0,585.0,RAS
s0607,rib_right_9,1,0.9825,0.9656,8737,34,277,8771,9014,ok,8771,29602.12,0,0.8732,0.3972,0.8694,0.3574,0.3462,0.2544,2852577.0,0.0104,1,1.0,1,0.0,386.79,366.0,214.71,71.0,801.5,RAS
s0607,sacrum,1,0.9635,0.9297,59659,1711,2803,61370,62462,ok,61370,207123.75,0,0.5281,0.3158,0.2925,0.3574,0.1598,0.3107,1607445.0,0.1289,34,0.9989,0,0.0,188.59,133.0,200.82,-23.0,615.0,RAS
s0607,small_bowel,1,0.9691,0.94,355442,8743,13947,364185,369389,ok,364185,1229124.38,0,0.3731,0.5844,0.4698,0.8128,0.2959,0.426,9282600.0,0.1324,17,0.9986,0,0.0,20.63,69.0,181.68,-186.0,157.0,RAS
s0607,spinal_cord,1,0.9704,0.9425,17204,881,168,18085,17372,ok,18085,61036.88,0,0.5211,0.3522,0.6297,0.0723,0.0799,0.6568,343905.75,0.1775,1,1.0,1,0.0,21.5,22.0,31.94,-29.0,72.0,RAS
s0607,spleen,1,0.995,0.9901,98101,433,552,98534,98653,ok,98534,332552.25,0,0.1755,0.3977,0.7328,0.2936,0.2012,0.2485,1330182.0,0.25,1,1.0,0,0.0,102.14,105.0,27.01,53.0,140.0,RAS
s0607,sternum,0,0.8002,0.6669,945,225,247,1170,1192,ok,1170,3948.75,0,0.5069,0.7122,0.9767,0.0723,0.0355,0.0651,15147.0,0.2607,1,1.0,1,0.0846,165.66,239.5,386.64,-1024.0,532.0,RAS
s0607,stomach,1,0.9878,0.9759,138134,1636,1774,139770,139908,ok,139770,471723.75,0,0.3522,0.5756,0.7761,0.4298,0.3077,0.2071,2481570.0,0.1901,1,1.0,0,0.0,-7.14,78.0,263.9,-894.0,129.0,RAS
s0607,urinary_bladder,1,0.9715,0.9446,36524,1557,586,38081,37110,ok,38081,128523.38,0,0.5193,0.5137,0.1916,0.2043,0.142,0.1036,272160.0,0.4722,1,1.0,0,0.0,19.96,16.0,103.07,-46.0,67.0,RAS
s0607,vertebrae_L1,1,0.9932,0.9866,19862,54,216,19916,20078,ok,19916,67216.5,0,0.5261,0.3796,0.6889,0.2426,0.1775,0.1036,403987.5,0.1664,1,1.0,0,0.0,276.11,205.0,210.72,79.0,743.25,RAS
s0607,vertebrae_L2,1,0.9923,0.9847,22156,37,308,22193,22464,ok,22193,74901.38,0,0.5223,0.3837,0.6153,0.2723,0.1864,0.1065,489888.0,0.1529,1,1.0,0,0.0,309.16,228.0,237.4,81.0,840.0,RAS
s0607,vertebrae_L3,1,0.9938,0.9876,25877,57,268,25934,26145,ok,25934,87527.25,0,0.517,0.3903,0.5405,0.3319,0.1923,0.0976,564671.25,0.155,1,1.0,0,0.0,290.86,211.0,229.9,71.0,795.35,RAS
s0607,vertebrae_L4,1,0.9926,0.9854,25362,44,333,25406,25695,ok,25406,85745.25,0,0.512,0.397,0.4666,0.2979,0.1893,0.0917,468720.0,0.1829,1,1.0,0,0.0,311.69,248.0,226.73,73.0,794.0,RAS
s0607,vertebrae_L5,1,0.9928,0.9857,24818,113,248,24931,25066,ok,24931,84142.12,0,0.5112,0.3897,0.4059,0.3106,0.1775,0.1036,517387.5,0.1626,1,1.0,0,0.0,314.77,237.0,238.5,71.0,833.0,RAS
s0607,vertebrae_S1,1,0.9605,0.9241,17089,576,828,17665,17917,ok,17665,59619.38,0,0.518,0.3572,0.3499,0.1915,0.1361,0.1036,244518.75,0.2438,1,1.0,0,0.0,276.21,224.0,199.53,55.0,719.0,RAS
s0607,vertebrae_T10,1,0.9937,0.9875,14289,79,102,14368,14391,ok,14368,48492.0,0,0.533,0.3585,0.8802,0.1872,0.1598,0.1095,296703.0,0.1634,2,0.9997,0,0.0,290.1,220.0,212.23,87.0,762.0,RAS
s0607,vertebrae_T11,1,0.9935,0.9872,15154,49,148,15203,15302,ok,15203,51310.12,0,0.53,0.3698,0.8209,0.1617,0.1686,0.1095,270479.25,0.1897,1,1.0,0,0.0,268.49,200.0,193.3,83.0,689.0,RAS
s0607,vertebrae_T12,1,0.9925,0.9852,16812,48,205,16860,17017,ok,16860,56902.5,0,0.5276,0.3787,0.7578,0.1574,0.1686,0.0947,227772.0,0.2498,1,1.0,0,0.0,268.61,202.0,208.6,71.0,744.0,RAS
s0607,vertebrae_T7,1,0.9791,0.959,281,5,7,286,288,ok,286,965.25,0,0.529,0.2781,0.9806,0.0213,0.0355,0.0385,2632.5,0.3667,1,1.0,1,0.0,393.73,384.0,122.8,229.0,607.0,RAS
s0607,vertebrae_T8,1,0.9899,0.98,6775,81,57,6856,6832,ok,6856,23139.0,0,0.5314,0.348,0.979,0.183,0.145,0.0858,206222.62,0.1122,1,1.0,1,0.0,290.75,231.0,198.92,95.0,727.25,RAS
s0607,vertebrae_T9,1,0.9931,0.9863,12776,42,135,12818,12911,ok,12818,43260.75,0,0.532,0.3506,0.9355,0.1915,0.1479,0.1213,311343.75,0.1389,1,1.0,0,0.0,272.81,212.0,204.19,75.0,728.0,RAS
s0572,autochthon_left,1,0.9552,0.9142,15259,148,1284,15407,16543,ok,15407,51998.62,0,0.4271,0.2859,0.1824,0.1297,0.2486,0.3759,186300.0,0.2791,1,1.0,1,0.016,34.58,39.0,28.33,-20.0,73.0,RAS
s0572,autochthon_right,1,0.9682,0.9384,15237,292,708,15529,15945,ok,15529,52410.38,0,0.5753,0.2879,0.1757,0.1351,0.2649,0.3835,210853.12,0.2486,1,1.0,1,0.0179,38.83,43.0,26.78,-11.0,74.0,RAS
s0572,brachiocephalic_vein_left,0,0.0,0.0,0,262,0,262,0,false_positive,262,884.25,0,0.3848,0.5746,0.0098,0.0541,0.0595,0.0376,1856.25,0.4764,1,1.0,1,0.2977,71.73,69.5,35.88,11.05,133.95,RAS
s0572,brachiocephalic_vein_right,0,0.5469,0.3763,70,111,5,181,75,ok,181,610.88,0,0.6197,0.5826,0.009,0.0432,0.0541,0.0376,1350.0,0.4525,1,1.0,1,0.3204,133.17,132.0,47.67,57.0,209.0,RAS
s0572,brain,0,0.8476,0.7355,32583,8269,3449,40852,36032,ok,40852,137875.5,0,0.5259,0.3829,0.9338,0.3946,0.4054,0.1805,443475.0,0.3109,3,0.9784,1,0.0786,52.78,51.0,21.32,23.0,87.45,RAS
s0572,clavicula_left,1,0.9702,0.9421,6958,337,91,7295,7049,ok,7295,24620.62,0,0.1508,0.5738,0.1569,0.4216,0.2486,0.3459,557037.0,0.0442,2,0.9979,1,0.0528,623.95,588.0,339.24,143.7,1239.3,RAS
s0572,clavicula_right,1,0.948,0.9012,7807,613,243,8420,8050,ok,8420,28417.5,0,0.8211,0.5956,0.1757,0.4432,0.2378,0.3459,560142.0,0.0507,1,1.0,1,0.0419,613.21,581.0,344.85,112.0,1230.0,RAS
s0572,common_carotid_artery_left,0,0.9449,0.8955,977,61,53,1038,1030,ok,1038,3503.25,0,0.4188,0.5753,0.1849,0.0541,0.0865,0.4436,31860.0,0.11,1,1.0,1,0.0222,90.51,99.0,43.39,7.85,145.0,RAS
s0572,common_carotid_artery_right,1,0.9493,0.9036,1162,87,37,1249,1199,ok,1249,4215.38,0,0.5872,0.5854,0.2079,0.0865,0.0486,0.4286,27702.0,0.1522,1,1.0,1,0.004,96.79,100.0,35.13,33.4,150.0,RAS
s0572,esophagus,1,0.9563,0.9162,3530,77,246,3607,3776,ok,3607,12173.62,0,0.4672,0.519,0.1187,0.0919,0.1676,0.2707,64030.5,0.1901,1,1.0,1,0.028,-288.62,-160.0,361.86,-924.0,114.0,RAS
s0572,humerus_left,0,0.0,0.0,0,0,224,0,224,miss,0,0.0,1,,,,0.0,0.0,0.0,0.0,0.0,0,0.0,0,0.0,,,,,,RAS
s0572,lung_lower_lobe_left,0,0.0,0.0,0,42,0,42,0,false_positive,42,141.75,0,0.314,0.2687,0.0007,0.0973,0.027,0.015,607.5,0.2333,1,1.0,1,0.9048,-570.57,-574.0,133.18,-779.6,-371.15,RAS
s0572,lung_upper_lobe_left,1,0.9888,0.9779,23557,428,105,23985,23662,ok,23985,80949.38,0,0.3076,0.4113,0.0498,0.3027,0.3135,0.1579,230202.0,0.3516,1,1.0,1,0.0903,-764.61,-814.0,134.57,-880.0,-439.0,RAS
s0572,lung_upper_lobe_right,1,0.9886,0.9775,19903,392,67,20295,19970,ok,20295,68495.62,0,0.6603,0.4216,0.0435,0.3568,0.3027,0.1429,237006.0,0.289,3,0.9999,1,0.0985,-761.81,-813.0,134.96,-876.0,-441.0,RAS
s0572,rib_left_1,1,0.9734,0.9482,1869,20,82,1889,1951,ok,1889,6375.38,0,0.2771,0.4785,0.1178,0.1622,0.1514,0.2406,90720.0,0.0703,1,1.0,1,0.0275,446.9,417.0,168.29,240.0,783.2,RAS
s0572,rib_left_2,1,0.9615,0.9258,2320,143,43,2463,2363,ok,2463,8312.62,0,0.219,0.3908,0.0914,0.2541,0.1676,0.188,122934.38,0.0676,1,1.0,1,0.0365,332.6,317.0,124.87,162.0,549.0,RAS
s0572,rib_left_3,1,0.9601,0.9233,1517,79,47,1596,1564,ok,1596,5386.5,0,0.2496,0.277,0.0403,0.2432,0.1027,0.0902,34627.5,0.1556,1,1.0,1,0.0583,315.79,309.0,106.07,156.0,504.25,RAS
s0572,rib_right_1,0,0.9179,0.8482,1855,185,147,2040,2002,ok,2040,6885.0,0,0.7145,0.4837,0.097,0.1622,0.173,0.2406,103680.0,0.0664,1,1.0,1,0.052,510.43,470.0,226.64,216.0,995.1,RAS
s0572,rib_right_2,1,0.9777,0.9564,1866,56,29,1922,1895,ok,1922,6486.75,0,0.7432,0.3613,0.0811,0.2162,0.1297,0.1729,74520.0,0.087,1,1.0,1,0.0432,393.44,383.0,127.49,204.05,627.95,RAS
s0572,rib_right_3,0,0.9091,0.8333,610,97,25,707,635,ok,707,2386.12,0,0.6699,0.2541,0.0206,0.1405,0.0595,0.0677,8687.25,0.2747,1,1.0,1,0.1669,339.8,336.0,115.83,154.9,530.0,RAS
s0572,scapula_left,0,0.9409,0.8884,11576,1120,334,12696,11910,ok,12696,42849.0,0,0.0817,0.3171,0.1409,0.2324,0.4378,0.2632,411429.38,0.1041,2,0.9999,1,0.0752,346.89,317.0,202.69,62.0,721.0,RAS
s0572,scapula_right,1,0.9647,0.9317,15653,672,475,16325,16128,ok,16325,55096.88,0,0.9202,0.3672,0.1386,0.2432,0.4811,0.2782,500124.38,0.1102,1,1.0,1,0.0622,348.33,308.0,219.44,65.0,784.0,RAS
s0572,skull,1,0.9725,0.9465,113212,2922,3479,116134,116691,ok,116134,391952.25,0,0.5306,0.543,0.8322,0.5405,0.7405,0.4962,3051675.0,0.1284,5,0.9999,1,0.0184,718.55,599.0,631.51,22.0,1711.0,RAS
s0572,spinal_cord,1,0.9576,0.9187,9178,787,25,9965,9203,ok,9965,33631.88,0,0.5123,0.4584,0.4458,0.0919,0.2541,0.8271,296628.75,0.1134,1,1.0,1,0.0065,29.08,31.0,36.96,-35.0,86.0,RAS
s0572,subclavian_artery_left,0,0.9451,0.8959,1385,99,62,1484,1447,ok,1484,5008.5,0,0.2727,0.52,0.0681,0.2865,0.0919,0.1353,54735.75,0.0915,1,1.0,1,0.0175,74.49,85.0,56.84,-32.85,143.0,RAS
s0572,subclavian_artery_right,0,0.8483,0.7365,928,212,120,1140,1048,ok,1140,3847.5,0,0.6205,0.5418,0.0543,0.2378,0.0541,0.1128,22275.0,0.1727,1,1.0,1,0.0535,74.84,77.0,44.27,-1.0,141.0,RAS
s0572,thyroid_gland,0,0.9259,0.862,3472,265,291,3737,3763,ok,3737,12612.38,0,0.5196,0.6153,0.2253,0.1838,0.1189,0.2331,78259.5,0.1612,2,0.6588,0,0.0,141.18,144.0,32.23,90.0,178.0,RAS
s0572,trachea,1,0.9811,0.9629,5808,66,158,5874,5966,ok,5874,19824.75,0,0.4964,0.5696,0.12,0.0973,0.2162,0.2782,89910.0,0.2205,1,1.0,1,0.03,-852.97,-947.0,196.16,-1003.0,-391.0,RAS
s0572,vertebrae_C1,0,0.9118,0.8379,5045,87,889,5132,5934,ok,5132,17320.5,0,0.5171,0.494,0.7674,0.3027,0.1784,0.1429,118503.0,0.1462,3,0.9996,0,0.0,491.04,434.0,247.36,188.0,1009.45,RAS
s0572,vertebrae_C2,1,0.9763,0.9538,7286,238,115,7524,7401,ok,7524,25393.5,0,0.5194,0.5098,0.6855,0.227,0.2054,0.2406,172368.0,0.1473,1,1.0,0,0.0,500.0,444.0,247.18,198.0,1007.7,RAS
s0572,vertebrae_C3,1,0.9673,0.9367,4852,96,232,4948,5084,ok,4948,16699.5,0,0.5217,0.5267,0.5856,0.2162,0.1784,0.1654,98010.0,0.1704,5,0.9988,0,0.0,520.56,480.0,216.86,231.0,924.65,RAS
s0572,vertebrae_C4,1,0.9691,0.94,4859,183,127,5042,4986,ok,5042,17016.75,0,0.516,0.5239,0.5019,0.2162,0.1784,0.1579,93555.0,0.1819,2,0.9978,0,0.0,544.95,499.0,211.51,274.0,958.95,RAS
s0572,vertebrae_C5,1,0.9693,0.9404,5332,110,228,5442,5560,ok,5442,18366.75,0,0.5135,0.5158,0.4175,0.2216,0.1892,0.1654,106548.75,0.1724,2,0.9998,0,0.0,528.75,500.0,190.5,276.0,882.0,RAS
s0572,vertebrae_C6,1,0.9642,0.9309,6234,298,165,6532,6399,ok,6532,22045.5,0,0.5132,0.4997,0.3341,0.2378,0.227,0.1805,149688.0,0.1473,1,1.0,0,0.0,453.23,424.0,169.42,229.0,773.45,RAS
s0572,vertebrae_C7,1,0.9519,0.9081,7285,476,261,7761,7546,ok,7761,26193.38,0,0.5113,0.4595,0.253,0.2703,0.2432,0.2331,235406.25,0.1113,1,1.0,0,0.0,421.26,387.0,184.63,172.0,765.0,RAS
s0572,vertebrae_T1,0,0.705,0.5444,5688,4407,353,10095,6041,ok,10095,34070.62,0,0.5064,0.4072,0.1739,0.2865,0.2595,0.2481,283338.0,0.1202,1,1.0,0,0.0,402.84,357.0,182.52,179.0,752.0,RAS
s0572,vertebrae_T2,0,0.2633,0.1516,1983,6984,4114,8967,6097,low_dice,8967,30263.62,0,0.4995,0.3479,0.0898,0.2757,0.2865,0.2105,255433.5,0.1185,1,1.0,1,0.0239,381.05,343.0,183.13,135.0,743.0,RAS
s0572,vertebrae_T3,0,0.2051,0.1143,1157,2217,6749,3374,7906,low_dice,3374,11387.25,0,0.4902,0.2764,0.0303,0.2486,0.2162,0.1053,86940.0,0.131,1,1.0,1,0.1301,378.51,335.0,219.12,100.0,809.0,RAS
s0572,vertebrae_T4,0,0.0197,0.01,21,5,2083,26,2104,low_dice,26,87.75,0,0.5979,0.2445,0.0081,0.0216,0.0324,0.0301,324.0,0.2708,1,1.0,1,0.3846,267.88,207.5,151.28,117.0,584.5,RAS
s0546,adrenal_gland_left,0,0.9452,0.8961,1276,52,96,1328,1372,ok,1328,4482.0,0,0.385,0.4145,0.5051,0.0526,0.0757,0.048,27324.0,0.164,1,1.0,0,0.0,51.59,55.0,38.53,-20.65,107.0,RAS
s0546,adrenal_gland_right,0,0.9439,0.8938,1406,32,135,1438,1541,ok,1438,4853.25,0,0.5599,0.3872,0.519,0.0428,0.0921,0.0568,31941.0,0.1519,1,1.0,0,0.0,40.26,45.0,40.28,-33.0,98.0,RAS
s0546,aorta,1,0.9879,0.976,80734,1207,778,81941,81512,ok,81941,276550.88,0,0.46,0.4263,0.7037,0.1382,0.227,0.548,2454968.25,0.1126,1,1.0,0,0.0,139.35,135.0,97.02,53.0,184.0,RAS
s0546,atrial_appendage_left,1,0.951,0.9066,1893,118,77,2011,1970,ok,2011,6787.12,0,0.4022,0.4697,0.7451,0.0658,0.0658,0.0459,28350.0,0.2394,1,1.0,0,0.0,78.78,81.0,49.71,-3.0,154.0,RAS
s0546,autochthon_left,1,0.9838,0.9682,176049,3079,2710,179128,178759,ok,179128,604557.0,0,0.4149,0.2094,0.539,0.1809,0.2039,0.7838,4131641.25,0.1463,1,1.0,1,0.0015,28.3,35.0,38.55,-50.0,77.0,RAS
s0546,autochthon_right,1,0.9823,0.9653,180383,4047,2435,184430,182818,ok,184430,622451.25,0,0.5542,0.2134,0.5448,0.1875,0.2039,0.7795,4258028.0,0.1462,1,1.0,1,0.0016,25.81,33.0,40.36,-58.0,77.0,RAS
s0546,brachiocephalic_trunk,1,0.9711,0.9438,1764,75,30,1839,1794,ok,1839,6206.62,0,0.5042,0.4785,0.8892,0.0724,0.0592,0.0502,30739.5,0.2019,1,1.0,0,0.0,120.53,133.0,39.41,43.0,168.0,RAS
s0546,brachiocephalic_vein_left,1,0.9543,0.9126,4447,135,291,4582,4738,ok,4582,15464.25,0,0.4665,0.5018,0.8833,0.1579,0.0855,0.1157,223236.0,0.0693,1,1.0,0,0.0,105.01,117.0,51.01,0.0,167.0,RAS
s0546,brachiocephalic_vein_right,0,0.9014,0.8205,2619,121,452,2740,3071,ok,2740,9247.5,0,0.55,0.4602,0.8976,0.0658,0.0428,0.0873,35100.0,0.2635,1,1.0,0,0.0,134.35,150.0,55.69,24.0,193.0,RAS
s0546,clavicula_left,1,0.9927,0.9854,7633,47,66,7680,7699,ok,7680,25920.0,0,0.3727,0.4852,0.9597,0.1447,0.1809,0.0873,326700.0,0.0793,1,1.0,1,0.0225,493.69,383.0,375.87,64.0,1230.0,RAS
s0546,clavicula_right,1,0.9526,0.9096,7302,201,525,7503,7827,ok,7503,25322.62,0,0.5981,0.4675,0.963,0.1809,0.2599,0.0873,586575.0,0.0432,3,0.9852,1,0.0409,534.89,422.0,439.47,26.0,1298.0,RAS
s0546,colon,0,0.9243,0.8593,380882,22691,39659,403573,420541,ok,403573,1362058.88,0,0.4683,0.4751,0.3419,0.6184,0.4605,0.5306,21585690.0,0.0631,8,0.9999,0,0.0,-223.3,-32.0,381.83,-985.0,79.0,RAS
s0546,common_carotid_artery_left,1,0.9782,0.9574,1664,34,40,1698,1704,ok,1698,5730.75,0,0.4433,0.4552,0.9288,0.0526,0.0592,0.1288,57348.0,0.0999,1,1.0,1,0.0147,106.62,118.0,49.65,11.0,171.0,RAS
s0546,common_carotid_artery_right,1,0.9484,0.9019,892,40,57,932,949,ok,932,3145.5,0,0.5423,0.4509,0.9495,0.0428,0.0428,0.0873,22815.0,0.1379,1,1.0,1,0.0182,120.03,124.0,35.83,54.0,171.45,RAS
s0546,costal_cartilages,0,0.9323,0.8732,61677,3471,5489,65148,67166,ok,65148,219874.5,0,0.4856,0.6408,0.6952,0.6316,0.2072,0.4214,7879032.0,0.0279,25,0.41,0,0.0,204.98,127.0,213.21,59.0,721.0,RAS
s0546,duodenum,0,0.905,0.8265,17241,2237,1383,19478,18624,ok,19478,65738.25,0,0.5146,0.4935,0.4453,0.2105,0.1053,0.1179,373248.0,0.1761,1,1.0,0,0.0,70.62,80.0,71.62,13.0,124.0,RAS
s0546,esophagus,1,0.9754,0.952,13666,350,339,14016,14005,ok,14016,47304.0,0,0.4737,0.4051,0.7722,0.0757,0.1118,0.3865,467147.25,0.1013,1,1.0,0,0.0,-33.18,35.0,230.81,-664.25,106.0,RAS
s0546,femur_left,1,0.9921,0.9843,71607,104,1036,71711,72643,ok,71711,242024.62,0,0.2425,0.3764,0.0866,0.2138,0.1645,0.1703,855562.5,0.2829,1,1.0,1,0.0068,355.29,244.0,359.98,-12.0,1238.0,RAS
s0546,femur_right,1,0.9937,0.9876,71525,154,747,71679,72272,ok,71679,241916.62,0,0.7564,0.3761,0.0891,0.2105,0.1612,0.1747,846720.0,0.2857,1,1.0,1,0.0066,359.24,246.0,364.56,-20.0,1238.0,RAS
s0546,gallbladder,1,0.9619,0.9266,4280,229,110,4509,4390,ok,4509,15217.88,0,0.6902,0.5439,0.4949,0.1184,0.125,0.0437,92340.0,0.1648,1,1.0,0,0.0,26.06,24.0,26.74,-14.0,72.0,RAS
s0546,gluteus_maximus_left,1,0.9857,0.9718,178795,2613,2570,181408,181365,ok,181408,612252.0,0,0.2971,0.224,0.1084,0.3224,0.2007,0.2817,2602671.75,0.2352,1,1.0,1,0.0091,15.58,18.0,31.04,-40.0,62.0,RAS
s0546,gluteus_maximus_right,1,0.9841,0.9688,202164,3938,2574,206102,204738,ok,206102,695594.25,0,0.709,0.2315,0.1217,0.3487,0.1908,0.2948,2801182.5,0.2483,1,1.0,1,0.008,14.24,17.0,32.44,-44.0,62.0,RAS
s0546,gluteus_medius_left,1,0.9783,0.9575,87415,2555,1322,89970,88737,ok,89970,303648.75,0,0.2197,0.3123,0.2319,0.2237,0.2599,0.214,1776789.0,0.1709,1,1.0,0,0.0,34.0,38.0,34.35,-28.0,80.0,RAS
s0546,gluteus_medius_right,1,0.9814,0.9634,90324,1889,1539,92213,91863,ok,92213,311218.88,0,0.7773,0.3283,0.2387,0.2401,0.25,0.2314,1984797.0,0.1568,1,1.0,0,0.0,32.39,36.0,32.64,-26.0,78.0,RAS
s0546,gluteus_minimus_left,1,0.9678,0.9377,21396,547,875,21943,22271,ok,21943,74057.62,0,0.2254,0.3766,0.1944,0.1184,0.1678,0.1288,365593.5,0.2026,1,1.0,0,0.0,38.78,42.0,37.72,-29.0,92.0,RAS
s0546,gluteus_minimus_right,1,0.9712,0.944,20794,555,679,21349,21473,ok,21349,72052.88,0,0.7625,0.3762,0.2048,0.1283,0.1645,0.1441,434362.5,0.1659,1,1.0,0,0.0,41.37,44.0,44.25,-30.0,96.0,RAS
s0546,heart,1,0.9746,0.9505,154981,3414,4649,158395,159630,ok,158395,534583.12,0,0.4419,0.5168,0.6951,0.2928,0.273,0.1921,2193939.0,0.2437,1,1.0,0,0.0,109.93,115.0,35.57,44.0,158.0,RAS
s0546,hip_left,1,0.9915,0.9831,146635,1456,1062,148091,147697,ok,148091,499807.12,0,0.3354,0.335,0.1917,0.3421,0.3651,0.3341,5961033.0,0.0838,1,1.0,0,0.0,354.06,260.0,302.12,21.0,1002.0,RAS
s0546,hip_right,1,0.9904,0.9811,143368,1287,1481,144655,144849,ok,144655,488210.62,0,0.6584,0.3396,0.2026,0.3289,0.3586,0.3362,5665275.0,0.0862,1,1.0,0,0.0,347.61,255.0,299.12,22.0,985.0,RAS
s0546,humerus_left,1,0.9807,0.9621,7783,74,233,7857,8016,ok,7857,26517.38,0,0.1748,0.371,0.9876,0.1086,0.1184,0.0306,56133.0,0.4724,1,1.0,1,0.113,250.18,226.0,140.9,58.0,528.0,RAS
s0546,humerus_right,1,0.9822,0.9651,12800,133,330,12933,13130,ok,12933,43648.88,0,0.7911,0.3761,0.9821,0.1053,0.125,0.0437,82080.0,0.5318,1,1.0,1,0.0715,211.73,184.0,158.42,6.0,530.0,RAS
s0546,iliac_artery_left,1,0.9526,0.9096,4969,117,377,5086,5346,ok,5086,17165.25,0,0.3962,0.4452,0.2319,0.1447,0.125,0.2424,626373.0,0.0274,1,1.0,0,0.0,138.86,122.0,136.73,48.0,210.5,RAS
s0546,iliac_artery_right,1,0.9636,0.9298,4929,115,257,5044,5186,ok,5044,17023.5,0,0.5755,0.4537,0.2383,0.227,0.1086,0.2424,853021.12,0.02,1,1.0,0,0.0,146.65,124.0,141.83,66.0,271.25,RAS
s0546,iliac_vena_left,1,0.9605,0.924,11216,428,495,11644,11711,ok,11644,39298.5,0,0.4118,0.4164,0.218,0.1711,0.1711,0.2336,976482.0,0.0402,1,1.0,0,0.0,72.56,73.0,29.05,27.0,115.0,RAS
s0546,iliac_vena_right,0,0.9444,0.8947,9305,321,774,9626,10079,ok,9626,32487.75,0,0.5814,0.4223,0.2243,0.1678,0.1447,0.2293,795217.5,0.0409,1,1.0,0,0.0,77.21,78.0,24.42,37.0,117.0,RAS
s0546,iliopsoas_left,1,0.976,0.9531,92619,1851,2711,94470,95330,ok,94470,318836.25,0,0.3287,0.3946,0.2593,0.2039,0.2237,0.4585,2988090.0,0.1067,1,1.0,0,0.0,51.63,53.0,42.28,-4.0,99.0,RAS
s0546,iliopsoas_right,1,0.9741,0.9496,85341,2786,1744,88127,87085,ok,88127,297428.62,0,0.6438,0.4004,0.2605,0.2368,0.2204,0.4629,3451572.0,0.0862,1,1.0,0,0.0,47.72,51.0,35.55,-14.0,97.0,RAS
s0546,inferior_vena_cava,1,0.9707,0.9431,26828,490,1130,27318,27958,ok,27318,92198.25,0,0.5241,0.4452,0.5026,0.0987,0.0855,0.3472,418567.5,0.2203,1,1.0,0,0.0,93.38,91.0,39.83,39.0,153.0,RAS
s0546,kidney_left,1,0.9927,0.9856,66475,383,588,66858,67063,ok,66858,225645.75,0,0.3092,0.3576,0.4384,0.1612,0.1743,0.1769,709954.88,0.3178,1,1.0,0,0.0,124.8,131.0,37.36,52.0,175.0,RAS
s0546,kidney_right,1,0.993,0.9861,57085,342,464,57427,57549,ok,57427,193816.12,0,0.6294,0.3677,0.4245,0.1349,0.1645,0.1769,560418.75,0.3458,1,1.0,0,0.0,129.41,135.0,37.11,57.0,180.0,RAS
s0546,liver,1,0.9953,0.9906,526301,2441,2548,528742,528849,ok,528742,1784504.25,0,0.6621,0.471,0.5443,0.4474,0.4408,0.2467,6950178.0,0.2568,1,1.0,0,0.0,99.18,100.0,24.75,59.0,136.0,RAS
s0546,lung_lower_lobe_left,1,0.9969,0.9938,491258,1676,1367,492934,492625,ok,492934,1663652.25,0,0.3091,0.3399,0.664,0.2928,0.4276,0.345,6169702.5,0.2696,3,1.0,0,0.0,-789.37,-821.0,127.88,-899.0,-556.0,RAS
s0546,lung_lower_lobe_right,1,0.9953,0.9906,433488,1460,2645,434948,436133,ok,434948,1467949.5,0,0.6506,0.3402,0.6631,0.3388,0.4243,0.2882,5919358.5,0.248,5,1.0,0,0.0,-764.39,-808.0,145.99,-884.0,-457.0,RAS
s0546,lung_middle_lobe_right,1,0.9887,0.9777,165736,1109,2671,166845,168407,ok,166845,563101.88,0,0.6627,0.5301,0.691,0.3257,0.2632,0.1638,2004750.0,0.2809,1,1.0,0,0.0,-837.7,-866.0,117.06,-925.0,-636.0,RAS
s0546,lung_upper_lobe_left,1,0.9973,0.9946,545498,891,2053,546389,547551,ok,546389,1844062.88,0,0.3188,0.4641,0.799,0.3125,0.4046,0.3843,6940890.0,0.2657,1,1.0,0,0.0,-813.07,-842.0,119.91,-909.0,-602.0,RAS
s0546,lung_upper_lobe_right,1,0.9951,0.9903,478126,2917,1780,481043,479906,ok,481043,1623520.12,0,0.6377,0.4204,0.8245,0.3158,0.4178,0.2424,4567428.0,0.3555,5,1.0,0,0.0,-806.49,-835.0,119.74,-896.0,-605.0,RAS
s0546,pancreas,1,0.9781,0.9572,23908,596,474,24504,24382,ok,24504,82701.0,0,0.451,0.5038,0.4915,0.2599,0.1546,0.1201,689225.62,0.12,1,1.0,0,0.0,78.43,81.0,29.75,27.0,122.0,RAS
s0546,portal_vein_and_splenic_vein,0,0.9426,0.8915,9853,488,711,10341,10564,ok,10341,34900.88,0,0.5218,0.4821,0.5193,0.4474,0.2401,0.0852,1306773.0,0.0267,1,1.0,0,0.0,128.65,134.0,36.06,59.0,178.0,RAS
s0546,prostate,0,0.9293,0.868,8802,343,996,9145,9798,ok,9145,30864.38,0,0.5,0.3605,0.0961,0.0954,0.0789,0.048,51678.0,0.5972,1,1.0,0,0.0,40.94,41.0,31.33,-11.0,92.0,RAS
s0546,pulmonary_vein,1,0.9687,0.9393,6531,165,257,6696,6788,ok,6696,22599.0,0,0.4742,0.4161,0.7262,0.273,0.1086,0.1026,434473.88,0.052,3,0.5242,0,0.0,116.44,129.0,57.54,7.0,185.0,RAS
s0546,rib_left_1,1,0.9541,0.9122,5144,56,439,5200,5583,ok,5200,17550.0,0,0.3486,0.4453,0.9363,0.0954,0.2237,0.0917,279531.0,0.0628,1,1.0,0,0.0,440.09,409.0,238.37,100.0,896.0,RAS
s0546,rib_left_10,1,0.9854,0.9711,5082,92,59,5174,5141,ok,5174,17462.25,0,0.2425,0.2862,0.5777,0.2763,0.3224,0.1943,2472687.0,0.0071,1,1.0,0,0.0,413.45,395.0,196.96,128.65,760.35,RAS
s0546,rib_left_11,1,0.989,0.9782,3318,33,41,3351,3359,ok,3351,11309.62,0,0.287,0.2456,0.5442,0.25,0.1612,0.1507,867226.5,0.013,1,1.0,0,0.0,416.59,389.0,195.4,141.5,776.0,RAS
s0546,rib_left_12,1,0.9756,0.9524,1500,25,50,1525,1550,ok,1525,5146.88,0,0.3437,0.2381,0.5135,0.1809,0.0526,0.0939,127710.0,0.0403,1,1.0,0,0.0,355.32,343.0,121.98,186.2,587.0,RAS
s0546,rib_left_2,1,0.9715,0.9445,5530,59,266,5589,5796,ok,5589,18862.88,0,0.305,0.4187,0.9184,0.1513,0.3092,0.0961,642114.0,0.0294,1,1.0,0,0.0,316.52,299.0,163.5,81.0,630.0,RAS
s0546,rib_left_3,1,0.9851,0.9707,6269,147,42,6416,6311,ok,6416,21654.0,0,0.2748,0.4138,0.8734,0.1908,0.3783,0.1135,1170585.0,0.0185,1,1.0,0,0.0,308.4,284.0,162.25,89.0,609.0,RAS
s0546,rib_left_4,1,0.9799,0.9606,7771,73,246,7844,8017,ok,7844,26473.5,0,0.2536,0.4222,0.8272,0.2072,0.4309,0.1397,1782648.0,0.0149,1,1.0,0,0.0,336.05,308.0,185.73,79.0,684.0,RAS
s0546,rib_left_5,1,0.9708,0.9432,8853,136,397,8989,9250,ok,8989,30337.88,0,0.2471,0.4147,0.7822,0.2171,0.4605,0.1638,2338875.0,0.013,2,0.9999,0,0.0,345.21,317.0,194.93,83.0,715.0,RAS
s0546,rib_left_6,1,0.9805,0.9618,9835,110,281,9945,10116,ok,9945,33564.38,0,0.2351,0.3932,0.7379,0.2336,0.4572,0.1943,2964401.0,0.0113,2,0.9999,0,0.0,357.42,318.0,221.95,52.0,776.0,RAS
s0546,rib_left_7,1,0.9879,0.9761,8901,127,91,9028,8992,ok,9028,30469.5,0,0.2219,0.3701,0.6976,0.2533,0.4507,0.2162,3524684.5,0.0086,1,1.0,0,0.0,356.11,319.0,219.74,58.0,776.0,RAS
s0546,rib_left_8,1,0.981,0.9628,7040,202,70,7242,7110,ok,7242,24441.75,0,0.226,0.3342,0.6605,0.2632,0.4145,0.2205,3436020.0,0.0071,1,1.0,0,0.0,386.98,349.0,217.84,88.0,791.95,RAS
s0546,rib_left_9,1,0.9835,0.9675,6947,122,111,7069,7058,ok,7069,23857.88,0,0.2299,0.3152,0.6211,0.2632,0.3816,0.2074,2975400.0,0.008,1,1.0,0,0.0,433.75,401.0,244.92,80.0,875.6,RAS
s0546,rib_right_1,1,0.9511,0.9067,4684,24,458,4708,5142,ok,4708,15889.5,0,0.6054,0.4365,0.9364,0.102,0.2138,0.0895,278825.62,0.057,1,1.0,0,0.0,478.67,446.0,256.33,125.35,998.3,RAS
s0546,rib_right_10,1,0.9875,0.9753,5006,90,37,5096,5043,ok,5096,17199.0,0,0.7342,0.2792,0.5748,0.2664,0.3158,0.1856,2230740.0,0.0077,1,1.0,0,0.0,442.58,419.5,211.86,135.75,833.25,RAS
s0546,rib_right_11,1,0.9888,0.9779,3587,28,53,3615,3640,ok,3615,12200.62,0,0.6955,0.2455,0.5373,0.2303,0.1711,0.1638,921375.0,0.0132,1,1.0,0,0.0,470.59,432.0,225.09,165.0,906.3,RAS
s0546,rib_right_12,1,0.9782,0.9574,1439,45,19,1484,1458,ok,1484,5008.5,0,0.6278,0.2388,0.5048,0.1579,0.0526,0.0939,111456.0,0.0449,1,1.0,0,0.0,391.98,378.0,132.93,200.0,629.7,RAS
s0546,rib_right_2,1,0.9734,0.9482,4977,162,110,5139,5087,ok,5139,17344.12,0,0.6492,0.4069,0.9235,0.1579,0.2862,0.0961,620136.0,0.028,5,0.9982,0,0.0,313.72,301.0,153.67,83.0,593.1,RAS
s0546,rib_right_3,1,0.9756,0.9523,5908,203,93,6111,6001,ok,6111,20624.62,0,0.6825,0.4087,0.884,0.1974,0.3618,0.1135,1158300.0,0.0178,1,1.0,0,0.0,285.49,270.0,143.68,75.0,553.0,RAS
s0546,rib_right_4,1,0.9851,0.9706,8034,90,153,8124,8187,ok,8124,27418.5,0,0.7083,0.4119,0.8399,0.2138,0.4243,0.1332,1726261.88,0.0159,1,1.0,0,0.0,359.34,335.0,191.55,86.15,696.85,RAS
s0546,rib_right_5,1,0.9807,0.9622,8907,112,238,9019,9145,ok,9019,30439.12,0,0.7196,0.3959,0.7956,0.2204,0.4441,0.1485,2075827.5,0.0147,2,0.9999,0,0.0,364.91,332.0,203.45,87.0,744.0,RAS
s0546,rib_right_6,1,0.9764,0.9539,10258,51,445,10309,10703,ok,10309,34792.88,0,0.7326,0.381,0.7469,0.2303,0.4572,0.1703,2561422.5,0.0136,1,1.0,0,0.0,425.28,391.0,254.38,76.4,890.0,RAS
s0546,rib_right_7,1,0.9848,0.97,10254,70,247,10324,10501,ok,10324,34843.5,0,0.7459,0.3614,0.7006,0.2599,0.4605,0.1987,3396802.5,0.0103,1,1.0,0,0.0,389.03,349.0,230.87,86.0,827.0,RAS
s0546,rib_right_8,1,0.9838,0.9681,7763,109,147,7872,7910,ok,7872,26568.0,0,0.7496,0.3283,0.6623,0.2664,0.4112,0.2074,3246328.0,0.0082,1,1.0,0,0.0,385.42,352.0,219.6,86.0,792.0,RAS
s0546,rib_right_9,1,0.9771,0.9553,7027,110,219,7137,7246,ok,7137,24087.38,0,0.7449,0.3094,0.6236,0.2599,0.3849,0.1965,2807561.25,0.0086,1,1.0,0,0.0,444.91,418.0,245.52,87.0,898.2,RAS
s0546,sacrum,1,0.9707,0.943,61693,2444,1286,64137,62979,ok,64137,216462.38,0,0.4946,0.22,0.2262,0.2533,0.2039,0.2336,1724010.75,0.1256,32,0.9992,0,0.0,203.99,153.0,221.81,-50.0,658.0,RAS
s0546,scapula_left,1,0.9767,0.9545,40201,1570,348,41771,40549,ok,41771,140977.12,0,0.226,0.2769,0.9057,0.2566,0.2072,0.2533,1923831.0,0.0733,1,1.0,1,0.013,401.42,326.0,312.99,32.0,1042.0,RAS
s0546,scapula_right,1,0.9766,0.9542,40845,1541,420,42386,41265,ok,42386,143052.75,0,0.739,0.269,0.9057,0.2664,0.2401,0.2576,2354852.25,0.0607,4,0.9999,1,0.007,411.18,342.0,301.53,43.0,1022.75,RAS
s0546,skull,0,0.7059,0.5455,30,0,25,30,55,ok,30,101.25,0,0.5001,0.675,0.9978,0.0592,0.0099,0.0022,182.25,0.5556,2,0.7,1,1.0,213.93,220.5,45.81,143.9,273.55,RAS
s0546,small_bowel,0,0.9069,0.8296,318600,42848,22583,361448,341183,ok,361448,1219887.0,0,0.4246,0.5171,0.3443,0.5822,0.2434,0.3013,6100393.5,0.2,20,0.9991,0,0.0,-7.53,58.0,215.88,-534.0,111.0,RAS
s0546,spinal_cord,1,0.9723,0.9462,26686,1122,396,27808,27082,ok,27808,93852.0,0,0.4844,0.2841,0.6293,0.0592,0.1842,0.7598,1183896.0,0.0793,1,1.0,1,0.0028,27.51,28.0,35.22,-29.0,83.0,RAS
s0546,spleen,1,0.9902,0.9805,44728,229,659,44957,45387,ok,44957,151729.88,0,0.2674,0.3263,0.5254,0.2007,0.1711,0.131,642330.0,0.2362,1,1.0,0,0.0,83.7,87.0,28.32,31.0,121.0,RAS
s0546,sternum,1,0.964,0.9306,28866,702,1452,29568,30318,ok,29568,99792.0,0,0.4823,0.5907,0.8336,0.1414,0.1546,0.2729,852609.38,0.117,1,1.0,0,0.0,327.53,250.5,269.24,21.0,856.0,RAS
s0546,stomach,1,0.9867,0.9737,167371,2205,2315,169576,169686,ok,169576,572319.0,0,0.3917,0.5525,0.5558,0.3388,0.3092,0.1441,2156665.5,0.2654,1,1.0,0,0.0,-100.43,37.0,340.93,-976.0,104.0,RAS
s0546,subclavian_artery_left,1,0.9709,0.9434,2851,46,125,2897,2976,ok,2897,9777.38,0,0.3946,0.4282,0.9284,0.2138,0.0592,0.0895,161898.75,0.0604,1,1.0,0,0.0,96.5,106.0,59.6,3.0,156.0,RAS
s0546,subclavian_artery_right,1,0.9639,0.9302,2227,55,112,2282,2339,ok,2282,7701.75,0,0.577,0.4201,0.9437,0.1743,0.0625,0.059,91762.88,0.0839,1,1.0,0,0.0,114.42,114.0,97.38,22.0,185.0,RAS
s0546,superior_vena_cava,0,0.9149,0.8431,4821,837,60,5658,4881,ok,5658,19095.75,0,0.5345,0.467,0.8013,0.0428,0.0822,0.1201,60328.12,0.3165,1,1.0,0,0.0,114.85,120.0,40.05,37.0,170.0,RAS
s0546,thyroid_gland,1,0.9641,0.9306,10035,560,188,10595,10223,ok,10595,35758.12,0,0.4921,0.4682,0.9603,0.1513,0.0724,0.0786,122958.0,0.2908,1,1.0,1,0.0132,139.83,139.0,36.71,87.0,187.0,RAS
s0546,trachea,1,0.9735,0.9483,14336,116,666,14452,15002,ok,14452,48775.5,0,0.49,0.4231,0.8559,0.2105,0.1151,0.214,740880.0,0.0658,1,1.0,0,0.0,-903.52,-966.0,163.11,-1013.0,-487.0,RAS
s0546,urinary_bladder,1,0.9661,0.9345,52640,1500,2191,54140,54831,ok,54140,182722.5,0,0.5204,0.4017,0.1532,0.1842,0.1842,0.0873,423360.0,0.4316,1,1.0,0,0.0,12.58,14.0,34.3,-43.0,63.0,RAS
s0546,vertebrae_C6,1,0.9787,0.9584,852,19,18,871,870,ok,871,2939.62,0,0.4759,0.4173,0.9938,0.1217,0.0461,0.0175,13986.0,0.2102,3,0.9656,1,0.2905,480.9,478.0,135.17,269.0,718.5,RAS
s0546,vertebrae_C7,1,0.9867,0.9738,5805,82,74,5887,5879,ok,5887,19868.62,0,0.478,0.3788,0.9855,0.1776,0.1283,0.0415,135047.25,0.1471,1,1.0,1,0.0803,436.95,401.0,218.38,125.0,835.7,RAS
s0546,vertebrae_L1,1,0.9951,0.9902,23132,71,158,23203,23290,ok,23203,78310.12,0,0.4801,0.3155,0.4982,0.1809,0.2072,0.0808,432691.88,0.181,1,1.0,0,0.0,326.54,263.0,217.16,103.0,791.0,RAS
s0546,vertebrae_L2,1,0.9942,0.9884,25498,92,207,25590,25705,ok,25590,86366.25,0,0.4724,0.3275,0.446,0.2007,0.227,0.083,539804.25,0.16,2,1.0,0,0.0,369.59,290.0,255.56,112.0,932.0,RAS
s0546,vertebrae_L3,1,0.9929,0.9859,26544,69,310,26613,26854,ok,26613,89818.88,0,0.4668,0.3403,0.3945,0.2204,0.2336,0.0786,577975.5,0.1554,3,0.9997,0,0.0,374.27,303.0,256.23,100.0,922.0,RAS
s0546,vertebrae_L4,1,0.9905,0.9812,28233,29,512,28262,28745,ok,28262,95384.25,0,0.4724,0.3474,0.3427,0.2105,0.25,0.0742,558144.0,0.1709,1,1.0,0,0.0,385.16,313.0,262.54,99.0,936.0,RAS
s0546,vertebrae_L5,1,0.9924,0.9849,25710,45,348,25755,26058,ok,25755,86923.12,0,0.485,0.3214,0.2942,0.2105,0.2204,0.0939,622296.0,0.1397,1,1.0,0,0.0,363.49,286.0,252.55,102.0,915.0,RAS
s0546,vertebrae_S1,1,0.9598,0.9228,16500,277,1104,16777,17604,ok,16777,56622.38,0,0.4915,0.284,0.2565,0.1283,0.1743,0.0764,244164.38,0.2319,1,1.0,0,0.0,333.2,283.0,211.56,79.0,777.0,RAS
s0546,vertebrae_T1,1,0.9891,0.9785,9319,81,124,9400,9443,ok,9400,31725.0,0,0.4748,0.3423,0.9649,0.1875,0.1711,0.059,270094.5,0.1175,2,0.9999,0,0.0,415.19,365.0,212.92,154.0,846.05,RAS
s0546,vertebrae_T10,1,0.9941,0.9882,16389,94,101,16483,16490,ok,16483,55630.12,0,0.492,0.2841,0.6387,0.1414,0.1875,0.0808,306068.62,0.1818,2,0.9997,0,0.0,370.8,298.0,241.71,124.0,905.8,RAS
s0546,vertebrae_T11,1,0.9929,0.986,18282,81,179,18363,18461,ok,18363,61975.12,0,0.4926,0.297,0.5955,0.1184,0.1908,0.0742,239598.0,0.2587,1,1.0,0,0.0,331.73,263.0,230.35,97.0,822.0,RAS
s0546,vertebrae_T12,1,0.9944,0.9888,19376,83,136,19459,19512,ok,19459,65674.12,0,0.4876,0.3115,0.5489,0.125,0.1941,0.0808,279969.75,0.2346,3,0.9999,0,0.0,343.5,261.0,252.28,100.0,918.0,RAS
s0546,vertebrae_T2,1,0.974,0.9494,8681,360,103,9041,8784,ok,9041,30513.38,0,0.474,0.3202,0.9342,0.1645,0.1809,0.0655,278437.5,0.1096,1,1.0,0,0.0,376.59,333.0,207.31,120.0,806.0,RAS
s0546,vertebrae_T3,1,0.974,0.9493,8928,83,394,9011,9322,ok,9011,30412.12,0,0.4834,0.3016,0.9011,0.1447,0.1809,0.0655,245025.0,0.1241,1,1.0,0,0.0,407.82,361.0,228.18,123.0,868.0,RAS
s0546,vertebrae_T4,1,0.981,0.9628,9852,287,94,10139,9946,ok,10139,34219.12,0,0.4929,0.2879,0.8679,0.1513,0.1809,0.0808,315933.75,0.1083,3,0.9986,0,0.0,360.23,311.0,205.18,120.0,780.1,RAS
s0546,vertebrae_T5,1,0.9741,0.9495,10895,274,305,11169,11200,ok,11169,37695.38,0,0.4943,0.2728,0.8322,0.1546,0.1776,0.0917,359761.5,0.1048,3,0.9996,0,0.0,380.57,324.0,223.91,116.4,840.6,RAS
s0546,vertebrae_T6,1,0.9565,0.9166,11105,694,317,11799,11422,ok,11799,39821.62,0,0.4928,0.2631,0.7954,0.1546,0.1776,0.0983,385458.75,0.1033,1,1.0,0,0.0,390.53,325.0,237.34,123.0,887.0,RAS
s0546,vertebrae_T7,1,0.9696,0.941,12008,53,700,12061,12708,ok,12061,40705.88,0,0.488,0.262,0.7571,0.1447,0.1809,0.1004,375705.0,0.1083,1,1.0,0,0.0,365.99,303.0,226.38,118.0,850.0,RAS
s0546,vertebrae_T8,1,0.994,0.988,13638,89,76,13727,13714,ok,13727,46328.62,0,0.4866,0.2667,0.7192,0.1447,0.1941,0.0939,376744.5,0.123,1,1.0,0,0.0,357.06,290.0,229.19,117.0,856.0,RAS
s0546,vertebrae_T9,1,0.9932,0.9865,15530,71,142,15601,15672,ok,15601,52653.38,0,0.4895,0.273,0.6795,0.148,0.1908,0.0873,352350.0,0.1494,1,1.0,0,0.0,362.72,291.0,236.0,115.0,874.0,RAS
s0544,adrenal_gland_left,0,0.5504,0.3797,306,491,9,797,315,ok,797,2689.88,0,0.3906,0.4815,0.1671,0.0741,0.0741,0.2299,17280.0,0.1557,1,1.0,0,0.0,27.69,26.0,85.63,-115.0,176.2,RAS
s0544,adrenal_gland_right,0,0.8712,0.7718,744,77,143,821,887,ok,821,2770.88,0,0.6213,0.4055,0.2046,0.0463,0.1111,0.2529,17820.0,0.1555,1,1.0,0,0.0,13.03,10.0,85.52,-125.0,152.0,RAS
s0544,aorta,1,0.9508,0.9062,20404,760,1353,21164,21757,ok,21164,71428.5,0,0.4708,0.3824,0.517,0.1389,0.1713,0.9885,322177.5,0.2217,1,1.0,1,0.0112,27.65,27.0,79.78,-100.0,157.0,RAS
s0544,autochthon_left,1,0.9763,0.9537,40161,956,995,41117,41156,ok,41117,138769.88,0,0.3976,0.1363,0.4184,0.2222,0.1343,1.0,408726.0,0.3395,1,1.0,1,0.0209,37.86,39.0,70.82,-79.0,152.0,RAS
s0544,autochthon_right,1,0.9659,0.934,36704,1787,808,38491,37512,ok,38491,129907.12,0,0.5864,0.1327,0.4331,0.2083,0.1204,1.0,343541.25,0.3781,1,1.0,1,0.0225,42.72,43.0,70.27,-73.0,156.0,RAS
s0544,colon,0,0.9098,0.8346,35438,2757,4266,38195,39704,ok,38195,128908.12,0,0.3778,0.73,0.1315,0.7454,0.3704,0.3563,1347570.0,0.0957,6,0.7708,1,0.0329,-536.35,-870.0,475.19,-1022.0,120.0,RAS
s0544,costal_cartilages,0,0.9434,0.8929,26787,750,2462,27537,29249,ok,27537,92937.38,0,0.4844,0.762,0.6243,0.8194,0.2222,1.0,2494638.0,0.0373,18,0.4867,1,0.0144,117.55,110.0,86.29,23.0,215.0,RAS
s0544,duodenum,0,0.0,0.0,0,1280,0,1280,0,false_positive,1280,4320.0,0,0.6544,0.625,0.0897,0.0787,0.0741,0.2069,16524.0,0.2614,1,1.0,1,0.0594,84.02,86.0,77.73,-44.0,210.0,RAS
s0544,esophagus,0,0.9143,0.8421,4538,122,729,4660,5267,ok,4660,15727.5,0,0.4577,0.4406,0.6705,0.0741,0.1435,0.5287,77004.0,0.2042,1,1.0,1,0.0086,13.59,14.0,68.45,-98.0,126.0,RAS
s0544,gallbladder,0,0.7558,0.6074,4247,2709,36,6956,4283,ok,6956,23476.5,0,0.7311,0.6873,0.1084,0.0972,0.1574,0.2414,50604.75,0.4639,1,1.0,1,0.0371,15.87,16.0,69.34,-96.0,130.0,RAS
s0544,heart,1,0.9618,0.9263,99533,3836,4079,103369,103612,ok,103369,348870.38,0,0.4184,0.5889,0.8244,0.375,0.3102,0.4138,659380.5,0.5291,1,1.0,1,0.0239,32.86,33.0,62.26,-69.0,133.0,RAS
s0544,iliopsoas_right,0,0.8657,0.7632,58,12,6,70,64,ok,70,236.25,0,0.6152,0.2841,0.0232,0.0185,0.0278,0.069,486.0,0.4861,1,1.0,1,0.2,43.6,37.5,94.57,-114.75,210.55,RAS
s0544,inferior_vena_cava,0,0.9176,0.8478,13951,396,2109,14347,16060,ok,14347,48421.12,0,0.5843,0.4817,0.4626,0.1435,0.1019,0.931,186441.75,0.2597,1,1.0,1,0.0098,31.36,31.0,80.84,-95.0,158.0,RAS
s0544,kidney_left,0,0.9463,0.8981,8121,832,89,8953,8210,ok,8953,30216.38,0,0.2677,0.3669,0.0624,0.1574,0.1667,0.1954,70227.0,0.4303,1,1.0,1,0.099,29.8,28.0,78.45,-97.0,161.0,RAS
s0544,liver,1,0.9787,0.9583,400159,6163,11257,406322,411416,ok,406322,1371336.75,0,0.7325,0.5202,0.3772,0.6111,0.588,0.8506,4186809.0,0.3275,2,1.0,1,0.0105,49.57,49.0,70.24,-66.0,165.0,RAS
s0544,lung_lower_lobe_left,1,0.9977,0.9955,306039,701,688,306740,306727,ok,306740,1035247.5,0,0.2306,0.3639,0.6507,0.4028,0.5787,0.9195,2936250.0,0.3526,1,1.0,1,0.0138,-848.28,-885.0,150.11,-984.0,-556.0,RAS
s0544,lung_lower_lobe_right,1,0.9967,0.9934,245673,497,1131,246170,246804,ok,246170,830823.75,0,0.7368,0.3355,0.7162,0.4861,0.5694,0.931,3530638.0,0.2353,2,1.0,1,0.0221,-836.09,-870.0,147.14,-977.0,-556.0,RAS
s0544,lung_middle_lobe_right,1,0.9938,0.9878,55366,523,163,55889,55529,ok,55889,188625.38,0,0.7239,0.6627,0.8483,0.4213,0.2593,0.5057,756756.0,0.2493,3,1.0,1,0.0501,-899.47,-919.0,97.93,-1002.0,-713.0,RAS
s0544,lung_upper_lobe_left,1,0.995,0.99,51589,194,328,51783,51917,ok,51783,174767.62,0,0.1886,0.634,0.791,0.3148,0.2963,0.6552,837216.0,0.2087,1,1.0,1,0.0435,-900.85,-920.0,99.65,-1004.0,-724.0,RAS
s0544,lung_upper_lobe_right,0,0.8148,0.6875,44,0,20,44,64,ok,44,148.5,0,0.5293,0.7328,0.9864,0.0787,0.0139,0.023,344.25,0.4314,1,1.0,1,0.8182,-893.59,-914.0,111.82,-1022.4,-686.25,RAS
s0544,pancreas,0,0.552,0.3812,4190,6565,236,10755,4426,ok,10755,36298.12,0,0.4115,0.5788,0.1166,0.3333,0.162,0.2644,195615.0,0.1856,2,0.9986,1,0.0142,43.19,42.0,85.15,-96.0,186.0,RAS
s0544,portal_vein_and_splenic_vein,0,0.4487,0.2892,153,242,134,395,287,low_dice,395,1333.12,0,0.4553,0.5145,0.1802,0.4769,0.1296,0.1839,155736.0,0.0086,3,0.4962,0,0.0,48.47,53.0,68.29,-57.0,155.0,RAS
s0544,rib_left_10,1,0.9906,0.9814,4702,44,45,4746,4747,ok,4746,16017.75,0,0.1692,0.2311,0.5071,0.3565,0.3704,0.8966,1621620.0,0.0099,1,1.0,1,0.007,534.89,469.0,383.42,31.25,1287.0,RAS
s0544,rib_left_11,1,0.9837,0.968,2449,58,23,2507,2472,ok,2507,8461.12,0,0.2459,0.1813,0.3264,0.3056,0.1574,0.6092,401395.5,0.0211,1,1.0,1,0.0124,517.49,448.0,353.12,30.6,1183.0,RAS
s0544,rib_left_12,1,0.9572,0.9179,850,67,9,917,859,ok,917,3094.88,0,0.3613,0.2006,0.1355,0.1389,0.0509,0.3218,31185.0,0.0992,1,1.0,1,0.0349,501.03,456.0,274.99,117.6,1010.4,RAS
s0544,rib_left_6,1,0.9731,0.9477,1920,45,61,1965,1981,ok,1965,6631.88,0,0.1403,0.6884,0.8462,0.1528,0.1759,0.3678,135432.0,0.049,1,1.0,1,0.0402,345.71,252.0,343.28,-30.0,1029.0,RAS
s0544,rib_left_7,1,0.9845,0.9695,3177,54,46,3231,3223,ok,3231,10904.62,0,0.074,0.5889,0.7313,0.1065,0.3241,0.6092,287988.75,0.0379,1,1.0,1,0.0226,430.78,370.0,295.73,74.0,1055.5,RAS
s0544,rib_left_8,1,0.9892,0.9786,3661,63,17,3724,3678,ok,3724,12568.5,0,0.0674,0.4774,0.6226,0.0926,0.4537,0.8621,496125.0,0.0253,1,1.0,1,0.0228,411.24,325.5,338.3,-5.0,1077.85,RAS
s0544,rib_left_9,1,0.9822,0.965,4824,157,18,4981,4842,ok,4981,16810.88,0,0.1139,0.3136,0.62,0.3056,0.5046,1.0,2112338.25,0.008,1,1.0,1,0.0221,438.21,359.0,337.86,23.0,1103.0,RAS
s0544,rib_right_10,1,0.9845,0.9695,5247,69,96,5316,5343,ok,5316,17941.5,0,0.8402,0.2535,0.5517,0.3796,0.4398,0.931,2129591.25,0.0084,1,1.0,1,0.0043,498.52,431.0,364.57,19.0,1225.25,RAS
s0544,rib_right_11,1,0.9799,0.9605,3042,24,101,3066,3143,ok,3066,10347.75,0,0.7815,0.1854,0.3911,0.338,0.1991,0.6782,625053.38,0.0166,1,1.0,1,0.0101,537.19,475.5,379.89,17.0,1244.0,RAS
s0544,rib_right_12,1,0.9771,0.9551,1171,13,42,1184,1213,ok,1184,3996.0,0,0.6912,0.1701,0.1496,0.1759,0.0556,0.3448,46170.0,0.0865,1,1.0,1,0.0321,491.73,453.0,321.69,36.3,1088.85,RAS
s0544,rib_right_6,1,0.9622,0.9271,674,36,17,710,691,ok,710,2396.25,0,0.7935,0.7276,0.9474,0.0926,0.0694,0.1379,12150.0,0.1972,1,1.0,1,0.1493,282.48,258.0,179.95,32.45,607.0,RAS
s0544,rib_right_7,1,0.9817,0.964,2627,56,42,2683,2669,ok,2683,9055.12,0,0.887,0.6407,0.795,0.1343,0.2593,0.4598,219240.0,0.0413,1,1.0,1,0.0324,373.56,297.0,339.84,-12.0,1057.9,RAS
s0544,rib_right_8,1,0.9747,0.9507,3532,89,94,3621,3626,ok,3621,12220.88,0,0.9148,0.5204,0.6854,0.1111,0.4306,0.7011,459513.0,0.0266,1,1.0,1,0.0257,405.1,307.0,335.97,11.0,1085.0,RAS
s0544,rib_right_9,1,0.986,0.9724,4717,106,28,4823,4745,ok,4823,16277.62,0,0.8888,0.3278,0.693,0.3056,0.5046,0.8736,1845261.0,0.0088,1,1.0,1,0.0249,417.57,345.0,339.05,-6.0,1097.8,RAS
s0544,scapula_left,0,0.0,0.0,0,0,83,0,83,miss,0,0.0,1,,,,0.0,0.0,0.0,0.0,0.0,0,0.0,0,0.0,,,,,,RAS
s0544,small_bowel,0,0.7624,0.6161,1826,907,231,2733,2057,ok,2733,9223.88,0,0.3088,0.6487,0.0192,0.2315,0.1157,0.069,25312.5,0.3644,1,1.0,1,0.2521,60.91,61.0,81.29,-70.0,195.0,RAS
s0544,spinal_cord,1,0.972,0.9456,7285,182,237,7467,7522,ok,7467,25201.12,0,0.5051,0.2187,0.4204,0.088,0.1065,1.0,128314.12,0.1964,1,1.0,1,0.02,18.09,17.0,84.98,-114.0,147.7,RAS
s0544,spleen,1,0.9726,0.9466,37267,1647,454,38914,37721,ok,38914,131334.75,0,0.1632,0.415,0.2355,0.2315,0.2593,0.5057,415800.0,0.3159,1,1.0,1,0.0163,43.64,44.0,68.41,-68.0,155.0,RAS
s0544,sternum,0,0.8628,0.7587,434,5,133,439,567,ok,439,1481.62,0,0.4648,0.7612,0.9039,0.037,0.037,0.2184,4104.0,0.361,1,1.0,1,0.0683,275.68,250.0,224.86,-25.2,692.5,RAS
s0544,stomach,0,0.9091,0.8333,89156,14446,3391,103602,92547,ok,103602,349656.75,0,0.3845,0.6318,0.3123,0.4259,0.3981,0.5287,1228338.0,0.2847,1,1.0,0,0.0,-33.54,54.0,300.31,-946.0,199.0,RAS
s0544,vertebrae_L1,1,0.9858,0.972,15361,306,136,15667,15497,ok,15667,52876.12,0,0.5208,0.2958,0.1088,0.2639,0.2593,0.2759,258552.0,0.2045,3,0.9992,1,0.0149,253.2,192.0,255.83,-26.0,788.0,RAS
s0544,vertebrae_L2,0,0.5732,0.4018,45,11,56,56,101,ok,56,189.0,0,0.5097,0.403,0.0025,0.0741,0.037,0.0345,1296.0,0.1458,6,0.7857,1,0.8393,583.02,567.5,119.08,410.0,769.25,RAS
s0544,vertebrae_T10,1,0.9891,0.9785,12216,79,189,12295,12405,ok,12295,41495.62,0,0.4953,0.2284,0.8026,0.1852,0.2454,0.3678,228960.0,0.1812,1,1.0,1,0.0,324.93,233.0,303.39,17.0,993.0,RAS
s0544,vertebrae_T11,1,0.9906,0.9813,13556,22,236,13578,13792,ok,13578,45825.75,0,0.505,0.2342,0.5766,0.1713,0.2407,0.3563,201298.5,0.2277,2,0.9999,0,0.0,317.85,229.0,294.96,22.0,981.0,RAS
s0544,vertebrae_T12,1,0.9862,0.9728,14673,48,363,14721,15036,ok,14721,49683.38,0,0.5153,0.2533,0.337,0.162,0.2454,0.4253,231643.12,0.2145,2,0.9997,0,0.0,340.41,274.0,282.43,30.0,967.0,RAS
s0544,vertebrae_T8,0,0.0,0.0,0,0,27,0,27,miss,0,0.0,1,,,,0.0,0.0,0.0,0.0,0.0,0,0.0,0,0.0,,,,,,RAS
s0544,vertebrae_T9,0,0.9354,0.8787,3977,387,162,4364,4139,ok,4364,14728.5,0,0.4894,0.2197,0.9513,0.1898,0.25,0.2299,149445.0,0.0986,4,0.6418,1,0.1542,365.02,269.0,300.73,44.0,1018.85,RAS
s0506,autochthon_left,1,0.9865,0.9733,33174,548,363,33722,33537,ok,33722,113811.75,0,0.4221,0.2749,0.8639,0.1905,0.1558,0.4124,390258.0,0.2916,1,1.0,1,0.0285,43.32,51.0,34.54,-35.0,83.0,RAS
s0506,autochthon_right,1,0.9829,0.9664,35916,834,414,36750,36330,ok,36750,124031.25,0,0.5886,0.2716,0.8553,0.2165,0.1602,0.4124,455793.75,0.2721,1,1.0,1,0.0248,37.53,48.0,39.62,-54.0,82.0,RAS
s0506,colon,0,0.922,0.8552,143419,7849,16428,151268,159847,ok,151268,510529.5,0,0.5089,0.5525,0.7057,0.645,0.355,0.7401,5401883.0,0.0945,12,0.7295,1,0.007,-397.31,-217.0,414.12,-1002.0,47.0,RAS
s0506,duodenum,0,0.4646,0.3026,46,104,2,150,48,low_dice,150,506.25,0,0.5483,0.5931,0.9904,0.0519,0.039,0.0169,1093.5,0.463,1,1.0,1,0.4867,40.69,41.0,14.33,17.0,62.55,RAS
s0506,femur_left,1,0.9861,0.9726,51761,614,846,52375,52607,ok,52375,176765.62,0,0.1943,0.4922,0.2406,0.2035,0.1991,0.4463,576443.25,0.3066,1,1.0,1,0.0078,291.97,222.0,245.51,44.0,897.0,RAS
s0506,femur_right,1,0.9938,0.9877,62552,643,137,63195,62689,ok,63195,213283.12,0,0.8241,0.45,0.2267,0.2641,0.2208,0.4294,797971.5,0.2673,1,1.0,1,0.0066,276.54,204.0,240.66,32.0,857.0,RAS
s0506,gluteus_maximus_left,1,0.9821,0.9649,144051,3314,1931,147365,145982,ok,147365,497356.88,0,0.273,0.3003,0.3521,0.3247,0.2165,0.8475,1898437.5,0.262,1,1.0,1,0.0033,54.92,56.0,19.82,22.0,86.0,RAS
s0506,gluteus_maximus_right,1,0.9867,0.9738,237559,3047,3355,240606,240914,ok,240606,812045.25,0,0.7611,0.269,0.3368,0.4762,0.2381,0.8362,3021975.0,0.2687,1,1.0,1,0.0075,49.76,51.0,21.81,15.0,82.0,RAS
s0506,gluteus_medius_left,1,0.9737,0.9487,49615,1284,1401,50899,51016,ok,50899,171784.12,0,0.2014,0.3995,0.7198,0.1991,0.2468,0.5537,867226.5,0.1981,1,1.0,0,0.0,56.1,58.0,21.01,22.0,86.0,RAS
s0506,gluteus_medius_right,1,0.9666,0.9354,111965,1882,5849,113847,117814,ok,113847,384233.62,0,0.8816,0.4097,0.6282,0.3117,0.342,0.6554,2226852.0,0.1725,2,1.0,1,0.0061,48.34,50.0,20.45,13.0,78.0,RAS
s0506,gluteus_minimus_left,1,0.95,0.9047,17720,491,1375,18211,19095,ok,18211,61462.12,0,0.1591,0.5069,0.5275,0.1385,0.2078,0.3503,321408.0,0.1912,1,1.0,0,0.0,50.65,60.0,95.15,12.0,94.0,RAS
s0506,gluteus_minimus_right,1,0.9674,0.9368,35449,1585,805,37034,36254,ok,37034,124989.75,0,0.8633,0.4811,0.5394,0.1688,0.2338,0.4294,540189.0,0.2314,1,1.0,0,0.0,37.5,39.0,22.35,0.0,71.0,RAS
s0506,hip_left,1,0.9907,0.9816,123395,562,1757,123957,125152,ok,123957,418354.88,0,0.2898,0.4575,0.5293,0.3939,0.4719,0.904,5356260.0,0.0781,1,1.0,1,0.0,343.02,265.0,242.89,75.0,860.0,RAS
s0506,hip_right,1,0.9887,0.9777,136094,968,2143,137062,138237,ok,137062,462584.25,0,0.7215,0.4415,0.525,0.4329,0.4762,0.887,5828625.0,0.0794,2,1.0,0,0.0,363.94,271.0,359.01,55.0,875.0,RAS
s0506,iliac_artery_left,0,0.8178,0.6917,3972,577,1193,4549,5165,ok,4549,15352.88,0,0.3856,0.5805,0.6482,0.2381,0.1688,0.7288,933879.38,0.0164,1,1.0,1,0.0077,40.05,41.0,22.09,4.0,72.0,RAS
s0506,iliac_artery_right,0,0.9236,0.858,5053,503,333,5556,5386,ok,5556,18751.5,0,0.632,0.5647,0.6599,0.2251,0.1602,0.7514,863635.5,0.0217,1,1.0,1,0.0076,41.39,41.0,20.32,11.0,70.0,RAS
s0506,iliac_vena_left,0,0.9323,0.8732,10761,1123,439,11884,11200,ok,11884,40108.5,0,0.4079,0.5392,0.6532,0.2554,0.2121,0.7119,1229397.75,0.0326,1,1.0,1,0.0,38.69,39.0,19.45,7.0,68.0,RAS
s0506,iliac_vena_right,0,0.9291,0.8675,9540,829,628,10369,10168,ok,10369,34995.38,0,0.6338,0.5328,0.6209,0.1515,0.2035,0.7175,705088.12,0.0496,1,1.0,0,0.0,39.57,40.0,18.27,9.0,69.0,RAS
s0506,iliopsoas_left,1,0.9803,0.9614,92703,824,2901,93527,95604,ok,93527,315653.62,0,0.2936,0.5392,0.6507,0.2944,0.2944,0.887,2450142.0,0.1288,1,1.0,1,0.0066,56.24,57.0,29.95,20.0,88.0,RAS
s0506,iliopsoas_right,1,0.9845,0.9694,94242,1658,1317,95900,95559,ok,95900,323662.5,0,0.7275,0.5161,0.6421,0.2597,0.2857,0.9266,2191860.0,0.1477,1,1.0,1,0.0067,53.31,55.0,22.16,19.0,85.0,RAS
s0506,inferior_vena_cava,0,0.7816,0.6416,281,148,9,429,290,ok,429,1447.88,0,0.5887,0.5219,0.9887,0.0736,0.0563,0.0226,2983.5,0.4853,1,1.0,1,0.373,39.54,39.0,16.01,13.4,65.6,RAS
s0506,prostate,0,0.8415,0.7263,8606,459,2784,9065,11390,ok,9065,30594.38,0,0.4919,0.4999,0.2809,0.1212,0.1082,0.1412,59062.5,0.518,1,1.0,0,0.0,40.12,40.0,23.0,4.0,76.0,RAS
s0506,sacrum,1,0.9803,0.9614,54031,791,1380,54822,55411,ok,54822,185024.25,0,0.4991,0.311,0.6383,0.355,0.2597,0.5932,1743525.0,0.1061,32,0.9986,0,0.0,209.23,167.0,173.58,14.0,568.0,RAS
s0506,small_bowel,0,0.7672,0.6223,48488,20896,8535,69384,57023,ok,69384,234171.0,0,0.4986,0.5392,0.6903,0.5887,0.29,0.5424,2952288.0,0.0793,31,0.6016,1,0.0075,-97.43,22.0,284.92,-940.0,66.0,RAS
s0506,spinal_cord,1,0.9681,0.9382,5268,88,259,5356,5527,ok,5356,18076.5,0,0.5097,0.3684,0.8557,0.0736,0.1082,0.3164,80325.0,0.225,1,1.0,1,0.0172,15.72,12.0,33.43,-29.0,73.0,RAS
s0506,urinary_bladder,1,0.9828,0.9661,44327,732,822,45059,45149,ok,45059,152074.12,0,0.5048,0.5822,0.4101,0.2165,0.1905,0.209,274725.0,0.5536,1,1.0,0,0.0,20.22,21.0,39.62,-19.0,62.0,RAS
s0506,vertebrae_L4,1,0.9934,0.9869,9624,25,103,9649,9727,ok,9649,32565.38,0,0.5226,0.4104,0.9654,0.1905,0.2511,0.1073,163647.0,0.199,2,0.9998,1,0.0985,343.55,277.0,213.88,124.0,817.0,RAS
s0506,vertebrae_L5,1,0.9927,0.9855,19562,28,259,19590,19821,ok,19590,66116.25,0,0.5123,0.417,0.8689,0.2597,0.2424,0.1808,362880.0,0.1822,1,1.0,0,0.0,319.05,247.0,220.72,103.0,841.0,RAS
s0506,vertebrae_S1,1,0.9756,0.9524,14781,553,186,15334,14967,ok,15334,51752.25,0,0.5063,0.3956,0.7499,0.1818,0.2121,0.1751,215318.25,0.2404,1,1.0,0,0.0,299.62,257.0,170.39,104.0,673.0,RAS
s0466,aorta,1,0.9613,0.9256,572,26,20,598,592,ok,598,2018.25,0,0.3914,0.4249,0.0057,0.0809,0.1445,0.028,4725.0,0.4271,1,1.0,1,0.4281,35.56,37.0,79.0,-97.0,167.0,RAS
s0466,autochthon_left,1,0.9697,0.9411,11361,406,305,11767,11666,ok,11767,39713.62,0,0.4107,0.2516,0.2382,0.1156,0.2775,0.4965,230040.0,0.1726,1,1.0,1,0.0136,24.46,30.0,99.91,-148.0,181.0,RAS
s0466,autochthon_right,1,0.9628,0.9283,11430,465,418,11895,11848,ok,11895,40145.62,0,0.5369,0.2565,0.2402,0.1156,0.289,0.4965,239625.0,0.1675,1,1.0,1,0.0142,23.0,29.0,106.45,-160.0,185.0,RAS
s0466,brachiocephalic_trunk,1,0.9583,0.9199,609,22,31,631,640,ok,631,2129.62,0,0.4934,0.5358,0.0609,0.0636,0.052,0.1119,5346.0,0.3984,1,1.0,1,0.019,61.19,63.0,66.72,-44.5,171.0,RAS
s0466,brachiocephalic_vein_left,0,0.9293,0.868,1348,98,107,1446,1455,ok,1446,4880.25,0,0.4343,0.5558,0.0709,0.1734,0.0983,0.1888,46473.75,0.105,1,1.0,1,0.0609,51.55,52.0,67.9,-58.0,165.75,RAS
s0466,brachiocephalic_vein_right,1,0.9696,0.9409,1688,32,74,1720,1762,ok,1720,5805.0,0,0.5517,0.5195,0.0617,0.0809,0.0867,0.1469,14883.75,0.39,1,1.0,1,0.0477,27.16,35.0,93.5,-94.0,141.0,RAS
s0466,brain,0,0.0,0.0,0,53425,0,53425,0,false_positive,53425,180309.38,0,0.5048,0.4273,0.9269,0.4277,0.4509,0.1888,525973.5,0.3428,5,0.983,1,0.0669,56.85,56.0,74.27,-65.0,180.0,RAS
s0466,clavicula_left,1,0.9845,0.9695,5399,104,66,5503,5465,ok,5503,18572.62,0,0.2185,0.5444,0.2217,0.422,0.1965,0.2657,318316.5,0.0583,1,1.0,1,0.0187,531.65,392.0,527.49,-86.0,1590.9,RAS
s0466,clavicula_right,1,0.9767,0.9545,5896,184,97,6080,5993,ok,6080,20520.0,0,0.7307,0.5422,0.2231,0.4393,0.2023,0.2867,368077.5,0.0557,1,1.0,0,0.0,508.63,378.0,510.22,-88.0,1527.0,RAS
s0466,common_carotid_artery_left,0,0.8552,0.747,942,254,65,1196,1007,ok,1196,4036.5,0,0.4225,0.5333,0.2241,0.0867,0.1098,0.5175,71178.75,0.0567,2,0.8729,1,0.0075,38.79,44.0,60.41,-62.25,133.25,RAS
s0466,common_carotid_artery_right,0,0.8109,0.6819,493,176,54,669,547,ok,669,2257.88,0,0.5244,0.538,0.2531,0.0925,0.0694,0.4196,38880.0,0.0581,2,0.9836,0,0.0,41.22,44.0,59.98,-53.0,136.0,RAS
s0466,costal_cartilages,0,0.8343,0.7157,501,165,34,666,535,ok,666,2247.75,0,0.4248,0.6166,0.0585,0.3064,0.0578,0.0839,21465.0,0.1047,2,0.6456,0,0.0,102.86,105.0,111.45,-53.25,267.0,RAS
s0466,esophagus,1,0.9687,0.9393,2908,145,43,3053,2951,ok,3053,10303.88,0,0.455,0.4643,0.1808,0.0751,0.1965,0.3916,83538.0,0.1233,1,1.0,1,0.0193,-128.05,2.0,337.14,-952.0,154.0,RAS
s0466,humerus_left,0,0.9231,0.8571,186,16,15,202,201,ok,202,681.75,0,0.0019,0.5155,0.1583,0.0116,0.0809,0.0839,1134.0,0.6012,1,1.0,1,0.6733,349.22,254.5,356.6,-78.15,1110.9,RAS
s0466,humerus_right,1,0.9843,0.9691,5272,101,67,5373,5339,ok,5373,18133.88,0,0.9706,0.5123,0.1659,0.0751,0.185,0.2448,49140.0,0.369,1,1.0,1,0.1381,253.69,164.0,327.87,-118.0,908.0,RAS
s0466,lung_lower_lobe_left,0,0.6708,0.5047,268,63,200,331,468,ok,331,1117.12,0,0.2868,0.2057,0.0059,0.2081,0.0636,0.028,5346.0,0.209,2,0.997,1,0.4441,-785.66,-803.0,136.15,-983.0,-530.0,RAS
s0466,lung_lower_lobe_right,0,0.0,0.0,0,200,0,200,0,false_positive,200,675.0,0,0.6175,0.221,0.005,0.1734,0.104,0.028,7290.0,0.0926,1,1.0,1,0.51,-846.83,-870.5,118.79,-1008.05,-635.75,RAS
s0466,lung_upper_lobe_left,1,0.9951,0.9903,83104,486,327,83590,83431,ok,83590,282116.25,0,0.2758,0.3944,0.0985,0.3757,0.4451,0.3007,726350.62,0.3884,1,1.0,1,0.0402,-801.02,-831.5,150.79,-971.0,-515.0,RAS
s0466,lung_upper_lobe_right,1,0.9959,0.9919,85286,275,422,85561,85708,ok,85561,288768.38,0,0.667,0.3932,0.1012,0.4046,0.4566,0.3147,839868.75,0.3438,1,1.0,1,0.0419,-808.16,-835.0,140.38,-970.0,-547.0,RAS
s0466,rib_left_1,0,0.9349,0.8778,1703,233,4,1936,1707,ok,1936,6534.0,0,0.2696,0.5017,0.192,0.1214,0.2486,0.3357,146286.0,0.0447,2,0.9995,0,0.0,572.01,488.0,410.03,39.0,1407.25,RAS
s0466,rib_left_2,1,0.9734,0.9482,1994,105,4,2099,1998,ok,2099,7084.12,0,0.1934,0.4322,0.1732,0.237,0.341,0.3427,400042.12,0.0177,1,1.0,1,0.0205,589.89,540.0,335.97,122.9,1217.7,RAS
s0466,rib_left_3,1,0.967,0.9362,1672,85,29,1757,1701,ok,1757,5929.88,0,0.1694,0.3327,0.1392,0.3006,0.2832,0.2517,309582.0,0.0192,1,1.0,1,0.0216,538.93,501.0,328.89,42.8,1119.4,RAS
s0466,rib_left_4,1,0.9613,0.9255,1342,100,8,1442,1350,ok,1442,4866.75,0,0.1883,0.2415,0.0816,0.2832,0.1792,0.1608,117912.38,0.0413,1,1.0,1,0.0291,559.54,520.0,332.84,70.05,1143.0,RAS
s0466,rib_left_5,1,0.9685,0.9388,660,39,4,699,664,ok,699,2359.12,0,0.26,0.1838,0.0222,0.1908,0.0578,0.0629,10023.75,0.2354,1,1.0,1,0.1245,609.13,582.0,309.74,150.4,1158.1,RAS
s0466,rib_right_1,0,0.942,0.8904,1690,194,14,1884,1704,ok,1884,6358.5,0,0.6424,0.5003,0.2118,0.1214,0.2312,0.3636,147420.0,0.0431,1,1.0,0,0.0,510.9,414.5,410.61,7.15,1364.9,RAS
s0466,rib_right_2,1,0.9677,0.9375,2398,135,25,2533,2423,ok,2533,8548.88,0,0.7298,0.4442,0.1881,0.2312,0.3353,0.3427,383670.0,0.0223,1,1.0,1,0.0162,561.79,498.0,343.05,93.6,1215.8,RAS
s0466,rib_right_3,1,0.9644,0.9312,1882,135,4,2017,1886,ok,2017,6807.38,0,0.7769,0.3528,0.1302,0.2948,0.3295,0.2587,363011.62,0.0188,1,1.0,1,0.0273,539.16,499.0,330.23,47.8,1133.6,RAS
s0466,rib_right_4,1,0.9718,0.9452,1396,81,0,1477,1396,ok,1477,4984.88,0,0.753,0.2388,0.074,0.3064,0.185,0.1538,125928.0,0.0396,1,1.0,1,0.0352,575.69,552.0,332.74,79.6,1178.0,RAS
s0466,rib_right_5,1,0.9741,0.9495,695,26,11,721,706,ok,721,2433.38,0,0.6732,0.1801,0.0301,0.1965,0.0751,0.0769,16409.25,0.1483,1,1.0,1,0.0929,694.55,697.0,357.49,78.0,1248.0,RAS
s0466,scapula_left,1,0.97,0.9417,10473,475,173,10948,10646,ok,10948,36949.5,0,0.0646,0.3379,0.1524,0.2254,0.422,0.2937,403562.25,0.0916,1,1.0,1,0.064,449.89,346.0,433.82,-69.0,1334.3,RAS
s0466,scapula_right,1,0.9658,0.9339,14405,690,330,15095,14735,ok,15095,50945.62,0,0.8933,0.3429,0.1673,0.2832,0.4277,0.3357,587412.0,0.0867,1,1.0,1,0.0273,520.0,400.0,474.91,-42.0,1516.3,RAS
s0466,skull,1,0.9639,0.9303,82234,2146,4016,84380,86250,ok,84380,284782.5,0,0.5077,0.5973,0.8627,0.5145,0.7514,0.3916,2186730.0,0.1302,1,1.0,1,0.0244,770.36,537.0,876.75,-351.05,2379.05,RAS
s0466,spinal_cord,1,0.9642,0.9309,9056,375,297,9431,9353,ok,9431,31829.62,0,0.4735,0.4231,0.4365,0.1098,0.3353,0.7972,423994.5,0.0751,1,1.0,1,0.0061,36.65,39.0,76.79,-93.0,154.0,RAS
s0466,sternum,1,0.9647,0.9318,3443,169,83,3612,3526,ok,3612,12190.5,0,0.4625,0.6256,0.0478,0.2023,0.0751,0.1119,24570.0,0.4962,1,1.0,1,0.0515,175.17,123.0,225.69,-78.0,597.45,RAS
s0466,subclavian_artery_left,0,0.8835,0.7912,1175,154,156,1329,1331,ok,1329,4485.38,0,0.3679,0.4917,0.1467,0.2832,0.0925,0.2867,108486.0,0.0413,3,0.7389,1,0.0203,16.37,27.0,99.88,-113.0,140.0,RAS
s0466,subclavian_artery_right,0,0.9086,0.8325,1019,146,59,1165,1078,ok,1165,3931.88,0,0.5502,0.4891,0.1646,0.2601,0.0636,0.1958,46777.5,0.0841,4,0.8876,0,0.0,35.9,35.0,86.35,-86.8,153.6,RAS
s0466,thyroid_gland,0,0.8635,0.7598,2201,27,669,2228,2870,ok,2228,7519.5,0,0.4659,0.5819,0.3421,0.1676,0.0809,0.1888,36996.75,0.2032,2,0.6338,0,0.0,89.64,90.0,46.66,10.0,165.0,RAS
s0466,trachea,1,0.9889,0.978,5646,49,78,5695,5724,ok,5695,19220.62,0,0.4776,0.5235,0.1917,0.0751,0.2197,0.3986,95033.25,0.2023,1,1.0,1,0.0179,-892.78,-947.0,169.09,-1022.0,-482.0,RAS
s0466,vertebrae_C1,1,0.9592,0.9217,2895,69,177,2964,3072,ok,2964,10003.5,0,0.4901,0.5565,0.779,0.2717,0.1734,0.1049,71381.25,0.1401,1,1.0,0,0.0,704.86,587.0,552.2,-11.0,1810.0,RAS
s0466,vertebrae_C2,1,0.9859,0.9721,4041,55,61,4096,4102,ok,4096,13824.0,0,0.4913,0.5425,0.7128,0.1965,0.185,0.1818,95472.0,0.1448,1,1.0,0,0.0,679.32,544.0,505.47,87.0,1747.0,RAS
s0466,vertebrae_C3,1,0.9757,0.9525,2709,81,54,2790,2763,ok,2790,9416.25,0,0.4765,0.5301,0.6345,0.2023,0.1387,0.1119,45360.0,0.2076,1,1.0,0,0.0,612.67,511.0,433.22,100.0,1507.75,RAS
s0466,vertebrae_C4,1,0.958,0.9195,2603,151,77,2754,2680,ok,2754,9294.75,0,0.4643,0.5243,0.5705,0.2023,0.1561,0.1189,54219.38,0.1714,1,1.0,0,0.0,659.18,545.0,477.26,81.0,1613.35,RAS
s0466,vertebrae_C5,1,0.9479,0.901,2885,143,174,3028,3059,ok,3028,10219.5,0,0.4572,0.5189,0.5139,0.2023,0.1676,0.1189,58235.62,0.1755,2,0.9997,0,0.0,649.82,549.0,470.34,69.35,1595.65,RAS
s0466,vertebrae_C6,1,0.965,0.9323,3155,110,119,3265,3274,ok,3265,11019.38,0,0.4576,0.5033,0.4596,0.2254,0.185,0.1259,75816.0,0.1453,2,0.9997,0,0.0,609.95,506.0,439.8,77.2,1491.2,RAS
s0466,vertebrae_C7,1,0.9789,0.9587,4136,84,94,4220,4230,ok,4220,14242.5,0,0.4594,0.4587,0.4075,0.2428,0.2081,0.1399,102060.0,0.1396,2,0.9993,0,0.0,559.65,460.0,429.35,47.0,1422.15,RAS
s0466,vertebrae_T1,1,0.9841,0.9686,4727,107,46,4834,4773,ok,4834,16314.75,0,0.4652,0.4116,0.3483,0.2601,0.2197,0.1608,132738.75,0.1229,1,1.0,0,0.0,513.32,393.0,419.15,32.0,1369.7,RAS
s0466,vertebrae_T2,1,0.9877,0.9757,5332,66,67,5398,5399,ok,5398,18218.25,0,0.4677,0.3658,0.2753,0.2486,0.2254,0.1748,141496.88,0.1288,2,0.9996,0,0.0,430.3,312.0,397.62,-19.0,1238.15,RAS
s0466,vertebrae_T3,1,0.9835,0.9676,5166,112,61,5278,5227,ok,5278,17813.25,0,0.4736,0.316,0.1912,0.2197,0.2486,0.1678,132354.0,0.1346,1,1.0,0,0.0,435.19,313.0,414.8,-32.15,1283.15,RAS
s0466,vertebrae_T4,1,0.9838,0.9682,4870,97,63,4967,4933,ok,4967,16763.62,0,0.4763,0.2823,0.0994,0.2023,0.2543,0.1538,114345.0,0.1466,1,1.0,0,0.0,437.65,338.0,394.37,-24.0,1252.0,RAS
s0466,vertebrae_T5,1,0.9825,0.9655,3279,75,42,3354,3321,ok,3354,11319.75,0,0.4811,0.2526,0.0252,0.2254,0.2197,0.0979,70024.5,0.1617,1,1.0,1,0.1136,429.4,316.0,407.72,-32.35,1290.4,RAS
s0458,adrenal_gland_left,1,0.9662,0.9347,1302,14,77,1316,1379,ok,1316,4441.5,0,0.3525,0.5062,0.7192,0.0741,0.0741,0.079,25150.5,0.1766,3,0.9985,0,0.0,42.33,46.0,42.9,-34.0,107.0,RAS
s0458,adrenal_gland_right,1,0.9583,0.9199,1343,28,89,1371,1432,ok,1371,4627.12,0,0.5572,0.4811,0.7263,0.0535,0.0988,0.0893,27378.0,0.169,1,1.0,0,0.0,38.5,44.0,48.21,-45.5,110.5,RAS
s0458,aorta,1,0.9772,0.9554,36770,756,959,37526,37729,ok,37526,126650.25,0,0.4261,0.4799,0.8059,0.2016,0.3169,0.5223,1935549.0,0.0654,2,0.8377,1,0.0179,124.37,112.0,101.99,42.0,207.0,RAS
s0458,atrial_appendage_left,0,0.9237,0.8583,321,16,37,337,358,ok,337,1137.38,0,0.3713,0.5059,0.9935,0.0617,0.0576,0.0137,2835.0,0.4012,1,1.0,1,0.4065,67.93,67.0,37.83,5.8,125.4,RAS
s0458,autochthon_left,1,0.9815,0.9636,86212,2090,1163,88302,87375,ok,88302,298019.25,0,0.3869,0.2488,0.6721,0.1975,0.1687,0.6357,1228770.0,0.2425,1,1.0,1,0.0021,-14.46,-6.0,47.8,-103.0,53.0,RAS
s0458,autochthon_right,1,0.9846,0.9697,86369,1480,1216,87849,87585,ok,87849,296490.38,0,0.5607,0.2573,0.6545,0.2058,0.177,0.6392,1349662.5,0.2197,1,1.0,1,0.002,-16.98,-10.0,50.79,-108.0,56.0,RAS
s0458,colon,0,0.8001,0.6669,146509,50048,23141,196557,169650,ok,196557,663379.88,0,0.5496,0.5934,0.3957,0.6461,0.6132,0.5464,12553269.0,0.0528,9,0.6573,0,0.0,-181.11,-46.0,330.94,-979.0,80.0,RAS
s0458,costal_cartilages,0,0.9415,0.8895,29514,2203,1464,31717,30978,ok,31717,107044.88,0,0.4815,0.7267,0.8436,0.7449,0.2016,0.4021,3502146.5,0.0306,14,0.4869,1,0.0,112.47,91.0,117.59,43.0,245.0,RAS
s0458,duodenum,0,0.915,0.8432,16180,1313,1695,17493,17875,ok,17493,59038.88,0,0.5384,0.5931,0.5873,0.2551,0.1523,0.189,425823.75,0.1386,1,1.0,0,0.0,53.93,85.0,168.12,-9.4,136.0,RAS
s0458,esophagus,1,0.9682,0.9384,4694,120,188,4814,4882,ok,4814,16247.25,0,0.4478,0.4569,0.8828,0.0741,0.1811,0.1993,155034.0,0.1048,1,1.0,1,0.0145,34.84,41.0,54.01,-25.0,89.35,RAS
s0458,femur_left,1,0.9648,0.932,52040,2460,1339,54500,53379,ok,54500,183937.5,0,0.2015,0.436,0.1395,0.2181,0.2058,0.2612,679725.0,0.2706,1,1.0,1,0.0061,1278.33,869.0,1316.83,-614.0,3084.0,RAS
s0458,femur_right,1,0.99,0.9802,46101,740,192,46841,46293,ok,46841,158088.38,0,0.7674,0.454,0.1383,0.2181,0.1687,0.2577,550040.62,0.2874,1,1.0,1,0.007,283.45,183.0,346.44,-49.0,1155.0,RAS
s0458,gallbladder,0,0.9294,0.8681,16873,1585,979,18458,17852,ok,18458,62295.75,0,0.6789,0.6611,0.5973,0.1893,0.1687,0.1787,330993.0,0.1882,1,1.0,0,0.0,18.63,16.0,25.95,-20.0,67.0,RAS
s0458,gluteus_maximus_left,1,0.9719,0.9453,103816,2350,3655,106166,107471,ok,106166,358310.25,0,0.2521,0.2827,0.1802,0.358,0.1975,0.4296,1761750.0,0.2034,1,1.0,1,0.01,37.09,35.0,48.79,-39.0,121.0,RAS
s0458,gluteus_maximus_right,1,0.9854,0.9712,117437,1588,1894,119025,119331,ok,119025,401709.38,0,0.7131,0.2882,0.1799,0.3457,0.2016,0.4536,1833678.0,0.2191,1,1.0,1,0.0094,16.28,18.0,36.42,-48.0,72.0,RAS
s0458,gluteus_medius_left,0,0.9394,0.8858,39940,1046,4105,40986,44045,ok,40986,138327.75,0,0.1549,0.3878,0.364,0.2305,0.3004,0.244,979587.0,0.1412,1,1.0,0,0.0,-3.16,1.0,45.52,-83.0,64.0,RAS
s0458,gluteus_medius_right,1,0.9728,0.9471,48343,1430,1271,49773,49614,ok,49773,167983.88,0,0.81,0.4008,0.3475,0.2387,0.284,0.3093,1215607.5,0.1382,1,1.0,0,0.0,11.7,20.0,46.41,-77.0,74.0,RAS
s0458,gluteus_minimus_left,0,0.921,0.8535,11241,287,1642,11528,12883,ok,11528,38907.0,0,0.1537,0.4723,0.3006,0.1358,0.1852,0.1306,190451.25,0.2043,1,1.0,0,0.0,-40.01,-40.0,45.19,-109.0,34.0,RAS
s0458,gluteus_minimus_right,1,0.9645,0.9314,14805,440,650,15245,15455,ok,15245,51451.88,0,0.7988,0.4626,0.2994,0.1399,0.1728,0.2062,289170.0,0.1779,1,1.0,0,0.0,-11.19,-5.0,52.41,-103.0,63.0,RAS
s0458,heart,1,0.9692,0.9402,140615,2892,6054,143507,146669,ok,143507,484336.12,0,0.3988,0.5779,0.9127,0.3909,0.284,0.1718,1106156.25,0.4379,5,1.0,1,0.0069,102.03,104.0,34.91,42.0,155.0,RAS
s0458,hip_left,1,0.9762,0.9535,100889,2568,2349,103457,103238,ok,103457,349167.38,0,0.2711,0.413,0.2885,0.4074,0.4239,0.4742,4749253.0,0.0735,2,1.0,0,0.0,319.8,200.0,449.25,-3.0,904.0,RAS
s0458,hip_right,1,0.9906,0.9814,100625,824,1084,101449,101709,ok,101449,342390.38,0,0.6855,0.4112,0.3062,0.4074,0.4239,0.4674,4680423.0,0.0732,5,0.9999,0,0.0,260.49,182.0,252.0,-7.0,799.0,RAS
s0458,iliac_artery_left,0,0.9426,0.8914,6339,399,373,6738,6712,ok,6738,22740.75,0,0.3709,0.5046,0.3594,0.2428,0.2058,0.3402,985668.75,0.0231,1,1.0,0,0.0,143.16,119.0,110.82,44.0,342.0,RAS
s0458,iliac_artery_right,0,0.9164,0.8458,5314,434,535,5748,5849,ok,5748,19399.5,0,0.5891,0.5301,0.3538,0.2263,0.1852,0.3608,877078.12,0.0221,5,0.588,0,0.0,124.11,118.0,58.98,58.0,198.0,RAS
s0458,iliac_vena_left,0,0.9324,0.8734,6949,637,370,7586,7319,ok,7586,25602.75,0,0.3697,0.4805,0.3264,0.2305,0.2181,0.3162,921564.0,0.0278,2,0.9999,0,0.0,74.96,70.0,51.06,6.0,165.75,RAS
s0458,iliac_vena_right,0,0.8753,0.7782,4982,794,626,5776,5608,ok,5776,19494.0,0,0.6028,0.5074,0.3134,0.1605,0.1934,0.3505,631010.25,0.0309,1,1.0,0,0.0,81.98,83.0,37.06,19.0,140.0,RAS
s0458,iliopsoas_left,1,0.9595,0.9221,58725,1103,3859,59828,62584,ok,59828,201919.5,0,0.2507,0.4792,0.3865,0.2675,0.2675,0.4948,2053350.0,0.0983,1,1.0,0,0.0,36.08,38.0,49.67,-41.0,96.0,RAS
s0458,iliopsoas_right,1,0.9794,0.9596,60348,875,1667,61223,62015,ok,61223,206627.62,0,0.6537,0.4794,0.3862,0.2593,0.2428,0.6564,2396071.0,0.0862,1,1.0,0,0.0,41.68,46.0,39.95,-33.0,96.0,RAS
s0458,inferior_vena_cava,1,0.9781,0.9572,16596,484,258,17080,16854,ok,17080,57645.0,0,0.5134,0.5269,0.7143,0.0947,0.0947,0.4261,221386.5,0.2604,1,1.0,0,0.0,94.74,94.0,38.17,32.0,156.0,RAS
s0458,kidney_left,1,0.9913,0.9828,44055,304,469,44359,44524,ok,44359,149711.62,0,0.2782,0.444,0.603,0.1646,0.2263,0.2199,475200.0,0.315,1,1.0,0,0.0,104.1,111.0,43.73,26.0,165.0,RAS
s0458,kidney_right,1,0.9809,0.9624,46229,503,1301,46732,47530,ok,46732,157720.5,0,0.6746,0.48,0.5634,0.177,0.2551,0.189,494876.25,0.3187,1,1.0,0,0.0,99.63,106.0,45.12,16.0,162.0,RAS
s0458,liver,1,0.9949,0.9899,480667,2373,2507,483040,483174,ok,483040,1630260.0,0,0.6525,0.5682,0.7427,0.5679,0.5144,0.3505,5938312.5,0.2745,1,1.0,0,0.0,98.4,100.0,26.75,54.0,139.0,RAS
s0458,lung_lower_lobe_left,1,0.9961,0.9922,191634,1097,407,192731,192041,ok,192731,650467.12,0,0.2555,0.37,0.8766,0.321,0.4198,0.2818,2201823.0,0.2954,7,0.9999,1,0.0111,-782.28,-836.0,153.16,-897.0,-453.0,RAS
s0458,lung_lower_lobe_right,1,0.9943,0.9886,186740,1758,389,188498,187129,ok,188498,636180.75,0,0.6619,0.4133,0.9186,0.3621,0.4239,0.2199,1957824.0,0.3249,2,1.0,1,0.0191,-759.79,-825.0,183.2,-897.0,-357.0,RAS
s0458,lung_middle_lobe_right,1,0.9919,0.9838,45140,152,589,45292,45729,ok,45292,152860.5,0,0.6684,0.6333,0.9512,0.2716,0.2634,0.134,555984.0,0.2749,1,1.0,1,0.0424,-820.05,-855.0,118.81,-914.0,-576.0,RAS
s0458,lung_upper_lobe_left,1,0.9943,0.9887,50076,222,352,50298,50428,ok,50298,169755.75,0,0.2276,0.5531,0.9513,0.2963,0.3374,0.1649,956448.0,0.1775,1,1.0,1,0.0576,-826.23,-859.0,110.33,-921.0,-584.0,RAS
s0458,lung_upper_lobe_right,0,0.6253,0.4549,237,272,12,509,249,ok,509,1717.88,0,0.6027,0.6804,0.9943,0.1811,0.07,0.0137,10098.0,0.1701,1,1.0,1,0.5049,-792.52,-820.0,97.48,-893.0,-561.0,RAS
s0458,pancreas,0,0.9461,0.8977,19540,788,1438,20328,20978,ok,20328,68607.0,0,0.4525,0.6017,0.6308,0.3333,0.1728,0.1753,585569.25,0.1172,1,1.0,0,0.0,68.08,70.0,34.34,7.0,120.0,RAS
s0458,portal_vein_and_splenic_vein,0,0.9402,0.8871,7450,740,208,8190,7658,ok,8190,27641.25,0,0.468,0.5852,0.699,0.4733,0.2387,0.11,720360.0,0.0384,1,1.0,0,0.0,128.82,133.0,38.1,59.0,184.0,RAS
s0458,pulmonary_vein,1,0.9712,0.944,4993,227,69,5220,5062,ok,5220,17617.5,0,0.4982,0.4395,0.9602,0.3004,0.1399,0.0893,217795.5,0.0809,3,0.3875,1,0.0238,94.08,102.0,43.92,9.95,150.0,RAS
s0458,rib_left_10,1,0.9831,0.9668,3696,62,65,3758,3761,ok,3758,12683.25,0,0.1911,0.3269,0.7869,0.3086,0.3663,0.268,1757193.75,0.0072,1,1.0,0,0.0,290.7,259.0,172.0,64.0,604.0,RAS
s0458,rib_left_11,1,0.9765,0.954,2408,83,33,2491,2441,ok,2491,8407.12,0,0.2238,0.3035,0.727,0.2963,0.2387,0.244,1000674.0,0.0084,1,1.0,0,0.0,279.41,260.0,174.96,59.5,484.5,RAS
s0458,rib_left_12,1,0.9529,0.91,809,34,46,843,855,ok,843,2845.12,0,0.3138,0.3014,0.7016,0.1852,0.0494,0.134,71077.5,0.04,2,0.9917,0,0.0,210.24,204.0,81.26,91.2,358.8,RAS
s0458,rib_left_5,1,0.9538,0.9116,784,41,35,825,819,ok,825,2784.38,0,0.2469,0.6924,0.9736,0.144,0.1152,0.0584,56227.5,0.0495,1,1.0,1,0.0667,236.31,163.0,248.56,20.0,807.6,RAS
s0458,rib_left_6,1,0.9682,0.9383,2053,122,13,2175,2066,ok,2175,7340.62,0,0.183,0.6284,0.9359,0.107,0.2263,0.1306,183397.5,0.04,1,1.0,1,0.0248,200.37,167.0,198.56,-23.0,568.3,RAS
s0458,rib_left_7,1,0.9812,0.9632,3006,89,26,3095,3032,ok,3095,10445.62,0,0.1421,0.5608,0.9002,0.0576,0.358,0.2096,250755.75,0.0417,1,1.0,1,0.022,228.77,203.0,191.42,-10.0,573.3,RAS
s0458,rib_left_8,1,0.9714,0.9443,4833,120,165,4953,4998,ok,4953,16716.38,0,0.1813,0.3894,0.9089,0.2881,0.4733,0.2749,2173500.0,0.0077,1,1.0,1,0.0374,234.17,211.0,155.06,28.6,518.4,RAS
s0458,rib_left_9,1,0.979,0.9589,4639,132,67,4771,4706,ok,4771,16102.12,0,0.1872,0.3444,0.8576,0.2963,0.4156,0.268,1914354.0,0.0084,1,1.0,0,0.0,246.14,223.0,155.32,24.0,536.0,RAS
s0458,rib_right_10,1,0.9755,0.9522,6119,153,154,6272,6273,ok,6272,21168.0,0,0.7475,0.3172,0.7728,0.3004,0.3827,0.3024,2016333.0,0.0105,1,1.0,0,0.0,865.29,514.0,870.18,102.55,3025.45,RAS
s0458,rib_right_11,1,0.9839,0.9684,2450,38,42,2488,2492,ok,2488,8397.0,0,0.7084,0.3064,0.7132,0.2634,0.2099,0.268,859248.0,0.0098,1,1.0,0,0.0,369.97,353.0,172.32,110.35,647.65,RAS
s0458,rib_right_12,1,0.9547,0.9133,969,89,3,1058,972,ok,1058,3570.75,0,0.6473,0.3053,0.6741,0.1728,0.0576,0.1787,103194.0,0.0346,1,1.0,0,0.0,228.81,224.5,102.99,68.85,381.0,RAS
s0458,rib_right_5,1,0.9577,0.9189,1643,56,89,1699,1732,ok,1699,5734.12,0,0.7668,0.6422,0.9617,0.1481,0.2428,0.079,164875.5,0.0348,2,0.9994,1,0.043,196.69,173.0,159.45,14.9,447.1,RAS
s0458,rib_right_6,1,0.9733,0.9479,3039,105,62,3144,3101,ok,3144,10611.0,0,0.7991,0.5578,0.9283,0.1111,0.3745,0.1581,381449.25,0.0278,1,1.0,1,0.0216,251.68,223.0,192.65,12.0,587.0,RAS
s0458,rib_right_7,1,0.972,0.9455,5064,230,62,5294,5126,ok,5294,17867.25,0,0.8072,0.4542,0.9046,0.1193,0.4815,0.2371,790144.88,0.0226,1,1.0,1,0.0115,615.56,330.0,759.54,7.0,2588.35,RAS
s0458,rib_right_8,0,0.8228,0.699,4015,1623,106,5638,4121,ok,5638,19028.25,0,0.767,0.3691,0.8798,0.2757,0.4733,0.2955,2236376.25,0.0085,1,1.0,1,0.0225,744.04,328.0,915.55,25.0,3027.0,RAS
s0458,rib_right_9,0,0.836,0.7182,4585,1575,224,6160,4809,ok,6160,20790.0,0,0.7553,0.3392,0.8357,0.2798,0.4362,0.2955,2092122.0,0.0099,2,0.9979,0,0.0,751.99,345.0,914.42,14.0,3035.05,RAS
s0458,sacrum,1,0.9653,0.9329,48400,1118,2362,49518,50762,ok,49518,167123.25,0,0.4735,0.2727,0.3617,0.3374,0.214,0.3368,1410318.0,0.1185,19,0.9993,0,0.0,126.07,88.0,167.71,-61.0,450.0,RAS
s0458,scapula_left,0,0.9419,0.8901,81,9,1,90,82,ok,90,303.75,0,0.1256,0.3105,0.994,0.0329,0.0329,0.0103,648.0,0.4688,1,1.0,1,0.4556,184.26,174.5,88.44,66.9,356.45,RAS
s0458,scapula_right,1,0.9852,0.9709,1035,9,22,1044,1057,ok,1044,3523.5,0,0.8546,0.3271,0.9801,0.0905,0.0905,0.0481,22869.0,0.1541,1,1.0,1,0.1063,193.64,195.0,103.89,33.15,372.7,RAS
s0458,small_bowel,0,0.8568,0.7495,261524,9887,77531,271411,339055,ok,271411,916012.12,0,0.4188,0.5862,0.381,0.6173,0.5844,0.4399,9201600.0,0.0995,32,0.9759,0,0.0,19.3,86.0,262.7,-818.0,214.0,RAS
s0458,spinal_cord,1,0.9786,0.9581,12960,406,161,13366,13121,ok,13366,45110.25,0,0.4733,0.3215,0.726,0.0741,0.1687,0.5945,430899.75,0.1047,1,1.0,1,0.0058,18.78,18.0,36.72,-36.0,75.0,RAS
s0458,spleen,1,0.9939,0.988,72288,228,653,72516,72941,ok,72516,244741.5,0,0.1847,0.4732,0.7269,0.1934,0.2922,0.1924,630693.0,0.3881,1,1.0,0,0.0,98.38,101.0,25.34,54.0,135.0,RAS
s0458,sternum,1,0.95,0.9048,3725,44,348,3769,4073,ok,3769,12720.38,0,0.5021,0.7069,0.9607,0.1276,0.0453,0.1306,43733.25,0.2909,1,1.0,1,0.056,113.34,108.0,111.18,-31.6,306.0,RAS
s0458,stomach,1,0.9888,0.9779,118458,1584,1095,120042,119553,ok,120042,405141.75,0,0.3577,0.6594,0.6819,0.4156,0.3045,0.3196,2345901.75,0.1727,1,1.0,0,0.0,-49.23,92.0,350.71,-988.0,147.0,RAS
s0458,superior_vena_cava,1,0.9726,0.9466,780,15,29,795,809,ok,795,2683.12,0,0.5551,0.5318,0.9865,0.0576,0.0535,0.0309,5528.25,0.4853,1,1.0,1,0.166,125.61,134.0,38.8,46.7,173.3,RAS
s0458,urinary_bladder,0,0.8081,0.678,11953,1150,4528,13103,16481,ok,13103,44222.62,0,0.4837,0.5103,0.1963,0.2058,0.2016,0.0859,206718.75,0.2139,1,1.0,0,0.0,-14.44,-15.0,79.06,-140.0,113.0,RAS
s0458,vertebrae_L1,1,0.9898,0.9797,15620,199,124,15819,15744,ok,15819,53389.12,0,0.4736,0.3818,0.7108,0.1934,0.2346,0.1271,334540.12,0.1596,1,1.0,0,0.0,329.21,262.0,251.1,48.0,852.0,RAS
s0458,vertebrae_L2,1,0.9886,0.9776,17113,150,243,17263,17356,ok,17263,58262.62,0,0.463,0.3985,0.6488,0.2181,0.251,0.1203,381898.12,0.1526,2,0.9999,0,0.0,315.28,227.0,258.23,46.0,863.0,RAS
s0458,vertebrae_L3,1,0.9874,0.9751,18556,240,234,18796,18790,ok,18796,63436.5,0,0.4533,0.3949,0.5812,0.2469,0.2675,0.1134,434362.5,0.146,1,1.0,0,0.0,333.05,273.0,238.71,48.0,788.0,RAS
s0458,vertebrae_L4,1,0.9813,0.9634,17887,204,476,18091,18363,ok,18091,61057.12,0,0.4615,0.3945,0.5226,0.2551,0.2634,0.11,428544.0,0.1425,2,0.9999,0,0.0,368.13,330.0,241.05,53.0,804.5,RAS
s0458,vertebrae_L5,1,0.9778,0.9566,18658,503,344,19161,19002,ok,19161,64668.38,0,0.472,0.3782,0.4687,0.2798,0.2387,0.1306,505818.0,0.1278,3,0.9999,0,0.0,314.8,245.0,249.27,30.0,802.0,RAS
s0458,vertebrae_S1,1,0.9504,0.9055,12585,853,461,13438,13046,ok,13438,45353.25,0,0.475,0.3377,0.4186,0.1605,0.1564,0.1031,150052.5,0.3022,1,1.0,0,0.0,239.35,163.0,228.3,18.0,754.15,RAS
s0458,vertebrae_T10,1,0.9906,0.9813,12429,149,88,12578,12517,ok,12578,42450.75,0,0.4791,0.3186,0.8747,0.1687,0.2099,0.1271,261113.62,0.1626,1,1.0,0,0.0,247.28,181.0,214.2,29.0,691.15,RAS
s0458,vertebrae_T11,1,0.9872,0.9747,12508,209,116,12717,12624,ok,12717,42919.88,0,0.4761,0.3428,0.8228,0.1564,0.2222,0.1134,228541.5,0.1878,2,0.9999,0,0.0,268.86,209.0,209.33,46.0,680.0,RAS
s0458,vertebrae_T12,1,0.9891,0.9784,14384,146,172,14530,14556,ok,14530,49038.75,0,0.4721,0.3634,0.7675,0.1523,0.2305,0.1203,244755.0,0.2004,1,1.0,0,0.0,271.16,218.0,200.32,49.0,682.55,RAS
s0458,vertebrae_T7,1,0.9627,0.928,361,20,8,381,369,ok,381,1285.88,0,0.4818,0.1999,0.9742,0.0453,0.0453,0.0722,8575.88,0.1499,1,1.0,1,0.1234,270.54,240.0,168.52,50.0,615.0,RAS
s0458,vertebrae_T8,1,0.9909,0.9821,8319,91,61,8410,8380,ok,8410,28383.75,0,0.4827,0.2799,0.9751,0.177,0.1934,0.1203,238730.62,0.1189,2,0.9999,1,0.0721,202.13,153.0,174.25,23.0,553.0,RAS
s0458,vertebrae_T9,1,0.9892,0.9786,11100,118,125,11218,11225,ok,11218,37860.75,0,0.4816,0.299,0.9272,0.1728,0.2058,0.134,276412.5,0.137,1,1.0,0,0.0,221.17,170.0,184.12,30.0,594.0,RAS
s0352,brain,1,0.9658,0.9338,273898,18387,1033,292285,274931,ok,292285,986461.81,0,0.4803,0.4544,0.5781,0.86,0.9052,0.9828,1737146.12,0.5679,1,1.0,1,0.0005,44.64,42.0,20.68,25.0,71.0,RAS
s0352,skull,0,0.9412,0.889,86234,9248,1522,95482,87756,ok,95482,322251.72,0,0.4782,0.4749,0.4453,0.95,1.0,1.0,2157164.75,0.1494,3,0.9999,1,0.0345,780.21,746.0,561.09,49.0,1637.0,RAS
s0346,aorta,1,0.9889,0.9781,18826,353,69,19179,18895,ok,19179,64729.12,0,0.4109,0.451,0.0406,0.2047,0.2791,0.1037,222750.0,0.2906,1,1.0,1,0.0422,164.31,173.0,42.11,72.0,211.0,RAS
s0346,autochthon_left,1,0.9804,0.9616,25883,578,456,26461,26339,ok,26461,89305.88,0,0.422,0.2821,0.1747,0.1209,0.3302,0.3568,535801.5,0.1667,1,1.0,1,0.0096,44.42,45.0,43.1,-27.0,112.0,RAS
s0346,autochthon_right,1,0.9777,0.9565,29277,695,638,29972,29915,ok,29972,101155.5,0,0.5497,0.2876,0.1744,0.1442,0.3349,0.361,655371.0,0.1543,1,1.0,1,0.0105,42.21,42.0,44.38,-31.0,112.0,RAS
s0346,brachiocephalic_trunk,1,0.9763,0.9537,1359,44,22,1403,1381,ok,1403,4735.12,0,0.4844,0.5636,0.0906,0.1023,0.0651,0.0747,18711.0,0.2531,1,1.0,0,0.0,162.9,171.0,56.78,52.0,238.0,RAS
s0346,brachiocephalic_vein_left,1,0.9781,0.9571,3681,66,99,3747,3780,ok,3747,12646.12,0,0.4549,0.5773,0.0478,0.2233,0.0744,0.0996,62208.0,0.2033,1,1.0,1,0.0,365.17,400.0,151.62,81.3,570.0,RAS
s0346,brachiocephalic_vein_right,0,0.9196,0.8511,1326,232,0,1558,1326,ok,1558,5258.25,0,0.5685,0.552,0.0789,0.0651,0.0837,0.0871,17860.5,0.2944,1,1.0,0,0.0,50.99,48.0,69.17,-31.15,159.0,RAS
s0346,brain,1,0.9831,0.9668,424391,384,14174,424775,438565,ok,424775,1433615.62,0,0.4493,0.6087,0.7697,0.4233,0.5116,0.3942,3209456.25,0.4467,1,1.0,0,0.0,42.17,42.0,18.96,15.0,67.0,RAS
s0346,clavicula_left,1,0.9837,0.968,8045,94,172,8139,8217,ok,8139,27469.12,0,0.2095,0.5587,0.192,0.4093,0.2326,0.3029,1084050.0,0.0253,2,0.9998,1,0.01,562.63,461.0,439.52,-30.0,1325.1,RAS
s0346,clavicula_right,1,0.9834,0.9674,8460,142,143,8602,8603,ok,8602,29031.75,0,0.7329,0.5778,0.2224,0.4093,0.186,0.3278,938520.0,0.0309,1,1.0,0,0.0,572.19,462.0,468.65,-37.95,1383.95,RAS
s0346,common_carotid_artery_left,1,0.9512,0.9069,1441,37,111,1478,1552,ok,1478,4988.25,0,0.393,0.553,0.1918,0.093,0.1302,0.2905,132300.0,0.0377,1,1.0,0,0.0,163.22,179.0,65.54,46.85,247.0,RAS
s0346,common_carotid_artery_right,0,0.888,0.7985,844,82,131,926,975,ok,926,3125.25,0,0.5539,0.5947,0.2121,0.0605,0.0558,0.2158,27378.0,0.1142,1,1.0,0,0.0,170.63,182.0,57.07,61.0,251.0,RAS
s0346,costal_cartilages,0,0.9337,0.8757,1691,166,74,1857,1765,ok,1857,6267.38,0,0.4475,0.6386,0.0308,0.3488,0.0698,0.0705,64546.88,0.0971,2,0.5859,1,0.0253,127.62,124.0,46.41,65.0,208.2,RAS
s0346,esophagus,1,0.9627,0.9281,4363,157,181,4520,4544,ok,4520,15255.0,0,0.4598,0.4615,0.1127,0.0791,0.1721,0.2116,108266.62,0.1409,1,1.0,1,0.0131,21.67,24.0,42.95,-27.0,68.0,RAS
s0346,humerus_left,1,0.9735,0.9483,2861,14,142,2875,3003,ok,2875,9703.12,0,0.0109,0.5094,0.1819,0.0372,0.1395,0.1162,22680.0,0.4278,1,1.0,1,0.2028,246.8,191.0,195.02,32.0,620.3,RAS
s0346,humerus_right,1,0.9896,0.9794,7688,67,95,7755,7783,ok,7755,26173.12,0,0.9748,0.5287,0.2404,0.0651,0.1628,0.1577,62842.5,0.4165,1,1.0,1,0.1216,230.56,167.0,196.8,15.0,639.0,RAS
s0346,lung_lower_lobe_left,1,0.9662,0.9347,2848,119,80,2967,2928,ok,2967,10013.62,0,0.3574,0.2579,0.0168,0.1814,0.1163,0.0581,46068.75,0.2174,1,1.0,1,0.1466,-608.74,-639.0,147.81,-796.0,-328.3,RAS
s0346,lung_lower_lobe_right,1,0.9732,0.9478,3540,154,41,3694,3581,ok,3694,12467.25,0,0.6761,0.2584,0.0112,0.2465,0.1395,0.0456,59028.75,0.2112,1,1.0,1,0.199,-563.15,-577.0,129.57,-748.0,-317.65,RAS
s0346,lung_upper_lobe_left,1,0.9974,0.9948,103305,243,302,103548,103607,ok,103548,349474.5,0,0.2802,0.4112,0.0748,0.3256,0.4233,0.2075,1074937.5,0.3251,1,1.0,1,0.0335,-715.5,-769.0,167.59,-862.0,-383.0,RAS
s0346,lung_upper_lobe_right,1,0.9976,0.9951,148425,331,395,148756,148820,ok,148756,502051.5,0,0.683,0.4322,0.0788,0.3814,0.4326,0.2324,1441314.0,0.3483,1,1.0,1,0.0292,-715.96,-773.0,167.77,-852.0,-387.0,RAS
s0346,rib_left_1,1,0.9713,0.9443,2864,53,116,2917,2980,ok,2917,9844.88,0,0.2876,0.5367,0.1222,0.1116,0.2326,0.2656,259200.0,0.038,1,1.0,1,0.0027,494.66,461.0,260.58,123.0,966.2,RAS
s0346,rib_left_2,1,0.9887,0.9777,3153,53,19,3206,3172,ok,3206,10820.25,0,0.2209,0.4454,0.1293,0.2186,0.293,0.2407,579615.75,0.0187,1,1.0,1,0.0106,262.94,250.0,180.56,6.0,602.75,RAS
s0346,rib_left_3,1,0.9836,0.9677,2575,63,23,2638,2598,ok,2638,8903.25,0,0.2042,0.3675,0.1095,0.2651,0.2419,0.2033,490171.5,0.0182,1,1.0,1,0.019,251.15,238.0,196.99,-25.0,628.0,RAS
s0346,rib_left_4,1,0.9835,0.9675,2324,68,10,2392,2334,ok,2392,8073.0,0,0.2097,0.3015,0.0829,0.2744,0.1721,0.1535,272602.12,0.0296,1,1.0,1,0.0226,318.07,295.0,223.2,6.0,732.0,RAS
s0346,rib_left_5,1,0.9808,0.9624,1997,49,29,2046,2026,ok,2046,6905.25,0,0.2408,0.2525,0.0533,0.2465,0.1209,0.0954,106967.25,0.0646,1,1.0,1,0.0274,312.54,294.0,205.24,9.5,681.0,RAS
s0346,rib_left_6,1,0.9643,0.931,877,37,28,914,905,ok,914,3084.75,0,0.3075,0.1973,0.0104,0.1628,0.0512,0.029,9095.62,0.3391,1,1.0,1,0.1575,351.79,330.5,188.12,88.0,692.05,RAS
s0346,rib_right_1,1,0.9713,0.9442,3149,51,135,3200,3284,ok,3200,10800.0,0,0.6475,0.5483,0.1507,0.1442,0.2,0.2656,287928.0,0.0375,1,1.0,0,0.0,440.04,408.0,227.72,129.0,878.0,RAS
s0346,rib_right_2,1,0.9901,0.9804,3650,31,42,3681,3692,ok,3681,12423.38,0,0.7293,0.4847,0.1538,0.2326,0.2884,0.2656,669600.0,0.0186,1,1.0,1,0.0076,272.69,251.0,183.82,16.0,626.0,RAS
s0346,rib_right_3,1,0.9804,0.9616,2831,94,19,2925,2850,ok,2925,9871.88,0,0.7732,0.4119,0.1268,0.2791,0.2791,0.2199,643950.0,0.0153,1,1.0,1,0.0144,265.41,244.0,209.26,-18.8,669.8,RAS
s0346,rib_right_4,1,0.9779,0.9568,2613,96,22,2709,2635,ok,2709,9142.88,0,0.7864,0.3454,0.104,0.2977,0.214,0.1784,427248.0,0.0214,3,0.9982,1,0.0218,355.63,324.0,242.2,2.0,782.6,RAS
s0346,rib_right_5,1,0.9677,0.9375,2564,152,19,2716,2583,ok,2716,9166.5,0,0.7695,0.2929,0.0708,0.293,0.1814,0.1162,232186.5,0.0395,1,1.0,1,0.0191,326.08,306.0,226.16,-5.0,746.25,RAS
s0346,rib_right_6,1,0.985,0.9704,1965,36,24,2001,1989,ok,2001,6753.38,0,0.7428,0.2286,0.0256,0.2419,0.1209,0.0539,59319.0,0.1138,1,1.0,1,0.0395,371.47,338.0,213.66,76.0,778.0,RAS
s0346,scapula_left,1,0.9791,0.959,28533,288,932,28821,29465,ok,28821,97270.88,0,0.1001,0.3296,0.166,0.293,0.4093,0.2946,1328481.0,0.0732,1,1.0,1,0.0175,419.98,344.0,311.04,65.0,1065.0,RAS
s0346,scapula_right,1,0.97,0.9418,34488,817,1314,35305,35802,ok,35305,119154.38,0,0.8696,0.3582,0.2184,0.3209,0.4698,0.3651,2069793.0,0.0576,1,1.0,1,0.0112,438.35,359.0,326.4,56.0,1094.0,RAS
s0346,skull,1,0.9764,0.9539,242617,2272,9457,244889,252074,ok,244889,826500.38,0,0.4471,0.6373,0.7181,0.4651,0.6093,0.6473,6897150.0,0.1198,3,1.0,0,0.0,694.87,626.0,581.86,-2.0,1573.0,RAS
s0346,spinal_cord,1,0.966,0.9342,14436,474,542,14910,14978,ok,14910,50321.25,0,0.4631,0.4631,0.3019,0.1302,0.3535,0.5643,976752.0,0.0515,1,1.0,1,0.0044,21.51,24.0,38.73,-49.0,79.0,RAS
s0346,sternum,1,0.9652,0.9326,6439,35,430,6474,6869,ok,6474,21849.75,0,0.4742,0.6597,0.032,0.2047,0.0791,0.0788,47965.5,0.4555,1,1.0,1,0.049,196.45,155.0,158.55,11.0,504.0,RAS
s0346,subclavian_artery_left,1,0.9657,0.9337,1662,68,50,1730,1712,ok,1730,5838.75,0,0.3448,0.5164,0.1332,0.2465,0.0605,0.0954,53483.62,0.1092,1,1.0,0,0.0,131.46,147.0,60.89,19.45,209.0,RAS
s0346,subclavian_artery_right,1,0.9709,0.9435,1852,49,62,1901,1914,ok,1901,6415.88,0,0.6331,0.5463,0.16,0.2791,0.0512,0.0788,42322.5,0.1516,1,1.0,0,0.0,126.48,130.0,50.21,37.0,205.0,RAS
s0346,superior_vena_cava,1,0.9561,0.916,1962,55,125,2017,2087,ok,2017,6807.38,0,0.564,0.5179,0.0176,0.0744,0.1023,0.0498,14256.0,0.4775,1,1.0,1,0.1056,309.12,317.0,128.53,89.0,505.0,RAS
s0346,thyroid_gland,0,0.9084,0.8323,7556,1254,269,8810,7825,ok,8810,29733.75,0,0.4568,0.5862,0.1635,0.1907,0.1163,0.1618,134915.62,0.2204,1,1.0,0,0.0,64.87,64.0,28.82,18.0,113.0,RAS
s0346,trachea,1,0.9861,0.9725,8106,38,191,8144,8297,ok,8144,27486.0,0,0.4915,0.503,0.0994,0.1163,0.2419,0.2075,219375.0,0.1253,1,1.0,1,0.021,-881.51,-965.0,198.73,-1009.0,-373.0,RAS
s0346,vertebrae_C1,1,0.9664,0.9349,3979,24,253,4003,4232,ok,4003,13510.12,0,0.4388,0.5927,0.5314,0.2558,0.1442,0.0664,92070.0,0.1467,1,1.0,0,0.0,628.63,546.0,383.65,107.0,1345.9,RAS
s0346,vertebrae_C2,1,0.9896,0.9794,5558,54,63,5612,5621,ok,5612,18940.5,0,0.4406,0.5798,0.4856,0.2047,0.1628,0.1162,145530.0,0.1301,1,1.0,0,0.0,553.01,470.0,336.35,140.0,1256.0,RAS
s0346,vertebrae_C3,1,0.9862,0.9727,3884,34,75,3918,3959,ok,3918,13223.25,0,0.4405,0.5775,0.4325,0.1767,0.1488,0.0664,65664.0,0.2014,1,1.0,0,0.0,477.92,429.0,255.55,154.0,989.0,RAS
s0346,vertebrae_C4,1,0.9811,0.963,3795,60,86,3855,3881,ok,3855,13010.62,0,0.4463,0.5662,0.3872,0.186,0.1674,0.0788,92340.0,0.1409,1,1.0,0,0.0,494.66,442.0,266.18,167.0,1047.3,RAS
s0346,vertebrae_C5,1,0.9799,0.9605,4137,81,89,4218,4226,ok,4218,14235.75,0,0.4482,0.555,0.3451,0.1953,0.1628,0.0871,104186.25,0.1366,4,0.9983,0,0.0,485.52,434.0,251.08,168.0,998.15,RAS
s0346,vertebrae_C6,1,0.9787,0.9582,5045,80,140,5125,5185,ok,5125,17296.88,0,0.4551,0.5304,0.3102,0.2047,0.1953,0.1037,155925.0,0.1109,4,0.9994,0,0.0,454.46,394.0,242.69,157.0,947.0,RAS
s0346,vertebrae_C7,1,0.9852,0.9708,6351,70,121,6421,6472,ok,6421,21670.88,0,0.4624,0.4928,0.2751,0.2326,0.2047,0.1203,215325.0,0.1006,2,0.9998,0,0.0,367.26,304.0,235.07,77.0,840.0,RAS
s0346,vertebrae_T1,1,0.9898,0.9798,8423,58,116,8481,8539,ok,8481,28623.38,0,0.4696,0.4438,0.2397,0.2605,0.2186,0.1286,275373.0,0.1039,2,0.9999,0,0.0,352.89,295.0,219.27,91.0,803.0,RAS
s0346,vertebrae_T2,1,0.9902,0.9805,7696,33,120,7729,7816,ok,7729,26085.38,0,0.4825,0.3948,0.1945,0.2326,0.2326,0.1369,278437.5,0.0937,1,1.0,0,0.0,310.49,265.0,191.6,78.4,699.6,RAS
s0346,vertebrae_T3,1,0.9897,0.9797,7276,66,85,7342,7361,ok,7342,24779.25,0,0.488,0.3525,0.1426,0.214,0.2419,0.1452,282555.0,0.0877,1,1.0,0,0.0,281.7,243.5,178.52,64.05,634.0,RAS
s0346,vertebrae_T4,1,0.9902,0.9806,7821,93,62,7914,7883,ok,7914,26709.75,0,0.4944,0.3184,0.0873,0.2093,0.2512,0.1452,287043.75,0.0931,1,1.0,0,0.0,280.78,239.0,170.79,84.0,628.0,RAS
s0346,vertebrae_T5,1,0.9903,0.9808,7137,55,85,7192,7222,ok,7192,24273.0,0,0.5003,0.2823,0.0367,0.2233,0.2326,0.0996,194400.0,0.1249,1,1.0,1,0.0498,280.86,239.0,174.44,80.0,637.0,RAS
s0346,vertebrae_T6,1,0.9692,0.9403,1134,13,59,1147,1193,ok,1147,3871.12,0,0.517,0.227,0.0085,0.2279,0.093,0.0332,26460.0,0.1463,2,0.9948,1,0.2668,327.19,284.0,191.13,84.0,706.0,RAS
s1287,adrenal_gland_left,0,0.8501,0.7392,1216,255,174,1471,1390,ok,1471,4964.62,0,0.415,0.4166,0.5175,0.0628,0.1213,0.0545,35235.0,0.1409,1,1.0,0,0.0,58.86,63.0,31.67,-1.0,101.0,RAS
s1287,adrenal_gland_right,0,0.8872,0.7973,1050,97,170,1147,1220,ok,1147,3871.12,0,0.597,0.4075,0.5538,0.0586,0.0879,0.0614,26790.75,0.1445,1,1.0,0,0.0,48.88,53.0,32.11,-10.0,94.0,RAS
s1287,aorta,1,0.9545,0.9129,89678,7243,1314,96921,90992,ok,96921,327108.38,0,0.4725,0.4587,0.7102,0.2008,0.3515,0.5318,3184272.0,0.1027,1,1.0,0,0.0,144.32,122.0,140.65,60.0,295.0,RAS
s1287,atrial_appendage_left,0,0.8607,0.7555,2330,315,439,2645,2769,ok,2645,8926.88,0,0.3961,0.485,0.7362,0.0962,0.0921,0.0545,40986.0,0.2178,1,1.0,0,0.0,61.98,66.0,44.05,-17.8,126.0,RAS
s1287,autochthon_left,1,0.9878,0.9759,129563,1619,1575,131182,131138,ok,131182,442739.25,0,0.4379,0.2184,0.5428,0.2134,0.2301,0.7682,3199803.75,0.1384,1,1.0,1,0.0021,30.34,43.0,39.43,-61.0,71.0,RAS
s1287,autochthon_right,1,0.987,0.9744,124041,1493,1769,125534,125810,ok,125534,423677.25,0,0.6044,0.2257,0.5381,0.2469,0.2301,0.7682,3701733.75,0.1145,1,1.0,1,0.0023,27.61,40.0,40.79,-66.0,71.0,RAS
s1287,brachiocephalic_trunk,0,0.8436,0.7295,2131,677,113,2808,2244,ok,2808,9477.0,0,0.4937,0.5312,0.8859,0.0879,0.0795,0.0591,35012.25,0.2707,1,1.0,0,0.0,132.44,120.0,118.25,50.35,235.0,RAS
s1287,brachiocephalic_vein_left,0,0.9027,0.8226,5239,378,752,5617,5991,ok,5617,18957.38,0,0.4735,0.5556,0.8888,0.1715,0.1004,0.0909,132840.0,0.1427,1,1.0,0,0.0,103.49,114.0,50.53,13.0,136.0,RAS
s1287,brachiocephalic_vein_right,0,0.8716,0.7724,1147,236,102,1383,1249,ok,1383,4667.62,0,0.5712,0.5323,0.8965,0.0753,0.046,0.0705,20715.75,0.2253,1,1.0,0,0.0,52.91,61.0,47.26,-30.0,103.0,RAS
s1287,clavicula_left,1,0.9605,0.924,6371,340,184,6711,6555,ok,6711,22649.62,0,0.3688,0.5191,0.9604,0.2092,0.3013,0.0955,510300.0,0.0444,1,1.0,1,0.0553,337.02,238.0,358.58,-85.0,1027.0,RAS
s1287,clavicula_right,0,0.946,0.8976,6890,615,171,7505,7061,ok,7505,25329.38,0,0.6315,0.5064,0.9603,0.2176,0.2971,0.1,548262.0,0.0462,1,1.0,1,0.0453,349.81,258.0,368.37,-93.0,1063.8,RAS
s1287,colon,0,0.9424,0.8911,212864,13056,12954,225920,225818,ok,225920,762480.0,0,0.5374,0.4498,0.326,0.6695,0.5105,0.4932,14295960.0,0.0533,7,0.5847,0,0.0,-122.37,7.0,320.47,-989.0,77.0,RAS
s1287,common_carotid_artery_left,0,0.8924,0.8057,1986,204,275,2190,2261,ok,2190,7391.25,0,0.4417,0.5025,0.925,0.0502,0.0837,0.1386,49410.0,0.1496,1,1.0,1,0.0137,116.35,106.0,139.51,15.0,201.65,RAS
s1287,common_carotid_artery_right,0,0.7735,0.6306,1393,58,758,1451,2151,ok,1451,4897.12,0,0.5584,0.5203,0.9474,0.0921,0.0502,0.0886,34749.0,0.1409,1,1.0,1,0.0227,106.98,114.0,29.65,57.0,141.0,RAS
s1287,costal_cartilages,0,0.9297,0.8687,55696,3337,5082,59033,60778,ok,59033,199236.38,0,0.4976,0.717,0.671,0.728,0.431,0.4659,12399784.0,0.0161,18,0.3214,0,0.0,98.11,99.0,30.36,53.0,133.0,RAS
s1287,duodenum,1,0.9602,0.9235,17971,925,563,18896,18534,ok,18896,63774.0,0,0.6085,0.5007,0.4613,0.251,0.1883,0.1659,665212.5,0.0959,1,1.0,0,0.0,57.55,63.0,35.09,1.0,101.0,RAS
s1287,esophagus,0,0.9438,0.8936,13562,1253,361,14815,13923,ok,14815,50000.62,0,0.4826,0.4098,0.7699,0.1046,0.159,0.4023,567506.25,0.0881,1,1.0,0,0.0,-19.06,49.0,230.31,-671.3,90.0,RAS
s1287,femur_left,1,0.9781,0.9572,59341,1215,1437,60556,60778,ok,60556,204376.5,0,0.185,0.395,0.0823,0.272,0.1799,0.1591,660318.75,0.3095,1,1.0,1,0.0083,222.36,123.0,313.94,-86.0,960.0,RAS
s1287,femur_right,1,0.981,0.9627,58042,1126,1123,59168,59165,ok,59168,199692.0,0,0.8163,0.4387,0.0786,0.2636,0.1757,0.1568,616187.25,0.3241,1,1.0,1,0.0087,202.25,109.0,303.69,-90.0,905.0,RAS
s1287,gallbladder,0,0.7967,0.6622,2444,293,954,2737,3398,ok,2737,9237.38,0,0.7565,0.5466,0.5512,0.1004,0.1004,0.0477,40824.0,0.2263,1,1.0,0,0.0,45.69,45.0,27.83,1.0,91.0,RAS
s1287,gluteus_maximus_left,1,0.9835,0.9675,122132,1580,2518,123712,124650,ok,123712,417528.0,0,0.264,0.2346,0.1242,0.3975,0.1967,0.3,1989157.5,0.2099,1,1.0,1,0.0084,22.48,28.0,25.73,-28.0,55.0,RAS
s1287,gluteus_maximus_right,1,0.9838,0.9681,126627,1301,2871,127928,129498,ok,127928,431757.0,0,0.7746,0.261,0.1186,0.3347,0.2552,0.2909,2108160.0,0.2048,1,1.0,1,0.0065,20.54,26.0,27.1,-33.0,55.0,RAS
s1287,gluteus_medius_left,1,0.9705,0.9427,52761,2341,868,55102,53629,ok,55102,185969.25,0,0.186,0.3646,0.2232,0.2636,0.251,0.2068,1160932.5,0.1602,1,1.0,0,0.0,41.36,50.0,30.6,-26.0,70.0,RAS
s1287,gluteus_medius_right,1,0.969,0.9398,48499,1554,1552,50053,50051,ok,50053,168928.88,0,0.8303,0.4035,0.2077,0.2134,0.2929,0.2068,1096436.25,0.1541,1,1.0,0,0.0,43.71,50.0,25.19,-6.0,70.0,RAS
s1287,gluteus_minimus_left,1,0.9638,0.9302,20022,464,1039,20486,21061,ok,20486,69140.25,0,0.1946,0.4155,0.1969,0.1632,0.2259,0.1455,454896.0,0.152,1,1.0,0,0.0,21.22,34.0,43.27,-69.0,68.0,RAS
s1287,gluteus_minimus_right,1,0.9642,0.9309,22540,821,853,23361,23393,ok,23361,78843.38,0,0.8132,0.4591,0.1924,0.1548,0.2301,0.1591,480768.75,0.164,1,1.0,0,0.0,26.73,39.0,44.83,-64.0,68.0,RAS
s1287,heart,1,0.9732,0.9478,160534,3845,4999,164379,165533,ok,164379,554779.12,0,0.4482,0.5538,0.6849,0.3766,0.3515,0.2159,2423925.0,0.2289,1,1.0,0,0.0,99.37,106.0,31.76,35.0,137.0,RAS
s1287,hip_left,1,0.9913,0.9828,132736,1461,861,134197,133597,ok,134197,452914.88,0,0.3143,0.3818,0.192,0.3682,0.41,0.3318,4249476.0,0.1066,1,1.0,0,0.0,243.85,132.0,291.47,-41.0,881.0,RAS
s1287,hip_right,1,0.9899,0.98,128032,1338,1276,129370,129308,ok,129370,436623.75,0,0.7021,0.4077,0.1852,0.3808,0.4351,0.3227,4535622.0,0.0963,1,1.0,0,0.0,250.56,135.0,297.63,-46.0,900.0,RAS
s1287,humerus_left,1,0.9709,0.9435,12871,454,317,13325,13188,ok,13325,44971.88,0,0.1037,0.387,0.9824,0.1381,0.1674,0.0455,89100.0,0.5047,1,1.0,1,0.0759,105.78,73.0,161.28,-87.0,443.0,RAS
s1287,humerus_right,1,0.9545,0.913,10436,494,500,10930,10936,ok,10930,36888.75,0,0.879,0.3823,0.983,0.1339,0.1548,0.0432,75924.0,0.4859,1,1.0,1,0.0821,98.07,74.0,128.97,-67.0,356.55,RAS
s1287,iliac_artery_left,1,0.9616,0.926,8149,261,390,8410,8539,ok,8410,28383.75,0,0.3851,0.4793,0.2269,0.2427,0.1715,0.2705,955064.25,0.0297,1,1.0,0,0.0,162.2,119.0,174.56,61.0,500.0,RAS
s1287,iliac_artery_right,1,0.9638,0.9301,8185,302,313,8487,8498,ok,8487,28643.62,0,0.6127,0.5062,0.2314,0.2134,0.1883,0.2841,968203.12,0.0296,1,1.0,0,0.0,195.24,122.0,227.82,71.0,716.7,RAS
s1287,iliac_vena_left,1,0.9519,0.9083,11705,878,304,12583,12009,ok,12583,42467.62,0,0.4062,0.4621,0.2112,0.272,0.1841,0.25,1061775.0,0.04,1,1.0,0,0.0,55.3,55.0,18.35,28.0,82.0,RAS
s1287,iliac_vena_right,0,0.8503,0.7395,6212,1460,728,7672,6940,ok,7672,25893.0,0,0.6268,0.477,0.2093,0.1297,0.1841,0.2614,529402.5,0.0489,1,1.0,0,0.0,55.24,56.0,17.53,28.0,80.0,RAS
s1287,iliopsoas_left,1,0.9712,0.9441,53652,2181,998,55833,54650,ok,55833,188436.38,0,0.32,0.4428,0.2597,0.2803,0.251,0.4841,2889877.5,0.0652,1,1.0,0,0.0,52.91,56.0,22.14,14.0,79.0,RAS
s1287,iliopsoas_right,1,0.9803,0.9615,55398,1111,1110,56509,56508,ok,56509,190717.88,0,0.6876,0.4661,0.2522,0.2092,0.2929,0.4773,2480625.0,0.0769,1,1.0,0,0.0,52.19,56.0,23.34,10.0,79.0,RAS
s1287,inferior_vena_cava,0,0.9113,0.837,22517,588,3797,23105,26314,ok,23105,77979.38,0,0.5579,0.4751,0.5147,0.1088,0.1172,0.3386,366093.0,0.213,1,1.0,0,0.0,84.25,78.0,33.74,40.0,141.0,RAS
s1287,kidney_left,1,0.974,0.9494,46005,1405,1049,47410,47054,ok,47410,160008.75,0,0.3153,0.3273,0.4658,0.1967,0.1715,0.1568,448750.12,0.3566,1,1.0,0,0.0,135.08,141.0,29.54,74.0,169.0,RAS
s1287,kidney_right,1,0.9683,0.9386,43844,1724,1145,45568,44989,ok,45568,153792.0,0,0.7053,0.3396,0.4897,0.1925,0.1632,0.1591,423832.5,0.3629,1,1.0,0,0.0,136.85,142.0,28.79,80.0,171.0,RAS
s1287,liver,1,0.9814,0.9635,383317,7870,6647,391187,389964,ok,391187,1320256.12,0,0.6894,0.5021,0.5948,0.5607,0.5481,0.1955,5095048.5,0.2591,1,1.0,0,0.0,107.32,108.0,22.24,72.0,139.0,RAS
s1287,lung_lower_lobe_left,1,0.9958,0.9916,424672,1999,1580,426671,426252,ok,426671,1440014.62,0,0.2846,0.3578,0.6848,0.318,0.4812,0.3614,4690102.5,0.307,1,1.0,0,0.0,-864.18,-912.0,147.55,-967.0,-558.0,RAS
s1287,lung_lower_lobe_right,1,0.9605,0.9239,294628,2016,22240,296644,316868,ok,296644,1001173.5,0,0.7067,0.3509,0.7238,0.3808,0.4644,0.2591,3886359.75,0.2576,2,1.0,0,0.0,-818.7,-881.0,177.5,-960.0,-444.0,RAS
s1287,lung_middle_lobe_right,0,0.8832,0.7908,97293,21879,3854,119172,101147,ok,119172,402205.5,0,0.6857,0.6279,0.7033,0.3682,0.3305,0.175,1806651.0,0.2226,7,0.9999,0,0.0,-895.83,-931.0,117.86,-980.0,-662.0,RAS
s1287,lung_upper_lobe_left,1,0.9968,0.9936,397704,1576,987,399280,398691,ok,399280,1347570.0,0,0.3123,0.5107,0.8155,0.3515,0.4979,0.3636,5397840.0,0.2496,1,1.0,0,0.0,-850.98,-890.0,143.5,-961.0,-582.0,RAS
s1287,lung_upper_lobe_right,1,0.9894,0.9791,322817,4799,2086,327616,324903,ok,327616,1105704.0,0,0.6673,0.4769,0.8442,0.3766,0.5105,0.2523,4113382.5,0.2688,3,1.0,0,0.0,-839.81,-881.0,153.25,-957.0,-557.0,RAS
s1287,pancreas,0,0.9341,0.8763,18583,770,1853,19353,20436,ok,19353,65316.38,0,0.477,0.5093,0.4979,0.41,0.2427,0.1091,920808.0,0.0709,1,1.0,0,0.0,66.7,72.0,28.93,10.0,104.0,RAS
s1287,portal_vein_and_splenic_vein,0,0.8698,0.7696,6897,826,1239,7723,8136,ok,7723,26065.12,0,0.5791,0.5214,0.5469,0.4728,0.318,0.0955,1217349.0,0.0214,1,1.0,0,0.0,125.53,133.0,33.42,58.0,166.0,RAS
s1287,prostate,0,0.8138,0.6861,5079,889,1435,5968,6514,ok,5968,20142.0,0,0.5034,0.3872,0.0826,0.113,0.0921,0.0455,40095.0,0.5024,1,1.0,0,0.0,50.62,51.0,18.62,21.0,81.0,RAS
s1287,pulmonary_vein,0,0.8323,0.7127,8144,1163,2120,9307,10264,ok,9307,31411.12,0,0.4887,0.4252,0.7335,0.3138,0.1548,0.1114,458915.62,0.0684,3,0.45,0,0.0,102.64,115.0,43.27,17.0,144.0,RAS
s1287,rib_left_1,1,0.967,0.9362,2361,125,36,2486,2397,ok,2486,8390.25,0,0.3367,0.5039,0.9437,0.0962,0.2176,0.1023,181642.5,0.0462,1,1.0,1,0.0056,271.6,245.0,191.57,3.0,622.5,RAS
s1287,rib_left_10,1,0.9783,0.9576,4832,197,17,5029,4849,ok,5029,16972.88,0,0.2194,0.2728,0.6192,0.2971,0.3305,0.2159,1798385.62,0.0094,1,1.0,0,0.0,265.44,239.0,208.19,-26.0,663.0,RAS
s1287,rib_left_11,1,0.9766,0.9542,3420,124,40,3544,3460,ok,3544,11961.0,0,0.2512,0.244,0.5799,0.2845,0.2469,0.2159,1286347.5,0.0093,3,0.9955,0,0.0,308.89,284.0,207.23,7.15,702.0,RAS
s1287,rib_left_12,0,0.9228,0.8567,2247,193,183,2440,2430,ok,2440,8235.0,0,0.3032,0.2247,0.5414,0.2427,0.1213,0.1614,403049.25,0.0204,1,1.0,0,0.0,311.69,289.0,191.26,40.0,665.0,RAS
s1287,rib_left_2,1,0.9704,0.9425,4018,109,136,4127,4154,ok,4127,13928.62,0,0.2774,0.4562,0.9325,0.1799,0.3138,0.1227,587756.25,0.0237,1,1.0,0,0.0,205.9,204.0,186.95,-52.0,536.7,RAS
s1287,rib_left_3,1,0.9533,0.9108,4103,392,10,4495,4113,ok,4495,15170.62,0,0.2407,0.4523,0.8925,0.2259,0.41,0.15,1178793.0,0.0129,1,1.0,0,0.0,177.7,180.0,155.95,-50.3,455.3,RAS
s1287,rib_left_4,1,0.9656,0.9334,5284,342,35,5626,5319,ok,5626,18987.75,0,0.2237,0.449,0.85,0.2427,0.4812,0.1659,1643321.25,0.0116,4,0.9993,0,0.0,171.15,174.0,160.81,-58.0,456.0,RAS
s1287,rib_left_5,1,0.9742,0.9498,6430,309,31,6739,6461,ok,6739,22744.12,0,0.2141,0.4387,0.8078,0.2552,0.5188,0.175,1965694.5,0.0116,1,1.0,0,0.0,181.4,166.0,177.29,-50.0,516.1,RAS
s1287,rib_left_6,1,0.9703,0.9424,7099,322,112,7421,7211,ok,7421,25045.88,0,0.2035,0.417,0.768,0.2594,0.5105,0.1955,2195451.0,0.0114,3,0.9996,0,0.0,190.6,159.0,197.54,-52.0,556.0,RAS
s1287,rib_left_7,1,0.9757,0.9525,7798,192,197,7990,7995,ok,7990,26966.25,0,0.1989,0.3999,0.7249,0.2762,0.4979,0.2159,2518188.75,0.0107,3,0.9997,0,0.0,239.46,213.0,237.21,-65.0,680.0,RAS
s1287,rib_left_8,1,0.9811,0.963,6608,183,71,6791,6679,ok,6791,22919.62,0,0.1981,0.3552,0.6899,0.2803,0.4477,0.2364,2516319.0,0.0091,3,0.9996,0,0.0,249.22,223.0,213.36,-42.0,662.0,RAS
s1287,rib_left_9,1,0.9803,0.9614,5753,218,13,5971,5766,ok,5971,20152.12,0,0.205,0.3091,0.6547,0.2971,0.3933,0.2364,2342574.0,0.0086,1,1.0,0,0.0,239.89,218.0,204.06,-47.0,629.0,RAS
s1287,rib_right_1,1,0.9479,0.9009,2682,40,255,2722,2937,ok,2722,9186.75,0,0.6487,0.4999,0.9399,0.113,0.2176,0.1023,213232.5,0.0431,1,1.0,1,0.0,305.61,285.0,211.83,-2.0,706.95,RAS
s1287,rib_right_10,0,0.6866,0.5227,4125,3126,640,7251,4765,ok,7251,24472.12,0,0.8004,0.2733,0.6034,0.2971,0.318,0.2318,1857573.0,0.0132,2,0.5897,0,0.0,337.27,310.0,214.47,23.0,750.5,RAS
s1287,rib_right_11,0,0.1548,0.0839,481,2331,2923,2812,3404,low_dice,2812,9490.5,0,0.7319,0.2426,0.5518,0.2552,0.1967,0.2136,909555.75,0.0104,4,0.8297,0,0.0,353.65,322.5,227.08,28.55,789.45,RAS
s1287,rib_right_12,0,0.1049,0.0554,137,20,2317,157,2454,low_dice,157,529.88,0,0.645,0.2446,0.544,0.0544,0.0251,0.025,2895.75,0.183,1,1.0,0,0.0,272.24,257.0,90.95,138.6,443.8,RAS
s1287,rib_right_2,1,0.9711,0.9439,3581,78,135,3659,3716,ok,3659,12349.12,0,0.7018,0.4526,0.9311,0.1967,0.3222,0.1205,647348.62,0.0191,7,0.9951,0,0.0,227.99,213.0,198.5,-49.0,585.1,RAS
s1287,rib_right_3,1,0.9531,0.9104,4265,323,97,4588,4362,ok,4588,15484.5,0,0.7401,0.4443,0.8965,0.2343,0.4017,0.1409,1124928.0,0.0138,5,0.9972,0,0.0,159.49,165.0,146.7,-53.65,410.65,RAS
s1287,rib_right_4,1,0.9612,0.9252,5087,400,11,5487,5098,ok,5487,18518.62,0,0.7643,0.4421,0.8577,0.2594,0.4812,0.1545,1636335.0,0.0113,1,1.0,0,0.0,182.03,180.0,171.13,-59.0,481.0,RAS
s1287,rib_right_5,1,0.9583,0.92,6302,531,17,6833,6319,ok,6833,23061.38,0,0.7864,0.4373,0.8153,0.272,0.5063,0.1682,1964283.75,0.0117,1,1.0,0,0.0,182.35,170.0,182.07,-61.0,517.0,RAS
s1287,rib_right_6,1,0.9686,0.9392,7074,434,24,7508,7098,ok,7508,25339.5,0,0.7992,0.4229,0.7747,0.2678,0.5272,0.1841,2204496.0,0.0115,2,0.9999,0,0.0,205.84,181.0,211.98,-69.0,596.0,RAS
s1287,rib_right_7,1,0.9558,0.9153,7904,556,175,8460,8079,ok,8460,28552.5,0,0.8106,0.4086,0.7291,0.272,0.5146,0.2614,3103059.5,0.0092,3,0.9957,0,0.0,239.85,203.5,231.45,-56.0,690.0,RAS
s1287,rib_right_8,0,0.9094,0.8339,6575,1214,96,7789,6671,ok,7789,26287.88,0,0.8232,0.3966,0.6724,0.2845,0.4812,0.2682,3114315.0,0.0084,2,0.891,0,0.0,256.71,233.0,212.31,-35.0,671.0,RAS
s1287,rib_right_9,0,0.8646,0.7616,5302,802,858,6104,6160,ok,6104,20601.0,0,0.8203,0.315,0.6583,0.2929,0.3724,0.25,2312887.5,0.0089,3,0.9042,0,0.0,282.99,256.0,225.17,-30.85,721.0,RAS
s1287,sacrum,0,0.8952,0.8104,42730,4966,5034,47696,47764,ok,47696,160974.0,0,0.5235,0.2601,0.2372,0.318,0.2427,0.2136,1398438.0,0.1151,25,0.9986,0,0.0,136.91,89.0,204.12,-74.0,534.0,RAS
s1287,scapula_left,1,0.9513,0.9072,30927,1638,1527,32565,32454,ok,32565,109906.88,0,0.1768,0.2937,0.9052,0.2887,0.2887,0.2591,1831794.75,0.06,1,1.0,1,0.0093,300.03,231.0,286.31,-25.0,890.0,RAS
s1287,scapula_right,1,0.95,0.9047,31379,2368,938,33747,32317,ok,33747,113896.12,0,0.8153,0.2823,0.9093,0.3096,0.2887,0.2523,1912835.25,0.0595,1,1.0,1,0.007,296.88,229.0,295.28,-37.0,916.7,RAS
s1287,small_bowel,1,0.9628,0.9283,270841,9265,11641,280106,282482,ok,280106,945357.75,0,0.4819,0.4959,0.3312,0.6527,0.3013,0.3773,6292728.0,0.1502,9,0.9904,0,0.0,51.45,65.0,46.74,-44.0,94.0,RAS
s1287,spinal_cord,0,0.9413,0.8891,23001,1426,1443,24427,24444,ok,24427,82441.12,0,0.5171,0.3025,0.6024,0.0837,0.205,0.7364,1071630.0,0.0769,1,1.0,1,0.0041,16.4,19.0,31.47,-42.0,60.0,RAS
s1287,spleen,1,0.9613,0.9256,22060,1192,582,23252,22642,ok,23252,78475.5,0,0.2572,0.3115,0.555,0.1967,0.1423,0.1045,248089.5,0.3163,1,1.0,0,0.0,81.26,87.0,26.79,27.55,113.0,RAS
s1287,sternum,0,0.9288,0.8671,21591,2233,1076,23824,22667,ok,23824,80406.0,0,0.4929,0.6895,0.8153,0.1632,0.2176,0.2841,855562.5,0.094,1,1.0,0,0.0,88.06,67.0,151.07,-90.0,369.0,RAS
s1287,stomach,1,0.9565,0.9166,141434,6896,5972,148330,147406,ok,148330,500613.75,0,0.3682,0.551,0.5388,0.4686,0.4142,0.1432,2357586.0,0.2123,1,1.0,0,0.0,-105.76,29.0,338.04,-982.0,88.0,RAS
s1287,subclavian_artery_left,0,0.8345,0.716,3565,363,1051,3928,4616,ok,3928,13257.0,0,0.3912,0.4773,0.9245,0.2678,0.0879,0.1045,208656.0,0.0635,1,1.0,0,0.0,163.84,110.0,211.19,24.35,604.65,RAS
s1287,subclavian_artery_right,0,0.7998,0.6663,2656,353,977,3009,3633,ok,3009,10155.38,0,0.6312,0.492,0.9382,0.251,0.0753,0.0659,105705.0,0.0961,1,1.0,0,0.0,135.4,107.0,155.47,41.0,409.6,RAS
s1287,superior_vena_cava,0,0.9194,0.8509,7384,510,784,7894,8168,ok,7894,26642.25,0,0.5654,0.5085,0.7913,0.0795,0.0795,0.1432,76757.62,0.3471,1,1.0,0,0.0,93.67,102.0,31.83,24.0,128.0,RAS
s1287,thyroid_gland,0,0.866,0.7637,3047,705,238,3752,3285,ok,3752,12663.0,0,0.5092,0.5373,0.9606,0.1464,0.0711,0.0682,60243.75,0.2102,1,1.0,1,0.0029,113.61,120.0,34.24,53.55,154.0,RAS
s1287,trachea,1,0.9735,0.9484,16110,197,679,16307,16789,ok,16307,55036.12,0,0.5053,0.4526,0.8689,0.2469,0.1967,0.2045,842298.75,0.0653,1,1.0,0,0.0,-925.79,-989.0,162.57,-1022.0,-512.0,RAS
s1287,urinary_bladder,1,0.9764,0.9539,36534,795,971,37329,37505,ok,37329,125985.38,0,0.5025,0.477,0.1246,0.2092,0.2385,0.0864,365512.5,0.3447,3,0.9994,0,0.0,23.62,24.0,25.48,-18.0,59.0,RAS
s1287,vertebrae_C6,0,0.7807,0.6404,1022,14,560,1036,1582,ok,1036,3496.5,0,0.4894,0.4539,0.9896,0.0879,0.0711,0.025,13253.62,0.2638,3,0.9624,1,0.1226,195.77,177.0,114.83,37.75,408.5,RAS
s1287,vertebrae_C7,0,0.6532,0.485,3570,627,3164,4197,6734,ok,4197,14164.88,0,0.4959,0.4153,0.9784,0.1841,0.1506,0.0477,112266.0,0.1262,14,0.6338,1,0.0479,220.89,171.0,178.26,28.8,592.4,RAS
s1287,vertebrae_L1,1,0.9859,0.9722,16836,220,261,17056,17097,ok,17056,57564.0,0,0.5298,0.3252,0.4993,0.2259,0.2385,0.0795,363588.75,0.1583,1,1.0,0,0.0,242.37,166.0,242.42,15.0,796.25,RAS
s1287,vertebrae_L2,1,0.9879,0.9762,19053,186,279,19239,19332,ok,19239,64931.62,0,0.5241,0.3539,0.4472,0.272,0.2469,0.0841,478895.62,0.1356,1,1.0,0,0.0,248.94,168.0,245.48,19.0,808.0,RAS
s1287,vertebrae_L3,1,0.9895,0.9793,19330,76,333,19406,19663,ok,19406,65495.25,0,0.5243,0.3738,0.3953,0.272,0.251,0.0773,447525.0,0.1463,1,1.0,0,0.0,252.25,178.0,248.64,15.0,804.75,RAS
s1287,vertebrae_L4,1,0.9902,0.9805,18762,66,307,18828,19069,ok,18828,63544.5,0,0.5208,0.3828,0.3459,0.251,0.2469,0.0682,358425.0,0.1773,2,0.9999,0,0.0,259.1,175.0,250.49,21.0,815.65,RAS
s1287,vertebrae_L5,1,0.9893,0.9788,18721,162,244,18883,18965,ok,18883,63730.12,0,0.5283,0.3626,0.3024,0.272,0.2301,0.0818,434362.5,0.1467,1,1.0,0,0.0,248.88,168.0,248.04,10.0,803.0,RAS
s1287,vertebrae_S1,0,0.7603,0.6133,8701,3827,1659,12528,10360,ok,12528,42282.0,0,0.5232,0.3284,0.2628,0.1757,0.1799,0.0705,188952.75,0.2238,1,1.0,0,0.0,228.14,167.0,219.13,6.0,709.0,RAS
s1287,vertebrae_T1,0,0.619,0.4482,4626,3225,2470,7851,7096,ok,7851,26497.12,0,0.492,0.3728,0.9663,0.2301,0.1715,0.0727,243540.0,0.1088,11,0.9028,1,0.0483,237.9,190.0,215.59,-18.0,680.0,RAS
s1287,vertebrae_T10,1,0.9839,0.9683,12207,313,87,12520,12294,ok,12520,42255.0,0,0.5171,0.2784,0.6416,0.1632,0.2176,0.0705,212179.5,0.1991,1,1.0,0,0.0,222.33,161.0,199.05,33.0,653.0,RAS
s1287,vertebrae_T11,1,0.9868,0.974,14117,132,245,14249,14362,ok,14249,48090.38,0,0.5197,0.2897,0.5995,0.1548,0.2176,0.0705,201298.5,0.2389,2,0.9999,0,0.0,216.6,159.0,191.21,31.0,617.6,RAS
s1287,vertebrae_T12,1,0.9864,0.9732,15753,208,225,15961,15978,ok,15961,53868.38,0,0.5236,0.3041,0.5506,0.1506,0.2259,0.0773,223074.0,0.2415,1,1.0,0,0.0,223.37,152.0,222.07,20.0,734.0,RAS
s1287,vertebrae_T2,0,0.7082,0.5483,5275,2542,1804,7817,7079,ok,7817,26382.38,0,0.4912,0.3405,0.9374,0.2092,0.1799,0.0886,282993.75,0.0932,3,0.9561,0,0.0,201.16,157.0,192.06,-17.0,580.0,RAS
s1287,vertebrae_T3,0,0.8094,0.6799,6134,1783,1105,7917,7239,ok,7917,26719.88,0,0.499,0.3105,0.9031,0.1883,0.1925,0.0886,272463.75,0.0981,5,0.7882,0,0.0,171.97,135.0,180.24,-47.0,515.0,RAS
s1287,vertebrae_T4,0,0.8881,0.7987,7329,1041,806,8370,8135,ok,8370,28248.75,0,0.5076,0.2925,0.8673,0.1841,0.1925,0.0886,266409.0,0.106,4,0.9533,0,0.0,181.14,134.0,191.3,-33.0,559.0,RAS
s1287,vertebrae_T5,0,0.9184,0.8491,8111,902,539,9013,8650,ok,9013,30418.88,0,0.5114,0.2777,0.832,0.1925,0.1925,0.0909,285660.0,0.1065,2,0.9826,0,0.0,189.07,142.0,199.14,-31.0,591.0,RAS
s1287,vertebrae_T6,0,0.9167,0.8462,8293,467,1040,8760,9333,ok,8760,29565.0,0,0.5133,0.2706,0.7934,0.1841,0.205,0.1023,327442.5,0.0903,8,0.9986,0,0.0,200.08,150.0,201.9,-7.0,615.05,RAS
s1287,vertebrae_T7,0,0.938,0.8833,9777,1143,149,10920,9926,ok,10920,36855.0,0,0.515,0.2592,0.758,0.1799,0.205,0.1341,419556.38,0.0878,5,0.9962,0,0.0,224.22,167.0,202.47,13.0,660.0,RAS
s1287,vertebrae_T8,1,0.982,0.9647,10220,304,70,10524,10290,ok,10524,35518.5,0,0.5173,0.2607,0.7189,0.1841,0.205,0.1273,407484.0,0.0872,3,0.9939,0,0.0,222.16,167.0,197.43,22.0,649.0,RAS
s1287,vertebrae_T9,1,0.9868,0.974,11183,265,34,11448,11217,ok,11448,38637.0,0,0.5164,0.2695,0.681,0.1799,0.205,0.0818,256000.5,0.1509,1,1.0,0,0.0,220.02,163.0,189.23,37.0,626.65,RAS
s1278,adrenal_gland_left,0,0.9464,0.8982,2964,91,245,3055,3209,ok,3055,10310.62,0,0.4057,0.4786,0.1105,0.0658,0.0987,0.1841,89100.0,0.1157,3,0.9918,0,0.0,1.58,2.0,41.37,-68.0,68.3,RAS
s1278,adrenal_gland_right,1,0.9561,0.9159,2210,157,46,2367,2256,ok,2367,7988.62,0,0.6009,0.4486,0.143,0.0822,0.0888,0.1213,66065.62,0.1209,1,1.0,0,0.0,1.58,1.0,41.96,-69.0,69.0,RAS
s1278,aorta,1,0.9834,0.9674,122165,3248,867,125413,123032,ok,125413,423268.88,0,0.5057,0.4624,0.5112,0.1743,0.2961,0.7782,2994367.5,0.1414,1,1.0,1,0.0017,38.67,39.0,40.26,-19.0,92.0,RAS
s1278,atrial_appendage_left,1,0.9523,0.909,1798,95,85,1893,1883,ok,1893,6388.88,0,0.4463,0.4915,0.5421,0.0658,0.0559,0.0879,24097.5,0.2651,1,1.0,0,0.0,13.91,14.0,35.65,-46.0,70.4,RAS
s1278,autochthon_left,1,0.9836,0.9678,130082,2947,1380,133029,131462,ok,133029,448972.88,0,0.4459,0.2318,0.3497,0.2105,0.1941,1.0,3045816.0,0.1474,1,1.0,1,0.0128,10.97,13.0,42.93,-65.0,76.0,RAS
s1278,autochthon_right,1,0.9804,0.9616,132239,2872,2412,135111,134651,ok,135111,455999.62,0,0.6028,0.2345,0.3766,0.2138,0.2007,1.0,3198268.0,0.1426,1,1.0,1,0.0129,9.29,11.0,43.03,-68.0,75.0,RAS
s1278,brachiocephalic_trunk,1,0.9521,0.9087,2467,141,107,2608,2574,ok,2608,8802.0,0,0.5377,0.5107,0.8098,0.0559,0.0493,0.0921,18933.75,0.4649,1,1.0,0,0.0,44.35,44.0,31.08,-3.0,90.0,RAS
s1278,brachiocephalic_vein_left,1,0.9718,0.9452,4757,175,101,4932,4858,ok,4932,16645.5,0,0.5118,0.5316,0.7911,0.148,0.0921,0.1339,136080.0,0.1223,1,1.0,0,0.0,36.79,39.0,30.83,-18.0,82.0,RAS
s1278,brachiocephalic_vein_right,1,0.9741,0.9494,3023,89,72,3112,3095,ok,3112,10503.0,0,0.5845,0.5005,0.8098,0.0625,0.0625,0.1213,35332.88,0.2973,1,1.0,0,0.0,26.3,32.0,40.23,-26.0,71.0,RAS
s1278,clavicula_left,1,0.9832,0.9669,9980,170,172,10150,10152,ok,10150,34256.25,0,0.3569,0.4379,0.9081,0.2599,0.2862,0.1967,1090229.62,0.0314,1,1.0,1,0.0048,411.86,311.0,339.11,6.0,1030.0,RAS
s1278,clavicula_right,1,0.9854,0.9713,10599,156,157,10755,10756,ok,10755,36298.12,0,0.6954,0.4433,0.9186,0.2632,0.2533,0.1841,914760.0,0.0397,1,1.0,1,0.0093,384.6,279.0,333.26,-9.0,1004.0,RAS
s1278,colon,1,0.9786,0.958,127881,3499,2105,131380,129986,ok,131380,443407.5,0,0.4428,0.6909,0.1104,0.6645,0.3684,0.2762,5039496.0,0.088,2,0.997,1,0.0186,-90.38,-49.0,170.9,-424.0,40.0,RAS
s1278,common_carotid_artery_left,1,0.9639,0.9303,2095,90,67,2185,2162,ok,2185,7374.38,0,0.479,0.4798,0.8757,0.0757,0.0724,0.2301,93926.25,0.0785,1,1.0,1,0.0174,28.97,33.0,32.4,-29.0,75.8,RAS
s1278,common_carotid_artery_right,0,0.8792,0.7844,1026,133,149,1159,1175,ok,1159,3911.62,0,0.5679,0.4719,0.9239,0.0592,0.0757,0.1464,48903.75,0.08,3,0.736,1,0.0267,28.49,30.0,33.77,-24.1,79.0,RAS
s1278,costal_cartilages,0,0.9299,0.8689,65342,4256,5600,69598,70942,ok,69598,234893.25,0,0.5093,0.7199,0.4329,0.7599,0.3914,0.8368,18555076.0,0.0127,41,0.3906,1,0.0007,87.05,84.0,50.24,24.0,150.0,RAS
s1278,duodenum,1,0.951,0.9066,5476,74,490,5550,5966,ok,5550,18731.25,0,0.5884,0.5493,0.0335,0.2336,0.1151,0.0837,167737.5,0.1117,2,0.9661,1,0.0485,1.48,11.0,90.9,-75.0,80.0,RAS
s1278,esophagus,1,0.9643,0.9312,13335,364,622,13699,13957,ok,13699,46234.12,0,0.5077,0.4402,0.5345,0.0855,0.1579,0.7029,707616.0,0.0653,1,1.0,0,0.0,-111.73,-6.0,274.94,-913.0,61.0,RAS
s1278,gallbladder,1,0.9579,0.9192,7590,495,172,8085,7762,ok,8085,27286.88,0,0.7291,0.5824,0.0574,0.1118,0.0921,0.0921,70686.0,0.386,1,1.0,0,0.0,4.56,4.0,38.9,-59.0,69.0,RAS
s1278,heart,1,0.9691,0.94,234638,7805,7182,242443,241820,ok,242443,818245.12,0,0.4559,0.5824,0.445,0.352,0.3355,0.364,3204623.25,0.2553,1,1.0,0,0.0,33.01,34.0,33.12,-22.0,85.0,RAS
s1278,humerus_left,1,0.9888,0.9779,26979,445,166,27424,27145,ok,27424,92556.0,0,0.1464,0.355,0.9273,0.1184,0.1349,0.1548,184315.5,0.5022,1,1.0,1,0.0185,140.7,99.0,197.05,-73.0,511.0,RAS
s1278,humerus_right,1,0.985,0.9705,25820,367,417,26187,26237,ok,26187,88381.12,0,0.9019,0.409,0.9325,0.1118,0.1414,0.1464,172698.75,0.5118,1,1.0,1,0.0221,131.86,92.0,179.38,-65.0,472.0,RAS
s1278,iliopsoas_left,0,0.9263,0.8628,2439,21,367,2460,2806,ok,2460,8302.5,0,0.4269,0.3449,0.0283,0.0691,0.0921,0.1004,47628.0,0.1743,1,1.0,1,0.1126,36.54,38.0,41.35,-32.0,101.0,RAS
s1278,iliopsoas_right,1,0.9626,0.928,2512,112,83,2624,2595,ok,2624,8856.0,0,0.592,0.3495,0.0302,0.0559,0.0855,0.1046,37293.75,0.2375,1,1.0,1,0.093,37.19,39.0,45.41,-41.0,107.0,RAS
s1278,inferior_vena_cava,0,0.9448,0.8953,14595,784,922,15379,15517,ok,15379,51904.12,0,0.5615,0.5107,0.2095,0.0789,0.102,0.4059,243567.0,0.2131,1,1.0,1,0.0102,34.94,35.0,38.8,-29.0,98.0,RAS
s1278,kidney_cyst_right,0,0.0,0.0,0,266,0,266,0,false_positive,266,897.75,0,0.6935,0.4244,0.0122,0.0362,0.0461,0.0293,3638.25,0.2468,1,1.0,1,0.0376,-12.78,-13.0,36.94,-68.75,46.0,RAS
s1278,kidney_left,1,0.9846,0.9696,52049,1039,591,53088,52640,ok,53088,179172.0,0,0.3157,0.4252,0.0719,0.1875,0.1908,0.1841,490941.0,0.365,1,1.0,1,0.0249,11.64,12.0,39.94,-55.0,76.0,RAS
s1278,kidney_right,1,0.9767,0.9544,36582,646,1100,37228,37682,ok,37228,125644.5,0,0.6898,0.4038,0.0524,0.1711,0.1842,0.1423,334152.0,0.376,1,1.0,1,0.0389,16.9,17.0,41.62,-52.0,84.0,RAS
s1278,liver,1,0.9947,0.9894,609421,3779,2752,613200,612173,ok,613200,2069550.0,0,0.6755,0.5673,0.1948,0.5164,0.4276,0.3808,6268421.0,0.3302,1,1.0,1,0.0009,44.13,45.0,36.9,-17.0,104.0,RAS
s1278,lung_lower_lobe_left,1,0.9951,0.9902,352250,880,2594,353130,354844,ok,353130,1191813.75,0,0.3509,0.3636,0.4416,0.3487,0.3947,0.5816,5967270.0,0.1997,7,1.0,0,0.0,-798.7,-841.0,137.83,-908.0,-507.0,RAS
s1278,lung_lower_lobe_right,1,0.9965,0.9931,449048,1396,1720,450444,450768,ok,450444,1520248.5,0,0.6943,0.3802,0.4125,0.3882,0.4408,0.5816,7417804.5,0.2049,3,1.0,0,0.0,-822.62,-859.0,132.12,-926.0,-572.0,RAS
s1278,lung_middle_lobe_right,1,0.9905,0.9811,184737,1416,2143,186153,186880,ok,186153,628266.38,0,0.6995,0.6145,0.4594,0.3586,0.3487,0.2469,2300690.25,0.2731,2,1.0,0,0.0,-875.23,-903.0,106.23,-952.0,-680.0,RAS
s1278,lung_upper_lobe_left,1,0.9969,0.9939,482364,1757,1217,484121,483581,ok,484121,1633908.38,0,0.3383,0.5051,0.6229,0.3388,0.4605,0.6485,7543462.5,0.2166,1,1.0,0,0.0,-839.22,-872.0,120.03,-928.0,-600.0,RAS
s1278,lung_upper_lobe_right,1,0.9947,0.9895,430440,1657,2925,432097,433365,ok,432097,1458327.38,0,0.6909,0.4697,0.681,0.3454,0.4671,0.4184,5032125.0,0.2898,3,1.0,0,0.0,-840.9,-872.0,118.84,-925.0,-621.0,RAS
s1278,pancreas,1,0.9574,0.9182,22784,517,1512,23301,24296,ok,23301,78640.88,0,0.4498,0.5528,0.0859,0.3191,0.1809,0.1841,792247.5,0.0993,1,1.0,1,0.0165,18.37,20.0,45.48,-59.0,90.0,RAS
s1278,portal_vein_and_splenic_vein,0,0.8894,0.8008,6932,1166,558,8098,7490,ok,8098,27330.75,0,0.5365,0.5312,0.1304,0.4342,0.2566,0.1632,1355211.0,0.0202,2,0.6546,0,0.0,27.82,28.0,41.41,-40.0,94.0,RAS
s1278,pulmonary_vein,1,0.9528,0.9098,8032,579,217,8611,8249,ok,8611,29062.12,0,0.5059,0.4575,0.5206,0.2895,0.1349,0.1883,547965.0,0.053,4,0.3865,0,0.0,15.51,21.0,53.63,-59.0,80.0,RAS
s1278,rib_left_1,1,0.9564,0.9165,3325,66,237,3391,3562,ok,3391,11444.62,0,0.3894,0.4636,0.8617,0.0888,0.227,0.1967,295518.38,0.0387,1,1.0,0,0.0,327.95,309.0,174.52,72.5,649.5,RAS
s1278,rib_left_10,1,0.9813,0.9632,6184,35,201,6219,6385,ok,6219,20989.12,0,0.2527,0.3118,0.2737,0.3125,0.3191,0.2845,2114842.5,0.0099,1,1.0,0,0.0,310.93,282.0,202.68,37.0,694.1,RAS
s1278,rib_left_11,1,0.9813,0.9632,5058,17,176,5075,5234,ok,5075,17128.12,0,0.268,0.2929,0.1647,0.3125,0.2336,0.2887,1570741.88,0.0109,1,1.0,1,0.0032,328.98,301.0,202.12,36.0,700.0,RAS
s1278,rib_left_12,1,0.9731,0.9476,2188,49,72,2237,2260,ok,2237,7549.88,0,0.352,0.2704,0.1131,0.2237,0.0888,0.2008,297432.0,0.0254,1,1.0,1,0.0094,330.41,328.0,159.17,79.0,592.0,RAS
s1278,rib_left_2,1,0.9796,0.96,4299,88,91,4387,4390,ok,4387,14806.12,0,0.336,0.4272,0.8376,0.1579,0.2961,0.1757,612360.0,0.0242,1,1.0,0,0.0,218.16,201.0,152.12,5.0,503.7,RAS
s1278,rib_left_3,1,0.9795,0.9598,5163,187,29,5350,5192,ok,5350,18056.25,0,0.3082,0.4329,0.7786,0.2007,0.3651,0.1841,1005493.5,0.018,1,1.0,0,0.0,208.85,193.0,166.3,-24.0,522.0,RAS
s1278,rib_left_4,1,0.9818,0.9643,6110,138,88,6248,6198,ok,6248,21087.0,0,0.2834,0.4331,0.7105,0.2138,0.4145,0.1925,1271497.5,0.0166,2,0.9998,0,0.0,190.36,172.0,162.04,-38.0,491.0,RAS
s1278,rib_left_5,0,0.9336,0.8755,6610,97,843,6707,7453,ok,6707,22636.12,0,0.273,0.4245,0.648,0.2336,0.4605,0.2134,1710922.5,0.0132,5,0.9991,0,0.0,192.92,177.0,173.73,-47.0,515.0,RAS
s1278,rib_left_6,0,0.8413,0.726,7968,2397,610,10365,8578,ok,10365,34981.88,0,0.2639,0.3948,0.578,0.2533,0.5,0.2469,2330559.0,0.015,12,0.7779,0,0.0,214.44,192.0,185.34,-37.0,552.0,RAS
s1278,rib_left_7,0,0.7479,0.5973,6475,2744,1621,9219,8096,ok,9219,31114.12,0,0.2424,0.3906,0.4951,0.2862,0.4803,0.2887,2957978.25,0.0105,11,0.5586,0,0.0,212.69,190.0,182.99,-31.0,552.1,RAS
s1278,rib_left_8,0,0.7081,0.5481,5425,2004,2469,7429,7894,ok,7429,25072.88,0,0.2344,0.3797,0.4096,0.3092,0.4474,0.3264,3365388.0,0.0075,12,0.5853,0,0.0,238.01,212.0,183.82,-5.0,574.6,RAS
s1278,rib_left_9,0,0.8041,0.6724,5068,109,2360,5177,7428,ok,5177,17472.38,0,0.2212,0.3782,0.3355,0.3059,0.4013,0.3222,2948541.75,0.0059,2,0.7817,0,0.0,260.21,238.0,185.69,8.0,612.0,RAS
s1278,rib_right_1,0,0.942,0.8904,3786,99,367,3885,4153,ok,3885,13111.88,0,0.6515,0.4635,0.874,0.1053,0.2138,0.1967,329940.0,0.0397,2,0.9992,0,0.0,286.04,255.0,173.96,51.0,616.0,RAS
s1278,rib_right_10,0,0.9019,0.8213,5980,663,638,6643,6618,ok,6643,22420.12,0,0.8007,0.3382,0.241,0.2928,0.3586,0.3808,2979419.5,0.0075,7,0.6404,1,0.0054,322.14,282.0,202.77,48.0,705.0,RAS
s1278,rib_right_11,0,0.9002,0.8185,3955,7,870,3962,4825,ok,3962,13371.75,0,0.7673,0.2929,0.1718,0.2895,0.2336,0.2678,1349568.0,0.0099,1,1.0,0,0.0,377.24,358.0,196.62,78.0,727.9,RAS
s1278,rib_right_12,1,0.9838,0.9682,2189,11,61,2200,2250,ok,2200,7425.0,0,0.688,0.2762,0.0964,0.1875,0.0757,0.1925,203532.75,0.0365,1,1.0,1,0.0159,350.25,344.0,174.84,69.95,650.05,RAS
s1278,rib_right_2,1,0.9706,0.9429,4555,157,119,4712,4674,ok,4712,15903.0,0,0.7077,0.4276,0.8597,0.1743,0.3026,0.1883,740542.5,0.0215,5,0.9992,0,0.0,225.79,205.0,166.73,-1.0,543.45,RAS
s1278,rib_right_3,1,0.9829,0.9663,5337,94,92,5431,5429,ok,5431,18329.62,0,0.7367,0.4423,0.7946,0.2007,0.375,0.2134,1196957.25,0.0153,1,1.0,0,0.0,181.58,162.0,158.98,-35.0,505.0,RAS
s1278,rib_right_4,1,0.9869,0.9742,6804,70,110,6874,6914,ok,6874,23199.75,0,0.7675,0.4398,0.7308,0.2204,0.4243,0.205,1429336.12,0.0162,2,0.9999,0,0.0,216.56,204.0,182.36,-43.0,551.0,RAS
s1278,rib_right_5,1,0.9868,0.9739,7169,82,110,7251,7279,ok,7251,24472.12,0,0.7796,0.4312,0.6654,0.2303,0.4671,0.205,1643827.5,0.0149,5,0.9994,0,0.0,208.24,195.0,183.54,-45.0,543.5,RAS
s1278,rib_right_6,1,0.9833,0.9672,7834,209,57,8043,7891,ok,8043,27145.12,0,0.786,0.4294,0.5991,0.2368,0.5132,0.2343,2122848.0,0.0128,8,0.9985,0,0.0,208.48,195.0,181.91,-50.0,534.0,RAS
s1278,rib_right_7,0,0.882,0.789,9260,2339,138,11599,9398,ok,11599,39146.62,0,0.8069,0.4194,0.5124,0.273,0.5,0.2762,2810214.0,0.0139,12,0.8073,0,0.0,217.12,193.0,181.85,-29.0,553.0,RAS
s1278,rib_right_8,0,0.7021,0.5409,6147,2866,2351,9013,8498,ok,9013,30418.88,0,0.8083,0.3861,0.4254,0.2862,0.477,0.3096,3150596.25,0.0097,15,0.4709,0,0.0,267.9,248.0,186.0,10.0,604.0,RAS
s1278,rib_right_9,0,0.7293,0.574,4435,549,2743,4984,7178,ok,4984,16821.0,0,0.7851,0.3521,0.3476,0.2928,0.4342,0.3473,3290908.5,0.0051,10,0.5835,0,0.0,258.39,230.0,193.14,0.0,620.85,RAS
s1278,scapula_left,1,0.9772,0.9555,44103,1264,790,45367,44893,ok,45367,153113.62,0,0.231,0.2826,0.7517,0.2467,0.2072,0.5941,2264456.25,0.0676,1,1.0,1,0.0038,280.64,211.0,251.33,9.0,841.0,RAS
s1278,scapula_right,1,0.9812,0.9632,41753,847,750,42600,42503,ok,42600,143775.0,0,0.848,0.3176,0.7647,0.2336,0.2138,0.5774,2149436.25,0.0669,1,1.0,1,0.0041,306.03,236.0,255.44,17.0,873.0,RAS
s1278,small_bowel,1,0.9707,0.9431,23053,622,768,23675,23821,ok,23675,79903.12,0,0.4573,0.7401,0.019,0.5559,0.2961,0.0711,872673.75,0.0916,6,0.8144,1,0.1186,-16.98,-6.0,71.69,-113.0,62.0,RAS
s1278,spinal_cord,1,0.973,0.9473,16049,576,316,16625,16365,ok,16625,56109.38,0,0.5257,0.3059,0.4735,0.0559,0.148,1.0,617068.12,0.0909,1,1.0,1,0.0086,28.6,32.0,45.5,-52.0,96.8,RAS
s1278,spleen,1,0.988,0.9763,56188,743,622,56931,56810,ok,56931,192142.12,0,0.2845,0.3564,0.2407,0.2303,0.1842,0.2385,754110.0,0.2548,1,1.0,0,0.0,32.75,34.0,34.49,-25.0,87.0,RAS
s1278,sternum,1,0.9485,0.902,26628,1368,1525,27996,28153,ok,27996,94486.5,0,0.5173,0.6624,0.6832,0.148,0.2467,0.4937,1344093.75,0.0703,1,1.0,0,0.0,250.94,172.0,331.17,11.0,621.0,RAS
s1278,stomach,1,0.9849,0.9702,72170,1428,785,73598,72955,ok,73598,248393.25,0,0.3978,0.6031,0.1682,0.2928,0.2697,0.2762,1625629.5,0.1528,1,1.0,1,0.0,-11.42,7.0,131.06,-82.0,76.0,RAS
s1278,subclavian_artery_left,1,0.9724,0.9462,4839,109,166,4948,5005,ok,4948,16699.5,0,0.4219,0.456,0.8444,0.2566,0.0658,0.1381,173745.0,0.0961,1,1.0,0,0.0,20.99,23.0,42.94,-38.0,71.0,RAS
s1278,subclavian_artery_right,0,0.9285,0.8665,3322,188,324,3510,3646,ok,3510,11846.25,0,0.6296,0.4563,0.878,0.2336,0.0757,0.0837,110227.5,0.1075,1,1.0,0,0.0,24.33,26.0,36.71,-36.0,80.0,RAS
s1278,superior_vena_cava,1,0.9774,0.9559,7411,110,232,7521,7643,ok,7521,25383.38,0,0.5879,0.5078,0.6343,0.0526,0.0757,0.2762,81972.0,0.3097,1,1.0,0,0.0,33.2,36.0,32.25,-19.0,79.0,RAS
s1278,thyroid_gland,0,0.928,0.8657,4737,142,593,4879,5330,ok,4879,16466.62,0,0.5293,0.4923,0.9117,0.125,0.0724,0.1339,90288.0,0.1824,2,0.9994,1,0.0006,57.73,59.0,37.59,-2.0,115.0,RAS
s1278,trachea,0,0.9005,0.8191,14065,83,3024,14148,17089,ok,14148,47749.5,0,0.5376,0.4452,0.7366,0.2039,0.0987,0.3515,527310.0,0.0906,1,1.0,0,0.0,-880.6,-939.0,153.75,-992.0,-494.0,RAS
s1278,urinary_bladder,0,0.0,0.0,0,63,0,63,0,false_positive,63,212.62,0,0.8223,0.7175,0.0009,0.023,0.0296,0.0084,425.25,0.5,1,1.0,1,0.7778,-6.05,-3.0,32.3,-61.6,39.0,RAS
s1278,vertebrae_C6,1,0.9773,0.9557,1056,26,23,1082,1079,ok,1082,3651.75,0,0.5122,0.4275,0.9865,0.1184,0.0658,0.0502,29160.0,0.1252,3,0.9806,1,0.2384,240.41,235.0,77.79,120.0,373.0,RAS
s1278,vertebrae_C7,1,0.9819,0.9644,5557,73,132,5630,5689,ok,5630,19001.25,0,0.5155,0.3906,0.9659,0.1612,0.1513,0.0837,152145.0,0.1249,2,0.9998,1,0.0321,279.19,228.0,172.99,79.0,633.55,RAS
s1278,vertebrae_L1,1,0.9909,0.9819,19456,235,123,19691,19579,ok,19691,66457.12,0,0.5181,0.3463,0.0846,0.1678,0.2138,0.1423,380396.25,0.1747,2,0.9999,1,0.0,250.48,187.0,201.31,40.0,688.5,RAS
s1278,vertebrae_L2,1,0.9903,0.9809,10501,53,152,10554,10653,ok,10554,35619.75,0,0.505,0.3677,0.0191,0.1776,0.2039,0.0669,180792.0,0.197,2,0.9972,1,0.0987,246.39,190.0,193.78,31.0,641.0,RAS
s1278,vertebrae_T1,1,0.9876,0.9756,8635,54,162,8689,8797,ok,8689,29325.38,0,0.5195,0.3665,0.9216,0.1875,0.1678,0.1297,304144.88,0.0964,1,1.0,1,0.0,256.87,213.0,178.9,40.0,637.0,RAS
s1278,vertebrae_T10,1,0.9862,0.9727,16111,344,108,16455,16219,ok,16455,55535.62,0,0.5281,0.3018,0.3331,0.1447,0.1941,0.159,332937.0,0.1668,1,1.0,0,0.0,266.28,191.0,211.32,49.7,725.0,RAS
s1278,vertebrae_T11,1,0.9859,0.9722,16641,275,201,16916,16842,ok,16916,57091.5,0,0.5281,0.3166,0.2547,0.125,0.2039,0.1506,286254.0,0.1994,5,0.9997,0,0.0,274.09,196.0,213.65,59.0,745.25,RAS
s1278,vertebrae_T12,1,0.9878,0.9759,17427,166,265,17593,17692,ok,17593,59376.38,0,0.5246,0.3326,0.174,0.1217,0.1908,0.1464,253496.25,0.2342,1,1.0,0,0.0,247.74,187.0,192.69,43.0,666.0,RAS
s1278,vertebrae_T2,1,0.99,0.9802,9101,66,118,9167,9219,ok,9167,30938.62,0,0.5255,0.3459,0.8652,0.1645,0.1678,0.1381,284006.25,0.1089,1,1.0,0,0.0,252.48,212.0,177.86,20.0,618.7,RAS
s1278,vertebrae_T3,1,0.9875,0.9754,8715,106,114,8821,8829,ok,8821,29770.88,0,0.5299,0.3248,0.8081,0.1612,0.1711,0.1213,249385.5,0.1194,2,0.9999,0,0.0,273.55,224.0,204.1,11.0,699.0,RAS
s1278,vertebrae_T4,1,0.9879,0.9762,8844,59,157,8903,9001,ok,8903,30047.62,0,0.5335,0.3075,0.7472,0.1513,0.1743,0.113,222162.75,0.1353,2,0.9999,0,0.0,275.95,220.0,198.97,32.1,688.0,RAS
s1278,vertebrae_T5,1,0.9859,0.9723,9260,103,161,9363,9421,ok,9363,31600.12,0,0.5371,0.294,0.684,0.1513,0.1743,0.1506,296217.0,0.1067,1,1.0,0,0.0,274.54,217.0,194.31,46.0,680.0,RAS
s1278,vertebrae_T6,1,0.9865,0.9734,10105,109,167,10214,10272,ok,10214,34472.25,0,0.5375,0.2897,0.6167,0.148,0.1711,0.1632,308002.5,0.1119,1,1.0,0,0.0,265.24,203.0,193.68,52.0,693.0,RAS
s1278,vertebrae_T7,1,0.9853,0.9711,12101,171,189,12272,12290,ok,12272,41418.0,0,0.5367,0.2907,0.548,0.1546,0.1974,0.1757,399735.0,0.1036,1,1.0,0,0.0,289.72,215.0,221.01,55.0,772.45,RAS
s1278,vertebrae_T8,1,0.9884,0.977,12798,206,95,13004,12893,ok,13004,43888.5,0,0.5333,0.2924,0.4788,0.1579,0.1941,0.1715,391878.0,0.112,1,1.0,0,0.0,269.96,193.0,217.16,48.0,756.0,RAS
s1278,vertebrae_T9,1,0.9866,0.9736,14185,121,263,14306,14448,ok,14306,48282.75,0,0.5289,0.2945,0.4057,0.1513,0.1941,0.1883,412188.75,0.1171,2,0.9997,0,0.0,261.1,191.0,205.92,47.25,720.0,RAS
s1233,adrenal_gland_left,0,0.8738,0.7759,1617,177,290,1794,1907,ok,1794,6054.75,0,0.4414,0.5107,0.5354,0.0717,0.1245,0.0648,55019.25,0.11,1,1.0,0,0.0,16.87,17.0,36.55,-45.0,74.35,RAS
s1233,adrenal_gland_right,0,0.8748,0.7774,1320,164,214,1484,1534,ok,1484,5008.5,0,0.6203,0.4532,0.5392,0.0755,0.0868,0.0449,27945.0,0.1792,1,1.0,0,0.0,9.95,11.0,37.26,-53.85,69.0,RAS
s1233,aorta,1,0.9854,0.9711,76193,601,1664,76794,77857,ok,76794,259179.75,0,0.5164,0.4595,0.7125,0.1887,0.2868,0.5137,2641950.0,0.0981,1,1.0,0,0.0,90.63,94.0,37.48,31.0,134.0,RAS
s1233,atrial_appendage_left,0,0.8724,0.7737,1142,185,149,1327,1291,ok,1327,4478.62,0,0.4481,0.5005,0.7632,0.083,0.0679,0.0299,16038.0,0.2793,1,1.0,0,0.0,41.47,42.0,35.59,-16.7,100.0,RAS
s1233,autochthon_left,1,0.9725,0.9466,111552,4032,2267,115584,113819,ok,115584,390096.0,0,0.4385,0.2698,0.562,0.2264,0.1962,0.7481,3159000.0,0.1235,1,1.0,1,0.0019,13.71,21.0,43.56,-73.0,73.0,RAS
s1233,autochthon_right,1,0.973,0.9475,123614,3790,3062,127404,126676,ok,127404,429988.5,0,0.59,0.2591,0.5587,0.2453,0.2151,0.7506,3763817.0,0.1142,1,1.0,1,0.0012,15.56,24.0,44.05,-72.0,74.0,RAS
s1233,brachiocephalic_trunk,0,0.9425,0.8913,1795,118,101,1913,1896,ok,1913,6456.38,0,0.5657,0.5094,0.8832,0.0566,0.0491,0.0549,14478.75,0.4459,1,1.0,0,0.0,85.97,90.0,29.09,29.0,126.0,RAS
s1233,brachiocephalic_vein_left,0,0.9408,0.8883,3435,335,97,3770,3532,ok,3770,12723.75,0,0.5427,0.536,0.8635,0.1774,0.0981,0.0848,140224.5,0.0907,1,1.0,0,0.0,70.86,79.0,38.27,-11.0,117.0,RAS
s1233,brachiocephalic_vein_right,1,0.9547,0.9133,2213,90,120,2303,2333,ok,2303,7772.62,0,0.6239,0.5088,0.8771,0.0528,0.0679,0.0698,23814.0,0.3264,1,1.0,0,0.0,71.71,80.0,39.27,-7.0,116.0,RAS
s1233,clavicula_left,1,0.9805,0.9617,5373,113,101,5486,5474,ok,5486,18515.25,0,0.4165,0.5151,0.9495,0.2528,0.2075,0.1072,534785.62,0.0346,1,1.0,1,0.0354,456.11,405.0,294.36,59.0,970.0,RAS
s1233,clavicula_right,1,0.9568,0.9172,7000,521,111,7521,7111,ok,7521,25383.38,0,0.7118,0.4748,0.9442,0.2943,0.2491,0.0998,694980.0,0.0365,1,1.0,0,0.0,423.27,358.0,288.98,56.0,958.0,RAS
s1233,colon,1,0.955,0.9139,154287,7177,7361,161464,161648,ok,161464,544941.0,0,0.5312,0.5846,0.3721,0.766,0.5094,0.5561,20625688.0,0.0264,2,0.785,0,0.0,-108.89,-19.0,254.9,-881.0,75.0,RAS
s1233,common_carotid_artery_left,0,0.9317,0.8721,1657,96,147,1753,1804,ok,1753,5916.38,0,0.5132,0.4756,0.9267,0.0604,0.0717,0.1372,56430.0,0.1048,1,1.0,1,0.0148,60.03,68.0,41.49,-17.0,116.0,RAS
s1233,common_carotid_artery_right,0,0.8967,0.8128,1337,75,233,1412,1570,ok,1412,4765.5,0,0.5866,0.482,0.9457,0.0566,0.0755,0.0898,36450.0,0.1307,1,1.0,1,0.0184,76.16,79.0,28.05,25.0,116.45,RAS
s1233,costal_cartilages,0,0.9237,0.8583,33205,3327,2157,36532,35362,ok,36532,123295.5,0,0.5253,0.7055,0.6892,0.683,0.2226,0.3815,5514368.5,0.0224,21,0.6922,0,0.0,109.91,104.0,59.09,45.0,192.0,RAS
s1233,duodenum,1,0.9643,0.9311,16095,734,457,16829,16552,ok,16829,56797.88,0,0.5764,0.592,0.4297,0.2377,0.1019,0.1397,321489.0,0.1767,1,1.0,0,0.0,17.85,43.0,117.15,-91.0,96.0,RAS
s1233,esophagus,1,0.953,0.9103,9900,712,264,10612,10164,ok,10612,35815.5,0,0.5337,0.4367,0.7453,0.1019,0.1434,0.3416,474396.75,0.0755,1,1.0,0,0.0,33.12,39.0,41.07,-32.0,82.0,RAS
s1233,femur_left,1,0.9858,0.972,39933,668,483,40601,40416,ok,40601,137028.38,0,0.1981,0.4362,0.1002,0.1774,0.1472,0.1845,457791.75,0.2993,1,1.0,1,0.0072,220.59,131.0,286.84,-30.0,905.0,RAS
s1233,femur_right,1,0.9899,0.9801,44754,560,349,45314,45103,ok,45314,152934.75,0,0.7297,0.3845,0.0867,0.1925,0.1811,0.1646,545292.0,0.2805,1,1.0,1,0.0079,219.23,132.0,262.06,-23.0,856.0,RAS
s1233,gallbladder,0,0.9061,0.8284,7806,212,1405,8018,9211,ok,8018,27060.75,0,0.7409,0.6477,0.4865,0.1585,0.1434,0.0474,102343.5,0.2644,1,1.0,0,0.0,12.79,13.0,24.58,-27.0,54.0,RAS
s1233,gluteus_maximus_left,1,0.9669,0.936,102800,4397,2637,107197,105437,ok,107197,361789.88,0,0.2657,0.2839,0.1544,0.2415,0.1623,0.3441,1281744.0,0.2823,1,1.0,1,0.0026,30.86,34.0,30.86,-25.0,75.0,RAS
s1233,gluteus_maximus_right,1,0.9816,0.9638,153262,2815,2936,156077,156198,ok,156077,526759.88,0,0.6781,0.2526,0.1454,0.3396,0.1547,0.3342,1668802.5,0.3157,1,1.0,1,0.0056,34.53,37.0,29.19,-18.0,77.0,RAS
s1233,gluteus_medius_left,1,0.96,0.9232,51488,2107,2179,53595,53667,ok,53595,180883.12,0,0.1959,0.416,0.2742,0.1962,0.2453,0.202,924007.5,0.1958,1,1.0,0,0.0,47.63,52.0,31.97,-11.0,91.0,RAS
s1233,gluteus_medius_right,1,0.9716,0.9448,65529,1076,2756,66605,68285,ok,66605,224791.88,0,0.7862,0.375,0.2347,0.2226,0.2151,0.2369,1078261.88,0.2085,1,1.0,0,0.0,45.17,49.0,31.09,-13.0,86.0,RAS
s1233,gluteus_minimus_left,0,0.9107,0.8361,10871,1143,988,12014,11859,ok,12014,40547.25,0,0.1923,0.4759,0.2207,0.1019,0.2038,0.1222,241116.75,0.1682,1,1.0,0,0.0,7.19,11.0,43.41,-70.0,72.0,RAS
s1233,gluteus_minimus_right,1,0.9532,0.9106,14388,747,665,15135,15053,ok,15135,51080.62,0,0.7602,0.4263,0.2017,0.1208,0.1623,0.1421,264708.0,0.193,1,1.0,0,0.0,12.03,21.0,55.98,-80.0,82.0,RAS
s1233,heart,1,0.9544,0.9128,152862,6159,8436,159021,161298,ok,159021,536695.88,0,0.4795,0.5525,0.7146,0.3736,0.3057,0.182,1975681.12,0.2717,4,1.0,0,0.0,83.09,87.0,30.13,26.0,125.0,RAS
s1233,hip_left,1,0.984,0.9685,93510,1029,2008,94539,95518,ok,94539,319069.12,0,0.2879,0.4223,0.2208,0.3396,0.3736,0.3516,4240046.0,0.0753,1,1.0,0,0.0,247.66,181.0,219.57,6.0,714.0,RAS
s1233,hip_right,1,0.9849,0.9703,92699,739,2098,93438,94797,ok,93438,315353.25,0,0.6592,0.3933,0.2039,0.3849,0.3774,0.3392,4681800.0,0.0674,2,1.0,0,0.0,251.95,179.0,229.93,1.0,745.0,RAS
s1233,humerus_left,0,0.9256,0.8615,19165,2919,162,22084,19327,ok,22084,74533.5,0,0.1831,0.4958,0.9514,0.1358,0.1811,0.1521,355752.0,0.2095,1,1.0,1,0.0247,566.53,275.0,787.53,-44.0,2797.0,RAS
s1233,humerus_right,1,0.9804,0.9615,19286,513,260,19799,19546,ok,19799,66821.62,0,0.9029,0.4623,0.9481,0.117,0.166,0.0973,179536.5,0.3722,1,1.0,1,0.0106,120.19,73.0,189.07,-64.0,533.0,RAS
s1233,iliac_artery_left,0,0.9045,0.8256,3286,368,326,3654,3612,ok,3654,12332.25,0,0.3749,0.5148,0.243,0.2075,0.117,0.2743,632981.25,0.0195,1,1.0,0,0.0,74.77,78.0,32.92,13.0,122.0,RAS
s1233,iliac_artery_right,1,0.9613,0.9255,3986,51,270,4037,4256,ok,4037,13624.88,0,0.5898,0.5095,0.2319,0.2113,0.1019,0.2943,602154.0,0.0226,1,1.0,0,0.0,82.0,84.0,31.63,28.0,130.0,RAS
s1233,iliac_vena_left,0,0.9261,0.8624,5860,538,397,6398,6257,ok,6398,21593.25,0,0.3827,0.4911,0.234,0.2264,0.1472,0.2544,805545.0,0.0268,1,1.0,0,0.0,54.69,58.0,34.5,-6.0,104.0,RAS
s1233,iliac_vena_right,0,0.9309,0.8708,5761,251,604,6012,6365,ok,6012,20290.5,0,0.5924,0.4871,0.2275,0.1547,0.1358,0.2718,542983.5,0.0374,1,1.0,0,0.0,52.81,55.0,33.06,-4.0,103.45,RAS
s1233,iliopsoas_left,1,0.9679,0.9378,61863,2594,1507,64457,63370,ok,64457,217542.38,0,0.3131,0.4811,0.2794,0.2792,0.2453,0.4613,3003243.75,0.0724,1,1.0,0,0.0,44.78,48.0,39.48,-22.0,93.0,RAS
s1233,iliopsoas_right,1,0.9689,0.9397,54619,1838,1669,56457,56288,ok,56457,190542.38,0,0.6575,0.4493,0.2593,0.1962,0.2151,0.4763,1910668.5,0.0997,1,1.0,0,0.0,43.86,48.0,34.49,-20.0,91.0,RAS
s1233,inferior_vena_cava,0,0.9268,0.8636,18062,1706,1146,19768,19208,ok,19768,66717.0,0,0.5747,0.508,0.5311,0.1434,0.0906,0.3416,421686.0,0.1582,1,1.0,0,0.0,71.71,74.0,32.87,14.0,120.0,RAS
s1233,kidney_left,1,0.9603,0.9237,33849,1133,1664,34982,35513,ok,34982,118064.25,0,0.3125,0.5139,0.4586,0.1547,0.1962,0.1471,424534.5,0.2781,1,1.0,0,0.0,77.06,81.0,36.94,7.0,130.0,RAS
s1233,kidney_right,1,0.9671,0.9362,32013,1311,869,33324,32882,ok,33324,112468.5,0,0.7276,0.4951,0.4118,0.1358,0.2151,0.1397,387828.0,0.29,1,1.0,0,0.0,81.36,85.0,33.53,19.0,129.0,RAS
s1233,liver,1,0.9812,0.9631,446685,7073,10021,453758,456706,ok,453758,1531433.25,0,0.7033,0.5688,0.5633,0.5057,0.4604,0.2394,5296752.0,0.2891,2,1.0,0,0.0,58.09,59.0,26.66,13.0,99.0,RAS
s1233,lung_lower_lobe_left,1,0.9949,0.9899,281079,1266,1598,282345,282677,ok,282345,952914.38,0,0.3344,0.3725,0.685,0.3208,0.4113,0.3142,3939941.25,0.2419,1,1.0,0,0.0,-802.15,-842.0,133.27,-899.0,-538.0,RAS
s1233,lung_lower_lobe_right,1,0.9936,0.9872,266445,2206,1249,268651,267694,ok,268651,906697.12,0,0.7216,0.3701,0.6621,0.3472,0.4151,0.2768,3791205.0,0.2392,6,1.0,0,0.0,-780.13,-831.0,149.85,-896.0,-476.0,RAS
s1233,lung_middle_lobe_right,1,0.9848,0.97,110232,1518,1896,111750,112128,ok,111750,377156.25,0,0.7309,0.5791,0.7069,0.2717,0.3472,0.1471,1319004.0,0.2859,3,1.0,0,0.0,-825.05,-865.0,130.64,-917.0,-583.0,RAS
s1233,lung_upper_lobe_left,1,0.9954,0.9908,265156,1676,782,266832,265938,ok,266832,900558.0,0,0.3579,0.4753,0.8102,0.317,0.4226,0.2968,3778488.0,0.2383,1,1.0,0,0.0,-818.08,-857.0,129.96,-909.0,-554.55,RAS
s1233,lung_upper_lobe_right,1,0.9917,0.9835,227020,1863,1939,228883,228959,ok,228883,772480.12,0,0.7063,0.4562,0.8163,0.2792,0.4604,0.202,2468029.5,0.313,3,1.0,0,0.0,-813.26,-851.0,127.56,-905.0,-565.0,RAS
s1233,pancreas,0,0.9078,0.8312,15940,1572,1666,17512,17606,ok,17512,59103.0,0,0.5441,0.5961,0.4887,0.2113,0.1019,0.1621,331695.0,0.1782,1,1.0,0,0.0,-3.14,-2.0,39.69,-70.0,60.0,RAS
s1233,portal_vein_and_splenic_vein,0,0.8013,0.6685,4658,923,1387,5581,6045,ok,5581,18835.88,0,0.5539,0.5657,0.5312,0.4642,0.2226,0.0998,979695.0,0.0192,1,1.0,0,0.0,68.36,72.0,42.34,-8.0,129.0,RAS
s1233,pulmonary_vein,1,0.9484,0.9019,7131,533,243,7664,7374,ok,7664,25866.0,0,0.5361,0.448,0.7324,0.2868,0.1358,0.1297,480168.0,0.0539,3,0.5393,0,0.0,74.57,83.0,44.86,0.0,123.0,RAS
s1233,rib_left_1,1,0.9625,0.9276,3256,71,183,3327,3439,ok,3327,11228.62,0,0.4138,0.4841,0.9114,0.0981,0.2302,0.0973,208757.25,0.0538,1,1.0,0,0.0,306.73,289.0,154.98,84.0,592.0,RAS
s1233,rib_left_10,1,0.9781,0.9571,3636,29,134,3665,3770,ok,3665,12369.38,0,0.2456,0.3352,0.5892,0.3283,0.3547,0.1372,1518041.25,0.0081,1,1.0,0,0.0,381.49,353.0,166.25,154.0,691.8,RAS
s1233,rib_left_11,0,0.8829,0.7903,1545,383,27,1928,1572,ok,1928,6507.0,0,0.296,0.3012,0.5438,0.3019,0.1887,0.1097,594000.0,0.011,1,1.0,0,0.0,332.84,321.0,131.27,131.35,576.0,RAS
s1233,rib_left_12,0,0.9031,0.8233,601,88,41,689,642,ok,689,2325.38,0,0.3759,0.2998,0.5167,0.1698,0.0491,0.0698,55282.5,0.0421,1,1.0,0,0.0,314.09,297.0,118.43,148.4,542.6,RAS
s1233,rib_left_2,1,0.9768,0.9546,2878,38,99,2916,2977,ok,2916,9841.5,0,0.3644,0.4327,0.9026,0.1774,0.3094,0.1022,533297.25,0.0185,1,1.0,0,0.0,316.46,296.5,143.45,119.75,579.5,RAS
s1233,rib_left_3,1,0.9734,0.9482,3258,76,102,3334,3360,ok,3334,11252.25,0,0.3344,0.4442,0.8628,0.2151,0.3887,0.1172,931287.38,0.0121,2,0.9991,0,0.0,291.98,282.0,112.1,125.65,496.35,RAS
s1233,rib_left_4,1,0.9802,0.9611,4176,78,91,4254,4267,ok,4254,14357.25,0,0.3025,0.4383,0.8248,0.2264,0.4528,0.1372,1336500.0,0.0107,1,1.0,0,0.0,315.4,305.0,140.67,106.0,577.0,RAS
s1233,rib_left_5,1,0.9723,0.9461,4796,33,240,4829,5036,ok,4829,16297.88,0,0.287,0.4455,0.7815,0.2453,0.4868,0.1596,1811160.0,0.009,1,1.0,0,0.0,306.4,285.0,164.2,69.0,619.6,RAS
s1233,rib_left_6,1,0.9717,0.945,5941,10,336,5951,6277,ok,5951,20084.62,0,0.2686,0.4493,0.7387,0.2604,0.4981,0.1746,2151765.0,0.0093,2,0.9998,0,0.0,334.83,314.0,194.89,48.5,686.0,RAS
s1233,rib_left_7,1,0.9753,0.9518,6203,35,279,6238,6482,ok,6238,21053.25,0,0.2506,0.4165,0.708,0.283,0.4906,0.1845,2435062.5,0.0086,1,1.0,0,0.0,325.03,298.5,176.65,82.0,654.0,RAS
s1233,rib_left_8,1,0.9747,0.9506,5639,118,175,5757,5814,ok,5757,19429.88,0,0.2424,0.3935,0.673,0.2981,0.4868,0.187,2579597.0,0.0075,3,0.9997,0,0.0,302.59,270.0,149.06,111.0,582.2,RAS
s1233,rib_left_9,1,0.9805,0.9617,5252,43,166,5295,5418,ok,5295,17870.62,0,0.2416,0.3624,0.6333,0.317,0.4226,0.1571,2000376.0,0.0089,1,1.0,0,0.0,343.16,311.0,166.15,121.7,644.3,RAS
s1233,rib_right_1,1,0.9536,0.9112,3244,56,260,3300,3504,ok,3300,11137.5,0,0.6765,0.4904,0.9044,0.1057,0.2226,0.0873,195142.5,0.0571,1,1.0,0,0.0,326.93,310.0,163.84,83.0,615.0,RAS
s1233,rib_right_10,1,0.9614,0.9256,3321,213,54,3534,3375,ok,3534,11927.25,0,0.8087,0.3178,0.5734,0.3019,0.3321,0.1721,1639440.0,0.0073,1,1.0,0,0.0,358.0,331.0,165.67,133.0,672.35,RAS
s1233,rib_right_11,0,0.9285,0.8665,1714,225,39,1939,1753,ok,1939,6544.12,0,0.7571,0.2871,0.5299,0.2792,0.1736,0.1347,620379.0,0.0105,1,1.0,0,0.0,357.7,351.0,148.55,114.0,618.0,RAS
s1233,rib_right_12,1,0.9527,0.9098,615,44,17,659,632,ok,659,2224.12,0,0.6725,0.2866,0.5018,0.1623,0.0528,0.0848,69079.5,0.0322,1,1.0,0,0.0,335.89,326.0,109.51,168.9,534.2,RAS
s1233,rib_right_2,1,0.9748,0.9507,2741,22,120,2763,2861,ok,2763,9325.12,0,0.7239,0.4452,0.8883,0.166,0.3132,0.0898,443718.0,0.021,2,0.9996,0,0.0,326.74,311.0,147.93,114.0,596.0,RAS
s1233,rib_right_3,1,0.9589,0.9211,2989,58,198,3047,3187,ok,3047,10283.62,0,0.7479,0.45,0.8477,0.2,0.3887,0.1022,755389.12,0.0136,2,0.9997,0,0.0,296.8,283.0,125.67,111.0,538.0,RAS
s1233,rib_right_4,1,0.9704,0.9425,4704,85,202,4789,4906,ok,4789,16162.88,0,0.7686,0.4588,0.8018,0.2302,0.4642,0.1272,1291453.88,0.0125,1,1.0,0,0.0,339.71,324.0,177.93,77.0,661.0,RAS
s1233,rib_right_5,1,0.9554,0.9145,5243,59,431,5302,5674,ok,5302,17894.25,0,0.7849,0.4509,0.7573,0.2453,0.5019,0.1496,1750612.5,0.0102,1,1.0,0,0.0,321.58,301.0,187.67,46.0,677.0,RAS
s1233,rib_right_6,1,0.9769,0.9548,5921,43,237,5964,6158,ok,5964,20128.5,0,0.8039,0.4354,0.7173,0.2528,0.5094,0.1796,2197935.0,0.0092,1,1.0,0,0.0,345.58,322.0,205.02,53.0,717.0,RAS
s1233,rib_right_7,1,0.9662,0.9345,5483,69,315,5552,5798,ok,5552,18738.0,0,0.8112,0.4025,0.6852,0.2642,0.483,0.202,2449440.0,0.0076,1,1.0,0,0.0,334.14,303.0,166.27,115.0,654.0,RAS
s1233,rib_right_8,1,0.9741,0.9496,5026,166,101,5192,5127,ok,5192,17523.0,0,0.823,0.3749,0.6518,0.2868,0.4566,0.1945,2420847.0,0.0072,1,1.0,0,0.0,304.29,278.5,164.79,79.0,603.45,RAS
s1233,rib_right_9,1,0.9815,0.9636,5002,112,77,5114,5079,ok,5114,17259.75,0,0.8246,0.349,0.6145,0.2981,0.4226,0.1796,2150064.0,0.008,1,1.0,0,0.0,329.33,291.0,176.62,94.65,679.0,RAS
s1233,sacrum,1,0.9594,0.9219,43150,1287,2367,44437,45517,ok,44437,149974.88,0,0.4732,0.302,0.2629,0.3057,0.2038,0.2369,1402413.75,0.1069,24,0.9992,0,0.0,145.65,105.0,164.32,-36.0,469.0,RAS
s1233,scapula_left,1,0.959,0.9213,24267,408,1666,24675,25933,ok,24675,83278.12,0,0.2582,0.3355,0.9076,0.2151,0.2755,0.2444,1376250.75,0.0605,5,0.9998,1,0.0068,280.92,226.0,221.91,31.0,743.0,RAS
s1233,scapula_right,1,0.9692,0.9402,24662,949,619,25611,25281,ok,25611,86437.12,0,0.8465,0.342,0.868,0.2151,0.2491,0.3042,1549003.5,0.0558,1,1.0,1,0.0002,290.56,234.0,217.4,45.5,740.5,RAS
s1233,skull,0,0.9434,0.8929,3861,12,451,3873,4312,ok,3873,13071.38,0,0.5654,0.6997,0.986,0.1811,0.0906,0.0349,54432.0,0.2401,1,1.0,1,0.1149,636.91,626.0,351.04,101.6,1172.0,RAS
s1233,small_bowel,1,0.9621,0.9269,256589,12964,7275,269553,263864,ok,269553,909741.38,0,0.4531,0.6613,0.2934,0.5887,0.3698,0.4015,8307117.0,0.1095,4,0.9983,0,0.0,-50.28,13.0,207.51,-550.0,82.0,RAS
s1233,spinal_cord,1,0.9687,0.9393,19709,990,284,20699,19993,ok,20699,69859.12,0,0.5246,0.3259,0.6281,0.1245,0.1736,0.7207,1480619.25,0.0472,1,1.0,1,0.0041,19.7,20.0,33.1,-34.0,71.0,RAS
s1233,spleen,1,0.962,0.9268,32304,1584,969,33888,33273,ok,33888,114372.0,0,0.2796,0.4031,0.5781,0.2226,0.1623,0.0948,325370.25,0.3515,1,1.0,0,0.0,75.75,80.0,33.94,12.0,124.0,RAS
s1233,sternum,1,0.9585,0.9203,15186,337,978,15523,16164,ok,15523,52390.12,0,0.5348,0.6337,0.8181,0.1245,0.1774,0.2219,465881.62,0.1125,1,1.0,0,0.0,159.06,137.0,115.21,13.0,368.0,RAS
s1233,stomach,0,0.9372,0.8817,23055,1030,2062,24085,25117,ok,24085,81286.88,0,0.4765,0.6074,0.5689,0.2453,0.234,0.1446,788872.5,0.103,1,1.0,0,0.0,14.52,42.0,149.11,-56.0,94.0,RAS
s1233,subclavian_artery_left,0,0.9358,0.8794,2180,112,187,2292,2367,ok,2292,7735.5,0,0.4546,0.4545,0.9134,0.2453,0.0755,0.0798,140400.0,0.0551,1,1.0,0,0.0,55.44,63.0,45.07,-22.9,114.45,RAS
s1233,subclavian_artery_right,0,0.9028,0.8229,2072,176,270,2248,2342,ok,2248,7587.0,0,0.6605,0.4691,0.9151,0.2075,0.0906,0.0399,71280.0,0.1064,1,1.0,0,0.0,64.25,72.0,36.83,-9.0,112.0,RAS
s1233,superior_vena_cava,1,0.9701,0.9419,6327,332,58,6659,6385,ok,6659,22474.12,0,0.632,0.5169,0.7881,0.0717,0.083,0.1197,67716.0,0.3319,1,1.0,0,0.0,82.64,87.0,29.8,24.0,122.0,RAS
s1233,thyroid_gland,0,0.7113,0.5519,1137,373,550,1510,1687,ok,1510,5096.25,0,0.5312,0.5065,0.9294,0.1019,0.0642,0.0648,40277.25,0.1265,2,0.6285,0,0.0,55.41,54.0,30.54,9.0,108.55,RAS
s1233,trachea,1,0.9637,0.93,8129,247,365,8376,8494,ok,8376,28269.0,0,0.5647,0.4406,0.8462,0.2302,0.1358,0.1796,533628.0,0.053,1,1.0,0,0.0,-878.58,-974.0,196.33,-1010.0,-406.0,RAS
s1233,urinary_bladder,0,0.9299,0.869,21313,2677,535,23990,21848,ok,23990,80966.25,0,0.471,0.4818,0.1337,0.1925,0.1774,0.0623,202246.88,0.4003,1,1.0,0,0.0,8.41,10.0,31.92,-50.0,57.0,RAS
s1233,vertebrae_C5,0,0.9448,0.8953,693,53,28,746,721,ok,746,2517.75,0,0.5703,0.4634,0.9923,0.1321,0.0604,0.02,15120.0,0.1665,4,0.9437,1,0.2721,296.55,277.5,99.68,160.25,475.0,RAS
s1233,vertebrae_C6,0,0.8993,0.817,2407,467,72,2874,2479,ok,2874,9699.75,0,0.5597,0.4284,0.9848,0.1472,0.1245,0.0424,73841.62,0.1314,3,0.9983,1,0.0839,367.27,326.0,189.45,132.0,736.7,RAS
s1233,vertebrae_C7,0,0.8976,0.8143,4068,618,310,4686,4378,ok,4686,15815.25,0,0.5524,0.3915,0.9684,0.1849,0.1623,0.0574,163555.88,0.0967,1,1.0,0,0.0,368.6,329.0,204.95,100.0,753.0,RAS
s1233,vertebrae_L1,1,0.9844,0.9692,12685,200,203,12885,12888,ok,12885,43486.88,0,0.522,0.3578,0.5055,0.1811,0.2,0.0873,300510.0,0.1447,1,1.0,0,0.0,288.86,229.0,205.79,61.0,716.8,RAS
s1233,vertebrae_L2,1,0.9828,0.9662,14227,170,328,14397,14555,ok,14397,48589.88,0,0.5117,0.3794,0.459,0.1962,0.2226,0.0848,352053.0,0.138,1,1.0,0,0.0,341.23,298.0,217.97,76.0,767.0,RAS
s1233,vertebrae_L3,1,0.9801,0.9609,15278,267,355,15545,15633,ok,15545,52464.38,0,0.4967,0.3958,0.4199,0.2,0.234,0.0823,365978.25,0.1434,4,0.9998,0,0.0,360.0,324.0,204.5,98.0,751.0,RAS
s1233,vertebrae_L4,1,0.9807,0.9622,15742,301,318,16043,16060,ok,16043,54145.12,0,0.4861,0.4068,0.3764,0.2,0.2226,0.0748,316608.75,0.171,5,0.9997,0,0.0,305.96,241.0,224.69,58.0,779.0,RAS
s1233,vertebrae_L5,1,0.9793,0.9594,16289,254,435,16543,16724,ok,16543,55832.62,0,0.4871,0.3937,0.3303,0.2,0.2151,0.0923,377247.38,0.148,1,1.0,0,0.0,331.88,276.0,226.99,64.0,801.0,RAS
s1233,vertebrae_S1,0,0.9288,0.8671,12172,902,964,13074,13136,ok,13074,44124.75,0,0.4796,0.3611,0.2938,0.1509,0.1736,0.0748,186300.0,0.2368,1,1.0,0,0.0,294.15,240.0,230.7,22.65,768.0,RAS
s1233,vertebrae_T1,0,0.9391,0.8852,5336,49,643,5385,5979,ok,5385,18174.38,0,0.5545,0.368,0.946,0.1925,0.1623,0.0549,162830.25,0.1116,2,0.9998,0,0.0,350.61,297.0,200.45,111.0,752.0,RAS
s1233,vertebrae_T10,1,0.9736,0.9485,10741,278,305,11019,11046,ok,11019,37189.12,0,0.5391,0.3176,0.6398,0.1547,0.1925,0.0798,225828.0,0.1647,1,1.0,0,0.0,293.64,236.0,189.86,90.0,697.0,RAS
s1233,vertebrae_T11,1,0.9785,0.9579,10796,226,249,11022,11045,ok,11022,37199.25,0,0.5306,0.3281,0.5977,0.1434,0.1849,0.0773,194811.75,0.1909,1,1.0,0,0.0,293.29,240.0,182.05,88.0,664.0,RAS
s1233,vertebrae_T12,1,0.9802,0.9611,11854,186,294,12040,12148,ok,12040,40635.0,0,0.5256,0.3384,0.5529,0.1434,0.1962,0.0823,220077.0,0.1846,1,1.0,0,0.0,284.21,223.0,196.39,72.0,703.0,RAS
s1233,vertebrae_T2,1,0.975,0.9511,5412,97,181,5509,5593,ok,5509,18592.88,0,0.5487,0.3474,0.9177,0.1811,0.166,0.0648,185328.0,0.1003,1,1.0,0,0.0,312.58,261.0,184.3,95.0,692.0,RAS
s1233,vertebrae_T3,1,0.9704,0.9424,5188,149,168,5337,5356,ok,5337,18012.38,0,0.5467,0.3277,0.8877,0.166,0.1698,0.0599,160380.0,0.1123,1,1.0,0,0.0,315.46,270.0,181.32,101.0,696.0,RAS
s1233,vertebrae_T4,1,0.9714,0.9444,5737,161,177,5898,5914,ok,5898,19905.75,0,0.5457,0.3187,0.8549,0.1547,0.1774,0.0773,201612.38,0.0987,1,1.0,0,0.0,313.84,269.0,185.25,89.0,691.15,RAS
s1233,vertebrae_T5,1,0.9675,0.9371,6194,141,275,6335,6469,ok,6335,21380.62,0,0.5457,0.3127,0.8228,0.1547,0.1811,0.0723,192618.0,0.111,2,0.9997,0,0.0,311.47,266.0,187.06,90.0,693.6,RAS
s1233,vertebrae_T6,1,0.973,0.9475,6944,109,276,7053,7220,ok,7053,23803.88,0,0.5471,0.3023,0.7889,0.166,0.1811,0.0873,249480.0,0.0954,1,1.0,0,0.0,307.52,251.0,197.66,90.0,733.0,RAS
s1233,vertebrae_T7,1,0.9736,0.9485,7791,158,265,7949,8056,ok,7949,26827.88,0,0.5507,0.3027,0.753,0.166,0.1811,0.0823,235224.0,0.1141,1,1.0,0,0.0,288.7,233.0,190.76,75.0,681.0,RAS
s1233,vertebrae_T8,1,0.9711,0.9439,8476,304,200,8780,8676,ok,8780,29632.5,0,0.5459,0.3065,0.7174,0.1623,0.2075,0.0748,239456.25,0.1237,1,1.0,0,0.0,301.12,246.5,190.4,85.0,703.0,RAS
s1233,vertebrae_T9,1,0.9651,0.9325,9788,436,272,10224,10060,ok,10224,34506.0,0,0.5408,0.3113,0.6788,0.1547,0.2,0.0773,227350.12,0.1518,1,1.0,0,0.0,299.39,251.0,183.29,89.0,677.0,RAS
s1337,adrenal_gland_left,0,0.8583,0.7518,1551,203,309,1754,1860,ok,1754,5919.75,0,0.3763,0.505,0.075,0.0643,0.0821,0.1126,36328.5,0.163,1,1.0,0,0.0,28.78,29.0,50.4,-57.35,109.0,RAS
s1337,adrenal_gland_right,0,0.8624,0.758,1510,222,260,1732,1770,ok,1732,5845.5,0,0.5657,0.4691,0.0591,0.05,0.0821,0.1299,32602.5,0.1793,1,1.0,1,0.0087,26.59,27.0,53.53,-61.0,113.0,RAS
s1337,aorta,1,0.988,0.9763,78269,1073,825,79342,79094,ok,79342,267779.25,0,0.4491,0.4915,0.4878,0.15,0.2571,0.7749,1826874.0,0.1466,1,1.0,1,0.0022,76.09,79.0,37.14,11.0,130.0,RAS
s1337,atrial_appendage_left,0,0.8951,0.8102,1003,46,189,1049,1192,ok,1049,3540.38,0,0.4097,0.5381,0.5073,0.0643,0.0464,0.0866,15795.0,0.2241,1,1.0,0,0.0,41.41,42.0,49.59,-30.6,108.0,RAS
s1337,autochthon_left,1,0.9776,0.9562,120304,2499,3014,122803,123318,ok,122803,414460.12,0,0.4025,0.268,0.3459,0.2179,0.1679,1.0,2235185.0,0.1854,1,1.0,1,0.0128,27.47,30.0,43.67,-50.0,94.0,RAS
s1337,autochthon_right,1,0.9721,0.9458,128801,3203,4182,132004,132983,ok,132004,445513.5,0,0.57,0.2701,0.348,0.2393,0.1821,1.0,2663978.5,0.1672,1,1.0,1,0.0144,22.35,26.0,44.45,-58.0,89.0,RAS
s1337,brachiocephalic_trunk,1,0.9619,0.9265,1400,29,82,1429,1482,ok,1429,4822.88,0,0.4977,0.5411,0.7829,0.0464,0.0643,0.1255,22902.75,0.2106,1,1.0,0,0.0,70.33,74.0,35.68,2.4,123.0,RAS
s1337,brachiocephalic_vein_left,1,0.9622,0.9271,3777,174,123,3951,3900,ok,3951,13334.62,0,0.4556,0.5501,0.8129,0.1464,0.0821,0.1775,130487.62,0.1022,1,1.0,0,0.0,97.76,105.0,49.38,0.0,166.0,RAS
s1337,brachiocephalic_vein_right,1,0.9635,0.9296,2061,43,113,2104,2174,ok,2104,7101.0,0,0.5395,0.5406,0.8076,0.0536,0.0536,0.1472,25818.75,0.275,1,1.0,0,0.0,47.52,61.0,82.11,-49.85,117.0,RAS
s1337,clavicula_left,1,0.9826,0.9657,7268,128,130,7396,7398,ok,7396,24961.5,0,0.3777,0.5496,0.9252,0.1429,0.2929,0.1602,409590.0,0.0609,2,0.9943,1,0.0273,349.65,250.0,332.67,-46.0,1025.0,RAS
s1337,clavicula_right,1,0.9803,0.9613,9833,196,200,10029,10033,ok,10029,33847.88,0,0.5988,0.5249,0.9348,0.2571,0.2821,0.1645,729486.0,0.0464,1,1.0,1,0.0494,388.08,292.0,339.05,-31.0,1028.0,RAS
s1337,colon,0,0.8875,0.7977,18181,3519,1091,21700,19272,ok,21700,73237.5,0,0.3106,0.7349,0.0738,0.4321,0.2071,0.1775,971115.75,0.0754,2,0.9845,1,0.029,-299.0,-61.0,410.97,-982.0,69.0,RAS
s1337,common_carotid_artery_left,0,0.9396,0.886,1275,142,22,1417,1297,ok,1417,4782.38,0,0.4434,0.515,0.8609,0.0607,0.0786,0.2597,75735.0,0.0631,1,1.0,1,0.0162,58.8,59.0,42.93,-13.0,128.0,RAS
s1337,common_carotid_artery_right,0,0.8159,0.6891,543,103,142,646,685,ok,646,2180.25,0,0.5242,0.5119,0.9137,0.05,0.05,0.1558,23814.0,0.0916,1,1.0,1,0.0232,63.76,65.0,40.03,-5.75,125.0,RAS
s1337,costal_cartilages,0,0.9237,0.8583,58573,2758,6913,61331,65486,ok,61331,206992.12,0,0.4583,0.7503,0.4174,0.7179,0.275,0.8442,10185801.0,0.0203,23,0.335,0,0.0,98.29,94.0,49.79,40.0,160.0,RAS
s1337,duodenum,0,0.8713,0.772,1937,373,199,2310,2136,ok,2310,7796.25,0,0.5492,0.6146,0.024,0.0714,0.1036,0.0693,31320.0,0.2489,1,1.0,1,0.0896,39.62,42.0,59.13,-47.0,126.0,RAS
s1337,esophagus,0,0.9406,0.8878,11671,592,883,12263,12554,ok,12263,41387.62,0,0.4581,0.4751,0.5345,0.0893,0.1429,0.7619,594000.0,0.0697,1,1.0,0,0.0,-19.77,10.0,142.51,-214.0,76.0,RAS
s1337,gallbladder,0,0.9215,0.8545,5971,310,707,6281,6678,ok,6281,21198.38,0,0.6445,0.6585,0.0251,0.1143,0.1393,0.0649,63180.0,0.3355,1,1.0,1,0.0608,9.21,9.0,43.2,-62.0,80.0,RAS
s1337,heart,1,0.9686,0.9392,141129,2703,6436,143832,147565,ok,143832,485433.0,0,0.4199,0.6036,0.4017,0.3214,0.2893,0.381,2165130.0,0.2242,2,1.0,0,0.0,73.23,76.0,34.66,13.0,125.0,RAS
s1337,humerus_left,0,0.8998,0.8178,615,22,115,637,730,ok,637,2149.88,0,0.1418,0.4379,0.9916,0.0714,0.075,0.0173,5670.0,0.3792,1,1.0,1,0.4239,287.6,268.0,186.31,46.8,579.0,RAS
s1337,humerus_right,1,0.9762,0.9536,11197,347,198,11544,11395,ok,11544,38961.0,0,0.8402,0.4254,0.9683,0.1179,0.15,0.0823,88877.25,0.4384,1,1.0,1,0.084,163.57,149.0,119.27,0.15,386.0,RAS
s1337,iliopsoas_left,0,0.9412,0.889,1209,138,13,1347,1222,ok,1347,4546.12,0,0.4032,0.4004,0.0217,0.0357,0.0714,0.0866,13500.0,0.3367,1,1.0,1,0.1218,52.04,51.0,45.93,-21.0,125.0,RAS
s1337,iliopsoas_right,0,0.9266,0.8632,1161,117,67,1278,1228,ok,1278,4313.25,0,0.5597,0.3963,0.0239,0.0393,0.075,0.0823,14812.88,0.2912,1,1.0,1,0.1103,49.37,50.0,48.09,-32.15,126.0,RAS
s1337,inferior_vena_cava,0,0.9334,0.8751,15398,1186,1012,16584,16410,ok,16584,55971.0,0,0.5379,0.5327,0.1634,0.0964,0.1071,0.381,240570.0,0.2327,1,1.0,1,0.0154,77.27,79.0,44.34,1.0,147.0,RAS
s1337,kidney_left,1,0.9687,0.9392,24207,417,1149,24624,25356,ok,24624,83106.0,0,0.3201,0.4056,0.0545,0.15,0.1464,0.1385,185976.0,0.4469,1,1.0,1,0.0385,84.3,86.0,48.98,1.0,163.0,RAS
s1337,kidney_right,0,0.9191,0.8503,1437,12,241,1449,1678,ok,1449,4890.38,0,0.6253,0.4248,0.0077,0.0857,0.0821,0.026,11178.0,0.4375,1,1.0,1,0.2671,87.07,89.0,50.02,1.4,166.0,RAS
s1337,liver,1,0.9786,0.958,463094,8573,11716,471667,474810,ok,471667,1591876.12,0,0.6362,0.5963,0.1406,0.4786,0.4929,0.2987,4306324.5,0.3697,1,1.0,1,0.0087,60.76,61.0,40.98,-6.0,128.0,RAS
s1337,lung_lower_lobe_left,1,0.9941,0.9882,454627,1524,3908,456151,458535,ok,456151,1539509.62,0,0.273,0.437,0.3714,0.3286,0.4571,0.5801,5325696.0,0.2891,2,1.0,0,0.0,-838.5,-874.0,123.76,-929.0,-594.0,RAS
s1337,lung_lower_lobe_right,1,0.9934,0.987,454901,3985,2027,458886,456928,ok,458886,1548740.25,0,0.6672,0.4433,0.3533,0.3714,0.4607,0.5887,6157944.0,0.2515,2,1.0,0,0.0,-837.15,-872.0,127.19,-936.0,-600.0,RAS
s1337,lung_middle_lobe_right,1,0.9596,0.9224,180767,13314,1891,194081,182658,ok,194081,655023.38,0,0.6336,0.6657,0.3996,0.3857,0.2964,0.3117,2178252.0,0.3007,3,1.0,0,0.0,-852.82,-886.0,119.4,-930.0,-643.0,RAS
s1337,lung_upper_lobe_left,1,0.9953,0.9907,555309,3508,1718,558817,557027,ok,558817,1886007.38,0,0.2951,0.5426,0.6217,0.325,0.4964,0.7532,7428125.0,0.2539,1,1.0,0,0.0,-843.82,-876.0,119.8,-932.0,-626.0,RAS
s1337,lung_upper_lobe_right,1,0.9825,0.9657,501424,791,17044,502215,518468,ok,502215,1694975.62,0,0.6358,0.5116,0.6671,0.3929,0.475,0.5022,5727645.0,0.2959,6,1.0,0,0.0,-851.62,-881.0,116.53,-945.0,-646.7,RAS
s1337,pancreas,0,0.9149,0.8431,19013,1452,2087,20465,21100,ok,20465,69069.38,0,0.3828,0.586,0.0634,0.3,0.2036,0.1342,500944.5,0.1379,1,1.0,1,0.0161,54.77,56.0,51.29,-31.0,136.0,RAS
s1337,portal_vein_and_splenic_vein,0,0.8158,0.6889,6941,1853,1281,8794,8222,ok,8794,29679.75,0,0.4802,0.5795,0.0682,0.4107,0.2536,0.1472,936933.75,0.0317,2,0.9966,1,0.0055,89.26,90.0,48.95,7.0,168.0,RAS
s1337,pulmonary_vein,0,0.9375,0.8824,5761,441,327,6202,6088,ok,6202,20931.75,0,0.4617,0.5025,0.4788,0.2714,0.1393,0.1948,450157.5,0.0465,4,0.5566,0,0.0,41.72,57.0,70.84,-69.95,109.0,RAS
s1337,rib_left_1,0,0.9194,0.8508,3896,93,590,3989,4486,ok,3989,13462.88,0,0.3404,0.5147,0.8851,0.0964,0.2321,0.1818,248771.25,0.0541,3,0.9992,0,0.0,311.71,295.0,174.43,62.0,636.0,RAS
s1337,rib_left_10,1,0.9815,0.9637,5130,81,112,5211,5242,ok,5211,17587.12,0,0.2099,0.3604,0.2329,0.3,0.325,0.3723,2218671.0,0.0079,1,1.0,0,0.0,324.97,302.0,196.1,46.0,687.0,RAS
s1337,rib_left_11,1,0.9705,0.9427,3191,88,106,3279,3297,ok,3279,11066.62,0,0.2645,0.3078,0.1611,0.2643,0.1536,0.3117,773226.0,0.0143,1,1.0,1,0.0137,360.07,349.0,177.98,92.0,676.0,RAS
s1337,rib_left_12,1,0.9713,0.9442,1743,18,85,1761,1828,ok,1761,5943.38,0,0.3257,0.3109,0.1006,0.1821,0.0536,0.1991,118766.25,0.05,1,1.0,1,0.0153,317.53,313.0,140.64,85.0,552.0,RAS
s1337,rib_left_2,1,0.9677,0.9374,4312,69,219,4381,4531,ok,4381,14785.88,0,0.2891,0.4731,0.8736,0.175,0.3143,0.1948,654885.0,0.0226,2,0.9998,0,0.0,277.98,273.0,149.6,40.0,534.0,RAS
s1337,rib_left_3,1,0.9719,0.9454,4726,72,201,4798,4927,ok,4798,16193.25,0,0.2534,0.4643,0.8075,0.2107,0.3964,0.2078,1060938.0,0.0153,5,0.9981,0,0.0,261.64,253.5,161.3,11.85,555.0,RAS
s1337,rib_left_4,1,0.9808,0.9624,5809,55,172,5864,5981,ok,5864,19791.0,0,0.2299,0.4682,0.7284,0.2286,0.4393,0.2121,1301832.0,0.0152,2,0.9998,0,0.0,263.21,256.5,177.8,-3.0,576.0,RAS
s1337,rib_left_5,1,0.9762,0.9534,6410,90,223,6500,6633,ok,6500,21937.5,0,0.2176,0.4748,0.6367,0.25,0.4964,0.2771,2101680.0,0.0104,4,0.9992,0,0.0,245.19,240.0,174.15,-20.05,539.0,RAS
s1337,rib_left_6,1,0.9755,0.9521,6882,218,128,7100,7010,ok,7100,23962.5,0,0.2074,0.4591,0.5574,0.2714,0.4964,0.2944,2424438.0,0.0099,5,0.999,0,0.0,277.9,266.0,213.82,-38.05,647.0,RAS
s1337,rib_left_7,1,0.9706,0.9429,7296,306,136,7602,7432,ok,7602,25656.75,0,0.1979,0.4527,0.4778,0.2929,0.4857,0.3506,3048678.0,0.0084,4,0.9996,0,0.0,255.36,237.0,208.64,-51.0,624.0,RAS
s1337,rib_left_8,1,0.9821,0.9649,6618,145,96,6763,6714,ok,6763,22825.12,0,0.1889,0.4301,0.3999,0.3036,0.4393,0.3896,3175706.25,0.0072,1,1.0,0,0.0,280.31,260.0,195.47,-14.0,626.0,RAS
s1337,rib_left_9,1,0.9736,0.9485,5934,183,139,6117,6073,ok,6117,20644.88,0,0.1982,0.3974,0.3233,0.3036,0.4,0.3896,2891700.0,0.0071,2,0.9998,0,0.0,321.07,308.0,191.73,31.0,659.0,RAS
s1337,rib_right_1,0,0.9221,0.8554,3348,191,375,3539,3723,ok,3539,11944.12,0,0.6105,0.5137,0.8836,0.0893,0.2214,0.1688,204018.75,0.0585,1,1.0,0,0.0,315.72,294.0,179.43,59.0,651.0,RAS
s1337,rib_right_10,1,0.9821,0.9649,5001,44,138,5045,5139,ok,5045,17026.88,0,0.7566,0.38,0.2503,0.2821,0.3464,0.3463,2069010.0,0.0082,1,1.0,0,0.0,348.15,319.0,205.81,59.2,735.8,RAS
s1337,rib_right_11,1,0.972,0.9455,3247,94,93,3341,3340,ok,3341,11275.88,0,0.7159,0.3329,0.1658,0.2714,0.2214,0.2987,1097307.0,0.0103,1,1.0,1,0.0096,351.27,336.0,182.88,79.0,679.0,RAS
s1337,rib_right_12,1,0.9744,0.95,1768,45,48,1813,1816,ok,1813,6118.88,0,0.6483,0.3113,0.1015,0.1929,0.0643,0.1905,144342.0,0.0424,1,1.0,1,0.0138,362.69,355.0,161.01,107.0,646.8,RAS
s1337,rib_right_2,1,0.963,0.9286,4434,67,274,4501,4708,ok,4501,15190.88,0,0.6584,0.4858,0.8646,0.1643,0.3071,0.1861,574114.5,0.0265,2,0.9956,0,0.0,301.69,297.0,164.51,47.0,583.0,RAS
s1337,rib_right_3,1,0.9734,0.9482,4504,52,194,4556,4698,ok,4556,15376.5,0,0.6932,0.4741,0.8069,0.2036,0.4,0.2035,1012662.0,0.0152,6,0.9976,0,0.0,251.58,245.0,152.4,14.0,533.25,RAS
s1337,rib_right_4,0,0.8613,0.7563,5810,1588,284,7398,6094,ok,7398,24968.25,0,0.7224,0.525,0.6906,0.2286,0.475,0.3377,2240784.0,0.0111,7,0.7894,0,0.0,238.06,230.0,177.71,-19.0,560.15,RAS
s1337,rib_right_5,0,0.7574,0.6096,5165,1559,1749,6724,6914,ok,6724,22693.5,0,0.734,0.4786,0.6254,0.2429,0.4893,0.3593,2609644.5,0.0087,5,0.7612,0,0.0,248.21,237.0,182.39,-24.0,565.85,RAS
s1337,rib_right_6,0,0.7603,0.6133,4869,1547,1523,6416,6392,ok,6416,21654.0,0,0.7449,0.4681,0.5506,0.2464,0.4821,0.3939,2860869.5,0.0076,5,0.7656,0,0.0,260.93,240.5,207.35,-40.25,630.0,RAS
s1337,rib_right_7,0,0.8145,0.6871,5218,924,1452,6142,6670,ok,6142,20729.25,0,0.7499,0.4356,0.4916,0.2607,0.4536,0.4286,3097673.0,0.0067,2,0.8641,0,0.0,314.48,287.0,228.31,-15.0,729.0,RAS
s1337,rib_right_8,0,0.9077,0.8311,5352,130,958,5482,6310,ok,5482,18501.75,0,0.7568,0.4054,0.4431,0.2786,0.3821,0.2944,1915407.0,0.0097,1,1.0,0,0.0,329.83,319.0,204.03,11.05,679.0,RAS
s1337,rib_right_9,1,0.9839,0.9683,6271,85,120,6356,6391,ok,6356,21451.5,0,0.7597,0.4113,0.3363,0.2714,0.4143,0.3593,2469582.0,0.0087,1,1.0,0,0.0,330.37,308.0,205.44,34.0,703.0,RAS
s1337,scapula_left,1,0.9546,0.9131,35231,401,2953,35632,38184,ok,35632,120258.0,0,0.1853,0.3504,0.8287,0.2607,0.2036,0.4545,1474554.38,0.0816,1,1.0,1,0.0179,299.84,233.0,252.33,20.0,831.0,RAS
s1337,scapula_right,1,0.9755,0.9523,37215,1363,503,38578,37718,ok,38578,130200.75,0,0.7872,0.3505,0.8034,0.2536,0.2321,0.5238,1884650.62,0.0691,5,0.9997,1,0.0076,336.59,277.0,253.42,34.0,872.0,RAS
s1337,small_bowel,1,0.9578,0.9191,13716,316,892,14032,14608,ok,14032,47358.0,0,0.3134,0.6409,0.0203,0.1714,0.2036,0.0736,156978.0,0.3017,1,1.0,1,0.1204,45.16,47.0,48.91,-37.0,121.0,RAS
s1337,spinal_cord,1,0.9651,0.9326,13361,863,102,14224,13463,ok,14224,48006.0,0,0.4834,0.3442,0.4475,0.05,0.1214,1.0,371101.5,0.1294,1,1.0,1,0.0088,38.27,39.0,44.68,-36.0,108.0,RAS
s1337,spleen,1,0.9778,0.9566,79460,1669,1934,81129,81394,ok,81129,273810.38,0,0.2206,0.4571,0.1193,0.2393,0.2643,0.2424,937062.0,0.2922,1,1.0,1,0.0142,66.73,67.0,40.84,0.0,133.0,RAS
s1337,sternum,1,0.9688,0.9396,24311,951,613,25262,24924,ok,25262,85259.25,0,0.4677,0.6781,0.6873,0.1571,0.2071,0.5281,1050786.0,0.0811,1,1.0,0,0.0,169.55,138.0,144.42,-10.0,453.0,RAS
s1337,stomach,1,0.9576,0.9187,88800,3680,4174,92480,92974,ok,92480,312120.0,0,0.3701,0.6622,0.1586,0.2821,0.375,0.2641,1707733.12,0.1828,1,1.0,0,0.0,-113.26,13.0,326.47,-962.0,98.0,RAS
s1337,subclavian_artery_left,0,0.9234,0.8576,2289,124,256,2413,2545,ok,2413,8143.88,0,0.3902,0.5012,0.859,0.2286,0.0714,0.1948,194400.0,0.0419,1,1.0,0,0.0,57.46,61.0,52.36,-22.4,131.0,RAS
s1337,subclavian_artery_right,0,0.92,0.8518,2230,36,352,2266,2582,ok,2266,7647.75,0,0.5931,0.4966,0.8965,0.2464,0.0536,0.0996,80341.88,0.0952,1,1.0,0,0.0,58.73,61.0,47.78,-22.75,134.0,RAS
s1337,superior_vena_cava,1,0.9616,0.9261,3985,150,168,4135,4153,ok,4135,13955.62,0,0.5255,0.548,0.6235,0.0393,0.0607,0.2727,39760.88,0.351,1,1.0,0,0.0,61.05,69.0,48.16,-16.0,118.3,RAS
s1337,thyroid_gland,0,0.8746,0.7772,4234,1149,65,5383,4299,ok,5383,18167.62,0,0.4825,0.5275,0.9425,0.1393,0.0679,0.1255,72525.38,0.2505,1,1.0,1,0.0212,87.93,89.0,40.26,22.0,152.0,RAS
s1337,trachea,1,0.9618,0.9264,18059,275,1159,18334,19218,ok,18334,61877.25,0,0.4802,0.4834,0.7302,0.2357,0.1143,0.4199,691416.0,0.0895,1,1.0,0,0.0,-914.01,-959.0,132.63,-1006.0,-578.0,RAS
s1337,vertebrae_C6,0,0.9388,0.8846,69,7,2,76,71,ok,76,256.5,0,0.4872,0.4732,0.9942,0.0536,0.0214,0.0087,607.5,0.4222,1,1.0,1,0.6579,362.2,351.0,73.27,257.0,491.5,RAS
s1337,vertebrae_C7,1,0.9651,0.9325,3055,170,51,3225,3106,ok,3225,10884.38,0,0.4883,0.4359,0.9799,0.1607,0.1071,0.0606,63787.5,0.1706,2,0.9907,1,0.155,300.19,273.0,133.21,131.2,553.0,RAS
s1337,vertebrae_L1,1,0.9937,0.9875,18476,139,95,18615,18571,ok,18615,62825.62,0,0.4817,0.3833,0.09,0.1714,0.2036,0.1472,313956.0,0.2001,3,0.9996,0,0.0,271.69,208.0,207.06,57.0,746.0,RAS
s1337,vertebrae_L2,1,0.9915,0.9832,9103,69,87,9172,9190,ok,9172,30955.5,0,0.4833,0.394,0.0188,0.2036,0.175,0.0736,160248.38,0.1932,1,1.0,1,0.104,286.49,226.0,216.78,57.0,765.45,RAS
s1337,vertebrae_T1,1,0.9847,0.9699,7661,134,104,7795,7765,ok,7795,26308.12,0,0.4831,0.4013,0.9471,0.1964,0.1679,0.1082,218109.38,0.1206,1,1.0,1,0.0024,338.23,301.0,173.29,115.0,681.0,RAS
s1337,vertebrae_T10,1,0.9917,0.9836,12217,53,151,12270,12368,ok,12270,41411.25,0,0.4862,0.3521,0.3556,0.1607,0.1821,0.1385,247860.0,0.1671,1,1.0,0,0.0,297.99,244.0,190.07,98.0,724.0,RAS
s1337,vertebrae_T11,1,0.9916,0.9833,13213,48,176,13261,13389,ok,13261,44755.88,0,0.484,0.3656,0.2788,0.1429,0.1786,0.1299,202500.0,0.221,2,0.9999,0,0.0,313.55,244.0,214.93,102.0,824.0,RAS
s1337,vertebrae_T12,1,0.9926,0.9854,15258,89,137,15347,15395,ok,15347,51796.12,0,0.4819,0.3769,0.1889,0.125,0.1857,0.1385,196560.0,0.2635,2,0.9999,0,0.0,269.04,210.0,198.49,65.0,718.0,RAS
s1337,vertebrae_T2,1,0.9873,0.9749,7842,149,53,7991,7895,ok,7991,26969.62,0,0.4789,0.3775,0.8937,0.1786,0.1714,0.1212,226800.0,0.1189,1,1.0,0,0.0,316.65,272.0,184.64,87.0,704.0,RAS
s1337,vertebrae_T3,1,0.987,0.9742,7601,146,55,7747,7656,ok,7747,26146.12,0,0.4769,0.3533,0.833,0.1571,0.1714,0.1082,178200.0,0.1467,1,1.0,0,0.0,323.13,277.0,200.58,73.0,751.7,RAS
s1337,vertebrae_T4,1,0.9866,0.9735,7812,87,126,7899,7938,ok,7899,26659.12,0,0.4785,0.3403,0.7701,0.15,0.175,0.1342,215318.25,0.1238,1,1.0,0,0.0,319.51,276.0,188.53,89.0,713.1,RAS
s1337,vertebrae_T5,1,0.9877,0.9756,8334,84,124,8418,8458,ok,8418,28410.75,0,0.4855,0.3327,0.7051,0.1571,0.1714,0.1472,242352.0,0.1172,1,1.0,0,0.0,304.01,259.5,178.79,94.0,685.0,RAS
s1337,vertebrae_T6,1,0.9892,0.9787,8820,116,76,8936,8896,ok,8936,30159.0,0,0.4884,0.3279,0.6362,0.1607,0.1786,0.1472,258187.5,0.1168,2,0.9999,0,0.0,318.38,267.0,191.4,106.75,735.25,RAS
s1337,vertebrae_T7,1,0.9902,0.9806,9658,99,92,9757,9750,ok,9757,32929.88,0,0.4899,0.3289,0.5659,0.1643,0.1821,0.1472,269203.5,0.1223,2,0.9999,0,0.0,322.17,270.0,198.45,103.0,779.0,RAS
s1337,vertebrae_T8,1,0.9906,0.9814,10057,119,72,10176,10129,ok,10176,34344.0,0,0.4882,0.3365,0.4965,0.1679,0.1857,0.1385,263952.0,0.1301,1,1.0,0,0.0,305.0,257.0,192.57,96.0,736.0,RAS
s1337,vertebrae_T9,1,0.9917,0.9835,10660,68,111,10728,10771,ok,10728,36207.0,0,0.4864,0.3439,0.4277,0.1679,0.1857,0.1342,255703.5,0.1416,1,1.0,0,0.0,294.52,247.0,188.06,97.0,723.3,RAS
s1286,aorta,0,0.511,0.3432,1742,0,3334,1742,5076,ok,1742,5879.25,0,0.463,0.5737,0.689,0.0437,0.0728,0.6333,17313.75,0.3396,1,1.0,1,0.0126,41.55,41.0,7.09,30.0,53.0,RAS
s1286,autochthon_left,1,0.9815,0.9636,35024,735,588,35759,35612,ok,35759,120686.62,0,0.3954,0.3546,0.4521,0.2233,0.1359,1.0,260820.0,0.4627,1,1.0,1,0.0282,52.93,55.0,14.22,33.0,67.0,RAS
s1286,autochthon_right,1,0.9813,0.9633,29515,815,310,30330,29825,ok,30330,102363.75,0,0.6044,0.362,0.4644,0.2087,0.1214,1.0,217687.5,0.4702,1,1.0,1,0.0274,50.35,53.0,16.67,25.0,66.0,RAS
s1286,colon,0,0.9358,0.8793,101177,11210,2679,112387,103856,ok,112387,379306.12,0,0.4625,0.5921,0.4082,0.6845,0.3107,1.0,1827360.0,0.2076,1,1.0,1,0.0256,-58.08,-6.0,156.89,-368.0,50.0,RAS
s1286,costal_cartilages,0,0.8812,0.7876,6499,1248,505,7747,7004,ok,7747,26146.12,0,0.477,0.6815,0.6715,0.7718,0.2524,0.7833,1311511.5,0.0199,8,0.4282,1,0.0207,110.5,115.0,22.06,71.0,138.0,RAS
s1286,duodenum,0,0.6788,0.5138,3616,2505,917,6121,4533,ok,6121,20658.38,0,0.5686,0.5928,0.6467,0.3107,0.1165,0.6667,207360.0,0.0996,2,0.985,1,0.0108,-36.74,32.0,173.81,-479.0,56.0,RAS
s1286,gallbladder,0,0.9451,0.8959,8892,548,485,9440,9377,ok,9440,31860.0,0,0.7107,0.6525,0.7068,0.1311,0.1408,0.4833,76636.12,0.4157,1,1.0,0,0.0,22.04,23.0,9.8,5.0,37.0,RAS
s1286,iliopsoas_left,1,0.9646,0.9317,4514,160,171,4674,4685,ok,4674,15774.75,0,0.3975,0.4826,0.2609,0.0728,0.1165,0.75,54675.0,0.2885,1,1.0,1,0.0357,54.26,55.0,9.61,39.0,68.0,RAS
s1286,iliopsoas_right,1,0.9683,0.9386,5958,200,190,6158,6148,ok,6158,20783.25,0,0.5976,0.4872,0.2719,0.0728,0.1214,0.85,64546.88,0.322,1,1.0,1,0.0364,51.74,54.0,12.85,29.0,66.0,RAS
s1286,inferior_vena_cava,0,0.1577,0.0856,85,590,318,675,403,low_dice,675,2278.12,0,0.5742,0.549,0.8837,0.0874,0.0728,0.3667,20047.5,0.1136,1,1.0,1,0.1215,38.61,38.0,7.29,27.7,51.0,RAS
s1286,kidney_left,0,0.8909,0.8033,15695,1522,2322,17217,18017,ok,17217,58107.38,0,0.3249,0.4499,0.7333,0.1553,0.1553,0.65,134784.0,0.4311,1,1.0,1,0.0273,29.21,30.0,8.39,16.0,42.0,RAS
s1286,kidney_right,0,0.9102,0.8352,28677,4237,1420,32914,30097,ok,32914,111084.75,0,0.6864,0.4838,0.608,0.1942,0.1942,0.9333,302400.0,0.3673,1,1.0,1,0.0195,28.31,29.0,8.93,13.0,41.0,RAS
s1286,liver,0,0.9356,0.8789,25771,1017,2533,26788,28304,ok,26788,90409.5,0,0.7884,0.5571,0.8647,0.2718,0.3641,0.45,382725.0,0.2362,1,1.0,1,0.0902,58.95,60.0,10.02,43.0,72.0,RAS
s1286,pancreas,0,0.0,0.0,0,90,0,90,0,false_positive,90,303.75,0,0.5628,0.6217,0.9159,0.0631,0.0243,0.2167,2851.88,0.1065,2,0.6333,1,0.4,47.3,46.0,6.37,37.45,58.55,RAS
s1286,rib_left_10,0,0.7247,0.5682,583,92,351,675,934,ok,675,2278.12,0,0.1372,0.4954,0.8187,0.0777,0.1553,0.5333,55296.0,0.0412,4,0.883,1,0.0607,407.38,383.0,160.12,179.0,687.6,RAS
s1286,rib_left_11,1,0.9542,0.9125,1032,24,75,1056,1107,ok,1056,3564.0,0,0.171,0.43,0.7513,0.1068,0.199,0.5667,103504.5,0.0344,2,0.9991,1,0.0379,428.91,410.0,154.27,209.0,715.25,RAS
s1286,rib_left_12,1,0.9797,0.9602,1135,20,27,1155,1162,ok,1155,3898.12,0,0.2752,0.3888,0.6488,0.1942,0.1359,0.7333,166320.0,0.0234,1,1.0,1,0.0173,507.88,507.0,160.74,268.7,786.3,RAS
s1286,rib_left_8,0,0.9144,0.8423,187,35,0,222,187,ok,222,749.25,0,0.1084,0.6094,0.9389,0.0291,0.0485,0.15,1822.5,0.4111,1,1.0,1,0.1757,243.9,248.5,78.28,100.05,372.0,RAS
s1286,rib_left_9,0,0.5476,0.377,305,501,3,806,308,ok,806,2720.25,0,0.1335,0.5596,0.7472,0.0825,0.0922,0.45,29433.38,0.0924,2,0.7022,1,0.0273,280.85,267.0,111.95,106.0,475.0,RAS
s1286,rib_right_10,0,0.7908,0.654,1036,433,115,1469,1151,ok,1469,4957.88,0,0.8687,0.5069,0.6618,0.0777,0.1942,0.7167,92880.0,0.0534,2,0.7297,1,0.0265,360.77,338.0,142.44,173.4,635.0,RAS
s1286,rib_right_11,0,0.8467,0.7341,1088,8,386,1096,1474,ok,1096,3699.0,0,0.8136,0.4126,0.7371,0.1214,0.1796,0.55,103021.88,0.0359,1,1.0,1,0.0328,503.63,494.0,146.19,284.5,758.5,RAS
s1286,rib_right_12,1,0.9816,0.9638,1092,18,23,1110,1115,ok,1110,3746.25,0,0.7245,0.4071,0.5733,0.1845,0.1408,0.8333,185962.5,0.0201,1,1.0,1,0.0153,510.84,482.0,181.5,270.0,880.85,RAS
s1286,rib_right_5,0,0.0,0.0,0,0,30,0,30,miss,0,0.0,1,,,,0.0,0.0,0.0,0.0,0.0,0,0.0,0,0.0,,,,,,RAS
s1286,rib_right_8,0,0.8289,0.7077,293,119,2,412,295,ok,412,1390.5,0,0.8537,0.6339,0.9045,0.0534,0.0583,0.3667,9801.0,0.1419,2,0.9976,1,0.0825,248.92,237.5,85.03,117.55,395.8,RAS
s1286,rib_right_9,0,0.9087,0.8327,667,132,2,799,669,ok,799,2696.62,0,0.8783,0.5855,0.7526,0.0728,0.1214,0.5333,40500.0,0.0666,2,0.8786,1,0.0325,307.23,285.0,134.04,119.0,548.8,RAS
s1286,small_bowel,0,0.5408,0.3706,6599,10221,987,16820,7586,ok,16820,56767.5,0,0.2629,0.6082,0.4433,0.2476,0.2136,1.0,454410.0,0.1249,9,0.8315,1,0.0137,-1.73,30.0,119.6,-200.05,48.0,RAS
s1286,spinal_cord,1,0.9817,0.9641,5539,149,57,5688,5596,ok,5688,19197.0,0,0.4996,0.4456,0.4977,0.0777,0.0922,1.0,61560.0,0.3118,1,1.0,1,0.0301,19.18,20.0,15.25,-7.0,41.0,RAS
s1286,vertebrae_L1,0,0.9152,0.8437,6517,77,1130,6594,7647,ok,6594,22254.75,0,0.5033,0.4292,0.8766,0.2233,0.2087,0.7667,307084.5,0.0725,2,0.9983,1,0.0685,431.35,333.0,264.57,173.0,1015.35,RAS
s1286,vertebrae_L2,0,0.7857,0.6471,9226,1226,3806,10452,13032,ok,10452,35275.5,0,0.5032,0.4556,0.5847,0.2524,0.2379,1.0,515970.0,0.0684,17,0.88,1,0.0095,475.34,361.0,305.36,173.0,1144.45,RAS
s1286,vertebrae_L3,0,0.6698,0.5035,8945,3302,5518,12247,14463,ok,12247,41333.62,0,0.4988,0.4829,0.328,0.2233,0.2476,0.8167,387969.75,0.1065,16,0.7283,1,0.0073,455.59,330.0,310.2,163.0,1160.0,RAS
s1286,vertebrae_L4,0,0.017,0.0086,39,4467,32,4506,71,low_dice,4506,15207.75,0,0.4852,0.5416,0.2081,0.1602,0.165,0.4333,98455.5,0.1545,5,0.9913,1,0.0058,283.32,263.0,88.87,174.0,441.75,RAS
s1260,brain,1,0.9893,0.9789,393343,1414,7065,394757,400408,ok,394757,1332304.88,0,0.5131,0.4689,0.4859,0.6444,0.7778,0.8407,2928909.5,0.4549,1,1.0,0,0.0,46.42,44.0,27.23,17.0,78.0,RAS
s1260,prostate,0,0.0,0.0,0,0,49,0,49,miss,0,0.0,1,,,,0.0,0.0,0.0,0.0,0.0,0,0.0,0,0.0,,,,,,RAS
s1260,skull,1,0.9665,0.9352,195070,1029,12478,196099,207548,ok,196099,661834.12,0,0.5114,0.4885,0.4721,0.7185,0.8815,0.9469,4168466.0,0.1588,5,1.0,1,0.0014,863.39,851.0,623.6,28.0,1822.0,RAS
s1260,spinal_cord,0,0.819,0.6934,1348,44,552,1392,1900,ok,1392,4698.0,0,0.4716,0.311,0.0309,0.1333,0.1111,0.0796,8201.25,0.5728,1,1.0,1,0.1114,11.01,6.0,30.82,-30.0,67.0,RAS
s1260,vertebrae_C1,1,0.9562,0.9161,2401,61,159,2462,2560,ok,2462,8309.25,0,0.4658,0.3298,0.0246,0.4,0.2148,0.0796,47567.25,0.1747,3,0.9955,1,0.1032,887.0,822.0,456.72,235.0,1685.95,RAS
s1260,vertebrae_C2,0,0.9356,0.8789,196,0,27,196,223,ok,196,661.5,0,0.4724,0.3693,0.0162,0.0519,0.0593,0.0531,1134.0,0.5833,1,1.0,1,0.2194,1029.87,975.0,320.87,591.0,1597.25,RAS
s1305,adrenal_gland_left,1,0.9591,0.9214,703,28,32,731,735,ok,731,2467.12,0,0.4306,0.4333,0.2776,0.0769,0.095,0.0612,20482.88,0.1204,1,1.0,0,0.0,36.11,34.0,45.43,-36.5,114.0,RAS
s1305,adrenal_gland_right,0,0.939,0.8849,646,23,61,669,707,ok,669,2257.88,0,0.6263,0.4053,0.2853,0.0498,0.0769,0.0755,13253.62,0.1704,1,1.0,0,0.0,45.34,47.0,49.06,-37.2,125.0,RAS
s1305,aorta,1,0.9902,0.9805,45403,402,499,45805,45902,ok,45805,154591.88,0,0.4748,0.4082,0.5331,0.19,0.2896,0.7302,1841616.0,0.0839,1,1.0,0,0.0,654.24,699.0,173.2,233.0,821.0,RAS
s1305,atrial_appendage_left,1,0.9733,0.948,2095,69,46,2164,2141,ok,2164,7303.5,0,0.4148,0.4146,0.5799,0.1176,0.086,0.0755,35012.25,0.2086,1,1.0,0,0.0,492.38,560.5,195.89,112.0,723.85,RAS
s1305,autochthon_left,1,0.9743,0.9499,90608,2919,1856,93527,92464,ok,93527,315653.62,0,0.4392,0.2291,0.3589,0.1946,0.267,1.0,2380340.25,0.1326,1,1.0,1,0.008,15.16,20.0,58.15,-90.0,100.0,RAS
s1305,autochthon_right,1,0.978,0.9569,86913,1579,2334,88492,89247,ok,88492,298660.5,0,0.6024,0.2302,0.3596,0.2217,0.267,1.0,2712480.75,0.1101,1,1.0,1,0.009,19.32,26.0,59.06,-91.0,104.0,RAS
s1305,brachiocephalic_trunk,1,0.9653,0.9329,1084,39,39,1123,1123,ok,1123,3790.12,0,0.5292,0.4773,0.7665,0.0814,0.0543,0.0863,17496.0,0.2166,1,1.0,0,0.0,652.53,694.0,199.6,225.4,943.9,RAS
s1305,brachiocephalic_vein_left,1,0.9819,0.9644,4232,83,73,4315,4305,ok,4315,14563.12,0,0.49,0.4954,0.7604,0.1674,0.095,0.1331,97027.88,0.1501,1,1.0,0,0.0,2014.08,2380.0,1022.75,110.4,3074.0,RAS
s1305,brachiocephalic_vein_right,0,0.9455,0.8966,1257,137,8,1394,1265,ok,1394,4704.75,0,0.5896,0.4696,0.7779,0.0679,0.0498,0.1007,15592.5,0.3017,1,1.0,0,0.0,145.83,126.5,212.88,3.0,238.0,RAS
s1305,clavicula_left,1,0.9786,0.958,5044,122,99,5166,5143,ok,5166,17435.25,0,0.3563,0.4585,0.8719,0.3032,0.2262,0.1727,542700.0,0.0321,1,1.0,0,0.0,516.83,377.0,428.24,32.0,1377.75,RAS
s1305,clavicula_right,1,0.9809,0.9624,5532,101,115,5633,5647,ok,5633,19011.38,0,0.6785,0.4476,0.8763,0.2805,0.2489,0.1871,598455.0,0.0318,1,1.0,0,0.0,492.63,313.0,469.08,-15.0,1442.4,RAS
s1305,colon,1,0.9617,0.9262,96339,3857,3821,100196,100160,ok,100196,338161.5,0,0.4724,0.5355,0.0919,0.6652,0.4389,0.3022,4042426.5,0.0837,1,1.0,1,0.0278,-92.68,-37.0,212.83,-613.0,82.0,RAS
s1305,common_carotid_artery_left,1,0.9567,0.917,961,25,62,986,1023,ok,986,3327.75,0,0.47,0.4832,0.8709,0.086,0.0905,0.259,92340.0,0.036,1,1.0,1,0.0071,559.06,610.5,232.58,146.5,830.75,RAS
s1305,common_carotid_artery_right,1,0.9768,0.9547,800,25,13,825,813,ok,825,2784.38,0,0.5753,0.4943,0.9038,0.0633,0.0814,0.1906,45076.5,0.0618,1,1.0,1,0.017,578.81,634.0,198.83,195.2,810.0,RAS
s1305,costal_cartilages,0,0.902,0.8215,22876,4088,883,26964,23759,ok,26964,91003.5,0,0.495,0.6273,0.441,0.6833,0.1991,0.6583,4103500.5,0.0222,17,0.8116,0,0.0,163.71,95.0,266.59,21.0,661.0,RAS
s1305,duodenum,0,0.8974,0.814,12295,559,2251,12854,14546,ok,12854,43382.25,0,0.5878,0.5301,0.1165,0.2534,0.19,0.1583,349272.0,0.1242,1,1.0,0,0.0,25.33,66.0,175.77,-292.0,143.0,RAS
s1305,esophagus,1,0.9559,0.9155,8558,295,495,8853,9053,ok,8853,29878.88,0,0.4938,0.3812,0.5947,0.1131,0.1674,0.5324,462037.5,0.0647,1,1.0,0,0.0,30.29,44.0,108.48,-76.0,132.0,RAS
s1305,gallbladder,0,0.9184,0.8491,1542,156,118,1698,1660,ok,1698,5730.75,0,0.7209,0.604,0.1274,0.1176,0.0724,0.0827,32292.0,0.1775,1,1.0,0,0.0,14.63,13.0,34.23,-39.0,73.0,RAS
s1305,gluteus_medius_right,0,0.0,0.0,0,37,0,37,0,false_positive,37,124.88,0,0.7943,0.3337,0.0,0.0814,0.0452,0.0036,607.5,0.2056,3,0.6757,1,1.0,-36.78,-39.0,47.7,-110.6,34.4,RAS
s1305,heart,1,0.9713,0.9442,122076,2648,4567,124724,126643,ok,124724,420943.5,0,0.4666,0.4758,0.5068,0.3756,0.2805,0.3058,1476258.75,0.2851,1,1.0,0,0.0,561.23,629.0,286.05,114.0,969.0,RAS
s1305,hip_left,1,0.9502,0.9052,105,0,11,105,116,ok,105,354.38,0,0.3001,0.3235,0.0,0.1041,0.0588,0.0036,1009.12,0.3512,3,0.9429,1,1.0,261.59,249.0,95.31,108.2,431.8,RAS
s1305,hip_right,1,0.9722,0.946,893,35,16,928,909,ok,928,3132.0,0,0.786,0.3586,0.0043,0.1855,0.1403,0.018,21448.12,0.146,1,1.0,1,0.3459,388.39,308.0,266.58,80.7,992.3,RAS
s1305,humerus_left,1,0.9803,0.9614,15307,152,462,15459,15769,ok,15459,52174.12,0,0.0948,0.3921,0.9016,0.1719,0.1765,0.1439,200070.0,0.2608,1,1.0,1,0.0025,140.79,86.0,254.3,-141.0,647.1,RAS
s1305,humerus_right,1,0.9778,0.9565,16773,34,728,16807,17501,ok,16807,56723.62,0,0.8927,0.4119,0.9276,0.1674,0.1946,0.1367,204045.75,0.278,1,1.0,1,0.0129,184.33,84.0,308.31,-82.0,879.7,RAS
s1305,iliac_artery_left,1,0.9791,0.959,538,10,13,548,551,ok,548,1849.5,0,0.5071,0.5276,0.024,0.0633,0.0407,0.0576,6804.0,0.2718,1,1.0,1,0.0876,674.89,743.5,187.83,241.4,855.0,RAS
s1305,iliac_artery_right,0,0.9216,0.8546,382,62,3,444,385,ok,444,1498.5,0,0.5508,0.536,0.0241,0.0317,0.0362,0.054,2835.0,0.5286,1,1.0,1,0.0676,659.08,745.5,197.36,234.2,837.0,RAS
s1305,iliac_vena_left,0,0.8923,0.8056,116,16,12,132,128,ok,132,445.5,0,0.5425,0.5111,0.0044,0.0452,0.0271,0.018,1012.5,0.44,1,1.0,1,0.3333,52.86,47.0,41.32,-3.45,122.15,RAS
s1305,iliac_vena_right,0,0.7097,0.55,110,6,84,116,194,ok,116,391.5,0,0.5935,0.4985,0.0033,0.0362,0.0362,0.0108,648.0,0.6042,1,1.0,1,0.3448,52.94,53.0,31.14,1.75,99.25,RAS
s1305,iliopsoas_left,1,0.9784,0.9577,15775,200,496,15975,16271,ok,15975,53915.62,0,0.4224,0.4042,0.1026,0.1176,0.1674,0.277,249999.75,0.2157,1,1.0,1,0.0191,51.15,52.0,39.99,-15.0,113.0,RAS
s1305,iliopsoas_right,1,0.9813,0.9633,14956,248,321,15204,15277,ok,15204,51313.5,0,0.6434,0.3949,0.1023,0.1176,0.1765,0.2914,277202.25,0.1851,1,1.0,1,0.0196,47.68,48.0,41.21,-21.0,114.0,RAS
s1305,inferior_vena_cava,0,0.9277,0.8652,11975,1293,573,13268,12548,ok,13268,44779.5,0,0.5979,0.4624,0.2739,0.1086,0.1267,0.4568,288036.0,0.1555,1,1.0,0,0.0,63.23,54.0,62.42,-10.0,165.0,RAS
s1305,kidney_left,0,0.8029,0.6707,768,363,14,1131,782,ok,1131,3817.12,0,0.3813,0.3535,0.2389,0.0543,0.0679,0.0935,15795.0,0.2417,1,1.0,0,0.0,30.33,34.0,46.91,-54.0,98.0,RAS
s1305,kidney_right,1,0.985,0.9704,39524,440,764,39964,40288,ok,39964,134878.5,0,0.732,0.3711,0.1302,0.1855,0.2353,0.2446,489294.0,0.2757,1,1.0,0,0.0,176.9,195.0,92.64,18.0,306.0,RAS
s1305,liver,1,0.9917,0.9835,255911,2066,2225,257977,258136,ok,257977,870672.38,0,0.6757,0.5097,0.2896,0.4977,0.4027,0.3417,3138918.75,0.2774,2,1.0,0,0.0,66.27,66.0,37.03,6.0,125.0,RAS
s1305,lung_lower_lobe_left,1,0.9942,0.9885,168218,1281,669,169499,168887,ok,169499,572059.12,0,0.2931,0.3048,0.523,0.2986,0.3167,0.4784,2073802.5,0.2759,4,1.0,0,0.0,-712.47,-780.0,225.05,-884.0,-276.0,RAS
s1305,lung_lower_lobe_right,1,0.9922,0.9846,204514,2233,969,206747,205483,ok,206747,697771.12,0,0.7098,0.3173,0.5045,0.3439,0.4072,0.4245,2724030.0,0.2562,5,1.0,0,0.0,-711.21,-789.0,239.85,-901.0,-100.0,RAS
s1305,lung_middle_lobe_right,1,0.9718,0.9452,77291,2803,1675,80094,78966,ok,80094,270317.25,0,0.7265,0.4802,0.5427,0.3213,0.3394,0.2374,1186143.75,0.2279,1,1.0,0,0.0,-791.28,-838.0,185.54,-929.0,-487.0,RAS
s1305,lung_upper_lobe_left,1,0.9966,0.9933,240446,796,832,241242,241278,ok,241242,814191.75,0,0.3179,0.4206,0.6997,0.3213,0.3937,0.4712,2731006.0,0.2981,1,1.0,0,0.0,-776.17,-822.0,187.22,-921.0,-476.0,RAS
s1305,lung_upper_lobe_right,1,0.989,0.9783,205866,1854,2705,207720,208571,ok,207720,701055.0,0,0.679,0.4096,0.7209,0.3439,0.4253,0.3417,2290545.0,0.3061,1,1.0,0,0.0,-752.73,-807.0,206.48,-910.0,-396.0,RAS
s1305,pancreas,0,0.8907,0.8029,7514,831,1013,8345,8527,ok,8345,28164.38,0,0.4803,0.5258,0.2028,0.3484,0.1946,0.1978,614604.38,0.0458,2,0.9975,0,0.0,65.96,70.0,55.99,-34.0,149.0,RAS
s1305,portal_vein_and_splenic_vein,0,0.8413,0.726,2345,570,315,2915,2660,ok,2915,9838.12,0,0.4946,0.5075,0.256,0.3982,0.1719,0.0863,270864.0,0.0363,1,1.0,0,0.0,148.36,136.0,87.8,33.0,285.0,RAS
s1305,pulmonary_vein,1,0.9536,0.9114,4360,323,101,4683,4461,ok,4683,15805.12,0,0.4964,0.3728,0.5909,0.3077,0.1267,0.1547,276318.0,0.0572,4,0.3094,0,0.0,551.37,610.0,175.54,165.0,738.0,RAS
s1305,rib_left_1,0,0.8481,0.7362,2333,755,81,3088,2414,ok,3088,10422.0,0,0.3458,0.4658,0.8459,0.1403,0.1765,0.1799,204018.75,0.0511,2,0.7176,0,0.0,816.47,484.5,881.46,103.0,3064.0,RAS
s1305,rib_left_10,1,0.9646,0.9315,2857,196,14,3053,2871,ok,3053,10303.88,0,0.248,0.2897,0.3346,0.2534,0.2986,0.3453,1197504.0,0.0086,1,1.0,0,0.0,453.75,424.0,251.65,95.6,902.8,RAS
s1305,rib_left_11,1,0.9819,0.9644,1572,53,5,1625,1577,ok,1625,5484.38,0,0.3068,0.2612,0.2741,0.2398,0.1584,0.2698,469546.88,0.0117,1,1.0,0,0.0,428.08,383.0,214.96,144.0,836.8,RAS
s1305,rib_left_12,0,0.81,0.6807,113,53,0,166,113,ok,166,560.25,0,0.4117,0.2664,0.294,0.1176,0.0271,0.1475,21586.5,0.026,4,0.9699,0,0.0,353.43,324.0,141.7,162.25,637.0,RAS
s1305,rib_left_2,0,0.9074,0.8305,2342,471,7,2813,2349,ok,2813,9493.88,0,0.3012,0.4192,0.8308,0.1946,0.3032,0.241,651466.12,0.0146,3,0.9957,0,0.0,457.2,374.0,432.8,100.0,924.8,RAS
s1305,rib_left_3,1,0.9639,0.9303,2468,169,16,2637,2484,ok,2637,8899.88,0,0.2685,0.4186,0.7707,0.2353,0.371,0.2806,1122498.0,0.0079,1,1.0,0,0.0,386.06,363.0,202.95,98.0,762.0,RAS
s1305,rib_left_4,1,0.9508,0.9062,2858,294,2,3152,2860,ok,3152,10638.0,0,0.2477,0.4056,0.7158,0.2398,0.4163,0.3309,1513998.0,0.007,2,0.9997,0,0.0,375.68,340.0,225.53,64.0,814.0,RAS
s1305,rib_left_5,1,0.9729,0.9472,3390,187,2,3577,3392,ok,3577,12072.38,0,0.2391,0.3972,0.6578,0.2489,0.4434,0.3525,1782742.5,0.0068,1,1.0,0,0.0,396.33,364.0,253.97,47.8,876.0,RAS
s1305,rib_left_6,1,0.9755,0.9522,3907,176,20,4083,3927,ok,4083,13780.12,0,0.2317,0.3712,0.6093,0.2534,0.457,0.3705,1966167.0,0.007,1,1.0,0,0.0,404.63,368.0,279.89,20.1,929.0,RAS
s1305,rib_left_7,1,0.9809,0.9626,4194,131,32,4325,4226,ok,4325,14596.88,0,0.2229,0.3543,0.5485,0.2534,0.4434,0.3849,1981854.0,0.0074,1,1.0,0,0.0,414.85,380.0,276.2,29.0,925.8,RAS
s1305,rib_left_8,1,0.9805,0.9617,3594,131,12,3725,3606,ok,3725,12571.88,0,0.2177,0.3363,0.4803,0.2579,0.4299,0.3957,2010318.75,0.0063,1,1.0,0,0.0,405.93,369.0,257.26,58.0,904.0,RAS
s1305,rib_left_9,1,0.9743,0.9498,3254,160,12,3414,3266,ok,3414,11522.25,0,0.2242,0.3056,0.4208,0.267,0.3846,0.3705,1743339.38,0.0066,1,1.0,0,0.0,407.63,378.0,240.16,64.0,850.0,RAS
s1305,rib_right_1,0,0.9247,0.8599,2093,293,48,2386,2141,ok,2386,8052.75,0,0.6689,0.4696,0.8321,0.1222,0.181,0.1871,189540.0,0.0425,1,1.0,0,0.0,401.28,349.0,273.74,57.25,931.25,RAS
s1305,rib_right_10,0,0.9161,0.8452,2577,264,208,2841,2785,ok,2841,9588.38,0,0.7894,0.2849,0.3463,0.2715,0.3213,0.3345,1337107.5,0.0072,1,1.0,0,0.0,444.95,408.0,237.01,127.0,861.0,RAS
s1305,rib_right_11,0,0.9298,0.8689,1511,80,148,1591,1659,ok,1591,5369.62,0,0.7484,0.2614,0.2782,0.2443,0.1946,0.2698,587756.25,0.0091,1,1.0,0,0.0,429.1,391.0,210.36,140.5,824.5,RAS
s1305,rib_right_12,0,0.9472,0.8997,278,31,0,309,278,ok,309,1042.88,0,0.6641,0.2573,0.2821,0.1267,0.0271,0.0935,14742.0,0.0707,2,0.9968,0,0.0,458.35,438.0,183.76,193.4,804.6,RAS
s1305,rib_right_2,1,0.9814,0.9636,2592,83,15,2675,2607,ok,2675,9028.12,0,0.7258,0.4132,0.8129,0.2036,0.3122,0.2338,681159.38,0.0133,1,1.0,0,0.0,404.37,361.0,228.09,109.0,844.0,RAS
s1305,rib_right_3,1,0.9718,0.9451,2565,132,17,2697,2582,ok,2697,9102.38,0,0.7468,0.4138,0.748,0.2353,0.3937,0.2698,1145137.5,0.0079,1,1.0,0,0.0,364.08,347.0,194.48,82.0,712.0,RAS
s1305,rib_right_4,1,0.9654,0.9331,3126,220,4,3346,3130,ok,3346,11292.75,0,0.7627,0.4072,0.6875,0.2489,0.4389,0.3129,1566489.38,0.0072,1,1.0,0,0.0,393.33,361.5,241.01,68.0,829.0,RAS
s1305,rib_right_5,1,0.9762,0.9534,3767,149,35,3916,3802,ok,3916,13216.5,0,0.7701,0.3958,0.6303,0.2579,0.4706,0.3345,1860651.0,0.0071,1,1.0,0,0.0,389.94,347.5,261.93,41.0,890.5,RAS
s1305,rib_right_6,1,0.9794,0.9597,4096,156,16,4252,4112,ok,4252,14350.5,0,0.7859,0.3759,0.5837,0.267,0.4796,0.3525,2068510.5,0.0069,1,1.0,0,0.0,385.39,339.0,273.0,32.55,898.45,RAS
s1305,rib_right_7,1,0.9792,0.9592,4065,125,48,4190,4113,ok,4190,14141.25,0,0.7947,0.3588,0.5323,0.276,0.4751,0.3741,2248155.0,0.0063,1,1.0,0,0.0,399.35,362.0,261.49,39.0,885.55,RAS
s1305,rib_right_8,0,0.9465,0.8984,3210,348,15,3558,3225,ok,3558,12008.25,0,0.8176,0.3468,0.4709,0.2489,0.448,0.3597,1837687.5,0.0065,1,1.0,0,0.0,378.68,345.0,242.25,56.0,825.15,RAS
s1305,rib_right_9,0,0.9208,0.8532,3120,292,245,3412,3365,ok,3412,11515.5,0,0.7958,0.2946,0.438,0.2851,0.4027,0.3993,2100522.5,0.0055,3,0.9385,0,0.0,398.69,356.0,255.77,60.0,892.0,RAS
s1305,scapula_left,1,0.9764,0.9538,18951,352,565,19303,19516,ok,19303,65147.62,0,0.1934,0.2631,0.817,0.267,0.2941,0.3849,1384914.38,0.047,1,1.0,0,0.0,394.28,311.0,321.17,38.0,1062.0,RAS
s1305,scapula_right,1,0.9698,0.9413,19648,443,782,20091,20430,ok,20091,67807.12,0,0.8397,0.2981,0.8128,0.2172,0.2805,0.4209,1175148.0,0.0577,1,1.0,0,0.0,410.72,319.0,327.74,45.0,1097.0,RAS
s1305,skull,1,0.982,0.9646,3653,44,90,3697,3743,ok,3697,12477.38,0,0.536,0.6993,0.978,0.19,0.1267,0.0576,63504.0,0.1965,1,1.0,1,0.1098,872.06,816.0,574.71,109.0,1742.6,RAS
s1305,small_bowel,0,0.9309,0.8707,63307,4880,4524,68187,67831,ok,68187,230131.12,0,0.3231,0.4571,0.09,0.5792,0.3575,0.2302,2184192.0,0.1054,4,1.0,1,0.0229,13.72,50.0,167.83,-134.0,116.0,RAS
s1305,spinal_cord,1,0.9688,0.9395,19127,949,282,20076,19409,ok,20076,67756.5,0,0.5214,0.2935,0.5036,0.0814,0.2624,1.0,979533.0,0.0692,1,1.0,1,0.0033,30.03,30.0,52.33,-57.0,112.0,RAS
s1305,spleen,1,0.9857,0.9718,33327,466,501,33793,33828,ok,33793,114051.38,0,0.2663,0.3693,0.3011,0.2217,0.2217,0.1727,388962.0,0.2932,1,1.0,0,0.0,176.63,182.0,67.05,62.0,280.0,RAS
s1305,sternum,0,0.9413,0.8891,11146,623,767,11769,11913,ok,11769,39720.38,0,0.5084,0.5822,0.6856,0.1674,0.1312,0.3705,373001.62,0.1065,1,1.0,0,0.0,221.91,186.0,172.66,8.0,553.0,RAS
s1305,stomach,1,0.9753,0.9518,33602,395,1306,33997,34908,ok,33997,114739.88,0,0.4298,0.5705,0.2279,0.3303,0.2715,0.295,1212165.0,0.0947,5,0.9999,0,0.0,50.28,71.0,144.4,-23.0,146.0,RAS
s1305,subclavian_artery_left,0,0.8699,0.7697,1046,52,261,1098,1307,ok,1098,3705.75,0,0.4189,0.4455,0.8293,0.2715,0.0407,0.1331,67432.5,0.055,17,0.8534,0,0.0,539.74,575.0,236.67,130.85,887.6,RAS
s1305,subclavian_artery_right,0,0.885,0.7937,1016,45,219,1061,1235,ok,1061,3580.88,0,0.6233,0.447,0.8434,0.2217,0.0498,0.0863,43659.0,0.082,25,0.8605,0,0.0,540.67,622.0,214.46,128.0,780.0,RAS
s1305,superior_vena_cava,1,0.9766,0.9543,5558,153,113,5711,5671,ok,5711,19274.62,0,0.5719,0.4574,0.6522,0.0633,0.0905,0.1691,44415.0,0.434,1,1.0,0,0.0,1487.32,1384.0,919.98,147.5,3030.0,RAS
s1305,thyroid_gland,0,0.9074,0.8305,1416,152,137,1568,1553,ok,1568,5292.0,0,0.5268,0.4971,0.8727,0.1176,0.0724,0.0827,32292.0,0.1639,2,0.611,0,0.0,222.67,226.0,101.11,65.35,378.0,RAS
s1305,trachea,1,0.9866,0.9735,8035,55,164,8090,8199,ok,8090,27303.75,0,0.524,0.4094,0.7547,0.2308,0.2172,0.2554,586602.0,0.0465,1,1.0,0,0.0,-856.55,-922.0,193.36,-1014.0,-367.0,RAS
s1305,vertebrae_C5,0,0.9111,0.8368,564,95,15,659,579,ok,659,2224.12,0,0.5219,0.4988,0.9893,0.1312,0.0633,0.0288,10962.0,0.2029,2,0.9909,1,0.2671,560.01,525.0,216.17,276.8,941.6,RAS
s1305,vertebrae_C6,1,0.9538,0.9116,3053,164,132,3217,3185,ok,3217,10857.38,0,0.5228,0.4689,0.9784,0.1629,0.1312,0.0576,56376.0,0.1926,3,0.9956,1,0.0746,574.0,525.0,256.72,260.0,1076.2,RAS
s1305,vertebrae_C7,1,0.9743,0.9498,4053,163,51,4216,4104,ok,4216,14229.0,0,0.5253,0.4327,0.9555,0.1855,0.1765,0.0863,129519.0,0.1099,5,0.9891,1,0.0021,515.41,434.0,277.56,184.0,1055.25,RAS
s1305,vertebrae_L1,1,0.9881,0.9765,13365,201,121,13566,13486,ok,13566,45785.25,0,0.5382,0.3406,0.258,0.1946,0.2308,0.2158,444082.5,0.1031,7,0.9896,0,0.0,349.3,238.0,310.33,76.0,1081.75,RAS
s1305,vertebrae_L2,1,0.991,0.9822,14665,81,185,14746,14850,ok,14746,49767.75,0,0.5399,0.3707,0.1766,0.2127,0.2398,0.1439,336285.0,0.148,3,0.9999,0,0.0,356.83,246.0,311.67,76.0,1080.0,RAS
s1305,vertebrae_L3,1,0.9915,0.9831,15051,87,171,15138,15222,ok,15138,51090.75,0,0.5344,0.3988,0.0994,0.2217,0.2489,0.1403,354729.38,0.144,6,0.9989,0,0.0,329.51,233.0,289.76,66.0,989.0,RAS
s1305,vertebrae_L4,1,0.9887,0.9777,13350,179,126,13529,13476,ok,13529,45660.38,0,0.5271,0.414,0.0284,0.2127,0.2489,0.0791,191936.25,0.2379,4,0.9998,1,0.0565,351.01,248.0,299.41,74.0,1040.0,RAS
s1305,vertebrae_L5,0,0.917,0.8468,409,22,52,431,461,ok,431,1454.62,0,0.525,0.3518,0.0069,0.1674,0.086,0.0252,16608.38,0.0876,5,0.4942,1,0.2483,728.35,744.0,291.36,268.5,1188.5,RAS
s1305,vertebrae_S1,0,0.0,0.0,0,0,76,0,76,miss,0,0.0,1,,,,0.0,0.0,0.0,0.0,0.0,0,0.0,0,0.0,,,,,,RAS
s1305,vertebrae_T1,1,0.9785,0.9579,5193,129,99,5322,5292,ok,5322,17961.75,0,0.5204,0.3926,0.9293,0.2217,0.1855,0.0935,176289.75,0.1019,1,1.0,0,0.0,388.65,308.0,273.4,72.0,962.95,RAS
s1305,vertebrae_T10,1,0.9594,0.922,9122,463,309,9585,9431,ok,9585,32349.38,0,0.5162,0.2628,0.4779,0.1674,0.2081,0.1655,264235.5,0.1224,5,0.9587,0,0.0,323.25,243.0,257.37,79.0,905.0,RAS
s1305,vertebrae_T11,0,0.9253,0.8609,9120,213,1260,9333,10380,ok,9333,31498.88,0,0.5243,0.2857,0.4092,0.1222,0.1946,0.1187,129306.38,0.2436,23,0.9941,0,0.0,324.91,232.0,269.58,82.0,945.0,RAS
s1305,vertebrae_T12,0,0.9409,0.8885,11010,1029,353,12039,11363,ok,12039,40631.62,0,0.5294,0.313,0.3386,0.1493,0.2217,0.1835,278326.12,0.146,14,0.9181,0,0.0,309.87,223.0,267.62,72.0,929.0,RAS
s1305,vertebrae_T2,1,0.9815,0.9637,5439,129,76,5568,5515,ok,5568,18792.0,0,0.5172,0.3543,0.8931,0.1991,0.1855,0.0971,164389.5,0.1143,1,1.0,0,0.0,389.49,303.5,261.63,102.0,955.0,RAS
s1305,vertebrae_T3,1,0.9845,0.9695,5046,102,57,5148,5103,ok,5148,17374.5,0,0.5113,0.3049,0.8559,0.1765,0.1946,0.0935,147156.75,0.1181,2,0.9998,0,0.0,376.05,295.0,259.61,93.0,945.3,RAS
s1305,vertebrae_T4,1,0.986,0.9725,5264,75,74,5339,5338,ok,5339,18019.12,0,0.5125,0.2695,0.81,0.1674,0.2036,0.0863,134865.0,0.1336,1,1.0,0,0.0,343.97,274.0,245.1,82.0,877.1,RAS
s1305,vertebrae_T5,1,0.9849,0.9703,5558,95,75,5653,5633,ok,5653,19078.88,0,0.5157,0.2447,0.7604,0.1765,0.2036,0.0827,136231.88,0.14,2,0.9998,0,0.0,347.66,281.0,235.31,84.0,828.4,RAS
s1305,vertebrae_T6,1,0.9876,0.9754,5991,93,58,6084,6049,ok,6084,20533.5,0,0.513,0.2316,0.7056,0.1765,0.1946,0.1043,164136.38,0.1251,2,0.9998,0,0.0,348.95,276.0,240.47,97.15,848.0,RAS
s1305,vertebrae_T7,1,0.9704,0.9425,5964,29,335,5993,6299,ok,5993,20226.38,0,0.5095,0.2345,0.6498,0.181,0.1991,0.1115,184140.0,0.1098,2,0.9998,0,0.0,313.51,244.0,239.45,68.0,831.8,RAS
s1305,vertebrae_T8,0,0.795,0.6597,4763,197,2260,4960,7023,ok,4960,16740.0,0,0.4965,0.248,0.5919,0.1403,0.1946,0.1223,152961.75,0.1094,4,0.9605,0,0.0,299.28,240.0,213.17,76.0,757.05,RAS
s1305,vertebrae_T9,0,0.839,0.7226,7162,2192,557,9354,7719,ok,9354,31569.75,0,0.5148,0.2429,0.547,0.181,0.2036,0.1655,279450.0,0.113,5,0.7702,0,0.0,323.45,249.0,246.05,80.0,868.35,RAS
s1197,adrenal_gland_right,0,0.0,0.0,0,49,0,49,0,false_positive,49,165.38,0,0.5388,0.5182,0.001,0.022,0.0749,0.0134,573.75,0.2882,2,0.7551,1,0.8571,77.8,74.0,31.16,34.4,140.2,RAS
s1197,aorta,1,0.9847,0.9698,88978,1859,910,90837,89888,ok,90837,306574.88,0,0.4578,0.5671,0.4272,0.2379,0.4405,0.7248,1968300.0,0.1558,1,1.0,1,0.0043,146.61,124.0,128.86,81.0,280.0,RAS
s1197,atrial_appendage_left,1,0.9695,0.9408,6565,184,229,6749,6794,ok,6749,22777.88,0,0.362,0.5987,0.3938,0.1542,0.1498,0.1275,76308.75,0.2985,1,1.0,0,0.0,111.4,116.0,34.85,48.0,157.0,RAS
s1197,autochthon_left,1,0.9512,0.9069,28612,708,2230,29320,30842,ok,29320,98955.0,0,0.4049,0.2525,0.4797,0.1542,0.2819,1.0,1126440.0,0.0878,1,1.0,1,0.0196,28.8,33.0,38.57,-41.0,81.05,RAS
s1197,autochthon_right,1,0.9563,0.9163,30600,895,1901,31495,32501,ok,31495,106295.62,0,0.5289,0.254,0.5051,0.2115,0.2775,1.0,1520694.0,0.0699,1,1.0,1,0.0196,29.68,35.0,42.56,-45.0,84.0,RAS
s1197,brachiocephalic_trunk,1,0.9505,0.9056,2322,57,185,2379,2507,ok,2379,8029.12,0,0.4885,0.6753,0.741,0.0925,0.1101,0.094,24806.25,0.3237,1,1.0,0,0.0,125.14,122.0,62.29,86.0,149.0,RAS
s1197,brachiocephalic_vein_left,1,0.9685,0.939,4218,122,152,4340,4370,ok,4340,14647.5,0,0.4717,0.7137,0.7052,0.2115,0.1322,0.2013,145800.0,0.1005,1,1.0,0,0.0,100.61,104.0,43.15,43.0,136.0,RAS
s1197,brachiocephalic_vein_right,1,0.9552,0.9143,1653,49,106,1702,1759,ok,1702,5744.25,0,0.5548,0.6553,0.7332,0.0485,0.0661,0.1611,13365.0,0.4298,1,1.0,0,0.0,107.53,111.0,25.18,61.0,139.0,RAS
s1197,clavicula_left,1,0.9831,0.9667,8425,155,135,8580,8560,ok,8580,28957.5,0,0.2927,0.5936,0.909,0.2952,0.3612,0.2282,630436.5,0.0459,1,1.0,1,0.0147,352.1,298.0,283.58,-9.0,911.05,RAS
s1197,clavicula_right,1,0.9777,0.9564,7114,247,77,7361,7191,ok,7361,24843.38,0,0.5947,0.6124,0.9129,0.2379,0.348,0.2148,460728.0,0.0539,1,1.0,1,0.0607,304.64,247.0,263.13,-11.0,830.0,RAS
s1197,common_carotid_artery_left,1,0.9638,0.9301,1570,79,39,1649,1609,ok,1649,5565.38,0,0.4204,0.6166,0.8072,0.0925,0.1189,0.3087,88026.75,0.0632,1,1.0,1,0.003,98.1,105.0,38.05,30.0,141.0,RAS
s1197,common_carotid_artery_right,0,0.8918,0.8047,997,187,55,1184,1052,ok,1184,3996.0,0,0.5285,0.6098,0.8534,0.0749,0.0573,0.2819,31326.75,0.1276,1,1.0,1,0.0253,111.29,114.0,21.32,72.0,141.0,RAS
s1197,costal_cartilages,0,0.9096,0.8341,22295,3301,1132,25596,23427,ok,25596,86386.5,0,0.4815,0.799,0.2948,0.4934,0.1718,0.7919,1739556.0,0.0497,17,0.2838,1,0.0154,244.3,111.0,317.09,48.0,991.0,RAS
s1197,esophagus,0,0.8546,0.7462,6529,602,1619,7131,8148,ok,7131,24067.12,0,0.4493,0.4857,0.4832,0.141,0.207,0.8926,675108.0,0.0356,3,0.7832,1,0.0053,48.79,58.0,68.12,-18.0,97.0,RAS
s1197,heart,1,0.9688,0.9395,271700,8267,9224,279967,280924,ok,279967,944888.62,0,0.4464,0.6375,0.2207,0.467,0.3789,0.5839,2676685.5,0.353,3,1.0,1,0.0093,118.52,116.0,58.2,72.0,154.0,RAS
s1197,humerus_left,1,0.9786,0.9581,15699,186,500,15885,16199,ok,15885,53611.88,0,0.0522,0.4976,0.9155,0.1233,0.1674,0.1879,100548.0,0.5332,1,1.0,1,0.0529,130.4,86.0,186.75,-82.0,517.0,RAS
s1197,humerus_right,1,0.97,0.9418,10143,309,318,10452,10461,ok,10452,35275.5,0,0.8576,0.4711,0.9529,0.1542,0.1586,0.1208,76545.0,0.4608,1,1.0,1,0.0858,313.16,211.0,313.58,6.0,966.0,RAS
s1197,inferior_vena_cava,0,0.7154,0.5569,940,634,114,1574,1054,ok,1574,5312.25,0,0.5559,0.5674,0.0623,0.0969,0.0705,0.1208,21384.0,0.2484,1,1.0,1,0.0299,116.92,118.0,21.12,82.0,149.0,RAS
s1197,kidney_right,0,0.8319,0.7122,871,268,84,1139,955,ok,1139,3844.12,0,0.5763,0.4102,0.011,0.0925,0.1189,0.0403,11481.75,0.3348,1,1.0,1,0.2932,155.66,155.0,28.89,109.9,204.0,RAS
s1197,liver,1,0.9724,0.9463,30387,1504,221,31891,30608,ok,31891,107632.12,0,0.6883,0.4985,0.0308,0.2996,0.37,0.1007,289170.0,0.3722,3,0.987,1,0.1188,117.93,119.0,23.51,76.0,153.0,RAS
s1197,lung_lower_lobe_left,1,0.9951,0.9903,240035,1173,1170,241208,241205,ok,241208,814077.0,0,0.2743,0.3808,0.3063,0.3128,0.4097,0.8322,2763355.5,0.2946,2,1.0,1,0.0039,-754.74,-814.0,172.52,-884.0,-374.0,RAS
s1197,lung_lower_lobe_right,1,0.9928,0.9856,223756,1837,1426,225593,225182,ok,225593,761376.38,0,0.6655,0.3744,0.2429,0.3744,0.4229,0.6242,2561220.0,0.2973,3,1.0,1,0.0042,-717.12,-785.0,184.38,-869.0,-306.0,RAS
s1197,lung_middle_lobe_right,1,0.9819,0.9645,75360,1284,1489,76644,76849,ok,76644,258673.5,0,0.7233,0.5794,0.252,0.2291,0.4009,0.4362,1038082.5,0.2492,4,1.0,1,0.0029,-788.51,-847.0,158.05,-913.0,-442.0,RAS
s1197,lung_upper_lobe_left,1,0.996,0.992,269040,1350,815,270390,269855,ok,270390,912566.25,0,0.2782,0.5792,0.5526,0.3348,0.4581,0.9128,3627936.0,0.2515,1,1.0,1,0.0003,-798.02,-852.0,156.0,-903.0,-462.0,RAS
s1197,lung_upper_lobe_right,1,0.9933,0.9866,263046,2006,1554,265052,264600,ok,265052,894550.5,0,0.6413,0.5068,0.6132,0.37,0.5374,0.6443,3320352.0,0.2694,2,1.0,0,0.0,-786.23,-832.0,144.37,-885.0,-500.0,RAS
s1197,pulmonary_vein,0,0.9309,0.8707,8890,720,600,9610,9490,ok,9610,32433.75,0,0.4958,0.4826,0.3147,0.37,0.1894,0.3087,560763.0,0.0578,3,0.5368,0,0.0,115.67,115.0,61.64,57.0,153.55,RAS
s1197,rib_left_1,1,0.9644,0.9313,2980,62,158,3042,3138,ok,3042,10266.75,0,0.2895,0.6066,0.8215,0.1101,0.2731,0.2617,204018.75,0.0503,1,1.0,0,0.0,322.06,295.0,191.75,54.0,675.95,RAS
s1197,rib_left_10,1,0.9799,0.9605,2264,19,74,2283,2338,ok,2283,7705.12,0,0.2523,0.2661,0.1027,0.2687,0.1674,0.2215,258167.25,0.0298,1,1.0,1,0.0241,355.93,327.0,209.06,57.0,751.0,RAS
s1197,rib_left_11,1,0.9565,0.9165,626,10,47,636,673,ok,636,2146.5,0,0.3281,0.2439,0.0394,0.1366,0.0352,0.1074,13392.0,0.1603,1,1.0,1,0.0849,411.61,410.5,182.04,126.0,719.5,RAS
s1197,rib_left_2,1,0.9819,0.9645,3236,80,39,3316,3275,ok,3316,11191.5,0,0.2381,0.5582,0.7793,0.163,0.3656,0.3423,528595.88,0.0212,1,1.0,0,0.0,243.03,237.0,147.17,16.0,507.0,RAS
s1197,rib_left_3,1,0.9822,0.9651,3756,96,40,3852,3796,ok,3852,13000.5,0,0.2112,0.5494,0.6616,0.1938,0.4405,0.4631,1024650.0,0.0127,1,1.0,0,0.0,267.85,258.5,182.63,-20.0,597.0,RAS
s1197,rib_left_4,1,0.988,0.9763,4574,101,10,4675,4584,ok,4675,15778.12,0,0.1878,0.5278,0.5584,0.2115,0.4758,0.5772,1504656.0,0.0105,1,1.0,0,0.0,290.62,282.0,188.57,-0.3,629.3,RAS
s1197,rib_left_5,1,0.9873,0.9749,5059,99,31,5158,5090,ok,5158,17408.25,0,0.1806,0.5074,0.4598,0.2335,0.4978,0.651,1960648.88,0.0089,2,0.9992,0,0.0,264.92,257.0,179.48,-14.0,588.0,RAS
s1197,rib_left_6,1,0.9857,0.9717,6019,160,15,6179,6034,ok,6179,20854.12,0,0.1791,0.4886,0.3591,0.2423,0.511,0.6443,2067120.0,0.0101,1,1.0,1,0.0086,235.61,233.0,180.42,-17.0,536.2,RAS
s1197,rib_left_7,1,0.9905,0.9812,5530,70,36,5600,5566,ok,5600,18900.0,0,0.1747,0.425,0.327,0.2687,0.4626,0.5503,1772583.75,0.0107,1,1.0,1,0.0077,291.21,287.0,208.87,-8.0,664.05,RAS
s1197,rib_left_8,1,0.9852,0.9708,4581,66,72,4647,4653,ok,4647,15683.62,0,0.1906,0.365,0.2726,0.2863,0.3965,0.443,1303087.5,0.012,1,1.0,1,0.0082,265.93,262.0,176.61,3.0,580.7,RAS
s1197,rib_left_9,1,0.9767,0.9546,3949,75,113,4024,4062,ok,4024,13581.0,0,0.2058,0.3214,0.1956,0.2996,0.3172,0.3356,826200.0,0.0164,1,1.0,1,0.0102,297.69,283.0,189.92,24.0,643.0,RAS
s1197,rib_right_1,1,0.9602,0.9235,2729,179,47,2908,2776,ok,2908,9814.5,0,0.6125,0.5793,0.8418,0.141,0.2423,0.2685,237600.0,0.0413,3,0.9986,1,0.0,329.4,301.0,201.99,44.0,719.0,RAS
s1197,rib_right_10,1,0.9886,0.9775,1828,25,17,1853,1845,ok,1853,6253.88,0,0.6879,0.239,0.0955,0.2247,0.1145,0.2148,143208.0,0.0437,1,1.0,1,0.0383,485.17,438.0,269.41,106.0,971.8,RAS
s1197,rib_right_11,0,0.903,0.8232,135,28,1,163,136,ok,163,550.12,0,0.5823,0.247,0.0163,0.0485,0.022,0.0604,1670.62,0.3293,1,1.0,1,0.2086,691.09,683.0,261.92,282.5,1167.7,RAS
s1197,rib_right_2,1,0.9714,0.9443,3323,144,52,3467,3375,ok,3467,11701.12,0,0.6569,0.5407,0.8019,0.1982,0.3833,0.349,687082.5,0.017,1,1.0,0,0.0,284.84,259.0,203.79,23.0,624.4,RAS
s1197,rib_right_3,1,0.9762,0.9535,3670,82,97,3752,3767,ok,3752,12663.0,0,0.7016,0.5123,0.6968,0.2423,0.4141,0.4564,1186515.0,0.0107,1,1.0,0,0.0,261.2,244.0,173.78,11.0,601.0,RAS
s1197,rib_right_4,1,0.9813,0.9633,4777,169,13,4946,4790,ok,4946,16692.75,0,0.7293,0.4938,0.5881,0.2687,0.4581,0.5638,1798524.0,0.0093,1,1.0,0,0.0,306.19,258.0,244.09,-0.75,801.75,RAS
s1197,rib_right_5,1,0.9796,0.96,4779,140,59,4919,4838,ok,4919,16601.62,0,0.7462,0.486,0.4688,0.2819,0.4802,0.6242,2189592.0,0.0076,1,1.0,0,0.0,312.05,260.0,269.92,-18.0,856.1,RAS
s1197,rib_right_6,1,0.9836,0.9678,5952,177,21,6129,5973,ok,6129,20685.38,0,0.7665,0.4657,0.3616,0.2687,0.5066,0.6711,2367562.5,0.0087,1,1.0,1,0.0023,305.74,264.0,253.37,-15.0,768.0,RAS
s1197,rib_right_7,1,0.9909,0.9819,5699,81,24,5780,5723,ok,5780,19507.5,0,0.7786,0.3892,0.3335,0.2775,0.4405,0.5772,1828575.0,0.0107,1,1.0,1,0.008,337.96,320.0,249.55,-14.0,799.05,RAS
s1197,rib_right_8,1,0.9901,0.9804,4710,57,37,4767,4747,ok,4767,16088.62,0,0.7719,0.334,0.2671,0.2863,0.37,0.4631,1271497.5,0.0127,1,1.0,1,0.0086,373.91,334.0,263.5,25.0,881.4,RAS
s1197,rib_right_9,1,0.987,0.9743,3561,70,24,3631,3585,ok,3631,12254.62,0,0.7521,0.2874,0.1802,0.2731,0.2731,0.349,674622.0,0.0182,1,1.0,1,0.0168,443.84,394.0,283.51,57.5,1001.0,RAS
s1197,scapula_left,1,0.9857,0.9718,27300,477,315,27777,27615,ok,27777,93747.38,0,0.1269,0.3677,0.7275,0.2819,0.3084,0.7584,1708560.0,0.0549,1,1.0,1,0.006,359.96,296.0,276.86,45.0,907.0,RAS
s1197,scapula_right,1,0.9779,0.9567,25254,753,390,26007,25644,ok,26007,87773.62,0,0.7886,0.3558,0.7732,0.2643,0.3084,0.6779,1431675.0,0.0613,4,0.9999,1,0.007,383.27,316.0,294.51,31.0,963.0,RAS
s1197,spinal_cord,1,0.9695,0.9407,8444,224,308,8668,8752,ok,8668,29254.5,0,0.4658,0.3303,0.5338,0.1013,0.2775,1.0,728665.88,0.0401,1,1.0,1,0.017,23.57,24.0,42.57,-29.0,66.0,RAS
s1197,spleen,1,0.9504,0.9054,11642,993,223,12635,11865,ok,12635,42643.12,0,0.2417,0.4684,0.0255,0.2115,0.2379,0.0738,96228.0,0.4431,1,1.0,1,0.1318,108.3,109.0,21.26,72.0,141.0,RAS
s1197,sternum,1,0.9648,0.9319,20214,568,909,20782,21123,ok,20782,70139.25,0,0.4699,0.7998,0.5189,0.1762,0.141,0.8456,544320.0,0.1289,1,1.0,1,0.0001,246.06,171.0,339.07,-3.0,669.9,RAS
s1197,stomach,0,0.4947,0.3286,903,1845,0,2748,903,low_dice,2748,9274.5,0,0.274,0.5654,0.0105,0.1938,0.141,0.047,33264.0,0.2788,1,1.0,1,0.2908,78.44,79.0,25.39,35.35,117.0,RAS
s1197,subclavian_artery_left,0,0.9168,0.8463,3646,83,579,3729,4225,ok,3729,12585.38,0,0.3644,0.573,0.8008,0.2952,0.1189,0.2013,183161.25,0.0687,2,0.8555,0,0.0,128.25,115.0,101.06,52.0,241.0,RAS
s1197,subclavian_artery_right,0,0.9322,0.8731,4073,150,442,4223,4515,ok,4223,14252.62,0,0.5823,0.5832,0.8077,0.2291,0.1057,0.255,160056.0,0.089,2,0.8861,0,0.0,154.01,120.0,146.3,66.0,416.9,RAS
s1197,superior_vena_cava,1,0.9593,0.9217,7044,127,471,7171,7515,ok,7171,24202.12,0,0.5747,0.6445,0.4579,0.0969,0.1013,0.3691,93926.25,0.2577,1,1.0,0,0.0,106.0,111.0,29.21,50.0,138.0,RAS
s1197,thyroid_gland,0,0.9183,0.8489,4895,204,667,5099,5562,ok,5099,17209.12,0,0.4719,0.6308,0.8463,0.141,0.1189,0.2282,99144.0,0.1736,1,1.0,1,0.0002,138.93,135.0,53.86,91.0,171.0,RAS
s1197,trachea,1,0.9784,0.9578,10661,92,378,10753,11039,ok,10753,36291.38,0,0.4947,0.5498,0.6251,0.2379,0.2159,0.443,589396.5,0.0616,1,1.0,0,0.0,-899.44,-979.0,192.79,-1007.0,-432.6,RAS
s1197,vertebrae_C5,0,0.8846,0.7931,23,5,1,28,24,ok,28,94.5,0,0.4459,0.6043,0.9928,0.0661,0.0132,0.0134,303.75,0.3111,1,1.0,1,0.9286,384.46,382.0,63.72,287.9,496.3,RAS
s1197,vertebrae_C6,0,0.9097,0.8343,695,136,2,831,697,ok,831,2804.62,0,0.4357,0.5756,0.9779,0.1101,0.0485,0.0604,8353.12,0.3358,1,1.0,1,0.2262,354.13,334.0,129.21,166.0,595.0,RAS
s1197,vertebrae_C7,0,0.9239,0.8585,2889,465,11,3354,2900,ok,3354,11319.75,0,0.4349,0.5345,0.9572,0.207,0.1145,0.1141,70112.25,0.1615,2,0.9997,1,0.121,358.58,303.0,201.13,122.65,792.05,RAS
s1197,vertebrae_T1,1,0.962,0.9269,6653,272,253,6925,6906,ok,6925,23371.88,0,0.4349,0.4742,0.9333,0.2203,0.1938,0.1678,185625.0,0.1259,1,1.0,1,0.031,324.35,278.0,201.99,82.0,728.0,RAS
s1197,vertebrae_T10,1,0.9903,0.9808,10862,115,98,10977,10960,ok,10977,37047.38,0,0.4824,0.2962,0.1586,0.1674,0.2159,0.2148,201096.0,0.1842,1,1.0,0,0.0,260.27,207.0,183.47,65.0,636.0,RAS
s1197,vertebrae_T11,1,0.9876,0.9755,11122,249,30,11371,11152,ok,11371,38377.12,0,0.4684,0.3137,0.059,0.163,0.2159,0.1477,134615.25,0.2851,1,1.0,1,0.0255,244.74,195.0,177.52,57.0,604.0,RAS
s1197,vertebrae_T12,1,0.9514,0.9073,1312,122,12,1434,1324,ok,1434,4839.75,0,0.4276,0.3702,0.0114,0.1322,0.1542,0.047,24806.25,0.1951,3,0.9735,1,0.3166,318.71,280.5,180.41,110.3,619.35,RAS
s1197,vertebrae_T2,1,0.9753,0.9519,5993,273,30,6266,6023,ok,6266,21147.75,0,0.4375,0.4321,0.88,0.2026,0.1938,0.2013,204930.0,0.1032,1,1.0,0,0.0,316.45,278.0,192.76,75.25,691.0,RAS
s1197,vertebrae_T3,1,0.9843,0.969,5906,136,53,6042,5959,ok,6042,20391.75,0,0.4423,0.3923,0.8154,0.1894,0.1938,0.1879,178794.0,0.1141,1,1.0,0,0.0,263.27,225.0,167.29,63.0,591.0,RAS
s1197,vertebrae_T4,1,0.9868,0.9739,6305,121,48,6426,6353,ok,6426,21687.75,0,0.4519,0.3546,0.7454,0.1894,0.2026,0.1946,193596.75,0.112,2,0.9998,0,0.0,257.1,214.0,171.83,59.0,592.0,RAS
s1197,vertebrae_T5,1,0.9851,0.9707,6665,157,44,6822,6709,ok,6822,23024.25,0,0.4643,0.3228,0.665,0.1938,0.2115,0.1812,192456.0,0.1196,4,0.9996,0,0.0,259.81,215.0,178.59,60.0,607.0,RAS
s1197,vertebrae_T6,1,0.9854,0.9713,7437,160,60,7597,7497,ok,7597,25639.88,0,0.4776,0.2997,0.5766,0.1938,0.207,0.2081,216364.5,0.1185,1,1.0,0,0.0,241.5,199.0,173.3,46.0,573.0,RAS
s1197,vertebrae_T7,1,0.9892,0.9786,8276,147,34,8423,8310,ok,8423,28427.62,0,0.4861,0.2916,0.4771,0.185,0.207,0.2349,233178.75,0.1219,2,0.9999,0,0.0,234.86,190.0,173.04,44.0,571.9,RAS
s1197,vertebrae_T8,1,0.9867,0.9737,9368,198,55,9566,9423,ok,9566,32285.25,0,0.4918,0.2893,0.373,0.185,0.207,0.2483,246503.25,0.131,4,0.9997,0,0.0,247.97,199.0,186.25,51.0,623.75,RAS
s1197,vertebrae_T9,1,0.9871,0.9745,10375,223,49,10598,10424,ok,10598,35768.25,0,0.4917,0.2893,0.2647,0.1806,0.2115,0.255,252396.0,0.1417,1,1.0,0,0.0,248.66,197.0,184.5,51.0,627.0,RAS
s1238,adrenal_gland_left,0,0.9201,0.852,1980,203,141,2183,2121,ok,2183,7367.62,0,0.4432,0.4116,0.5755,0.0576,0.1119,0.0678,58694.62,0.1255,2,0.9853,0,0.0,34.93,36.0,26.56,-8.0,78.0,RAS
s1238,adrenal_gland_right,1,0.9477,0.9007,1859,91,114,1950,1973,ok,1950,6581.25,0,0.6197,0.3898,0.5831,0.061,0.0983,0.0722,58137.75,0.1132,1,1.0,0,0.0,24.53,25.0,30.22,-27.0,74.0,RAS
s1238,aorta,1,0.988,0.9762,87794,911,1227,88705,89021,ok,88705,299379.38,0,0.5189,0.4267,0.7485,0.1559,0.2678,0.5755,3225629.25,0.0928,1,1.0,0,0.0,100.17,104.0,35.06,41.0,137.0,RAS
s1238,atrial_appendage_left,1,0.9566,0.9168,1378,95,30,1473,1408,ok,1473,4971.38,0,0.4632,0.4668,0.8299,0.0712,0.0712,0.0241,16372.12,0.3036,1,1.0,0,0.0,69.99,72.0,23.7,28.0,103.0,RAS
s1238,autochthon_left,1,0.9832,0.967,138009,2203,2505,140212,140514,ok,140212,473215.5,0,0.4808,0.2478,0.5401,0.1864,0.2169,0.7899,4288680.0,0.1103,1,1.0,1,0.0023,14.71,21.0,31.85,-48.0,55.0,RAS
s1238,autochthon_right,1,0.9767,0.9545,149677,5332,1809,155009,151486,ok,155009,523155.38,0,0.6123,0.2545,0.5269,0.2169,0.2102,0.7965,4874688.0,0.1073,1,1.0,1,0.0022,10.03,15.0,29.94,-49.0,49.0,RAS
s1238,brachiocephalic_trunk,0,0.943,0.8921,1464,95,82,1559,1546,ok,1559,5261.62,0,0.5708,0.5125,0.9318,0.0678,0.0407,0.0416,15390.0,0.3419,1,1.0,0,0.0,96.99,105.0,26.81,38.9,127.0,RAS
s1238,brachiocephalic_vein_left,1,0.9697,0.9412,3747,171,63,3918,3810,ok,3918,13223.25,0,0.5385,0.5339,0.9124,0.1559,0.078,0.0678,110693.25,0.1195,1,1.0,0,0.0,100.66,106.0,31.91,33.0,138.0,RAS
s1238,brachiocephalic_vein_right,1,0.9618,0.9264,2166,138,34,2304,2200,ok,2304,7776.0,0,0.6184,0.5021,0.9261,0.0542,0.0576,0.0525,22032.0,0.3529,1,1.0,0,0.0,148.4,127.0,125.0,36.0,404.4,RAS
s1238,clavicula_left,1,0.9913,0.9828,8103,29,113,8132,8216,ok,8132,27445.5,0,0.3999,0.5032,0.9666,0.2881,0.1898,0.0875,642600.0,0.0427,1,1.0,1,0.0524,515.21,438.0,295.87,148.55,1068.45,RAS
s1238,clavicula_right,1,0.9871,0.9745,6496,87,83,6583,6579,ok,6583,22217.62,0,0.6822,0.5337,0.964,0.2407,0.1492,0.0832,400653.0,0.0555,1,1.0,1,0.0409,513.08,431.0,308.42,146.0,1093.0,RAS
s1238,colon,0,0.8977,0.8144,428653,21360,76303,450013,504956,ok,450013,1518793.88,0,0.5209,0.5962,0.3967,0.722,0.4712,0.6171,28178462.0,0.0539,6,0.9181,0,0.0,-395.26,-183.0,432.83,-984.0,39.0,RAS
s1238,common_carotid_artery_left,1,0.9736,0.9486,1274,47,22,1321,1296,ok,1321,4458.38,0,0.5108,0.4821,0.9572,0.0475,0.0407,0.0744,19278.0,0.2313,1,1.0,1,0.0227,88.26,96.0,34.07,24.0,133.0,RAS
s1238,common_carotid_artery_right,0,0.9461,0.8978,799,49,42,848,841,ok,848,2862.0,0,0.6057,0.4935,0.9713,0.0475,0.0576,0.0481,17671.5,0.162,1,1.0,1,0.0283,103.56,106.0,23.83,59.35,138.0,RAS
s1238,costal_cartilages,0,0.9442,0.8942,46714,2456,3069,49170,49783,ok,49170,165948.75,0,0.5399,0.6788,0.7148,0.7661,0.3017,0.4114,12762333.0,0.013,17,0.3978,0,0.0,123.54,118.0,66.1,56.0,217.0,RAS
s1238,duodenum,0,0.9091,0.8334,17976,1335,2259,19311,20235,ok,19311,65174.62,0,0.6026,0.5066,0.5071,0.2508,0.0915,0.2144,660838.5,0.0986,2,0.9991,0,0.0,29.5,32.0,32.63,-9.0,68.0,RAS
s1238,esophagus,1,0.9604,0.9237,10538,385,485,10923,11023,ok,10923,36865.12,0,0.534,0.4039,0.8162,0.078,0.1254,0.3239,425074.5,0.0867,1,1.0,0,0.0,64.34,67.0,25.73,22.0,100.0,RAS
s1238,femur_left,1,0.9933,0.9866,65059,269,614,65328,65673,ok,65328,220482.0,0,0.2475,0.3574,0.0961,0.2068,0.1966,0.1729,943319.25,0.2337,1,1.0,1,0.0066,348.74,254.0,280.91,73.0,1042.0,RAS
s1238,femur_right,1,0.9942,0.9885,60548,228,477,60776,61025,ok,60776,205119.0,0,0.7609,0.3872,0.0838,0.2102,0.1898,0.1532,820260.0,0.2501,1,1.0,1,0.0073,355.36,269.0,279.58,81.0,1041.25,RAS
s1238,gallbladder,0,0.8934,0.8073,6325,1335,175,7660,6500,ok,7660,25852.5,0,0.7603,0.5883,0.61,0.1153,0.1186,0.046,84341.25,0.3065,1,1.0,0,0.0,30.92,31.0,20.61,-3.0,65.0,RAS
s1238,gluteus_maximus_left,1,0.9709,0.9434,94477,4202,1464,98679,95941,ok,98679,333041.62,0,0.2893,0.2582,0.1404,0.3051,0.1085,0.2845,1263600.0,0.2636,1,1.0,1,0.0038,2.76,6.0,23.74,-42.0,36.0,RAS
s1238,gluteus_maximus_right,1,0.9785,0.9578,116347,3551,1573,119898,117920,ok,119898,404655.75,0,0.7363,0.2722,0.1248,0.3051,0.1593,0.267,1741702.5,0.2323,1,1.0,1,0.0052,-1.07,1.0,21.59,-41.0,30.0,RAS
s1238,gluteus_medius_left,1,0.9769,0.9548,67372,1209,1978,68581,69350,ok,68581,231460.88,0,0.2408,0.3533,0.2402,0.2441,0.2034,0.1816,1210140.0,0.1913,1,1.0,0,0.0,21.84,27.0,25.32,-30.0,50.0,RAS
s1238,gluteus_medius_right,1,0.9772,0.9553,66549,2238,873,68787,67422,ok,68787,232156.12,0,0.7936,0.3793,0.2193,0.2203,0.2136,0.2101,1326780.0,0.175,1,1.0,0,0.0,22.42,27.0,25.3,-28.0,50.0,RAS
s1238,gluteus_minimus_left,1,0.9715,0.9446,16997,345,651,17342,17648,ok,17342,58529.25,0,0.2447,0.4072,0.2113,0.1186,0.1695,0.1204,324843.75,0.1802,1,1.0,0,0.0,29.21,31.0,23.36,-9.0,61.0,RAS
s1238,gluteus_minimus_right,1,0.9737,0.9487,20273,400,697,20673,20970,ok,20673,69771.38,0,0.7725,0.4285,0.1984,0.1051,0.1627,0.1335,306342.0,0.2278,1,1.0,0,0.0,30.07,33.0,21.72,-8.0,59.0,RAS
s1238,heart,1,0.9538,0.9118,165959,5965,10096,171924,176055,ok,171924,580243.5,0,0.464,0.5271,0.7838,0.3424,0.3119,0.151,2163874.5,0.2682,6,1.0,0,0.0,89.46,92.0,25.46,41.0,125.0,RAS
s1238,hip_left,1,0.9921,0.9842,115132,594,1251,115726,116383,ok,115726,390575.25,0,0.3501,0.3764,0.1998,0.2881,0.3322,0.3304,4245176.0,0.092,1,1.0,0,0.0,332.33,272.0,202.47,109.0,754.0,RAS
s1238,hip_right,1,0.993,0.9861,115079,696,923,115775,116002,ok,115775,390740.62,0,0.6721,0.3975,0.1866,0.3356,0.3322,0.3173,4747916.0,0.0823,1,1.0,0,0.0,343.44,278.0,217.4,109.0,805.0,RAS
s1238,humerus_left,1,0.979,0.9588,36611,1437,137,38048,36748,ok,38048,128412.0,0,0.1323,0.4301,0.9168,0.2034,0.3797,0.3698,3832920.0,0.0335,2,0.9753,0,0.0,318.53,221.0,267.64,70.0,932.0,RAS
s1238,humerus_right,1,0.9625,0.9277,27116,1842,272,28958,27388,ok,28958,97733.25,0,0.9511,0.4786,0.9336,0.1186,0.3085,0.3982,1956386.25,0.05,4,0.9428,1,0.0417,235.09,171.0,198.71,54.0,692.0,RAS
s1238,iliac_artery_left,1,0.9761,0.9534,5070,111,137,5181,5207,ok,5181,17485.88,0,0.4128,0.4752,0.2467,0.2271,0.0915,0.2363,659380.5,0.0265,1,1.0,0,0.0,88.1,93.0,25.62,41.0,118.0,RAS
s1238,iliac_artery_right,1,0.9691,0.94,5089,218,107,5307,5196,ok,5307,17911.12,0,0.6051,0.4887,0.2336,0.1763,0.1119,0.267,706563.0,0.0253,1,1.0,0,0.0,98.65,102.0,25.57,56.0,127.0,RAS
s1238,iliac_vena_left,1,0.9668,0.9358,7334,233,270,7567,7604,ok,7567,25538.62,0,0.4158,0.4605,0.2268,0.2305,0.122,0.2407,908820.0,0.0281,1,1.0,0,0.0,65.8,69.0,22.48,22.0,96.0,RAS
s1238,iliac_vena_right,1,0.9682,0.9383,6786,87,359,6873,7145,ok,6873,23196.38,0,0.6093,0.4662,0.2201,0.1153,0.1356,0.2451,514080.0,0.0451,1,1.0,0,0.0,73.39,77.0,21.64,29.0,101.0,RAS
s1238,iliopsoas_left,1,0.9747,0.9506,80154,1582,2581,81736,82735,ok,81736,275859.0,0,0.3426,0.4275,0.2549,0.278,0.2136,0.4705,3748578.75,0.0736,2,0.9999,0,0.0,43.41,43.0,46.36,-1.0,75.0,RAS
s1238,iliopsoas_right,1,0.9735,0.9485,77422,2697,1510,80119,78932,ok,80119,270401.62,0,0.6768,0.4441,0.2507,0.2,0.2441,0.4989,3268836.0,0.0827,2,1.0,0,0.0,44.85,48.0,25.66,-3.0,79.0,RAS
s1238,inferior_vena_cava,1,0.9567,0.9169,22936,859,1219,23795,24155,ok,23795,80308.12,0,0.5763,0.4405,0.5572,0.1017,0.0949,0.4158,538650.0,0.1491,2,0.8339,0,0.0,81.86,84.0,21.57,42.0,114.0,RAS
s1238,kidney_left,1,0.9934,0.9869,86927,464,693,87391,87620,ok,87391,294944.62,0,0.3717,0.3775,0.4705,0.1695,0.2,0.1991,906018.75,0.3255,1,1.0,0,0.0,54.11,56.0,18.49,18.0,79.0,RAS
s1238,kidney_right,1,0.9921,0.9843,91277,635,819,91912,92096,ok,91912,310203.0,0,0.7058,0.4116,0.4665,0.1864,0.1864,0.1838,857587.5,0.3617,1,1.0,0,0.0,61.84,64.0,17.5,28.0,85.0,RAS
s1238,liver,1,0.9899,0.9801,832898,8212,8738,841110,841636,ok,841110,2838746.25,0,0.7148,0.4643,0.6681,0.4847,0.4576,0.2954,8795841.0,0.3227,1,1.0,0,0.0,70.21,74.0,25.49,21.0,106.0,RAS
s1238,lung_lower_lobe_left,1,0.9729,0.9472,148335,4553,3710,152888,152045,ok,152888,515997.0,0,0.3986,0.3109,0.7835,0.278,0.3186,0.2626,3121740.0,0.1653,5,0.9918,0,0.0,-584.51,-650.0,193.45,-789.0,-148.0,RAS
s1238,lung_lower_lobe_right,1,0.9702,0.9421,167013,8371,1902,175384,168915,ok,175384,591921.0,0,0.7011,0.3272,0.793,0.2949,0.5525,0.2932,6413357.0,0.0923,3,1.0,0,0.0,-544.23,-624.0,214.86,-771.0,-85.0,RAS
s1238,lung_middle_lobe_right,0,0.822,0.6978,29265,9559,3112,38824,32377,ok,38824,131031.0,0,0.6629,0.5842,0.7943,0.2746,0.278,0.0919,941503.5,0.1392,6,0.9953,0,0.0,-642.75,-773.0,265.54,-870.0,-28.0,RAS
s1238,lung_upper_lobe_left,1,0.989,0.9782,193038,1389,2918,194427,195956,ok,194427,656191.12,0,0.3862,0.4687,0.8585,0.2881,0.3492,0.2407,3250293.75,0.2019,1,1.0,0,0.0,-655.7,-711.0,157.73,-812.0,-319.0,RAS
s1238,lung_upper_lobe_right,1,0.9747,0.9507,196565,1367,8821,197932,205386,ok,197932,668020.5,0,0.6984,0.4782,0.8749,0.3051,0.3627,0.1685,2502596.25,0.2669,4,1.0,0,0.0,-712.28,-752.0,137.06,-831.0,-426.0,RAS
s1238,pancreas,1,0.9627,0.9282,30417,1074,1280,31491,31697,ok,31491,106282.12,0,0.5049,0.5024,0.5588,0.3085,0.1593,0.1357,894962.25,0.1188,6,0.9996,0,0.0,51.05,54.0,22.1,10.0,82.0,RAS
s1238,portal_vein_and_splenic_vein,0,0.9294,0.8681,9782,479,1007,10261,10789,ok,10261,34630.88,0,0.5547,0.4879,0.6114,0.4136,0.1966,0.14,1528416.0,0.0227,2,0.9935,0,0.0,83.06,83.0,23.55,43.0,120.0,RAS
s1238,prostate,0,0.8049,0.6735,4493,1753,425,6246,4918,ok,6246,21080.25,0,0.4981,0.3956,0.0874,0.0949,0.0712,0.0438,39690.0,0.5311,1,1.0,0,0.0,61.55,47.0,117.1,13.0,94.0,RAS
s1238,pulmonary_vein,0,0.9426,0.8914,4874,203,391,5077,5265,ok,5077,17134.88,0,0.537,0.4116,0.8088,0.2203,0.1322,0.0722,282335.62,0.0607,3,0.4706,0,0.0,79.44,86.0,37.67,9.0,127.0,RAS
s1238,rib_left_1,1,0.9605,0.9241,3504,27,261,3531,3765,ok,3531,11917.12,0,0.4293,0.4837,0.9352,0.0915,0.2203,0.0875,236925.0,0.0503,1,1.0,0,0.0,409.58,400.0,168.92,151.5,714.5,RAS
s1238,rib_left_10,1,0.9778,0.9566,4299,36,159,4335,4458,ok,4335,14630.62,0,0.2973,0.2766,0.6099,0.339,0.3051,0.1619,2247750.0,0.0065,2,0.9998,0,0.0,368.33,361.0,124.47,174.0,569.0,RAS
s1238,rib_left_11,1,0.9797,0.9603,2756,12,102,2768,2858,ok,2768,9342.0,0,0.3373,0.2523,0.564,0.2949,0.1593,0.1357,855623.25,0.0109,1,1.0,0,0.0,362.09,358.0,118.78,166.0,560.0,RAS
s1238,rib_left_12,1,0.9739,0.9491,1325,8,63,1333,1388,ok,1333,4498.88,0,0.404,0.2591,0.5255,0.1898,0.0542,0.0963,133056.0,0.0338,1,1.0,0,0.0,347.36,340.0,103.9,188.6,539.4,RAS
s1238,rib_left_2,1,0.9751,0.9514,4092,6,203,4098,4295,ok,4098,13830.75,0,0.3862,0.4441,0.9202,0.1593,0.3017,0.0919,592940.25,0.0233,1,1.0,0,0.0,309.07,302.0,122.1,120.0,519.15,RAS
s1238,rib_left_3,1,0.9732,0.9479,4656,120,136,4776,4792,ok,4776,16119.0,0,0.3559,0.4271,0.8826,0.1932,0.3763,0.105,1024974.0,0.0157,1,1.0,0,0.0,268.22,261.0,111.33,101.0,464.0,RAS
s1238,rib_left_4,1,0.9843,0.9691,5550,51,126,5601,5676,ok,5601,18903.38,0,0.338,0.4229,0.8434,0.2068,0.4339,0.1225,1475712.0,0.0128,2,0.9998,0,0.0,268.72,259.0,101.06,119.0,439.0,RAS
s1238,rib_left_5,1,0.9848,0.9701,6496,75,125,6571,6621,ok,6571,22177.12,0,0.3249,0.4157,0.8056,0.2271,0.4746,0.1335,1931107.5,0.0115,1,1.0,0,0.0,256.94,242.0,110.29,100.0,454.0,RAS
s1238,rib_left_6,1,0.9838,0.9682,8130,16,251,8146,8381,ok,8146,27492.75,0,0.2994,0.4042,0.7701,0.2542,0.4712,0.151,2427722.0,0.0113,2,0.9999,0,0.0,292.46,264.0,140.75,113.0,555.0,RAS
s1238,rib_left_7,1,0.9826,0.9659,8034,13,271,8047,8305,ok,8047,27158.62,0,0.286,0.3762,0.7328,0.2847,0.4644,0.1663,2951802.0,0.0092,1,1.0,0,0.0,330.17,301.0,143.61,147.0,604.0,RAS
s1238,rib_left_8,1,0.9795,0.9598,6546,72,202,6618,6748,ok,6618,22335.75,0,0.285,0.3359,0.6977,0.2949,0.4203,0.1641,2730712.5,0.0082,3,0.9994,0,0.0,328.51,309.5,121.61,157.0,555.0,RAS
s1238,rib_left_9,1,0.9831,0.9668,6209,75,138,6284,6347,ok,6284,21208.5,0,0.2799,0.312,0.6556,0.3017,0.3932,0.1597,2543575.5,0.0083,1,1.0,0,0.0,339.52,326.0,131.29,150.0,579.0,RAS
s1238,rib_right_1,1,0.9722,0.9458,3998,92,137,4090,4135,ok,4090,13803.75,0,0.6877,0.4849,0.9414,0.1085,0.2169,0.0788,248832.0,0.0555,1,1.0,0,0.0,352.82,334.0,155.52,132.0,644.0,RAS
s1238,rib_right_10,1,0.9799,0.9607,4519,33,152,4552,4671,ok,4552,15363.0,0,0.798,0.2882,0.6038,0.2949,0.3153,0.1619,2020727.25,0.0076,1,1.0,0,0.0,355.1,349.0,124.5,166.55,568.45,RAS
s1238,rib_right_11,1,0.9772,0.9554,2763,28,101,2791,2864,ok,2791,9419.62,0,0.7636,0.2691,0.554,0.261,0.1797,0.1488,936589.5,0.0101,1,1.0,0,0.0,374.61,367.0,129.89,173.0,603.0,RAS
s1238,rib_right_12,1,0.9527,0.9097,1290,8,120,1298,1410,ok,1298,4380.75,0,0.6985,0.2703,0.5192,0.1729,0.0576,0.0941,125823.38,0.0348,1,1.0,0,0.0,333.33,330.0,101.39,174.85,512.15,RAS
s1238,rib_right_2,1,0.9855,0.9715,4089,30,90,4119,4179,ok,4119,13901.62,0,0.7321,0.4462,0.9265,0.1559,0.2983,0.0832,519156.0,0.0268,1,1.0,0,0.0,304.22,295.0,127.48,112.0,521.0,RAS
s1238,rib_right_3,1,0.9808,0.9623,4465,45,130,4510,4595,ok,4510,15221.25,0,0.7604,0.43,0.8864,0.1864,0.3661,0.0985,902137.5,0.0169,5,0.9989,0,0.0,262.23,252.5,112.1,93.45,457.0,RAS
s1238,rib_right_4,1,0.9796,0.96,5927,109,138,6036,6065,ok,6036,20371.5,0,0.7786,0.4229,0.8461,0.2068,0.4237,0.1269,1492593.75,0.0136,3,0.9992,0,0.0,269.51,254.0,108.43,119.75,466.0,RAS
s1238,rib_right_5,1,0.9785,0.9579,6650,153,139,6803,6789,ok,6803,22960.12,0,0.7905,0.4235,0.8071,0.2169,0.4712,0.1444,1981584.0,0.0116,5,0.9991,0,0.0,263.47,248.0,109.06,115.0,460.0,RAS
s1238,rib_right_6,1,0.9843,0.9691,8582,61,213,8643,8795,ok,8643,29170.12,0,0.8069,0.4144,0.7729,0.2305,0.478,0.1444,2135727.0,0.0137,1,1.0,0,0.0,285.79,257.0,140.75,106.0,555.9,RAS
s1238,rib_right_7,1,0.9843,0.9691,8120,49,210,8169,8330,ok,8169,27570.38,0,0.8163,0.3887,0.737,0.2576,0.4678,0.1597,2583981.0,0.0107,1,1.0,0,0.0,322.79,300.0,132.01,148.4,579.0,RAS
s1238,rib_right_8,1,0.9761,0.9532,6644,135,191,6779,6835,ok,6779,22879.12,0,0.824,0.3572,0.6939,0.2814,0.4339,0.1619,2653344.0,0.0086,1,1.0,0,0.0,331.59,317.0,132.88,137.0,572.0,RAS
s1238,rib_right_9,1,0.9702,0.9421,6283,116,270,6399,6553,ok,6399,21596.62,0,0.8183,0.3187,0.6502,0.2881,0.3932,0.1575,2395980.0,0.009,1,1.0,0,0.0,327.11,311.0,134.52,133.0,575.0,RAS
s1238,sacrum,1,0.9778,0.9566,53381,809,1610,54190,54991,ok,54190,182891.25,0,0.5207,0.2933,0.2244,0.2746,0.2,0.2101,1548396.0,0.1181,23,0.9993,0,0.0,219.91,181.0,137.18,75.0,496.0,RAS
s1238,scapula_left,1,0.9832,0.967,32960,746,379,33706,33339,ok,33706,113757.75,0,0.2737,0.3272,0.9124,0.261,0.2915,0.2276,2324322.0,0.0489,1,1.0,1,0.0104,312.94,273.0,215.83,16.0,742.0,RAS
s1238,scapula_right,1,0.982,0.9645,27802,577,445,28379,28247,ok,28379,95779.12,0,0.8327,0.3456,0.9284,0.2237,0.3186,0.1947,1863526.5,0.0514,2,1.0,1,0.007,291.68,250.0,210.51,14.0,717.0,RAS
s1238,small_bowel,0,0.9213,0.8542,480380,39854,42171,520234,522551,ok,520234,1755789.75,0,0.4511,0.5972,0.4249,0.6915,0.3288,0.4683,14291883.0,0.1229,22,0.9892,0,0.0,-111.73,6.0,286.36,-952.0,48.0,RAS
s1238,spinal_cord,1,0.9624,0.9275,25268,1416,558,26684,25826,ok,26684,90058.5,0,0.5479,0.3093,0.6147,0.0814,0.1763,0.7681,1478412.0,0.0609,1,1.0,1,0.0027,26.88,29.0,36.86,-37.0,83.0,RAS
s1238,spleen,1,0.9782,0.9573,277489,9245,3119,286734,280608,ok,286734,967727.25,0,0.3132,0.3642,0.6223,0.3017,0.3356,0.267,3627929.25,0.2667,1,1.0,0,0.0,53.06,55.0,22.07,14.0,86.0,RAS
s1238,sternum,1,0.9672,0.9366,19255,317,987,19572,20242,ok,19572,66055.5,0,0.5532,0.634,0.8518,0.1356,0.1661,0.2363,714420.0,0.0925,1,1.0,0,0.0,276.7,246.0,128.21,124.0,521.0,RAS
s1238,stomach,0,0.8684,0.7675,88480,2634,24174,91114,112654,ok,91114,307509.75,0,0.486,0.5236,0.6546,0.339,0.2814,0.1663,2128950.0,0.1444,1,1.0,0,0.0,-3.9,34.0,170.05,-278.0,76.0,RAS
s1238,subclavian_artery_left,0,0.8961,0.8118,2191,283,225,2474,2416,ok,2474,8349.75,0,0.4365,0.4515,0.9445,0.2169,0.0712,0.0525,108864.0,0.0767,2,0.8739,0,0.0,83.13,85.0,34.22,23.0,134.0,RAS
s1238,subclavian_artery_right,0,0.9436,0.8932,2007,166,74,2173,2081,ok,2173,7333.88,0,0.65,0.4668,0.9585,0.1831,0.0644,0.0372,58866.75,0.1246,1,1.0,0,0.0,73.89,76.0,33.83,11.6,126.0,RAS
s1238,superior_vena_cava,1,0.9776,0.9561,7145,116,212,7261,7357,ok,7261,24505.88,0,0.6056,0.4889,0.8535,0.0576,0.0847,0.1116,73153.12,0.335,1,1.0,0,0.0,123.4,116.0,92.19,55.0,156.0,RAS
s1238,thyroid_gland,0,0.9357,0.8792,3034,133,284,3167,3318,ok,3167,10688.62,0,0.5572,0.513,0.9781,0.1254,0.061,0.0394,40459.5,0.2642,1,1.0,1,0.0171,121.97,124.0,29.92,70.0,164.0,RAS
s1238,trachea,1,0.9783,0.9575,9077,116,287,9193,9364,ok,9193,31026.38,0,0.5606,0.4539,0.9144,0.1661,0.1424,0.1444,458419.5,0.0677,1,1.0,0,0.0,-791.26,-911.0,210.59,-959.0,-333.6,RAS
s1238,urinary_bladder,0,0.2123,0.1187,16430,477,121460,16907,137890,low_dice,16907,57061.12,0,0.4967,0.4606,0.1269,0.2508,0.2203,0.1138,844155.0,0.0676,3,0.9967,0,0.0,25.07,20.0,101.04,-42.0,60.0,RAS
s1238,vertebrae_C6,1,0.9817,0.964,214,4,4,218,218,ok,218,735.75,0,0.5553,0.4528,0.9963,0.0542,0.0305,0.0088,1944.0,0.3785,1,1.0,1,0.5,346.31,341.0,71.37,251.1,470.3,RAS
s1238,vertebrae_C7,1,0.9908,0.9817,5537,52,51,5589,5588,ok,5589,18862.88,0,0.5569,0.4047,0.9865,0.1763,0.1593,0.035,131976.0,0.1429,1,1.0,1,0.0712,333.98,305.0,144.7,142.0,628.2,RAS
s1238,vertebrae_L1,1,0.9935,0.9871,18196,46,191,18242,18387,ok,18242,61566.75,0,0.5454,0.33,0.5218,0.1627,0.1932,0.081,341658.0,0.1802,1,1.0,0,0.0,299.05,239.0,163.51,162.0,663.0,RAS
s1238,vertebrae_L2,1,0.9932,0.9866,19086,56,204,19142,19290,ok,19142,64604.25,0,0.5393,0.348,0.4674,0.1729,0.2034,0.0788,371790.0,0.1738,1,1.0,0,0.0,316.18,246.0,184.41,163.0,739.0,RAS
s1238,vertebrae_L3,1,0.9949,0.9898,20815,74,140,20889,20955,ok,20889,70500.38,0,0.5332,0.3634,0.4116,0.2,0.2034,0.081,442057.5,0.1595,2,0.9999,0,0.0,315.38,250.0,183.22,158.0,728.0,RAS
s1238,vertebrae_L4,1,0.9948,0.9897,20617,51,163,20668,20780,ok,20668,69754.5,0,0.5255,0.3731,0.3558,0.1966,0.1966,0.0744,386019.0,0.1807,1,1.0,0,0.0,321.72,266.0,170.56,161.0,695.65,RAS
s1238,vertebrae_L5,1,0.9936,0.9873,19853,67,188,19920,20041,ok,19920,67230.0,0,0.5207,0.3722,0.3045,0.2,0.1966,0.07,369576.0,0.1819,1,1.0,0,0.0,315.68,260.0,158.12,167.0,658.0,RAS
s1238,vertebrae_S1,1,0.9627,0.9281,13822,837,233,14659,14055,ok,14659,49474.12,0,0.5203,0.3522,0.258,0.1322,0.1593,0.0744,210336.75,0.2352,1,1.0,0,0.0,311.26,276.0,146.99,148.0,622.1,RAS
s1238,vertebrae_T1,1,0.9864,0.9732,7879,124,93,8003,7972,ok,8003,27010.12,0,0.5613,0.3758,0.9622,0.1831,0.1661,0.0525,214326.0,0.126,1,1.0,0,0.0,315.42,288.0,144.59,122.0,607.0,RAS
s1238,vertebrae_T10,1,0.9913,0.9827,12930,91,136,13021,13066,ok,13021,43945.88,0,0.5539,0.2885,0.6601,0.1322,0.1898,0.081,272727.0,0.1611,1,1.0,0,0.0,250.64,209.0,126.52,113.0,513.0,RAS
s1238,vertebrae_T11,1,0.9945,0.989,13172,63,83,13235,13255,ok,13235,44668.12,0,0.5517,0.2984,0.6182,0.1153,0.1797,0.0744,206779.5,0.216,1,1.0,0,0.0,227.0,186.0,114.72,112.7,474.0,RAS
s1238,vertebrae_T12,1,0.9938,0.9878,15164,27,161,15191,15325,ok,15191,51269.62,0,0.5501,0.3142,0.5723,0.122,0.1763,0.0744,214812.0,0.2387,1,1.0,0,0.0,279.47,230.0,143.19,152.0,602.0,RAS
s1238,vertebrae_T2,1,0.9544,0.9128,7283,579,117,7862,7400,ok,7862,26534.25,0,0.561,0.3532,0.9331,0.1695,0.1661,0.0569,214987.5,0.1234,1,1.0,0,0.0,303.24,297.0,143.14,73.0,571.0,RAS
s1238,vertebrae_T3,0,0.8698,0.7695,5920,1200,573,7120,6493,ok,7120,24030.0,0,0.5644,0.3331,0.9044,0.1525,0.1492,0.0591,180427.5,0.1332,3,0.9962,0,0.0,296.18,284.0,149.62,58.95,581.0,RAS
s1238,vertebrae_T4,0,0.6824,0.518,4385,2929,1152,7314,5537,ok,7314,24684.75,0,0.5681,0.309,0.8741,0.1458,0.1695,0.0635,210431.25,0.1173,2,0.9829,0,0.0,286.3,268.0,142.18,64.0,570.0,RAS
s1238,vertebrae_T5,0,0.4826,0.3181,3536,4734,2847,8270,6383,low_dice,8270,27911.25,0,0.5667,0.2898,0.8415,0.1458,0.1797,0.0875,307665.0,0.0907,1,1.0,0,0.0,282.17,256.0,136.74,81.0,550.0,RAS
s1238,vertebrae_T6,0,0.1625,0.0884,1179,7587,4569,8766,5748,low_dice,8766,29585.25,0,0.5615,0.2778,0.8076,0.1458,0.1898,0.0941,349461.0,0.0847,6,0.9948,0,0.0,285.41,261.5,131.14,98.0,540.0,RAS
s1238,vertebrae_T7,0,0.3706,0.2274,3967,5990,7485,9957,11452,low_dice,9957,33604.88,0,0.5574,0.2735,0.7715,0.1458,0.1864,0.0941,343220.62,0.0979,3,0.9842,0,0.0,290.48,263.0,136.98,101.8,564.2,RAS
s1238,vertebrae_T8,0,0.7856,0.6469,11188,152,5956,11340,17144,ok,11340,38272.5,0,0.5549,0.2756,0.7344,0.1458,0.2034,0.0897,357007.5,0.1072,1,1.0,0,0.0,300.92,263.0,149.91,114.0,611.0,RAS
s1238,vertebrae_T9,1,0.9904,0.981,12331,127,112,12458,12443,ok,12458,42045.75,0,0.5553,0.281,0.6978,0.1458,0.1966,0.0875,336690.0,0.1249,1,1.0,0,0.0,284.5,241.0,147.39,119.0,591.0,RAS
s1223,adrenal_gland_left,0,0.4211,0.2667,36,0,99,36,135,low_dice,36,121.5,0,0.419,0.4383,0.515,0.0115,0.0533,0.0117,405.0,0.3,1,1.0,0,0.0,86.5,88.5,14.53,62.5,106.25,RAS
s1223,adrenal_gland_right,0,0.9407,0.8881,897,66,47,963,944,ok,963,3250.13,0,0.5619,0.407,0.5186,0.0498,0.1467,0.0539,22200.75,0.1464,1,1.0,0,0.0,57.6,62.0,24.49,8.0,89.0,RAS
s1223,aorta,1,0.987,0.9743,53399,705,705,54104,54104,ok,54104,182601.02,0,0.4817,0.5266,0.7031,0.1686,0.44,0.541,2264031.25,0.0807,1,1.0,0,0.0,123.29,130.0,27.75,73.0,150.0,RAS
s1223,atrial_appendage_left,0,0.9327,0.8738,1378,87,112,1465,1490,ok,1465,4944.38,0,0.4216,0.6167,0.7329,0.0651,0.1467,0.0445,23982.75,0.2062,1,1.0,0,0.0,90.46,94.0,37.37,23.0,141.0,RAS
s1223,autochthon_left,1,0.9826,0.9658,123422,1943,2432,125365,125854,ok,125365,423106.91,0,0.4137,0.1467,0.5153,0.2146,0.3867,0.7916,3705156.25,0.1142,1,1.0,1,0.005,53.96,61.0,27.62,0.0,79.0,RAS
s1223,autochthon_right,1,0.9812,0.9631,109533,2793,1409,112326,110942,ok,112326,379100.28,0,0.5632,0.1673,0.5206,0.1839,0.4067,0.7775,3280824.25,0.1156,1,1.0,1,0.0024,50.52,60.0,32.22,-19.0,79.0,RAS
s1223,brachiocephalic_trunk,1,0.9686,0.939,1078,5,65,1083,1143,ok,1083,3655.13,0,0.5236,0.643,0.8777,0.0421,0.0733,0.0679,11842.88,0.3086,1,1.0,0,0.0,109.9,117.0,28.7,54.1,145.0,RAS
s1223,brachiocephalic_vein_left,1,0.9717,0.9449,2709,22,136,2731,2845,ok,2731,9217.13,0,0.5051,0.6734,0.8842,0.1188,0.1067,0.0843,60264.0,0.1529,1,1.0,0,0.0,111.72,121.0,37.07,45.0,152.0,RAS
s1223,brachiocephalic_vein_right,1,0.9521,0.9086,1173,81,37,1254,1210,ok,1254,4232.25,0,0.555,0.6261,0.8841,0.0421,0.08,0.0726,13810.5,0.3065,1,1.0,0,0.0,169.01,143.0,154.36,16.65,539.6,RAS
s1223,clavicula_left,1,0.9804,0.9616,6641,187,78,6828,6719,ok,6828,23044.5,0,0.3385,0.5608,0.9453,0.2874,0.44,0.1054,751781.31,0.0307,1,1.0,1,0.0,488.81,400.0,380.95,11.0,1253.0,RAS
s1223,clavicula_right,1,0.9759,0.9529,7188,271,84,7459,7272,ok,7459,25174.13,0,0.6744,0.5246,0.9443,0.2644,0.4667,0.103,717255.06,0.0351,1,1.0,0,0.0,485.01,388.0,384.06,16.0,1257.0,RAS
s1223,colon,0,0.9382,0.8836,237024,21261,9949,258285,246973,ok,258285,871711.94,0,0.5278,0.6283,0.3228,0.5824,0.6467,0.4426,9404830.0,0.0927,10,0.9712,0,0.0,-93.26,4.0,262.86,-881.0,74.0,RAS
s1223,common_carotid_artery_left,1,0.9694,0.9406,1029,54,11,1083,1040,ok,1083,3655.13,0,0.4756,0.6103,0.9204,0.0613,0.1067,0.1429,52704.0,0.0694,1,1.0,1,0.0,91.32,99.0,33.94,29.0,136.0,RAS
s1223,common_carotid_artery_right,0,0.8916,0.8044,510,71,53,581,563,ok,581,1960.88,0,0.5471,0.5991,0.953,0.046,0.1067,0.0843,23328.0,0.0841,1,1.0,1,0.0,98.12,106.0,33.2,32.0,141.0,RAS
s1223,costal_cartilages,0,0.9285,0.8665,36320,4315,1280,40635,37600,ok,40635,137143.14,0,0.5083,0.8761,0.6623,0.6475,0.4867,0.4356,7744552.5,0.0177,16,0.7537,1,0.0,108.79,113.0,28.6,59.0,145.0,RAS
s1223,duodenum,0,0.7664,0.6212,3559,738,1432,4297,4991,ok,4297,14502.38,0,0.5102,0.6063,0.3928,0.1916,0.1467,0.0703,111375.01,0.1302,2,0.5697,0,0.0,53.16,56.0,22.43,14.0,85.0,RAS
s1223,esophagus,0,0.9467,0.8987,7224,380,434,7604,7658,ok,7604,25663.5,0,0.4873,0.4968,0.7822,0.0575,0.16,0.4098,212625.02,0.1207,1,1.0,0,0.0,6.17,53.0,142.71,-269.85,93.0,RAS
s1223,femur_left,1,0.9875,0.9753,47178,930,266,48108,47444,ok,48108,162364.52,0,0.2031,0.5122,0.0718,0.2337,0.2667,0.1429,502335.03,0.3232,1,1.0,1,0.0095,239.74,185.0,224.79,3.0,653.0,RAS
s1223,femur_right,1,0.9892,0.9787,49979,860,230,50839,50209,ok,50839,171581.64,0,0.7907,0.5052,0.0839,0.2299,0.2933,0.1616,614790.06,0.2791,1,1.0,1,0.0073,296.64,225.0,265.29,26.0,847.0,RAS
s1223,gallbladder,0,0.8078,0.6776,5311,35,2492,5346,7803,ok,5346,18042.75,0,0.5566,0.7322,0.4141,0.0766,0.1267,0.0726,39757.5,0.4538,1,1.0,0,0.0,18.89,15.0,14.36,4.0,52.0,RAS
s1223,gluteus_maximus_left,1,0.9872,0.9747,126243,1388,1884,127631,128127,ok,127631,430754.66,0,0.2679,0.2678,0.1176,0.3716,0.3267,0.2834,1941006.5,0.2219,1,1.0,1,0.0097,51.71,55.0,15.51,23.0,69.0,RAS
s1223,gluteus_maximus_right,1,0.9863,0.9729,132085,1353,2327,133438,134412,ok,133438,450353.28,0,0.7115,0.2567,0.1321,0.3218,0.3333,0.3044,1842750.12,0.2444,1,1.0,1,0.0073,52.42,56.0,17.15,21.0,71.0,RAS
s1223,gluteus_medius_left,1,0.983,0.9666,65085,1506,744,66591,65829,ok,66591,224744.64,0,0.1683,0.4646,0.2031,0.2222,0.4867,0.192,1171759.62,0.1918,1,1.0,0,0.0,54.42,59.0,20.65,22.0,72.0,RAS
s1223,gluteus_medius_right,1,0.9839,0.9683,60827,760,1229,61587,62056,ok,61587,207856.14,0,0.8135,0.4805,0.2214,0.2261,0.46,0.2178,1277785.25,0.1627,1,1.0,0,0.0,60.55,65.0,20.44,31.0,78.0,RAS
s1223,gluteus_minimus_left,1,0.9712,0.944,16824,445,553,17269,17377,ok,17269,58282.88,0,0.1882,0.5512,0.1698,0.1149,0.32,0.1288,267300.03,0.218,1,1.0,0,0.0,53.7,56.0,26.22,14.0,73.0,RAS
s1223,gluteus_minimus_right,1,0.977,0.9549,19667,421,507,20088,20174,ok,20088,67797.01,0,0.7971,0.5655,0.1928,0.1456,0.3267,0.1405,377055.03,0.1798,1,1.0,0,0.0,57.11,61.0,22.62,17.0,77.0,RAS
s1223,heart,1,0.9577,0.9189,114913,6147,4000,121060,118913,ok,121060,408577.53,0,0.4614,0.7004,0.6789,0.2835,0.4733,0.2248,1702296.12,0.24,2,1.0,0,0.0,114.53,122.0,25.48,66.0,143.0,RAS
s1223,hip_left,1,0.9901,0.9803,103101,425,1647,103526,104748,ok,103526,349400.28,0,0.298,0.4732,0.1769,0.3755,0.6933,0.3115,4574934.5,0.0764,1,1.0,0,0.0,300.61,246.0,231.68,21.0,776.75,RAS
s1223,hip_right,1,0.9909,0.9819,98967,673,1147,99640,100114,ok,99640,336285.03,0,0.692,0.4985,0.1941,0.3525,0.66,0.3138,4119093.25,0.0816,1,1.0,0,0.0,344.1,282.0,252.04,47.0,866.0,RAS
s1223,humerus_left,1,0.9879,0.9762,19677,88,392,19765,20069,ok,19765,66706.88,0,0.1492,0.4918,0.959,0.1188,0.26,0.0843,146893.52,0.4541,1,1.0,1,0.0176,140.37,110.0,211.32,-98.0,533.0,RAS
s1223,humerus_right,1,0.9807,0.962,20301,123,678,20424,20979,ok,20424,68931.01,0,0.8652,0.4155,0.9533,0.1111,0.2733,0.089,152489.27,0.452,1,1.0,1,0.0018,152.89,110.0,243.54,-100.0,632.85,RAS
s1223,iliac_artery_left,1,0.9623,0.9274,4239,110,222,4349,4461,ok,4349,14677.88,0,0.3635,0.5995,0.2054,0.1533,0.2733,0.274,647595.06,0.0227,1,1.0,0,0.0,107.98,113.0,22.89,66.0,135.0,RAS
s1223,iliac_artery_right,1,0.9618,0.9265,3944,149,164,4093,4108,ok,4093,13813.88,0,0.5799,0.6309,0.2221,0.2567,0.2333,0.2717,918067.56,0.015,1,1.0,0,0.0,112.0,115.0,18.64,78.0,137.0,RAS
s1223,iliac_vena_left,1,0.948,0.9011,7729,409,439,8138,8168,ok,8138,27465.75,0,0.381,0.559,0.2016,0.1724,0.32,0.2553,794610.06,0.0346,1,1.0,0,0.0,78.99,81.0,20.98,46.0,101.0,RAS
s1223,iliac_vena_right,1,0.9589,0.921,7758,392,273,8150,8031,ok,8150,27506.25,0,0.5934,0.5716,0.2232,0.1762,0.3,0.2319,691638.81,0.0398,1,1.0,0,0.0,88.95,91.0,12.13,66.0,105.0,RAS
s1223,iliopsoas_left,1,0.9799,0.9605,75257,2038,1055,77295,76312,ok,77295,260870.64,0,0.3026,0.5504,0.2437,0.2337,0.5467,0.4918,3545167.75,0.0736,1,1.0,0,0.0,61.46,62.0,28.81,36.0,77.0,RAS
s1223,iliopsoas_right,1,0.9806,0.962,68899,1826,899,70725,69798,ok,70725,238696.89,0,0.6544,0.5611,0.2576,0.2605,0.56,0.4778,3932712.25,0.0607,1,1.0,0,0.0,60.87,64.0,19.15,26.0,80.0,RAS
s1223,inferior_vena_cava,1,0.9675,0.937,28849,533,1407,29382,30256,ok,29382,99164.26,0,0.5253,0.5508,0.4916,0.1341,0.2333,0.3396,599484.44,0.1654,1,1.0,0,0.0,99.88,97.0,18.15,77.0,137.0,RAS
s1223,kidney_cyst_left,0,0.0,0.0,0,25,0,25,0,false_positive,25,84.38,0,0.2854,0.3763,0.4612,0.0153,0.0267,0.0094,216.0,0.3906,1,1.0,0,0.0,16.44,16.0,9.5,3.0,33.6,RAS
s1223,kidney_left,0,0.0,0.0,0,5610,0,5610,0,false_positive,5610,18933.75,0,0.3316,0.2964,0.4673,0.1379,0.2133,0.1101,182736.02,0.1036,2,0.8235,0,0.0,64.77,60.0,33.69,17.0,128.0,RAS
s1223,kidney_right,1,0.9862,0.9728,52730,493,983,53223,53713,ok,53223,179627.64,0,0.646,0.3842,0.4355,0.1916,0.34,0.1686,619650.06,0.2899,1,1.0,0,0.0,121.76,126.0,20.95,81.0,148.0,RAS
s1223,liver,1,0.9793,0.9595,406611,11165,5995,417776,412606,ok,417776,1409994.12,0,0.5898,0.615,0.5249,0.59,0.68,0.2272,5142407.0,0.2742,3,1.0,0,0.0,105.74,106.0,13.18,86.0,125.0,RAS
s1223,lung_lower_lobe_left,1,0.9964,0.9929,468726,1497,1848,470223,470574,ok,470223,1587002.75,0,0.3351,0.3766,0.6869,0.295,0.7533,0.363,4551711.0,0.3487,2,1.0,0,0.0,-867.61,-906.0,116.44,-940.0,-620.0,RAS
s1223,lung_lower_lobe_right,1,0.9969,0.9937,460069,2113,789,462182,460858,ok,462182,1559864.38,0,0.6639,0.3595,0.6686,0.3563,0.7333,0.3396,5006306.5,0.3116,1,1.0,0,0.0,-869.44,-909.0,120.77,-941.0,-619.0,RAS
s1223,lung_middle_lobe_right,1,0.9931,0.9864,139739,631,1299,140370,141038,ok,140370,473748.78,0,0.6679,0.7247,0.6851,0.3372,0.4733,0.171,1539351.12,0.3078,1,1.0,0,0.0,-887.09,-924.0,110.67,-951.0,-649.0,RAS
s1223,lung_upper_lobe_left,1,0.9959,0.9918,342900,1085,1742,343985,344642,ok,343985,1160949.5,0,0.3509,0.609,0.818,0.3142,0.7267,0.3653,4705857.5,0.2467,1,1.0,0,0.0,-875.5,-914.0,112.1,-944.0,-632.0,RAS
s1223,lung_upper_lobe_right,1,0.9958,0.9916,345694,996,1927,346690,347621,ok,346690,1170078.88,0,0.6513,0.543,0.8289,0.3525,0.7733,0.2506,3853926.25,0.3036,3,0.9998,0,0.0,-881.16,-915.0,107.53,-946.0,-664.0,RAS
s1223,pancreas,0,0.6093,0.4381,3828,3376,1534,7204,5362,ok,7204,24313.5,0,0.4564,0.653,0.459,0.1418,0.26,0.096,199675.14,0.1218,1,1.0,0,0.0,86.62,88.0,18.63,55.0,115.0,RAS
s1223,portal_vein_and_splenic_vein,0,0.9077,0.831,7073,685,753,7758,7826,ok,7758,26183.25,0,0.5135,0.6504,0.5012,0.2414,0.2133,0.0796,231336.02,0.1132,1,1.0,0,0.0,120.95,124.0,13.82,93.0,138.0,RAS
s1223,pulmonary_vein,1,0.9609,0.9247,4912,179,221,5091,5133,ok,5091,17182.13,0,0.4936,0.5112,0.7423,0.2299,0.1667,0.1171,253125.02,0.0679,3,0.5824,0,0.0,117.55,133.0,45.87,22.0,165.0,RAS
s1223,rib_left_1,1,0.9736,0.9486,2364,102,26,2466,2390,ok,2466,8322.75,0,0.3529,0.5554,0.9333,0.1034,0.3467,0.0843,170586.02,0.0488,1,1.0,0,0.0,394.4,371.0,214.44,82.5,804.25,RAS
s1223,rib_left_10,1,0.9649,0.9321,2883,180,30,3063,2913,ok,3063,10337.63,0,0.258,0.2369,0.6075,0.2452,0.46,0.1803,1147608.12,0.009,1,1.0,0,0.0,379.62,357.0,158.88,158.1,679.9,RAS
s1223,rib_left_11,0,0.9469,0.8992,1784,163,37,1947,1821,ok,1947,6571.13,0,0.2843,0.1751,0.5594,0.2337,0.3,0.1499,592920.06,0.0111,1,1.0,0,0.0,384.94,373.0,130.53,189.3,603.7,RAS
s1223,rib_left_12,1,0.9655,0.9333,1064,50,26,1114,1090,ok,1114,3759.75,0,0.3383,0.1638,0.5145,0.1877,0.1333,0.0937,132300.02,0.0284,1,1.0,0,0.0,357.58,351.5,108.62,183.0,544.0,RAS
s1223,rib_left_2,1,0.9691,0.9401,2745,154,21,2899,2766,ok,2899,9784.13,0,0.3091,0.531,0.9181,0.1609,0.5533,0.1194,600027.81,0.0163,1,1.0,0,0.0,354.61,311.0,199.33,96.9,759.0,RAS
s1223,rib_left_3,1,0.965,0.9324,2994,198,19,3192,3013,ok,3192,10773.0,0,0.2798,0.5219,0.8869,0.1954,0.68,0.1499,1123632.12,0.0096,1,1.0,0,0.0,377.21,328.0,175.36,172.0,734.0,RAS
s1223,rib_left_4,1,0.9638,0.9301,3990,266,34,4256,4024,ok,4256,14364.0,0,0.2656,0.5044,0.8503,0.2069,0.7467,0.185,1612548.12,0.0089,2,0.9986,0,0.0,396.26,365.0,172.85,181.0,736.0,RAS
s1223,rib_left_5,1,0.9715,0.9445,4238,221,28,4459,4266,ok,4459,15049.13,0,0.2571,0.4784,0.813,0.2184,0.76,0.2014,1886044.62,0.008,7,0.9834,0,0.0,355.27,333.0,150.31,156.0,634.1,RAS
s1223,rib_left_6,1,0.97,0.9417,4794,264,33,5058,4827,ok,5058,17070.75,0,0.2511,0.4528,0.7715,0.2184,0.7533,0.2061,1912977.12,0.0089,1,1.0,0,0.0,355.27,334.0,165.04,124.0,654.15,RAS
s1223,rib_left_7,1,0.97,0.9417,5117,275,42,5392,5159,ok,5392,18198.0,0,0.2476,0.4123,0.7253,0.2299,0.7267,0.2178,2052742.62,0.0089,1,1.0,0,0.0,368.41,350.0,172.35,133.0,677.0,RAS
s1223,rib_left_8,1,0.9628,0.9283,4234,287,40,4521,4274,ok,4521,15258.38,0,0.2479,0.3441,0.6901,0.2414,0.64,0.2178,1898316.12,0.008,1,1.0,0,0.0,386.46,365.0,172.76,152.0,699.0,RAS
s1223,rib_left_9,1,0.9699,0.9415,4297,215,52,4512,4349,ok,4512,15228.0,0,0.2464,0.2896,0.6506,0.249,0.5533,0.1874,1456650.12,0.0105,1,1.0,0,0.0,388.54,364.0,163.46,163.0,693.0,RAS
s1223,rib_right_1,1,0.9742,0.9497,2512,91,42,2603,2554,ok,2603,8785.13,0,0.6439,0.555,0.9234,0.1073,0.3533,0.0913,195331.52,0.045,1,1.0,0,0.0,334.83,315.0,163.65,112.1,637.9,RAS
s1223,rib_right_10,1,0.9782,0.9574,3099,103,35,3202,3134,ok,3202,10806.75,0,0.7402,0.2252,0.5979,0.249,0.46,0.1803,1165539.5,0.0093,1,1.0,0,0.0,379.48,362.5,148.5,157.05,640.0,RAS
s1223,rib_right_11,1,0.9729,0.9472,1919,55,52,1974,1971,ok,1974,6662.25,0,0.7134,0.1906,0.5436,0.2337,0.3467,0.1569,717268.56,0.0093,1,1.0,0,0.0,415.17,408.0,147.82,181.0,672.7,RAS
s1223,rib_right_12,1,0.953,0.9102,811,21,59,832,870,ok,832,2808.0,0,0.6401,0.1832,0.502,0.1533,0.12,0.082,85050.01,0.033,1,1.0,0,0.0,368.71,356.0,122.49,186.55,578.9,RAS
s1223,rib_right_2,1,0.954,0.912,2776,225,43,3001,2819,ok,3001,10128.38,0,0.6965,0.5111,0.9107,0.1839,0.5267,0.1148,627102.06,0.0162,1,1.0,0,0.0,422.61,334.0,362.61,159.0,854.0,RAS
s1223,rib_right_3,1,0.9505,0.9057,3178,327,4,3505,3182,ok,3505,11829.38,0,0.7243,0.5139,0.8784,0.2146,0.6533,0.1499,1185408.12,0.01,1,1.0,0,0.0,342.07,297.0,157.81,162.0,651.8,RAS
s1223,rib_right_4,1,0.9593,0.9217,3955,324,12,4279,3967,ok,4279,14441.63,0,0.7453,0.4989,0.8414,0.2299,0.72,0.185,1727730.12,0.0084,1,1.0,0,0.0,354.1,314.0,168.16,151.0,681.1,RAS
s1223,rib_right_5,0,0.9446,0.895,4101,473,8,4574,4109,ok,4574,15437.25,0,0.7559,0.463,0.8041,0.2375,0.7533,0.1991,2009846.38,0.0077,2,0.9998,0,0.0,355.14,329.0,160.76,136.0,658.0,RAS
s1223,rib_right_6,1,0.9638,0.9301,5293,376,22,5669,5315,ok,5669,19132.88,0,0.7657,0.4506,0.7572,0.2375,0.76,0.2084,2123050.75,0.009,1,1.0,0,0.0,376.75,352.0,178.74,146.0,730.8,RAS
s1223,rib_right_7,1,0.9809,0.9625,5336,150,58,5486,5394,ok,5486,18515.25,0,0.7698,0.392,0.7154,0.2452,0.7267,0.2155,2166048.25,0.0085,1,1.0,0,0.0,395.22,373.5,170.17,166.0,714.0,RAS
s1223,rib_right_8,1,0.9796,0.96,4462,160,26,4622,4488,ok,4622,15599.25,0,0.7744,0.3311,0.6749,0.2567,0.6467,0.2108,1974071.38,0.0079,1,1.0,0,0.0,369.96,353.0,163.98,139.0,667.0,RAS
s1223,rib_right_9,1,0.9849,0.9703,4439,70,66,4509,4505,ok,4509,15217.88,0,0.7658,0.2741,0.6387,0.2567,0.5867,0.192,1631718.12,0.0093,1,1.0,0,0.0,376.31,366.0,148.66,158.0,643.0,RAS
s1223,sacrum,1,0.9697,0.9412,54356,1090,2304,55446,56660,ok,55446,187130.27,0,0.5004,0.2609,0.2279,0.3372,0.4333,0.2178,1795365.12,0.1042,37,0.998,0,0.0,162.21,132.0,175.44,-61.0,499.0,RAS
s1223,scapula_left,1,0.9828,0.9663,28098,392,589,28490,28687,ok,28490,96153.76,0,0.1952,0.3213,0.8798,0.2107,0.4467,0.2881,1529735.75,0.0629,1,1.0,1,0.0023,411.39,333.0,280.46,96.0,1020.55,RAS
s1223,scapula_right,1,0.9794,0.9597,28409,649,545,29058,28954,ok,29058,98070.76,0,0.8017,0.2519,0.8767,0.2184,0.4133,0.2881,1467051.88,0.0668,1,1.0,1,0.0,410.51,335.0,264.12,116.0,972.0,RAS
s1223,small_bowel,0,0.8397,0.7236,158772,30589,30045,189361,188817,ok,189361,639093.44,0,0.4067,0.6824,0.2529,0.5441,0.4867,0.3653,5457699.5,0.1171,14,0.9929,0,0.0,37.84,45.0,57.31,-6.0,80.0,RAS
s1223,spinal_cord,1,0.9601,0.9232,22400,1159,705,23559,23105,ok,23559,79511.63,0,0.4906,0.2667,0.5855,0.0881,0.3533,0.7564,1328862.5,0.0598,1,1.0,1,0.0,12.94,12.0,24.29,-25.0,54.0,RAS
s1223,spleen,0,0.9118,0.8379,50632,747,9047,51379,59679,ok,51379,173404.14,0,0.2622,0.3676,0.5313,0.1648,0.4067,0.1522,575420.69,0.3014,1,1.0,0,0.0,101.88,103.0,17.87,73.0,125.0,RAS
s1223,sternum,0,0.9453,0.8962,13984,1490,129,15474,14113,ok,15474,52224.75,0,0.5083,0.8432,0.8242,0.1609,0.28,0.26,660838.56,0.079,1,1.0,0,0.0,165.91,154.0,93.53,35.0,332.0,RAS
s1223,stomach,0,0.9126,0.8392,42887,7531,687,50418,43574,ok,50418,170160.77,0,0.3556,0.5017,0.5323,0.2146,0.38,0.1148,527877.06,0.3223,2,1.0,0,0.0,-117.49,24.0,343.41,-997.0,94.0,RAS
s1223,subclavian_artery_left,0,0.9367,0.8809,1598,77,139,1675,1737,ok,1675,5653.13,0,0.4024,0.5815,0.9201,0.249,0.0867,0.0843,102667.51,0.0551,1,1.0,0,0.0,90.8,95.0,44.29,10.7,154.3,RAS
s1223,subclavian_artery_right,0,0.9328,0.8741,1368,42,155,1410,1523,ok,1410,4758.75,0,0.5956,0.5692,0.9318,0.2375,0.1133,0.0445,67587.76,0.0704,2,0.9738,0,0.0,109.43,107.0,48.24,40.0,193.0,RAS
s1223,superior_vena_cava,1,0.9689,0.9396,3548,131,97,3679,3645,ok,3679,12416.63,0,0.5515,0.5999,0.7886,0.0421,0.1133,0.1288,34711.88,0.3577,1,1.0,0,0.0,153.46,138.0,97.84,68.0,312.2,RAS
s1223,thyroid_gland,0,0.9403,0.8873,3260,312,102,3572,3362,ok,3572,12055.5,0,0.5104,0.6263,0.9701,0.1226,0.12,0.0585,48600.0,0.2481,1,1.0,1,0.0,140.97,146.0,22.04,101.0,169.0,RAS
s1223,trachea,1,0.9729,0.9472,9764,303,241,10067,10005,ok,10067,33976.13,0,0.5125,0.5567,0.8787,0.1877,0.2,0.2131,451473.78,0.0753,1,1.0,0,0.0,-866.16,-963.0,185.74,-1025.0,-475.0,RAS
s1223,urinary_bladder,0,0.8479,0.7359,32680,1306,10423,33986,43103,ok,33986,114702.76,0,0.4814,0.6167,0.1116,0.2605,0.3667,0.0726,391297.53,0.2931,1,1.0,0,0.0,26.21,25.0,24.79,2.0,58.0,RAS
s1223,vertebrae_C6,0,0.8708,0.7711,1021,272,31,1293,1052,ok,1293,4363.88,0,0.51,0.5034,0.99,0.1264,0.1467,0.0211,22052.25,0.1979,3,0.85,1,0.0,331.11,307.0,119.36,198.6,588.4,RAS
s1223,vertebrae_C7,0,0.9354,0.8787,5019,398,295,5417,5314,ok,5417,18282.38,0,0.5029,0.4359,0.976,0.1801,0.28,0.0468,133245.02,0.1372,2,0.9998,1,0.0,394.56,321.0,236.37,134.8,851.0,RAS
s1223,vertebrae_L1,1,0.9915,0.9831,15905,129,145,16034,16050,ok,16034,54114.75,0,0.4824,0.286,0.4993,0.1801,0.36,0.0867,316932.78,0.1707,1,1.0,0,0.0,286.87,213.0,198.97,107.0,715.0,RAS
s1223,vertebrae_L2,1,0.9916,0.9834,17001,87,200,17088,17201,ok,17088,57672.0,0,0.4725,0.346,0.4492,0.2107,0.3867,0.0913,419883.78,0.1374,1,1.0,0,0.0,297.87,224.0,211.71,101.0,754.0,RAS
s1223,vertebrae_L3,1,0.9913,0.9827,18358,166,158,18524,18516,ok,18524,62518.5,0,0.4662,0.4,0.3988,0.249,0.3933,0.0796,440066.28,0.1421,1,1.0,0,0.0,281.0,215.0,218.34,55.0,735.0,RAS
s1223,vertebrae_L4,1,0.9898,0.9798,18406,220,160,18626,18566,ok,18626,62862.75,0,0.4663,0.4328,0.3487,0.2222,0.3867,0.0726,351958.53,0.1786,3,0.9996,0,0.0,264.76,194.0,243.91,12.0,753.0,RAS
s1223,vertebrae_L5,1,0.9885,0.9773,18340,249,177,18589,18517,ok,18589,62737.88,0,0.4807,0.4254,0.304,0.2605,0.38,0.0796,444771.03,0.1411,1,1.0,0,0.0,262.23,194.0,241.61,23.0,760.0,RAS
s1223,vertebrae_S1,1,0.971,0.9437,13720,531,288,14251,14008,ok,14251,48097.13,0,0.4923,0.3733,0.263,0.1533,0.2933,0.0749,190080.02,0.253,1,1.0,0,0.0,278.1,242.0,197.27,34.0,673.0,RAS
s1223,vertebrae_T1,0,0.9042,0.8251,5969,981,284,6950,6253,ok,6950,23456.25,0,0.499,0.3984,0.9518,0.1954,0.3,0.0585,193640.64,0.1211,3,0.9997,0,0.0,357.35,292.0,215.36,131.0,777.0,RAS
s1223,vertebrae_T10,1,0.9877,0.9757,10693,181,85,10874,10778,ok,10874,36699.75,0,0.4984,0.1867,0.6418,0.1456,0.34,0.0679,189681.77,0.1935,1,1.0,1,0.0019,305.92,242.0,179.66,132.0,695.35,RAS
s1223,vertebrae_T11,1,0.9895,0.9792,12390,134,129,12524,12519,ok,12524,42268.5,0,0.4968,0.2039,0.5968,0.1188,0.3333,0.0726,162168.77,0.2606,1,1.0,1,0.0,284.38,227.0,164.55,131.0,640.0,RAS
s1223,vertebrae_T12,1,0.9884,0.9771,14514,185,155,14699,14669,ok,14699,49609.13,0,0.4918,0.2378,0.5486,0.1264,0.3533,0.0773,194794.89,0.2547,1,1.0,0,0.0,274.76,211.0,176.38,115.0,657.0,RAS
s1223,vertebrae_T2,0,0.6836,0.5193,3432,2347,830,5779,4262,ok,5779,19504.13,0,0.496,0.3458,0.9244,0.1686,0.3067,0.0656,191268.02,0.102,2,0.9998,0,0.0,353.24,293.0,209.06,119.0,762.1,RAS
s1223,vertebrae_T3,0,0.2138,0.1197,950,4764,2221,5714,3171,low_dice,5714,19284.75,0,0.498,0.2971,0.8949,0.1533,0.3067,0.0632,167670.02,0.115,2,0.9998,0,0.0,343.36,280.0,202.26,128.0,752.0,RAS
s1223,vertebrae_T4,0,0.1206,0.0642,692,5350,4740,6042,5432,low_dice,6042,20391.75,0,0.5057,0.2607,0.8644,0.1494,0.32,0.0656,176904.02,0.1153,3,0.9992,0,0.0,345.65,276.0,225.59,143.0,743.95,RAS
s1223,vertebrae_T5,0,0.2783,0.1617,1971,4934,5288,6905,7259,low_dice,6905,23304.38,0,0.5111,0.2252,0.8311,0.1494,0.36,0.0609,184801.52,0.1261,3,0.991,1,0.0,335.9,277.0,185.55,148.0,700.0,RAS
s1223,vertebrae_T6,0,0.3038,0.1791,1647,1695,5852,3342,7499,low_dice,3342,11279.25,0,0.5052,0.207,0.8044,0.1418,0.3667,0.0867,254120.64,0.0444,13,0.8878,1,0.0012,340.05,271.0,209.46,149.0,729.95,RAS
s1223,vertebrae_T7,0,0.4125,0.2598,3646,1320,9067,4966,12713,low_dice,4966,16760.25,0,0.5168,0.1741,0.7859,0.1533,0.3333,0.1124,324000.03,0.0517,10,0.9287,1,0.0,373.42,312.0,207.63,162.0,757.75,RAS
s1223,vertebrae_T8,0,0.6074,0.4362,7225,7607,1732,14832,8957,ok,14832,50058.0,0,0.51,0.1872,0.7398,0.1571,0.3333,0.1194,352856.28,0.1419,1,1.0,1,0.0009,325.34,264.0,181.73,144.0,695.0,RAS
s1223,vertebrae_T9,0,0.9108,0.8362,9431,1755,93,11186,9524,ok,11186,37752.75,0,0.5018,0.1798,0.6908,0.1494,0.3267,0.1194,328930.91,0.1148,2,0.8549,1,0.0021,336.29,276.0,188.06,143.0,729.0,RAS
s1106,aorta,1,0.9917,0.9835,31922,427,110,32349,32032,ok,32349,109177.88,0,0.6041,0.2793,0.6094,0.4818,0.5727,1.0,1036759.5,0.1053,2,0.5038,1,0.0413,434.47,466.0,102.33,178.0,528.0,RAS
s1106,atrial_appendage_left,1,0.9748,0.9509,1374,54,17,1428,1391,ok,1428,4819.5,0,0.4744,0.3431,0.8373,0.1818,0.1455,0.1522,15120.0,0.3187,1,1.0,0,0.0,333.18,383.0,141.0,62.35,494.0,RAS
s1106,colon,1,0.9518,0.908,2854,247,42,3101,2896,ok,3101,10465.88,0,0.0428,0.4827,0.0636,0.4818,0.5818,0.1848,194616.0,0.0538,3,0.9871,1,0.1706,-463.06,-320.0,402.75,-990.0,25.0,RAS
s1106,costal_cartilages,0,0.913,0.84,9415,1195,599,10610,10014,ok,10610,35808.75,0,0.5679,0.9172,0.644,0.8818,0.2182,1.0,722844.0,0.0495,21,0.2303,1,0.0752,100.28,95.0,47.22,36.0,178.55,RAS
s1106,esophagus,1,0.9617,0.9262,7121,186,381,7307,7502,ok,7307,24661.12,0,0.5818,0.2088,0.4494,0.1727,0.4,1.0,259578.0,0.095,1,1.0,1,0.0123,-5.15,34.0,171.44,-331.1,113.0,RAS
s1106,heart,1,0.975,0.9512,207627,3191,7453,210818,215080,ok,210818,711510.75,0,0.5107,0.5451,0.5257,0.8909,0.8091,0.8478,2296066.5,0.3099,6,1.0,1,0.0044,184.43,128.0,141.78,31.0,453.0,RAS
s1106,inferior_vena_cava,1,0.9636,0.9298,10839,385,433,11224,11272,ok,11224,37881.0,0,0.7297,0.3417,0.2401,0.2364,0.2273,0.5109,103106.25,0.3674,1,1.0,1,0.008,94.43,97.0,47.43,12.0,167.0,RAS
s1106,liver,1,0.9639,0.9304,55162,3895,233,59057,55395,ok,59057,199317.38,0,0.8346,0.5744,0.1066,0.5091,0.9909,0.3804,721035.0,0.2764,1,1.0,1,0.0889,64.98,64.0,52.55,-18.0,152.0,RAS
s1106,lung_lower_lobe_left,1,0.9879,0.976,70392,427,1304,70819,71696,ok,70819,239014.12,0,0.1984,0.1282,0.6132,0.4818,0.4727,0.8913,762723.0,0.3134,1,1.0,1,0.0718,-710.89,-797.0,243.07,-879.0,-131.0,RAS
s1106,lung_lower_lobe_right,1,0.991,0.9822,71393,280,1017,71673,72410,ok,71673,241896.38,0,0.8477,0.1411,0.4834,0.3636,0.5545,1.0,757620.0,0.3193,1,1.0,1,0.0664,-761.52,-821.0,201.26,-898.0,-378.0,RAS
s1106,lung_middle_lobe_right,1,0.9854,0.9712,34896,399,636,35295,35532,ok,35295,119120.62,0,0.9147,0.7218,0.5023,0.3,0.7636,0.7065,608107.5,0.1959,1,1.0,1,0.071,-835.29,-882.0,157.27,-942.0,-550.7,RAS
s1106,lung_upper_lobe_left,1,0.9938,0.9878,111057,758,619,111815,111676,ok,111815,377375.62,0,0.1786,0.5732,0.777,0.6091,0.8364,0.6522,1248210.0,0.3023,1,1.0,1,0.0585,-816.34,-871.0,188.08,-935.0,-488.0,RAS
s1106,lung_upper_lobe_right,1,0.9754,0.952,15498,686,95,16184,15593,ok,16184,54621.0,0,0.9088,0.6145,0.8746,0.2909,0.7727,0.3152,266220.0,0.2052,3,0.9564,1,0.1159,-803.81,-860.0,184.78,-915.0,-492.15,RAS
s1106,portal_vein_and_splenic_vein,0,0.0,0.0,0,291,0,291,0,false_positive,291,982.12,0,0.1238,0.1088,0.0238,0.1364,0.1545,0.0652,5163.75,0.1902,2,0.9278,1,0.1134,183.19,154.0,106.03,54.0,415.0,RAS
s1106,pulmonary_vein,1,0.964,0.9305,8389,379,248,8768,8637,ok,8768,29592.0,0,0.5947,0.2128,0.7309,0.7636,0.3182,0.5,456435.0,0.0648,4,0.3197,1,0.0019,393.92,419.0,116.69,140.0,525.0,RAS
s1106,rib_left_3,0,0.0,0.0,0,31,0,31,0,false_positive,31,104.62,0,0.2718,0.8475,0.9485,0.1,0.0545,0.087,1782.0,0.0587,5,0.8065,1,0.1613,329.52,326.0,78.26,227.0,483.0,RAS
s1106,rib_left_4,0,0.3365,0.2023,161,635,0,796,161,low_dice,796,2686.5,0,0.0804,0.8596,0.8324,0.2273,0.1909,0.3152,51384.38,0.0523,3,0.9271,1,0.0565,213.1,218.0,105.01,50.0,390.0,RAS
s1106,rib_left_5,0,0.0,0.0,0,628,328,628,328,low_dice,628,2119.5,0,0.0591,0.9319,0.5362,0.1455,0.1273,0.2609,18144.0,0.1168,2,0.9984,1,0.0732,202.51,198.5,118.18,45.35,405.9,RAS
s1106,rib_left_6,0,0.0,0.0,0,0,128,0,128,miss,0,0.0,1,,,,0.0,0.0,0.0,0.0,0.0,0,0.0,0,0.0,,,,,,RAS
s1106,spleen,0,0.8179,0.6919,2673,265,925,2938,3598,ok,2938,9915.75,0,0.3017,0.035,0.0945,0.4,0.1,0.2609,39204.0,0.2529,2,0.9336,1,0.1535,99.26,98.0,63.37,0.0,204.0,RAS
s1106,sternum,1,0.95,0.9048,7959,565,272,8524,8231,ok,8524,28768.5,0,0.6751,0.8902,0.7002,0.2364,0.2636,0.663,155229.75,0.1853,1,1.0,1,0.0278,174.1,158.0,145.97,-16.0,425.0,RAS
s1106,stomach,1,0.9596,0.9224,49863,560,3634,50423,53497,ok,50423,170177.62,0,0.2335,0.529,0.1192,0.6727,0.8273,0.2826,590908.5,0.288,2,0.981,1,0.0359,-128.94,32.0,370.61,-967.0,144.0,RAS
s1106,superior_vena_cava,1,0.9725,0.9465,2158,44,78,2202,2236,ok,2202,7431.75,0,0.8313,0.3522,0.8435,0.1455,0.1,0.337,18414.0,0.4036,1,1.0,1,0.0391,139.68,141.0,42.58,66.0,207.0,RAS
s1106,trachea,1,0.9589,0.9211,1634,25,115,1659,1749,ok,1659,5599.12,0,0.6011,0.1929,0.9502,0.6182,0.1273,0.1087,32130.0,0.1743,2,0.6203,1,0.1296,-930.61,-977.0,126.97,-1018.0,-637.7,RAS
s1106,vertebrae_T10,1,0.9945,0.9891,2718,9,21,2727,2739,ok,2727,9203.62,0,0.6292,0.0332,0.3542,0.2364,0.1091,0.2065,20007.0,0.46,2,0.9996,1,0.1327,273.47,234.0,141.49,128.3,527.0,RAS
s1106,vertebrae_T11,1,0.9928,0.9857,4887,21,50,4908,4937,ok,4908,16564.5,0,0.6317,0.0529,0.1547,0.2545,0.1545,0.2283,33736.5,0.491,1,1.0,1,0.0829,242.29,224.0,97.52,113.0,433.0,RAS
s1106,vertebrae_T12,1,0.9798,0.9604,1772,62,11,1834,1783,ok,1834,6189.75,0,0.6367,0.0803,0.0224,0.2455,0.1727,0.25,39821.62,0.1554,3,0.9885,1,0.2459,249.63,240.0,93.09,118.0,420.0,RAS
s1106,vertebrae_T5,0,0.0,0.0,0,52,0,52,0,false_positive,52,175.5,0,0.6318,0.0491,0.9872,0.1182,0.0545,0.0217,526.5,0.3333,1,1.0,1,0.8269,500.4,474.5,98.36,376.4,697.45,RAS
s1106,vertebrae_T6,0,0.007,0.0035,1,238,46,239,47,low_dice,239,806.62,0,0.6415,0.0273,0.9608,0.1455,0.0818,0.0652,2916.0,0.2766,2,0.9958,1,0.1339,311.6,287.0,113.06,175.8,530.1,RAS
s1106,vertebrae_T7,0,0.8497,0.7387,803,1,283,804,1086,ok,804,2713.5,0,0.6326,0.0191,0.8846,0.1364,0.0636,0.1522,4961.25,0.5469,1,1.0,1,0.2152,266.46,241.0,108.9,135.0,472.85,RAS
s1106,vertebrae_T8,1,0.9842,0.9689,1027,4,29,1031,1056,ok,1031,3479.62,0,0.632,0.0179,0.7251,0.1636,0.0636,0.163,6378.75,0.5455,1,1.0,1,0.2211,294.6,275.0,106.57,153.0,484.0,RAS
s1106,vertebrae_T9,1,0.9883,0.9768,1514,15,21,1529,1535,ok,1529,5160.38,0,0.6281,0.0224,0.5407,0.2091,0.0818,0.1739,11178.0,0.4617,1,1.0,1,0.1857,296.96,265.0,134.64,144.0,541.8,RAS
s1133,adrenal_gland_left,0,0.5846,0.413,266,340,38,606,304,ok,606,2045.25,0,0.3525,0.6042,0.0905,0.0542,0.1173,0.0892,13402.12,0.1526,1,1.0,0,0.0,18.81,21.0,20.26,-15.0,51.0,RAS
s1133,adrenal_gland_right,0,0.9185,0.8492,535,23,72,558,607,ok,558,1883.25,0,0.5839,0.5582,0.1031,0.0542,0.1111,0.0986,14033.25,0.1342,1,1.0,0,0.0,12.82,14.0,22.74,-26.0,48.0,RAS
s1133,aorta,1,0.9826,0.9658,230654,5386,2771,236040,233425,ok,236040,796634.88,0,0.3982,0.4401,0.5104,0.4236,0.5988,0.9108,5461923.5,0.1459,1,1.0,1,0.0013,286.59,281.0,182.24,43.0,574.0,RAS
s1133,atrial_appendage_left,1,0.9714,0.9444,1768,44,60,1812,1828,ok,1812,6115.5,0,0.387,0.5595,0.5451,0.064,0.1543,0.0657,15356.25,0.3982,1,1.0,0,0.0,446.29,515.5,169.35,118.0,628.0,RAS
s1133,autochthon_left,1,0.9676,0.9372,54684,2331,1335,57015,56019,ok,57015,192425.59,0,0.3978,0.1811,0.3287,0.2315,0.3272,0.9859,1765496.0,0.109,1,1.0,1,0.0113,12.86,20.0,37.41,-60.0,61.0,RAS
s1133,autochthon_right,1,0.9714,0.9443,50037,1260,1690,51297,51727,ok,51297,173127.34,0,0.5755,0.177,0.3354,0.2167,0.3025,0.9859,1528064.75,0.1133,1,1.0,1,0.0114,7.13,14.0,37.06,-67.0,55.0,RAS
s1133,brachiocephalic_trunk,0,0.9028,0.8228,1969,355,69,2324,2038,ok,2324,7843.5,0,0.5927,0.5491,0.7741,0.1232,0.1049,0.0798,24384.37,0.3217,1,1.0,0,0.0,478.35,520.5,101.38,262.0,582.0,RAS
s1133,brachiocephalic_vein_left,0,0.9391,0.8852,1719,125,98,1844,1817,ok,1844,6223.5,0,0.5092,0.6164,0.7409,0.2414,0.1173,0.1737,116258.61,0.0535,1,1.0,0,0.0,335.76,331.0,116.99,158.15,504.85,RAS
s1133,brachiocephalic_vein_right,1,0.9481,0.9014,2093,112,117,2205,2210,ok,2205,7441.87,0,0.6336,0.5029,0.7636,0.0936,0.0988,0.1502,32832.0,0.2267,1,1.0,0,0.0,133.5,140.0,45.18,43.0,192.0,RAS
s1133,clavicula_left,1,0.9789,0.9588,6092,230,32,6322,6124,ok,6322,21336.75,0,0.4,0.5832,0.8982,0.2069,0.3025,0.1737,256992.72,0.083,3,0.9995,0,0.0,264.75,235.0,209.48,-4.0,657.0,RAS
s1133,clavicula_right,1,0.9662,0.9346,7150,222,278,7372,7428,ok,7372,24880.5,0,0.6583,0.5513,0.894,0.2512,0.3765,0.1925,430484.56,0.0578,1,1.0,0,0.0,265.96,222.0,235.66,-22.0,745.0,RAS
s1133,colon,0,0.8028,0.6705,2080,318,704,2398,2784,ok,2398,8093.25,0,0.2057,0.6149,0.02,0.1133,0.2346,0.061,38346.75,0.2111,2,0.9875,1,0.0513,-92.61,-21.0,222.35,-588.9,39.0,RAS
s1133,common_carotid_artery_left,0,0.9451,0.8959,1162,35,100,1197,1262,ok,1197,4039.87,0,0.4726,0.5657,0.8588,0.1034,0.0802,0.1972,38697.75,0.1044,1,1.0,0,0.0,397.95,405.0,128.77,184.0,575.0,RAS
s1133,common_carotid_artery_right,0,0.9346,0.8772,957,121,13,1078,970,ok,1078,3638.25,0,0.6215,0.514,0.8848,0.0739,0.0926,0.1784,28856.25,0.1261,1,1.0,0,0.0,425.17,443.0,119.82,220.7,579.3,RAS
s1133,costal_cartilages,0,0.8972,0.8136,28698,3561,3012,32259,31710,ok,32259,108874.11,0,0.5027,0.828,0.3596,0.8276,0.4074,0.7746,6174629.0,0.0176,23,0.3374,0,0.0,111.22,93.0,82.31,42.0,246.0,RAS
s1133,duodenum,0,0.0,0.0,0,51,0,51,0,false_positive,51,172.12,0,0.53,0.7568,0.0007,0.0443,0.0494,0.0094,486.0,0.3542,1,1.0,1,0.8431,37.49,37.0,19.03,6.5,66.5,RAS
s1133,esophagus,0,0.8587,0.7524,7869,425,2165,8294,10034,ok,8294,27992.25,0,0.4499,0.3785,0.6477,0.197,0.2963,0.6197,855359.88,0.0327,6,0.9771,0,0.0,-255.02,-52.5,364.83,-979.0,78.0,RAS
s1133,heart,1,0.9601,0.9232,161193,5078,8325,166271,169518,ok,166271,561164.56,0,0.4369,0.662,0.4155,0.4236,0.537,0.4085,2196902.0,0.2554,1,1.0,0,0.0,312.6,255.0,176.9,81.0,612.0,RAS
s1133,humerus_left,0,0.8654,0.7627,5447,34,1661,5481,7108,ok,5481,18498.37,0,0.1183,0.4649,0.9585,0.133,0.179,0.0751,42281.99,0.4375,1,1.0,1,0.0,107.14,93.0,87.82,-12.0,271.0,RAS
s1133,humerus_right,0,0.9438,0.8935,12090,672,769,12762,12859,ok,12762,43071.74,0,0.9171,0.4176,0.9338,0.1478,0.2037,0.1127,80189.99,0.5371,1,1.0,1,0.0,80.57,67.0,119.6,-90.0,295.0,RAS
s1133,iliopsoas_left,1,0.948,0.9011,1403,58,96,1461,1499,ok,1461,4930.87,0,0.3831,0.4589,0.0367,0.064,0.142,0.108,23209.87,0.2124,1,1.0,1,0.0924,40.57,41.0,16.01,13.0,64.0,RAS
s1133,iliopsoas_right,0,0.8976,0.8142,1911,322,114,2233,2025,ok,2233,7536.37,0,0.6037,0.4387,0.0361,0.0788,0.1543,0.1315,37800.0,0.1994,1,1.0,1,0.0824,37.01,40.0,22.69,-3.0,66.0,RAS
s1133,inferior_vena_cava,0,0.864,0.7605,8525,2036,648,10561,9173,ok,10561,35643.37,0,0.553,0.632,0.1792,0.1182,0.1481,0.3615,149687.98,0.2381,1,1.0,1,0.0094,122.88,119.0,73.54,27.0,235.0,RAS
s1133,kidney_left,0,0.8357,0.7177,4198,257,1394,4455,5592,ok,4455,15035.62,0,0.2996,0.458,0.0215,0.133,0.179,0.0657,36996.75,0.4064,1,1.0,1,0.101,20.91,31.0,96.64,0.0,53.0,RAS
s1133,kidney_right,1,0.9489,0.9028,7736,425,408,8161,8144,ok,8161,27543.37,0,0.6791,0.4029,0.0309,0.1675,0.1852,0.0892,65407.49,0.4211,1,1.0,1,0.0845,36.01,37.0,15.09,10.0,59.0,RAS
s1133,liver,1,0.9847,0.9699,239973,2852,4602,242825,244575,ok,242825,819534.25,0,0.6642,0.6549,0.1222,0.6749,0.6111,0.277,2700732.0,0.3034,3,1.0,1,0.0127,61.14,62.0,17.28,33.0,86.0,RAS
s1133,lung_lower_lobe_left,1,0.9914,0.9829,206865,2689,903,209554,207768,ok,209554,707244.62,0,0.2165,0.3776,0.3584,0.3153,0.6852,0.6385,3260735.5,0.2169,1,1.0,0,0.0,-751.31,-801.0,146.81,-875.0,-433.0,RAS
s1133,lung_lower_lobe_right,1,0.995,0.99,355615,1036,2551,356651,358166,ok,356651,1203697.0,0,0.712,0.3398,0.3742,0.4729,0.6481,0.6103,4422599.5,0.2722,2,1.0,0,0.0,-754.91,-810.0,163.56,-870.0,-438.0,RAS
s1133,lung_middle_lobe_right,1,0.9888,0.9779,96113,772,1398,96885,97511,ok,96885,326986.84,0,0.7382,0.6293,0.4047,0.3103,0.4444,0.3005,979775.88,0.3337,1,1.0,0,0.0,-774.11,-821.0,151.32,-880.0,-490.0,RAS
s1133,lung_upper_lobe_left,1,0.9935,0.987,235294,833,2267,236127,237561,ok,236127,796928.5,0,0.2637,0.5397,0.6211,0.3793,0.6728,0.6432,3880712.75,0.2054,1,1.0,0,0.0,-777.3,-824.0,153.01,-890.0,-475.0,RAS
s1133,lung_upper_lobe_right,1,0.9934,0.9869,236975,2460,676,239435,237651,ok,239435,808093.0,0,0.7113,0.4502,0.673,0.3892,0.6728,0.446,2760901.5,0.2927,1,1.0,0,0.0,-775.46,-821.0,143.35,-875.0,-493.0,RAS
s1133,pancreas,0,0.9391,0.8852,4602,344,253,4946,4855,ok,4946,16692.75,0,0.3142,0.636,0.0329,0.1823,0.2407,0.0892,92532.36,0.1804,1,1.0,1,0.0722,33.07,35.0,19.61,-2.0,61.0,RAS
s1133,portal_vein_and_splenic_vein,0,0.0,0.0,0,63,0,63,0,false_positive,63,212.62,0,0.3157,0.5846,0.0791,0.0246,0.037,0.0235,506.25,0.42,1,1.0,0,0.0,50.1,52.0,13.61,27.0,71.7,RAS
s1133,pulmonary_vein,1,0.965,0.9323,7656,194,362,7850,8018,ok,7850,26493.75,0,0.4696,0.4365,0.4976,0.3892,0.2037,0.2488,466327.06,0.0568,4,0.3532,0,0.0,505.42,561.0,152.0,191.0,664.0,RAS
s1133,rib_left_1,0,0.7915,0.655,2022,1060,5,3082,2027,ok,3082,10401.75,0,0.3286,0.5307,0.8683,0.1084,0.2901,0.1972,146569.48,0.071,1,1.0,0,0.0,336.35,305.0,182.45,92.0,672.95,RAS
s1133,rib_left_10,0,0.9402,0.8872,3200,364,43,3564,3243,ok,3564,12028.5,0,0.1717,0.2767,0.2848,0.3153,0.5185,0.3756,1451519.75,0.0083,2,0.9944,0,0.0,191.27,191.0,89.12,52.0,319.0,RAS
s1133,rib_left_11,1,0.9509,0.9065,2239,193,38,2432,2277,ok,2432,8208.0,0,0.2086,0.2666,0.205,0.3054,0.3765,0.2864,778619.12,0.0105,1,1.0,0,0.0,195.5,194.0,67.26,88.0,309.45,RAS
s1133,rib_left_12,0,0.9404,0.8875,1073,130,6,1203,1079,ok,1203,4060.12,0,0.2878,0.2712,0.138,0.2167,0.1296,0.2394,159043.48,0.0255,1,1.0,1,0.0,203.87,194.0,63.68,118.0,329.0,RAS
s1133,rib_left_2,0,0.9164,0.8457,2460,441,8,2901,2468,ok,2901,9790.87,0,0.2629,0.4245,0.8684,0.2167,0.463,0.2582,612562.44,0.016,4,0.9804,0,0.0,175.62,161.0,117.71,15.0,406.0,RAS
s1133,rib_left_3,0,0.8119,0.6833,2069,669,290,2738,2359,ok,2738,9240.75,0,0.2314,0.3947,0.8092,0.2512,0.5988,0.3146,1118640.25,0.0083,10,0.9284,0,0.0,163.42,155.0,116.04,13.0,327.15,RAS
s1133,rib_left_4,0,0.907,0.8299,2859,577,9,3436,2868,ok,3436,11596.5,0,0.2017,0.3726,0.7478,0.266,0.7037,0.3521,1558237.25,0.0074,6,0.9889,0,0.0,169.69,168.0,120.71,-23.0,385.25,RAS
s1133,rib_left_5,0,0.9304,0.8699,3438,494,20,3932,3458,ok,3932,13270.5,0,0.1914,0.3792,0.6677,0.2562,0.7531,0.3756,1712879.75,0.0077,3,0.9748,0,0.0,155.36,149.0,103.36,-5.0,341.0,RAS
s1133,rib_left_6,0,0.9408,0.8883,4310,467,75,4777,4385,ok,4777,16122.37,0,0.169,0.3967,0.5838,0.2611,0.7407,0.4131,1888919.75,0.0085,2,0.9766,0,0.0,147.6,149.0,107.16,-27.0,319.0,RAS
s1133,rib_left_7,1,0.9565,0.9166,4957,435,16,5392,4973,ok,5392,18198.0,0,0.165,0.3659,0.517,0.2759,0.6975,0.4366,1986200.75,0.0092,2,0.9889,0,0.0,133.24,132.0,99.57,-21.0,309.0,RAS
s1133,rib_left_8,0,0.9298,0.8689,3512,494,36,4006,3548,ok,4006,13520.25,0,0.1675,0.3111,0.4605,0.2956,0.642,0.4648,2084939.75,0.0065,3,0.9938,0,0.0,133.79,132.0,80.92,7.0,271.0,RAS
s1133,rib_left_9,0,0.9466,0.8986,3791,397,31,4188,3822,ok,4188,14134.5,0,0.1564,0.2988,0.3711,0.3054,0.5988,0.4225,1826752.25,0.0077,3,0.9869,0,0.0,169.5,170.0,88.07,19.35,311.0,RAS
s1133,rib_right_1,1,0.9609,0.9248,3441,199,81,3640,3522,ok,3640,12285.0,0,0.7016,0.5122,0.8443,0.1232,0.321,0.23,214987.47,0.0571,1,1.0,0,0.0,359.09,331.0,178.05,118.0,701.3,RAS
s1133,rib_right_10,0,0.9444,0.8946,3159,363,9,3522,3168,ok,3522,11886.75,0,0.8129,0.2439,0.2744,0.3498,0.5062,0.3192,1336148.75,0.0089,1,1.0,0,0.0,172.15,168.0,75.38,61.0,277.0,RAS
s1133,rib_right_11,1,0.9596,0.9223,2316,172,23,2488,2339,ok,2488,8397.0,0,0.7742,0.2352,0.1835,0.3251,0.3704,0.2958,841994.88,0.01,1,1.0,0,0.0,178.05,170.5,67.85,78.0,294.0,RAS
s1133,rib_right_12,1,0.9537,0.9115,1133,62,48,1195,1181,ok,1195,4033.12,0,0.6829,0.2507,0.1206,0.2365,0.1296,0.23,166697.97,0.0242,2,0.9992,1,0.0084,199.46,189.0,67.9,105.0,327.6,RAS
s1133,rib_right_2,1,0.9661,0.9344,3091,199,18,3290,3109,ok,3290,11103.75,0,0.7544,0.4003,0.8429,0.2167,0.4012,0.2254,463319.94,0.024,2,0.9997,0,0.0,178.17,174.0,94.68,27.9,346.0,RAS
s1133,rib_right_3,0,0.9271,0.8642,2462,378,9,2840,2471,ok,2840,9585.0,0,0.7825,0.3602,0.7857,0.2463,0.5741,0.3052,1020093.62,0.0094,4,0.9789,0,0.0,157.01,163.0,89.12,6.0,299.0,RAS
s1133,rib_right_4,0,0.9362,0.88,3277,436,11,3713,3288,ok,3713,12531.37,0,0.804,0.366,0.7116,0.266,0.6667,0.3615,1515590.75,0.0083,3,0.9825,0,0.0,175.96,171.0,116.44,2.0,378.4,RAS
s1133,rib_right_5,0,0.9349,0.8778,3389,466,6,3855,3395,ok,3855,13010.62,0,0.8131,0.3493,0.6455,0.2759,0.6914,0.3944,1778111.75,0.0073,8,0.9787,0,0.0,131.26,128.0,107.61,-36.0,319.0,RAS
s1133,rib_right_6,0,0.9369,0.8813,4238,567,4,4805,4242,ok,4805,16216.87,0,0.8247,0.3429,0.5751,0.2857,0.716,0.4225,2043629.75,0.0079,2,0.9881,0,0.0,152.07,148.0,110.76,-22.8,339.0,RAS
s1133,rib_right_7,0,0.9288,0.8671,4516,667,25,5183,4541,ok,5183,17492.62,0,0.8314,0.3367,0.4999,0.2956,0.6914,0.4507,2177279.75,0.008,3,0.9821,0,0.0,143.54,144.0,101.25,-23.0,309.0,RAS
s1133,rib_right_8,0,0.9375,0.8823,3868,511,5,4379,3873,ok,4379,14779.12,0,0.826,0.2792,0.4446,0.3202,0.6543,0.4319,2139344.75,0.0069,2,0.9831,0,0.0,159.35,158.0,85.65,17.0,294.1,RAS
s1133,rib_right_9,0,0.8924,0.8056,3320,793,8,4113,3328,ok,4113,13881.37,0,0.8327,0.274,0.3553,0.3448,0.5926,0.385,1859759.75,0.0075,1,1.0,0,0.0,151.63,151.0,69.67,41.0,250.0,RAS
s1133,scapula_left,1,0.9636,0.9297,20654,1179,383,21833,21037,ok,21833,73686.37,0,0.1615,0.283,0.8397,0.2512,0.3951,0.4554,1068551.88,0.069,4,0.9995,1,0.0,265.74,228.0,179.28,46.0,610.0,RAS
s1133,scapula_right,1,0.9655,0.9333,23147,329,1326,23476,24473,ok,23476,79231.49,0,0.8453,0.2348,0.8073,0.2857,0.4074,0.493,1356547.25,0.0584,5,0.9998,0,0.0,279.55,236.0,184.39,67.75,638.25,RAS
s1133,skull,0,0.6771,0.5118,65,1,61,66,126,ok,66,222.75,0,0.5572,0.8459,0.9705,0.1133,0.3519,0.6291,592899.69,0.0004,2,0.9848,0,0.0,852.3,886.5,238.77,362.25,1223.25,RAS
s1133,spinal_cord,1,0.9603,0.9235,13649,227,903,13876,14552,ok,13876,46831.49,0,0.4952,0.267,0.4647,0.0887,0.321,0.9859,663389.94,0.0706,1,1.0,1,0.0063,25.62,24.0,27.0,-15.0,71.0,RAS
s1133,spleen,1,0.9762,0.9536,37793,1444,396,39237,38189,ok,39237,132424.86,0,0.2226,0.4958,0.108,0.2414,0.3148,0.1878,337364.94,0.3925,1,1.0,1,0.0,48.74,50.0,21.49,13.0,82.0,RAS
s1133,sternum,0,0.9147,0.8428,16764,856,2270,17620,19034,ok,17620,59467.49,0,0.5129,0.7374,0.6691,0.2069,0.2963,0.4648,673595.88,0.0883,1,1.0,0,0.0,149.27,134.0,119.86,-13.0,358.0,RAS
s1133,stomach,1,0.967,0.936,42442,555,2345,42997,44787,ok,42997,145114.86,0,0.3037,0.7514,0.1266,0.202,0.3395,0.2535,410973.69,0.3531,1,1.0,1,0.0106,-364.62,-38.0,458.16,-1005.0,65.0,RAS
s1133,subclavian_artery_left,0,0.8517,0.7417,738,93,164,831,902,ok,831,2804.62,0,0.398,0.5023,0.9111,0.2463,0.1049,0.0751,45899.99,0.0611,10,0.9061,0,0.0,352.68,342.0,141.04,163.0,544.5,RAS
s1133,subclavian_artery_right,0,0.9068,0.8294,1561,38,283,1599,1844,ok,1599,5396.62,0,0.6523,0.4644,0.8729,0.2069,0.0926,0.1221,55282.49,0.0976,17,0.8868,0,0.0,362.25,379.0,140.57,105.8,540.1,RAS
s1133,superior_vena_cava,1,0.9565,0.9166,3857,131,220,3988,4077,ok,3988,13459.5,0,0.6051,0.5112,0.5868,0.0788,0.1173,0.2629,57455.99,0.2343,1,1.0,0,0.0,245.3,238.0,79.69,127.0,381.0,RAS
s1133,thyroid_gland,0,0.5071,0.3397,1811,49,3471,1860,5282,ok,1860,6277.5,0,0.5535,0.5642,0.9257,0.1724,0.1049,0.1502,64259.99,0.0977,3,0.5527,0,0.0,169.46,170.0,31.04,120.95,219.05,RAS
s1133,trachea,1,0.9529,0.91,8318,542,281,8860,8599,ok,8860,29902.5,0,0.5252,0.4353,0.7273,0.266,0.2531,0.3991,635141.19,0.0471,1,1.0,0,0.0,-789.24,-879.0,218.1,-1002.0,-364.0,RAS
s1133,vertebrae_C7,0,0.9196,0.8512,721,27,99,748,820,ok,748,2524.5,0,0.5317,0.4542,0.9712,0.0936,0.0741,0.0376,6156.0,0.4101,1,1.0,0,0.0,259.8,246.0,86.49,138.35,404.65,RAS
s1133,vertebrae_L1,1,0.987,0.9743,16256,335,94,16591,16350,ok,16591,55994.62,0,0.4905,0.3988,0.1571,0.2167,0.3333,0.1784,304721.97,0.1838,1,1.0,0,0.0,204.4,173.0,147.12,35.0,483.5,RAS
s1133,vertebrae_L2,1,0.9887,0.9776,16689,306,77,16995,16766,ok,16995,57358.12,0,0.4906,0.4463,0.0679,0.2512,0.3642,0.1362,294505.84,0.1948,1,1.0,1,0.0134,188.66,158.0,147.65,13.0,471.0,RAS
s1133,vertebrae_L3,1,0.9813,0.9633,3205,71,51,3276,3256,ok,3276,11056.5,0,0.4883,0.4782,0.0067,0.2266,0.2716,0.0423,61478.99,0.1798,1,1.0,1,0.3178,232.18,215.0,123.64,64.0,457.0,RAS
s1133,vertebrae_T1,1,0.9658,0.9339,5948,90,331,6038,6279,ok,6038,20378.25,0,0.5195,0.365,0.9523,0.2414,0.2716,0.0892,138253.48,0.1474,1,1.0,0,0.0,262.43,228.0,146.69,88.0,573.0,RAS
s1133,vertebrae_T10,1,0.9805,0.9618,11503,320,137,11823,11640,ok,11823,39902.62,0,0.4871,0.2487,0.3891,0.197,0.2654,0.1925,238004.97,0.1677,1,1.0,0,0.0,171.35,155.0,104.67,36.0,368.0,RAS
s1133,vertebrae_T11,1,0.9846,0.9697,13171,318,94,13489,13265,ok,13489,45525.37,0,0.4887,0.2978,0.3175,0.1921,0.2963,0.1972,265355.97,0.1716,1,1.0,0,0.0,186.43,162.0,127.7,35.0,424.0,RAS
s1133,vertebrae_T12,1,0.9893,0.9788,15072,214,113,15286,15185,ok,15286,51590.24,0,0.4899,0.3549,0.2444,0.1724,0.321,0.1784,233414.97,0.221,1,1.0,0,0.0,189.8,173.0,114.56,45.0,402.0,RAS
s1133,vertebrae_T2,1,0.9675,0.9371,6717,227,224,6944,6941,ok,6944,23436.0,0,0.5111,0.3276,0.9065,0.2217,0.2716,0.1221,173744.97,0.1349,1,1.0,0,0.0,229.53,201.0,144.78,58.0,519.0,RAS
s1133,vertebrae_T3,0,0.9371,0.8816,6465,612,256,7077,6721,ok,7077,23884.87,0,0.5076,0.2801,0.8544,0.2118,0.3272,0.1174,192290.59,0.1242,2,0.9999,0,0.0,240.71,190.0,245.69,44.8,557.6,RAS
s1133,vertebrae_T4,0,0.9373,0.882,7117,583,369,7700,7486,ok,7700,25987.5,0,0.5078,0.2479,0.7961,0.202,0.2963,0.1315,185975.97,0.1397,1,1.0,0,0.0,215.71,174.0,186.39,30.0,561.05,RAS
s1133,vertebrae_T5,1,0.9575,0.9184,7686,420,263,8106,7949,ok,8106,27357.75,0,0.5059,0.2229,0.7357,0.2069,0.3025,0.1502,222263.97,0.1231,1,1.0,0,0.0,187.4,162.0,137.55,30.0,440.0,RAS
s1133,vertebrae_T6,1,0.9561,0.9159,8433,377,397,8810,8830,ok,8810,29733.75,0,0.5058,0.1999,0.6705,0.2069,0.2963,0.1643,238139.97,0.1249,3,0.9997,0,0.0,207.85,184.0,156.91,25.0,478.0,RAS
s1133,vertebrae_T7,1,0.9633,0.9292,8733,550,115,9283,8848,ok,9283,31330.12,0,0.5016,0.1942,0.6043,0.2069,0.3025,0.1737,256992.72,0.1219,5,0.9994,0,0.0,163.33,148.0,104.2,22.0,359.0,RAS
s1133,vertebrae_T8,1,0.9829,0.9664,10070,274,76,10344,10146,ok,10344,34911.0,0,0.4953,0.199,0.5322,0.202,0.284,0.1831,248244.72,0.1406,1,1.0,0,0.0,170.08,155.0,101.44,42.0,363.0,RAS
s1133,vertebrae_T9,1,0.9839,0.9683,10992,216,144,11208,11136,ok,11208,37827.0,0,0.487,0.215,0.4584,0.2069,0.2778,0.1831,248771.22,0.1521,1,1.0,0,0.0,175.32,159.0,111.85,27.0,387.0,RAS
s1199,adrenal_gland_left,0,0.9143,0.8421,1568,265,29,1833,1597,ok,1833,6186.38,0,0.3963,0.4777,0.0875,0.0745,0.0745,0.1659,43861.5,0.141,1,1.0,1,0.0044,40.84,35.0,175.31,-250.0,331.4,RAS
s1199,adrenal_gland_right,0,0.9181,0.8486,1603,182,104,1785,1707,ok,1785,6024.38,0,0.5927,0.4414,0.1314,0.0745,0.1137,0.1382,55788.75,0.108,2,0.9994,0,0.0,32.56,29.0,183.97,-264.8,328.0,RAS
s1199,aorta,1,0.9891,0.9785,88104,554,1383,88658,89487,ok,88658,299220.75,0,0.4426,0.4365,0.5216,0.2,0.349,0.7972,2650208.5,0.1129,1,1.0,1,0.0021,117.2,118.0,136.76,-102.0,334.0,RAS
s1199,atrial_appendage_left,1,0.9704,0.9426,1379,35,49,1414,1428,ok,1414,4772.25,0,0.3723,0.4643,0.5573,0.0667,0.0588,0.0737,13770.0,0.3466,1,1.0,0,0.0,70.06,68.0,123.29,-131.0,279.0,RAS
s1199,autochthon_left,1,0.9807,0.9621,81007,1162,2030,82169,83037,ok,82169,277320.38,0,0.4301,0.2139,0.3838,0.1882,0.1961,1.0,1757700.0,0.1578,1,1.0,1,0.0135,25.05,27.0,161.57,-235.0,274.0,RAS
s1199,autochthon_right,1,0.9789,0.9586,70948,2142,922,73090,71870,ok,73090,246678.75,0,0.5737,0.2213,0.4102,0.2157,0.1961,1.0,2014031.25,0.1225,1,1.0,1,0.0116,21.37,26.0,168.56,-255.0,280.0,RAS
s1199,brachiocephalic_trunk,1,0.9734,0.9481,2248,79,44,2327,2292,ok,2327,7853.62,0,0.4674,0.5037,0.8541,0.0941,0.0471,0.1198,25272.0,0.3108,1,1.0,0,0.0,114.69,120.0,116.77,-83.0,302.0,RAS
s1199,brachiocephalic_vein_left,1,0.9707,0.943,2399,93,52,2492,2451,ok,2492,8410.5,0,0.4567,0.5193,0.8221,0.1529,0.0784,0.1429,81607.5,0.1031,1,1.0,0,0.0,96.82,99.5,124.2,-112.45,292.0,RAS
s1199,brachiocephalic_vein_right,0,0.9239,0.8586,1561,237,20,1798,1581,ok,1798,6068.25,0,0.551,0.5064,0.8336,0.0588,0.051,0.1106,15795.0,0.3842,1,1.0,0,0.0,86.16,108.0,172.94,-173.15,292.0,RAS
s1199,clavicula_left,1,0.9836,0.9677,5116,45,126,5161,5242,ok,5161,17418.38,0,0.3716,0.532,0.9128,0.1569,0.1569,0.1705,199800.0,0.0872,1,1.0,1,0.026,461.55,269.0,584.24,-183.0,1652.0,RAS
s1199,clavicula_right,1,0.9814,0.9636,5447,118,88,5565,5535,ok,5565,18781.88,0,0.6019,0.511,0.9121,0.1843,0.2353,0.1889,390217.5,0.0481,1,1.0,1,0.0323,512.97,285.0,637.23,-213.0,1758.8,RAS
s1199,colon,0,0.9441,0.8941,35469,2650,1549,38119,37018,ok,38119,128651.62,0,0.2524,0.6061,0.0709,0.2118,0.3608,0.1659,603612.0,0.2131,3,0.9121,1,0.0225,-20.49,4.0,221.04,-407.0,282.0,RAS
s1199,common_carotid_artery_left,1,0.9566,0.9168,1289,105,12,1394,1301,ok,1394,4704.75,0,0.4309,0.4629,0.8904,0.0549,0.0745,0.2074,40398.75,0.1165,1,1.0,1,0.0194,88.57,93.0,134.61,-135.0,299.0,RAS
s1199,common_carotid_artery_right,0,0.9231,0.8571,582,43,54,625,636,ok,625,2109.38,0,0.5299,0.498,0.9398,0.051,0.0667,0.1106,17901.0,0.1178,1,1.0,1,0.0384,112.73,117.0,127.93,-103.4,316.0,RAS
s1199,costal_cartilages,0,0.8762,0.7796,56808,5995,10065,62803,66873,ok,62803,211960.12,0,0.4594,0.7668,0.3941,0.8431,0.3216,0.8387,10829228.0,0.0196,33,0.4058,1,0.0006,154.94,130.0,173.76,-52.0,459.0,RAS
s1199,duodenum,0,0.922,0.8552,3946,264,404,4210,4350,ok,4210,14208.75,0,0.5918,0.6084,0.0203,0.2667,0.1725,0.0645,141372.0,0.1005,2,0.9739,1,0.1233,28.97,33.0,200.83,-278.0,331.0,RAS
s1199,esophagus,1,0.9602,0.9235,12268,688,328,12956,12596,ok,12956,43726.5,0,0.4342,0.4075,0.5883,0.1176,0.2078,0.7327,853233.75,0.0512,1,1.0,1,0.0025,33.12,41.0,159.03,-190.0,255.0,RAS
s1199,gallbladder,0,0.9253,0.861,7888,1091,182,8979,8070,ok,8979,30304.12,0,0.6662,0.6676,0.035,0.1216,0.1608,0.0968,90082.12,0.3364,2,0.9999,1,0.0638,14.44,13.0,158.83,-246.0,276.0,RAS
s1199,heart,1,0.9693,0.9404,169220,4092,6633,173312,175853,ok,173312,584928.0,0,0.3787,0.551,0.4707,0.4118,0.3647,0.3687,2636550.0,0.2219,1,1.0,0,0.0,102.27,102.0,127.19,-106.0,310.0,RAS
s1199,humerus_left,1,0.9771,0.9552,3159,34,114,3193,3273,ok,3193,10776.38,0,0.099,0.4086,0.9831,0.1137,0.1137,0.0415,25545.38,0.4219,1,1.0,1,0.1935,363.36,356.0,315.1,-144.0,883.0,RAS
s1199,humerus_right,1,0.973,0.9474,11249,171,454,11420,11703,ok,11420,38542.5,0,0.8441,0.4172,0.9678,0.1333,0.149,0.0876,82849.5,0.4652,1,1.0,1,0.0879,199.89,181.0,252.23,-174.0,648.0,RAS
s1199,iliopsoas_left,0,0.8664,0.7642,94,20,9,114,103,ok,114,384.75,0,0.4465,0.3271,0.0137,0.0157,0.0275,0.0415,850.5,0.4524,1,1.0,1,0.1842,72.89,62.5,154.38,-161.95,318.4,RAS
s1199,iliopsoas_right,0,0.9059,0.828,520,100,8,620,528,ok,620,2092.5,0,0.5939,0.3335,0.0231,0.0353,0.0549,0.0783,7229.25,0.2894,1,1.0,1,0.1097,59.49,62.5,178.73,-236.15,335.2,RAS
s1199,inferior_vena_cava,0,0.9393,0.8856,12434,861,745,13295,13179,ok,13295,44870.62,0,0.543,0.508,0.206,0.1333,0.098,0.4332,269662.5,0.1664,1,1.0,1,0.0112,93.91,96.0,161.2,-174.0,353.0,RAS
s1199,kidney_left,1,0.9836,0.9678,20748,85,606,20833,21354,ok,20833,70311.38,0,0.3177,0.3967,0.0467,0.1804,0.1451,0.129,160839.0,0.4372,1,1.0,1,0.0529,114.34,115.0,177.81,-179.0,404.0,RAS
s1199,kidney_right,1,0.982,0.9646,19020,99,598,19119,19618,ok,19119,64526.62,0,0.6985,0.3897,0.0386,0.1725,0.1804,0.1152,170775.0,0.3778,1,1.0,1,0.0625,120.77,121.0,178.09,-170.0,413.0,RAS
s1199,liver,1,0.9917,0.9835,972516,7424,8876,979940,981392,ok,979940,3307297.5,0,0.6509,0.6089,0.213,0.6941,0.6431,0.4654,9894920.0,0.3342,1,1.0,1,0.0035,49.6,49.0,143.32,-184.0,284.0,RAS
s1199,lung_lower_lobe_left,1,0.9945,0.989,245576,1840,888,247416,246464,ok,247416,835029.0,0,0.2895,0.3446,0.3961,0.3373,0.3451,0.6866,3805758.0,0.2194,2,1.0,0,0.0,-749.65,-797.0,226.13,-1000.0,-312.0,RAS
s1199,lung_lower_lobe_right,1,0.9937,0.9875,269969,2263,1146,272232,271115,ok,272232,918783.0,0,0.6788,0.3691,0.4782,0.3686,0.4745,0.5069,4222597.5,0.2176,3,1.0,0,0.0,-751.16,-802.0,231.1,-998.0,-303.0,RAS
s1199,lung_middle_lobe_right,1,0.9835,0.9675,116328,1187,2723,117515,119051,ok,117515,396613.12,0,0.6588,0.6065,0.5196,0.3608,0.3529,0.235,1425195.0,0.2783,1,1.0,0,0.0,-815.17,-859.0,206.04,-1012.0,-446.0,RAS
s1199,lung_upper_lobe_left,1,0.9964,0.9929,301577,729,1438,302306,303015,ok,302306,1020282.75,0,0.2698,0.4804,0.675,0.298,0.4941,0.6452,4524660.0,0.2255,1,1.0,0,0.0,-791.21,-841.0,221.12,-1022.0,-374.0,RAS
s1199,lung_upper_lobe_right,1,0.992,0.9842,254049,1510,2580,255559,256629,ok,255559,862511.62,0,0.6453,0.468,0.7264,0.3333,0.451,0.3825,2738222.0,0.315,4,1.0,0,0.0,-794.73,-842.0,220.76,-1018.0,-398.0,RAS
s1199,pancreas,1,0.961,0.9248,11936,433,537,12369,12473,ok,12369,41745.38,0,0.4627,0.6026,0.0703,0.2627,0.1686,0.1705,359764.88,0.116,1,1.0,1,0.0338,36.43,37.0,181.87,-262.6,333.0,RAS
s1199,portal_vein_and_splenic_vein,0,0.8445,0.7309,7207,982,1672,8189,8879,ok,8189,27637.88,0,0.4966,0.5614,0.0999,0.4471,0.2471,0.2212,1163484.0,0.0238,1,1.0,1,0.0083,112.93,114.0,185.1,-189.6,411.6,RAS
s1199,pulmonary_vein,1,0.9654,0.933,7774,287,271,8061,8045,ok,8061,27205.88,0,0.4533,0.4216,0.5285,0.3373,0.1608,0.1935,499810.5,0.0544,2,0.5708,0,0.0,103.76,113.0,150.24,-125.0,313.0,RAS
s1199,rib_left_1,1,0.9576,0.9187,2926,133,126,3059,3052,ok,3059,10324.12,0,0.3427,0.4865,0.8799,0.0863,0.2118,0.2212,192456.0,0.0536,1,1.0,1,0.0056,562.38,501.0,460.68,-92.0,1387.1,RAS
s1199,rib_left_10,1,0.9784,0.9578,4423,141,54,4564,4477,ok,4564,15403.5,0,0.2024,0.3296,0.1947,0.3725,0.3843,0.3594,2450857.5,0.0063,1,1.0,1,0.0085,572.88,502.5,489.48,-145.85,1452.0,RAS
s1199,rib_left_11,0,0.9187,0.8496,2622,432,32,3054,2654,ok,3054,10307.25,0,0.2926,0.258,0.1386,0.2824,0.1098,0.2673,394632.0,0.0261,1,1.0,1,0.0141,431.07,367.0,414.81,-119.35,1250.05,RAS
s1199,rib_left_12,1,0.9516,0.9076,1120,76,38,1196,1158,ok,1196,4036.5,0,0.3594,0.2567,0.08,0.1569,0.0588,0.1567,68850.0,0.0586,2,0.9992,1,0.0184,407.09,385.5,368.78,-123.0,1065.5,RAS
s1199,rib_left_2,1,0.9685,0.9388,3869,57,195,3926,4064,ok,3926,13250.25,0,0.2845,0.4549,0.8814,0.1725,0.3216,0.2488,657558.0,0.0202,10,0.9967,0,0.0,403.83,359.0,408.05,-166.75,1150.75,RAS
s1199,rib_left_3,0,0.9303,0.8696,3976,117,479,4093,4455,ok,4093,13813.88,0,0.2434,0.4719,0.8123,0.2078,0.4314,0.2811,1200251.25,0.0115,6,0.9988,0,0.0,398.5,369.0,421.17,-190.0,1157.4,RAS
s1199,rib_left_4,1,0.9721,0.9457,5519,86,231,5605,5750,ok,5605,18916.88,0,0.2206,0.4798,0.7319,0.2039,0.5098,0.3088,1528605.0,0.0124,4,0.9995,0,0.0,381.32,334.0,452.95,-216.0,1198.4,RAS
s1199,rib_left_5,0,0.9431,0.8924,5964,100,619,6064,6583,ok,6064,20466.0,0,0.2104,0.4817,0.6435,0.2118,0.5608,0.3364,1902507.75,0.0108,8,0.9941,0,0.0,365.94,327.0,452.49,-268.0,1179.0,RAS
s1199,rib_left_6,1,0.9612,0.9254,6632,54,481,6686,7113,ok,6686,22565.25,0,0.1976,0.463,0.5598,0.2431,0.5804,0.3641,2446551.0,0.0092,11,0.9955,0,0.0,394.71,356.0,455.33,-217.75,1213.0,RAS
s1199,rib_left_7,1,0.9746,0.9505,7637,67,331,7704,7968,ok,7704,26001.0,0,0.1969,0.4477,0.4622,0.2784,0.5843,0.3871,2999146.5,0.0087,1,1.0,0,0.0,456.23,398.0,473.3,-188.85,1303.0,RAS
s1199,rib_left_8,1,0.9747,0.9507,6478,113,223,6591,6701,ok,6591,22244.62,0,0.1999,0.4026,0.37,0.3176,0.5294,0.424,3395317.5,0.0066,1,1.0,0,0.0,460.02,425.0,447.47,-193.0,1243.0,RAS
s1199,rib_left_9,1,0.9674,0.9368,6181,151,266,6332,6447,ok,6332,21370.5,0,0.2029,0.364,0.2903,0.3373,0.4706,0.4101,3099870.0,0.0069,1,1.0,0,0.0,471.84,403.5,440.66,-135.0,1305.45,RAS
s1199,rib_right_1,0,0.9371,0.8817,2795,187,188,2982,2983,ok,2982,10064.25,0,0.622,0.493,0.8695,0.0902,0.2275,0.1982,193596.75,0.052,1,1.0,0,0.0,506.01,440.5,448.1,-134.0,1345.95,RAS
s1199,rib_right_10,1,0.9808,0.9623,4640,120,62,4760,4702,ok,4760,16065.0,0,0.8164,0.3318,0.2498,0.3412,0.3843,0.3272,2043042.75,0.0079,1,1.0,0,0.0,490.98,418.5,462.88,-145.0,1373.05,RAS
s1199,rib_right_11,1,0.963,0.9286,2484,156,35,2640,2519,ok,2640,8910.0,0,0.7709,0.2669,0.1471,0.3176,0.1922,0.2765,803722.5,0.0111,1,1.0,1,0.0136,566.15,532.5,454.74,-137.0,1367.05,RAS
s1199,rib_right_12,1,0.9655,0.9333,937,12,55,949,992,ok,949,3202.88,0,0.6779,0.2518,0.0773,0.1529,0.0471,0.1567,53703.0,0.0596,1,1.0,1,0.0179,479.21,487.0,354.51,-128.6,1053.6,RAS
s1199,rib_right_2,1,0.9775,0.956,3389,53,103,3442,3492,ok,3442,11616.75,0,0.6838,0.4613,0.8627,0.1843,0.3176,0.212,591036.75,0.0197,1,1.0,0,0.0,341.4,298.0,385.77,-208.95,1044.0,RAS
s1199,rib_right_3,1,0.969,0.9399,4147,66,199,4213,4346,ok,4213,14218.88,0,0.7103,0.4861,0.7889,0.2314,0.3961,0.2627,1146362.62,0.0124,4,0.9993,0,0.0,350.46,307.0,406.47,-177.0,1098.0,RAS
s1199,rib_right_4,1,0.9755,0.9522,5742,182,106,5924,5848,ok,5924,19993.5,0,0.7288,0.4847,0.7206,0.2431,0.4745,0.2857,1569793.5,0.0127,3,0.9997,0,0.0,380.3,314.0,449.89,-183.0,1223.0,RAS
s1199,rib_right_5,1,0.9684,0.9388,5947,157,231,6104,6178,ok,6104,20601.0,0,0.7415,0.4894,0.6438,0.2471,0.5373,0.3364,2126462.5,0.0097,3,0.9974,0,0.0,330.52,268.0,448.2,-238.0,1171.85,RAS
s1199,rib_right_6,1,0.9626,0.9278,6260,112,375,6372,6635,ok,6372,21505.5,0,0.7583,0.4597,0.5873,0.2471,0.5765,0.3548,2406702.5,0.0089,8,0.9958,0,0.0,348.83,279.0,449.12,-219.0,1191.0,RAS
s1199,rib_right_7,1,0.965,0.9324,6690,116,369,6806,7059,ok,6806,22970.25,0,0.7704,0.4446,0.5108,0.2667,0.6,0.3733,2844193.5,0.0081,6,0.9991,0,0.0,383.62,328.0,451.66,-221.75,1218.0,RAS
s1199,rib_right_8,1,0.954,0.912,6163,78,517,6241,6680,ok,6241,21063.38,0,0.7942,0.4281,0.408,0.298,0.5451,0.3963,3066201.0,0.0069,1,1.0,0,0.0,413.97,368.0,421.57,-177.0,1177.0,RAS
s1199,rib_right_9,1,0.9756,0.9524,5385,107,162,5492,5547,ok,5492,18535.5,0,0.8028,0.3613,0.3525,0.3216,0.4902,0.3456,2594531.25,0.0071,4,0.9894,0,0.0,448.15,377.0,448.11,-166.0,1293.9,RAS
s1199,scapula_left,0,0.9395,0.8859,23862,1666,1406,25528,25268,ok,25528,86157.0,0,0.1775,0.301,0.8331,0.2588,0.2157,0.4747,1261878.75,0.0683,6,0.9995,1,0.0162,400.77,326.0,516.95,-326.0,1369.65,RAS
s1199,scapula_right,0,0.9398,0.8864,25498,917,2350,26415,27848,ok,26415,89150.62,0,0.7985,0.3235,0.8246,0.2588,0.2235,0.5023,1383945.75,0.0644,7,0.9997,1,0.0133,409.5,324.0,502.48,-270.0,1383.0,RAS
s1199,small_bowel,0,0.7471,0.5962,6093,3126,1000,9219,7093,ok,9219,31114.12,0,0.2782,0.6114,0.0476,0.3333,0.1961,0.2535,788906.25,0.0394,8,0.5399,1,0.139,54.06,60.0,178.6,-227.0,328.0,RAS
s1199,spinal_cord,1,0.9614,0.9257,18913,992,527,19905,19440,ok,19905,67179.38,0,0.4995,0.2905,0.484,0.1059,0.1686,1.0,850287.38,0.079,1,1.0,1,0.0112,8.13,13.0,171.97,-278.0,278.0,RAS
s1199,spleen,1,0.9554,0.9147,67287,1105,5172,68392,72459,ok,68392,230823.0,0,0.2121,0.4271,0.1722,0.298,0.2392,0.2719,923143.5,0.25,1,1.0,0,0.0,83.59,83.0,133.0,-133.0,302.0,RAS
s1199,sternum,1,0.9528,0.9098,20543,285,1752,20828,22295,ok,20828,70294.5,0,0.4663,0.6649,0.6554,0.1529,0.2627,0.4977,952438.5,0.0738,2,1.0,0,0.0,215.48,113.0,347.43,-167.0,964.0,RAS
s1199,stomach,1,0.9778,0.9566,105290,3519,1257,108809,106547,ok,108809,367230.38,0,0.3579,0.6966,0.134,0.3569,0.4078,0.3226,2235870.0,0.1642,1,1.0,1,0.0188,-169.47,-5.0,437.99,-1008.0,290.0,RAS
s1199,subclavian_artery_left,0,0.9348,0.8776,2596,159,203,2755,2799,ok,2755,9298.12,0,0.3785,0.4445,0.883,0.2353,0.0667,0.1797,134257.5,0.0693,2,0.8918,0,0.0,101.22,101.0,145.85,-137.3,340.0,RAS
s1199,subclavian_artery_right,1,0.9588,0.9208,1883,86,76,1969,1959,ok,1969,6645.38,0,0.61,0.4754,0.8963,0.2275,0.0588,0.0645,41107.5,0.1617,1,1.0,0,0.0,103.2,105.0,144.52,-130.0,327.0,RAS
s1199,superior_vena_cava,1,0.97,0.9418,5823,167,193,5990,6016,ok,5990,20216.25,0,0.5355,0.4998,0.648,0.0745,0.0784,0.2719,75667.5,0.2672,1,1.0,0,0.0,100.4,105.0,111.31,-88.55,276.0,RAS
s1199,thyroid_gland,1,0.9543,0.9126,2912,136,143,3048,3055,ok,3048,10287.0,0,0.4812,0.514,0.9588,0.1294,0.0706,0.0829,36085.5,0.2851,1,1.0,1,0.0453,110.39,109.5,122.1,-84.65,300.0,RAS
s1199,trachea,1,0.9855,0.9714,11772,137,209,11909,11981,ok,11909,40192.88,0,0.4821,0.4295,0.772,0.251,0.1725,0.3963,817344.0,0.0492,1,1.0,0,0.0,-894.63,-945.0,197.11,-1081.0,-433.0,RAS
s1199,vertebrae_C7,1,0.9756,0.9523,1439,66,6,1505,1445,ok,1505,5079.38,0,0.4989,0.4195,0.9819,0.1176,0.0902,0.0507,25616.25,0.1983,3,0.9136,1,0.1827,283.45,259.0,242.07,-52.8,725.8,RAS
s1199,vertebrae_L1,1,0.9901,0.9804,15415,156,152,15571,15567,ok,15571,52552.12,0,0.5187,0.3437,0.0464,0.2,0.2235,0.1244,264900.38,0.1984,2,0.9999,1,0.0176,303.98,230.0,365.2,-155.0,1042.0,RAS
s1199,vertebrae_L2,0,0.8548,0.7464,103,35,0,138,103,ok,138,465.75,0,0.5103,0.3856,0.0038,0.1059,0.1569,0.0184,14580.0,0.0319,3,0.6957,1,0.4638,655.54,575.0,446.27,21.4,1389.05,RAS
s1199,vertebrae_T1,1,0.9773,0.9556,6342,87,208,6429,6550,ok,6429,21697.88,0,0.4896,0.3745,0.9549,0.2118,0.1725,0.1014,176418.0,0.123,1,1.0,1,0.0208,303.35,253.0,328.92,-142.6,922.0,RAS
s1199,vertebrae_T10,1,0.9852,0.9709,13189,205,191,13394,13380,ok,13394,45204.75,0,0.5154,0.307,0.3242,0.1765,0.2157,0.1521,275653.12,0.164,1,1.0,0,0.0,306.02,223.0,340.99,-100.0,1016.0,RAS
s1199,vertebrae_T11,1,0.9875,0.9753,14670,88,284,14758,14954,ok,14758,49808.25,0,0.5176,0.3223,0.2377,0.1451,0.2078,0.1521,218406.38,0.2281,2,0.9999,0,0.0,305.71,226.0,348.03,-118.0,1033.0,RAS
s1199,vertebrae_T12,1,0.9882,0.9768,14843,116,237,14959,15080,ok,14959,50486.62,0,0.5159,0.3271,0.1433,0.1373,0.2078,0.1521,206600.62,0.2444,2,0.9999,0,0.0,292.62,223.0,341.44,-138.0,990.0,RAS
s1199,vertebrae_T2,1,0.9833,0.9671,7293,143,105,7436,7398,ok,7436,25096.5,0,0.4771,0.3489,0.8999,0.1843,0.1804,0.1567,248089.5,0.1012,1,1.0,0,0.0,302.78,236.0,352.78,-151.0,1007.5,RAS
s1199,vertebrae_T3,1,0.9781,0.9572,6568,135,159,6703,6727,ok,6703,22622.62,0,0.4675,0.3213,0.8375,0.1647,0.1882,0.1336,197316.0,0.1147,1,1.0,0,0.0,340.52,261.0,399.0,-174.0,1154.8,RAS
s1199,vertebrae_T4,1,0.9687,0.9393,7076,202,255,7278,7331,ok,7278,24563.25,0,0.4651,0.3,0.7708,0.1647,0.1882,0.1198,176904.0,0.1389,4,0.9996,0,0.0,329.64,249.5,405.11,-194.0,1137.15,RAS
s1199,vertebrae_T5,1,0.9717,0.9449,8166,236,240,8402,8406,ok,8402,28356.75,0,0.4777,0.2893,0.702,0.1765,0.1882,0.1429,225990.0,0.1255,1,1.0,0,0.0,322.2,254.0,398.72,-216.95,1106.0,RAS
s1199,vertebrae_T6,1,0.974,0.9492,8693,380,85,9073,8778,ok,9073,30621.38,0,0.4899,0.2799,0.6335,0.1804,0.1961,0.1705,287212.5,0.1066,2,0.9999,0,0.0,352.62,278.0,390.25,-150.4,1142.0,RAS
s1199,vertebrae_T7,1,0.9812,0.9632,9697,141,230,9838,9927,ok,9838,33203.25,0,0.4979,0.2811,0.5591,0.1686,0.1961,0.1705,268481.25,0.1237,1,1.0,0,0.0,343.22,252.0,386.24,-127.15,1158.3,RAS
s1199,vertebrae_T8,1,0.9854,0.9712,10754,172,147,10926,10901,ok,10926,36875.25,0,0.505,0.2855,0.4828,0.1608,0.2039,0.1659,259038.0,0.1424,1,1.0,0,0.0,294.87,212.0,357.15,-131.0,1041.0,RAS
s1199,vertebrae_T9,1,0.9863,0.973,11696,185,140,11881,11836,ok,11881,40098.38,0,0.5098,0.2939,0.4036,0.1608,0.2118,0.1659,269001.0,0.1491,1,1.0,0,0.0,304.06,222.0,342.23,-93.0,1029.0,RAS
s1059,aorta,1,0.967,0.9361,3574,96,148,3670,3722,ok,3670,12386.25,0,0.4768,0.5223,0.0164,0.1347,0.2533,0.0544,33858.0,0.3658,1,1.0,1,0.1926,107.79,102.0,57.84,49.0,162.0,RAS
s1059,autochthon_left,1,0.9708,0.9432,29492,909,867,30401,30359,ok,30401,102603.38,0,0.4691,0.1643,0.2443,0.1102,0.28,0.5306,298525.5,0.3437,1,1.0,1,0.0133,-7.41,-4.0,45.9,-90.0,62.0,RAS
s1059,autochthon_right,1,0.9552,0.9143,28312,951,1704,29263,30016,ok,29263,98762.62,0,0.5968,0.1707,0.2375,0.1143,0.26,0.5102,276412.5,0.3573,1,1.0,1,0.014,-9.7,-5.0,46.59,-92.0,59.0,RAS
s1059,brachiocephalic_trunk,1,0.9611,0.9251,1693,106,31,1799,1724,ok,1799,6071.62,0,0.5576,0.5546,0.0774,0.1102,0.1267,0.0952,24239.25,0.2505,1,1.0,0,0.0,76.91,74.0,49.58,11.0,147.0,RAS
s1059,brachiocephalic_vein_left,1,0.9714,0.9443,3899,151,79,4050,3978,ok,4050,13668.75,0,0.4831,0.5956,0.0596,0.2082,0.18,0.1769,120831.75,0.1131,1,1.0,1,0.0491,74.69,78.0,41.5,5.45,139.0,RAS
s1059,brachiocephalic_vein_right,1,0.9792,0.9593,2825,27,93,2852,2918,ok,2852,9625.5,0,0.6353,0.5445,0.0908,0.0735,0.12,0.2041,32805.0,0.2934,1,1.0,1,0.0319,76.25,84.0,46.99,-9.0,141.0,RAS
s1059,brain,0,0.9135,0.8408,31560,4236,1740,35796,33300,ok,35796,120811.5,0,0.5235,0.3019,0.9423,0.2857,0.4333,0.1769,399262.5,0.3026,3,0.9906,1,0.0776,48.86,48.0,21.07,18.0,82.0,RAS
s1059,clavicula_left,1,0.9903,0.9809,15022,195,98,15217,15120,ok,15217,51357.38,0,0.3021,0.5933,0.337,0.3918,0.2667,0.449,855360.0,0.06,1,1.0,0,0.0,462.79,385.0,353.53,17.8,1158.2,RAS
s1059,clavicula_right,1,0.971,0.9437,14975,181,712,15156,15687,ok,15156,51151.5,0,0.7681,0.624,0.3027,0.3959,0.2,0.3401,491062.5,0.1042,1,1.0,0,0.0,433.62,363.0,333.92,14.0,1080.0,RAS
s1059,common_carotid_artery_left,1,0.9689,0.9397,2417,107,48,2524,2465,ok,2524,8518.5,0,0.4597,0.5092,0.2809,0.0816,0.1,0.517,76950.0,0.1107,1,1.0,0,0.0,52.7,56.0,45.51,-24.0,114.0,RAS
s1059,common_carotid_artery_right,0,0.9246,0.8598,1460,180,58,1640,1518,ok,1640,5535.0,0,0.6133,0.5278,0.3151,0.049,0.06,0.4082,21870.0,0.2531,1,1.0,0,0.0,37.69,38.5,29.43,-13.0,84.0,RAS
s1059,costal_cartilages,0,0.894,0.8084,1911,276,177,2187,2088,ok,2187,7381.12,0,0.5308,0.6752,0.0701,0.3184,0.12,0.0952,66339.0,0.1113,2,0.5062,0,0.0,106.07,97.0,64.0,17.3,222.0,RAS
s1059,esophagus,0,0.9399,0.8866,4224,126,414,4350,4638,ok,4350,14681.25,0,0.5194,0.4352,0.1338,0.0939,0.1,0.2993,51232.5,0.2866,1,1.0,1,0.0156,-59.98,32.0,237.36,-650.55,139.0,RAS
s1059,humerus_left,1,0.9833,0.9671,15266,209,310,15475,15576,ok,15475,52228.12,0,0.0358,0.5102,0.3581,0.098,0.24,0.2653,113724.0,0.4593,1,1.0,1,0.0529,263.75,214.0,260.19,-53.0,779.0,RAS
s1059,humerus_right,1,0.9839,0.9683,2200,46,26,2246,2226,ok,2246,7580.25,0,0.9873,0.5748,0.2597,0.0327,0.18,0.1701,18225.0,0.4159,1,1.0,1,0.2333,340.18,315.0,180.91,80.25,670.0,RAS
s1059,lung_upper_lobe_left,1,0.9913,0.9827,49873,524,355,50397,50228,ok,50397,170089.88,0,0.3485,0.3947,0.0711,0.2327,0.54,0.2245,514218.38,0.3308,1,1.0,1,0.0591,-687.08,-728.0,127.89,-813.0,-398.0,RAS
s1059,lung_upper_lobe_right,1,0.9933,0.9866,44324,444,157,44768,44481,ok,44768,151092.0,0,0.7041,0.4029,0.0639,0.2327,0.5267,0.2109,471126.38,0.3207,1,1.0,1,0.0686,-710.86,-746.0,119.84,-830.0,-441.0,RAS
s1059,rib_left_1,1,0.973,0.9475,4494,38,211,4532,4705,ok,4532,15295.5,0,0.3555,0.4831,0.1695,0.1224,0.44,0.2789,273982.5,0.0558,1,1.0,0,0.0,476.3,450.0,248.04,128.0,941.9,RAS
s1059,rib_left_2,1,0.9821,0.9647,4762,47,127,4809,4889,ok,4809,16230.38,0,0.2967,0.3858,0.1273,0.2122,0.5067,0.2585,506844.0,0.032,1,1.0,1,0.0227,406.21,381.0,203.42,105.0,779.0,RAS
s1059,rib_left_3,1,0.9597,0.9225,2962,218,31,3180,2993,ok,3180,10732.5,0,0.3169,0.2269,0.0826,0.2408,0.2667,0.1565,183195.0,0.0586,1,1.0,1,0.0292,386.54,350.0,227.3,59.85,818.05,RAS
s1059,rib_left_4,0,0.9109,0.8365,1028,200,1,1228,1029,ok,1228,4144.5,0,0.3777,0.155,0.019,0.1469,0.12,0.0612,19683.0,0.2106,1,1.0,1,0.1482,395.83,384.0,180.53,90.7,713.0,RAS
s1059,rib_right_1,1,0.9644,0.9312,4929,83,281,5012,5210,ok,5012,16915.5,0,0.6994,0.4814,0.163,0.1388,0.4333,0.2721,298350.0,0.0567,1,1.0,0,0.0,484.41,453.0,255.8,120.0,953.0,RAS
s1059,rib_right_2,1,0.9808,0.9623,4948,99,95,5047,5043,ok,5047,17033.62,0,0.7616,0.3505,0.1112,0.2204,0.5,0.2517,505743.75,0.0337,1,1.0,1,0.0341,463.49,445.0,222.81,131.0,872.0,RAS
s1059,rib_right_3,1,0.9668,0.9356,2239,127,27,2366,2266,ok,2366,7985.25,0,0.7204,0.1884,0.0702,0.2163,0.16,0.1565,98739.0,0.0809,2,0.9996,1,0.0423,381.76,363.0,211.68,50.25,769.0,RAS
s1059,rib_right_4,1,0.9705,0.9428,939,30,27,969,966,ok,969,3270.38,0,0.6674,0.1712,0.0194,0.1061,0.12,0.068,15795.0,0.2071,1,1.0,1,0.161,473.08,459.0,227.86,84.4,871.6,RAS
s1059,scapula_left,1,0.9628,0.9284,32434,1249,1254,33683,33688,ok,33683,113680.12,0,0.1512,0.3274,0.2766,0.3184,0.5667,0.5374,1767723.75,0.0643,1,1.0,1,0.0078,412.65,329.0,310.6,36.0,1033.0,RAS
s1059,scapula_right,1,0.9747,0.9507,28873,871,625,29744,29498,ok,29744,100386.0,0,0.9103,0.3784,0.2333,0.2408,0.62,0.449,1222229.25,0.0821,1,1.0,1,0.0216,422.09,348.0,299.69,47.0,1019.0,RAS
s1059,skull,1,0.9779,0.9568,121496,4525,955,126021,122451,ok,126021,425320.88,0,0.5189,0.5091,0.872,0.3918,0.9267,0.3878,2567052.0,0.1657,1,1.0,1,0.0313,694.69,632.0,516.13,27.0,1509.0,RAS
s1059,spinal_cord,1,0.9536,0.9113,8011,393,387,8404,8398,ok,8404,28363.5,0,0.5275,0.3348,0.4422,0.0612,0.1933,0.8503,183515.62,0.1546,1,1.0,1,0.0069,-3.2,11.0,69.85,-144.0,91.0,RAS
s1059,sternum,1,0.971,0.9436,9329,378,180,9707,9509,ok,9707,32761.12,0,0.5259,0.692,0.0806,0.1673,0.18,0.1769,97139.25,0.3373,1,1.0,1,0.0284,213.07,188.0,140.73,41.0,470.0,RAS
s1059,subclavian_artery_left,0,0.9193,0.8507,3214,281,283,3495,3497,ok,3495,11795.62,0,0.4117,0.4529,0.161,0.2327,0.1333,0.2381,134662.5,0.0876,1,1.0,0,0.0,61.61,55.0,58.54,-10.0,139.0,RAS
s1059,subclavian_artery_right,1,0.9474,0.9,3367,240,134,3607,3501,ok,3607,12173.62,0,0.668,0.4811,0.2074,0.2367,0.16,0.1973,136242.0,0.0894,1,1.0,0,0.0,57.19,53.0,50.04,-5.0,124.0,RAS
s1059,thyroid_gland,1,0.9549,0.9136,5985,430,136,6415,6121,ok,6415,21650.62,0,0.5315,0.5411,0.2733,0.1796,0.1333,0.2177,95040.0,0.2278,2,0.5076,0,0.0,102.61,101.0,42.06,40.0,168.0,RAS
s1059,trachea,0,0.5747,0.4032,4371,109,6360,4480,10731,ok,4480,15120.0,0,0.5374,0.4999,0.1702,0.0612,0.1933,0.619,133599.38,0.1132,6,0.9138,1,0.0268,-721.0,-826.5,269.86,-999.0,-198.0,RAS
s1059,vertebrae_C1,0,0.9455,0.8966,4178,54,428,4232,4606,ok,4232,14283.0,0,0.523,0.4297,0.8194,0.2204,0.2133,0.102,87480.0,0.1633,1,1.0,0,0.0,614.9,572.0,298.58,210.0,1180.0,RAS
s1059,vertebrae_C2,1,0.9891,0.9783,6100,77,58,6177,6158,ok,6177,20847.38,0,0.5195,0.421,0.7529,0.1714,0.26,0.1769,143734.5,0.145,1,1.0,0,0.0,564.92,516.0,254.02,233.0,1071.0,RAS
s1059,vertebrae_C3,1,0.9874,0.9752,4949,80,46,5029,4995,ok,5029,16972.88,0,0.5204,0.4077,0.6699,0.1714,0.2333,0.1156,84341.25,0.2012,1,1.0,0,0.0,505.96,461.0,237.66,204.4,967.0,RAS
s1059,vertebrae_C4,1,0.9852,0.9708,4721,63,79,4784,4800,ok,4784,16146.0,0,0.5208,0.399,0.5917,0.1673,0.24,0.1224,89667.0,0.1801,1,1.0,0,0.0,574.63,527.0,246.26,246.0,1056.55,RAS
s1059,vertebrae_C5,1,0.9825,0.9657,5033,127,52,5160,5085,ok,5160,17415.0,0,0.5238,0.3849,0.5155,0.1673,0.2467,0.1361,102397.5,0.1701,1,1.0,0,0.0,517.87,479.0,234.19,201.0,961.0,RAS
s1059,vertebrae_C6,1,0.9831,0.9668,5417,141,45,5558,5462,ok,5558,18758.25,0,0.5235,0.3575,0.4396,0.1673,0.2933,0.1361,121770.0,0.154,1,1.0,0,0.0,465.61,428.0,230.67,145.0,884.15,RAS
s1059,vertebrae_C7,1,0.9822,0.9651,6824,154,93,6978,6917,ok,6978,23550.75,0,0.5311,0.3285,0.3604,0.2082,0.32,0.1361,165240.0,0.1425,1,1.0,0,0.0,393.71,354.0,229.88,65.0,823.0,RAS
s1059,vertebrae_T1,1,0.984,0.9686,8665,209,72,8874,8737,ok,8874,29949.75,0,0.5323,0.3084,0.2755,0.2204,0.34,0.1497,204484.5,0.1465,1,1.0,0,0.0,390.52,349.0,236.47,58.0,849.35,RAS
s1059,vertebrae_T2,1,0.9867,0.9737,8800,146,92,8946,8892,ok,8946,30192.75,0,0.5342,0.2873,0.1801,0.2,0.34,0.1497,185550.75,0.1627,1,1.0,0,0.0,387.0,344.0,214.65,87.0,802.0,RAS
s1059,vertebrae_T3,1,0.9843,0.969,8137,163,97,8300,8234,ok,8300,28012.5,0,0.5327,0.2725,0.0807,0.1796,0.34,0.1701,189337.5,0.148,2,0.9999,1,0.0034,425.75,403.0,212.13,102.0,814.0,RAS
s1059,vertebrae_T4,1,0.9602,0.9235,3004,240,9,3244,3013,ok,3244,10948.5,0,0.5328,0.248,0.0175,0.1796,0.26,0.068,57915.0,0.189,1,1.0,1,0.2155,403.32,367.0,234.28,91.0,848.85,RAS
s1161,adrenal_gland_left,1,0.9589,0.9211,2066,98,79,2164,2145,ok,2164,7303.5,0,0.4535,0.4025,0.3207,0.0511,0.0958,0.0643,56700.0,0.1288,1,1.0,0,0.0,51.22,55.0,28.62,-2.0,90.0,RAS
s1161,adrenal_gland_right,1,0.9607,0.9243,2125,98,76,2223,2201,ok,2223,7502.62,0,0.6025,0.4273,0.3473,0.0607,0.0895,0.0607,59251.5,0.1266,1,1.0,0,0.0,59.47,64.0,31.76,1.0,104.0,RAS
s1161,aorta,1,0.9884,0.977,69273,615,1015,69888,70288,ok,69888,235872.0,0,0.4782,0.4404,0.4541,0.1438,0.246,0.4357,2771567.0,0.0851,1,1.0,0,0.0,146.97,153.0,65.81,60.0,185.0,RAS
s1161,atrial_appendage_left,1,0.9499,0.9046,1479,123,33,1602,1512,ok,1602,5406.75,0,0.4053,0.4499,0.509,0.0735,0.0479,0.0239,15136.88,0.3572,1,1.0,0,0.0,92.71,92.5,39.55,28.0,157.0,RAS
s1161,autochthon_left,1,0.9813,0.9632,206170,3244,4630,209414,210800,ok,209414,706772.25,0,0.487,0.2705,0.3149,0.1725,0.2141,0.6526,4334816.0,0.163,1,1.0,0,0.0,11.95,18.0,35.64,-60.0,60.0,RAS
s1161,autochthon_right,1,0.9744,0.9501,198174,6413,4000,204587,202174,ok,204587,690481.12,0,0.6325,0.2908,0.3201,0.2492,0.1853,0.6471,5374512.0,0.1285,1,1.0,0,0.0,5.66,12.0,36.41,-68.0,54.0,RAS
s1161,brachiocephalic_trunk,0,0.9409,0.8884,1950,68,177,2018,2127,ok,2018,6810.75,0,0.4894,0.5117,0.61,0.0799,0.0575,0.0441,36450.0,0.1869,1,1.0,0,0.0,128.99,128.0,44.89,57.85,194.0,RAS
s1161,brachiocephalic_vein_left,1,0.9633,0.9293,5084,244,143,5328,5227,ok,5328,17982.0,0,0.4602,0.53,0.6043,0.1214,0.0607,0.0662,87723.0,0.205,1,1.0,0,0.0,176.6,206.0,60.38,54.0,237.0,RAS
s1161,brachiocephalic_vein_right,1,0.9563,0.9162,2000,160,23,2160,2023,ok,2160,7290.0,0,0.5473,0.5289,0.6112,0.0607,0.0511,0.0515,28728.0,0.2538,1,1.0,0,0.0,144.48,159.5,51.72,46.0,207.0,RAS
s1161,brain,1,0.9906,0.9814,376545,2725,4394,379270,380939,ok,379270,1280036.25,0,0.5245,0.5021,0.8817,0.262,0.361,0.1728,2939638.5,0.4354,1,1.0,0,0.0,48.59,46.0,22.39,26.0,73.0,RAS
s1161,clavicula_left,1,0.9862,0.9728,9226,136,122,9362,9348,ok,9362,31596.75,0,0.3363,0.4976,0.6951,0.2396,0.2013,0.1324,1148175.0,0.0275,2,0.998,0,0.0,438.97,336.0,375.41,-25.0,1151.0,RAS
s1161,clavicula_right,0,0.9063,0.8286,12231,2026,504,14257,12735,ok,14257,48117.38,0,0.6412,0.5713,0.6607,0.2939,0.2013,0.0974,1036759.5,0.0464,1,1.0,0,0.0,494.75,442.0,334.57,-4.0,1118.0,RAS
s1161,colon,1,0.961,0.925,373314,19046,11241,392360,384555,ok,392360,1324215.0,0,0.5601,0.5869,0.1997,0.6422,0.4888,0.3327,18786238.0,0.0705,6,0.9636,1,0.0008,-88.99,8.0,267.4,-932.0,76.0,RAS
s1161,common_carotid_artery_left,0,0.9282,0.866,1907,112,183,2019,2090,ok,2019,6814.12,0,0.4388,0.4906,0.6552,0.0511,0.0639,0.1379,81000.0,0.0841,1,1.0,0,0.0,113.63,113.0,66.39,2.9,207.0,RAS
s1161,common_carotid_artery_right,0,0.8687,0.7678,1475,302,144,1777,1619,ok,1777,5997.38,0,0.5478,0.5213,0.6715,0.0767,0.0639,0.114,100440.0,0.0597,2,0.9313,0,0.0,147.65,151.0,42.92,76.0,211.0,RAS
s1161,costal_cartilages,1,0.9559,0.9155,47545,2806,1584,50351,49129,ok,50351,169934.62,0,0.4775,0.6784,0.4428,0.6933,0.2812,0.3732,13083147.0,0.013,22,0.3864,0,0.0,114.36,121.0,31.08,56.0,147.0,RAS
s1161,duodenum,0,0.9426,0.8914,27183,1519,1794,28702,28977,ok,28702,96869.25,0,0.559,0.5235,0.2451,0.23,0.131,0.1489,807003.0,0.12,1,1.0,0,0.0,68.73,73.0,29.15,17.0,109.0,RAS
s1161,esophagus,1,0.9614,0.9258,28692,1494,807,30186,29499,ok,30186,101877.75,0,0.5042,0.426,0.511,0.0863,0.115,0.2904,518319.0,0.1966,1,1.0,0,0.0,15.95,47.0,155.79,-103.0,85.0,RAS
s1161,femur_left,0,0.2528,0.1447,392,132,2185,524,2577,low_dice,524,1768.5,0,0.3592,0.4018,0.0016,0.0703,0.0703,0.0092,8167.5,0.2165,2,0.9943,1,0.4218,1009.13,768.5,914.68,64.45,3040.85,RAS
s1161,gallbladder,1,0.9701,0.9419,8488,142,382,8630,8870,ok,8630,29126.25,0,0.6858,0.5941,0.3187,0.0958,0.115,0.0533,105705.0,0.2755,1,1.0,0,0.0,25.59,24.0,18.71,-1.0,60.0,RAS
s1161,gluteus_maximus_left,1,0.9526,0.9096,98890,6191,3640,105081,102530,ok,105081,354648.38,0,0.3316,0.2762,0.0665,0.5112,0.1661,0.7077,10810800.0,0.0328,2,0.9634,1,0.0231,-8.53,-6.0,29.64,-61.0,38.0,RAS
s1161,gluteus_maximus_right,1,0.9726,0.9467,98601,1037,4518,99638,103119,ok,99638,336278.25,0,0.7981,0.3173,0.0425,0.3291,0.1917,0.1195,1355737.5,0.248,1,1.0,1,0.0239,0.57,2.0,27.7,-49.0,43.0,RAS
s1161,gluteus_medius_left,1,0.9683,0.9386,74425,2399,2469,76824,76894,ok,76824,259281.0,0,0.3071,0.387,0.0622,0.2013,0.1981,0.1379,988706.25,0.2622,1,1.0,1,0.0054,21.72,30.0,36.91,-51.0,68.0,RAS
s1161,gluteus_medius_right,1,0.9754,0.9521,65215,1921,1363,67136,66578,ok,67136,226584.0,0,0.8078,0.4278,0.0598,0.1917,0.2141,0.1397,1031130.0,0.2197,1,1.0,1,0.0134,30.9,38.0,33.44,-36.0,73.0,RAS
s1161,gluteus_minimus_left,1,0.9477,0.9006,12622,400,993,13022,13615,ok,13022,43949.25,0,0.3067,0.4458,0.03,0.115,0.1534,0.068,215784.0,0.2037,2,0.9999,1,0.019,-10.81,-7.0,42.05,-85.0,48.0,RAS
s1161,gluteus_minimus_right,1,0.9733,0.948,16924,852,76,17776,17000,ok,17776,59994.0,0,0.7985,0.4777,0.031,0.0958,0.1725,0.0809,240570.0,0.2494,1,1.0,1,0.0298,44.74,51.0,30.91,-18.0,83.0,RAS
s1161,heart,1,0.968,0.938,197991,6392,6684,204383,204675,ok,204383,689792.62,0,0.4025,0.5219,0.4764,0.3706,0.3131,0.1397,2915892.0,0.2366,2,1.0,0,0.0,113.68,122.0,35.45,39.0,157.0,RAS
s1161,hip_left,1,0.9744,0.9501,73757,2632,1242,76389,74999,ok,76389,257812.88,0,0.3812,0.4049,0.0605,0.2332,0.2939,0.1471,1813320.0,0.1422,3,0.9999,1,0.0171,379.83,211.0,471.96,33.0,1104.0,RAS
s1161,hip_right,1,0.9914,0.9829,69846,891,325,70737,70171,ok,70737,238737.38,0,0.7324,0.435,0.0652,0.1981,0.3099,0.1489,1644077.25,0.1452,2,1.0,1,0.015,247.88,165.0,231.0,35.0,771.0,RAS
s1161,humerus_left,1,0.9864,0.9733,49172,592,759,49764,49931,ok,49764,167953.5,0,0.1123,0.4502,0.6524,0.2173,0.131,0.2188,1119730.5,0.15,1,1.0,1,0.0096,600.81,347.0,757.76,-34.0,2749.85,RAS
s1161,humerus_right,1,0.9905,0.9811,40486,296,483,40782,40969,ok,40782,137639.25,0,0.9046,0.4781,0.6104,0.1821,0.1661,0.3732,2030710.5,0.0678,2,0.9962,1,0.0145,322.77,178.0,386.59,-57.0,1136.0,RAS
s1161,iliac_artery_left,1,0.9833,0.9672,3535,55,65,3590,3600,ok,3590,12116.25,0,0.457,0.4937,0.0882,0.1278,0.0639,0.1673,245700.0,0.0493,1,1.0,1,0.01,131.27,140.0,56.7,41.0,176.0,RAS
s1161,iliac_artery_right,1,0.9685,0.9389,2997,149,46,3146,3043,ok,3146,10617.75,0,0.5986,0.5212,0.0897,0.1661,0.0447,0.1654,221130.0,0.048,1,1.0,1,0.0086,195.01,143.0,181.91,51.0,644.5,RAS
s1161,iliac_vena_left,1,0.9743,0.95,6514,193,150,6707,6664,ok,6707,22636.12,0,0.4771,0.4769,0.0769,0.1502,0.0831,0.1562,350561.25,0.0646,1,1.0,1,0.0101,81.68,84.0,29.54,26.0,125.0,RAS
s1161,iliac_vena_right,1,0.9676,0.9372,4310,220,69,4530,4379,ok,4530,15288.75,0,0.6139,0.4962,0.0771,0.115,0.0767,0.1507,239112.0,0.0639,1,1.0,1,0.0113,87.92,92.0,33.6,23.0,129.0,RAS
s1161,iliopsoas_left,0,0.9377,0.8827,46344,4124,2032,50468,48376,ok,50468,170329.5,0,0.4223,0.4251,0.1511,0.2045,0.2268,0.2904,2423088.0,0.0703,1,1.0,1,0.0012,0.08,0.0,44.23,-61.0,55.0,RAS
s1161,iliopsoas_right,1,0.9853,0.9711,87138,1542,1052,88680,88190,ok,88680,299295.0,0,0.68,0.4693,0.119,0.1981,0.2492,0.2868,2546154.0,0.1175,1,1.0,1,0.0057,50.8,55.0,25.33,2.0,80.0,RAS
s1161,inferior_vena_cava,1,0.976,0.9531,20147,661,331,20808,20478,ok,20808,70227.0,0,0.5636,0.4871,0.3229,0.099,0.0863,0.3107,477403.88,0.1471,1,1.0,0,0.0,99.79,102.0,29.89,49.0,143.0,RAS
s1161,kidney_left,1,0.9918,0.9837,57229,402,547,57631,57776,ok,57631,194504.62,0,0.3842,0.3739,0.2644,0.1565,0.1789,0.1379,694575.0,0.28,1,1.0,0,0.0,138.33,150.0,37.42,68.0,182.0,RAS
s1161,kidney_right,1,0.9923,0.9847,52546,444,375,52990,52921,ok,52990,178841.25,0,0.6936,0.4016,0.2778,0.1725,0.131,0.1379,560418.75,0.3191,1,1.0,0,0.0,135.04,144.0,33.84,72.0,176.0,RAS
s1161,liver,1,0.9946,0.9893,644212,3547,3400,647759,647612,ok,647759,2186186.5,0,0.6679,0.5424,0.366,0.508,0.4409,0.2132,8590293.0,0.2545,1,1.0,0,0.0,99.68,101.0,17.32,73.0,121.0,RAS
s1161,lung_lower_lobe_left,1,0.9861,0.9725,180175,2203,2894,182378,183069,ok,182378,615525.75,0,0.3797,0.3274,0.447,0.4952,0.4441,0.2188,8653011.0,0.0711,6,0.9999,1,0.0001,-604.71,-687.0,225.67,-830.0,-112.0,RAS
s1161,lung_lower_lobe_right,1,0.9911,0.9824,235661,1567,2651,237228,238312,ok,237228,800644.5,0,0.6848,0.4021,0.457,0.3035,0.3387,0.1857,3432611.25,0.2332,1,1.0,0,0.0,-688.86,-765.0,202.21,-878.0,-263.0,RAS
s1161,lung_middle_lobe_right,1,0.9771,0.9551,114256,2691,2676,116947,116932,ok,116947,394696.12,0,0.6446,0.5852,0.476,0.3642,0.2524,0.0901,1489367.25,0.265,4,1.0,0,0.0,-803.45,-853.0,146.89,-914.0,-489.0,RAS
s1161,lung_upper_lobe_left,1,0.9917,0.9835,250235,3048,1154,253283,251389,ok,253283,854830.12,0,0.3414,0.4336,0.5565,0.278,0.361,0.2555,4611968.0,0.1854,1,1.0,0,0.0,-718.5,-784.0,194.31,-906.0,-302.0,RAS
s1161,lung_upper_lobe_right,1,0.9887,0.9776,338907,4630,3150,343537,342057,ok,343537,1159437.38,0,0.6314,0.4942,0.5576,0.3738,0.3738,0.1691,4250434.5,0.2728,5,1.0,0,0.0,-780.8,-837.0,162.73,-916.0,-425.0,RAS
s1161,pancreas,0,0.9421,0.8905,21319,444,2178,21763,23497,ok,21763,73450.12,0,0.505,0.5218,0.2972,0.2556,0.1789,0.1103,907200.0,0.081,1,1.0,0,0.0,80.13,86.0,28.39,24.0,117.0,RAS
s1161,portal_vein_and_splenic_vein,0,0.9351,0.8781,10334,805,630,11139,10964,ok,11139,37594.12,0,0.5475,0.5187,0.3366,0.3962,0.2812,0.0919,1841400.0,0.0204,3,0.9939,0,0.0,135.91,146.0,34.32,65.9,176.0,RAS
s1161,pulmonary_vein,1,0.9653,0.933,6874,244,250,7118,7124,ok,7118,24023.25,0,0.4768,0.4312,0.4985,0.2588,0.1853,0.0735,634230.0,0.0379,5,0.3042,0,0.0,125.39,136.0,45.75,38.0,179.0,RAS
s1161,rib_left_1,1,0.9685,0.9389,2703,4,172,2707,2875,ok,2707,9136.12,0,0.3732,0.4603,0.6358,0.0863,0.2109,0.057,186441.75,0.049,1,1.0,0,0.0,333.15,313.0,172.83,100.3,656.8,RAS
s1161,rib_left_10,0,0.9404,0.8876,5045,337,302,5382,5347,ok,5382,18164.25,0,0.3182,0.3021,0.3281,0.3099,0.2492,0.182,2527989.75,0.0072,2,0.9424,0,0.0,385.9,349.0,212.64,96.0,807.0,RAS
s1161,rib_left_11,1,0.9639,0.9302,3253,177,67,3430,3320,ok,3430,11576.25,0,0.3754,0.2865,0.2962,0.2428,0.1534,0.1636,1095768.0,0.0106,3,0.9574,0,0.0,343.86,319.5,177.94,88.45,682.0,RAS
s1161,rib_left_12,1,0.9755,0.9521,497,6,19,503,516,ok,503,1697.62,0,0.4711,0.2822,0.2963,0.0799,0.0319,0.0312,14343.75,0.1184,1,1.0,0,0.0,291.4,289.0,134.31,60.1,537.9,RAS
s1161,rib_left_2,1,0.9819,0.9645,4724,14,160,4738,4884,ok,4738,15990.75,0,0.3389,0.4383,0.6208,0.1342,0.2971,0.0588,421848.0,0.0379,2,0.9998,0,0.0,267.43,252.0,146.21,55.0,522.0,RAS
s1161,rib_left_3,1,0.9864,0.9732,6035,39,127,6074,6162,ok,6074,20499.75,0,0.3164,0.4225,0.5885,0.1821,0.361,0.0699,826058.25,0.0248,2,0.9998,0,0.0,224.1,216.0,131.98,21.0,448.0,RAS
s1161,rib_left_4,1,0.9787,0.9583,8035,68,282,8103,8317,ok,8103,27347.62,0,0.2942,0.415,0.5514,0.2109,0.3962,0.0772,1160082.0,0.0236,2,0.9996,0,0.0,292.93,268.0,180.26,45.0,632.0,RAS
s1161,rib_left_5,1,0.9828,0.9661,8556,74,226,8630,8782,ok,8630,29126.25,0,0.2791,0.4143,0.5163,0.2364,0.4217,0.0846,1516482.0,0.0192,15,0.9976,0,0.0,274.09,252.0,166.08,47.0,600.0,RAS
s1161,rib_left_6,1,0.9834,0.9673,8507,73,215,8580,8722,ok,8580,28957.5,0,0.2695,0.4027,0.4751,0.2556,0.4026,0.114,2109240.0,0.0137,3,0.9997,0,0.0,278.2,241.0,188.05,33.0,633.0,RAS
s1161,rib_left_7,1,0.9615,0.9258,7785,21,603,7806,8388,ok,7806,26345.25,0,0.2567,0.3884,0.4368,0.2524,0.3898,0.1379,2439618.75,0.0108,1,1.0,0,0.0,326.86,284.0,210.46,47.25,729.75,RAS
s1161,rib_left_8,0,0.9257,0.8617,6428,424,608,6852,7036,ok,6852,23125.5,0,0.2819,0.3439,0.4078,0.2875,0.3546,0.182,3337908.75,0.0069,2,0.9216,0,0.0,344.72,319.0,211.7,50.0,734.0,RAS
s1161,rib_left_9,0,0.9299,0.869,6596,471,523,7067,7119,ok,7067,23851.12,0,0.3007,0.318,0.3712,0.3099,0.3195,0.1746,3110062.5,0.0077,3,0.9242,0,0.0,383.37,365.0,230.43,62.0,802.0,RAS
s1161,rib_right_1,1,0.9896,0.9794,3617,20,56,3637,3673,ok,3637,12274.88,0,0.6112,0.4829,0.6391,0.0927,0.2077,0.0625,216303.75,0.0567,1,1.0,0,0.0,311.55,277.0,177.79,91.0,687.2,RAS
s1161,rib_right_10,1,0.9869,0.9742,5133,58,78,5191,5211,ok,5191,17519.62,0,0.7943,0.3626,0.3497,0.2396,0.2907,0.1342,1681509.38,0.0104,1,1.0,0,0.0,417.25,375.0,216.13,141.0,854.5,RAS
s1161,rib_right_11,1,0.9861,0.9725,3223,14,77,3237,3300,ok,3237,10924.88,0,0.7678,0.332,0.3132,0.2173,0.1821,0.1011,719482.5,0.0152,3,0.9994,0,0.0,362.83,336.0,143.38,169.0,632.2,RAS
s1161,rib_right_12,1,0.9739,0.9491,410,11,11,421,421,ok,421,1420.88,0,0.6732,0.3055,0.2986,0.1597,0.0671,0.0901,173643.75,0.0082,6,0.9834,0,0.0,300.91,290.0,97.97,160.0,493.0,RAS
s1161,rib_right_2,1,0.9882,0.9767,4365,32,72,4397,4437,ok,4397,14839.88,0,0.6545,0.4757,0.6217,0.1342,0.2812,0.0735,498960.0,0.0297,1,1.0,0,0.0,277.74,247.0,169.33,52.0,608.2,RAS
s1161,rib_right_3,1,0.987,0.9744,5813,79,74,5892,5887,ok,5892,19885.5,0,0.6848,0.4673,0.5932,0.1502,0.3291,0.079,702550.12,0.0283,1,1.0,0,0.0,314.58,268.0,201.3,51.55,692.0,RAS
s1161,rib_right_4,1,0.9883,0.9768,7172,66,104,7238,7276,ok,7238,24428.25,0,0.7207,0.468,0.5625,0.1725,0.3706,0.0882,1014768.0,0.0241,4,0.9983,0,0.0,292.27,263.5,204.65,15.0,666.15,RAS
s1161,rib_right_5,1,0.9875,0.9753,7787,96,101,7883,7888,ok,7883,26605.12,0,0.7386,0.4657,0.53,0.1949,0.4089,0.1103,1581120.0,0.0168,5,0.9991,0,0.0,237.45,213.0,168.33,4.0,551.0,RAS
s1161,rib_right_6,1,0.9859,0.9722,8878,152,102,9030,8980,ok,9030,30476.25,0,0.758,0.4539,0.4983,0.1981,0.4121,0.1232,1808547.75,0.0169,4,0.9997,0,0.0,278.05,238.0,202.34,19.0,657.0,RAS
s1161,rib_right_7,1,0.9851,0.9706,8836,72,196,8908,9032,ok,8908,30064.5,0,0.7702,0.4333,0.4619,0.2109,0.4153,0.1452,2287642.5,0.0131,1,1.0,0,0.0,324.04,281.0,206.5,53.35,730.0,RAS
s1161,rib_right_8,1,0.984,0.9684,7611,104,144,7715,7755,ok,7715,26038.12,0,0.7862,0.4259,0.4206,0.23,0.393,0.1636,2660121.0,0.0098,3,0.9994,0,0.0,359.54,329.0,225.6,46.7,784.0,RAS
s1161,rib_right_9,1,0.983,0.9666,6243,115,101,6358,6344,ok,6358,21458.25,0,0.7882,0.3969,0.3875,0.2364,0.3642,0.1654,2562435.0,0.0084,2,0.989,0,0.0,384.45,361.0,224.37,67.85,800.0,RAS
s1161,sacrum,1,0.9703,0.9422,44872,712,2039,45584,46911,ok,45584,153846.0,0,0.5653,0.3455,0.0658,0.2556,0.1981,0.1176,1071360.0,0.1436,27,0.9991,1,0.0028,146.09,107.0,154.16,-16.0,432.0,RAS
s1161,scapula_left,1,0.9655,0.9333,38688,1648,1115,40336,39803,ok,40336,136134.0,0,0.2488,0.343,0.6646,0.2524,0.2364,0.2647,2841156.0,0.0479,4,0.9999,0,0.0,297.97,250.0,228.6,19.0,755.0,RAS
s1161,scapula_right,1,0.9712,0.944,33089,604,1358,33693,34447,ok,33693,113713.88,0,0.7885,0.3805,0.6431,0.23,0.278,0.193,2219805.0,0.0512,2,1.0,0,0.0,323.44,271.0,239.12,41.0,815.0,RAS
s1161,skull,1,0.9761,0.9533,245935,2677,9362,248612,255297,ok,248612,839065.5,0,0.5245,0.5268,0.8632,0.3035,0.6677,0.818,29819728.0,0.0281,7,0.9999,0,0.0,599.41,589.0,411.47,33.0,1268.0,RAS
s1161,small_bowel,1,0.9626,0.9279,444195,11847,22645,456042,466840,ok,456042,1539141.75,0,0.4634,0.6241,0.1664,0.5559,0.3706,0.2739,10150029.0,0.1516,27,0.9991,0,0.0,-38.4,32.0,220.45,-606.0,101.0,RAS
s1161,spinal_cord,1,0.9712,0.944,27015,894,708,27909,27723,ok,27909,94192.88,0,0.5356,0.3609,0.4557,0.1086,0.2204,0.704,3032498.25,0.0311,1,1.0,0,0.0,22.1,25.0,31.0,-30.0,63.0,RAS
s1161,spleen,1,0.9935,0.9871,97002,533,730,97535,97732,ok,97535,329180.62,0,0.3058,0.3605,0.3504,0.2173,0.1917,0.1434,1074060.0,0.3065,1,1.0,0,0.0,105.65,109.0,19.53,68.0,127.0,RAS
s1161,sternum,1,0.9536,0.9114,20583,432,1570,21015,22153,ok,21015,70925.62,0,0.4869,0.6336,0.5699,0.1246,0.1725,0.2188,845822.25,0.0839,1,1.0,0,0.0,201.17,178.0,145.06,15.0,466.0,RAS
s1161,stomach,1,0.987,0.9744,408320,4235,6484,412555,414804,ok,412555,1392373.12,0,0.3945,0.5745,0.3459,0.4026,0.3962,0.1618,4640328.0,0.3001,1,1.0,0,0.0,28.43,25.0,38.64,2.0,80.0,RAS
s1161,subclavian_artery_left,0,0.9251,0.8607,2638,170,257,2808,2895,ok,2808,9477.0,0,0.4073,0.4525,0.6364,0.1725,0.0671,0.068,141608.25,0.0669,1,1.0,0,0.0,122.38,133.0,53.91,27.0,196.65,RAS
s1161,subclavian_artery_right,0,0.9353,0.8785,2632,215,149,2847,2781,ok,2847,9608.62,0,0.5998,0.506,0.6465,0.2013,0.0639,0.0496,114817.5,0.0837,2,0.98,0,0.0,124.91,132.0,48.45,33.0,190.0,RAS
s1161,superior_vena_cava,1,0.9673,0.9367,7817,107,421,7924,8238,ok,7924,26743.5,0,0.5285,0.5127,0.5481,0.0639,0.0671,0.0864,66622.5,0.4014,1,1.0,0,0.0,153.68,165.0,42.52,63.0,206.0,RAS
s1161,thyroid_gland,1,0.9593,0.9217,7209,238,374,7447,7583,ok,7447,25133.62,0,0.4968,0.5286,0.6711,0.147,0.0831,0.0643,141277.5,0.1779,1,1.0,0,0.0,123.34,128.0,27.23,71.0,160.0,RAS
s1161,trachea,1,0.95,0.9047,8447,507,383,8954,8830,ok,8954,30219.75,0,0.4976,0.4709,0.6009,0.1661,0.1693,0.1912,967356.0,0.0312,2,0.9504,0,0.0,-757.27,-890.0,283.15,-1011.0,-201.0,RAS
s1161,urinary_bladder,1,0.9897,0.9796,77357,671,937,78028,78294,ok,78028,263344.5,0,0.5615,0.5091,0.0176,0.2077,0.2939,0.0515,565110.0,0.466,1,1.0,1,0.055,4.63,6.0,18.3,-25.0,29.0,RAS
s1161,vertebrae_C1,0,0.9433,0.8926,3848,66,397,3914,4245,ok,3914,13209.75,0,0.5081,0.502,0.7801,0.1757,0.1022,0.0294,95040.0,0.139,4,0.9959,0,0.0,488.64,436.0,275.38,147.0,1045.35,RAS
s1161,vertebrae_C2,1,0.9862,0.9729,5558,63,92,5621,5650,ok,5621,18970.88,0,0.5016,0.4898,0.7606,0.1118,0.1118,0.0533,119896.88,0.1582,1,1.0,0,0.0,400.76,347.0,226.44,134.0,884.0,RAS
s1161,vertebrae_C3,1,0.9789,0.9587,3739,21,140,3760,3879,ok,3760,12690.0,0,0.5017,0.4834,0.738,0.1118,0.0927,0.0349,65086.88,0.195,2,0.9976,0,0.0,383.8,339.0,186.77,160.0,757.05,RAS
s1161,vertebrae_C4,1,0.9819,0.9644,3654,22,113,3676,3767,ok,3676,12406.5,0,0.4984,0.4705,0.7191,0.1214,0.0958,0.0349,73102.5,0.1697,1,1.0,0,0.0,373.65,329.0,183.23,166.0,740.75,RAS
s1161,vertebrae_C5,1,0.984,0.9685,3664,19,100,3683,3764,ok,3683,12430.12,0,0.494,0.453,0.7016,0.1214,0.0927,0.0368,74385.0,0.1671,2,0.9997,0,0.0,353.69,317.0,179.06,152.0,715.9,RAS
s1161,vertebrae_C6,1,0.9754,0.952,3849,23,171,3872,4020,ok,3872,13068.0,0,0.493,0.433,0.6847,0.1182,0.1054,0.0423,94780.12,0.1379,3,0.9992,0,0.0,324.77,284.0,165.85,134.0,662.45,RAS
s1161,vertebrae_C7,1,0.953,0.9101,5166,36,474,5202,5640,ok,5202,17556.75,0,0.4955,0.4094,0.6681,0.1565,0.115,0.0404,130977.0,0.134,1,1.0,0,0.0,290.81,252.0,162.96,92.05,608.95,RAS
s1161,vertebrae_L1,1,0.9904,0.981,17083,93,238,17176,17321,ok,17176,57969.0,0,0.5569,0.3503,0.2707,0.1502,0.1725,0.0754,351195.75,0.1651,2,0.9999,0,0.0,333.88,298.0,181.42,119.0,695.0,RAS
s1161,vertebrae_L2,1,0.9924,0.9849,18536,114,171,18650,18707,ok,18650,62943.75,0,0.5526,0.3771,0.2326,0.1565,0.1821,0.0864,443039.62,0.1421,1,1.0,0,0.0,294.15,235.0,207.32,74.0,727.0,RAS
s1161,vertebrae_L3,1,0.9938,0.9876,22107,80,198,22187,22305,ok,22187,74881.12,0,0.5458,0.4091,0.197,0.1981,0.1885,0.0754,506175.75,0.1479,2,0.9998,0,0.0,267.91,209.0,204.66,58.0,689.0,RAS
s1161,vertebrae_L4,1,0.9929,0.9859,19850,71,213,19921,20063,ok,19921,67233.38,0,0.5433,0.43,0.1568,0.1661,0.1853,0.0625,346086.0,0.1943,1,1.0,0,0.0,290.99,220.0,234.77,52.0,807.0,RAS
s1161,vertebrae_L5,1,0.9942,0.9885,19195,89,135,19284,19330,ok,19284,65083.5,0,0.5494,0.4277,0.1187,0.1917,0.1789,0.057,351540.0,0.1851,1,1.0,0,0.0,292.52,213.0,234.58,64.0,815.0,RAS
s1161,vertebrae_S1,1,0.9606,0.9243,12290,419,588,12709,12878,ok,12709,42892.88,0,0.5576,0.4019,0.086,0.1374,0.147,0.0533,193596.75,0.2216,2,0.9998,0,0.0,262.03,205.0,198.32,63.0,723.6,RAS
s1161,vertebrae_T1,0,0.9469,0.8992,6706,338,414,7044,7120,ok,7044,23773.5,0,0.4967,0.3786,0.6502,0.1725,0.1502,0.0643,299801.25,0.0793,2,0.9544,0,0.0,295.62,248.0,163.46,116.0,626.85,RAS
s1161,vertebrae_T10,1,0.9943,0.9887,12033,59,78,12092,12111,ok,12092,40810.5,0,0.5585,0.3168,0.3851,0.131,0.1629,0.0533,204656.62,0.1994,5,0.9997,0,0.0,255.13,219.0,148.32,95.0,552.0,RAS
s1161,vertebrae_T11,1,0.9932,0.9864,14332,41,156,14373,14488,ok,14373,48508.88,0,0.5585,0.3235,0.3492,0.115,0.1597,0.0607,200475.0,0.242,3,0.9998,0,0.0,232.32,196.0,139.26,86.0,500.4,RAS
s1161,vertebrae_T12,1,0.9905,0.9812,15881,20,284,15901,16165,ok,15901,53665.88,0,0.5586,0.3339,0.3101,0.115,0.1629,0.0607,204484.5,0.2624,1,1.0,0,0.0,242.01,206.0,147.75,84.0,532.0,RAS
s1161,vertebrae_T2,1,0.974,0.9494,6960,257,114,7217,7074,ok,7217,24357.38,0,0.5053,0.3563,0.6248,0.1565,0.1502,0.0662,279814.5,0.087,2,0.9676,0,0.0,275.11,234.0,152.72,97.8,578.0,RAS
s1161,vertebrae_T3,1,0.9794,0.9597,6887,48,241,6935,7128,ok,6935,23405.62,0,0.5137,0.3402,0.5969,0.1374,0.1502,0.0441,163701.0,0.143,4,0.9996,0,0.0,280.09,236.0,159.89,100.0,606.0,RAS
s1161,vertebrae_T4,1,0.9825,0.9656,7179,116,140,7295,7319,ok,7295,24620.62,0,0.5225,0.3325,0.5698,0.1342,0.1502,0.0496,179880.75,0.1369,2,0.9999,0,0.0,274.77,223.0,174.61,89.0,645.0,RAS
s1161,vertebrae_T5,1,0.9911,0.9824,8158,34,112,8192,8270,ok,8192,27648.0,0,0.5311,0.3271,0.5407,0.1406,0.1502,0.0551,209385.0,0.132,1,1.0,0,0.0,223.81,190.0,135.58,77.0,490.0,RAS
s1161,vertebrae_T6,1,0.992,0.9841,8771,81,61,8852,8832,ok,8852,29875.5,0,0.5393,0.3239,0.5105,0.147,0.1502,0.0607,240792.75,0.1241,1,1.0,0,0.0,221.5,187.5,133.28,75.0,481.45,RAS
s1161,vertebrae_T7,1,0.9936,0.9872,9747,73,53,9820,9800,ok,9820,33142.5,0,0.5445,0.3219,0.4794,0.147,0.1629,0.0607,261285.75,0.1268,1,1.0,0,0.0,227.11,195.0,139.83,74.95,506.0,RAS
s1161,vertebrae_T8,1,0.9952,0.9904,10428,58,43,10486,10471,ok,10486,35390.25,0,0.5496,0.3207,0.4482,0.1438,0.1661,0.0588,252720.0,0.14,1,1.0,0,0.0,232.16,195.0,144.99,72.0,522.0,RAS
s1161,vertebrae_T9,1,0.9939,0.9879,10994,38,97,11032,11091,ok,11032,37233.0,0,0.5541,0.3185,0.4165,0.1374,0.1629,0.0551,222041.25,0.1677,1,1.0,0,0.0,251.95,210.0,160.32,82.0,582.0,RAS
s1046,adrenal_gland_left,1,0.9554,0.9146,1156,78,30,1234,1186,ok,1234,4164.75,0,0.3978,0.4464,0.55,0.0522,0.12,0.0549,23814.0,0.1749,1,1.0,0,0.0,20.68,19.0,30.76,-27.35,71.35,RAS
s1046,adrenal_gland_right,1,0.9554,0.9147,879,25,57,904,936,ok,904,3051.0,0,0.6008,0.4145,0.5649,0.0597,0.1257,0.0343,17820.0,0.1712,1,1.0,0,0.0,23.16,25.0,29.35,-27.85,68.85,RAS
s1046,aorta,1,0.9856,0.9716,90009,1285,1342,91294,91351,ok,91294,308117.25,0,0.4699,0.4769,0.7158,0.1903,0.4343,0.5355,3061071.0,0.1007,1,1.0,0,0.0,117.52,126.0,27.22,56.0,141.0,RAS
s1046,atrial_appendage_left,1,0.9616,0.926,2426,166,28,2592,2454,ok,2592,8748.0,0,0.3953,0.5393,0.7653,0.1007,0.1257,0.0343,30071.25,0.2909,1,1.0,0,0.0,84.46,86.0,33.43,30.0,137.0,RAS
s1046,autochthon_left,1,0.9872,0.9748,151160,1830,2076,152990,153236,ok,152990,516341.25,0,0.4232,0.122,0.5613,0.209,0.3086,0.7483,3337362.0,0.1547,1,1.0,0,0.0,40.29,50.0,32.14,-26.0,71.0,RAS
s1046,autochthon_right,1,0.9856,0.9716,154104,2693,1805,156797,155909,ok,156797,529189.88,0,0.5832,0.1224,0.56,0.2015,0.3143,0.7368,3227647.5,0.164,1,1.0,0,0.0,38.11,48.0,34.65,-30.0,71.0,RAS
s1046,brachiocephalic_trunk,0,0.9371,0.8816,1333,153,26,1486,1359,ok,1486,5015.25,0,0.5056,0.6197,0.8963,0.0784,0.0971,0.0412,21687.75,0.2312,1,1.0,0,0.0,111.14,123.0,29.16,46.0,138.0,RAS
s1046,brachiocephalic_vein_left,1,0.9822,0.965,4106,110,39,4216,4145,ok,4216,14229.0,0,0.4717,0.6416,0.8892,0.1604,0.1486,0.0892,147156.75,0.0967,1,1.0,0,0.0,101.09,114.0,34.59,28.0,133.0,RAS
s1046,brachiocephalic_vein_right,0,0.9289,0.8672,2174,263,70,2437,2244,ok,2437,8224.88,0,0.569,0.5939,0.8988,0.0746,0.0914,0.0641,30240.0,0.272,1,1.0,0,0.0,121.31,134.0,37.36,40.0,159.0,RAS
s1046,clavicula_left,1,0.9854,0.9712,10515,255,57,10770,10572,ok,10770,36348.75,0,0.3316,0.536,0.9556,0.2836,0.4514,0.087,770013.0,0.0472,1,1.0,0,0.0,405.38,364.0,283.82,14.45,946.55,RAS
s1046,clavicula_right,1,0.9744,0.9502,10428,58,489,10486,10917,ok,10486,35390.25,0,0.6381,0.5661,0.9513,0.25,0.4343,0.0847,635863.5,0.0557,1,1.0,0,0.0,429.52,373.0,318.37,0.0,1037.0,RAS
s1046,colon,1,0.9527,0.9098,218870,10870,10839,229740,229709,ok,229740,775372.5,0,0.4836,0.6601,0.4343,0.6791,0.6629,0.5469,17029468.0,0.0455,2,0.9041,0,0.0,-331.81,-125.0,391.0,-1003.0,55.0,RAS
s1046,common_carotid_artery_left,1,0.9707,0.9431,1243,59,16,1302,1259,ok,1302,4394.25,0,0.4491,0.566,0.9326,0.0597,0.0857,0.0984,34830.0,0.1262,1,1.0,0,0.0,90.45,101.0,34.54,24.05,132.0,RAS
s1046,common_carotid_artery_right,0,0.9311,0.8712,764,87,26,851,790,ok,851,2872.12,0,0.5553,0.5649,0.9421,0.056,0.0629,0.0755,18376.88,0.1563,2,0.9988,0,0.0,99.02,105.0,25.96,47.0,131.0,RAS
s1046,costal_cartilages,0,0.9442,0.8943,54857,4290,2197,59147,57054,ok,59147,199621.12,0,0.4938,0.8346,0.6507,0.7425,0.5829,0.4691,14043679.0,0.0142,16,0.3992,0,0.0,111.51,109.0,45.61,59.0,171.0,RAS
s1046,duodenum,1,0.9593,0.9218,16785,835,589,17620,17374,ok,17620,59467.5,0,0.5052,0.5862,0.4654,0.2239,0.1771,0.135,370372.5,0.1606,1,1.0,0,0.0,-50.98,54.0,247.73,-730.0,83.0,RAS
s1046,esophagus,1,0.9734,0.9481,12358,524,152,12882,12510,ok,12882,43476.75,0,0.4791,0.4384,0.7656,0.0858,0.2,0.3547,421115.62,0.1032,1,1.0,0,0.0,-12.64,36.0,154.06,-339.95,76.0,RAS
s1046,femur_left,1,0.97,0.9418,56054,1122,2343,57176,58397,ok,57176,192969.0,0,0.2044,0.4143,0.1097,0.25,0.2343,0.1785,723147.75,0.2668,4,0.9999,0,0.0,1185.65,671.0,1158.75,52.0,3072.0,RAS
s1046,femur_right,1,0.9887,0.9777,61689,604,801,62293,62490,ok,62293,210238.88,0,0.7813,0.3985,0.1018,0.2351,0.2743,0.1693,755244.0,0.2784,1,1.0,0,0.0,338.32,261.0,302.67,7.0,1025.0,RAS
s1046,gallbladder,1,0.9847,0.9698,9529,182,115,9711,9644,ok,9711,32774.62,0,0.6679,0.654,0.5014,0.1007,0.1886,0.0709,93220.88,0.3516,1,1.0,0,0.0,12.16,13.0,14.72,-13.0,32.0,RAS
s1046,gluteus_maximus_left,1,0.9841,0.9688,185092,2982,2986,188074,188078,ok,188074,634749.75,0,0.2796,0.1871,0.1474,0.3545,0.28,0.3066,2105223.75,0.3015,1,1.0,0,0.0,45.39,48.0,21.98,6.0,76.0,RAS
s1046,gluteus_maximus_right,1,0.9856,0.9716,183369,2162,3207,185531,186576,ok,185531,626167.12,0,0.7162,0.1766,0.1456,0.3619,0.2743,0.3135,2152818.0,0.2909,1,1.0,0,0.0,46.09,50.0,20.47,7.0,72.0,RAS
s1046,gluteus_medius_left,1,0.9793,0.9594,74685,1272,1890,75957,76575,ok,75957,256354.88,0,0.1818,0.36,0.2577,0.2463,0.4286,0.1831,1336500.0,0.1918,1,1.0,0,0.0,50.62,57.0,26.13,0.0,74.0,RAS
s1046,gluteus_medius_right,1,0.9826,0.9658,82118,900,2005,83018,84123,ok,83018,280185.75,0,0.8255,0.3555,0.2424,0.2388,0.3943,0.2265,1475496.0,0.1899,1,1.0,0,0.0,53.9,60.0,24.01,12.0,75.0,RAS
s1046,gluteus_minimus_left,1,0.9685,0.9389,19543,241,1030,19784,20573,ok,19784,66771.0,0,0.2089,0.4615,0.2284,0.1269,0.3029,0.1121,298005.75,0.2241,1,1.0,0,0.0,44.41,52.0,39.11,-25.0,80.0,RAS
s1046,gluteus_minimus_right,1,0.9754,0.952,20042,331,679,20373,20721,ok,20373,68758.88,0,0.7982,0.4463,0.2171,0.1381,0.2743,0.1442,377622.0,0.1821,1,1.0,0,0.0,39.5,44.0,46.36,-24.0,73.0,RAS
s1046,heart,1,0.9587,0.9207,194695,8198,8579,202893,203274,ok,202893,684763.88,0,0.4332,0.6171,0.7121,0.3918,0.44,0.2014,2401245.0,0.2852,1,1.0,0,0.0,107.82,115.0,24.2,61.0,135.0,RAS
s1046,hip_left,1,0.9842,0.9689,148386,3100,1662,151486,150048,ok,151486,511265.25,0,0.325,0.3877,0.2162,0.3545,0.6286,0.3387,5219775.0,0.0979,1,1.0,0,0.0,378.43,227.0,507.44,19.0,1103.0,RAS
s1046,hip_right,1,0.9913,0.9828,148436,1798,794,150234,149230,ok,150234,507039.75,0,0.6818,0.3886,0.2156,0.3694,0.6286,0.3341,5366047.5,0.0945,2,0.9999,0,0.0,305.57,236.0,256.87,13.0,838.0,RAS
s1046,humerus_left,1,0.9646,0.9316,14464,148,914,14612,15378,ok,14612,49315.5,0,0.1066,0.4096,0.9646,0.1194,0.2229,0.0549,101088.0,0.4878,1,1.0,0,0.0,191.96,187.0,142.65,-10.0,445.45,RAS
s1046,humerus_right,1,0.9717,0.945,13559,543,246,14102,13805,ok,14102,47594.25,0,0.8845,0.4078,0.9618,0.1194,0.2171,0.0526,94392.0,0.5042,1,1.0,0,0.0,187.7,182.0,180.82,-4.0,471.0,RAS
s1046,iliac_artery_left,0,0.9353,0.8785,8085,786,332,8871,8417,ok,8871,29939.62,0,0.3878,0.5477,0.2793,0.2463,0.2686,0.2517,1151617.5,0.026,1,1.0,0,0.0,110.11,117.0,34.71,55.0,139.0,RAS
s1046,iliac_artery_right,0,0.8803,0.7862,5934,408,1206,6342,7140,ok,6342,21404.25,0,0.6036,0.5715,0.245,0.2463,0.2057,0.2471,866052.0,0.0247,3,0.9987,0,0.0,111.57,117.0,30.97,63.0,138.0,RAS
s1046,iliac_vena_left,1,0.9582,0.9197,15609,446,917,16055,16526,ok,16055,54185.62,0,0.4046,0.5243,0.2494,0.2127,0.2857,0.2357,990731.25,0.0547,1,1.0,0,0.0,57.08,53.0,27.18,14.0,104.0,RAS
s1046,iliac_vena_right,1,0.9629,0.9284,9850,365,395,10215,10245,ok,10215,34475.62,0,0.6081,0.5351,0.2394,0.1866,0.2629,0.238,807300.0,0.0427,2,0.9997,0,0.0,87.85,93.0,20.03,47.0,111.0,RAS
s1046,iliopsoas_left,1,0.9818,0.9643,95165,1650,1876,96815,97041,ok,96815,326750.62,0,0.3232,0.4676,0.3091,0.2388,0.44,0.4508,3276504.0,0.0997,1,1.0,0,0.0,53.19,57.0,30.93,10.0,77.0,RAS
s1046,iliopsoas_right,1,0.9858,0.972,101786,1664,1264,103450,103050,ok,103450,349143.75,0,0.6776,0.4657,0.2978,0.2388,0.44,0.4943,3592512.0,0.0972,1,1.0,0,0.0,56.4,60.0,19.96,21.0,77.0,RAS
s1046,inferior_vena_cava,1,0.964,0.9304,26703,1294,703,27997,27406,ok,27997,94489.88,0,0.5623,0.5094,0.5211,0.097,0.1429,0.3593,344418.75,0.2743,1,1.0,0,0.0,98.07,99.0,21.13,58.0,133.0,RAS
s1046,kidney_left,1,0.9911,0.9823,44394,533,268,44927,44662,ok,44927,151628.62,0,0.2947,0.3282,0.5009,0.1866,0.2629,0.1487,504562.5,0.3005,1,1.0,0,0.0,134.6,144.0,35.51,56.0,176.0,RAS
s1046,kidney_right,1,0.9917,0.9835,40780,572,112,41352,40892,ok,41352,139563.0,0,0.6866,0.3133,0.4995,0.1679,0.2457,0.1487,424490.62,0.3288,1,1.0,0,0.0,136.01,145.0,35.67,57.0,178.0,RAS
s1046,liver,1,0.9936,0.9872,409825,2962,2342,412787,412167,ok,412787,1393156.12,0,0.6882,0.5631,0.56,0.5224,0.7029,0.27,6857865.0,0.2031,1,1.0,0,0.0,92.96,95.0,18.51,61.0,113.0,RAS
s1046,lung_lower_lobe_left,1,0.9961,0.9922,364536,1742,1121,366278,365657,ok,366278,1236188.25,0,0.292,0.3111,0.7148,0.3396,0.64,0.3318,4987710.0,0.2478,1,1.0,0,0.0,-772.64,-826.0,141.77,-874.0,-463.0,RAS
s1046,lung_lower_lobe_right,1,0.9962,0.9924,417494,1611,1578,419105,419072,ok,419105,1414479.38,0,0.6938,0.3379,0.6964,0.3694,0.72,0.286,5262469.0,0.2688,3,1.0,0,0.0,-783.82,-833.0,139.07,-879.0,-490.0,RAS
s1046,lung_middle_lobe_right,1,0.9915,0.9831,135651,998,1335,136649,136986,ok,136649,461190.38,0,0.6915,0.6721,0.7122,0.3172,0.4286,0.1716,1613671.88,0.2858,2,1.0,0,0.0,-822.55,-869.0,135.57,-909.0,-540.0,RAS
s1046,lung_upper_lobe_left,1,0.9965,0.993,344373,701,1718,345074,346091,ok,345074,1164624.75,0,0.3048,0.5473,0.8223,0.3284,0.6114,0.3593,4989303.0,0.2334,1,1.0,0,0.0,-806.13,-853.0,130.82,-895.0,-522.0,RAS
s1046,lung_upper_lobe_right,1,0.9954,0.9908,297364,1018,1757,298382,299121,ok,298382,1007039.25,0,0.6608,0.4987,0.8458,0.3433,0.6571,0.222,3463627.5,0.2907,3,1.0,0,0.0,-809.11,-853.0,125.9,-895.0,-537.0,RAS
s1046,pancreas,1,0.9646,0.9317,20886,415,1116,21301,22002,ok,21301,71890.88,0,0.4312,0.5715,0.5252,0.3134,0.2686,0.1259,732847.5,0.0981,1,1.0,0,0.0,63.06,68.0,25.23,11.0,95.0,RAS
s1046,portal_vein_and_splenic_vein,0,0.9442,0.8943,7503,672,215,8175,7718,ok,8175,27590.62,0,0.528,0.5676,0.5533,0.4291,0.3543,0.087,914422.5,0.0302,1,1.0,0,0.0,110.96,121.0,31.37,44.0,145.0,RAS
s1046,prostate,0,0.9154,0.844,8271,989,540,9260,8811,ok,9260,31252.5,0,0.5003,0.4502,0.1114,0.1045,0.1257,0.0549,49896.0,0.6264,1,1.0,0,0.0,59.64,63.0,21.44,18.0,89.0,RAS
s1046,pulmonary_vein,1,0.9634,0.9294,7297,269,285,7566,7582,ok,7566,25535.25,0,0.4955,0.449,0.7527,0.3134,0.1943,0.0984,414477.0,0.0616,4,0.5226,0,0.0,108.82,122.0,37.57,31.0,148.0,RAS
s1046,rib_left_1,1,0.9625,0.9277,3209,79,171,3288,3380,ok,3288,11097.0,0,0.3518,0.5673,0.935,0.0858,0.32,0.0961,182574.0,0.0608,1,1.0,0,0.0,376.24,352.0,168.55,144.35,693.3,RAS
s1046,rib_left_10,1,0.974,0.9494,5854,199,113,6053,5967,ok,6053,20428.88,0,0.2292,0.2067,0.6255,0.306,0.4571,0.2014,1948320.0,0.0105,1,1.0,0,0.0,271.68,260.0,115.04,109.0,483.0,RAS
s1046,rib_left_11,1,0.98,0.9609,4493,125,58,4618,4551,ok,4618,15585.75,0,0.257,0.1738,0.5768,0.291,0.3771,0.1991,1511581.5,0.0103,1,1.0,0,0.0,286.37,283.0,119.95,101.85,495.0,RAS
s1046,rib_left_12,1,0.9647,0.9319,2011,109,38,2120,2049,ok,2120,7155.0,0,0.3283,0.144,0.5395,0.2239,0.16,0.1442,357210.0,0.02,1,1.0,0,0.0,217.4,212.0,55.78,133.0,314.05,RAS
s1046,rib_left_2,1,0.9788,0.9584,4728,142,63,4870,4791,ok,4870,16436.25,0,0.3038,0.4818,0.9327,0.1716,0.4457,0.1236,653913.0,0.0251,2,0.9998,0,0.0,290.05,258.0,156.76,87.0,601.55,RAS
s1046,rib_left_3,1,0.9725,0.9464,5049,268,18,5317,5067,ok,5317,17944.88,0,0.2645,0.4499,0.9001,0.2127,0.5657,0.1556,1295068.5,0.0139,3,0.9955,0,0.0,229.23,220.0,120.56,42.0,450.2,RAS
s1046,rib_left_4,1,0.9724,0.9464,7110,333,70,7443,7180,ok,7443,25120.12,0,0.2427,0.4628,0.8555,0.2351,0.6743,0.1945,2132628.75,0.0118,1,1.0,0,0.0,228.57,211.0,122.2,50.0,447.0,RAS
s1046,rib_left_5,1,0.9574,0.9182,7513,578,91,8091,7604,ok,8091,27307.12,0,0.2295,0.4472,0.8166,0.25,0.7314,0.2105,2662848.0,0.0103,2,0.9994,0,0.0,228.86,207.0,123.08,64.5,460.0,RAS
s1046,rib_left_6,1,0.9762,0.9535,9183,333,115,9516,9298,ok,9516,32116.5,0,0.2172,0.414,0.7794,0.2724,0.7371,0.2197,3051108.0,0.0105,3,0.9998,0,0.0,249.73,219.0,164.78,26.0,564.0,RAS
s1046,rib_left_7,1,0.9809,0.9626,9421,256,110,9677,9531,ok,9677,32659.88,0,0.2073,0.3779,0.7358,0.2985,0.7486,0.2311,3572370.0,0.0091,1,1.0,0,0.0,303.45,275.0,171.93,65.0,613.0,RAS
s1046,rib_left_8,1,0.9814,0.9634,8110,269,39,8379,8149,ok,8379,28279.12,0,0.2044,0.3233,0.6984,0.3134,0.6571,0.2471,3521070.0,0.008,1,1.0,0,0.0,274.29,256.0,139.54,61.0,538.0,RAS
s1046,rib_left_9,1,0.9773,0.9556,7195,268,66,7463,7261,ok,7463,25187.62,0,0.2128,0.2535,0.6687,0.3172,0.5771,0.222,2810514.5,0.009,1,1.0,0,0.0,278.82,266.0,121.78,98.0,501.0,RAS
s1046,rib_right_1,1,0.956,0.9157,3391,106,206,3497,3597,ok,3497,11802.38,0,0.6315,0.5713,0.9265,0.0858,0.3086,0.1007,184437.0,0.064,1,1.0,0,0.0,303.57,277.0,146.95,122.0,577.0,RAS
s1046,rib_right_10,1,0.9774,0.9558,6505,151,150,6656,6655,ok,6656,22464.0,0,0.7761,0.215,0.6136,0.2836,0.4686,0.2265,2082267.0,0.0108,2,0.9995,0,0.0,292.39,275.5,132.32,106.0,536.0,RAS
s1046,rib_right_11,1,0.9733,0.9479,4570,102,149,4672,4719,ok,4672,15768.0,0,0.7566,0.1809,0.5634,0.2649,0.3943,0.2128,1537673.62,0.0103,2,0.9831,0,0.0,268.26,260.0,103.82,121.0,439.0,RAS
s1046,rib_right_12,1,0.9623,0.9274,1840,99,45,1939,1885,ok,1939,6544.12,0,0.6883,0.1447,0.5283,0.1978,0.1543,0.1533,323584.88,0.0202,1,1.0,0,0.0,207.61,199.0,62.23,116.9,317.0,RAS
s1046,rib_right_2,1,0.9807,0.9621,4777,145,43,4922,4820,ok,4922,16611.75,0,0.6873,0.4895,0.9244,0.1716,0.4229,0.1281,643356.0,0.0258,1,1.0,0,0.0,295.73,272.0,148.35,92.05,583.95,RAS
s1046,rib_right_3,1,0.972,0.9456,5178,257,41,5435,5219,ok,5435,18343.12,0,0.7247,0.4595,0.8943,0.209,0.5657,0.1579,1291059.0,0.0142,1,1.0,0,0.0,240.39,225.0,126.84,49.7,482.0,RAS
s1046,rib_right_4,1,0.9656,0.9334,7012,476,24,7488,7036,ok,7488,25272.0,0,0.753,0.4555,0.8531,0.2276,0.6629,0.1808,1886638.5,0.0134,1,1.0,0,0.0,254.57,224.0,149.96,50.0,546.0,RAS
s1046,rib_right_5,1,0.9621,0.9269,8499,541,129,9040,8628,ok,9040,30510.0,0,0.7624,0.4674,0.8044,0.2351,0.7486,0.2037,2478995.0,0.0123,2,0.9998,0,0.0,252.54,225.0,141.29,66.0,525.0,RAS
s1046,rib_right_6,1,0.983,0.9666,9840,285,55,10125,9895,ok,10125,34171.88,0,0.7793,0.4347,0.7665,0.2388,0.7657,0.2174,2749680.0,0.0124,1,1.0,0,0.0,286.28,254.0,183.07,47.0,632.0,RAS
s1046,rib_right_7,1,0.9883,0.9769,9808,138,94,9946,9902,ok,9946,33567.75,0,0.7896,0.386,0.7288,0.25,0.7771,0.2334,3136806.0,0.0107,1,1.0,0,0.0,300.68,274.0,162.79,79.0,607.0,RAS
s1046,rib_right_8,1,0.9827,0.966,8664,253,52,8917,8716,ok,8917,30094.88,0,0.7936,0.3301,0.6876,0.2724,0.6857,0.2449,3163455.0,0.0095,1,1.0,0,0.0,280.63,263.0,142.67,62.8,538.2,RAS
s1046,rib_right_9,1,0.9836,0.9677,7814,138,123,7952,7937,ok,7952,26838.0,0,0.7879,0.2666,0.6553,0.2836,0.6,0.2334,2747115.0,0.0098,1,1.0,0,0.0,279.72,271.0,127.26,76.55,499.0,RAS
s1046,sacrum,1,0.9625,0.9277,62581,2202,2674,64783,65255,ok,64783,218642.62,0,0.5055,0.1991,0.2607,0.3209,0.36,0.2449,1956575.25,0.1117,40,0.9981,0,0.0,254.74,198.0,221.24,-2.0,716.0,RAS
s1046,scapula_left,1,0.9866,0.9735,40542,699,403,41241,40945,ok,41241,139188.38,0,0.169,0.2691,0.881,0.2463,0.3886,0.2632,1741905.0,0.0799,1,1.0,0,0.0,324.95,267.0,214.68,86.0,766.0,RAS
s1046,scapula_right,1,0.9829,0.9663,41007,343,1086,41350,42093,ok,41350,139556.25,0,0.8203,0.2435,0.8857,0.2537,0.4114,0.2517,1817640.0,0.0768,2,0.9999,0,0.0,351.33,295.0,223.26,98.0,806.0,RAS
s1046,small_bowel,1,0.9543,0.9126,279320,13545,13206,292865,292526,ok,292865,988419.38,0,0.4204,0.6493,0.3993,0.6604,0.4629,0.3501,7403268.5,0.1335,27,0.9999,0,0.0,-83.76,23.0,263.82,-817.0,84.0,RAS
s1046,spinal_cord,1,0.9732,0.9478,23667,803,501,24470,24168,ok,24470,82586.25,0,0.5046,0.2441,0.5862,0.0597,0.2686,0.7025,779166.0,0.106,1,1.0,0,0.0,21.27,21.0,24.82,-17.0,59.0,RAS
s1046,spleen,1,0.991,0.9822,42113,341,421,42454,42534,ok,42454,143282.25,0,0.2509,0.3269,0.5845,0.2313,0.3086,0.1007,497178.0,0.2882,1,1.0,0,0.0,88.7,94.0,22.07,36.0,108.0,RAS
s1046,sternum,1,0.9674,0.9368,22564,762,761,23326,23325,ok,23326,78725.25,0,0.4899,0.7789,0.8137,0.1567,0.2057,0.286,637875.0,0.1234,1,1.0,0,0.0,209.34,195.0,123.64,35.0,428.0,RAS
s1046,stomach,1,0.9843,0.9691,46225,492,980,46717,47205,ok,46717,157669.88,0,0.382,0.6349,0.5945,0.25,0.4571,0.1144,904500.0,0.1743,1,1.0,0,0.0,-24.13,54.0,238.79,-745.2,83.0,RAS
s1046,subclavian_artery_left,1,0.9547,0.9134,2815,120,147,2935,2962,ok,2935,9905.62,0,0.3849,0.5244,0.936,0.2724,0.08,0.0801,120723.75,0.0821,1,1.0,0,0.0,91.43,99.0,34.54,25.0,134.0,RAS
s1046,subclavian_artery_right,1,0.9677,0.9374,3292,129,91,3421,3383,ok,3421,11545.88,0,0.6022,0.5276,0.9351,0.2537,0.1086,0.0755,143896.5,0.0802,1,1.0,0,0.0,105.34,113.0,29.23,47.0,137.0,RAS
s1046,superior_vena_cava,1,0.969,0.9398,7199,130,331,7329,7530,ok,7329,24735.38,0,0.5594,0.5678,0.8144,0.0709,0.1257,0.1259,77591.25,0.3188,1,1.0,0,0.0,112.57,122.0,29.06,51.4,143.0,RAS
s1046,thyroid_gland,1,0.9601,0.9233,4961,215,197,5176,5158,ok,5176,17469.0,0,0.4927,0.6024,0.9532,0.1381,0.1257,0.0595,71428.5,0.2446,1,1.0,0,0.0,122.94,125.0,29.3,82.0,154.0,RAS
s1046,trachea,1,0.9828,0.9661,12051,209,214,12260,12265,ok,12260,41377.5,0,0.5073,0.5033,0.8709,0.2425,0.24,0.1785,718672.5,0.0576,1,1.0,0,0.0,-856.87,-970.0,192.64,-1013.0,-444.0,RAS
s1046,urinary_bladder,1,0.9865,0.9735,93621,1108,1445,94729,95066,ok,94729,319710.38,0,0.5131,0.5689,0.1907,0.2015,0.3429,0.1236,590490.0,0.5414,1,1.0,0,0.0,17.62,23.0,24.66,-37.0,43.0,RAS
s1046,vertebrae_C7,1,0.9599,0.9228,598,27,23,625,621,ok,625,2109.38,0,0.4959,0.4992,0.9778,0.0746,0.0686,0.0137,4860.0,0.434,1,1.0,0,0.0,269.4,266.0,51.57,193.4,360.0,RAS
s1046,vertebrae_L1,1,0.9927,0.9856,19295,104,178,19399,19473,ok,19399,65471.62,0,0.5046,0.2592,0.5399,0.1791,0.3371,0.0892,372762.0,0.1756,4,0.9998,0,0.0,334.14,278.0,210.21,112.0,782.0,RAS
s1046,vertebrae_L2,1,0.9922,0.9846,20544,132,190,20676,20734,ok,20676,69781.5,0,0.503,0.2885,0.4902,0.2201,0.3771,0.0847,486263.25,0.1435,1,1.0,0,0.0,357.59,304.0,214.2,124.0,788.0,RAS
s1046,vertebrae_L3,1,0.9908,0.9817,23689,238,203,23927,23892,ok,23927,80753.62,0,0.5016,0.3138,0.4447,0.2649,0.3829,0.0892,626140.12,0.129,1,1.0,0,0.0,349.19,300.0,220.53,98.0,792.0,RAS
s1046,vertebrae_L4,1,0.9905,0.9811,24117,225,239,24342,24356,ok,24342,82154.25,0,0.4981,0.334,0.3931,0.2463,0.3829,0.0755,492500.25,0.1668,2,0.9999,0,0.0,359.45,308.0,228.14,97.0,813.0,RAS
s1046,vertebrae_L5,1,0.9854,0.9712,25109,367,377,25476,25486,ok,25476,85981.5,0,0.5047,0.3341,0.3496,0.2687,0.3714,0.0755,521235.0,0.165,2,1.0,0,0.0,428.48,388.0,245.71,117.0,909.25,RAS
s1046,vertebrae_S1,1,0.9661,0.9343,17730,945,301,18675,18031,ok,18675,63028.12,0,0.5024,0.3057,0.3094,0.1791,0.2857,0.0732,259200.0,0.2432,1,1.0,0,0.0,459.3,424.0,250.79,124.0,913.0,RAS
s1046,vertebrae_T1,1,0.9802,0.9611,5169,144,65,5313,5234,ok,5313,17931.38,0,0.4985,0.4199,0.9693,0.1679,0.24,0.0389,108438.75,0.1654,1,1.0,0,0.0,356.58,308.0,165.51,182.0,717.0,RAS
s1046,vertebrae_T10,1,0.9898,0.9799,13338,162,112,13500,13450,ok,13500,45562.5,0,0.5092,0.2226,0.6696,0.1679,0.3257,0.0778,294333.75,0.1548,1,1.0,0,0.0,335.17,290.0,185.91,120.0,715.05,RAS
s1046,vertebrae_T11,1,0.9896,0.9794,14795,186,125,14981,14920,ok,14981,50560.88,0,0.5055,0.2259,0.6298,0.1493,0.3371,0.087,302670.0,0.167,3,0.9997,0,0.0,302.91,262.0,166.26,119.0,643.0,RAS
s1046,vertebrae_T12,1,0.9907,0.9815,16757,105,211,16862,16968,ok,16862,56909.25,0,0.5059,0.2447,0.5872,0.1343,0.3543,0.0801,263655.0,0.2158,2,0.9999,0,0.0,292.67,248.0,168.94,111.0,645.0,RAS
s1046,vertebrae_T2,1,0.986,0.9723,8715,111,137,8826,8852,ok,8826,29787.75,0,0.4998,0.3575,0.9498,0.1903,0.2914,0.0686,263351.25,0.1131,1,1.0,0,0.0,359.65,306.0,192.8,136.0,771.75,RAS
s1046,vertebrae_T3,1,0.9875,0.9754,8720,124,96,8844,8816,ok,8844,29848.5,0,0.5052,0.3064,0.9194,0.1791,0.3143,0.0686,267300.0,0.1117,1,1.0,0,0.0,351.31,310.0,193.48,111.0,775.0,RAS
s1046,vertebrae_T4,1,0.9919,0.9839,8919,58,88,8977,9007,ok,8977,30297.38,0,0.5104,0.2734,0.885,0.1716,0.3143,0.0618,230546.25,0.1314,1,1.0,0,0.0,338.33,308.0,181.09,108.0,673.0,RAS
s1046,vertebrae_T5,1,0.9879,0.9762,8886,115,102,9001,8988,ok,9001,30378.38,0,0.5134,0.2497,0.8504,0.1679,0.3143,0.0686,250593.75,0.1212,1,1.0,0,0.0,309.23,273.0,164.23,112.0,623.0,RAS
s1046,vertebrae_T6,1,0.9858,0.972,9125,134,129,9259,9254,ok,9259,31249.12,0,0.5166,0.2267,0.8143,0.1679,0.3086,0.0824,295245.0,0.1058,1,1.0,0,0.0,320.32,273.0,170.21,128.0,666.0,RAS
s1046,vertebrae_T7,1,0.9899,0.9799,10096,89,118,10185,10214,ok,10185,34374.38,0,0.5141,0.2095,0.7782,0.1716,0.3029,0.0961,345586.5,0.0995,1,1.0,0,0.0,310.34,275.0,153.61,127.0,604.8,RAS
s1046,vertebrae_T8,1,0.9899,0.9799,10842,115,107,10957,10949,ok,10957,36979.88,0,0.512,0.2101,0.7404,0.1679,0.32,0.0892,331695.0,0.1115,1,1.0,0,0.0,319.03,295.0,155.62,124.0,610.0,RAS
s1046,vertebrae_T9,1,0.9898,0.9798,12155,125,125,12280,12280,ok,12280,41445.0,0,0.5093,0.2169,0.7048,0.1716,0.3371,0.0801,320591.25,0.1293,1,1.0,0,0.0,330.44,295.0,178.36,114.0,679.0,RAS
s1024,adrenal_gland_left,0,0.8582,0.7517,2007,137,526,2144,2533,ok,2144,7236.0,0,0.4082,0.3897,0.5742,0.039,0.0691,0.0988,41374.12,0.1749,1,1.0,0,0.0,37.86,38.0,36.62,-24.0,97.0,RAS
s1024,adrenal_gland_right,0,0.904,0.8249,1333,95,188,1428,1521,ok,1428,4819.5,0,0.5299,0.4328,0.6221,0.0571,0.0511,0.0916,41424.75,0.1163,1,1.0,0,0.0,34.49,37.0,39.49,-31.0,96.0,RAS
s1024,aorta,1,0.9822,0.9649,50352,831,998,51183,51350,ok,51183,172742.62,0,0.4391,0.4609,0.7457,0.1291,0.2312,0.5711,2648386.0,0.0652,1,1.0,0,0.0,126.8,134.0,43.36,41.0,185.0,RAS
s1024,atrial_appendage_left,0,0.9158,0.8447,1490,205,69,1695,1559,ok,1695,5720.62,0,0.3551,0.4836,0.8527,0.1051,0.0601,0.0386,37800.0,0.1513,1,1.0,0,0.0,97.19,97.0,44.4,24.0,170.3,RAS
s1024,autochthon_left,1,0.9693,0.9404,154492,6810,2983,161302,157475,ok,161302,544394.25,0,0.4567,0.23,0.5724,0.1712,0.3153,0.7663,6423401.0,0.0848,1,1.0,1,0.0018,18.52,21.0,38.38,-51.0,76.0,RAS
s1024,autochthon_right,1,0.9684,0.9388,146871,5955,3615,152826,150486,ok,152826,515787.75,0,0.5627,0.2658,0.5834,0.1742,0.3063,0.7639,6329380.5,0.0815,1,1.0,1,0.0017,17.83,21.0,38.21,-52.0,74.0,RAS
s1024,brachiocephalic_trunk,1,0.9498,0.9044,1334,95,46,1429,1380,ok,1429,4822.88,0,0.447,0.5243,0.949,0.0601,0.042,0.0458,17955.0,0.2686,1,1.0,0,0.0,111.96,122.0,45.52,21.8,172.0,RAS
s1024,brachiocephalic_vein_left,1,0.9705,0.9426,4487,165,108,4652,4595,ok,4652,15700.5,0,0.4151,0.5407,0.9341,0.1321,0.0691,0.0602,85387.5,0.1839,1,1.0,0,0.0,141.34,94.0,283.24,-5.0,384.9,RAS
s1024,brachiocephalic_vein_right,0,0.7526,0.6033,514,337,1,851,515,ok,851,2872.12,0,0.5036,0.5379,0.9395,0.036,0.033,0.0458,8464.5,0.3393,1,1.0,0,0.0,75.52,86.0,41.79,-10.5,129.5,RAS
s1024,brain,0,0.0,0.0,0,0,701,0,701,miss,0,0.0,1,,,,0.0,0.0,0.0,0.0,0.0,0,0.0,0,0.0,,,,,,RAS
s1024,clavicula_left,1,0.9631,0.9288,2177,34,133,2211,2310,ok,2211,7462.12,0,0.3852,0.5566,0.9815,0.0541,0.045,0.0434,16402.5,0.4549,1,1.0,1,0.0633,256.03,195.0,214.06,29.5,678.5,RAS
s1024,clavicula_right,1,0.9857,0.9717,2682,57,21,2739,2703,ok,2739,9244.12,0,0.5078,0.5645,0.9774,0.0811,0.0541,0.053,36085.5,0.2562,1,1.0,1,0.0434,354.46,278.0,279.54,36.0,946.3,RAS
s1024,colon,0,0.7052,0.5446,95362,40156,39573,135518,134935,ok,135518,457373.25,0,0.5581,0.4935,0.3457,0.4775,0.6787,0.4386,22072460.0,0.0207,11,0.3663,0,0.0,-117.63,-1.0,297.12,-911.0,84.0,RAS
s1024,common_carotid_artery_left,1,0.9562,0.916,905,27,56,932,961,ok,932,3145.5,0,0.4125,0.4988,0.9592,0.033,0.033,0.0747,12659.62,0.2485,1,1.0,1,0.03,97.81,109.0,56.41,-11.0,170.0,RAS
s1024,common_carotid_artery_right,0,0.9115,0.8374,376,58,15,434,391,ok,434,1464.75,0,0.4715,0.5325,0.9822,0.03,0.024,0.0313,3510.0,0.4173,1,1.0,1,0.0576,116.93,125.0,43.38,21.95,174.35,RAS
s1024,costal_cartilages,0,0.9388,0.8846,36320,1130,3607,37450,39927,ok,37450,126393.75,0,0.4197,0.6656,0.7646,0.5135,0.3213,0.3952,10127390.0,0.0125,20,0.3605,0,0.0,95.99,96.0,38.39,40.0,147.0,RAS
s1024,duodenum,0,0.8387,0.7222,18177,1529,5464,19706,23641,ok,19706,66507.75,0,0.508,0.4806,0.4571,0.1892,0.1742,0.1566,801596.25,0.083,1,1.0,0,0.0,36.55,38.0,38.04,-28.0,96.0,RAS
s1024,esophagus,1,0.9576,0.9187,9327,605,220,9932,9547,ok,9932,33520.5,0,0.463,0.4591,0.8131,0.0691,0.0661,0.3253,230546.25,0.1454,1,1.0,1,0.0035,-48.5,28.0,244.13,-771.45,106.0,RAS
s1024,femur_left,1,0.9902,0.9806,44280,546,331,44826,44611,ok,44826,151287.75,0,0.3272,0.1977,0.0822,0.1502,0.1502,0.1566,548437.5,0.2759,1,1.0,1,0.0076,309.34,231.0,281.77,28.0,1026.0,RAS
s1024,femur_right,1,0.9913,0.9827,42704,340,412,43044,43116,ok,43044,145273.5,0,0.7035,0.3295,0.0735,0.1562,0.1411,0.1518,519655.5,0.2796,1,1.0,1,0.0096,307.4,222.0,294.66,13.0,1045.85,RAS
s1024,gallbladder,0,0.859,0.7528,2409,480,311,2889,2720,ok,2889,9750.38,0,0.5372,0.6044,0.4949,0.0661,0.0991,0.0602,61256.25,0.1592,2,0.9335,0,0.0,19.46,18.0,29.38,-24.0,63.0,RAS
s1024,gluteus_maximus_left,0,0.7125,0.5535,78623,6720,56716,85343,135339,ok,85343,288032.62,0,0.3963,0.0746,0.1394,0.2312,0.1321,0.2988,1417878.0,0.2031,6,0.9998,1,0.0039,69.54,71.0,50.11,-15.0,149.0,RAS
s1024,gluteus_maximus_right,0,0.89,0.8018,128647,16136,15669,144783,144316,ok,144783,488642.62,0,0.7156,0.1791,0.1196,0.1862,0.2523,0.2892,2109240.0,0.2317,1,1.0,1,0.0078,35.57,36.0,38.46,-28.0,98.0,RAS
s1024,gluteus_medius_left,0,0.9216,0.8546,64131,7219,3688,71350,67819,ok,71350,240806.25,0,0.3342,0.167,0.2301,0.1772,0.1952,0.2145,1151938.12,0.209,1,1.0,0,0.0,45.39,48.0,46.73,-35.0,118.0,RAS
s1024,gluteus_medius_right,0,0.9418,0.89,60212,5961,1483,66173,61695,ok,66173,223333.88,0,0.724,0.3229,0.2134,0.1411,0.2162,0.241,1142100.0,0.1955,1,1.0,0,0.0,39.65,41.0,41.92,-32.0,106.0,RAS
s1024,gluteus_minimus_left,0,0.9164,0.8457,11812,593,1562,12405,13374,ok,12405,41866.88,0,0.3216,0.2127,0.1876,0.1171,0.1441,0.1253,328536.0,0.1274,1,1.0,0,0.0,56.69,58.0,47.89,-24.0,132.0,RAS
s1024,gluteus_minimus_right,0,0.9239,0.8585,15116,913,1578,16029,16694,ok,16029,54097.88,0,0.7077,0.3456,0.1783,0.0931,0.1742,0.1494,376231.5,0.1438,1,1.0,0,0.0,49.8,52.0,47.66,-32.0,124.0,RAS
s1024,heart,0,0.9159,0.8449,210788,33147,5557,243935,216345,ok,243935,823280.62,0,0.3732,0.5669,0.7885,0.3393,0.4685,0.4217,10411538.0,0.0791,5,0.9424,0,0.0,119.53,123.0,57.81,25.0,203.0,RAS
s1024,hip_left,1,0.9824,0.9653,94255,2364,1020,96619,95275,ok,96619,326089.12,0,0.3897,0.2169,0.2035,0.2733,0.2402,0.3181,3243240.0,0.1005,1,1.0,0,0.0,262.67,205.0,212.82,19.0,704.0,RAS
s1024,hip_right,1,0.9835,0.9676,94448,1414,1751,95862,96199,ok,95862,323534.25,0,0.645,0.2977,0.2014,0.2342,0.3153,0.3157,3621003.75,0.0893,1,1.0,0,0.0,277.06,223.0,212.54,28.0,718.0,RAS
s1024,iliac_artery_left,1,0.9587,0.9206,4069,233,118,4302,4187,ok,4302,14519.25,0,0.4098,0.3351,0.2371,0.1411,0.0661,0.2795,404811.0,0.0359,1,1.0,0,0.0,104.09,106.0,54.58,11.05,188.0,RAS
s1024,iliac_artery_right,0,0.9473,0.8998,3935,257,181,4192,4116,ok,4192,14148.0,0,0.5635,0.3779,0.2346,0.1381,0.0961,0.2916,601128.0,0.0235,1,1.0,0,0.0,132.39,135.0,44.63,56.0,203.0,RAS
s1024,iliac_vena_left,1,0.9545,0.913,10101,601,362,10702,10463,ok,10702,36119.25,0,0.4265,0.3149,0.2238,0.1532,0.0931,0.2651,586946.25,0.0615,1,1.0,0,0.0,53.04,54.0,42.56,-18.0,122.0,RAS
s1024,iliac_vena_right,1,0.952,0.9083,10939,421,683,11360,11622,ok,11360,38340.0,0,0.577,0.3662,0.2005,0.0961,0.1231,0.2892,531360.0,0.0722,1,1.0,0,0.0,70.73,71.0,36.54,10.95,130.0,RAS
s1024,iliopsoas_left,0,0.9451,0.896,61872,2175,5008,64047,66880,ok,64047,216158.62,0,0.3879,0.2813,0.2896,0.1592,0.1261,0.4867,1517575.5,0.1424,1,1.0,0,0.0,42.51,44.0,51.96,-37.0,112.0,RAS
s1024,iliopsoas_right,1,0.9657,0.9337,67469,1732,3056,69201,70525,ok,69201,233553.38,0,0.6064,0.3503,0.2958,0.1502,0.1441,0.5181,1741500.0,0.1341,1,1.0,0,0.0,50.78,52.0,39.43,-15.0,112.0,RAS
s1024,inferior_vena_cava,0,0.943,0.8922,33783,2199,1883,35982,35666,ok,35982,121439.25,0,0.5101,0.4519,0.5573,0.1291,0.2102,0.4217,1777781.25,0.0683,1,1.0,0,0.0,76.89,77.0,33.82,22.0,132.0,RAS
s1024,kidney_left,1,0.9856,0.9716,77696,983,1289,78679,78985,ok,78679,265541.62,0,0.351,0.3224,0.459,0.1471,0.1802,0.1807,744187.5,0.3568,1,1.0,0,0.0,68.82,70.0,37.8,4.0,128.0,RAS
s1024,kidney_right,1,0.9909,0.9819,67954,784,469,68738,68423,ok,68738,231990.75,0,0.6062,0.3868,0.5491,0.1502,0.1261,0.2024,595350.0,0.3897,1,1.0,0,0.0,82.12,84.0,30.49,30.0,128.0,RAS
s1024,liver,1,0.9694,0.9406,930860,18740,40016,949600,970876,ok,949600,3204900.0,0,0.5133,0.6155,0.6048,0.4835,0.6006,0.3518,15866550.0,0.202,69,0.9999,0,0.0,81.23,82.0,28.0,34.0,125.0,RAS
s1024,lung_lower_lobe_left,0,0.8629,0.7589,75870,6949,17158,82819,93028,ok,82819,279514.12,0,0.3508,0.3499,0.7837,0.2012,0.1742,0.2096,1141026.75,0.245,2,0.9985,0,0.0,-250.46,-275.0,235.78,-596.0,74.0,RAS
s1024,lung_lower_lobe_right,1,0.9884,0.9772,164193,1245,2593,165438,166786,ok,165438,558353.25,0,0.5981,0.4388,0.7817,0.2372,0.2913,0.2289,2456949.5,0.2273,1,1.0,0,0.0,-584.57,-656.0,202.63,-760.0,-111.0,RAS
s1024,lung_middle_lobe_right,0,0.9291,0.8676,43293,4084,2523,47377,45816,ok,47377,159897.38,0,0.5961,0.5866,0.8006,0.1682,0.1952,0.1108,565110.0,0.2829,1,1.0,0,0.0,-571.69,-637.0,195.86,-754.0,-142.0,RAS
s1024,lung_upper_lobe_left,0,0.8891,0.8004,49638,9417,2964,59055,52602,ok,59055,199310.62,0,0.3142,0.412,0.8903,0.1862,0.1802,0.2048,1067175.0,0.1868,2,0.9986,0,0.0,-260.11,-288.0,212.08,-570.0,94.0,RAS
s1024,lung_upper_lobe_right,1,0.9722,0.9459,97468,1459,4113,98927,101581,ok,98927,333878.62,0,0.5726,0.5209,0.8868,0.1772,0.2793,0.147,1129636.12,0.2956,4,1.0,0,0.0,-543.38,-609.0,196.49,-730.0,-105.0,RAS
s1024,pancreas,0,0.9456,0.8968,33593,2323,1542,35916,35135,ok,35916,121216.5,0,0.4353,0.5046,0.5153,0.2162,0.1291,0.1759,762777.0,0.1589,1,1.0,0,0.0,60.16,62.0,35.55,0.0,116.0,RAS
s1024,portal_vein_and_splenic_vein,0,0.8201,0.695,11746,2474,2680,14220,14426,ok,14220,47992.5,0,0.4492,0.524,0.5593,0.2462,0.2943,0.1301,1464561.0,0.0328,2,0.5534,0,0.0,100.92,102.0,31.94,47.0,153.0,RAS
s1024,prostate,0,0.3091,0.1828,1150,5119,23,6269,1173,low_dice,6269,21157.88,0,0.5315,0.2066,0.0972,0.0811,0.0781,0.0554,54492.75,0.3883,1,1.0,0,0.0,51.71,52.0,41.84,-16.0,119.0,RAS
s1024,pulmonary_vein,0,0.9446,0.895,7308,713,144,8021,7452,ok,8021,27070.88,0,0.4666,0.4714,0.8179,0.2553,0.1742,0.1084,748743.75,0.0362,4,0.4326,0,0.0,123.48,132.0,50.61,26.0,189.0,RAS
s1024,rib_left_1,1,0.9754,0.952,2421,17,105,2438,2526,ok,2438,8228.25,0,0.3373,0.506,0.9675,0.0721,0.1802,0.053,106920.0,0.077,1,1.0,1,0.0,406.95,383.0,240.99,42.85,849.15,RAS
s1024,rib_left_10,0,0.6641,0.4971,2877,1749,1162,4626,4039,ok,4626,15612.75,0,0.2946,0.2937,0.6279,0.2523,0.2282,0.106,948024.0,0.0165,4,0.6254,0,0.0,368.01,344.5,193.14,91.0,735.0,RAS
s1024,rib_left_11,0,0.7509,0.6011,1920,991,283,2911,2203,ok,2911,9824.62,0,0.3218,0.2635,0.5733,0.2583,0.1802,0.1133,818505.0,0.012,2,0.6726,0,0.0,384.33,353.0,190.13,133.5,745.5,RAS
s1024,rib_left_12,0,0.8109,0.6819,448,199,10,647,458,ok,647,2183.62,0,0.3768,0.2534,0.548,0.2102,0.0661,0.0723,155925.0,0.014,2,0.7079,0,0.0,367.76,340.0,193.05,102.3,697.2,RAS
s1024,rib_left_2,1,0.9816,0.9639,2727,28,74,2755,2801,ok,2755,9298.12,0,0.3089,0.4735,0.9484,0.1231,0.2252,0.0506,217940.62,0.0427,1,1.0,0,0.0,337.74,297.0,198.76,78.0,747.0,RAS
s1024,rib_left_3,1,0.978,0.9569,3951,72,106,4023,4057,ok,4023,13577.62,0,0.2904,0.4567,0.9087,0.1652,0.2853,0.0602,440859.38,0.0308,2,0.9998,0,0.0,335.46,305.0,211.73,34.0,748.9,RAS
s1024,rib_left_4,1,0.9798,0.9604,4976,31,174,5007,5150,ok,5007,16898.62,0,0.2719,0.4489,0.8668,0.1832,0.3183,0.0771,698328.0,0.0242,1,1.0,0,0.0,358.29,330.0,215.45,62.3,768.7,RAS
s1024,rib_left_5,1,0.9773,0.9556,5353,34,215,5387,5568,ok,5387,18181.12,0,0.2622,0.4368,0.8236,0.2042,0.3303,0.0988,1035045.0,0.0176,1,1.0,0,0.0,329.91,300.0,218.24,42.0,753.0,RAS
s1024,rib_left_6,0,0.8883,0.799,5113,99,1187,5212,6300,ok,5212,17590.5,0,0.2397,0.4316,0.7692,0.2192,0.3063,0.1253,1306773.0,0.0135,4,0.999,0,0.0,318.66,274.0,249.09,14.0,820.45,RAS
s1024,rib_left_7,0,0.3351,0.2013,1421,836,4802,2257,6223,low_dice,2257,7617.38,0,0.293,0.3344,0.7728,0.2252,0.3183,0.1759,1958681.25,0.0039,6,0.5007,0,0.0,426.72,406.0,253.36,55.8,879.0,RAS
s1024,rib_left_8,0,0.1442,0.0777,817,4366,5334,5183,6151,low_dice,5183,17492.62,0,0.2672,0.3672,0.7294,0.2432,0.2973,0.1422,1596783.38,0.011,7,0.5232,0,0.0,353.74,320.0,221.55,53.0,823.0,RAS
s1024,rib_left_9,0,0.4937,0.3277,3109,4354,2023,7463,5132,low_dice,7463,25187.62,0,0.2879,0.3246,0.6856,0.2462,0.2733,0.1373,1435502.25,0.0175,3,0.5818,0,0.0,399.98,370.0,227.14,77.1,808.9,RAS
s1024,rib_right_1,1,0.9671,0.9362,2291,129,27,2420,2318,ok,2420,8167.5,0,0.5426,0.5233,0.953,0.0691,0.1622,0.0723,125752.5,0.0649,1,1.0,1,0.0,458.31,433.0,246.79,81.0,926.15,RAS
s1024,rib_right_10,1,0.9773,0.9556,3510,28,135,3538,3645,ok,3538,11940.75,0,0.6766,0.3736,0.6042,0.1742,0.2342,0.1566,992452.5,0.012,1,1.0,0,0.0,410.53,386.5,198.59,128.0,781.3,RAS
s1024,rib_right_11,1,0.9763,0.9537,1852,36,54,1888,1906,ok,1888,6372.0,0,0.6488,0.3285,0.5608,0.1562,0.1261,0.1398,427518.0,0.0149,1,1.0,0,0.0,446.12,399.0,213.86,169.35,872.0,RAS
s1024,rib_right_12,1,0.9705,0.9427,428,7,19,435,447,ok,435,1468.12,0,0.6035,0.3024,0.5512,0.0871,0.015,0.041,8319.38,0.1765,1,1.0,0,0.0,398.8,348.0,209.22,138.4,788.8,RAS
s1024,rib_right_2,1,0.9849,0.9703,2715,47,36,2762,2751,ok,2762,9321.75,0,0.584,0.5037,0.9346,0.1171,0.2102,0.0627,239557.5,0.0389,1,1.0,0,0.0,359.03,312.5,230.59,60.0,818.9,RAS
s1024,rib_right_3,1,0.9833,0.9672,3746,30,97,3776,3843,ok,3776,12744.0,0,0.6051,0.5115,0.9022,0.1381,0.2793,0.0699,418709.25,0.0304,1,1.0,0,0.0,367.11,341.0,234.54,38.0,806.0,RAS
s1024,rib_right_4,1,0.9769,0.9548,4962,180,55,5142,5017,ok,5142,17354.25,0,0.6208,0.5137,0.8634,0.1471,0.3243,0.0867,642978.0,0.027,1,1.0,0,0.0,346.89,318.0,229.29,32.0,766.0,RAS
s1024,rib_right_5,0,0.8621,0.7576,4389,34,1370,4423,5759,ok,4423,14927.62,0,0.6485,0.4618,0.8349,0.1532,0.2883,0.0771,528768.0,0.0282,1,1.0,0,0.0,409.61,398.0,245.92,33.0,838.0,RAS
s1024,rib_right_6,0,0.7989,0.6652,4845,1242,1197,6087,6042,ok,6087,20543.62,0,0.6461,0.4975,0.7901,0.1532,0.3574,0.1157,983178.0,0.0209,3,0.7261,0,0.0,353.79,314.0,242.7,40.0,823.1,RAS
s1024,rib_right_7,0,0.8974,0.814,5631,1047,240,6678,5871,ok,6678,22538.25,0,0.6688,0.498,0.7371,0.1652,0.3574,0.1398,1281183.75,0.0176,2,0.8527,0,0.0,349.91,323.0,229.93,43.0,807.0,RAS
s1024,rib_right_8,1,0.9812,0.9631,5534,90,122,5624,5656,ok,5624,18981.0,0,0.6789,0.4404,0.6944,0.1832,0.3153,0.1398,1253778.75,0.0151,3,0.9909,0,0.0,399.42,372.0,232.59,60.0,836.0,RAS
s1024,rib_right_9,1,0.9775,0.956,4710,42,175,4752,4885,ok,4752,16038.0,0,0.6827,0.4054,0.6532,0.1772,0.2853,0.1398,1097178.75,0.0146,1,1.0,0,0.0,366.32,341.0,210.35,68.0,761.0,RAS
s1024,sacrum,1,0.9495,0.9039,50275,2310,3037,52585,53312,ok,52585,177474.38,0,0.536,0.1921,0.2523,0.2222,0.2312,0.2096,1673075.25,0.1061,26,0.9987,0,0.0,204.23,167.0,172.42,1.0,561.0,RAS
s1024,scapula_left,1,0.9536,0.9113,11912,298,862,12210,12774,ok,12210,41208.75,0,0.2277,0.3905,0.9349,0.1201,0.1532,0.1542,440640.0,0.0935,1,1.0,1,0.0256,241.47,184.0,229.5,2.0,693.55,RAS
s1024,scapula_right,1,0.9756,0.9524,16792,449,390,17241,17182,ok,17241,58188.38,0,0.6661,0.3805,0.9226,0.1351,0.1892,0.1952,775018.12,0.0751,1,1.0,1,0.0252,358.71,288.0,295.48,19.0,992.0,RAS
s1024,small_bowel,0,0.7907,0.6538,345563,105184,77804,450747,423367,ok,450747,1521271.12,0,0.4814,0.5322,0.3238,0.5015,0.5736,0.4024,17977946.0,0.0846,40,0.9458,0,0.0,-10.12,19.0,155.74,-117.0,95.0,RAS
s1024,spinal_cord,1,0.9651,0.9325,19922,1153,289,21075,20211,ok,21075,71128.12,0,0.4953,0.3131,0.6043,0.1171,0.2703,0.7349,3613106.25,0.0197,1,1.0,1,0.0035,27.76,27.0,36.91,-30.0,88.0,RAS
s1024,spleen,1,0.9788,0.9584,279872,10416,1721,290288,281593,ok,290288,979722.0,0,0.2979,0.3871,0.6115,0.2102,0.4745,0.5735,8883945.0,0.1103,2,0.9985,0,0.0,75.11,76.0,30.51,24.0,124.0,RAS
s1024,sternum,1,0.9718,0.9451,14174,343,480,14517,14654,ok,14517,48994.88,0,0.425,0.6347,0.9046,0.1171,0.1502,0.2313,631800.0,0.0775,1,1.0,0,0.0,169.28,144.0,132.98,2.0,422.0,RAS
s1024,stomach,0,0.8594,0.7535,51413,14238,2579,65651,53992,ok,65651,221572.12,0,0.3826,0.5308,0.6013,0.1892,0.2703,0.253,2009306.25,0.1103,2,1.0,0,0.0,7.57,29.0,140.19,-41.0,87.0,RAS
s1024,subclavian_artery_left,0,0.9154,0.844,1444,88,179,1532,1623,ok,1532,5170.5,0,0.3731,0.4761,0.9589,0.1291,0.048,0.0723,69660.0,0.0742,1,1.0,0,0.0,103.6,114.0,51.55,4.0,171.0,RAS
s1024,subclavian_artery_right,0,0.9415,0.8894,1375,126,45,1501,1420,ok,1501,5065.88,0,0.5308,0.5044,0.9691,0.1411,0.045,0.0313,30931.88,0.1638,1,1.0,0,0.0,99.69,108.0,44.98,13.0,159.0,RAS
s1024,superior_vena_cava,0,0.9221,0.8555,2954,105,394,3059,3348,ok,3059,10324.12,0,0.4945,0.5433,0.877,0.048,0.042,0.1036,32508.0,0.3176,1,1.0,0,0.0,138.06,79.0,288.59,-66.0,692.3,RAS
s1024,trachea,1,0.9797,0.9602,4852,46,155,4898,5007,ok,4898,16530.75,0,0.466,0.4919,0.9193,0.1261,0.0721,0.1446,204120.0,0.081,1,1.0,1,0.0137,-782.34,-924.0,258.47,-998.0,-236.85,RAS
s1024,urinary_bladder,0,0.8861,0.7955,68255,1103,16446,69358,84701,ok,69358,234083.25,0,0.5074,0.3083,0.1399,0.1682,0.1952,0.0867,442260.0,0.5293,1,1.0,0,0.0,37.82,38.0,41.25,-30.0,104.0,RAS
s1024,vertebrae_C5,0,0.0,0.0,0,65,0,65,0,false_positive,65,219.38,0,0.4369,0.5635,0.1163,0.015,0.045,0.0193,2025.0,0.1083,3,0.4923,0,0.0,34.69,39.0,28.8,-19.2,74.6,RAS
s1024,vertebrae_C7,1,0.987,0.9744,914,7,17,921,931,ok,921,3108.38,0,0.4479,0.4524,0.9943,0.0811,0.1231,0.0145,22416.75,0.1387,2,0.7839,1,0.3757,322.85,282.0,164.74,141.0,696.0,RAS
s1024,vertebrae_L1,1,0.9644,0.9313,12706,115,823,12821,13529,ok,12821,43270.88,0,0.4962,0.3159,0.5215,0.1502,0.1622,0.0578,218700.0,0.1979,2,0.9998,0,0.0,258.39,183.0,215.09,60.0,755.0,RAS
s1024,vertebrae_L2,0,0.0013,0.0007,8,628,11573,636,11581,low_dice,636,2146.5,0,0.5029,0.3096,0.497,0.0901,0.1502,0.0193,40500.0,0.053,6,0.4796,0,0.0,399.15,316.0,215.1,155.75,810.75,RAS
s1024,vertebrae_L3,0,0.3178,0.1889,2844,11789,420,14633,3264,low_dice,14633,49386.38,0,0.4962,0.307,0.4653,0.1592,0.1682,0.0699,290493.0,0.17,1,1.0,0,0.0,287.81,218.0,220.89,65.0,775.0,RAS
s1024,vertebrae_L4,1,0.9732,0.9477,14273,737,50,15010,14323,ok,15010,50658.75,0,0.5002,0.296,0.4093,0.1592,0.1682,0.0699,290493.0,0.1744,1,1.0,0,0.0,296.21,232.0,213.75,72.0,765.55,RAS
s1024,vertebrae_L5,1,0.9909,0.9819,13767,158,96,13925,13863,ok,13925,46996.88,0,0.5055,0.2821,0.3546,0.1562,0.1562,0.0699,264654.0,0.1776,1,1.0,0,0.0,311.91,240.0,226.2,71.0,796.8,RAS
s1024,vertebrae_S1,0,0.9364,0.8804,13247,764,1035,14011,14282,ok,14011,47287.12,0,0.5169,0.2566,0.3052,0.1502,0.1381,0.0819,263925.0,0.1792,2,0.9998,0,0.0,317.12,251.0,218.07,72.0,783.0,RAS
s1024,vertebrae_T1,1,0.99,0.9801,5330,74,34,5404,5364,ok,5404,18238.5,0,0.4522,0.4323,0.9776,0.1471,0.1321,0.0458,138253.5,0.1319,2,0.9996,1,0.0174,390.91,317.0,232.41,125.15,882.0,RAS
s1024,vertebrae_T10,1,0.9906,0.9813,9153,131,43,9284,9196,ok,9284,31333.5,0,0.4902,0.3348,0.6571,0.1171,0.1502,0.0578,157950.0,0.1984,1,1.0,0,0.0,320.59,245.0,230.48,89.0,847.0,RAS
s1024,vertebrae_T11,1,0.9917,0.9835,9827,96,69,9923,9896,ok,9923,33490.12,0,0.4922,0.3274,0.6161,0.1111,0.1502,0.0602,156093.75,0.2146,1,1.0,0,0.0,317.81,247.0,226.85,89.0,833.0,RAS
s1024,vertebrae_T12,1,0.9913,0.9827,11902,103,107,12005,12009,ok,12005,40516.88,0,0.4954,0.3226,0.5702,0.1111,0.1502,0.0699,181068.75,0.2238,1,1.0,0,0.0,272.54,196.0,219.07,71.0,778.8,RAS
s1024,vertebrae_T2,1,0.9901,0.9803,5435,81,28,5516,5463,ok,5516,18616.5,0,0.4543,0.4221,0.9452,0.1381,0.1351,0.0506,146711.25,0.1269,1,1.0,0,0.0,348.66,271.0,225.43,113.75,844.25,RAS
s1024,vertebrae_T3,1,0.9893,0.9788,5163,59,53,5222,5216,ok,5222,17624.25,0,0.4604,0.4062,0.9121,0.1231,0.1351,0.0506,130764.38,0.1348,1,1.0,0,0.0,329.73,255.0,226.74,95.0,832.0,RAS
s1024,vertebrae_T4,1,0.9877,0.9758,5440,69,66,5509,5506,ok,5509,18592.88,0,0.4675,0.3925,0.8795,0.1201,0.1381,0.0554,142830.0,0.1302,1,1.0,0,0.0,336.54,265.0,224.59,104.0,848.0,RAS
s1024,vertebrae_T5,1,0.9905,0.9812,5904,72,41,5976,5945,ok,5976,20169.0,0,0.4756,0.3795,0.8462,0.1171,0.1381,0.0554,139259.25,0.1448,1,1.0,0,0.0,327.78,253.0,233.66,87.0,846.25,RAS
s1024,vertebrae_T6,1,0.9884,0.977,6635,107,49,6742,6684,ok,6742,22754.25,0,0.4802,0.3674,0.8107,0.1261,0.1381,0.0651,176053.5,0.1292,1,1.0,0,0.0,320.03,246.0,231.22,82.0,841.0,RAS
s1024,vertebrae_T7,1,0.9914,0.983,7439,62,67,7501,7506,ok,7501,25315.88,0,0.4828,0.3569,0.7729,0.1201,0.1381,0.0723,186300.0,0.1359,1,1.0,0,0.0,319.26,242.0,239.22,83.0,859.0,RAS
s1024,vertebrae_T8,1,0.9912,0.9826,7699,96,40,7795,7739,ok,7795,26308.12,0,0.4841,0.3493,0.7344,0.1171,0.1411,0.0675,173218.5,0.1519,1,1.0,0,0.0,320.37,247.0,232.78,90.0,844.0,RAS
s1024,vertebrae_T9,1,0.992,0.9842,8336,92,42,8428,8378,ok,8428,28444.5,0,0.4865,0.3414,0.6957,0.1171,0.1502,0.0578,157950.0,0.1801,1,1.0,0,0.0,308.8,238.0,221.16,88.0,810.0,RAS
s1017,adrenal_gland_left,0,0.7894,0.6521,954,48,461,1002,1415,ok,1002,3381.75,0,0.2025,0.8479,0.06,0.1111,0.1319,0.0758,21546.0,0.157,1,1.0,0,0.0,13.31,10.0,131.29,-210.75,235.0,RAS
s1017,adrenal_gland_right,0,0.7671,0.6221,382,146,86,528,468,ok,528,1782.0,0,0.5471,0.7383,0.1057,0.0972,0.1389,0.0722,18900.0,0.0943,3,0.9962,0,0.0,8.27,10.0,134.49,-217.65,224.3,RAS
s1017,aorta,1,0.9762,0.9535,79506,2927,950,82433,80456,ok,82433,278211.38,0,0.2969,0.7379,0.3593,0.3958,0.5,0.5596,2146905.0,0.1296,1,1.0,1,0.0097,51.29,45.0,144.86,-142.0,246.0,RAS
s1017,atrial_appendage_left,0,0.9293,0.8679,2332,230,125,2562,2457,ok,2562,8646.75,0,0.1572,0.8233,0.416,0.1597,0.1389,0.0578,24840.0,0.3481,1,1.0,0,0.0,14.53,18.0,108.34,-170.95,189.95,RAS
s1017,autochthon_left,1,0.9668,0.9358,51290,2686,833,53976,52123,ok,53976,182169.0,0,0.2226,0.3921,0.2772,0.2917,0.2778,0.7184,1128330.0,0.1615,1,1.0,1,0.0103,-1.98,-3.0,133.94,-218.0,220.0,RAS
s1017,autochthon_right,1,0.9754,0.952,61108,1762,1322,62870,62430,ok,62870,212186.25,0,0.4603,0.3577,0.2679,0.3611,0.2778,0.7184,1396980.0,0.1519,1,1.0,1,0.012,-2.55,-3.0,128.66,-212.0,211.0,RAS
s1017,brachiocephalic_trunk,0,0.9254,0.8611,1922,120,190,2042,2112,ok,2042,6891.75,0,0.4021,0.7401,0.5706,0.2014,0.1042,0.065,26426.25,0.2608,1,1.0,0,0.0,82.34,43.0,199.76,-116.0,471.9,RAS
s1017,brachiocephalic_vein_left,0,0.8834,0.7911,1697,224,224,1921,1921,ok,1921,6483.38,0,0.3397,0.8254,0.5399,0.3542,0.0972,0.0758,50604.75,0.1281,2,0.5622,0,0.0,45.61,46.0,93.46,-109.0,195.0,RAS
s1017,brachiocephalic_vein_right,0,0.9371,0.8817,1580,60,152,1640,1732,ok,1640,5535.0,0,0.5806,0.7464,0.554,0.1111,0.0972,0.0722,15120.0,0.3661,1,1.0,0,0.0,24.12,25.0,92.35,-131.05,168.0,RAS
s1017,brain,1,0.9648,0.9321,94985,181,6740,95166,101725,ok,95166,321185.25,0,0.2991,0.5913,0.9531,0.5903,0.5069,0.1336,774849.38,0.4145,1,1.0,1,0.0495,40.71,41.0,108.22,-136.0,216.0,RAS
s1017,clavicula_left,1,0.9845,0.9694,4370,100,38,4470,4408,ok,4470,15086.25,0,0.2074,0.8646,0.6089,0.3472,0.2222,0.1516,226800.0,0.0665,1,1.0,1,0.0125,435.17,253.5,456.69,-79.0,1280.0,RAS
s1017,clavicula_right,1,0.9693,0.9404,6472,102,308,6574,6780,ok,6574,22187.25,0,0.6527,0.7316,0.6727,0.3958,0.4236,0.231,751032.0,0.0295,1,1.0,0,0.0,473.5,292.0,490.48,-90.35,1380.7,RAS
s1017,colon,0,0.9234,0.8578,4397,396,333,4793,4730,ok,4793,16176.38,0,0.9732,0.9215,0.0565,0.0694,0.2778,0.1552,58050.0,0.2787,1,1.0,1,0.2654,-64.95,-14.0,267.29,-727.0,248.0,RAS
s1017,common_carotid_artery_left,0,0.8299,0.7093,793,135,190,928,983,ok,928,3132.0,0,0.2955,0.7462,0.607,0.0694,0.0903,0.1588,19305.0,0.1622,2,0.8362,0,0.0,29.05,19.0,128.61,-134.3,205.9,RAS
s1017,common_carotid_artery_right,0,0.8835,0.7914,1043,124,151,1167,1194,ok,1167,3938.62,0,0.5016,0.719,0.6503,0.1181,0.0764,0.1805,31556.25,0.1248,2,0.9923,0,0.0,31.95,31.0,87.89,-110.0,179.7,RAS
s1017,costal_cartilages,0,0.913,0.8399,1852,168,185,2020,2037,ok,2020,6817.5,0,0.4403,0.9071,0.5422,0.4583,0.1875,0.0578,96228.0,0.0708,2,0.5505,1,0.0035,123.3,121.0,100.97,-29.05,280.05,RAS
s1017,duodenum,0,0.9032,0.8234,6790,1116,340,7906,7130,ok,7906,26682.75,0,0.6972,0.8904,0.0797,0.1875,0.1458,0.1552,82285.88,0.3243,1,1.0,1,0.0163,14.54,19.0,169.37,-239.0,265.0,RAS
s1017,esophagus,0,0.9362,0.8801,9926,432,920,10358,10846,ok,10358,34958.25,0,0.3184,0.7006,0.3453,0.2153,0.2639,0.509,560580.75,0.0624,1,1.0,0,0.0,-3.12,14.0,166.51,-244.15,210.15,RAS
s1017,gallbladder,0,0.7114,0.552,3273,2589,67,5862,3340,ok,5862,19784.25,0,0.8872,0.9361,0.1941,0.2569,0.1458,0.0975,70804.12,0.2794,1,1.0,1,0.0621,25.66,26.0,119.93,-176.0,224.0,RAS
s1017,heart,1,0.9521,0.9085,100957,3655,6514,104612,107471,ok,104612,353065.5,0,0.2857,0.8417,0.3506,0.6181,0.4306,0.2455,1266381.0,0.2788,17,0.9998,1,0.0314,44.5,44.0,105.58,-128.45,218.0,RAS
s1017,humerus_right,1,0.9788,0.9584,12450,75,465,12525,12915,ok,12525,42271.88,0,0.9459,0.6073,0.7245,0.1389,0.25,0.13,87480.0,0.4832,1,1.0,1,0.0803,122.51,61.0,268.97,-145.0,664.8,RAS
s1017,inferior_vena_cava,0,0.8172,0.6909,5687,665,1879,6352,7566,ok,6352,21438.0,0,0.4828,0.7994,0.18,0.2153,0.1181,0.2888,142290.0,0.1507,1,1.0,1,0.0039,42.87,44.0,125.22,-167.0,248.45,RAS
s1017,kidney_left,1,0.9705,0.9427,4691,52,233,4743,4924,ok,4743,16007.62,0,0.0554,0.7378,0.0181,0.1528,0.3542,0.0542,56801.25,0.2818,2,0.9996,1,0.1617,52.62,52.0,163.58,-211.0,320.0,RAS
s1017,kidney_right,1,0.9797,0.9602,17213,166,548,17379,17761,ok,17379,58654.12,0,0.7579,0.6929,0.0376,0.2708,0.2847,0.0975,145708.88,0.4025,1,1.0,1,0.0439,37.33,35.0,147.32,-203.0,280.0,RAS
s1017,liver,1,0.9872,0.9748,297958,3264,4454,301222,302412,ok,301222,1016624.25,0,0.7541,0.7374,0.2376,0.6736,0.6111,0.3321,2650428.0,0.3836,11,1.0,1,0.0182,54.56,54.0,119.32,-141.0,251.0,RAS
s1017,lung_lower_lobe_left,1,0.9855,0.9713,63605,372,1505,63977,65110,ok,63977,215922.38,0,0.0971,0.5395,0.3055,0.2708,0.4514,0.3682,872673.75,0.2474,2,1.0,1,0.0308,-612.96,-671.0,244.81,-915.0,-98.0,RAS
s1017,lung_lower_lobe_right,0,0.9295,0.8684,115076,15009,2437,130085,117513,ok,130085,439036.88,0,0.6483,0.4764,0.3275,0.5278,0.5764,0.3646,2150239.5,0.2042,7,1.0,0,0.0,-639.77,-679.0,214.83,-920.0,-226.0,RAS
s1017,lung_middle_lobe_right,0,0.9161,0.8453,35842,3915,2647,39757,38489,ok,39757,134179.88,0,0.7609,0.8084,0.4158,0.3889,0.4306,0.1191,386694.0,0.347,3,0.9999,1,0.0193,-750.18,-797.0,189.69,-963.0,-357.0,RAS
s1017,lung_upper_lobe_left,1,0.9913,0.9828,65201,358,780,65559,65981,ok,65559,221261.62,0,0.0674,0.7196,0.4796,0.2222,0.5556,0.3249,777600.0,0.2845,1,1.0,1,0.0635,-651.85,-698.0,208.23,-909.0,-219.0,RAS
s1017,lung_upper_lobe_right,0,0.9098,0.8346,112185,4340,17898,116525,130083,ok,116525,393271.88,0,0.6756,0.6539,0.4965,0.4792,0.6458,0.3141,1884191.62,0.2087,6,0.9907,1,0.0053,-698.13,-737.0,187.36,-929.8,-316.0,RAS
s1017,pancreas,0,0.8528,0.7433,7866,1050,1666,8916,9532,ok,8916,30091.5,0,0.4935,0.933,0.052,0.5417,0.1528,0.1083,173745.0,0.1732,5,0.8109,1,0.0962,20.57,21.0,144.54,-215.0,257.0,RAS
s1017,portal_vein_and_splenic_vein,0,0.558,0.3869,1227,486,1458,1713,2685,ok,1713,5781.38,0,0.5667,0.8856,0.1141,0.4167,0.1806,0.1444,210600.0,0.0275,3,0.9743,1,0.0099,49.15,51.0,129.34,-170.8,262.0,RAS
s1017,pulmonary_vein,0,0.904,0.8248,4864,738,295,5602,5159,ok,5602,18906.75,0,0.3536,0.6726,0.3669,0.4861,0.2292,0.148,319646.25,0.0591,4,0.4359,0,0.0,29.19,30.0,116.2,-163.0,218.0,RAS
s1017,rib_left_1,1,0.9684,0.9388,2561,143,24,2704,2585,ok,2704,9126.0,0,0.1358,0.7858,0.5731,0.2292,0.4306,0.1047,200252.25,0.0456,1,1.0,1,0.0,376.06,326.0,283.07,-8.85,913.7,RAS
s1017,rib_left_10,1,0.9694,0.9406,792,48,2,840,794,ok,840,2835.0,0,0.0909,0.446,0.1122,0.2222,0.0625,0.0866,23328.0,0.1215,2,0.9988,1,0.0464,483.51,434.0,354.22,-20.2,1102.15,RAS
s1017,rib_left_11,1,0.986,0.9725,706,13,7,719,713,ok,719,2426.62,0,0.1042,0.488,0.0316,0.2222,0.0625,0.0758,20412.0,0.1189,1,1.0,1,0.0501,481.76,433.0,375.01,-50.1,1160.1,RAS
s1017,rib_left_2,1,0.9808,0.9624,1075,19,23,1094,1098,ok,1094,3692.25,0,0.0745,0.6491,0.5672,0.1875,0.5069,0.083,152998.88,0.0241,2,0.7157,1,0.0777,290.2,263.5,232.12,-31.0,717.7,RAS
s1017,rib_left_3,1,0.9809,0.9625,616,15,9,631,625,ok,631,2129.62,0,0.0919,0.4545,0.5308,0.1875,0.0764,0.0433,12028.5,0.177,1,1.0,1,0.038,343.11,317.0,243.85,2.0,776.5,RAS
s1017,rib_left_4,1,0.9866,0.9735,624,8,9,632,633,ok,632,2133.0,0,0.0839,0.4156,0.4816,0.1806,0.0833,0.0397,11583.0,0.1841,1,1.0,1,0.0411,295.61,248.5,264.11,-42.45,808.8,RAS
s1017,rib_left_5,1,0.9883,0.9769,762,12,6,774,768,ok,774,2612.25,0,0.0809,0.3993,0.4326,0.1875,0.0833,0.0397,12028.5,0.2172,1,1.0,1,0.0452,332.87,302.0,256.77,-35.35,819.0,RAS
s1017,rib_left_6,1,0.986,0.9724,845,17,7,862,852,ok,862,2909.25,0,0.0778,0.3896,0.3785,0.1875,0.0972,0.0433,15309.0,0.19,1,1.0,1,0.0522,347.37,292.0,303.75,-52.95,901.75,RAS
s1017,rib_left_7,0,0.8005,0.6674,646,9,313,655,959,ok,655,2210.62,0,0.0519,0.3923,0.3198,0.125,0.0903,0.0505,11056.5,0.1999,1,1.0,1,0.0702,409.44,362.0,368.38,-101.9,1095.9,RAS
s1017,rib_left_8,0,0.6057,0.4344,533,302,392,835,925,ok,835,2818.12,0,0.0792,0.3996,0.2806,0.1944,0.1042,0.1264,49612.5,0.0568,2,0.6383,1,0.0623,493.32,460.0,384.86,-45.9,1149.6,RAS
s1017,rib_left_9,0,0.8026,0.6702,813,394,6,1207,819,ok,1207,4073.62,0,0.0942,0.411,0.213,0.1875,0.0972,0.1444,51030.0,0.0798,2,0.691,1,0.0423,504.91,481.0,369.34,-51.7,1119.7,RAS
s1017,rib_right_1,1,0.9762,0.9536,3020,70,77,3090,3097,ok,3090,10428.75,0,0.6387,0.6893,0.5908,0.2431,0.4236,0.0939,187346.25,0.0557,1,1.0,0,0.0,381.47,324.0,295.0,-16.0,952.0,RAS
s1017,rib_right_10,1,0.9636,0.9298,1802,104,32,1906,1834,ok,1906,6432.75,0,0.7529,0.4002,0.1004,0.5139,0.2014,0.1516,304195.5,0.0211,2,0.9774,1,0.0205,457.31,383.0,416.5,-106.5,1274.25,RAS
s1017,rib_right_11,1,0.9828,0.9661,1026,17,19,1043,1045,ok,1043,3520.12,0,0.6651,0.417,0.048,0.3611,0.0903,0.0939,59319.0,0.0593,1,1.0,1,0.023,464.85,409.0,398.75,-84.9,1221.7,RAS
s1017,rib_right_12,0,0.8984,0.8156,115,17,9,132,124,ok,132,445.5,0,0.5587,0.4923,0.0039,0.1181,0.0764,0.0144,2524.5,0.1765,2,0.9697,1,0.3333,455.88,402.5,310.7,-46.95,1009.45,RAS
s1017,rib_right_2,1,0.9777,0.9563,2669,109,13,2778,2682,ok,2778,9375.75,0,0.7219,0.6122,0.5673,0.3681,0.5833,0.0975,405688.5,0.0231,3,0.9993,1,0.0029,264.92,221.0,245.52,-58.15,732.15,RAS
s1017,rib_right_3,1,0.9809,0.9625,2672,96,8,2768,2680,ok,2768,9342.0,0,0.7782,0.5957,0.5122,0.4375,0.6458,0.1191,652546.12,0.0143,1,1.0,1,0.0087,270.64,236.5,266.08,-94.0,758.65,RAS
s1017,rib_right_4,1,0.9902,0.9807,3297,37,28,3334,3325,ok,3334,11252.25,0,0.8121,0.5632,0.4597,0.4792,0.6806,0.1336,844404.75,0.0133,1,1.0,1,0.0066,266.56,201.0,289.32,-99.35,822.0,RAS
s1017,rib_right_5,1,0.99,0.9803,3578,29,43,3607,3621,ok,3607,12173.62,0,0.8132,0.5176,0.4069,0.5139,0.7222,0.1516,1090908.0,0.0112,1,1.0,1,0.071,312.72,242.0,329.58,-107.0,962.0,RAS
s1017,rib_right_6,0,0.8923,0.8056,2552,27,589,2579,3141,ok,2579,8704.12,0,0.7347,0.3604,0.3755,0.4722,0.3333,0.0758,231336.0,0.0376,1,1.0,0,0.0,366.74,302.0,337.35,-69.1,1029.1,RAS
s1017,rib_right_7,0,0.77,0.626,2074,598,641,2672,2715,ok,2672,9018.0,0,0.7807,0.4047,0.3217,0.5,0.4583,0.0758,336798.0,0.0268,4,0.7844,1,0.0318,392.73,299.0,379.76,-99.9,1098.45,RAS
s1017,rib_right_8,0,0.7581,0.6105,1851,641,540,2492,2391,ok,2492,8410.5,0,0.7921,0.4054,0.26,0.5069,0.3819,0.1625,609778.12,0.0138,8,0.7408,1,0.0253,431.81,349.0,425.29,-119.0,1216.45,RAS
s1017,rib_right_9,0,0.874,0.7762,2185,511,119,2696,2304,ok,2696,9099.0,0,0.7352,0.3773,0.1908,0.5139,0.2917,0.1913,555943.5,0.0164,4,0.8197,1,0.0219,543.58,487.5,481.07,-122.25,1400.25,RAS
s1017,scapula_left,0,0.9472,0.8996,1246,17,122,1263,1368,ok,1263,4262.62,0,0.0301,0.459,0.5862,0.0903,0.1875,0.1264,41461.88,0.1028,1,1.0,1,0.1338,305.98,259.0,264.62,-46.0,801.8,RAS
s1017,scapula_right,1,0.973,0.9474,26353,705,759,27058,27112,ok,27058,91320.75,0,0.8421,0.4306,0.6239,0.4167,0.4583,0.4296,1590435.0,0.0574,3,0.9999,1,0.0007,311.41,173.0,402.68,-136.0,1173.0,RAS
s1017,skull,1,0.9753,0.9518,85090,2399,1913,87489,87003,ok,87489,295275.38,0,0.322,0.6561,0.9211,0.6458,0.6875,0.2202,1895491.12,0.1558,9,0.9999,1,0.026,544.95,401.0,616.73,-215.0,1535.0,RAS
s1017,spinal_cord,1,0.9546,0.9131,16700,1220,370,17920,17070,ok,17920,60480.0,0,0.3529,0.528,0.4543,0.1181,0.3264,0.8736,652583.25,0.0927,1,1.0,1,0.004,30.68,29.0,112.4,-151.0,215.0,RAS
s1017,spleen,1,0.9787,0.9583,7616,75,256,7691,7872,ok,7691,25957.12,0,0.0443,0.697,0.1774,0.1389,0.4028,0.1372,148770.0,0.1745,3,0.9993,1,0.0906,57.91,56.0,126.54,-146.0,270.0,RAS
s1017,sternum,0,0.9253,0.861,6370,813,215,7183,6585,ok,7183,24242.62,0,0.4204,0.9214,0.5459,0.2569,0.1528,0.0866,65934.0,0.3677,1,1.0,1,0.0294,170.51,110.0,333.58,-113.0,633.9,RAS
s1017,stomach,1,0.956,0.9157,12204,567,556,12771,12760,ok,12771,43102.12,0,0.2941,0.9289,0.1615,0.6181,0.1875,0.0975,218973.38,0.1968,2,0.9193,1,0.0684,52.01,52.0,120.74,-148.0,250.0,RAS
s1017,subclavian_artery_left,0,0.8638,0.7603,2043,472,172,2515,2215,ok,2515,8488.12,0,0.2093,0.7108,0.5946,0.3333,0.1875,0.0686,83106.0,0.1021,1,1.0,1,0.0044,36.64,31.0,111.01,-116.0,190.3,RAS
s1017,subclavian_artery_right,0,0.9141,0.8418,2571,216,267,2787,2838,ok,2787,9406.12,0,0.5859,0.6627,0.5915,0.2986,0.1111,0.1155,74304.0,0.1266,2,0.9853,0,0.0,24.44,23.0,97.89,-135.0,177.0,RAS
s1017,superior_vena_cava,1,0.9611,0.9251,5471,315,128,5786,5599,ok,5786,19527.75,0,0.5243,0.7792,0.4457,0.125,0.1736,0.1661,69862.5,0.2795,1,1.0,0,0.0,24.85,27.0,95.02,-132.0,180.0,RAS
s1017,thyroid_gland,1,0.9534,0.9109,7361,233,487,7594,7848,ok,7594,25629.75,0,0.4167,0.796,0.6437,0.2569,0.1528,0.1191,90659.25,0.2827,1,1.0,0,0.0,62.49,61.0,81.76,-72.0,195.0,RAS
s1017,trachea,1,0.9612,0.9253,5415,54,383,5469,5798,ok,5469,18457.88,0,0.4056,0.6801,0.5321,0.3472,0.2292,0.2527,389812.5,0.0474,1,1.0,0,0.0,-748.14,-858.0,267.94,-1010.0,-170.0,RAS
s1017,vertebrae_C1,1,0.9642,0.9309,2829,47,163,2876,2992,ok,2876,9706.5,0,0.3628,0.7178,0.8531,0.3403,0.1875,0.0614,75907.12,0.1279,2,0.9997,0,0.0,605.18,503.0,495.59,-68.5,1443.0,RAS
s1017,vertebrae_C2,1,0.978,0.9569,4156,117,70,4273,4226,ok,4273,14421.38,0,0.3634,0.6982,0.8188,0.2431,0.2222,0.0975,102060.0,0.1413,2,0.9995,0,0.0,481.95,348.0,444.56,-33.0,1387.4,RAS
s1017,vertebrae_C3,1,0.9683,0.9385,3190,66,143,3256,3333,ok,3256,10989.0,0,0.3692,0.6797,0.7789,0.2569,0.2014,0.065,65184.75,0.1686,3,0.9994,0,0.0,466.28,385.5,375.58,-13.0,1219.5,RAS
s1017,vertebrae_C4,1,0.9734,0.9481,2889,74,84,2963,2973,ok,2963,10000.12,0,0.3641,0.658,0.746,0.2639,0.2014,0.065,66946.5,0.1494,1,1.0,0,0.0,464.18,392.0,342.96,21.1,1118.9,RAS
s1017,vertebrae_C5,1,0.9586,0.9206,2943,123,131,3066,3074,ok,3066,10347.75,0,0.3641,0.6358,0.7118,0.2569,0.1944,0.0614,59440.5,0.1741,11,0.9967,0,0.0,439.77,362.5,344.42,0.0,1122.0,RAS
s1017,vertebrae_C6,1,0.9495,0.9039,3593,188,194,3781,3787,ok,3781,12760.88,0,0.3647,0.6266,0.6779,0.25,0.2222,0.0758,81648.0,0.1563,3,0.9984,0,0.0,352.12,294.0,288.21,-14.0,909.0,RAS
s1017,vertebrae_C7,1,0.9677,0.9374,4930,99,230,5029,5160,ok,5029,16972.88,0,0.3569,0.5917,0.6438,0.3333,0.2847,0.0686,126198.0,0.1345,2,0.9998,0,0.0,306.18,243.0,278.31,-40.0,862.0,RAS
s1017,vertebrae_L1,1,0.973,0.9473,7717,159,270,7876,7987,ok,7876,26581.5,0,0.3809,0.6347,0.0195,0.2431,0.3056,0.065,93555.0,0.2841,1,1.0,1,0.0754,240.82,189.5,304.82,-151.0,852.25,RAS
s1017,vertebrae_L2,0,0.0,0.0,0,23,0,23,0,false_positive,23,77.62,0,0.4798,0.7473,0.0013,0.0486,0.0347,0.0072,236.25,0.3286,1,1.0,1,0.6522,395.22,307.0,273.76,116.9,819.2,RAS
s1017,vertebrae_T1,1,0.9848,0.97,5429,39,129,5468,5558,ok,5468,18454.5,0,0.3497,0.5519,0.6054,0.3264,0.2917,0.0758,139907.25,0.1319,1,1.0,0,0.0,267.41,183.0,306.44,-60.0,936.3,RAS
s1017,vertebrae_T10,1,0.9694,0.9405,9270,333,253,9603,9523,ok,9603,32410.12,0,0.3567,0.5079,0.1848,0.2778,0.3333,0.1227,220320.0,0.1471,1,1.0,0,0.0,275.47,200.0,321.95,-117.0,956.0,RAS
s1017,vertebrae_T11,1,0.9682,0.9384,10062,281,380,10343,10442,ok,10343,34907.62,0,0.3553,0.5416,0.1268,0.25,0.3333,0.1625,262440.0,0.133,15,0.9924,0,0.0,275.1,200.0,332.18,-129.0,983.7,RAS
s1017,vertebrae_T12,1,0.9705,0.9427,10171,288,330,10459,10501,ok,10459,35299.12,0,0.362,0.5727,0.0662,0.2361,0.3264,0.1191,177977.25,0.1983,3,0.989,1,0.0061,279.32,206.0,337.78,-143.0,985.1,RAS
s1017,vertebrae_T2,1,0.9761,0.9533,5246,200,57,5446,5303,ok,5446,18380.25,0,0.3448,0.5237,0.56,0.2847,0.2917,0.0866,139482.0,0.1318,1,1.0,0,0.0,276.78,193.5,314.4,-75.0,963.0,RAS
s1017,vertebrae_T3,0,0.5244,0.3554,2007,3498,142,5505,2149,ok,5505,18579.38,0,0.3461,0.4891,0.5119,0.2639,0.3056,0.0903,141075.0,0.1317,3,0.9996,0,0.0,283.97,201.0,310.3,-77.0,936.8,RAS
s1017,vertebrae_T4,0,0.045,0.023,205,5209,3483,5414,3688,low_dice,5414,18272.25,0,0.3563,0.4651,0.4621,0.25,0.3056,0.1011,149688.0,0.1221,1,1.0,0,0.0,268.5,180.0,317.3,-92.35,951.0,RAS
s1017,vertebrae_T5,0,0.0983,0.0517,519,4236,5287,4755,5806,low_dice,4755,16048.12,0,0.3641,0.4405,0.4159,0.2569,0.2708,0.1047,141233.62,0.1136,2,0.9998,0,0.0,280.9,193.0,331.66,-111.0,987.0,RAS
s1017,vertebrae_T6,0,0.4299,0.2738,1975,938,4300,2913,6275,low_dice,2913,9831.38,0,0.3691,0.4778,0.388,0.2569,0.2778,0.1625,224775.0,0.0437,9,0.9145,0,0.0,280.57,201.0,316.26,-85.0,949.2,RAS
s1017,vertebrae_T7,0,0.8959,0.8114,5586,152,1146,5738,6732,ok,5738,19365.75,0,0.3753,0.4669,0.3485,0.25,0.2847,0.1697,234130.5,0.0827,5,0.9862,0,0.0,252.23,184.0,304.87,-105.0,929.15,RAS
s1017,vertebrae_T8,1,0.9772,0.9555,7345,116,226,7461,7571,ok,7461,25180.88,0,0.3616,0.4791,0.3009,0.2708,0.2986,0.1697,266014.12,0.0947,3,0.9961,0,0.0,238.31,166.0,314.43,-132.0,935.0,RAS
s1017,vertebrae_T9,1,0.9814,0.9635,8251,123,190,8374,8441,ok,8374,28262.25,0,0.355,0.494,0.2436,0.2639,0.3194,0.1264,206482.5,0.1369,1,1.0,0,0.0,255.59,176.0,323.42,-122.0,984.0,RAS
s0918,adrenal_gland_left,0,0.9186,0.8494,891,64,94,955,985,ok,955,3223.12,0,0.3679,0.4941,0.526,0.0516,0.0992,0.061,30712.5,0.1049,1,1.0,0,0.0,30.03,32.0,41.6,-43.0,92.0,RAS
s0918,adrenal_gland_right,0,0.9244,0.8595,1040,62,108,1102,1148,ok,1102,3719.25,0,0.5946,0.4652,0.5027,0.0635,0.0992,0.0523,32400.0,0.1148,2,0.9964,0,0.0,26.61,30.0,41.17,-47.0,88.0,RAS
s0918,aorta,1,0.9894,0.9791,94149,819,1194,94968,95343,ok,94968,320517.0,0,0.4109,0.4966,0.7214,0.1865,0.2937,0.5359,2887609.5,0.111,1,1.0,0,0.0,158.03,148.0,113.77,63.35,210.0,RAS
s0918,atrial_appendage_left,1,0.9616,0.926,1164,51,42,1215,1206,ok,1215,4100.62,0,0.3478,0.5163,0.7417,0.0595,0.0635,0.0305,11340.0,0.3616,1,1.0,0,0.0,81.12,89.0,61.52,-24.3,167.0,RAS
s0918,autochthon_left,1,0.9862,0.9727,164022,2501,2097,166523,166119,ok,166523,562015.12,0,0.3982,0.26,0.5475,0.2143,0.246,0.7887,4090419.0,0.1374,1,1.0,1,0.0018,26.66,36.0,36.38,-58.0,68.0,RAS
s0918,autochthon_right,1,0.9866,0.9735,168703,2484,2103,171187,170806,ok,171187,577756.12,0,0.5663,0.2556,0.5496,0.2302,0.2579,0.7865,4593274.0,0.1258,1,1.0,1,0.0023,28.78,38.0,35.95,-53.0,70.0,RAS
s0918,brachiocephalic_trunk,0,0.9012,0.8202,1501,92,237,1593,1738,ok,1593,5376.38,0,0.4006,0.568,0.8909,0.123,0.0437,0.0349,18414.0,0.292,1,1.0,0,0.0,155.0,133.0,119.44,57.0,387.2,RAS
s0918,brachiocephalic_vein_left,0,0.9249,0.8603,2168,187,165,2355,2333,ok,2355,7948.12,0,0.3771,0.5773,0.8838,0.127,0.0794,0.0566,56160.0,0.1415,1,1.0,0,0.0,106.05,106.0,60.9,34.7,144.0,RAS
s0918,brachiocephalic_vein_right,1,0.97,0.9418,2296,27,115,2323,2411,ok,2323,7840.12,0,0.5067,0.5751,0.8958,0.1111,0.0476,0.061,31752.0,0.2469,1,1.0,0,0.0,125.72,139.0,40.78,32.0,163.0,RAS
s0918,clavicula_left,1,0.9906,0.9814,9942,107,81,10049,10023,ok,10049,33915.38,0,0.3164,0.5191,0.955,0.2778,0.3016,0.1068,879795.0,0.0385,1,1.0,1,0.0227,393.19,292.0,339.8,-16.0,1063.6,RAS
s0918,clavicula_right,1,0.9855,0.9714,9527,74,206,9601,9733,ok,9601,32403.38,0,0.6443,0.5435,0.9559,0.2857,0.2817,0.1068,845397.0,0.0383,1,1.0,1,0.0328,401.84,311.0,321.77,-6.0,1021.0,RAS
s0918,colon,1,0.9725,0.9465,212983,5434,6593,218417,219576,ok,218417,737157.38,0,0.4785,0.5691,0.3398,0.7183,0.4921,0.4924,17119160.0,0.0431,1,1.0,0,0.0,-95.18,-16.0,232.09,-769.0,69.0,RAS
s0918,common_carotid_artery_left,1,0.9643,0.9312,1623,77,43,1700,1666,ok,1700,5737.5,0,0.3813,0.5303,0.9327,0.0913,0.0873,0.122,95634.0,0.06,1,1.0,1,0.0129,115.99,115.0,83.1,26.0,179.0,RAS
s0918,common_carotid_artery_right,1,0.9565,0.9165,1230,20,92,1250,1322,ok,1250,4218.75,0,0.5016,0.5697,0.9438,0.1349,0.0397,0.0959,50490.0,0.0836,1,1.0,1,0.02,122.3,126.0,34.19,60.0,173.0,RAS
s0918,costal_cartilages,1,0.9574,0.9182,57392,2894,2219,60286,59611,ok,60286,203465.25,0,0.4912,0.7524,0.667,0.7937,0.4524,0.4684,16544250.0,0.0123,19,0.7033,0,0.0,108.47,108.0,45.32,52.0,155.0,RAS
s0918,duodenum,0,0.9319,0.8725,10609,1072,479,11681,11088,ok,11681,39423.38,0,0.4943,0.5686,0.4197,0.25,0.1071,0.1002,264080.25,0.1493,1,1.0,0,0.0,48.81,61.0,44.73,-48.0,102.0,RAS
s0918,esophagus,1,0.9657,0.9336,16805,836,359,17641,17164,ok,17641,59538.38,0,0.4215,0.4709,0.7729,0.119,0.1389,0.3725,605981.25,0.0983,1,1.0,0,0.0,-46.67,29.0,231.77,-729.0,88.0,RAS
s0918,femur_left,1,0.9732,0.9478,64938,1822,1755,66760,66693,ok,66760,225315.0,0,0.2201,0.4604,0.0868,0.2778,0.1786,0.1699,829237.5,0.2717,1,1.0,1,0.0067,1400.34,952.0,1222.03,-13.0,3073.0,RAS
s0918,femur_right,1,0.9943,0.9886,64221,217,523,64438,64744,ok,64438,217478.25,0,0.7939,0.4291,0.0873,0.2421,0.2183,0.1656,860557.5,0.2527,1,1.0,1,0.0063,231.72,147.0,292.55,-43.0,960.0,RAS
s0918,gallbladder,1,0.9666,0.9354,10748,361,381,11109,11129,ok,11109,37492.88,0,0.6229,0.6988,0.4765,0.1111,0.1746,0.0523,99792.0,0.3757,1,1.0,0,0.0,21.12,19.0,20.63,-7.0,60.0,RAS
s0918,gluteus_maximus_left,1,0.9769,0.9548,121867,3559,2213,125426,124080,ok,125426,423312.75,0,0.2622,0.2879,0.1172,0.3651,0.1667,0.281,1682289.0,0.2516,1,1.0,1,0.008,30.53,32.0,32.96,-26.0,82.0,RAS
s0918,gluteus_maximus_right,1,0.9862,0.9727,129061,1292,2332,130353,131393,ok,130353,439941.38,0,0.7292,0.2782,0.1264,0.377,0.1667,0.2919,1804477.5,0.2438,1,1.0,1,0.0073,26.9,30.0,25.08,-19.0,62.0,RAS
s0918,gluteus_medius_left,1,0.9706,0.9429,60286,2421,1233,62707,61519,ok,62707,211636.12,0,0.1661,0.4156,0.2109,0.2341,0.2698,0.2004,1245726.0,0.1699,1,1.0,0,0.0,29.49,37.0,37.63,-42.0,71.0,RAS
s0918,gluteus_medius_right,1,0.9839,0.9683,72706,701,1681,73407,74387,ok,73407,247748.62,0,0.8375,0.3953,0.2182,0.2817,0.25,0.22,1524733.88,0.1625,1,1.0,0,0.0,38.23,43.0,25.63,-5.0,67.0,RAS
s0918,gluteus_minimus_left,1,0.9524,0.9091,17198,654,1065,17852,18263,ok,17852,60250.5,0,0.1842,0.4723,0.1927,0.1349,0.2063,0.122,334152.0,0.1803,1,1.0,0,0.0,41.53,47.0,50.12,-40.0,104.0,RAS
s0918,gluteus_minimus_right,1,0.9799,0.9606,23950,349,633,24299,24583,ok,24299,82009.12,0,0.8134,0.4481,0.1983,0.1468,0.1944,0.146,409964.62,0.2,1,1.0,0,0.0,40.94,46.0,30.05,-15.0,78.0,RAS
s0918,heart,1,0.9681,0.9382,175496,4616,6937,180112,182433,ok,180112,607878.0,0,0.3751,0.6127,0.6829,0.3889,0.3095,0.2418,2863633.5,0.2123,1,1.0,0,0.0,130.57,137.0,35.92,65.0,177.0,RAS
s0918,hip_left,1,0.978,0.9569,124630,3573,2043,128203,126673,ok,128203,432685.12,0,0.301,0.4334,0.1933,0.3929,0.3929,0.3159,4796364.5,0.0902,1,1.0,0,0.0,239.08,188.0,228.95,-20.9,702.0,RAS
s0918,hip_right,1,0.9917,0.9836,132177,1692,512,133869,132689,ok,133869,451807.88,0,0.6932,0.4247,0.1979,0.381,0.3929,0.3181,4683096.0,0.0965,1,1.0,0,0.0,224.03,166.0,212.25,-19.0,674.0,RAS
s0918,humerus_left,1,0.9886,0.9775,25680,42,549,25722,26229,ok,25722,86811.75,0,0.0951,0.4499,0.9665,0.1548,0.1667,0.0763,193488.75,0.4487,1,1.0,1,0.0278,105.34,67.0,201.11,-113.0,476.0,RAS
s0918,humerus_right,1,0.9859,0.9723,22081,111,519,22192,22600,ok,22192,74898.0,0,0.867,0.4816,0.9725,0.1508,0.1548,0.0654,150052.5,0.4991,1,1.0,1,0.0416,108.2,75.0,177.45,-96.0,444.0,RAS
s0918,iliac_artery_left,0,0.9456,0.8968,4395,364,142,4759,4537,ok,4759,16061.62,0,0.3793,0.5416,0.2411,0.1865,0.1429,0.2832,742365.0,0.0216,1,1.0,0,0.0,253.13,146.0,268.38,42.0,896.2,RAS
s0918,iliac_artery_right,1,0.9624,0.9276,4252,240,92,4492,4344,ok,4492,15160.5,0,0.6076,0.5418,0.243,0.2619,0.1071,0.2789,769824.0,0.0197,1,1.0,0,0.0,262.62,152.0,259.17,60.55,881.45,RAS
s0918,iliac_vena_left,0,0.9292,0.8677,6941,963,95,7904,7036,ok,7904,26676.0,0,0.3927,0.5273,0.2209,0.2063,0.1706,0.268,928219.5,0.0287,1,1.0,0,0.0,104.72,110.0,44.55,28.0,170.0,RAS
s0918,iliac_vena_right,1,0.9566,0.9169,6087,272,280,6359,6367,ok,6359,21461.62,0,0.6204,0.5272,0.2172,0.1905,0.1468,0.2593,713286.0,0.0301,1,1.0,0,0.0,65.89,65.0,31.39,15.0,121.0,RAS
s0918,iliopsoas_left,1,0.9824,0.9654,75854,1212,1505,77066,77359,ok,77066,260097.75,0,0.3154,0.4787,0.2923,0.2421,0.3135,0.4706,3513051.0,0.074,2,0.9823,0,0.0,49.6,52.0,29.35,8.0,81.0,RAS
s0918,iliopsoas_right,1,0.9849,0.9703,85210,1587,1019,86797,86229,ok,86797,292939.88,0,0.682,0.4787,0.2711,0.2738,0.2817,0.4815,3654041.5,0.0802,1,1.0,0,0.0,49.61,52.0,23.28,9.0,80.0,RAS
s0918,inferior_vena_cava,1,0.9533,0.9107,24589,1519,891,26108,25480,ok,26108,88114.5,0,0.5512,0.5342,0.5281,0.1587,0.0992,0.3268,506250.0,0.1741,1,1.0,0,0.0,114.73,118.0,36.04,47.0,166.0,RAS
s0918,kidney_left,1,0.9923,0.9848,40624,398,229,41022,40853,ok,41022,138449.25,0,0.2737,0.4075,0.4561,0.1825,0.1667,0.1481,443394.0,0.3122,1,1.0,0,0.0,141.51,153.0,41.55,62.0,191.0,RAS
s0918,kidney_right,1,0.9914,0.983,38869,447,227,39316,39096,ok,39316,132691.5,0,0.6939,0.3961,0.4354,0.1905,0.1746,0.1416,463320.0,0.2864,1,1.0,0,0.0,142.59,154.0,40.96,65.0,191.0,RAS
s0918,liver,1,0.9934,0.987,504460,4311,2349,508771,506809,ok,508771,1717102.12,0,0.6914,0.566,0.531,0.5437,0.5159,0.2266,6251310.0,0.2747,1,1.0,0,0.0,102.26,105.0,23.52,62.0,135.0,RAS
s0918,lung_lower_lobe_left,1,0.965,0.9323,325406,18199,5430,343605,330836,ok,343605,1159666.88,0,0.268,0.3952,0.6902,0.3135,0.4325,0.2919,3894324.75,0.2978,3,1.0,0,0.0,-839.95,-887.0,150.96,-951.0,-531.0,RAS
s0918,lung_lower_lobe_right,1,0.9967,0.9935,641773,2208,1999,643981,643772,ok,643981,2173436.0,0,0.6823,0.4165,0.6889,0.4643,0.4683,0.3595,7688216.0,0.2827,1,1.0,0,0.0,-839.51,-881.0,150.92,-961.0,-554.0,RAS
s0918,lung_middle_lobe_right,1,0.9775,0.956,191523,4218,4602,195741,196125,ok,195741,660625.88,0,0.6668,0.6413,0.7045,0.4841,0.3095,0.183,2697786.0,0.2449,2,1.0,0,0.0,-837.75,-877.0,144.67,-956.0,-567.0,RAS
s0918,lung_upper_lobe_left,0,0.9103,0.8353,138905,9129,18262,148034,157167,ok,148034,499614.75,0,0.2492,0.5122,0.7859,0.2579,0.4048,0.2941,3020793.75,0.1654,7,0.9976,0,0.0,-788.32,-886.0,244.29,-954.0,-64.0,RAS
s0918,lung_upper_lobe_right,1,0.9899,0.98,480000,3955,5849,483955,485849,ok,483955,1633348.12,0,0.6074,0.5581,0.835,0.5476,0.4643,0.2462,6157681.0,0.2653,4,1.0,0,0.0,-865.75,-905.0,136.58,-970.0,-610.0,RAS
s0918,pancreas,1,0.9593,0.9218,14730,915,334,15645,15064,ok,15645,52801.88,0,0.4334,0.6101,0.507,0.3254,0.2024,0.1503,973883.25,0.0542,2,0.9999,0,0.0,71.41,78.0,37.24,-1.0,121.0,RAS
s0918,portal_vein_and_splenic_vein,1,0.956,0.9156,11309,676,366,11985,11675,ok,11985,40449.38,0,0.5168,0.6011,0.5179,0.4841,0.25,0.0871,1037610.0,0.039,1,1.0,0,0.0,146.92,155.0,35.33,73.0,190.0,RAS
s0918,prostate,0,0.9011,0.8199,8757,572,1351,9329,10108,ok,9329,31485.38,0,0.5058,0.4544,0.1005,0.119,0.0952,0.0545,60750.0,0.5183,1,1.0,0,0.0,42.89,45.0,32.37,-12.0,93.0,RAS
s0918,pulmonary_vein,1,0.9595,0.9221,8558,627,96,9185,8654,ok,9185,30999.38,0,0.4691,0.4864,0.7423,0.3175,0.1706,0.1024,545670.0,0.0568,2,0.6159,0,0.0,124.43,136.0,47.08,27.2,180.0,RAS
s0918,rib_left_1,1,0.9695,0.9408,3637,48,181,3685,3818,ok,3685,12436.88,0,0.3243,0.5444,0.9173,0.0992,0.2381,0.098,227812.5,0.0546,1,1.0,0,0.0,467.77,445.0,218.2,147.0,874.0,RAS
s0918,rib_left_10,1,0.9882,0.9766,5391,39,90,5430,5481,ok,5430,18326.25,0,0.2046,0.3301,0.5866,0.3016,0.3016,0.2048,1832436.0,0.01,1,1.0,0,0.0,357.15,313.0,213.2,74.0,785.55,RAS
s0918,rib_left_11,1,0.9899,0.98,3284,13,54,3297,3338,ok,3297,11127.38,0,0.2494,0.2938,0.5432,0.2659,0.1627,0.1743,741690.0,0.015,1,1.0,0,0.0,379.49,337.0,214.25,108.0,801.2,RAS
s0918,rib_left_12,1,0.9789,0.9586,440,12,7,452,447,ok,452,1525.5,0,0.3469,0.2936,0.5415,0.123,0.0357,0.0458,19774.12,0.0771,1,1.0,0,0.0,286.25,270.0,105.6,147.2,482.9,RAS
s0918,rib_left_2,1,0.9876,0.9755,4739,57,62,4796,4801,ok,4796,16186.5,0,0.2689,0.517,0.8977,0.1786,0.3413,0.1242,744491.25,0.0217,1,1.0,0,0.0,306.81,292.0,178.4,35.0,627.25,RAS
s0918,rib_left_3,1,0.9883,0.9768,7001,103,63,7104,7064,ok,7104,23976.0,0,0.241,0.5165,0.8624,0.2262,0.4246,0.1547,1461472.88,0.0164,1,1.0,0,0.0,319.42,280.0,227.37,28.0,783.85,RAS
s0918,rib_left_4,0,0.9098,0.8345,6826,41,1313,6867,8139,ok,6867,23176.12,0,0.2416,0.5007,0.8301,0.2341,0.4722,0.183,1990453.5,0.0116,2,0.5436,0,0.0,368.58,328.0,226.55,64.0,833.7,RAS
s0918,rib_left_5,0,0.826,0.7036,6152,1180,1411,7332,7563,ok,7332,24745.5,0,0.2169,0.4849,0.7975,0.246,0.4921,0.2026,2413071.0,0.0103,3,0.4685,0,0.0,387.56,369.0,211.7,78.0,761.0,RAS
s0918,rib_left_6,0,0.8884,0.7991,9238,1276,1046,10514,10284,ok,10514,35484.75,0,0.1834,0.4902,0.7479,0.2659,0.5,0.2309,3020125.5,0.0117,7,0.5831,0,0.0,274.37,252.0,194.98,-10.35,625.35,RAS
s0918,rib_left_7,1,0.9537,0.9116,10050,852,123,10902,10173,ok,10902,36794.25,0,0.1737,0.4411,0.7092,0.2778,0.4643,0.2505,3178743.75,0.0116,3,0.9251,0,0.0,318.69,294.0,198.39,31.0,681.0,RAS
s0918,rib_left_8,1,0.9919,0.984,8061,21,110,8082,8171,ok,8082,27276.75,0,0.1778,0.3917,0.6673,0.2937,0.4206,0.2353,2859138.0,0.0095,2,0.9999,0,0.0,305.87,276.0,204.95,8.0,690.0,RAS
s0918,rib_left_9,1,0.9925,0.9852,6985,22,83,7007,7068,ok,7007,23648.62,0,0.1858,0.355,0.6298,0.3056,0.369,0.2157,2392669.0,0.0099,1,1.0,0,0.0,308.3,278.0,198.55,39.0,697.0,RAS
s0918,rib_right_1,1,0.9731,0.9475,3504,18,176,3522,3680,ok,3522,11886.75,0,0.6327,0.5511,0.932,0.119,0.246,0.1002,288765.0,0.0412,1,1.0,0,0.0,380.9,358.0,193.96,107.05,721.95,RAS
s0918,rib_right_10,1,0.9928,0.9857,5599,40,41,5639,5640,ok,5639,19031.62,0,0.7802,0.3074,0.5871,0.3294,0.2937,0.1917,1824174.0,0.0104,1,1.0,0,0.0,306.69,275.0,180.46,63.0,661.1,RAS
s0918,rib_right_11,1,0.9875,0.9754,3133,13,66,3146,3199,ok,3146,10617.75,0,0.7275,0.2705,0.5446,0.2659,0.1429,0.1808,675661.5,0.0157,1,1.0,0,0.0,352.85,313.0,189.09,101.0,725.0,RAS
s0918,rib_right_12,1,0.9853,0.971,871,9,17,880,888,ok,880,2970.0,0,0.6401,0.2778,0.5313,0.1468,0.0437,0.061,38461.5,0.0772,1,1.0,0,0.0,267.53,255.0,130.23,86.0,543.0,RAS
s0918,rib_right_2,1,0.9829,0.9664,4890,83,87,4973,4977,ok,4973,16783.88,0,0.6927,0.5223,0.9192,0.2103,0.3611,0.1307,976657.5,0.0172,1,1.0,0,0.0,259.95,242.0,158.43,48.0,525.0,RAS
s0918,rib_right_3,1,0.9883,0.9768,6399,18,134,6417,6533,ok,6417,21657.38,0,0.7351,0.5268,0.8802,0.2381,0.4325,0.146,1478857.5,0.0146,1,1.0,0,0.0,258.02,243.0,164.64,21.0,565.0,RAS
s0918,rib_right_4,1,0.9868,0.974,8001,41,173,8042,8174,ok,8042,27141.75,0,0.7666,0.507,0.8413,0.254,0.4881,0.159,1939464.0,0.014,1,1.0,0,0.0,279.3,257.0,170.01,39.0,580.0,RAS
s0918,rib_right_5,1,0.9865,0.9734,8822,57,184,8879,9006,ok,8879,29966.62,0,0.7827,0.4871,0.7992,0.2778,0.5159,0.1743,2457000.0,0.0122,1,1.0,0,0.0,268.73,240.0,201.36,-3.0,642.0,RAS
s0918,rib_right_6,1,0.9934,0.987,9844,36,94,9880,9938,ok,9880,33345.0,0,0.7905,0.4436,0.7605,0.2817,0.5079,0.2004,2821824.0,0.0118,1,1.0,0,0.0,289.48,250.0,186.7,43.0,653.05,RAS
s0918,rib_right_7,1,0.9932,0.9866,9929,25,110,9954,10039,ok,9954,33594.75,0,0.806,0.4208,0.7139,0.3175,0.4762,0.2266,3369600.0,0.01,1,1.0,0,0.0,274.9,242.0,191.07,16.0,644.35,RAS
s0918,rib_right_8,1,0.9928,0.9857,8493,31,92,8524,8585,ok,8524,28768.5,0,0.8043,0.3739,0.6762,0.3333,0.4444,0.22,3206952.0,0.009,2,0.9999,0,0.0,273.96,242.0,181.49,25.0,631.85,RAS
s0918,rib_right_9,1,0.9913,0.9827,7255,26,102,7281,7357,ok,7281,24573.38,0,0.7981,0.3374,0.6351,0.3373,0.3929,0.2048,2669658.75,0.0092,2,0.9999,0,0.0,266.02,239.0,173.54,29.0,608.0,RAS
s0918,sacrum,1,0.9706,0.9429,52562,1447,1735,54009,54297,ok,54009,182280.38,0,0.4938,0.312,0.2296,0.3333,0.2421,0.207,1642882.5,0.111,23,0.999,0,0.0,178.12,149.0,186.5,-52.0,529.0,RAS
s0918,scapula_left,1,0.9862,0.9728,39913,482,635,40395,40548,ok,40395,136333.12,0,0.1796,0.3367,0.8888,0.3016,0.2817,0.2876,2403918.0,0.0567,1,1.0,1,0.0048,290.18,239.0,232.11,26.0,756.0,RAS
s0918,scapula_right,1,0.9776,0.9561,39483,320,1491,39803,40974,ok,39803,134335.12,0,0.8124,0.3538,0.8986,0.3016,0.3095,0.2723,2500875.0,0.0537,1,1.0,1,0.004,314.55,258.0,247.02,35.0,817.0,RAS
s0918,small_bowel,1,0.9691,0.9401,285386,9582,8607,294968,293993,ok,294968,995517.0,0,0.4952,0.6182,0.3248,0.6429,0.3016,0.366,6980904.0,0.1426,2,1.0,0,0.0,32.18,56.0,85.43,-82.0,97.0,RAS
s0918,spinal_cord,1,0.9785,0.958,30597,796,547,31393,31144,ok,31393,105951.38,0,0.486,0.3358,0.6273,0.0754,0.2183,0.7582,1227352.5,0.0863,1,1.0,1,0.0028,28.16,30.0,27.85,-18.0,67.0,RAS
s0918,spleen,1,0.995,0.9901,95860,348,611,96208,96471,ok,96208,324702.0,0,0.2123,0.4634,0.5437,0.2341,0.2698,0.1612,1001997.0,0.3241,1,1.0,0,0.0,102.52,105.0,24.78,59.0,137.0,RAS
s0918,sternum,1,0.9652,0.9328,21536,713,839,22249,22375,ok,22249,75090.38,0,0.4812,0.7209,0.8189,0.1587,0.1746,0.2876,784080.0,0.0958,1,1.0,0,0.0,191.89,167.0,149.87,-9.0,466.0,RAS
s0918,stomach,1,0.9625,0.9278,51297,2899,1094,54196,52391,ok,54196,182911.5,0,0.3641,0.6629,0.5563,0.2778,0.2897,0.1481,1172745.0,0.156,1,1.0,0,0.0,-7.21,37.0,176.78,-403.0,93.0,RAS
s0918,subclavian_artery_left,0,0.9171,0.8469,2739,375,120,3114,2859,ok,3114,10509.75,0,0.3268,0.5014,0.917,0.1984,0.1111,0.0632,137025.0,0.0767,1,1.0,0,0.0,140.04,126.0,121.01,38.0,316.35,RAS
s0918,subclavian_artery_right,1,0.9658,0.9338,2511,41,137,2552,2648,ok,2552,8613.0,0,0.5758,0.5467,0.9283,0.3135,0.0595,0.0588,107983.12,0.0798,1,1.0,0,0.0,98.14,100.0,60.39,14.0,159.0,RAS
s0918,superior_vena_cava,1,0.9814,0.9635,7355,121,158,7476,7513,ok,7476,25231.5,0,0.4717,0.5528,0.7963,0.0754,0.0754,0.146,81631.12,0.3091,1,1.0,0,0.0,126.12,135.0,36.99,49.0,167.0,RAS
s0918,thyroid_gland,1,0.9565,0.9165,4766,172,262,4938,5028,ok,4938,16665.75,0,0.4628,0.5877,0.9501,0.1389,0.0833,0.0741,84341.25,0.1976,1,1.0,0,0.0,140.31,145.0,32.6,82.0,184.0,RAS
s0918,trachea,1,0.9761,0.9533,14051,164,525,14215,14576,ok,14215,47975.62,0,0.4428,0.5112,0.8695,0.2024,0.1667,0.1852,614486.25,0.0781,1,1.0,0,0.0,-875.94,-943.0,160.56,-979.0,-467.0,RAS
s0918,urinary_bladder,1,0.9535,0.9112,32483,844,2323,33327,34806,ok,33327,112478.62,0,0.5096,0.5174,0.1424,0.2143,0.2381,0.061,306180.0,0.3674,1,1.0,0,0.0,22.59,24.0,44.44,-53.0,92.0,RAS
s0918,vertebrae_C5,0,0.0,0.0,0,0,23,0,23,miss,0,0.0,1,,,,0.0,0.0,0.0,0.0,0.0,0,0.0,0,0.0,,,,,,RAS
s0918,vertebrae_C6,1,0.9852,0.9708,1529,34,12,1563,1541,ok,1563,5275.12,0,0.4655,0.5195,0.9921,0.1667,0.0675,0.0261,28917.0,0.1824,2,0.9994,1,0.19,380.94,373.0,108.27,224.0,569.9,RAS
s0918,vertebrae_C7,1,0.989,0.9783,5999,43,90,6042,6089,ok,6042,20391.75,0,0.4728,0.4637,0.9832,0.2024,0.1865,0.0458,169887.38,0.12,1,1.0,1,0.053,377.99,327.0,190.38,144.0,765.95,RAS
s0918,vertebrae_L1,1,0.994,0.9881,19482,48,186,19530,19668,ok,19530,65913.75,0,0.4829,0.3552,0.5052,0.2183,0.2421,0.0828,430278.75,0.1532,2,0.9999,0,0.0,293.12,225.0,209.13,106.0,772.55,RAS
s0918,vertebrae_L2,1,0.9936,0.9874,20645,76,188,20721,20833,ok,20721,69933.38,0,0.482,0.3674,0.453,0.2579,0.25,0.085,539004.38,0.1297,1,1.0,0,0.0,312.6,241.0,226.08,104.0,843.0,RAS
s0918,vertebrae_L3,1,0.9947,0.9895,23302,80,167,23382,23469,ok,23382,78914.25,0,0.485,0.3845,0.4011,0.3056,0.25,0.0784,589396.5,0.1339,1,1.0,0,0.0,311.25,250.5,211.55,99.0,767.0,RAS
s0918,vertebrae_L4,1,0.9944,0.9889,23237,37,225,23274,23462,ok,23274,78549.75,0,0.4911,0.4004,0.3512,0.2897,0.246,0.0741,519358.5,0.1512,1,1.0,0,0.0,312.63,250.0,210.5,111.0,771.0,RAS
s0918,vertebrae_L5,1,0.9944,0.9889,22347,53,198,22400,22545,ok,22400,75600.0,0,0.4938,0.4045,0.3042,0.2897,0.2381,0.0719,487822.5,0.155,1,1.0,0,0.0,293.96,230.0,209.92,88.0,752.05,RAS
s0918,vertebrae_S1,1,0.9689,0.9397,14154,639,270,14793,14424,ok,14793,49926.38,0,0.4917,0.3812,0.2612,0.1746,0.2063,0.0675,239382.0,0.2086,1,1.0,0,0.0,313.23,266.0,184.26,99.6,707.4,RAS
s0918,vertebrae_T1,1,0.9882,0.9768,8365,69,130,8434,8495,ok,8434,28464.75,0,0.4769,0.4289,0.9628,0.2302,0.1984,0.0654,293625.0,0.0969,1,1.0,0,0.0,351.64,307.0,186.7,107.0,730.35,RAS
s0918,vertebrae_T10,1,0.9953,0.9906,13449,45,82,13494,13531,ok,13494,45542.25,0,0.4871,0.327,0.6454,0.1627,0.2143,0.0784,269001.0,0.1693,1,1.0,0,0.0,296.78,237.0,186.4,120.0,700.0,RAS
s0918,vertebrae_T11,1,0.9934,0.9869,14943,49,150,14992,15093,ok,14992,50598.0,0,0.4874,0.3381,0.6018,0.1548,0.2222,0.0784,265356.0,0.1907,4,0.9997,0,0.0,284.53,228.0,181.9,117.0,683.0,RAS
s0918,vertebrae_T12,1,0.9932,0.9866,16922,51,179,16973,17101,ok,16973,57283.88,0,0.4858,0.3464,0.5552,0.1468,0.2262,0.0763,249125.62,0.2299,1,1.0,0,0.0,288.62,227.0,189.74,117.0,721.0,RAS
s0918,vertebrae_T2,1,0.9909,0.982,7926,45,100,7971,8026,ok,7971,26902.12,0,0.4803,0.3966,0.9352,0.2024,0.2024,0.0719,289686.38,0.0929,1,1.0,0,0.0,339.39,297.0,168.67,134.0,695.0,RAS
s0918,vertebrae_T3,1,0.9797,0.9602,7721,221,99,7942,7820,ok,7942,26804.25,0,0.4898,0.3634,0.9047,0.1746,0.2143,0.0675,248589.0,0.1078,2,0.9999,0,0.0,324.68,281.0,165.6,124.0,661.95,RAS
s0918,vertebrae_T4,1,0.9781,0.9572,8345,85,288,8430,8633,ok,8430,28451.25,0,0.4965,0.3416,0.8727,0.1786,0.2143,0.0741,278842.5,0.102,2,0.9995,0,0.0,320.16,276.0,163.89,127.0,656.0,RAS
s0918,vertebrae_T5,1,0.9874,0.975,9064,93,139,9157,9203,ok,9157,30904.88,0,0.4934,0.3232,0.8375,0.1865,0.2024,0.0893,331684.88,0.0932,2,0.9993,0,0.0,319.82,269.0,178.34,116.0,696.0,RAS
s0918,vertebrae_T6,1,0.9651,0.9326,9224,551,116,9775,9340,ok,9775,32990.62,0,0.4898,0.3104,0.8006,0.1865,0.2024,0.1002,372134.25,0.0887,2,0.9999,0,0.0,329.95,270.0,192.82,134.7,740.0,RAS
s0918,vertebrae_T7,1,0.9721,0.9457,10435,33,566,10468,11001,ok,10468,35329.5,0,0.4865,0.3062,0.7623,0.1786,0.1944,0.1002,342326.25,0.1032,2,0.9996,0,0.0,318.89,258.0,185.41,135.0,726.0,RAS
s0918,vertebrae_T8,1,0.994,0.9881,11358,65,72,11423,11430,ok,11423,38552.62,0,0.485,0.3102,0.7247,0.1825,0.2063,0.0893,330993.0,0.1165,1,1.0,0,0.0,304.86,250.0,179.94,123.0,692.9,RAS
s0918,vertebrae_T9,1,0.9942,0.9884,12005,44,97,12049,12102,ok,12049,40665.38,0,0.4862,0.3166,0.6852,0.1667,0.2063,0.0871,294840.0,0.1379,1,1.0,0,0.0,302.51,243.0,182.46,127.0,693.0,RAS
s1002,aorta,1,0.9913,0.9828,76955,983,360,77938,77315,ok,77938,263040.75,0,0.682,0.3099,0.5814,0.447,0.6364,0.9452,2308257.0,0.114,1,1.0,1,0.003,319.38,337.0,94.98,121.0,386.0,RAS
s1002,atrial_appendage_left,1,0.9673,0.9367,2414,72,91,2486,2505,ok,2486,8390.25,0,0.616,0.3796,0.5397,0.197,0.1818,0.1096,33696.0,0.249,1,1.0,0,0.0,234.42,246.0,113.37,47.0,403.0,RAS
s1002,brachiocephalic_trunk,1,0.9882,0.9768,1219,17,12,1236,1231,ok,1236,4171.5,0,0.7133,0.4565,0.9326,0.0833,0.0985,0.1301,9169.88,0.4549,1,1.0,1,0.0461,328.81,370.0,92.45,118.75,408.0,RAS
s1002,brachiocephalic_vein_left,1,0.9856,0.9716,2432,49,22,2481,2454,ok,2481,8373.38,0,0.7243,0.4956,0.9531,0.2348,0.1288,0.137,35572.5,0.2354,1,1.0,1,0.0895,325.32,376.0,128.11,58.0,462.0,RAS
s1002,brachiocephalic_vein_right,1,0.9619,0.9266,1061,79,5,1140,1066,ok,1140,3847.5,0,0.8321,0.4279,0.9457,0.0833,0.0909,0.1027,6682.5,0.5758,1,1.0,1,0.0719,339.46,255.0,290.1,58.9,948.1,RAS
s1002,common_carotid_artery_left,1,0.972,0.9455,416,23,1,439,417,ok,439,1481.62,0,0.6392,0.4052,0.9424,0.0606,0.0682,0.1096,3888.0,0.3811,1,1.0,1,0.0615,293.79,353.0,115.55,67.9,409.1,RAS
s1002,costal_cartilages,0,0.9462,0.8978,30654,2457,1032,33111,31686,ok,33111,111749.62,0,0.6336,0.9113,0.4001,0.8864,0.3864,1.0,2940239.25,0.038,15,0.6923,1,0.0576,124.53,107.0,100.1,45.0,261.0,RAS
s1002,esophagus,1,0.9796,0.96,13310,167,387,13477,13697,ok,13477,45484.88,0,0.6672,0.2203,0.4985,0.1515,0.2879,0.9658,361665.0,0.1258,1,1.0,1,0.007,-36.29,28.0,214.21,-617.0,105.0,RAS
s1002,heart,1,0.9722,0.9459,181256,3429,6943,184685,188199,ok,184685,623311.88,0,0.6133,0.519,0.3622,0.6894,0.6061,0.6096,2186730.0,0.285,4,1.0,1,0.0,151.32,107.0,118.5,40.0,397.0,RAS
s1002,inferior_vena_cava,1,0.9606,0.9243,6236,231,280,6467,6516,ok,6467,21826.12,0,0.8366,0.3751,0.1921,0.1515,0.1515,0.3562,70200.0,0.3109,1,1.0,1,0.0077,87.87,87.0,37.01,27.0,150.0,RAS
s1002,liver,1,0.9808,0.9623,104537,1600,2496,106137,107033,ok,106137,358212.38,0,0.7399,0.6351,0.0728,0.8409,0.9242,0.1781,1188310.5,0.3014,1,1.0,1,0.0574,53.29,54.0,30.19,3.0,102.0,RAS
s1002,lung_lower_lobe_left,1,0.9952,0.9903,314719,840,2227,315559,316946,ok,315559,1065011.62,0,0.2703,0.1948,0.361,0.6742,0.7727,0.9589,4289355.0,0.2483,1,1.0,1,0.0357,-800.44,-845.0,169.43,-915.0,-509.0,RAS
s1002,lung_lower_lobe_right,1,0.9943,0.9886,120150,985,395,121135,120545,ok,121135,408830.62,0,0.8667,0.1517,0.3266,0.2955,0.5758,0.8014,1170409.5,0.3493,1,1.0,1,0.0593,-773.99,-825.0,180.33,-894.0,-456.0,RAS
s1002,lung_middle_lobe_right,1,0.9582,0.9198,44471,3475,405,47946,44876,ok,47946,161817.75,0,0.9123,0.7043,0.3293,0.3409,0.6894,0.4521,912161.25,0.1774,4,0.9999,1,0.0668,-861.43,-901.0,143.93,-957.0,-626.0,RAS
s1002,lung_upper_lobe_left,1,0.9968,0.9936,534430,2159,1310,536589,535740,ok,536589,1810987.88,0,0.3309,0.5024,0.6535,0.8106,0.9318,0.9521,6174154.0,0.2933,2,1.0,1,0.011,-824.57,-863.0,151.6,-925.0,-584.0,RAS
s1002,lung_upper_lobe_right,1,0.983,0.9666,130631,792,3719,131423,134350,ok,131423,443552.62,0,0.8991,0.4007,0.7851,0.3333,0.9167,0.637,1671070.5,0.2654,6,1.0,1,0.0697,-805.42,-849.0,166.99,-914.0,-529.0,RAS
s1002,pulmonary_vein,1,0.9789,0.9587,8737,123,253,8860,8990,ok,8860,29902.5,0,0.7025,0.2854,0.5214,0.6061,0.2955,0.3699,568620.0,0.0526,4,0.3542,1,0.0016,384.1,421.0,121.54,111.0,515.0,RAS
s1002,rib_left_1,0,0.8209,0.6962,55,3,21,58,76,ok,58,195.75,0,0.5274,0.6226,0.9909,0.053,0.0833,0.0137,519.75,0.3766,1,1.0,1,0.6724,552.31,523.5,216.18,238.9,920.6,RAS
s1002,rib_left_10,1,0.987,0.9743,303,2,6,305,309,ok,305,1029.38,0,0.0146,0.0187,0.0482,0.053,0.0682,0.1096,3402.0,0.3026,1,1.0,1,0.4295,536.68,509.0,214.63,190.2,873.4,RAS
s1002,rib_left_2,1,0.9812,0.9631,1437,30,25,1467,1462,ok,1467,4951.12,0,0.3665,0.6477,0.9438,0.3788,0.3333,0.137,148500.0,0.0333,2,0.9993,1,0.0825,333.01,318.0,138.85,127.3,596.1,RAS
s1002,rib_left_3,1,0.9868,0.9739,4218,65,48,4283,4266,ok,4283,14455.12,0,0.1598,0.5076,0.8615,0.4848,0.8258,0.3082,1059480.0,0.0136,1,1.0,1,0.0292,352.03,335.0,168.44,102.0,666.9,RAS
s1002,rib_left_4,1,0.9873,0.975,4798,83,40,4881,4838,ok,4881,16473.38,0,0.1085,0.4652,0.7426,0.4318,0.9091,0.4384,1477440.0,0.0111,2,0.9998,1,0.0742,345.41,322.0,198.22,72.0,719.0,RAS
s1002,rib_left_5,1,0.9866,0.9736,4249,82,33,4331,4282,ok,4331,14617.12,0,0.1039,0.546,0.5636,0.3712,0.9545,0.5,1521119.25,0.0096,2,0.9938,1,0.1041,319.39,279.0,224.18,37.0,788.0,RAS
s1002,rib_left_6,1,0.9794,0.9596,3945,28,138,3973,4083,ok,3973,13408.88,0,0.0875,0.5358,0.4091,0.2803,0.9091,0.5822,1273725.0,0.0105,2,0.6929,1,0.1065,342.9,309.0,225.52,49.0,777.0,RAS
s1002,rib_left_7,1,0.9775,0.956,2865,51,81,2916,2946,ok,2916,9841.5,0,0.0489,0.5208,0.2378,0.2045,0.8864,0.5822,906238.12,0.0109,2,0.6626,1,0.1457,381.71,341.0,241.92,71.75,880.25,RAS
s1002,rib_left_8,1,0.9906,0.9813,736,6,8,742,744,ok,742,2504.25,0,0.0206,0.0506,0.3872,0.0758,0.1591,0.1233,12757.5,0.1963,1,1.0,1,0.2615,443.69,426.0,226.64,127.15,836.95,RAS
s1002,rib_left_9,1,0.9928,0.9858,555,8,0,563,555,ok,563,1900.12,0,0.0184,0.0363,0.2342,0.0682,0.1136,0.1233,8201.25,0.2317,1,1.0,1,0.2966,478.09,446.0,239.48,142.1,907.6,RAS
s1002,rib_right_1,0,0.0,0.0,0,28,0,28,0,false_positive,28,94.5,0,0.9313,0.6058,0.9912,0.0379,0.0455,0.0137,202.5,0.4667,1,1.0,1,0.7143,760.79,716.5,226.73,417.8,1120.4,RAS
s1002,rib_right_2,0,0.9359,0.8796,263,8,28,271,291,ok,271,914.62,0,0.9753,0.7033,0.8885,0.0606,0.0833,0.0753,3267.0,0.28,2,0.9963,1,0.1845,376.96,318.0,209.74,105.5,746.5,RAS
s1002,spleen,1,0.9849,0.9703,10209,97,215,10306,10424,ok,10306,34782.75,0,0.2523,0.1114,0.0328,0.447,0.2803,0.1096,117882.0,0.2951,1,1.0,1,0.1214,45.87,48.0,33.13,-9.0,96.0,RAS
s1002,sternum,0,0.9427,0.8916,13604,554,1100,14158,14704,ok,14158,47783.25,0,0.7316,0.828,0.6897,0.2652,0.4091,0.7877,733556.25,0.0651,1,1.0,1,0.0277,308.12,269.0,187.67,72.0,649.15,RAS
s1002,stomach,1,0.9727,0.9469,36772,1195,868,37967,37640,ok,37967,128138.62,0,0.3939,0.4392,0.0393,0.4848,0.8333,0.1438,498960.0,0.2568,1,1.0,1,0.1038,25.56,30.0,60.33,-59.0,103.0,RAS
s1002,subclavian_artery_left,1,0.9734,0.9482,641,19,16,660,657,ok,660,2227.5,0,0.6082,0.3344,0.9529,0.0758,0.0833,0.0822,4455.0,0.5,1,1.0,1,0.0712,311.17,368.5,115.75,74.85,425.05,RAS
s1002,superior_vena_cava,1,0.9863,0.9729,7654,100,113,7754,7767,ok,7754,26169.75,0,0.8504,0.3919,0.7072,0.1364,0.1591,0.4521,84199.5,0.3108,1,1.0,0,0.0,290.68,255.0,191.94,74.0,620.7,RAS
s1002,trachea,1,0.9883,0.9768,11789,177,103,11966,11892,ok,11966,40385.25,0,0.7253,0.2682,0.7965,0.4848,0.1818,0.3836,290304.0,0.1391,1,1.0,1,0.0163,-922.48,-976.0,153.49,-1020.0,-521.0,RAS
s1002,vertebrae_T10,1,0.9853,0.971,4155,31,93,4186,4248,ok,4186,14127.75,0,0.6937,0.0425,0.2341,0.2424,0.1364,0.1438,40824.0,0.3461,1,1.0,1,0.0886,430.34,295.0,307.63,129.25,1080.0,RAS
s1002,vertebrae_T11,1,0.9959,0.9918,5774,35,13,5809,5787,ok,5809,19605.38,0,0.686,0.0486,0.1026,0.2424,0.1288,0.1438,38556.0,0.5085,1,1.0,1,0.0783,352.48,258.0,250.21,125.0,955.0,RAS
s1002,vertebrae_T12,1,0.9954,0.9908,1936,16,2,1952,1938,ok,1952,6588.0,0,0.6835,0.0626,0.0111,0.2652,0.1439,0.0411,13466.25,0.4892,1,1.0,1,0.2792,323.87,255.0,211.28,117.0,781.7,RAS
s1002,vertebrae_T3,1,0.9887,0.9777,2021,33,13,2054,2034,ok,2054,6932.25,0,0.6743,0.0546,0.9696,0.1894,0.1439,0.0822,19237.5,0.3604,1,1.0,1,0.1796,452.02,390.0,197.5,257.65,913.0,RAS
s1002,vertebrae_T4,1,0.9939,0.9878,2025,9,16,2034,2041,ok,2034,6864.75,0,0.6739,0.0323,0.8925,0.1591,0.1061,0.1164,16868.25,0.407,1,1.0,1,0.1239,341.55,289.5,159.46,193.0,674.0,RAS
s1002,vertebrae_T5,1,0.9917,0.9836,1316,14,8,1330,1324,ok,1330,4488.75,0,0.6829,0.0224,0.7927,0.1439,0.0682,0.1027,8656.88,0.5185,1,1.0,1,0.1617,307.73,257.0,156.92,155.0,634.65,RAS
s1002,vertebrae_T6,1,0.9896,0.9794,855,12,6,867,861,ok,867,2926.12,0,0.6821,0.0147,0.6883,0.1288,0.053,0.1027,6024.38,0.4857,1,1.0,1,0.2353,289.97,259.0,142.36,122.0,550.2,RAS
s1002,vertebrae_T7,1,0.9867,0.9737,853,12,11,865,864,ok,865,2919.38,0,0.6817,0.0122,0.5759,0.1515,0.0455,0.1027,6075.0,0.4806,2,0.9954,1,0.2636,313.51,261.0,194.37,114.0,754.6,RAS
s1002,vertebrae_T8,1,0.9915,0.9831,1625,25,3,1650,1628,ok,1650,5568.75,0,0.6891,0.0219,0.4606,0.2045,0.0909,0.1233,19683.0,0.2829,1,1.0,1,0.1661,445.94,357.5,277.97,130.45,999.55,RAS
s1002,vertebrae_T9,1,0.9841,0.9688,2732,67,21,2799,2753,ok,2799,9446.62,0,0.6985,0.0325,0.3509,0.2197,0.1136,0.1301,27894.38,0.3387,1,1.0,1,0.1143,472.42,351.0,323.48,122.0,1099.1,RAS
s0991,adrenal_gland_left,1,0.9493,0.9034,1824,131,64,1955,1888,ok,1955,6598.12,0,0.3808,0.4893,0.5216,0.1058,0.101,0.0706,45218.25,0.1459,1,1.0,0,0.0,58.44,61.0,34.17,0.7,111.0,RAS
s0991,adrenal_gland_right,0,0.945,0.8958,1126,33,98,1159,1224,ok,1159,3911.62,0,0.6307,0.432,0.5398,0.0769,0.0769,0.0608,21600.0,0.1811,1,1.0,0,0.0,43.9,47.0,35.47,-20.0,94.0,RAS
s0991,aorta,1,0.9876,0.9755,74794,1042,833,75836,75627,ok,75836,255946.5,0,0.4757,0.5365,0.7234,0.2548,0.3365,0.5499,2829802.5,0.0904,1,1.0,0,0.0,142.99,145.0,65.36,67.0,183.0,RAS
s0991,atrial_appendage_left,1,0.9675,0.9371,2579,103,70,2682,2649,ok,2682,9051.75,0,0.3749,0.5751,0.7531,0.1202,0.1298,0.0365,34171.88,0.2649,1,1.0,0,0.0,101.01,110.0,48.2,12.0,166.0,RAS
s0991,autochthon_left,1,0.9844,0.9693,102328,1153,2093,103481,104421,ok,103481,349248.38,0,0.4118,0.2716,0.5301,0.226,0.2644,0.8029,2879043.75,0.1213,1,1.0,1,0.0023,28.71,37.0,38.59,-53.0,77.0,RAS
s0991,autochthon_right,1,0.9832,0.967,98922,1143,2232,100065,101154,ok,100065,337719.38,0,0.5915,0.2724,0.5292,0.2404,0.2548,0.8029,2951437.5,0.1144,1,1.0,1,0.002,26.91,35.0,39.31,-56.0,76.0,RAS
s0991,brachiocephalic_trunk,1,0.9515,0.9076,1689,146,26,1835,1715,ok,1835,6193.12,0,0.5404,0.6226,0.8823,0.0673,0.0865,0.0657,22963.5,0.2697,1,1.0,0,0.0,137.98,147.0,35.28,60.0,179.0,RAS
s0991,brachiocephalic_vein_left,1,0.9693,0.9403,3483,96,125,3579,3608,ok,3579,12079.12,0,0.5015,0.6483,0.8691,0.1827,0.1106,0.0925,112090.5,0.1078,1,1.0,0,0.0,172.05,131.0,204.1,59.0,471.8,RAS
s0991,brachiocephalic_vein_right,1,0.9547,0.9134,1730,143,21,1873,1751,ok,1873,6321.38,0,0.6011,0.6034,0.89,0.0577,0.0577,0.0779,15552.0,0.4065,1,1.0,0,0.0,129.95,146.0,52.43,18.0,176.0,RAS
s0991,clavicula_left,1,0.9862,0.9728,6304,34,142,6338,6446,ok,6338,21390.75,0,0.3656,0.6148,0.9462,0.2885,0.2837,0.1071,525690.0,0.0407,1,1.0,1,0.0232,465.9,359.0,367.45,20.0,1199.15,RAS
s0991,clavicula_right,1,0.9869,0.9742,5735,108,44,5843,5779,ok,5843,19720.12,0,0.6566,0.6179,0.9441,0.2212,0.2788,0.1071,396198.0,0.0498,2,0.9998,1,0.0258,397.56,296.0,334.65,26.0,1075.0,RAS
s0991,colon,0,0.8941,0.8085,234048,10344,45103,244392,279151,ok,244392,824823.0,0,0.4405,0.5942,0.3799,0.8462,0.4952,0.5669,14255406.0,0.0579,5,0.9872,0,0.0,-82.46,20.0,279.96,-961.0,85.0,RAS
s0991,common_carotid_artery_left,1,0.9581,0.9196,1292,70,43,1362,1335,ok,1362,4596.75,0,0.4768,0.6019,0.9255,0.0817,0.0769,0.1411,53244.0,0.0863,1,1.0,1,0.0103,125.53,136.0,44.92,39.0,181.0,RAS
s0991,common_carotid_artery_right,0,0.9199,0.8517,764,117,16,881,780,ok,881,2973.38,0,0.5734,0.6016,0.9514,0.0721,0.0385,0.0876,14580.0,0.2039,1,1.0,1,0.025,132.62,140.0,36.33,63.0,180.0,RAS
s0991,costal_cartilages,1,0.9477,0.9006,40251,2448,1993,42699,42244,ok,42699,144109.12,0,0.5113,0.7859,0.66,0.8942,0.3798,0.472,9620896.0,0.015,19,0.398,0,0.0,105.01,102.0,47.42,54.0,150.0,RAS
s0991,duodenum,0,0.8725,0.7738,11738,945,2486,12683,14224,ok,12683,42805.12,0,0.6443,0.5458,0.4622,0.3365,0.1587,0.1071,343035.0,0.1248,1,1.0,0,0.0,52.06,63.0,70.26,-16.0,110.0,RAS
s0991,esophagus,1,0.9648,0.9321,8166,253,342,8419,8508,ok,8419,28414.12,0,0.4785,0.4952,0.7829,0.1202,0.1971,0.3869,550040.62,0.0517,1,1.0,0,0.0,58.37,63.0,39.45,-5.0,109.0,RAS
s0991,femur_left,1,0.9555,0.9148,37034,2331,1118,39365,38152,ok,39365,132856.88,0,0.1514,0.561,0.0689,0.2837,0.2067,0.1533,539429.62,0.2463,2,1.0,1,0.0133,2079.32,565.0,2920.27,-129.0,8606.0,RAS
s0991,femur_right,1,0.993,0.9861,41578,253,334,41831,41912,ok,41831,141179.62,0,0.8859,0.5848,0.0757,0.2548,0.2019,0.1509,465790.5,0.3031,1,1.0,1,0.0162,287.68,191.0,313.29,-18.0,1044.0,RAS
s0991,gallbladder,1,0.9521,0.9085,10370,620,424,10990,10794,ok,10990,37091.25,0,0.7594,0.685,0.5036,0.1106,0.1923,0.0681,86940.0,0.4266,1,1.0,0,0.0,21.31,16.0,28.21,-16.0,79.0,RAS
s0991,gluteus_maximus_left,1,0.9831,0.9668,103286,2308,1243,105594,104529,ok,105594,356379.75,0,0.2562,0.3339,0.0977,0.3894,0.2644,0.2676,1653918.75,0.2155,1,1.0,1,0.0131,28.86,31.0,36.41,-34.0,85.0,RAS
s0991,gluteus_maximus_right,1,0.9836,0.9677,117515,750,3169,118265,120684,ok,118265,399144.38,0,0.8045,0.345,0.1055,0.3894,0.2837,0.2749,1822591.12,0.219,1,1.0,1,0.0112,27.5,31.0,32.56,-31.0,75.0,RAS
s0991,gluteus_medius_left,1,0.9763,0.9537,54360,1585,1055,55945,55415,ok,55945,188814.38,0,0.1473,0.4832,0.2152,0.2548,0.3558,0.1898,1032466.5,0.1829,1,1.0,0,0.0,34.05,42.0,36.71,-42.0,80.0,RAS
s0991,gluteus_medius_right,1,0.9832,0.967,51187,1029,716,52216,51903,ok,52216,176229.0,0,0.8965,0.4862,0.2146,0.2692,0.3462,0.2068,1156680.0,0.1524,1,1.0,1,0.0142,37.43,43.0,34.0,-31.25,80.0,RAS
s0991,gluteus_minimus_left,1,0.9568,0.9172,12599,567,570,13166,13169,ok,13166,44435.25,0,0.1582,0.5736,0.1844,0.1298,0.2308,0.1119,201204.0,0.2208,1,1.0,0,0.0,2.93,9.0,47.27,-83.0,68.0,RAS
s0991,gluteus_minimus_right,1,0.974,0.9493,15584,329,503,15913,16087,ok,15913,53706.38,0,0.8873,0.564,0.1863,0.1538,0.2163,0.1436,286740.0,0.1873,1,1.0,0,0.0,23.28,28.0,46.5,-59.0,78.4,RAS
s0991,heart,1,0.9707,0.9431,155092,4256,5106,159348,160198,ok,159348,537799.5,0,0.4118,0.6221,0.6933,0.4663,0.3413,0.2141,2045439.0,0.2629,1,1.0,0,0.0,124.66,128.0,34.26,65.0,173.0,RAS
s0991,hip_left,1,0.9851,0.9707,101096,1388,1666,102484,102762,ok,102484,345883.5,0,0.2826,0.5025,0.1797,0.4663,0.4904,0.3333,4574738.0,0.0756,1,1.0,1,0.0,476.35,242.0,955.72,27.0,1127.0,RAS
s0991,hip_right,1,0.9919,0.984,99231,702,913,99933,100144,ok,99933,337273.88,0,0.7616,0.5079,0.1812,0.4663,0.4904,0.3358,4608130.5,0.0732,1,1.0,1,0.0002,327.03,239.0,274.41,37.0,922.0,RAS
s0991,humerus_left,1,0.983,0.9665,11692,47,358,11739,12050,ok,11739,39619.12,0,0.0824,0.5295,0.977,0.1442,0.1635,0.0535,75735.0,0.5231,1,1.0,1,0.0577,248.19,117.0,663.4,-57.0,601.1,RAS
s0991,humerus_right,1,0.9834,0.9673,8451,42,244,8493,8695,ok,8493,28663.88,0,0.9401,0.4913,0.9824,0.125,0.1587,0.0438,52123.5,0.5499,1,1.0,1,0.1033,132.71,106.0,124.24,-22.0,374.4,RAS
s0991,iliac_artery_left,0,0.9357,0.8791,4248,149,435,4397,4683,ok,4397,14839.88,0,0.3877,0.5877,0.2341,0.2692,0.2163,0.2628,918540.0,0.0162,1,1.0,0,0.0,176.37,131.0,190.5,51.0,571.0,RAS
s0991,iliac_artery_right,1,0.9527,0.9096,4319,188,241,4507,4560,ok,4507,15211.12,0,0.6621,0.5998,0.2363,0.2644,0.2356,0.2603,973231.88,0.0156,1,1.0,0,0.0,151.76,128.0,140.31,64.0,317.0,RAS
s0991,iliac_vena_left,0,0.9405,0.8876,7770,548,436,8318,8206,ok,8318,28073.25,0,0.3999,0.5577,0.2151,0.2885,0.2356,0.2579,1051785.0,0.0267,1,1.0,0,0.0,76.13,77.0,32.31,20.0,128.0,RAS
s0991,iliac_vena_right,1,0.9644,0.9312,7469,260,292,7729,7761,ok,7729,26085.38,0,0.6753,0.5858,0.2114,0.1875,0.2548,0.2506,718540.88,0.0363,1,1.0,0,0.0,72.98,74.0,25.16,30.0,112.0,RAS
s0991,iliopsoas_left,1,0.978,0.9569,45145,1260,772,46405,45917,ok,46405,156616.88,0,0.3153,0.5201,0.2814,0.2788,0.375,0.4039,2534571.0,0.0618,1,1.0,0,0.0,47.58,50.0,38.66,-14.0,94.0,RAS
s0991,iliopsoas_right,1,0.9835,0.9676,53962,868,939,54830,54901,ok,54830,185051.25,0,0.7286,0.5198,0.2783,0.3077,0.3894,0.4964,3569184.0,0.0518,1,1.0,0,0.0,52.49,56.0,30.39,-1.0,94.0,RAS
s0991,inferior_vena_cava,1,0.9749,0.9511,21635,459,654,22094,22289,ok,22094,74567.25,0,0.5895,0.5233,0.511,0.125,0.1538,0.3528,407160.0,0.1831,1,1.0,0,0.0,95.64,93.0,32.32,47.0,154.0,RAS
s0991,kidney_left,1,0.993,0.9861,40659,217,357,40876,41016,ok,40876,137956.5,0,0.2827,0.419,0.4466,0.2067,0.1731,0.1727,370939.5,0.3719,1,1.0,0,0.0,138.33,144.0,36.41,71.0,187.0,RAS
s0991,kidney_right,1,0.9935,0.987,40847,261,275,41108,41122,ok,41108,138739.5,0,0.7554,0.4022,0.4702,0.2452,0.2019,0.1606,477130.5,0.2908,1,1.0,0,0.0,138.29,144.0,35.99,73.0,186.0,RAS
s0991,liver,1,0.9933,0.9867,416662,3080,2544,419742,419206,ok,419742,1416629.25,0,0.7389,0.5876,0.5725,0.5673,0.5288,0.2628,4731210.0,0.2994,1,1.0,0,0.0,101.46,102.0,24.61,62.0,139.0,RAS
s0991,lung_lower_lobe_left,1,0.9962,0.9924,233406,1303,479,234709,233885,ok,234709,792142.88,0,0.2485,0.3936,0.6989,0.3654,0.4423,0.3114,3020544.0,0.2623,1,1.0,0,0.0,-807.5,-854.0,143.6,-907.0,-510.0,RAS
s0991,lung_lower_lobe_right,1,0.9955,0.9911,247432,1255,970,248687,248402,ok,248687,839318.62,0,0.6976,0.3894,0.7035,0.4183,0.399,0.3212,3216955.5,0.2609,7,1.0,0,0.0,-794.61,-847.0,158.09,-904.0,-472.0,RAS
s0991,lung_middle_lobe_right,1,0.9886,0.9774,112110,771,1822,112881,113932,ok,112881,380973.38,0,0.7729,0.6,0.7315,0.3125,0.4327,0.1436,1164881.25,0.327,1,1.0,0,0.0,-835.12,-882.0,149.63,-928.0,-552.0,RAS
s0991,lung_upper_lobe_left,1,0.9973,0.9946,302411,857,794,303268,303205,ok,303268,1023529.5,0,0.2799,0.5689,0.8157,0.4087,0.476,0.4015,4686103.0,0.2184,1,1.0,0,0.0,-826.41,-871.0,144.9,-925.0,-539.0,RAS
s0991,lung_upper_lobe_right,1,0.9939,0.9879,242156,2096,864,244252,243020,ok,244252,824350.5,0,0.7209,0.5264,0.8528,0.3558,0.5048,0.2457,2648598.75,0.3112,1,1.0,0,0.0,-828.97,-871.0,137.74,-918.0,-563.0,RAS
s0991,pancreas,1,0.9637,0.93,17239,318,979,17557,18218,ok,17557,59254.88,0,0.4762,0.5751,0.5013,0.4471,0.2452,0.1168,768366.0,0.0771,1,1.0,0,0.0,85.57,88.0,32.98,26.0,133.0,RAS
s0991,portal_vein_and_splenic_vein,0,0.9441,0.894,10244,682,532,10926,10776,ok,10926,36875.25,0,0.5528,0.574,0.5363,0.5673,0.274,0.0973,908010.0,0.0406,3,0.9934,0,0.0,138.02,141.0,29.47,83.0,180.0,RAS
s0991,pulmonary_vein,1,0.9731,0.9477,6433,209,146,6642,6579,ok,6642,22416.75,0,0.5041,0.4997,0.7535,0.3558,0.1538,0.0827,271728.0,0.0825,3,0.5074,0,0.0,127.43,137.0,45.53,42.05,180.0,RAS
s0991,rib_left_1,1,0.9706,0.9429,2129,46,83,2175,2212,ok,2175,7340.62,0,0.3632,0.6144,0.9228,0.0865,0.1875,0.1314,127939.5,0.0574,1,1.0,1,0.0023,558.78,533.0,265.31,164.0,1050.6,RAS
s0991,rib_left_10,1,0.9898,0.9798,3495,43,29,3538,3524,ok,3538,11940.75,0,0.179,0.333,0.6047,0.3413,0.3894,0.2238,1785685.5,0.0067,1,1.0,0,0.0,367.2,351.0,192.2,96.0,713.3,RAS
s0991,rib_left_11,1,0.9869,0.9741,2857,36,40,2893,2897,ok,2893,9763.88,0,0.2086,0.3012,0.5485,0.3125,0.2596,0.2165,1054316.25,0.0093,1,1.0,0,0.0,412.49,385.0,213.65,113.6,815.4,RAS
s0991,rib_left_12,1,0.9705,0.9426,1545,16,78,1561,1623,ok,1561,5268.38,0,0.2845,0.2799,0.5114,0.2356,0.1346,0.1727,328765.5,0.016,2,0.9994,0,0.0,366.08,352.0,145.11,156.0,628.0,RAS
s0991,rib_left_2,1,0.9869,0.9742,2642,41,29,2683,2671,ok,2683,9055.12,0,0.2948,0.5725,0.9252,0.1827,0.2885,0.1484,469395.0,0.0193,1,1.0,0,0.0,332.43,316.0,169.69,90.0,639.7,RAS
s0991,rib_left_3,1,0.9831,0.9669,3034,53,51,3087,3085,ok,3087,10418.62,0,0.2572,0.5688,0.8928,0.2308,0.3942,0.18,983016.0,0.0106,2,0.9994,0,0.0,321.63,305.0,167.08,87.0,617.4,RAS
s0991,rib_left_4,1,0.9856,0.9715,3786,56,55,3842,3841,ok,3842,12966.75,0,0.2218,0.5622,0.854,0.2548,0.4615,0.1995,1408104.0,0.0092,1,1.0,0,0.0,357.36,322.0,201.9,85.0,750.95,RAS
s0991,rib_left_5,1,0.9867,0.9737,4812,34,96,4846,4908,ok,4846,16355.25,0,0.2041,0.5514,0.8095,0.2788,0.5144,0.2214,1906017.75,0.0086,1,1.0,0,0.0,385.84,351.0,226.97,84.0,829.0,RAS
s0991,rib_left_6,1,0.9869,0.9741,4593,34,88,4627,4681,ok,4627,15616.12,0,0.186,0.5034,0.7772,0.2788,0.524,0.2336,2048328.0,0.0076,1,1.0,0,0.0,354.02,328.0,211.74,60.0,766.0,RAS
s0991,rib_left_7,1,0.986,0.9724,5178,48,99,5226,5277,ok,5226,17637.75,0,0.1736,0.4696,0.7384,0.2933,0.5385,0.2457,2328858.0,0.0076,1,1.0,0,0.0,350.56,337.0,201.86,62.0,722.75,RAS
s0991,rib_left_8,1,0.9868,0.974,4529,57,64,4586,4593,ok,4586,15477.75,0,0.1599,0.4211,0.6985,0.3221,0.5048,0.2579,2516771.25,0.0061,1,1.0,0,0.0,336.39,316.0,179.14,78.0,669.75,RAS
s0991,rib_left_9,1,0.9895,0.9791,4320,67,25,4387,4345,ok,4387,14806.12,0,0.1643,0.3772,0.653,0.3269,0.4663,0.2311,2114842.5,0.007,1,1.0,0,0.0,344.72,325.0,186.7,76.0,683.7,RAS
s0991,rib_right_1,1,0.9548,0.9134,2459,171,62,2630,2521,ok,2630,8876.25,0,0.6712,0.6026,0.9248,0.1106,0.1923,0.1338,170775.0,0.052,1,1.0,1,0.0152,412.03,382.0,209.21,134.0,813.0,RAS
s0991,rib_right_10,1,0.9828,0.9663,3579,35,90,3614,3669,ok,3614,12197.25,0,0.8051,0.3202,0.6011,0.3702,0.3654,0.2117,1718293.5,0.0071,1,1.0,0,0.0,373.89,348.0,182.81,116.65,718.35,RAS
s0991,rib_right_11,1,0.9795,0.9599,2584,15,93,2599,2677,ok,2599,8771.62,0,0.7726,0.295,0.55,0.3558,0.25,0.1995,1064934.0,0.0082,1,1.0,0,0.0,377.44,362.0,177.28,117.0,705.1,RAS
s0991,rib_right_12,1,0.9814,0.9636,1481,40,16,1521,1497,ok,1521,5133.38,0,0.7106,0.2774,0.5089,0.2596,0.101,0.1484,233462.25,0.022,1,1.0,0,0.0,321.61,306.0,144.93,109.0,577.0,RAS
s0991,rib_right_2,1,0.9777,0.9563,2756,107,19,2863,2775,ok,2863,9662.62,0,0.7345,0.5527,0.9316,0.2067,0.3077,0.1557,594432.0,0.0163,1,1.0,1,0.0,330.03,309.0,152.64,118.1,613.9,RAS
s0991,rib_right_3,1,0.9855,0.9714,3163,67,26,3230,3189,ok,3230,10901.25,0,0.7735,0.5525,0.894,0.2644,0.4087,0.18,1167581.25,0.0093,1,1.0,0,0.0,355.71,335.5,166.33,122.0,658.0,RAS
s0991,rib_right_4,1,0.9848,0.9701,4051,105,20,4156,4071,ok,4156,14026.5,0,0.8052,0.5447,0.8548,0.2933,0.4808,0.1946,1647000.0,0.0085,1,1.0,0,0.0,360.91,332.0,192.29,91.0,717.75,RAS
s0991,rib_right_5,1,0.9823,0.9652,4599,143,23,4742,4622,ok,4742,16004.25,0,0.8141,0.5133,0.8197,0.3077,0.5337,0.2165,2133864.0,0.0075,1,1.0,0,0.0,348.92,332.0,192.28,67.0,700.0,RAS
s0991,rib_right_6,1,0.9825,0.9656,4964,148,29,5112,4993,ok,5112,17253.0,0,0.8197,0.4913,0.7793,0.3077,0.5529,0.2384,2434320.0,0.0071,4,0.9965,0,0.0,360.81,341.0,194.0,74.0,723.0,RAS
s0991,rib_right_7,1,0.986,0.9725,5437,76,78,5513,5515,ok,5513,18606.38,0,0.8254,0.4501,0.7435,0.3269,0.5529,0.2287,2480895.0,0.0075,1,1.0,0,0.0,387.88,369.0,205.74,91.0,779.4,RAS
s0991,rib_right_8,1,0.9892,0.9787,4732,37,66,4769,4798,ok,4769,16095.38,0,0.8342,0.4034,0.7012,0.3558,0.5048,0.2384,2569927.5,0.0063,2,0.9998,0,0.0,367.21,357.0,181.96,94.0,689.0,RAS
s0991,rib_right_9,1,0.9895,0.9792,4622,51,47,4673,4669,ok,4673,15771.38,0,0.8257,0.3605,0.6523,0.3606,0.4615,0.2214,2211300.0,0.0071,1,1.0,0,0.0,384.87,367.0,198.47,96.0,733.0,RAS
s0991,sacrum,1,0.9678,0.9375,52625,597,2909,53222,55534,ok,53222,179624.25,0,0.5203,0.34,0.2244,0.375,0.2981,0.2165,1452613.5,0.1237,33,0.9985,0,0.0,184.0,133.0,196.91,-26.0,577.0,RAS
s0991,scapula_left,1,0.9847,0.9698,23767,224,517,23991,24284,ok,23991,80969.62,0,0.1452,0.3908,0.9042,0.2692,0.3077,0.2555,1270080.0,0.0638,1,1.0,1,0.0053,364.3,298.0,267.42,58.0,914.0,RAS
s0991,scapula_right,1,0.9846,0.9696,21920,309,378,22229,22298,ok,22229,75022.88,0,0.8681,0.3673,0.9104,0.2788,0.2933,0.2482,1217956.5,0.0616,1,1.0,1,0.0121,344.09,286.0,246.08,56.0,835.6,RAS
s0991,small_bowel,0,0.9003,0.8187,330811,59141,14140,389952,344951,ok,389952,1316088.0,0,0.4509,0.6607,0.3029,0.7837,0.3942,0.382,7082309.0,0.1858,4,1.0,0,0.0,-73.44,38.0,305.73,-977.0,85.0,RAS
s0991,spinal_cord,1,0.9811,0.9629,28680,659,446,29339,29126,ok,29339,99019.12,0,0.5053,0.357,0.5811,0.1106,0.2548,0.7689,1300063.5,0.0762,1,1.0,1,0.0032,23.78,24.0,27.49,-19.0,65.0,RAS
s0991,spleen,1,0.9933,0.9866,70450,282,674,70732,71124,ok,70732,238720.5,0,0.1908,0.4153,0.562,0.3173,0.2788,0.1509,801009.0,0.298,1,1.0,0,0.0,104.1,106.0,23.9,64.0,139.0,RAS
s0991,sternum,1,0.9591,0.9214,16199,153,1228,16352,17427,ok,16352,55188.0,0,0.522,0.7388,0.8143,0.1731,0.1731,0.2457,441774.0,0.1249,1,1.0,0,0.0,223.45,188.0,163.48,25.0,525.0,RAS
s0991,stomach,1,0.9836,0.9678,87508,1941,973,89449,88481,ok,89449,301890.38,0,0.4129,0.6762,0.5484,0.4712,0.3654,0.1606,1659042.0,0.182,1,1.0,0,0.0,-222.71,29.0,433.05,-999.0,103.0,RAS
s0991,subclavian_artery_left,0,0.9435,0.893,1586,138,52,1724,1638,ok,1724,5818.5,0,0.3845,0.5925,0.922,0.3077,0.0721,0.0852,113400.0,0.0513,1,1.0,0,0.0,112.22,124.0,48.8,23.15,170.0,RAS
s0991,subclavian_artery_right,0,0.9392,0.8854,1360,119,57,1479,1417,ok,1479,4991.62,0,0.6349,0.5814,0.9348,0.274,0.0625,0.056,57520.12,0.0868,1,1.0,0,0.0,136.77,135.0,115.42,43.9,187.0,RAS
s0991,superior_vena_cava,1,0.9761,0.9532,5056,104,144,5160,5200,ok,5160,17415.0,0,0.5975,0.5832,0.7936,0.0673,0.0962,0.129,50085.0,0.3477,1,1.0,0,0.0,149.67,127.0,150.64,53.95,269.1,RAS
s0991,thyroid_gland,0,0.8981,0.8151,2552,73,506,2625,3058,ok,2625,8859.38,0,0.5237,0.6331,0.978,0.149,0.0817,0.0487,35572.5,0.2491,2,0.6015,1,0.04,137.01,145.0,36.11,66.0,183.0,RAS
s0991,trachea,1,0.9899,0.98,10494,96,118,10590,10612,ok,10590,35741.25,0,0.5255,0.547,0.8856,0.2644,0.2308,0.1971,721710.0,0.0495,1,1.0,0,0.0,-903.7,-978.0,172.92,-1009.0,-470.0,RAS
s0991,urinary_bladder,1,0.9591,0.9214,34197,1252,1666,35449,35863,ok,35449,119640.38,0,0.5304,0.6089,0.1146,0.2692,0.2308,0.0681,254016.0,0.471,1,1.0,0,0.0,10.42,13.0,40.91,-62.0,72.0,RAS
s0991,vertebrae_C7,1,0.9868,0.9739,598,13,3,611,601,ok,611,2062.12,0,0.514,0.5685,0.9938,0.1058,0.0625,0.0146,5791.5,0.3561,1,1.0,1,0.311,301.4,289.0,103.15,157.5,488.0,RAS
s0991,vertebrae_L1,1,0.9911,0.9823,15654,144,138,15798,15792,ok,15798,53318.25,0,0.4953,0.3465,0.5309,0.226,0.2548,0.0998,344692.12,0.1547,1,1.0,0,0.0,344.45,253.0,261.12,96.0,942.15,RAS
s0991,vertebrae_L2,1,0.993,0.9862,17198,78,163,17276,17361,ok,17276,58306.5,0,0.5024,0.3741,0.4762,0.2596,0.274,0.09,384365.25,0.1517,1,1.0,0,0.0,348.91,274.0,249.1,92.0,884.0,RAS
s0991,vertebrae_L3,1,0.9916,0.9833,19626,53,281,19679,19907,ok,19679,66416.62,0,0.5124,0.3982,0.4248,0.2885,0.274,0.0949,450157.5,0.1475,1,1.0,0,0.0,354.22,288.0,246.56,84.0,861.0,RAS
s0991,vertebrae_L4,1,0.9898,0.9798,20119,75,340,20194,20459,ok,20194,68154.75,0,0.5198,0.4202,0.3751,0.2788,0.2788,0.0876,408726.0,0.1667,3,0.9999,0,0.0,374.4,300.0,255.13,94.0,898.0,RAS
s0991,vertebrae_L5,1,0.988,0.9763,20893,98,410,20991,21303,ok,20991,70844.62,0,0.5221,0.4216,0.3266,0.3125,0.2596,0.0876,426465.0,0.1661,3,0.9996,0,0.0,374.43,299.0,265.45,89.0,944.0,RAS
s0991,vertebrae_S1,1,0.9663,0.9348,14532,507,506,15039,15038,ok,15039,50756.62,0,0.5231,0.4169,0.2777,0.2404,0.2308,0.0803,267300.0,0.1899,1,1.0,0,0.0,341.46,259.0,249.93,89.0,928.0,RAS
s0991,vertebrae_T1,1,0.9891,0.9784,3804,46,38,3850,3842,ok,3850,12993.75,0,0.5107,0.5136,0.9845,0.2404,0.1875,0.0414,111881.25,0.1161,1,1.0,1,0.1114,350.81,305.0,188.54,132.0,732.1,RAS
s0991,vertebrae_T10,1,0.9842,0.9689,12184,137,254,12321,12438,ok,12321,41583.38,0,0.4966,0.3545,0.6702,0.2067,0.274,0.0633,215075.25,0.1933,1,1.0,0,0.0,371.75,279.0,266.98,106.0,972.0,RAS
s0991,vertebrae_T11,1,0.9879,0.9761,13486,233,97,13719,13583,ok,13719,46301.62,0,0.4906,0.3517,0.6282,0.1731,0.2596,0.0657,177147.0,0.2614,3,0.9999,0,0.0,362.01,277.0,259.15,103.0,948.0,RAS
s0991,vertebrae_T12,1,0.9901,0.9804,13541,93,178,13634,13719,ok,13634,46014.75,0,0.4873,0.3439,0.5814,0.1587,0.25,0.0803,191119.5,0.2408,2,0.9999,0,0.0,358.28,290.0,252.3,89.0,911.35,RAS
s0991,vertebrae_T2,1,0.9916,0.9833,6136,74,30,6210,6166,ok,6210,20958.75,0,0.5109,0.4681,0.9641,0.226,0.1971,0.0633,169094.25,0.1239,1,1.0,1,0.0,347.44,293.0,207.26,119.0,791.55,RAS
s0991,vertebrae_T3,1,0.9927,0.9855,6058,58,31,6116,6089,ok,6116,20641.5,0,0.5087,0.4276,0.9337,0.2115,0.2115,0.0681,182952.0,0.1128,1,1.0,0,0.0,338.05,284.0,206.12,112.0,770.0,RAS
s0991,vertebrae_T4,1,0.9903,0.9808,6383,82,43,6465,6426,ok,6465,21819.38,0,0.5059,0.3964,0.9008,0.1971,0.2212,0.0633,165496.5,0.1318,1,1.0,0,0.0,337.08,286.0,210.24,109.0,783.0,RAS
s0991,vertebrae_T5,1,0.9915,0.9831,7219,60,64,7279,7283,ok,7279,24566.62,0,0.5092,0.3753,0.8654,0.2067,0.2212,0.0706,193596.75,0.1269,1,1.0,0,0.0,370.99,304.0,242.42,109.0,905.1,RAS
s0991,vertebrae_T6,1,0.9905,0.9811,8144,57,100,8201,8244,ok,8201,27678.38,0,0.5089,0.3629,0.8279,0.2067,0.2356,0.073,213333.75,0.1297,2,0.9999,0,0.0,380.76,300.0,261.0,111.0,967.0,RAS
s0991,vertebrae_T7,1,0.9883,0.9769,9412,114,109,9526,9521,ok,9526,32150.25,0,0.5075,0.3557,0.7888,0.2019,0.2356,0.0827,236155.5,0.1361,1,1.0,0,0.0,386.31,282.0,284.46,100.0,1007.0,RAS
s0991,vertebrae_T8,1,0.9873,0.9748,10184,137,126,10321,10310,ok,10321,34833.38,0,0.5035,0.3512,0.7495,0.2067,0.2452,0.073,222041.25,0.1569,1,1.0,0,0.0,409.67,295.0,308.68,105.0,1105.0,RAS
s0991,vertebrae_T9,1,0.9876,0.9754,11314,112,173,11426,11487,ok,11426,38562.75,0,0.5004,0.3533,0.7097,0.2067,0.2644,0.0681,223492.5,0.1725,1,1.0,0,0.0,409.08,306.0,294.62,106.0,1046.75,RAS
s0874,aorta,1,0.9841,0.9687,15575,208,295,15783,15870,ok,15783,53267.62,0,0.5028,0.5108,0.0361,0.3803,0.288,0.085,202844.25,0.2626,1,1.0,1,0.0203,137.18,125.0,94.69,55.0,232.0,RAS
s0874,autochthon_left,1,0.9682,0.9383,29203,108,1813,29311,31016,ok,29311,98924.62,0,0.3816,0.2152,0.1688,0.1972,0.2337,0.3684,369778.5,0.2675,1,1.0,1,0.0118,7.71,11.0,42.03,-66.0,70.0,RAS
s0874,autochthon_right,1,0.9739,0.9492,28196,143,1366,28339,29562,ok,28339,95644.12,0,0.5919,0.2008,0.1696,0.1901,0.2228,0.3603,332515.12,0.2876,1,1.0,1,0.0041,3.67,12.0,79.71,-72.0,72.0,RAS
s0874,brachiocephalic_trunk,1,0.9581,0.9195,2148,170,18,2318,2166,ok,2318,7823.25,0,0.5995,0.5247,0.1165,0.1549,0.125,0.0769,32447.25,0.2411,1,1.0,0,0.0,119.76,93.0,138.09,14.0,338.75,RAS
s0874,brachiocephalic_vein_left,1,0.9759,0.9529,4812,173,65,4985,4877,ok,4985,16824.38,0,0.5114,0.5766,0.1047,0.3873,0.125,0.1134,119542.5,0.1407,1,1.0,0,0.0,71.48,76.0,43.15,-11.0,133.0,RAS
s0874,brachiocephalic_vein_right,1,0.9598,0.9226,2063,46,127,2109,2190,ok,2109,7117.88,0,0.7172,0.5113,0.1222,0.0915,0.0924,0.1053,19392.75,0.367,1,1.0,0,0.0,119.3,128.0,53.44,16.0,192.0,RAS
s0874,brain,1,0.9885,0.9773,431833,1561,8449,433394,440282,ok,433394,1462704.75,0,0.4756,0.5407,0.7693,0.6761,0.587,0.3968,3429216.0,0.4265,1,1.0,0,0.0,37.51,37.0,22.29,9.0,65.0,RAS
s0874,clavicula_left,1,0.9909,0.9819,6845,41,85,6886,6930,ok,6886,23240.25,0,0.2672,0.5799,0.2142,0.4718,0.212,0.1296,282204.0,0.0824,1,1.0,1,0.0131,633.35,563.0,406.56,91.0,1302.0,RAS
s0874,clavicula_right,1,0.986,0.9723,7373,94,116,7467,7489,ok,7467,25201.12,0,0.7929,0.5632,0.2344,0.3662,0.2609,0.1457,303264.0,0.0831,1,1.0,1,0.0153,600.34,521.0,387.36,107.0,1282.0,RAS
s0874,common_carotid_artery_left,1,0.9487,0.9024,2385,117,141,2502,2526,ok,2502,8444.25,0,0.4168,0.5014,0.1939,0.169,0.1087,0.2996,119880.0,0.0704,1,1.0,0,0.0,71.39,72.0,56.56,-11.95,139.0,RAS
s0874,common_carotid_artery_right,0,0.9304,0.8698,2024,57,246,2081,2270,ok,2081,7023.38,0,0.6582,0.4815,0.2682,0.0986,0.0707,0.2551,38697.75,0.1815,1,1.0,0,0.0,81.79,78.0,65.58,10.0,136.0,RAS
s0874,costal_cartilages,0,0.7601,0.613,2872,1325,488,4197,3360,ok,4197,14164.88,0,0.5321,0.7344,0.0758,0.5282,0.2717,0.1619,506250.0,0.028,7,0.2833,1,0.0357,154.63,120.0,132.01,47.8,365.8,RAS
s0874,esophagus,0,0.9433,0.8926,5120,340,276,5460,5396,ok,5460,18427.5,0,0.5227,0.4086,0.0881,0.162,0.1196,0.2105,88803.0,0.2075,1,1.0,1,0.0082,-112.06,13.0,290.04,-833.05,118.05,RAS
s0874,lung_lower_lobe_left,1,0.9723,0.9461,8098,91,370,8189,8468,ok,8189,27637.88,0,0.2291,0.3034,0.0252,0.3521,0.1304,0.085,85050.0,0.325,1,1.0,1,0.092,-649.65,-683.0,127.46,-788.0,-362.4,RAS
s0874,lung_lower_lobe_right,0,0.3989,0.2491,280,0,844,280,1124,low_dice,280,945.0,0,0.7172,0.2203,0.0024,0.1972,0.0978,0.0121,5103.0,0.1852,1,1.0,1,0.5,-1012.16,-1023.0,84.41,-1063.5,-947.1,RAS
s0874,lung_upper_lobe_left,1,0.9957,0.9915,103394,315,570,103709,103964,ok,103709,350017.88,0,0.228,0.5058,0.0639,0.5211,0.5163,0.1781,1043955.0,0.3353,1,1.0,1,0.034,-696.77,-736.0,137.4,-834.0,-404.0,RAS
s0874,lung_upper_lobe_right,1,0.9874,0.9752,93897,665,1726,94562,95623,ok,94562,319146.75,0,0.8327,0.4246,0.06,0.507,0.5707,0.1741,1097145.0,0.2909,3,0.9995,1,0.0464,-693.47,-699.0,188.14,-1024.0,-358.0,RAS
s0874,rib_left_1,0,0.918,0.8484,3503,478,148,3981,3651,ok,3981,13435.88,0,0.2498,0.5187,0.1692,0.1972,0.3859,0.1498,248251.5,0.0541,1,1.0,0,0.0,421.52,392.0,263.84,60.0,915.0,RAS
s0874,rib_left_2,1,0.9651,0.9325,4340,146,168,4486,4508,ok,4486,15140.25,0,0.1678,0.4938,0.125,0.3451,0.4891,0.1296,476280.0,0.0318,1,1.0,0,0.0,395.21,379.5,203.13,76.0,755.75,RAS
s0874,rib_left_3,0,0.9437,0.8935,4126,225,267,4351,4393,ok,4351,14684.62,0,0.1165,0.4786,0.0513,0.338,0.587,0.1296,559872.0,0.0262,1,1.0,1,0.0791,354.67,346.0,163.36,90.5,636.0,RAS
s0874,rib_left_4,1,0.9661,0.9344,1653,19,97,1672,1750,ok,1672,5643.0,0,0.1407,0.2417,0.0248,0.2958,0.1467,0.0607,57408.75,0.0983,1,1.0,1,0.0724,411.25,406.0,178.27,122.55,714.9,RAS
s0874,rib_right_1,1,0.9542,0.9125,4806,372,89,5178,4895,ok,5178,17475.75,0,0.7973,0.4834,0.1695,0.2113,0.3696,0.1377,234090.0,0.0747,1,1.0,0,0.0,528.57,497.0,292.81,96.85,1083.15,RAS
s0874,rib_right_2,1,0.98,0.9609,4421,101,79,4522,4500,ok,4522,15261.75,0,0.8747,0.4331,0.129,0.331,0.4728,0.1215,414011.25,0.0369,1,1.0,1,0.0195,421.92,416.0,189.8,113.0,738.95,RAS
s0874,rib_right_3,1,0.9703,0.9424,2617,111,49,2728,2666,ok,2728,9207.0,0,0.8503,0.3596,0.0748,0.338,0.587,0.1255,542376.0,0.017,2,0.7236,1,0.0345,317.54,301.0,181.1,46.7,634.0,RAS
s0874,rib_right_4,1,0.9705,0.9426,1643,14,86,1657,1729,ok,1657,5592.38,0,0.8081,0.181,0.0391,0.3239,0.0924,0.0607,39588.75,0.1413,1,1.0,1,0.0036,412.84,411.0,191.28,96.0,741.2,RAS
s0874,scapula_left,1,0.9508,0.9061,3562,173,196,3735,3758,ok,3735,12605.62,0,0.0649,0.2187,0.1195,0.162,0.2011,0.2227,157966.88,0.0798,1,1.0,1,0.0527,263.59,240.0,173.4,10.0,578.0,RAS
s0874,scapula_right,1,0.9495,0.9039,4795,128,382,4923,5177,ok,4923,16615.12,0,0.9185,0.175,0.1532,0.169,0.163,0.2065,123930.0,0.1341,1,1.0,1,0.0512,295.55,276.0,186.77,29.0,643.9,RAS
s0874,skull,1,0.9801,0.9609,273983,3260,7875,277243,281858,ok,277243,935695.12,0,0.4792,0.5735,0.7186,0.7465,0.663,0.6154,6634116.0,0.141,2,1.0,0,0.0,726.19,719.0,469.91,44.0,1457.0,RAS
s0874,spinal_cord,1,0.9595,0.9221,10622,602,295,11224,10917,ok,11224,37881.0,0,0.4984,0.3493,0.3099,0.1127,0.25,0.5628,345276.0,0.1097,1,1.0,1,0.0023,9.71,19.0,52.13,-92.0,80.0,RAS
s0874,sternum,0,0.9348,0.8775,15372,351,1795,15723,17167,ok,15723,53065.12,0,0.5716,0.7079,0.1038,0.338,0.2283,0.1822,306180.0,0.1733,1,1.0,1,0.0002,233.81,187.0,184.72,24.0,596.9,RAS
s0874,subclavian_artery_left,1,0.9626,0.9278,2726,111,101,2837,2827,ok,2837,9574.88,0,0.3001,0.4816,0.1534,0.4014,0.1141,0.1377,137355.75,0.0697,1,1.0,0,0.0,66.96,67.0,61.16,-13.0,132.0,RAS
s0874,subclavian_artery_right,0,0.9316,0.8719,3561,139,384,3700,3945,ok,3700,12487.5,0,0.7464,0.4384,0.1723,0.3732,0.0978,0.1053,83713.5,0.1492,1,1.0,1,0.0024,115.95,87.0,134.59,14.0,380.0,RAS
s0874,superior_vena_cava,1,0.9671,0.9364,3356,171,57,3527,3413,ok,3527,11903.62,0,0.7195,0.5155,0.0405,0.1338,0.1196,0.0729,25393.5,0.4688,1,1.0,1,0.0,90.72,116.0,137.67,-7.7,169.0,RAS
s0874,thyroid_gland,1,0.9479,0.9009,7175,184,605,7359,7780,ok,7359,24836.62,0,0.5587,0.5275,0.213,0.2746,0.1141,0.1619,110565.0,0.2246,2,0.9999,0,0.0,113.84,113.0,39.62,52.0,176.0,RAS
s0874,trachea,1,0.9646,0.9316,5949,86,351,6035,6300,ok,6035,20368.12,0,0.5589,0.4598,0.103,0.1338,0.1685,0.2186,107345.25,0.1897,1,1.0,1,0.0244,-779.45,-906.0,259.24,-1024.0,-252.7,RAS
s0874,vertebrae_C1,0,0.9427,0.8916,5709,56,638,5765,6347,ok,5765,19456.88,0,0.4939,0.4845,0.5386,0.4296,0.1902,0.0688,122495.62,0.1588,10,0.9976,0,0.0,594.46,539.0,295.26,187.0,1169.8,RAS
s0874,vertebrae_C2,1,0.9875,0.9753,7492,79,111,7571,7603,ok,7571,25552.12,0,0.5009,0.4573,0.4954,0.3239,0.2174,0.1215,186300.0,0.1372,1,1.0,0,0.0,585.58,548.0,248.1,242.0,1050.0,RAS
s0874,vertebrae_C3,1,0.9844,0.9692,5570,42,135,5612,5705,ok,5612,18940.5,0,0.5022,0.429,0.4428,0.3099,0.2011,0.085,115384.5,0.1642,1,1.0,0,0.0,540.37,504.0,222.43,241.0,961.0,RAS
s0874,vertebrae_C4,1,0.9643,0.9311,5376,224,174,5600,5550,ok,5600,18900.0,0,0.5032,0.4179,0.3944,0.3099,0.212,0.0891,127413.0,0.1483,3,0.9982,0,0.0,632.39,607.5,230.7,288.0,1047.0,RAS
s0874,vertebrae_C5,1,0.9625,0.9278,6284,122,367,6406,6651,ok,6406,21620.25,0,0.5038,0.4101,0.349,0.3028,0.2228,0.0931,136852.88,0.158,6,0.9988,0,0.0,539.07,493.0,234.7,226.0,995.0,RAS
s0874,vertebrae_C6,1,0.9722,0.9459,6499,211,161,6710,6660,ok,6710,22646.25,0,0.5035,0.385,0.3076,0.3028,0.2609,0.085,146286.0,0.1548,1,1.0,0,0.0,439.71,388.0,221.32,160.0,886.55,RAS
s0874,vertebrae_C7,1,0.974,0.9494,7986,191,235,8177,8221,ok,8177,27597.38,0,0.5032,0.3493,0.2617,0.3592,0.2989,0.0972,227205.0,0.1215,1,1.0,0,0.0,411.77,368.0,232.23,97.0,857.2,RAS
s0874,vertebrae_T1,1,0.9741,0.9495,9365,242,256,9607,9621,ok,9607,32423.62,0,0.5008,0.3316,0.2094,0.4014,0.2935,0.1012,259706.25,0.1248,2,0.9999,0,0.0,367.2,327.0,206.07,95.0,757.0,RAS
s0874,vertebrae_T2,1,0.9901,0.9803,8778,76,100,8854,8878,ok,8854,29882.25,0,0.4947,0.303,0.1509,0.3873,0.2935,0.1053,260617.5,0.1147,1,1.0,0,0.0,315.51,279.0,185.29,71.0,671.0,RAS
s0874,vertebrae_T3,1,0.9872,0.9747,8438,65,154,8503,8592,ok,8503,28697.62,0,0.4943,0.28,0.0887,0.3521,0.2772,0.1134,240975.0,0.1191,1,1.0,0,0.0,306.7,277.0,171.96,66.0,631.0,RAS
s0874,vertebrae_T4,1,0.9796,0.9599,8029,182,153,8211,8182,ok,8211,27712.12,0,0.5013,0.2685,0.0302,0.3239,0.2772,0.085,166272.75,0.1667,1,1.0,1,0.0301,295.26,264.0,175.59,62.0,654.5,RAS
s0874,vertebrae_T5,0,0.8936,0.8077,189,15,30,204,219,ok,204,688.5,0,0.4735,0.233,0.0057,0.2465,0.0652,0.0243,8505.0,0.081,3,0.4265,1,0.3039,469.33,499.0,217.75,99.25,781.65,RAS
s0839,aorta,1,0.9892,0.9786,15256,169,164,15425,15420,ok,15425,52059.38,0,0.5058,0.3279,0.628,0.2708,0.5729,1.0,400578.75,0.13,2,0.6653,1,0.0268,703.86,772.0,185.12,239.2,865.0,RAS
s0839,atrial_appendage_left,1,0.9609,0.9248,1352,43,67,1395,1419,ok,1395,4708.12,0,0.3617,0.4718,0.9104,0.2396,0.1875,0.1928,22356.0,0.2106,1,1.0,1,0.0394,513.21,570.0,217.1,117.7,783.3,RAS
s0839,costal_cartilages,0,0.9071,0.83,11158,1282,1004,12440,12162,ok,12440,41985.0,0,0.5505,0.917,0.4439,0.9583,0.1458,0.988,356454.0,0.1178,26,0.4197,1,0.0086,119.12,111.0,65.67,59.0,188.0,RAS
s0839,esophagus,1,0.9673,0.9367,4661,169,146,4830,4807,ok,4830,16301.25,0,0.4991,0.3169,0.4153,0.25,0.2188,0.8434,119070.0,0.1369,1,1.0,1,0.0048,-14.91,46.0,229.4,-702.1,123.0,RAS
s0839,heart,1,0.9683,0.9386,106988,2597,4397,109585,111385,ok,109585,369849.38,0,0.4114,0.5753,0.5554,0.8438,0.5938,0.8072,1044019.12,0.3543,4,0.9947,1,0.0027,330.84,208.0,255.06,73.0,765.0,RAS
s0839,inferior_vena_cava,0,0.9232,0.8573,6812,310,824,7122,7636,ok,7122,24036.75,0,0.6919,0.3832,0.3553,0.25,0.1979,0.6265,80028.0,0.3004,1,1.0,1,0.0006,84.41,82.0,39.42,28.0,153.0,RAS
s0839,liver,1,0.9741,0.9496,84434,801,3685,85235,88119,ok,85235,287668.12,0,0.6732,0.5719,0.1292,1.0,0.8229,0.4096,870264.0,0.3306,1,1.0,1,0.0658,60.76,60.0,27.86,17.0,105.0,RAS
s0839,lung_lower_lobe_left,1,0.9815,0.9637,99365,3183,564,102548,99929,ok,102548,346099.5,0,0.2024,0.1697,0.5264,0.5,0.6771,1.0,873990.0,0.396,5,1.0,1,0.073,-697.57,-770.0,240.33,-848.0,-244.0,RAS
s0839,lung_lower_lobe_right,1,0.9929,0.9859,86868,832,409,87700,87277,ok,87700,295987.5,0,0.8316,0.2083,0.54,0.4479,0.6458,1.0,746813.25,0.3963,1,1.0,1,0.0674,-714.53,-782.0,233.23,-862.0,-293.0,RAS
s0839,lung_middle_lobe_right,1,0.9796,0.96,43568,505,1309,44073,44877,ok,44073,148746.38,0,0.8464,0.6921,0.6126,0.4896,0.5521,0.8313,580091.62,0.2564,1,1.0,1,0.0351,-760.02,-816.0,199.53,-883.0,-441.6,RAS
s0839,lung_upper_lobe_left,1,0.9666,0.9353,48454,385,2967,48839,51421,ok,48839,164831.62,0,0.1498,0.6336,0.7813,0.5312,0.625,0.8554,733252.5,0.2248,2,1.0,1,0.0782,-759.28,-810.0,185.72,-888.0,-466.0,RAS
s0839,lung_upper_lobe_right,1,0.9633,0.9292,15361,969,201,16330,15562,ok,16330,55113.75,0,0.7988,0.7341,0.9017,0.5104,0.5312,0.2651,185550.75,0.297,1,1.0,1,0.1012,-767.51,-810.0,154.94,-873.0,-500.0,RAS
s0839,portal_vein_and_splenic_vein,0,0.0,0.0,0,0,26,0,26,miss,0,0.0,1,,,,0.0,0.0,0.0,0.0,0.0,0,0.0,0,0.0,,,,,,RAS
s0839,pulmonary_vein,1,0.9607,0.9244,3499,146,140,3645,3639,ok,3645,12301.88,0,0.6074,0.3391,0.8524,0.625,0.3229,0.3494,182047.5,0.0676,4,0.3512,1,0.025,639.07,705.0,188.69,219.2,821.0,RAS
s0839,rib_left_3,0,0.0,0.0,0,35,0,35,0,false_positive,35,118.12,0,0.1539,0.8503,0.9821,0.1771,0.0938,0.0361,1549.12,0.0763,2,0.6857,1,0.6,338.74,302.0,148.49,178.0,664.3,RAS
s0839,rib_left_4,0,0.8998,0.8179,238,52,1,290,239,ok,290,978.75,0,0.0786,0.8387,0.7929,0.1979,0.1458,0.1687,12568.5,0.0779,1,1.0,1,0.069,328.12,304.0,163.4,135.0,615.8,RAS
s0839,rib_left_5,0,0.9338,0.8759,247,27,8,274,255,ok,274,924.75,0,0.0603,0.8492,0.5018,0.125,0.0938,0.1807,5467.5,0.1691,3,0.9854,1,0.0146,237.68,233.0,145.82,31.65,474.75,RAS
s0839,rib_left_6,0,0.859,0.7528,134,35,9,169,143,ok,169,570.38,0,0.0209,0.8473,0.2355,0.0625,0.0625,0.1446,1458.0,0.3912,1,1.0,1,0.1006,289.79,300.0,128.5,77.0,495.2,RAS
s0839,rib_right_3,0,0.6458,0.4769,31,34,0,65,31,ok,65,219.38,0,0.9045,0.874,0.964,0.125,0.0417,0.0964,1296.0,0.1693,2,0.9846,1,0.2769,323.49,275.0,164.35,130.4,650.4,RAS
s0839,rib_right_4,0,0.0,0.0,0,76,0,76,0,false_positive,76,256.5,0,0.9616,0.8836,0.7164,0.0729,0.0417,0.1084,850.5,0.3016,1,1.0,1,0.0921,272.76,264.0,194.48,19.75,594.5,RAS
s0839,rib_right_5,0,0.0,0.0,0,35,0,35,0,false_positive,35,118.12,0,0.9863,0.8863,0.4596,0.0208,0.0417,0.1084,243.0,0.4861,1,1.0,1,0.6857,342.4,323.0,129.16,129.6,581.4,RAS
s0839,spinal_cord,0,0.0,0.0,0,28,0,28,0,false_positive,28,94.5,0,0.5863,0.0033,0.0224,0.0417,0.0208,0.0723,162.0,0.5833,1,1.0,1,0.75,11.0,15.5,34.65,-33.55,61.45,RAS
s0839,spleen,1,0.9757,0.9525,8137,239,167,8376,8304,ok,8376,28269.0,0,0.1179,0.191,0.0801,0.3333,0.3958,0.2169,73872.0,0.3827,1,1.0,1,0.1187,133.77,131.0,55.46,49.75,225.0,RAS
s0839,sternum,1,0.973,0.9474,3353,79,107,3432,3460,ok,3432,11583.0,0,0.5644,0.9085,0.7279,0.1979,0.0938,0.5904,28279.12,0.4096,1,1.0,1,0.0195,275.36,270.0,200.73,-7.0,597.45,RAS
s0839,stomach,0,0.9041,0.825,12057,2049,508,14106,12565,ok,14106,47607.75,0,0.2045,0.4358,0.0841,0.4688,0.4688,0.241,136687.5,0.3483,1,1.0,1,0.0935,73.97,73.0,52.88,8.0,147.0,RAS
s0839,superior_vena_cava,1,0.9692,0.9403,929,25,34,954,963,ok,954,3219.75,0,0.6883,0.515,0.9223,0.125,0.125,0.1807,7290.0,0.4417,1,1.0,1,0.087,247.62,256.5,69.3,124.0,344.0,RAS
s0839,vertebrae_T10,1,0.9955,0.9911,3547,13,19,3560,3566,ok,3560,12015.0,0,0.6043,0.0676,0.4868,0.2292,0.1771,0.2048,21458.25,0.5599,2,0.9997,1,0.0761,322.39,262.0,174.77,147.0,682.0,RAS
s0839,vertebrae_T11,1,0.9927,0.9855,4550,4,63,4554,4613,ok,4554,15369.75,0,0.5935,0.0723,0.2827,0.25,0.1875,0.2289,27702.0,0.5548,1,1.0,1,0.0714,315.6,257.0,163.14,155.0,643.0,RAS
s0839,vertebrae_T12,1,0.9915,0.9831,5191,34,55,5225,5246,ok,5225,17634.38,0,0.5778,0.0862,0.0783,0.2708,0.2188,0.1807,27641.25,0.638,1,1.0,1,0.1192,282.24,235.0,160.79,124.0,595.0,RAS
s0839,vertebrae_T7,1,0.9842,0.9689,1121,23,13,1144,1134,ok,1144,3861.0,0,0.6114,0.0837,0.9638,0.2292,0.1771,0.0723,7573.5,0.5098,1,1.0,1,0.208,343.39,268.5,182.52,170.15,749.05,RAS
s0839,vertebrae_T8,1,0.9821,0.9649,2914,67,39,2981,2953,ok,2981,10060.88,0,0.6101,0.0651,0.8425,0.2188,0.1771,0.1928,19278.0,0.5219,1,1.0,1,0.0755,337.3,269.0,183.48,164.0,747.0,RAS
s0839,vertebrae_T9,1,0.992,0.9842,2870,13,33,2883,2903,ok,2883,9730.12,0,0.6091,0.0636,0.6677,0.2188,0.1667,0.1687,15876.0,0.6129,1,1.0,1,0.0819,333.17,263.0,181.38,158.0,713.0,RAS
s0867,aorta,0,0.7349,0.5809,779,517,45,1296,824,ok,1296,4374.0,0,0.3802,0.477,0.0104,0.1748,0.1875,0.0376,9112.5,0.48,1,1.0,1,0.2986,256.1,163.0,209.22,73.5,717.0,RAS
s0867,autochthon_left,1,0.9725,0.9465,11317,366,274,11683,11591,ok,11683,39430.13,0,0.4477,0.2007,0.2106,0.2136,0.2437,0.4436,170849.28,0.2308,1,1.0,1,0.0168,27.35,33.0,27.63,-26.0,64.0,RAS
s0867,autochthon_right,1,0.9626,0.9279,10511,561,256,11072,10767,ok,11072,37368.0,0,0.6804,0.2161,0.195,0.2039,0.2562,0.4286,165634.89,0.2256,1,1.0,1,0.0191,22.55,29.0,31.21,-36.0,64.0,RAS
s0867,brachiocephalic_trunk,0,0.9428,0.8919,1971,217,22,2188,1993,ok,2188,7384.5,0,0.4699,0.5758,0.0898,0.1456,0.1062,0.203,23236.88,0.3178,1,1.0,1,0.021,128.08,130.0,41.12,65.0,179.65,RAS
s0867,brachiocephalic_vein_left,0,0.8993,0.817,2438,407,139,2845,2577,ok,2845,9601.88,0,0.3541,0.6048,0.0522,0.3592,0.1688,0.1654,74175.76,0.1294,1,1.0,1,0.1002,122.04,124.0,51.61,55.2,175.0,RAS
s0867,brachiocephalic_vein_right,1,0.9644,0.9312,2530,173,14,2703,2544,ok,2703,9122.63,0,0.6432,0.5761,0.0843,0.1553,0.0875,0.188,18900.0,0.4827,1,1.0,1,0.034,162.66,175.0,52.75,64.0,210.0,RAS
s0867,brain,0,0.9392,0.8854,33624,2995,1358,36619,34982,ok,36619,123589.14,0,0.5111,0.2972,0.8638,0.6214,0.3563,0.188,307800.03,0.4015,1,1.0,0,0.0,44.79,45.0,14.83,19.0,65.0,RAS
s0867,clavicula_left,1,0.9829,0.9663,3876,91,44,3967,3920,ok,3967,13388.63,0,0.2182,0.5943,0.2135,0.4175,0.1812,0.2556,143093.27,0.0936,1,1.0,1,0.0209,307.08,271.0,176.93,77.0,652.0,RAS
s0867,clavicula_right,1,0.9752,0.9516,4265,179,38,4444,4303,ok,4444,14998.5,0,0.748,0.6248,0.2266,0.4466,0.1625,0.2481,133204.52,0.1126,1,1.0,1,0.0155,284.5,260.0,181.29,32.0,619.85,RAS
s0867,common_carotid_artery_left,1,0.9595,0.9222,2289,52,141,2341,2430,ok,2341,7900.88,0,0.3654,0.5076,0.2526,0.1262,0.15,0.5564,77922.01,0.1014,1,1.0,1,0.0009,129.98,135.0,50.21,45.0,196.0,RAS
s0867,common_carotid_artery_right,0,0.9409,0.8883,1814,108,120,1922,1934,ok,1922,6486.75,0,0.5851,0.5288,0.3432,0.2136,0.125,0.3985,78705.01,0.0824,1,1.0,0,0.0,137.99,137.0,39.48,73.0,206.0,RAS
s0867,costal_cartilages,0,0.8746,0.7771,1046,188,112,1234,1158,ok,1234,4164.75,0,0.4482,0.6763,0.0727,0.6117,0.1313,0.1429,84837.39,0.0491,2,0.5616,1,0.0186,94.04,91.0,32.66,51.0,148.35,RAS
s0867,esophagus,1,0.9538,0.9117,2230,65,151,2295,2381,ok,2295,7745.63,0,0.4782,0.4398,0.1566,0.0971,0.1437,0.3534,36483.75,0.2123,1,1.0,1,0.02,-13.63,35.0,146.94,-313.6,100.3,RAS
s0867,lung_lower_lobe_left,0,0.1677,0.0915,26,98,160,124,186,low_dice,124,418.5,0,0.2773,0.1681,0.0037,0.2427,0.0688,0.0226,2784.38,0.1503,1,1.0,1,0.5887,-524.91,-546.0,120.06,-699.95,-325.0,RAS
s0867,lung_upper_lobe_left,1,0.972,0.9455,45122,2544,58,47666,45180,ok,47666,160872.77,0,0.1895,0.3821,0.0719,0.4466,0.55,0.203,368874.06,0.4361,1,1.0,1,0.0655,-713.76,-742.0,104.71,-818.0,-475.0,RAS
s0867,lung_upper_lobe_right,1,0.9771,0.9552,52874,2393,85,55267,52959,ok,55267,186526.16,0,0.8045,0.4539,0.0716,0.4951,0.5687,0.203,422911.19,0.4411,1,1.0,1,0.0741,-766.38,-796.0,112.81,-857.0,-524.0,RAS
s0867,rib_left_1,0,0.9394,0.8856,2455,219,98,2674,2553,ok,2674,9024.75,0,0.1484,0.4594,0.1613,0.2718,0.4062,0.203,165847.52,0.0544,1,1.0,0,0.0,252.87,222.0,162.66,43.0,557.0,RAS
s0867,rib_left_2,0,0.9441,0.8941,1022,111,10,1133,1032,ok,1133,3823.88,0,0.1505,0.2658,0.16,0.3301,0.5,0.203,247860.03,0.0154,2,0.9612,1,0.0353,226.18,200.0,128.61,58.0,472.4,RAS
s0867,rib_left_3,0,0.9106,0.8358,850,152,15,1002,865,ok,1002,3381.75,0,0.1605,0.1699,0.075,0.3301,0.0938,0.0752,17212.5,0.1965,1,1.0,1,0.017,160.39,152.0,71.58,62.05,293.0,RAS
s0867,rib_right_1,1,0.9487,0.9023,2448,242,23,2690,2471,ok,2690,9078.75,0,0.8521,0.5093,0.175,0.2524,0.4188,0.2105,164619.02,0.0552,1,1.0,1,0.0,270.45,243.0,170.56,48.0,586.55,RAS
s0867,rib_right_2,0,0.7542,0.6054,606,395,0,1001,606,ok,1001,3378.38,0,0.8947,0.4124,0.1426,0.233,0.5312,0.1729,158355.02,0.0213,2,0.7433,1,0.031,208.12,181.0,118.06,60.0,447.0,RAS
s0867,rib_right_3,0,0.7083,0.5483,278,229,0,507,278,ok,507,1711.13,0,0.891,0.2174,0.0811,0.2136,0.05,0.0526,4158.0,0.4115,1,1.0,1,0.0237,143.27,134.0,83.79,13.3,288.4,RAS
s0867,rib_right_4,0,0.0,0.0,0,57,0,57,0,false_positive,57,192.38,0,0.8353,0.1706,0.0008,0.1359,0.0312,0.015,472.5,0.4071,1,1.0,1,0.8947,228.54,232.0,58.91,138.4,313.2,RAS
s0867,scapula_left,0,0.8843,0.7927,2489,444,207,2933,2696,ok,2933,9898.88,0,0.099,0.143,0.1518,0.2427,0.2437,0.3308,144787.52,0.0684,2,0.9997,1,0.0641,216.92,197.0,96.02,105.0,400.0,RAS
s0867,scapula_right,0,0.8562,0.7486,777,139,122,916,899,ok,916,3091.5,0,0.9428,0.1935,0.1598,0.1262,0.1875,0.2105,36855.0,0.0839,1,1.0,1,0.1103,249.2,226.0,113.99,107.0,469.25,RAS
s0867,skull,1,0.9598,0.9227,76309,5174,1217,81483,77526,ok,81483,275005.16,0,0.5269,0.4485,0.8448,0.8447,0.8812,0.3083,1697446.38,0.162,9,0.9699,1,0.0048,480.34,397.0,383.86,40.0,1194.0,RAS
s0867,spinal_cord,1,0.9493,0.9035,5942,246,389,6188,6331,ok,6188,20884.5,0,0.5221,0.3581,0.3972,0.165,0.2562,0.812,254056.53,0.0822,1,1.0,1,0.0089,32.17,33.0,25.56,-9.0,73.0,RAS
s0867,sternum,0,0.9397,0.8862,6808,312,562,7120,7370,ok,7120,24030.0,0,0.4705,0.6895,0.0789,0.3689,0.15,0.1654,67716.01,0.3549,1,1.0,1,0.0118,101.54,96.0,88.6,-2.0,242.0,RAS
s0867,subclavian_artery_left,0,0.9444,0.8946,2402,257,26,2659,2428,ok,2659,8974.13,0,0.3018,0.4535,0.1485,0.4369,0.1375,0.2256,100237.52,0.0895,1,1.0,1,0.0,104.11,99.0,69.21,17.0,211.0,RAS
s0867,subclavian_artery_right,0,0.9229,0.8568,2058,260,84,2318,2142,ok,2318,7823.25,0,0.7429,0.4989,0.2012,0.4563,0.1313,0.1429,63291.38,0.1236,1,1.0,1,0.0052,198.18,121.0,328.37,34.85,698.6,RAS
s0867,thyroid_gland,0,0.9468,0.8991,3839,74,357,3913,4196,ok,3913,13206.38,0,0.49,0.5388,0.3126,0.2913,0.125,0.2481,66825.01,0.1976,2,0.588,0,0.0,153.85,156.0,28.73,102.0,197.0,RAS
s0867,trachea,1,0.9825,0.9655,5238,47,140,5285,5378,ok,5285,17836.88,0,0.4918,0.5067,0.1741,0.1456,0.1562,0.3609,60750.01,0.2936,1,1.0,1,0.0163,-818.26,-928.0,201.29,-999.0,-400.0,RAS
s0867,vertebrae_C1,1,0.965,0.9323,4366,163,154,4529,4520,ok,4529,15285.38,0,0.4848,0.4582,0.7282,0.4854,0.1812,0.1203,78300.01,0.1952,2,0.9927,0,0.0,331.01,279.0,190.11,110.0,717.0,RAS
s0867,vertebrae_C2,1,0.9842,0.9689,5894,152,37,6046,5931,ok,6046,20405.25,0,0.4824,0.4524,0.65,0.3883,0.2125,0.218,133110.02,0.1533,1,1.0,0,0.0,314.61,262.0,178.15,120.0,705.75,RAS
s0867,vertebrae_C3,1,0.977,0.9551,3806,126,53,3932,3859,ok,3932,13270.5,0,0.4954,0.445,0.5542,0.3786,0.175,0.1278,62653.51,0.2118,1,1.0,0,0.0,308.43,265.0,155.23,147.0,618.0,RAS
s0867,vertebrae_C4,1,0.9729,0.9473,3775,129,81,3904,3856,ok,3904,13176.0,0,0.5,0.4271,0.4802,0.3786,0.1938,0.1429,77527.13,0.17,3,0.9987,0,0.0,357.78,303.0,181.57,163.0,758.7,RAS
s0867,vertebrae_C5,1,0.9642,0.9309,4042,240,60,4282,4102,ok,4282,14451.75,0,0.5149,0.4059,0.4097,0.3786,0.2062,0.1504,86872.52,0.1664,3,0.993,0,0.0,316.4,280.0,159.1,131.0,632.95,RAS
s0867,vertebrae_C6,1,0.9543,0.9126,4081,270,121,4351,4202,ok,4351,14684.63,0,0.5247,0.3821,0.3404,0.3786,0.25,0.1504,105300.02,0.1395,3,0.9995,0,0.0,298.87,273.0,140.68,123.0,571.5,RAS
s0867,vertebrae_C7,1,0.9631,0.9288,5608,249,181,5857,5789,ok,5857,19767.38,0,0.534,0.3473,0.2708,0.5049,0.2687,0.1654,166023.03,0.1191,1,1.0,0,0.0,235.95,209.0,132.07,61.0,492.0,RAS
s0867,vertebrae_T1,1,0.9837,0.9679,7089,165,70,7254,7159,ok,7254,24482.25,0,0.5375,0.3103,0.1931,0.4951,0.275,0.188,189337.53,0.1293,1,1.0,0,0.0,199.9,173.0,122.71,41.0,449.0,RAS
s0867,vertebrae_T2,0,0.8976,0.8143,5318,1173,40,6491,5358,ok,6491,21907.13,0,0.5456,0.2711,0.0989,0.4466,0.2812,0.1955,181642.53,0.1206,1,1.0,1,0.0,202.29,181.0,118.72,47.5,429.0,RAS
s0867,vertebrae_T3,0,0.7301,0.5749,2490,867,974,3357,3464,ok,3357,11329.88,0,0.5559,0.2225,0.0306,0.4078,0.25,0.1053,79380.01,0.1427,1,1.0,1,0.1296,202.31,177.0,121.34,52.0,436.2,RAS
s0867,vertebrae_T4,0,0.0,0.0,0,0,294,0,294,miss,0,0.0,1,,,,0.0,0.0,0.0,0.0,0.0,0,0.0,0,0.0,,,,,,RAS
s0832,aorta,1,0.992,0.9842,56681,650,260,57331,56941,ok,57331,193492.12,0,0.4948,0.4848,0.6237,0.2607,0.3541,1.0,2140047.0,0.0904,2,0.5993,1,0.0217,562.06,594.0,128.25,239.0,668.0,RAS
s0832,atrial_appendage_left,1,0.9476,0.9004,4341,101,379,4442,4720,ok,4442,14991.75,0,0.4424,0.5594,0.7979,0.1012,0.1362,0.2212,70638.75,0.2122,1,1.0,0,0.0,420.06,498.0,160.12,111.0,586.0,RAS
s0832,autochthon_left,1,0.9846,0.9696,38125,360,835,38485,38960,ok,38485,129886.88,0,0.4209,0.2051,0.3921,0.1751,0.0934,1.0,379080.0,0.3426,1,1.0,1,0.0209,13.59,18.0,40.52,-61.0,72.0,RAS
s0832,autochthon_right,1,0.9812,0.9632,35872,432,940,36304,36812,ok,36304,122526.0,0,0.5676,0.2026,0.399,0.1673,0.0856,1.0,332046.0,0.369,1,1.0,1,0.0192,9.27,11.0,38.51,-58.0,68.0,RAS
s0832,colon,1,0.9528,0.9099,10617,272,779,10889,11396,ok,10889,36750.38,0,0.2348,0.5684,0.1311,0.1206,0.284,0.2981,236766.38,0.1552,1,1.0,1,0.03,-280.99,-58.0,409.14,-1004.0,62.0,RAS
s0832,costal_cartilages,0,0.9182,0.8487,43976,2054,5784,46030,49760,ok,46030,155351.25,0,0.5248,0.7993,0.405,0.6693,0.1479,0.9423,2161782.0,0.0719,15,0.4574,1,0.0013,89.53,82.0,64.64,32.0,152.0,RAS
s0832,esophagus,1,0.9559,0.9155,7505,542,151,8047,7656,ok,8047,27158.62,0,0.4947,0.4655,0.4473,0.1128,0.1868,0.9615,469800.0,0.0578,1,1.0,1,0.0101,-12.49,28.0,170.15,-355.1,102.0,RAS
s0832,heart,1,0.9673,0.9367,264695,4634,13258,269329,277953,ok,269329,908985.38,0,0.4793,0.6098,0.4971,0.3735,0.3852,0.8654,2886840.0,0.3149,6,1.0,1,0.0032,224.44,130.0,194.3,42.0,509.0,RAS
s0832,inferior_vena_cava,0,0.9245,0.8595,9706,1531,55,11237,9761,ok,11237,37924.88,0,0.5768,0.5448,0.2451,0.0973,0.0973,0.4712,103359.38,0.3669,1,1.0,1,0.0044,73.34,76.0,36.51,10.0,126.0,RAS
s0832,liver,1,0.9912,0.9825,173907,1202,1890,175109,175797,ok,175109,590992.88,0,0.7106,0.574,0.1117,0.4747,0.5097,0.3942,2211509.25,0.2672,2,1.0,1,0.0479,60.87,60.0,37.63,1.0,122.0,RAS
s0832,lung_lower_lobe_left,1,0.9942,0.9885,280837,1737,1522,282574,282359,ok,282574,953687.25,0,0.3005,0.3904,0.5449,0.3385,0.4591,1.0,3603366.0,0.2647,10,0.9998,1,0.0059,-769.5,-833.0,181.56,-901.0,-392.0,RAS
s0832,lung_lower_lobe_right,1,0.9961,0.9921,377777,1542,1449,379319,379226,ok,379319,1280201.62,0,0.6859,0.3791,0.4524,0.4202,0.4475,1.0,4359420.0,0.2937,1,1.0,1,0.0046,-792.98,-848.0,170.12,-913.0,-448.0,RAS
s0832,lung_middle_lobe_right,1,0.9884,0.9771,141475,1244,2078,142719,143553,ok,142719,481676.62,0,0.7256,0.6365,0.5524,0.3191,0.3891,0.6538,1881900.0,0.256,3,1.0,0,0.0,-833.85,-876.0,140.38,-933.0,-573.0,RAS
s0832,lung_upper_lobe_left,1,0.9951,0.9903,219642,1051,1101,220693,220743,ok,220693,744838.88,0,0.3193,0.6338,0.715,0.3658,0.3891,1.0,3299400.0,0.2257,1,1.0,1,0.0217,-827.82,-868.0,149.19,-935.0,-567.0,RAS
s0832,lung_upper_lobe_right,1,0.9879,0.9761,123051,2048,960,125099,124011,ok,125099,422209.12,0,0.7059,0.5509,0.8706,0.3346,0.5097,0.3558,1406841.75,0.3001,5,1.0,1,0.0427,-829.88,-871.0,149.89,-925.0,-580.0,RAS
s0832,pancreas,0,0.8983,0.8154,349,12,67,361,416,ok,361,1218.38,0,0.2759,0.4179,0.0122,0.0545,0.0467,0.0481,2835.0,0.4298,1,1.0,1,0.3296,90.77,91.0,42.45,20.0,159.0,RAS
s0832,portal_vein_and_splenic_vein,0,0.5909,0.4194,156,139,77,295,233,ok,295,995.62,0,0.3006,0.4386,0.0289,0.0467,0.0661,0.0673,4819.5,0.2066,1,1.0,1,0.1186,183.28,152.0,131.31,59.5,569.6,RAS
s0832,pulmonary_vein,1,0.9741,0.9495,10064,263,272,10327,10336,ok,10327,34853.62,0,0.5099,0.4656,0.7308,0.3385,0.144,0.4519,510613.88,0.0683,4,0.3324,0,0.0,350.0,372.0,98.58,134.0,469.0,RAS
s0832,rib_left_10,1,0.9831,0.9667,4156,80,63,4236,4219,ok,4236,14296.5,0,0.2372,0.2858,0.2537,0.2879,0.2685,0.4904,878870.25,0.0163,1,1.0,1,0.0132,431.78,432.0,218.77,72.0,802.0,RAS
s0832,rib_left_11,1,0.975,0.9513,2127,59,50,2186,2177,ok,2186,7377.75,0,0.3059,0.2441,0.1252,0.2335,0.0934,0.2885,145800.0,0.0506,2,0.9794,1,0.0343,417.16,420.0,209.99,70.25,771.75,RAS
s0832,rib_left_12,0,0.6582,0.4905,129,0,134,129,263,ok,129,435.38,0,0.4021,0.2705,0.0257,0.0467,0.035,0.0769,2916.0,0.1493,1,1.0,1,0.1163,365.34,369.0,138.24,128.8,557.2,RAS
s0832,rib_left_4,1,0.9692,0.9402,1258,75,5,1333,1263,ok,1333,4498.88,0,0.2651,0.6985,0.9174,0.144,0.1868,0.2212,137862.0,0.0326,1,1.0,1,0.0698,255.71,239.0,130.46,63.4,491.2,RAS
s0832,rib_left_5,1,0.9864,0.9731,2971,59,23,3030,2994,ok,3030,10226.25,0,0.2199,0.6428,0.7995,0.1595,0.3658,0.4327,585326.25,0.0175,1,1.0,1,0.029,258.78,244.0,144.91,49.0,500.0,RAS
s0832,rib_left_6,1,0.9881,0.9766,5248,87,39,5335,5287,ok,5335,18005.62,0,0.1996,0.5427,0.723,0.1167,0.5642,0.625,954281.25,0.0189,1,1.0,1,0.0298,285.36,280.0,202.5,-12.0,639.3,RAS
s0832,rib_left_7,1,0.988,0.9763,7814,75,115,7889,7929,ok,7889,26625.38,0,0.2154,0.4451,0.6433,0.2218,0.5642,0.8365,2426810.5,0.011,1,1.0,0,0.0,344.14,320.0,222.05,27.0,746.0,RAS
s0832,rib_left_8,1,0.9894,0.9791,6086,69,61,6155,6147,ok,6155,20773.12,0,0.2082,0.3881,0.5149,0.2568,0.5019,0.8077,2413719.0,0.0086,1,1.0,1,0.0058,372.48,359.0,206.67,53.7,722.0,RAS
s0832,rib_left_9,1,0.9872,0.9747,5279,89,48,5368,5327,ok,5368,18117.0,0,0.2182,0.3331,0.3954,0.2685,0.4008,0.6538,1631056.5,0.0111,8,0.9985,1,0.0052,394.49,393.0,210.09,53.0,735.0,RAS
s0832,rib_right_10,0,0.1702,0.093,611,1781,4176,2392,4787,low_dice,2392,8073.0,0,0.684,0.2202,0.2005,0.2101,0.0778,0.5096,193185.0,0.0418,2,0.7186,1,0.0234,393.7,394.5,217.33,49.0,763.45,RAS
s0832,rib_right_11,0,0.193,0.1068,230,1,1923,231,2153,low_dice,231,779.62,0,0.6086,0.2436,0.2507,0.0272,0.0389,0.2981,7323.75,0.1065,2,0.9957,1,0.0043,361.25,386.0,265.21,-27.0,768.5,RAS
s0832,rib_right_12,0,0.7863,0.6479,46,16,9,62,55,ok,62,209.25,0,0.6064,0.2626,0.013,0.0233,0.0272,0.0481,708.75,0.2952,1,1.0,1,0.2258,360.94,363.5,154.98,117.05,606.4,RAS
s0832,rib_right_3,0,0.0,0.0,0,352,0,352,0,false_positive,352,1188.0,0,0.7012,0.7437,0.9241,0.0623,0.0584,0.125,10530.0,0.1128,1,1.0,1,0.0,248.3,228.0,151.94,61.0,558.75,RAS
s0832,rib_right_4,0,0.4448,0.286,822,1626,426,2448,1248,low_dice,2448,8262.0,0,0.7941,0.5957,0.9124,0.1518,0.3852,0.3846,521235.0,0.0159,4,0.5989,1,0.0915,319.5,313.0,163.02,63.35,582.0,RAS
s0832,rib_right_5,0,0.3599,0.2194,1482,3586,1686,5068,3168,low_dice,5068,17104.5,0,0.8052,0.5101,0.8091,0.1401,0.5175,0.4038,678699.0,0.0252,6,0.7054,1,0.0073,287.36,283.0,185.7,-2.0,600.0,RAS
s0832,rib_right_6,0,0.3361,0.202,2021,4338,3646,6359,5667,low_dice,6359,21461.62,0,0.8083,0.4776,0.6724,0.2062,0.5642,0.5865,1582149.38,0.0136,3,0.6765,1,0.0193,306.02,288.0,193.59,19.0,662.0,RAS
s0832,rib_right_7,0,0.4089,0.257,3315,5222,4364,8537,7679,low_dice,8537,28812.38,0,0.7913,0.409,0.568,0.3191,0.5759,0.7981,3399597.0,0.0085,3,0.6024,0,0.0,317.79,306.0,187.67,33.0,646.0,RAS
s0832,rib_right_8,0,0.3048,0.1798,2181,4736,5213,6917,7394,low_dice,6917,23344.88,0,0.8011,0.3709,0.3876,0.3346,0.5331,0.8077,3340197.0,0.007,5,0.6767,1,0.0059,336.83,326.0,187.18,45.0,661.2,RAS
s0832,rib_right_9,0,0.1703,0.0931,903,4070,4726,4973,5629,low_dice,4973,16783.88,0,0.7645,0.2638,0.2866,0.3307,0.2763,0.6635,1405400.62,0.0119,2,0.8156,1,0.0129,367.18,367.0,192.53,52.0,695.4,RAS
s0832,scapula_left,1,0.9818,0.9643,6868,182,72,7050,6940,ok,7050,23793.75,0,0.1339,0.3218,0.8376,0.1595,0.1829,0.3846,260145.0,0.0915,1,1.0,1,0.0329,251.42,233.0,167.7,23.0,561.55,RAS
s0832,scapula_right,1,0.9827,0.9661,5097,35,144,5132,5241,ok,5132,17320.5,0,0.8664,0.3092,0.8526,0.179,0.1401,0.3365,195615.0,0.0885,1,1.0,1,0.0347,278.74,271.0,139.7,63.0,526.0,RAS
s0832,spinal_cord,1,0.9791,0.9591,9860,218,203,10078,10063,ok,10078,34013.25,0,0.4968,0.2755,0.5159,0.0895,0.0739,1.0,153387.0,0.2217,1,1.0,1,0.0191,12.09,11.0,33.23,-41.0,66.0,RAS
s0832,spleen,1,0.9876,0.9755,33035,678,150,33713,33185,ok,33713,113781.38,0,0.2907,0.367,0.1252,0.2529,0.1712,0.3462,347490.0,0.3274,3,0.9999,1,0.0443,108.97,107.0,52.41,26.0,194.0,RAS
s0832,sternum,1,0.978,0.9569,9413,133,291,9546,9704,ok,9546,32217.75,0,0.5199,0.7836,0.6853,0.1089,0.0778,0.7596,149310.0,0.2158,1,1.0,1,0.0119,180.54,165.0,160.41,-35.75,467.0,RAS
s0832,stomach,1,0.9758,0.9527,26556,403,914,26959,27470,ok,26959,90986.62,0,0.3889,0.5687,0.0745,0.2023,0.3152,0.2212,326956.5,0.2783,1,1.0,1,0.0682,23.69,48.0,157.5,-49.0,119.0,RAS
s0832,superior_vena_cava,1,0.9645,0.9314,4984,130,237,5114,5221,ok,5114,17259.75,0,0.6104,0.5512,0.8411,0.0739,0.0739,0.3558,45079.88,0.3829,1,1.0,1,0.0256,332.75,152.0,668.98,6.65,2243.35,RAS
s0832,trachea,1,0.9734,0.9483,2712,14,134,2726,2846,ok,2726,9200.25,0,0.5214,0.4429,0.9309,0.2218,0.0584,0.1538,46170.0,0.1993,1,1.0,1,0.0833,-888.2,-976.0,194.65,-1016.0,-411.0,RAS
s0832,vertebrae_T10,1,0.9875,0.9753,12173,60,248,12233,12421,ok,12233,41286.38,0,0.5037,0.2949,0.3874,0.1907,0.1946,0.375,322481.25,0.128,3,0.9998,0,0.0,292.32,232.0,201.96,80.0,709.0,RAS
s0832,vertebrae_T11,1,0.9881,0.9765,13058,190,124,13248,13182,ok,13248,44712.0,0,0.5079,0.3067,0.2184,0.1712,0.1907,0.3654,276507.0,0.1617,4,0.9995,1,0.0008,287.52,234.0,196.4,77.0,685.65,RAS
s0832,vertebrae_T12,1,0.9909,0.9819,10867,53,147,10920,11014,ok,10920,36855.0,0,0.5114,0.3374,0.0676,0.1401,0.1673,0.1731,94041.0,0.3919,1,1.0,1,0.0493,247.58,197.0,175.2,69.0,614.0,RAS
s0832,vertebrae_T5,1,0.9577,0.9189,34,1,2,35,36,ok,35,118.12,0,0.4896,0.2008,0.9827,0.0156,0.0195,0.0385,270.0,0.4375,1,1.0,1,0.4857,363.91,329.0,121.93,215.3,552.3,RAS
s0832,vertebrae_T6,1,0.975,0.9512,3603,47,138,3650,3741,ok,3650,12318.75,0,0.4867,0.2925,0.9517,0.1128,0.1868,0.2212,108054.0,0.114,2,0.6518,1,0.1258,266.61,232.0,148.43,97.0,567.55,RAS
s0832,vertebrae_T7,1,0.9757,0.9526,8662,153,278,8815,8940,ok,8815,29750.62,0,0.4909,0.2783,0.8488,0.1907,0.1829,0.4038,326450.25,0.0911,1,1.0,1,0.0017,281.7,232.0,189.54,58.0,674.3,RAS
s0832,vertebrae_T8,1,0.9911,0.9823,9382,70,99,9452,9481,ok,9452,31900.5,0,0.4911,0.2786,0.6966,0.1868,0.1868,0.4327,349920.0,0.0912,2,0.9998,0,0.0,253.39,210.0,171.04,60.0,600.0,RAS
s0832,vertebrae_T9,1,0.9895,0.9791,10516,83,141,10599,10657,ok,10599,35771.62,0,0.4952,0.286,0.5422,0.1868,0.2023,0.3942,345384.0,0.1036,1,1.0,0,0.0,274.19,220.0,187.81,76.0,677.0,RAS
s0824,adrenal_gland_left,0,0.5116,0.3438,99,181,8,280,107,ok,280,945.0,0,0.4018,0.4064,0.0136,0.0302,0.1033,0.04,4104.0,0.2303,1,1.0,1,0.1393,62.44,64.0,97.25,-97.0,226.25,RAS
s0824,adrenal_gland_right,0,0.8306,0.7103,76,5,26,81,102,ok,81,273.37,0,0.5563,0.3779,0.0055,0.0151,0.0924,0.03,1377.0,0.1985,2,0.9753,1,0.3951,73.28,79.0,98.57,-68.0,189.0,RAS
s0824,aorta,1,0.99,0.9802,73711,606,881,74317,74592,ok,74317,250819.84,0,0.4629,0.509,0.4414,0.1962,0.4565,0.725,2137589.75,0.1173,1,1.0,1,0.0028,121.39,122.0,85.92,-3.0,243.0,RAS
s0824,atrial_appendage_left,0,0.946,0.8976,1543,39,137,1582,1680,ok,1582,5339.25,0,0.4022,0.5634,0.397,0.0717,0.1087,0.065,16672.5,0.3202,1,1.0,0,0.0,78.13,75.0,84.34,-51.0,215.95,RAS
s0824,autochthon_left,1,0.9793,0.9595,51053,933,1221,51986,52274,ok,51986,175452.72,0,0.4274,0.1932,0.4605,0.1358,0.4293,1.0,1919699.75,0.0914,1,1.0,1,0.0108,27.95,30.0,86.81,-118.0,166.0,RAS
s0824,autochthon_right,1,0.9767,0.9545,49782,938,1435,50720,51217,ok,50720,171179.97,0,0.5432,0.1964,0.4824,0.1321,0.4348,1.0,1889999.75,0.0906,1,1.0,1,0.0109,28.08,30.0,86.75,-116.0,166.0,RAS
s0824,brachiocephalic_trunk,1,0.9724,0.9463,1410,68,12,1478,1422,ok,1478,4988.25,0,0.5133,0.6555,0.6977,0.0642,0.1141,0.105,25302.37,0.1971,1,1.0,0,0.0,115.87,120.0,59.99,13.0,211.15,RAS
s0824,brachiocephalic_vein_left,1,0.9678,0.9377,4303,156,130,4459,4433,ok,4459,15049.12,0,0.4735,0.6881,0.6935,0.1585,0.125,0.17,110848.48,0.1358,1,1.0,0,0.0,119.18,124.0,64.62,6.9,216.0,RAS
s0824,brachiocephalic_vein_right,0,0.9337,0.8756,1147,151,12,1298,1159,ok,1298,4380.75,0,0.5606,0.632,0.7144,0.0642,0.0652,0.145,19966.5,0.2194,1,1.0,0,0.0,214.04,151.0,393.38,-105.15,1031.1,RAS
s0824,clavicula_left,1,0.9861,0.9726,12378,157,192,12535,12570,ok,12535,42305.62,0,0.3115,0.5756,0.8605,0.3019,0.4022,0.25,998999.88,0.0423,1,1.0,0,0.0,455.35,233.0,561.61,-114.0,1618.3,RAS
s0824,clavicula_right,1,0.9862,0.9728,12305,164,180,12469,12485,ok,12469,42082.87,0,0.6818,0.5508,0.8646,0.3057,0.4076,0.26,1066162.38,0.0395,1,1.0,0,0.0,456.64,230.0,566.36,-118.0,1652.2,RAS
s0824,common_carotid_artery_left,1,0.9604,0.9238,1890,55,101,1945,1991,ok,1945,6564.37,0,0.4535,0.6395,0.8151,0.0528,0.125,0.34,73898.99,0.0888,1,1.0,1,0.0108,104.29,107.0,64.63,-8.0,207.0,RAS
s0824,common_carotid_artery_right,0,0.9214,0.8542,879,72,78,951,957,ok,951,3209.62,0,0.5526,0.6366,0.8422,0.0566,0.087,0.25,40500.0,0.0793,2,0.6151,1,0.0,110.83,114.0,63.4,5.0,210.5,RAS
s0824,costal_cartilages,0,0.9303,0.8696,44495,1500,5170,45995,49665,ok,45995,155233.11,0,0.5018,0.8532,0.262,0.6,0.2337,0.745,3438156.0,0.0452,18,0.3161,1,0.0072,142.68,118.0,157.65,0.0,348.0,RAS
s0824,esophagus,0,0.9417,0.8898,12970,731,876,13701,13846,ok,13701,46240.87,0,0.4779,0.4706,0.4793,0.117,0.2717,0.78,816074.88,0.0567,1,1.0,0,0.0,43.19,65.0,177.79,-95.0,195.0,RAS
s0824,heart,1,0.9614,0.9257,149059,5822,6143,154881,155202,ok,154881,522723.31,0,0.4239,0.6331,0.2957,0.3774,0.4293,0.44,2346299.75,0.2228,2,0.9991,0,0.0,106.93,108.0,71.04,-9.0,220.0,RAS
s0824,humerus_left,1,0.987,0.9744,28557,75,676,28632,29233,ok,28632,96632.98,0,0.0803,0.4854,0.8826,0.1434,0.3315,0.23,359869.44,0.2685,1,1.0,1,0.0134,225.19,85.0,433.12,-164.0,1321.0,RAS
s0824,humerus_right,1,0.9869,0.9741,26657,130,578,26787,27235,ok,26787,90406.11,0,0.9025,0.4723,0.8974,0.1623,0.2935,0.21,329143.47,0.2747,1,1.0,1,0.0158,212.92,88.0,405.15,-161.0,1202.0,RAS
s0824,iliopsoas_right,0,0.0,0.0,0,25,0,25,0,false_positive,25,84.37,0,0.5561,0.2357,0.0014,0.0151,0.0326,0.01,162.0,0.5208,1,1.0,1,0.72,0.24,-9.0,100.32,-133.6,150.8,RAS
s0824,inferior_vena_cava,0,0.9244,0.8595,6502,577,486,7079,6988,ok,7079,23891.62,0,0.5488,0.5238,0.1636,0.0792,0.1685,0.285,125236.11,0.1908,1,1.0,1,0.0184,111.31,113.0,79.35,-21.0,238.0,RAS
s0824,liver,1,0.9927,0.9856,374343,2236,3250,376579,377593,ok,376579,1270954.0,0,0.6517,0.5435,0.0904,0.5547,0.6739,0.24,2952935.5,0.4304,3,1.0,1,0.0275,92.64,93.0,92.69,-60.0,244.0,RAS
s0824,lung_lower_lobe_left,1,0.9874,0.9751,222972,4020,1664,226992,224636,ok,226992,766097.88,0,0.3025,0.3436,0.333,0.3358,0.6141,0.69,4684047.0,0.1636,7,1.0,0,0.0,-806.75,-869.0,234.21,-1028.0,-319.0,RAS
s0824,lung_lower_lobe_right,1,0.9937,0.9875,239985,1261,1769,241246,241754,ok,241246,814205.12,0,0.6691,0.3366,0.3184,0.366,0.4891,0.6,3535649.5,0.2303,4,1.0,0,0.0,-812.47,-884.0,248.45,-1034.0,-284.0,RAS
s0824,lung_middle_lobe_right,1,0.9886,0.9774,126042,429,2481,126471,128523,ok,126471,426839.56,0,0.6864,0.6577,0.3119,0.3434,0.4348,0.315,1547909.75,0.2758,1,1.0,0,0.0,-866.08,-913.0,204.2,-1038.0,-509.0,RAS
s0824,lung_upper_lobe_left,1,0.993,0.9861,388266,1658,3809,389924,392075,ok,389924,1315993.38,0,0.3081,0.5954,0.5274,0.3358,0.5707,0.805,5077838.5,0.2592,6,1.0,0,0.0,-856.39,-902.0,208.71,-1042.0,-486.0,RAS
s0824,lung_upper_lobe_right,1,0.9955,0.991,363329,2519,783,365848,364112,ok,365848,1234736.88,0,0.6591,0.5353,0.5945,0.3358,0.6413,0.56,3969755.5,0.311,3,1.0,0,0.0,-860.37,-905.0,210.9,-1043.0,-501.0,RAS
s0824,portal_vein_and_splenic_vein,0,0.8887,0.7997,926,175,57,1101,983,ok,1101,3715.87,0,0.5165,0.5871,0.013,0.3472,0.3424,0.045,176053.47,0.0211,2,0.7711,1,0.1771,139.32,142.0,105.21,-30.0,306.0,RAS
s0824,pulmonary_vein,1,0.9569,0.9173,9008,466,346,9474,9354,ok,9474,31974.75,0,0.4824,0.4901,0.4028,0.317,0.2283,0.19,452465.94,0.0707,4,0.3427,0,0.0,118.5,126.0,115.89,-26.0,265.0,RAS
s0824,rib_left_1,1,0.9704,0.9425,3461,109,102,3570,3563,ok,3570,12048.75,0,0.3412,0.6346,0.7901,0.0981,0.2717,0.275,241312.47,0.0499,1,1.0,0,0.0,377.42,321.0,388.9,-133.0,1132.0,RAS
s0824,rib_left_10,1,0.9876,0.9755,3976,79,21,4055,3997,ok,4055,13685.62,0,0.2525,0.2048,0.1788,0.2868,0.2446,0.355,819517.38,0.0167,1,1.0,1,0.0109,436.2,355.0,436.02,-108.0,1264.3,RAS
s0824,rib_left_11,1,0.9843,0.969,2376,26,50,2402,2426,ok,2402,8106.75,0,0.3034,0.1616,0.1156,0.2189,0.0978,0.26,183221.97,0.0442,1,1.0,1,0.0196,419.71,369.0,403.66,-113.95,1171.95,RAS
s0824,rib_left_12,1,0.9815,0.9636,795,12,18,807,813,ok,807,2723.62,0,0.3589,0.1622,0.0553,0.1057,0.0598,0.14,29106.0,0.0936,1,1.0,1,0.0471,386.52,360.0,357.5,-124.7,1026.7,RAS
s0824,rib_left_2,1,0.9718,0.9451,4077,156,81,4233,4158,ok,4233,14286.37,0,0.2886,0.5663,0.7861,0.1698,0.413,0.315,727177.38,0.0196,4,0.9863,0,0.0,320.15,254.0,374.97,-135.0,1029.4,RAS
s0824,rib_left_3,1,0.9731,0.9476,4378,194,48,4572,4426,ok,4572,15430.5,0,0.2667,0.564,0.6978,0.1962,0.5272,0.385,1310809.38,0.0118,2,0.9965,0,0.0,257.27,226.0,287.29,-121.0,776.0,RAS
s0824,rib_left_4,1,0.9822,0.965,5540,106,95,5646,5635,ok,5646,19055.25,0,0.2467,0.5429,0.6092,0.2038,0.587,0.44,1732103.75,0.011,1,1.0,0,0.0,280.77,227.0,317.23,-121.0,869.75,RAS
s0824,rib_left_5,1,0.9764,0.954,6507,115,199,6622,6706,ok,6622,22349.25,0,0.2391,0.5301,0.5195,0.2075,0.6467,0.485,2142669.0,0.0104,1,1.0,0,0.0,280.02,201.0,332.22,-112.95,927.95,RAS
s0824,rib_left_6,1,0.9819,0.9645,6875,153,100,7028,6975,ok,7028,23719.5,0,0.2275,0.503,0.4384,0.2151,0.6685,0.52,2460860.75,0.0096,1,1.0,0,0.0,264.1,185.5,330.59,-121.65,909.0,RAS
s0824,rib_left_7,1,0.9849,0.9703,7998,117,128,8115,8126,ok,8115,27388.12,0,0.214,0.4601,0.3534,0.2491,0.6576,0.56,3018707.5,0.0091,2,0.9999,0,0.0,346.52,274.0,388.8,-127.0,1107.6,RAS
s0824,rib_left_8,1,0.9842,0.9689,6253,145,56,6398,6309,ok,6398,21593.25,0,0.2082,0.375,0.3107,0.2792,0.538,0.5,2472524.75,0.0087,3,0.9995,1,0.0053,376.28,306.0,389.93,-107.15,1150.15,RAS
s0824,rib_left_9,1,0.9849,0.9703,4541,123,16,4664,4557,ok,4664,15741.0,0,0.2204,0.2877,0.2493,0.2943,0.3967,0.425,1633466.0,0.0096,1,1.0,1,0.0054,384.23,338.0,373.72,-122.0,1081.0,RAS
s0824,rib_right_1,1,0.9695,0.9407,4159,44,218,4203,4377,ok,4203,14185.12,0,0.6374,0.6264,0.7887,0.1094,0.2663,0.28,268568.97,0.0528,1,1.0,0,0.0,512.43,443.0,449.91,-94.0,1352.9,RAS
s0824,rib_right_10,1,0.9811,0.963,3824,133,14,3957,3838,ok,3957,13354.87,0,0.7333,0.18,0.18,0.2792,0.2446,0.345,775473.62,0.0172,1,1.0,1,0.0088,399.49,322.0,401.18,-102.2,1197.0,RAS
s0824,rib_right_11,1,0.975,0.9512,2125,11,98,2136,2223,ok,2136,7209.0,0,0.6774,0.1447,0.117,0.2151,0.087,0.25,153899.98,0.0468,2,0.9995,1,0.0183,367.23,337.0,385.91,-153.25,1072.25,RAS
s0824,rib_right_12,1,0.9735,0.9485,736,6,34,742,770,ok,742,2504.25,0,0.6095,0.1494,0.0466,0.0906,0.0598,0.115,20493.0,0.1222,1,1.0,1,0.0499,379.46,314.0,377.58,-116.95,1067.65,RAS
s0824,rib_right_2,1,0.9676,0.9372,3969,132,134,4101,4103,ok,4101,13840.87,0,0.6896,0.5471,0.7914,0.1887,0.3913,0.315,765449.88,0.0181,5,0.9959,0,0.0,285.26,236.0,334.05,-125.0,937.0,RAS
s0824,rib_right_3,1,0.9659,0.9341,4591,176,148,4767,4739,ok,4767,16088.62,0,0.7183,0.5375,0.7131,0.2189,0.5054,0.385,1401765.5,0.0115,3,0.9996,0,0.0,249.95,210.0,286.85,-116.0,770.1,RAS
s0824,rib_right_4,1,0.9768,0.9546,5300,149,103,5449,5403,ok,5449,18390.37,0,0.7379,0.5218,0.6261,0.2453,0.5815,0.43,2018688.5,0.0091,2,0.9998,0,0.0,271.7,221.0,309.02,-115.6,848.2,RAS
s0824,rib_right_5,1,0.9732,0.9478,6578,195,167,6773,6745,ok,6773,22858.87,0,0.7484,0.495,0.5372,0.2491,0.6304,0.49,2532221.75,0.009,1,1.0,0,0.0,286.31,214.0,339.69,-117.0,951.8,RAS
s0824,rib_right_6,1,0.977,0.955,7086,235,99,7321,7185,ok,7321,24708.37,0,0.764,0.4601,0.453,0.2491,0.663,0.515,2799076.0,0.0088,3,0.9997,0,0.0,279.07,204.0,341.08,-114.0,967.0,RAS
s0824,rib_right_7,1,0.9715,0.9445,7766,387,69,8153,7835,ok,8153,27516.37,0,0.7774,0.4199,0.3779,0.2679,0.6359,0.545,3055937.25,0.009,1,1.0,0,0.0,325.15,236.0,378.46,-114.0,1091.0,RAS
s0824,rib_right_8,1,0.9848,0.97,5830,155,25,5985,5855,ok,5985,20199.37,0,0.7749,0.343,0.3223,0.2906,0.5543,0.5,2650724.75,0.0076,2,0.9998,1,0.0063,314.78,266.0,316.01,-98.0,931.0,RAS
s0824,rib_right_9,1,0.9779,0.9567,4882,187,34,5069,4916,ok,5069,17107.87,0,0.7678,0.2586,0.2551,0.3057,0.413,0.425,1766002.25,0.0097,1,1.0,1,0.0053,377.82,326.0,376.86,-118.0,1101.0,RAS
s0824,scapula_left,1,0.9785,0.9579,39406,1322,408,40728,39814,ok,40728,137456.98,0,0.1793,0.3155,0.6991,0.283,0.3967,0.675,2494546.5,0.0551,2,1.0,0,0.0,369.72,217.0,459.58,-125.0,1363.65,RAS
s0824,scapula_right,1,0.9766,0.9543,38144,601,1225,38745,39369,ok,38745,130764.36,0,0.8178,0.3121,0.7116,0.2755,0.3913,0.68,2412503.75,0.0542,4,0.9999,1,0.0,364.53,210.0,474.62,-136.0,1369.8,RAS
s0824,spinal_cord,1,0.976,0.9531,23706,385,781,24091,24487,ok,24091,81307.12,0,0.4903,0.3113,0.5275,0.0755,0.4239,1.0,1052999.88,0.0772,1,1.0,1,0.0109,11.52,12.0,80.39,-121.0,138.0,RAS
s0824,spleen,1,0.984,0.9685,68567,1764,468,70331,69035,ok,70331,237367.09,0,0.2727,0.3396,0.0765,0.283,0.413,0.19,731024.88,0.3247,1,1.0,1,0.0325,99.65,99.0,94.83,-54.0,257.0,RAS
s0824,sternum,1,0.9688,0.9395,24738,442,1150,25180,25888,ok,25180,84982.48,0,0.4983,0.8184,0.5433,0.166,0.212,0.665,770269.38,0.1103,1,1.0,0,0.0,184.74,76.0,299.54,-116.0,816.0,RAS
s0824,stomach,1,0.9829,0.9665,106737,1375,2329,108112,109066,ok,108112,364877.94,0,0.3144,0.5644,0.0748,0.3019,0.4457,0.195,863459.88,0.4226,1,1.0,1,0.0329,39.3,45.0,125.0,-112.0,199.0,RAS
s0824,subclavian_artery_left,1,0.9608,0.9246,2993,102,142,3095,3135,ok,3095,10445.62,0,0.3776,0.5963,0.783,0.2566,0.1141,0.17,163862.98,0.0637,1,1.0,0,0.0,100.12,108.0,109.72,-21.0,215.0,RAS
s0824,subclavian_artery_right,1,0.9666,0.9354,2316,79,81,2395,2397,ok,2395,8083.12,0,0.6155,0.5834,0.7958,0.2604,0.0924,0.135,106889.61,0.0756,1,1.0,0,0.0,107.48,105.0,87.9,-7.0,219.0,RAS
s0824,superior_vena_cava,1,0.9643,0.931,6602,116,373,6718,6975,ok,6718,22673.25,0,0.5453,0.6026,0.518,0.0604,0.125,0.27,67067.99,0.3381,1,1.0,0,0.0,126.65,119.0,157.46,-12.0,237.0,RAS
s0824,thyroid_gland,0,0.5092,0.3415,513,967,22,1480,535,ok,1480,4995.0,0,0.4846,0.6916,0.9159,0.1208,0.1033,0.145,59507.99,0.0839,3,0.6372,0,0.0,119.23,117.5,108.68,22.0,206.05,RAS
s0824,trachea,1,0.9823,0.9653,11755,52,371,11807,12126,ok,11807,39848.62,0,0.4969,0.5467,0.6652,0.234,0.2609,0.4,803519.88,0.0496,2,0.9999,0,0.0,-994.38,-1029.0,235.29,-1265.0,-463.0,RAS
s0824,vertebrae_C5,1,0.9732,0.9478,418,7,16,425,434,ok,425,1434.37,0,0.4971,0.6529,0.985,0.0604,0.0598,0.04,4752.0,0.3018,1,1.0,1,0.2706,481.2,435.0,312.73,73.2,1102.0,RAS
s0824,vertebrae_C6,1,0.9646,0.9315,2204,72,90,2276,2294,ok,2276,7681.5,0,0.498,0.6147,0.9673,0.1547,0.1196,0.08,48707.99,0.1577,6,0.9956,1,0.1015,576.42,548.0,342.89,92.0,1156.25,RAS
s0824,vertebrae_C7,1,0.966,0.9342,5172,176,188,5348,5360,ok,5348,18049.5,0,0.4935,0.56,0.9504,0.1811,0.2065,0.12,147743.98,0.1222,4,0.9991,1,0.0245,448.77,367.0,370.75,-4.65,1188.0,RAS
s0824,vertebrae_L1,1,0.9884,0.9771,8916,87,122,9003,9038,ok,9003,30385.12,0,0.4835,0.2491,0.0238,0.1811,0.3098,0.09,166211.97,0.1828,1,1.0,1,0.099,363.93,285.0,333.04,-10.0,1075.0,RAS
s0824,vertebrae_T1,1,0.985,0.9705,7433,98,128,7531,7561,ok,7531,25417.12,0,0.4895,0.5013,0.912,0.2,0.2446,0.14,225382.47,0.1128,1,1.0,0,0.0,321.08,227.0,330.9,-35.5,1028.0,RAS
s0824,vertebrae_T10,1,0.9902,0.9805,11136,110,111,11246,11247,ok,11246,37955.25,0,0.4948,0.2496,0.2853,0.166,0.2935,0.165,264626.97,0.1434,1,1.0,0,0.0,341.0,234.0,353.03,-19.0,1106.0,RAS
s0824,vertebrae_T11,1,0.9905,0.9813,11949,114,114,12063,12063,ok,12063,40712.62,0,0.4908,0.2486,0.2013,0.1358,0.2935,0.18,236195.97,0.1724,1,1.0,0,0.0,312.29,210.0,340.77,-20.0,1074.0,RAS
s0824,vertebrae_T12,1,0.9915,0.9831,13378,101,129,13479,13507,ok,13479,45491.62,0,0.487,0.238,0.1042,0.1208,0.2989,0.165,196019.97,0.2321,2,0.9999,0,0.0,308.93,205.0,357.09,-54.0,1128.1,RAS
s0824,vertebrae_T2,1,0.9887,0.9777,7334,75,92,7409,7426,ok,7409,25005.37,0,0.4876,0.4469,0.8588,0.1811,0.2554,0.165,251261.97,0.0995,1,1.0,0,0.0,313.2,223.0,328.24,-55.0,992.0,RAS
s0824,vertebrae_T3,1,0.9861,0.9725,6966,88,109,7054,7075,ok,7054,23807.25,0,0.4834,0.3942,0.8031,0.1698,0.2663,0.16,238139.97,0.1,1,1.0,0,0.0,286.9,196.0,320.22,-68.0,952.75,RAS
s0824,vertebrae_T4,1,0.9822,0.965,6810,91,156,6901,6966,ok,6901,23290.87,0,0.4854,0.3491,0.737,0.1509,0.2772,0.15,206549.97,0.1128,1,1.0,0,0.0,276.0,192.0,304.04,-56.0,897.0,RAS
s0824,vertebrae_T5,1,0.9832,0.9669,7548,91,167,7639,7715,ok,7639,25781.62,0,0.4924,0.3121,0.6672,0.1698,0.2772,0.14,216877.47,0.1189,1,1.0,0,0.0,274.24,196.0,296.02,-52.0,875.2,RAS
s0824,vertebrae_T6,1,0.9734,0.9481,8356,190,267,8546,8623,ok,8546,28842.75,0,0.4963,0.2906,0.5914,0.1774,0.2772,0.17,275055.72,0.1049,1,1.0,0,0.0,289.62,205.0,314.8,-53.75,944.75,RAS
s0824,vertebrae_T7,1,0.9795,0.9599,9211,258,127,9469,9338,ok,9469,31957.87,0,0.4982,0.2755,0.5148,0.1736,0.288,0.18,296216.97,0.1079,1,1.0,0,0.0,312.77,216.0,334.16,-50.0,1027.0,RAS
s0824,vertebrae_T8,1,0.988,0.9764,9753,130,106,9883,9859,ok,9883,33355.12,0,0.4964,0.2655,0.4371,0.1736,0.2989,0.18,307394.97,0.1085,1,1.0,0,0.0,344.14,256.0,339.3,-33.0,1058.7,RAS
s0824,vertebrae_T9,1,0.9864,0.9731,10653,157,137,10810,10790,ok,10810,36483.75,0,0.4955,0.2598,0.3619,0.1698,0.2989,0.175,292359.34,0.1248,1,1.0,0,0.0,353.53,260.0,341.47,-26.0,1078.0,RAS
s0808,adrenal_gland_left,0,0.9047,0.826,1158,189,55,1347,1213,ok,1347,4546.13,0,0.3751,0.4022,0.0439,0.065,0.134,0.125,37800.0,0.1203,2,0.997,1,0.069,35.92,34.0,133.94,-179.0,260.7,RAS
s0808,adrenal_gland_right,0,0.9472,0.8997,1983,66,155,2049,2138,ok,2049,6915.38,0,0.5932,0.3726,0.0871,0.065,0.134,0.16,48384.01,0.1429,1,1.0,1,0.0039,41.61,42.0,128.75,-173.6,251.6,RAS
s0808,aorta,1,0.9857,0.9717,115110,1699,1652,116809,116762,ok,116809,394230.44,0,0.4858,0.4181,0.5021,0.3293,0.445,0.78,3966125.0,0.0994,1,1.0,1,0.002,133.39,133.0,102.32,-18.0,278.0,RAS
s0808,atrial_appendage_left,0,0.9052,0.8268,1461,127,179,1588,1640,ok,1588,5359.5,0,0.4372,0.4857,0.5115,0.0772,0.1196,0.065,20840.63,0.2572,1,1.0,0,0.0,82.48,81.5,89.0,-63.65,227.0,RAS
s0808,autochthon_left,1,0.9741,0.9495,57756,1758,1314,59514,59070,ok,59514,200859.78,0,0.4284,0.1461,0.43,0.187,0.2727,1.0,1769850.25,0.1135,1,1.0,1,0.011,10.39,10.0,117.82,-168.0,189.0,RAS
s0808,autochthon_right,1,0.9757,0.9526,57160,774,2073,57934,59233,ok,57934,195527.28,0,0.5601,0.15,0.4388,0.1626,0.2919,1.0,1647000.25,0.1187,1,1.0,1,0.0137,4.2,5.0,108.27,-174.0,178.0,RAS
s0808,brachiocephalic_trunk,1,0.9662,0.9346,1529,48,59,1577,1588,ok,1577,5322.38,0,0.534,0.4979,0.7634,0.0569,0.1196,0.095,22443.75,0.2371,1,1.0,0,0.0,123.06,122.0,72.28,4.8,241.0,RAS
s0808,brachiocephalic_vein_left,1,0.9715,0.9446,4898,57,230,4955,5128,ok,4955,16723.13,0,0.511,0.5323,0.7692,0.1829,0.11,0.14,97807.52,0.171,1,1.0,0,0.0,201.51,208.0,150.23,15.7,350.0,RAS
s0808,brachiocephalic_vein_right,0,0.8723,0.7735,1356,327,70,1683,1426,ok,1683,5680.13,0,0.5968,0.499,0.7827,0.0488,0.0718,0.11,13365.0,0.425,1,1.0,0,0.0,108.41,113.0,83.86,-32.9,235.9,RAS
s0808,clavicula_left,1,0.9767,0.9544,5804,147,130,5951,5934,ok,5951,20084.63,0,0.3451,0.4733,0.9053,0.2642,0.3254,0.19,566865.06,0.0354,1,1.0,0,0.0,404.57,229.0,465.22,-102.0,1334.5,RAS
s0808,clavicula_right,1,0.98,0.9608,4686,151,40,4837,4726,ok,4837,16324.88,0,0.6155,0.5305,0.9109,0.2073,0.2967,0.19,405526.56,0.0403,2,0.9934,1,0.0341,401.91,277.0,448.1,-118.0,1306.2,RAS
s0808,colon,0,0.8615,0.7567,5245,566,1120,5811,6365,ok,5811,19612.13,0,0.2048,0.5389,0.0146,0.7114,0.4163,0.055,565228.19,0.0347,4,0.9954,1,0.1934,-286.46,-103.0,454.47,-1136.5,214.0,RAS
s0808,common_carotid_artery_left,1,0.9498,0.9043,1522,48,113,1570,1635,ok,1570,5298.75,0,0.4635,0.4853,0.8472,0.0854,0.0957,0.265,75127.51,0.0705,1,1.0,1,0.0,108.8,110.5,88.11,-37.0,250.55,RAS
s0808,common_carotid_artery_right,0,0.9128,0.8395,926,67,110,993,1036,ok,993,3351.38,0,0.5502,0.4817,0.9008,0.061,0.067,0.18,25515.0,0.1313,1,1.0,1,0.0272,117.22,116.0,81.21,-16.0,244.4,RAS
s0808,costal_cartilages,0,0.8782,0.7828,30924,4929,3651,35853,34575,ok,35853,121003.89,0,0.4962,0.7191,0.3606,0.7724,0.244,0.755,4938267.0,0.0245,40,0.3895,0,0.0,155.4,103.0,263.87,-64.0,623.4,RAS
s0808,esophagus,1,0.9582,0.9197,10223,375,517,10598,10740,ok,10598,35768.25,0,0.4574,0.3729,0.5269,0.126,0.2057,0.745,670332.5,0.0534,1,1.0,0,0.0,-87.31,22.0,335.67,-985.0,200.15,RAS
s0808,heart,1,0.9657,0.9337,157867,4163,7050,162030,164917,ok,162030,546851.31,0,0.4503,0.5268,0.3873,0.3618,0.378,0.44,2088207.25,0.2619,1,1.0,0,0.0,101.56,101.0,103.35,-52.0,253.0,RAS
s0808,humerus_left,1,0.981,0.9626,19135,365,378,19500,19513,ok,19500,65812.51,0,0.1339,0.403,0.9032,0.1423,0.1818,0.165,148128.77,0.4443,1,1.0,0,0.0,126.54,76.0,392.69,-160.0,669.0,RAS
s0808,humerus_right,1,0.9859,0.9722,14084,106,297,14190,14381,ok,14190,47891.26,0,0.8486,0.4117,0.9497,0.122,0.1722,0.12,87480.02,0.5475,1,1.0,1,0.0544,128.13,86.0,219.13,-121.0,512.55,RAS
s0808,iliopsoas_left,0,0.0,0.0,0,0,21,0,21,miss,0,0.0,1,,,,0.0,0.0,0.0,0.0,0.0,0,0.0,0,0.0,,,,,,RAS
s0808,iliopsoas_right,0,0.8269,0.7048,117,39,10,156,127,ok,156,526.5,0,0.5514,0.2745,0.014,0.0203,0.0431,0.05,1518.75,0.3467,1,1.0,1,0.1923,43.83,50.5,115.59,-169.5,219.0,RAS
s0808,inferior_vena_cava,1,0.9517,0.9079,15851,167,1441,16018,17292,ok,16018,54060.76,0,0.5632,0.4505,0.1569,0.1138,0.1148,0.35,158760.02,0.3405,1,1.0,1,0.015,82.21,83.0,113.79,-106.0,267.0,RAS
s0808,kidney_left,1,0.9861,0.9725,2338,28,38,2366,2376,ok,2366,7985.25,0,0.3138,0.2991,0.0165,0.0894,0.1244,0.055,21235.5,0.376,1,1.0,1,0.1682,104.73,104.5,140.92,-126.75,340.5,RAS
s0808,kidney_right,0,0.7189,0.5611,1918,1404,96,3322,2014,ok,3322,11211.75,0,0.6473,0.2993,0.015,0.1301,0.1675,0.075,56700.01,0.1977,1,1.0,1,0.1981,68.22,70.0,123.71,-135.95,267.95,RAS
s0808,liver,1,0.9909,0.9819,408095,4586,2921,412681,411016,ok,412681,1392798.62,0,0.7008,0.5086,0.139,0.5325,0.6842,0.35,4425672.0,0.3147,1,1.0,1,0.0156,80.04,79.0,118.88,-114.0,275.0,RAS
s0808,lung_lower_lobe_left,1,0.9943,0.9887,224209,1642,927,225851,225136,ok,225851,762247.25,0,0.2908,0.3177,0.3562,0.3415,0.512,0.605,3670475.0,0.2077,3,1.0,0,0.0,-797.91,-852.0,225.61,-1027.0,-353.5,RAS
s0808,lung_lower_lobe_right,1,0.9942,0.9884,200044,1124,1225,201168,201269,ok,201168,678942.12,0,0.677,0.2738,0.3865,0.4024,0.445,0.49,3045215.75,0.223,3,1.0,0,0.0,-777.84,-843.0,245.91,-1024.0,-269.0,RAS
s0808,lung_middle_lobe_right,1,0.9762,0.9535,105493,1474,3667,106967,109160,ok,106967,361013.69,0,0.73,0.5206,0.4161,0.2805,0.4593,0.325,1453140.25,0.2484,3,0.9998,0,0.0,-865.56,-901.0,194.34,-1061.0,-546.0,RAS
s0808,lung_upper_lobe_left,1,0.9969,0.9938,268598,508,1165,269106,269763,ok,269106,908232.88,0,0.3213,0.4878,0.5954,0.3252,0.5072,0.575,3291300.5,0.2759,1,1.0,0,0.0,-835.01,-877.0,200.18,-1033.0,-472.0,RAS
s0808,lung_upper_lobe_right,1,0.9885,0.9773,224303,3551,1650,227854,225953,ok,227854,769007.38,0,0.6716,0.4194,0.656,0.3252,0.5502,0.46,2856600.5,0.2692,3,1.0,0,0.0,-824.63,-864.0,194.68,-1013.0,-481.0,RAS
s0808,pancreas,0,0.9031,0.8233,4078,257,618,4335,4696,ok,4335,14630.63,0,0.3849,0.523,0.0187,0.2967,0.2679,0.075,206955.03,0.0707,2,0.5033,1,0.1502,17.28,16.0,135.96,-198.0,244.0,RAS
s0808,portal_vein_and_splenic_vein,0,0.8924,0.8057,5831,982,424,6813,6255,ok,6813,22993.88,0,0.5031,0.4914,0.0405,0.4919,0.3062,0.12,627264.06,0.0367,2,0.9648,1,0.0386,108.63,109.0,129.12,-98.4,316.0,RAS
s0808,pulmonary_vein,1,0.9606,0.9241,7443,268,343,7711,7786,ok,7711,26024.63,0,0.4944,0.3669,0.4633,0.3374,0.1722,0.215,433633.56,0.06,3,0.5365,0,0.0,119.34,126.0,122.81,-61.5,289.5,RAS
s0808,rib_left_1,0,0.9322,0.873,2378,46,300,2424,2678,ok,2424,8181.0,0,0.3557,0.4734,0.8312,0.1057,0.2727,0.175,175061.28,0.0467,1,1.0,0,0.0,423.57,379.0,298.89,15.45,993.85,RAS
s0808,rib_left_10,1,0.9662,0.9347,2217,114,41,2331,2258,ok,2331,7867.13,0,0.2174,0.2162,0.217,0.3455,0.3158,0.305,1154958.88,0.0068,2,0.9996,0,0.0,470.28,430.0,339.6,-52.0,1095.5,RAS
s0808,rib_left_11,0,0.907,0.8298,1121,219,11,1340,1132,ok,1340,4522.5,0,0.2655,0.174,0.1191,0.2927,0.1435,0.26,379080.06,0.0119,2,0.9933,1,0.0201,595.4,536.5,648.99,25.7,1176.05,RAS
s0808,rib_left_12,0,0.8203,0.6954,347,121,31,468,378,ok,468,1579.5,0,0.3586,0.188,0.048,0.122,0.0574,0.1,24300.0,0.065,2,0.9979,1,0.0214,561.93,541.0,374.1,-53.0,1156.6,RAS
s0808,rib_left_2,1,0.9678,0.9376,2555,65,105,2620,2660,ok,2620,8842.5,0,0.3093,0.4376,0.7902,0.1667,0.3876,0.215,481960.19,0.0183,1,1.0,0,0.0,344.05,328.5,257.33,-31.0,770.0,RAS
s0808,rib_left_3,1,0.9634,0.9295,2860,79,138,2939,2998,ok,2939,9919.13,0,0.2832,0.4396,0.7123,0.2114,0.4833,0.26,921726.12,0.0108,1,1.0,0,0.0,366.06,356.0,263.79,-40.0,817.3,RAS
s0808,rib_left_4,1,0.968,0.9379,3748,62,186,3810,3934,ok,3810,12858.75,0,0.261,0.4316,0.6351,0.2195,0.5359,0.305,1245132.12,0.0103,1,1.0,0,0.0,386.71,382.0,313.23,-88.55,920.0,RAS
s0808,rib_left_5,1,0.9805,0.9617,4166,50,116,4216,4282,ok,4216,14229.0,0,0.2459,0.4221,0.5602,0.2276,0.5694,0.355,1596861.25,0.0089,2,0.9998,0,0.0,380.84,371.5,322.4,-102.0,952.25,RAS
s0808,rib_left_6,1,0.9788,0.9585,4300,44,142,4344,4442,ok,4344,14661.0,0,0.2246,0.4028,0.4872,0.2439,0.5646,0.415,1983285.25,0.0074,1,1.0,0,0.0,410.76,403.0,348.67,-99.0,1001.0,RAS
s0808,rib_left_7,1,0.9767,0.9544,4190,68,132,4258,4322,ok,4258,14370.75,0,0.2089,0.3713,0.4273,0.2683,0.5455,0.43,2183841.25,0.0066,1,1.0,0,0.0,414.04,384.0,339.85,-76.0,1035.15,RAS
s0808,rib_left_8,1,0.969,0.9399,3456,110,111,3566,3567,ok,3566,12035.25,0,0.2083,0.3247,0.3619,0.2886,0.5024,0.42,2113492.75,0.0057,1,1.0,0,0.0,416.56,399.0,319.29,-69.75,984.0,RAS
s0808,rib_left_9,1,0.9702,0.9421,3400,113,96,3513,3496,ok,3513,11856.38,0,0.2015,0.2709,0.2991,0.313,0.4402,0.365,1745320.75,0.0068,1,1.0,0,0.0,426.28,389.0,359.86,-96.0,1103.0,RAS
s0808,rib_right_1,1,0.9569,0.9174,2654,59,180,2713,2834,ok,2713,9156.38,0,0.6488,0.4712,0.8401,0.1138,0.2727,0.19,204687.03,0.0447,1,1.0,0,0.0,415.81,379.0,293.97,0.0,955.6,RAS
s0808,rib_right_10,1,0.9656,0.9335,2500,157,21,2657,2521,ok,2657,8967.38,0,0.7785,0.2091,0.1963,0.3577,0.3636,0.3,1354320.25,0.0066,1,1.0,0,0.0,478.93,449.0,377.63,-74.2,1138.2,RAS
s0808,rib_right_11,1,0.9692,0.9403,1259,69,11,1328,1270,ok,1328,4482.0,0,0.7184,0.1712,0.1165,0.2683,0.1579,0.215,316082.28,0.0142,2,0.9985,1,0.0166,496.92,490.5,346.89,-86.95,1081.6,RAS
s0808,rib_right_12,1,0.9527,0.9096,322,8,24,330,346,ok,330,1113.75,0,0.6332,0.1894,0.0365,0.1016,0.0239,0.08,6750.0,0.165,1,1.0,1,0.0545,422.92,407.0,310.23,-104.75,948.2,RAS
s0808,rib_right_2,1,0.9747,0.9507,2545,63,69,2608,2614,ok,2608,8802.0,0,0.6955,0.4297,0.7969,0.1748,0.3923,0.215,511710.81,0.0172,1,1.0,0,0.0,332.08,315.0,271.79,-58.0,781.65,RAS
s0808,rib_right_3,1,0.9707,0.943,2994,61,120,3055,3114,ok,3055,10310.63,0,0.7164,0.4259,0.7125,0.2114,0.4928,0.275,994207.62,0.0104,1,1.0,0,0.0,375.52,370.0,297.58,-79.0,855.3,RAS
s0808,rib_right_4,1,0.9827,0.9659,4194,74,74,4268,4268,ok,4268,14404.5,0,0.7398,0.4193,0.6322,0.2276,0.5311,0.305,1279719.12,0.0113,1,1.0,0,0.0,390.37,363.0,356.21,-119.65,1005.0,RAS
s0808,rib_right_5,1,0.9761,0.9534,4458,45,173,4503,4631,ok,4503,15197.63,0,0.7557,0.3996,0.5612,0.2439,0.5694,0.345,1662727.75,0.0091,1,1.0,0,0.0,411.83,379.0,380.87,-118.0,1081.9,RAS
s0808,rib_right_6,1,0.9864,0.9731,4554,80,46,4634,4600,ok,4634,15639.75,0,0.7779,0.367,0.4916,0.2561,0.5885,0.4,2092230.25,0.0075,1,1.0,0,0.0,422.29,372.0,392.61,-105.7,1153.0,RAS
s0808,rib_right_7,1,0.9805,0.9617,4143,137,28,4280,4171,ok,4280,14445.0,0,0.7914,0.3252,0.4311,0.2764,0.5598,0.41,2201823.25,0.0066,1,1.0,0,0.0,419.77,369.0,394.11,-117.0,1176.0,RAS
s0808,rib_right_8,1,0.9773,0.9556,3722,140,33,3862,3755,ok,3862,13034.25,0,0.7889,0.2788,0.36,0.3008,0.5167,0.39,2103894.25,0.0062,1,1.0,0,0.0,427.25,392.0,390.18,-127.9,1159.0,RAS
s0808,rib_right_9,1,0.9753,0.9518,3222,126,37,3348,3259,ok,3348,11299.5,0,0.7909,0.2393,0.2843,0.3211,0.4545,0.34,1722397.75,0.0066,1,1.0,0,0.0,429.99,398.0,389.71,-135.65,1160.95,RAS
s0808,scapula_left,1,0.9766,0.9543,23654,463,670,24117,24324,ok,24117,81394.88,0,0.1971,0.248,0.7598,0.2602,0.3158,0.57,1625184.25,0.0501,3,0.9999,0,0.0,350.2,244.0,386.97,-106.0,1155.0,RAS
s0808,scapula_right,1,0.9789,0.9587,22052,215,735,22267,22787,ok,22267,75151.13,0,0.8004,0.2778,0.8026,0.248,0.311,0.54,1445242.75,0.052,2,1.0,1,0.0047,365.58,244.0,416.39,-113.0,1261.0,RAS
s0808,skull,1,0.9615,0.9258,1348,54,54,1402,1402,ok,1402,4731.75,0,0.4821,0.7567,0.9845,0.1463,0.11,0.04,22356.0,0.2117,3,0.9986,1,0.2225,654.47,883.5,1269.11,-196.85,1644.95,RAS
s0808,spinal_cord,1,0.9697,0.9411,20858,558,747,21416,21605,ok,21416,72279.01,0,0.4958,0.2384,0.4854,0.0813,0.2584,1.0,729000.12,0.0991,1,1.0,1,0.0095,19.72,17.0,106.5,-146.0,193.0,RAS
s0808,spleen,1,0.9917,0.9835,61271,610,421,61881,61692,ok,61881,208848.41,0,0.2106,0.312,0.1224,0.252,0.3254,0.255,725679.12,0.2878,1,1.0,1,0.0098,90.02,89.0,128.14,-118.0,302.0,RAS
s0808,sternum,1,0.9562,0.916,13638,165,1085,13803,14723,ok,13803,46585.13,0,0.5037,0.6716,0.6325,0.1423,0.1914,0.52,491400.06,0.0948,1,1.0,0,0.0,191.73,138.0,224.11,-81.0,634.0,RAS
s0808,stomach,1,0.9873,0.975,102179,915,1706,103094,103885,ok,103094,347942.31,0,0.3732,0.6233,0.0866,0.3659,0.488,0.22,1363230.25,0.2552,2,1.0,1,0.0273,19.88,29.0,170.56,-206.0,249.0,RAS
s0808,subclavian_artery_left,0,0.912,0.8383,2436,247,223,2683,2659,ok,2683,9055.13,0,0.4053,0.4388,0.8265,0.2439,0.1292,0.145,158557.52,0.0571,1,1.0,0,0.0,139.14,117.0,197.42,-42.9,384.5,RAS
s0808,subclavian_artery_right,1,0.9536,0.9113,2865,41,238,2906,3103,ok,2906,9807.75,0,0.6218,0.4501,0.8513,0.2114,0.1244,0.14,127764.02,0.0768,1,1.0,0,0.0,116.26,115.0,97.2,-28.0,257.75,RAS
s0808,superior_vena_cava,0,0.9451,0.896,6504,112,643,6616,7147,ok,6616,22329.0,0,0.5936,0.4558,0.5779,0.065,0.0957,0.315,68040.01,0.3282,1,1.0,0,0.0,134.45,139.0,94.15,-10.0,277.25,RAS
s0808,thyroid_gland,0,0.753,0.6038,509,189,145,698,654,ok,698,2355.75,0,0.529,0.5125,0.891,0.1016,0.0766,0.08,21600.0,0.1091,4,0.8883,0,0.0,81.47,83.0,82.41,-51.3,218.15,RAS
s0808,trachea,1,0.9861,0.9726,11799,134,198,11933,11997,ok,11933,40273.88,0,0.5061,0.4179,0.7129,0.2276,0.2201,0.375,652050.06,0.0618,1,1.0,0,0.0,-986.24,-1022.0,201.96,-1204.0,-523.6,RAS
s0808,vertebrae_C5,0,0.8767,0.7805,288,79,2,367,290,ok,367,1238.63,0,0.4904,0.4578,0.9881,0.0813,0.0526,0.03,4455.0,0.278,1,1.0,1,0.3542,351.48,310.0,240.91,43.6,787.1,RAS
s0808,vertebrae_C6,0,0.938,0.8833,2407,164,154,2571,2561,ok,2571,8677.13,0,0.4896,0.4196,0.9739,0.1545,0.1722,0.07,64638.01,0.1342,2,0.9977,1,0.1163,391.11,321.0,589.96,21.0,1136.0,RAS
s0808,vertebrae_C7,1,0.9692,0.9403,4347,91,185,4438,4532,ok,4438,14978.25,0,0.4969,0.3834,0.9429,0.1951,0.2105,0.1,142560.02,0.1051,3,0.9995,1,0.0,392.69,308.0,324.18,8.0,1029.0,RAS
s0808,vertebrae_L1,1,0.9814,0.9635,7548,93,193,7641,7741,ok,7641,25788.38,0,0.485,0.3109,0.0308,0.1626,0.1914,0.085,91800.02,0.2809,2,0.9982,1,0.0822,207.23,130.0,433.04,-130.0,853.0,RAS
s0808,vertebrae_T1,1,0.9841,0.9687,5255,79,91,5334,5346,ok,5334,18002.25,0,0.5019,0.347,0.8994,0.2114,0.2153,0.11,173745.03,0.1036,1,1.0,0,0.0,322.96,232.0,304.91,-4.0,969.7,RAS
s0808,vertebrae_T10,1,0.9897,0.9797,9123,70,119,9193,9242,ok,9193,31026.38,0,0.4943,0.2203,0.2913,0.1545,0.2201,0.165,194683.53,0.1594,1,1.0,0,0.0,337.28,206.0,547.25,-53.0,1106.0,RAS
s0808,vertebrae_T11,0,0.9382,0.8836,8643,745,394,9388,9037,ok,9388,31684.5,0,0.4854,0.2394,0.2066,0.1341,0.2201,0.155,158820.77,0.1995,5,0.9987,0,0.0,827.73,442.0,1036.65,-65.65,2720.0,RAS
s0808,vertebrae_T12,0,0.9307,0.8704,9953,931,551,10884,10504,ok,10884,36733.5,0,0.4839,0.2665,0.1125,0.1423,0.2297,0.175,198450.03,0.1851,3,0.9998,1,0.0,564.51,292.0,789.82,-126.0,2206.0,RAS
s0808,vertebrae_T2,1,0.9866,0.9736,5118,67,72,5185,5190,ok,5185,17499.38,0,0.5031,0.3186,0.8448,0.1911,0.2153,0.13,185591.28,0.0943,1,1.0,0,0.0,281.56,199.0,292.19,-32.0,914.4,RAS
s0808,vertebrae_T3,1,0.9857,0.9718,5026,72,74,5098,5100,ok,5098,17205.75,0,0.5031,0.2857,0.7873,0.1789,0.2297,0.12,171072.03,0.1006,1,1.0,0,0.0,293.42,201.0,308.75,-41.0,948.15,RAS
s0808,vertebrae_T4,1,0.9867,0.9738,5308,63,80,5371,5388,ok,5371,18127.13,0,0.5023,0.255,0.7266,0.1748,0.2297,0.13,181116.03,0.1001,1,1.0,0,0.0,290.1,186.0,322.91,-43.0,981.0,RAS
s0808,vertebrae_T5,1,0.9816,0.9639,5610,95,115,5705,5725,ok,5705,19254.38,0,0.5059,0.2284,0.6621,0.1748,0.2344,0.16,227556.03,0.0846,3,0.9988,0,0.0,285.16,190.0,309.86,-41.0,948.8,RAS
s0808,vertebrae_T6,1,0.9876,0.9756,5985,49,101,6034,6086,ok,6034,20364.75,0,0.5073,0.2096,0.5931,0.1748,0.2249,0.17,231909.78,0.0878,1,1.0,0,0.0,285.93,185.0,315.44,-43.0,968.35,RAS
s0808,vertebrae_T7,1,0.9864,0.9733,6368,51,124,6419,6492,ok,6419,21664.13,0,0.5052,0.2027,0.521,0.1707,0.2249,0.18,239841.03,0.0903,1,1.0,0,0.0,296.28,196.0,326.11,-49.0,1005.0,RAS
s0808,vertebrae_T8,1,0.9897,0.9796,6709,63,77,6772,6786,ok,6772,22855.5,0,0.5008,0.2031,0.4468,0.1626,0.2201,0.18,223560.03,0.1022,1,1.0,0,0.0,295.53,207.0,325.41,-64.0,1003.45,RAS
s0808,vertebrae_T9,1,0.9888,0.9778,7874,70,109,7944,7983,ok,7944,26811.0,0,0.4981,0.2073,0.37,0.1707,0.2201,0.175,228217.53,0.1175,2,0.9997,0,0.0,279.4,186.0,326.99,-73.0,990.85,RAS
s0794,adrenal_gland_left,1,0.9702,0.9421,2182,29,105,2211,2287,ok,2211,7462.12,0,0.3734,0.5163,0.5241,0.053,0.0989,0.0716,45360.0,0.1645,1,1.0,0,0.0,42.04,47.0,30.42,-18.0,84.5,RAS
s0794,adrenal_gland_right,1,0.9653,0.9329,1613,68,48,1681,1661,ok,1681,5673.38,0,0.5485,0.4807,0.5445,0.053,0.0813,0.0626,32602.5,0.174,1,1.0,0,0.0,40.64,44.0,29.57,-16.0,83.0,RAS
s0794,aorta,1,0.9872,0.9747,81886,1079,1046,82965,82932,ok,82965,280006.88,0,0.4524,0.5064,0.7072,0.1802,0.2544,0.5593,3098250.0,0.0904,1,1.0,0,0.0,99.11,104.0,43.73,41.0,128.0,RAS
s0794,atrial_appendage_left,1,0.9685,0.9389,2905,143,46,3048,2951,ok,3048,10287.0,0,0.3865,0.5364,0.7661,0.106,0.0777,0.0425,42322.5,0.2431,1,1.0,0,0.0,55.06,59.0,36.34,-9.0,108.0,RAS
s0794,autochthon_left,1,0.9855,0.9713,139160,1649,2460,140809,141620,ok,140809,475230.38,0,0.3921,0.3168,0.5502,0.1661,0.1555,0.7584,2366050.5,0.2009,1,1.0,1,0.0015,22.28,33.0,39.47,-65.0,68.0,RAS
s0794,autochthon_right,1,0.9868,0.974,132993,2244,1302,135237,134295,ok,135237,456424.88,0,0.5395,0.3114,0.5574,0.1908,0.1519,0.7517,2633148.0,0.1733,1,1.0,1,0.002,22.28,32.0,39.67,-66.0,68.0,RAS
s0794,brachiocephalic_trunk,1,0.9596,0.9223,1520,97,31,1617,1551,ok,1617,5457.38,0,0.5032,0.5378,0.8949,0.0424,0.0742,0.0559,21262.5,0.2567,1,1.0,0,0.0,91.01,104.0,34.91,12.8,125.0,RAS
s0794,brachiocephalic_vein_left,1,0.9761,0.9533,5556,132,140,5688,5696,ok,5688,19197.0,0,0.4694,0.5666,0.8847,0.1802,0.1201,0.0984,257499.0,0.0746,1,1.0,0,0.0,87.75,103.0,39.83,-7.0,122.0,RAS
s0794,brachiocephalic_vein_right,0,0.9247,0.86,2549,38,377,2587,2926,ok,2587,8731.12,0,0.546,0.5182,0.9051,0.0495,0.0601,0.0738,26507.25,0.3294,1,1.0,0,0.0,89.23,103.0,49.44,-5.0,135.0,RAS
s0794,clavicula_left,1,0.9925,0.985,8220,63,62,8283,8282,ok,8283,27955.12,0,0.3501,0.4976,0.9615,0.2792,0.2473,0.085,709222.5,0.0394,1,1.0,1,0.0283,469.66,334.0,379.42,32.0,1190.9,RAS
s0794,clavicula_right,1,0.9811,0.9628,9739,173,203,9912,9942,ok,9912,33453.0,0,0.6313,0.4668,0.9644,0.2721,0.265,0.0828,721153.12,0.0464,1,1.0,1,0.0051,434.53,294.0,363.75,35.0,1144.0,RAS
s0794,colon,1,0.9791,0.9591,297445,7052,5646,304497,303091,ok,304497,1027677.38,0,0.4864,0.5997,0.3636,0.6926,0.4876,0.472,19261556.0,0.0534,1,1.0,0,0.0,-148.97,4.0,330.0,-981.0,62.0,RAS
s0794,common_carotid_artery_left,1,0.9692,0.9403,1323,38,46,1361,1369,ok,1361,4593.38,0,0.4487,0.5105,0.9298,0.0601,0.0813,0.1253,73899.0,0.0622,1,1.0,1,0.0147,71.05,85.0,44.92,-14.0,123.0,RAS
s0794,common_carotid_artery_right,0,0.9426,0.8915,731,42,47,773,778,ok,773,2608.88,0,0.5185,0.4926,0.9577,0.0353,0.053,0.0761,17212.5,0.1516,1,1.0,1,0.0194,71.83,80.0,34.42,5.0,117.0,RAS
s0794,costal_cartilages,1,0.9559,0.9154,45635,2571,1644,48206,47279,ok,48206,162695.25,0,0.4961,0.7097,0.6954,0.6537,0.3746,0.4586,13567669.0,0.012,14,0.7095,0,0.0,98.39,99.0,38.73,47.0,136.0,RAS
s0794,duodenum,1,0.9493,0.9034,13368,454,975,13822,14343,ok,13822,46649.25,0,0.5476,0.5869,0.425,0.2155,0.1272,0.1253,415044.0,0.1124,1,1.0,0,0.0,42.95,52.0,47.16,-32.0,86.0,RAS
s0794,esophagus,1,0.9781,0.9572,12222,437,110,12659,12332,ok,12659,42724.12,0,0.4544,0.4673,0.7787,0.0813,0.159,0.3803,593831.25,0.0719,1,1.0,0,0.0,41.93,46.0,28.09,-7.0,74.0,RAS
s0794,femur_left,1,0.9937,0.9876,52941,207,460,53148,53401,ok,53148,179374.5,0,0.237,0.4685,0.0827,0.2049,0.1661,0.1566,644017.5,0.2785,2,1.0,1,0.0071,295.58,182.0,322.6,6.0,1143.65,RAS
s0794,femur_right,1,0.9942,0.9885,55067,250,393,55317,55460,ok,55317,186694.88,0,0.7816,0.4368,0.086,0.2155,0.1625,0.1611,681858.0,0.2738,1,1.0,1,0.007,325.61,202.0,338.66,14.0,1203.0,RAS
s0794,gallbladder,0,0.9433,0.8927,7798,828,109,8626,7907,ok,8626,29112.75,0,0.6459,0.6797,0.4781,0.1378,0.1343,0.0626,140049.0,0.2079,1,1.0,0,0.0,26.16,24.0,26.15,-13.0,70.0,RAS
s0794,gluteus_maximus_left,1,0.9859,0.9721,142293,1759,2324,144052,144617,ok,144052,486175.5,0,0.2608,0.3318,0.1224,0.318,0.1908,0.2953,2165130.0,0.2245,1,1.0,1,0.0077,22.89,27.0,23.12,-22.0,52.0,RAS
s0794,gluteus_maximus_right,1,0.9869,0.9742,147364,1452,2448,148816,149812,ok,148816,502254.0,0,0.7138,0.3118,0.1264,0.3428,0.1731,0.311,2229751.0,0.2253,1,1.0,1,0.0092,25.96,30.0,22.09,-16.0,54.0,RAS
s0794,gluteus_medius_left,1,0.9833,0.9671,61636,947,1147,62583,62783,ok,62583,211217.62,0,0.1944,0.4616,0.222,0.159,0.2438,0.1946,911705.62,0.2317,1,1.0,0,0.0,31.65,39.0,29.73,-30.0,63.0,RAS
s0794,gluteus_medius_right,1,0.9841,0.9686,67986,680,1522,68666,69508,ok,68666,231747.75,0,0.7996,0.4283,0.2279,0.2297,0.2226,0.226,1395883.12,0.166,1,1.0,0,0.0,36.28,42.0,26.63,-11.75,64.0,RAS
s0794,gluteus_minimus_left,1,0.9752,0.9517,18511,311,629,18822,19140,ok,18822,63524.25,0,0.2162,0.5121,0.187,0.0954,0.212,0.123,300712.5,0.2112,1,1.0,0,0.0,34.72,43.0,30.76,-33.0,68.0,RAS
s0794,gluteus_minimus_right,1,0.9777,0.9563,20285,477,450,20762,20735,ok,20762,70071.75,0,0.7892,0.4741,0.1963,0.1378,0.1802,0.1409,422911.12,0.1657,1,1.0,0,0.0,34.0,42.0,32.7,-34.0,68.0,RAS
s0794,heart,1,0.9706,0.9429,194540,3942,7845,198482,202385,ok,198482,669876.75,0,0.4188,0.592,0.7098,0.3498,0.2968,0.2013,2525985.0,0.2652,2,1.0,0,0.0,82.55,89.0,30.68,21.0,121.0,RAS
s0794,hip_left,1,0.9931,0.9863,131613,1064,764,132677,132377,ok,132677,447784.88,0,0.3067,0.4601,0.2004,0.3781,0.3746,0.3221,5512212.0,0.0812,1,1.0,0,0.0,302.85,192.0,268.85,54.0,912.0,RAS
s0794,hip_right,1,0.9926,0.9853,126853,1178,716,128031,127569,ok,128031,432104.62,0,0.6838,0.4404,0.2053,0.3428,0.3428,0.3266,4636285.0,0.0932,1,1.0,0,0.0,312.05,201.0,274.24,50.0,920.0,RAS
s0794,humerus_left,1,0.9912,0.9825,15577,107,171,15684,15748,ok,15684,52933.5,0,0.1212,0.4392,0.9739,0.106,0.1272,0.0604,98415.0,0.5379,1,1.0,1,0.0414,116.96,82.0,162.09,-63.0,428.0,RAS
s0794,humerus_right,1,0.9879,0.976,20012,253,239,20265,20251,ok,20265,68394.38,0,0.8304,0.4141,0.9625,0.1131,0.1413,0.0783,151200.0,0.4523,1,1.0,1,0.0206,129.66,74.0,208.49,-62.0,548.0,RAS
s0794,iliac_artery_left,0,0.9337,0.8756,3457,46,445,3503,3902,ok,3503,11822.62,0,0.3833,0.5546,0.2164,0.1696,0.106,0.2528,549180.0,0.0215,1,1.0,0,0.0,87.52,91.0,44.76,25.0,121.0,RAS
s0794,iliac_artery_right,1,0.9665,0.9351,3428,84,154,3512,3582,ok,3512,11853.0,0,0.5989,0.5333,0.2307,0.2509,0.0813,0.2416,595228.5,0.0199,1,1.0,0,0.0,115.22,92.0,126.12,41.0,279.35,RAS
s0794,iliac_vena_left,1,0.9726,0.9466,9429,413,119,9842,9548,ok,9842,33216.75,0,0.4024,0.5251,0.2242,0.1873,0.1378,0.2461,767373.75,0.0433,1,1.0,0,0.0,76.82,80.0,22.37,33.0,104.0,RAS
s0794,iliac_vena_right,1,0.9661,0.9343,7285,216,296,7501,7581,ok,7501,25315.88,0,0.6183,0.5147,0.2156,0.1873,0.1237,0.2327,651105.0,0.0389,1,1.0,0,0.0,75.75,78.0,18.91,41.0,101.0,RAS
s0794,iliopsoas_left,1,0.981,0.9627,68623,1762,898,70385,69521,ok,70385,237549.38,0,0.3291,0.5092,0.2777,0.2191,0.2261,0.4922,2946240.0,0.0806,1,1.0,0,0.0,49.48,55.0,30.46,-10.0,80.0,RAS
s0794,iliopsoas_right,1,0.9832,0.967,62959,1353,797,64312,63756,ok,64312,217053.0,0,0.6464,0.4822,0.2927,0.2615,0.1943,0.5078,3118128.75,0.0696,2,1.0,0,0.0,48.76,55.0,29.28,-10.0,80.0,RAS
s0794,inferior_vena_cava,1,0.9765,0.9541,32939,896,689,33835,33628,ok,33835,114193.12,0,0.5279,0.5334,0.5246,0.0989,0.0848,0.3826,387828.0,0.2944,1,1.0,0,0.0,87.6,88.0,22.5,50.0,123.0,RAS
s0794,kidney_left,1,0.9924,0.9849,51688,193,600,51881,52288,ok,51881,175098.38,0,0.2904,0.4791,0.4372,0.1378,0.1519,0.179,452790.0,0.3867,1,1.0,0,0.0,91.3,94.0,25.28,43.0,126.0,RAS
s0794,kidney_right,1,0.9916,0.9832,46544,481,312,47025,46856,ok,47025,158709.38,0,0.6607,0.4978,0.4211,0.1413,0.2049,0.1432,501120.0,0.3167,1,1.0,0,0.0,96.3,100.0,26.24,45.0,131.0,RAS
s0794,liver,1,0.9948,0.9896,655958,3274,3642,659232,659600,ok,659232,2224908.0,0,0.6233,0.5856,0.5635,0.5088,0.4735,0.2416,7033392.0,0.3163,2,1.0,0,0.0,76.58,78.0,19.16,47.0,105.0,RAS
s0794,lung_lower_lobe_left,1,0.9966,0.9932,310472,1239,892,311711,311364,ok,311711,1052024.62,0,0.2815,0.4155,0.6987,0.2827,0.3922,0.3244,4345650.0,0.2421,3,1.0,0,0.0,-782.75,-823.0,137.78,-886.0,-506.0,RAS
s0794,lung_lower_lobe_right,1,0.9953,0.9906,344647,2408,861,347055,345508,ok,347055,1171310.62,0,0.6451,0.4022,0.6991,0.3428,0.3887,0.2819,4537417.5,0.2581,3,1.0,0,0.0,-768.05,-818.0,154.2,-881.0,-451.0,RAS
s0794,lung_middle_lobe_right,1,0.99,0.9802,110056,1385,843,111441,110899,ok,111441,376113.38,0,0.6668,0.5879,0.7289,0.2756,0.3074,0.1387,1419970.5,0.2649,3,1.0,0,0.0,-810.06,-848.0,132.65,-905.0,-559.0,RAS
s0794,lung_upper_lobe_left,1,0.9975,0.9949,357923,958,864,358881,358787,ok,358881,1211223.38,0,0.3068,0.5301,0.8192,0.3357,0.4099,0.3669,6099570.0,0.1986,1,1.0,0,0.0,-795.75,-836.0,135.36,-887.0,-534.0,RAS
s0794,lung_upper_lobe_right,1,0.9947,0.9894,303176,708,2528,303884,305704,ok,303884,1025608.5,0,0.6294,0.4653,0.847,0.3074,0.4276,0.2148,3410748.0,0.3007,5,1.0,0,0.0,-787.89,-829.0,134.29,-874.0,-535.0,RAS
s0794,pancreas,1,0.9797,0.9602,24131,535,464,24666,24595,ok,24666,83247.75,0,0.4465,0.5899,0.4871,0.311,0.1696,0.1544,983664.0,0.0846,1,1.0,0,0.0,59.93,64.0,26.15,9.0,95.0,RAS
s0794,portal_vein_and_splenic_vein,0,0.9465,0.8984,9373,696,364,10069,9737,ok,10069,33982.88,0,0.5229,0.5956,0.5312,0.4276,0.2261,0.0984,1149984.0,0.0296,1,1.0,0,0.0,92.11,97.0,28.58,35.4,129.0,RAS
s0794,pulmonary_vein,1,0.9724,0.9464,8382,328,147,8710,8529,ok,8710,29396.25,0,0.4735,0.4734,0.7513,0.3074,0.1201,0.0984,439263.0,0.0669,3,0.5134,0,0.0,91.81,103.0,43.42,8.0,135.0,RAS
s0794,rib_left_1,1,0.9733,0.948,3029,28,138,3057,3167,ok,3057,10317.38,0,0.3428,0.5062,0.9362,0.106,0.2191,0.0872,244822.5,0.0421,1,1.0,0,0.0,379.03,346.0,199.72,98.8,774.0,RAS
s0794,rib_left_10,1,0.9858,0.972,4470,66,63,4536,4533,ok,4536,15309.0,0,0.2403,0.3693,0.5896,0.2403,0.265,0.1767,1359787.5,0.0113,1,1.0,0,0.0,431.82,398.0,240.95,102.0,883.0,RAS
s0794,rib_left_11,1,0.982,0.9647,2762,63,38,2825,2800,ok,2825,9534.38,0,0.275,0.3591,0.5469,0.2014,0.1696,0.1655,683316.0,0.014,1,1.0,0,0.0,427.2,393.0,214.2,136.2,839.0,RAS
s0794,rib_left_12,1,0.9507,0.9061,801,71,12,872,813,ok,872,2943.0,0,0.3365,0.3612,0.5292,0.1201,0.0389,0.1007,56801.25,0.0518,1,1.0,0,0.0,417.8,394.0,156.48,211.55,715.8,RAS
s0794,rib_left_2,1,0.9817,0.964,3504,60,71,3564,3575,ok,3564,12028.5,0,0.3011,0.4875,0.9233,0.159,0.3074,0.0917,541738.12,0.0222,1,1.0,0,0.0,273.38,252.0,150.2,69.0,555.0,RAS
s0794,rib_left_3,1,0.9821,0.9648,3778,109,29,3887,3807,ok,3887,13118.62,0,0.2701,0.4879,0.8863,0.1802,0.3781,0.1208,994538.25,0.0132,2,0.9997,0,0.0,299.83,276.0,157.56,77.0,607.7,RAS
s0794,rib_left_4,1,0.9801,0.961,4233,137,35,4370,4268,ok,4370,14748.75,0,0.2525,0.4894,0.8485,0.1802,0.4134,0.132,1188178.88,0.0124,1,1.0,0,0.0,292.4,272.0,149.41,88.0,578.0,RAS
s0794,rib_left_5,1,0.9901,0.9804,5654,40,73,5694,5727,ok,5694,19217.25,0,0.2383,0.4934,0.8059,0.1979,0.4417,0.1454,1535625.0,0.0125,1,1.0,0,0.0,310.96,272.0,196.24,58.0,701.35,RAS
s0794,rib_left_6,1,0.9855,0.9715,6546,77,115,6623,6661,ok,6623,22352.62,0,0.2227,0.4915,0.7615,0.2191,0.4664,0.1588,1961091.0,0.0114,2,0.9998,0,0.0,346.64,298.0,229.61,38.1,786.0,RAS
s0794,rib_left_7,1,0.9902,0.9807,7047,62,77,7109,7124,ok,7109,23992.88,0,0.2071,0.4694,0.7222,0.2403,0.4558,0.1767,2338834.5,0.0103,1,1.0,0,0.0,361.61,314.0,238.43,49.0,805.0,RAS
s0794,rib_left_8,1,0.985,0.9704,5961,128,54,6089,6015,ok,6089,20550.38,0,0.2112,0.4319,0.6836,0.2509,0.417,0.1946,2459990.25,0.0084,1,1.0,0,0.0,358.21,318.0,207.68,81.4,745.0,RAS
s0794,rib_left_9,1,0.9836,0.9676,5501,126,58,5627,5559,ok,5627,18991.12,0,0.2215,0.3996,0.6402,0.2473,0.3534,0.1857,1960875.0,0.0097,1,1.0,0,0.0,434.36,394.0,238.11,110.3,860.0,RAS
s0794,rib_right_1,1,0.9618,0.9265,3100,15,231,3115,3331,ok,3115,10513.12,0,0.6015,0.4731,0.9418,0.1025,0.2155,0.0828,220903.88,0.0476,1,1.0,0,0.0,397.81,371.0,206.4,108.7,792.3,RAS
s0794,rib_right_10,1,0.9867,0.9738,5019,26,109,5045,5128,ok,5045,17026.88,0,0.7062,0.3447,0.5827,0.2721,0.2509,0.179,1476090.0,0.0115,1,1.0,0,0.0,427.58,381.0,248.57,106.0,894.8,RAS
s0794,rib_right_11,1,0.9784,0.9578,2925,36,93,2961,3018,ok,2961,9993.38,0,0.6574,0.3328,0.5492,0.2403,0.1696,0.1678,826200.0,0.0121,2,0.9976,0,0.0,409.56,374.0,208.68,133.0,816.0,RAS
s0794,rib_right_12,1,0.9754,0.952,893,37,8,930,901,ok,930,3138.75,0,0.6074,0.3496,0.5265,0.1519,0.0424,0.1007,78367.5,0.0401,1,1.0,0,0.0,392.94,372.5,174.64,154.45,720.0,RAS
s0794,rib_right_2,1,0.973,0.9474,3077,122,49,3199,3126,ok,3199,10796.62,0,0.643,0.4471,0.9282,0.1625,0.2968,0.0962,560763.0,0.0193,1,1.0,0,0.0,302.79,279.0,153.29,101.0,580.0,RAS
s0794,rib_right_3,1,0.9744,0.9501,3617,167,23,3784,3640,ok,3784,12771.0,0,0.6702,0.4326,0.8945,0.2085,0.3534,0.123,1095187.5,0.0117,2,0.9997,0,0.0,311.99,291.0,161.36,82.0,629.85,RAS
s0794,rib_right_4,1,0.97,0.9417,4834,267,32,5101,4866,ok,5101,17215.88,0,0.6973,0.4392,0.853,0.2297,0.3993,0.1432,1586520.0,0.0109,1,1.0,0,0.0,310.63,281.0,187.38,59.0,681.0,RAS
s0794,rib_right_5,1,0.9719,0.9453,5442,278,37,5720,5479,ok,5720,19305.0,0,0.7116,0.4361,0.8142,0.2473,0.424,0.1499,1899450.0,0.0102,2,0.9998,0,0.0,322.86,285.0,203.09,54.0,716.0,RAS
s0794,rib_right_6,1,0.9774,0.9558,6267,226,64,6493,6331,ok,6493,21913.88,0,0.7246,0.4358,0.7702,0.258,0.4417,0.1611,2217375.0,0.0099,2,0.9998,0,0.0,341.41,300.0,210.26,55.6,742.4,RAS
s0794,rib_right_7,1,0.9854,0.9713,6731,139,60,6870,6791,ok,6870,23186.25,0,0.7346,0.4206,0.7282,0.2721,0.4276,0.1767,2484145.0,0.0093,1,1.0,0,0.0,375.39,327.0,235.88,58.0,816.0,RAS
s0794,rib_right_8,1,0.9873,0.975,6308,109,53,6417,6361,ok,6417,21657.38,0,0.7356,0.3973,0.6835,0.2898,0.3958,0.1834,2541672.0,0.0085,1,1.0,0,0.0,389.25,346.0,225.58,84.0,793.0,RAS
s0794,rib_right_9,1,0.9822,0.965,5740,116,92,5856,5832,ok,5856,19764.0,0,0.7256,0.3673,0.6369,0.2827,0.3322,0.179,2030400.0,0.0097,1,1.0,0,0.0,444.19,402.0,250.07,108.0,890.25,RAS
s0794,sacrum,1,0.9815,0.9637,60820,1003,1287,61823,62107,ok,61823,208652.62,0,0.4794,0.3419,0.257,0.3004,0.2155,0.2125,1662440.62,0.1255,26,0.9984,0,0.0,176.31,115.0,194.29,-2.0,597.0,RAS
s0794,scapula_left,1,0.9848,0.9701,30336,286,649,30622,30985,ok,30622,103349.25,0,0.1824,0.3554,0.896,0.2332,0.2085,0.2617,1537643.25,0.0672,1,1.0,1,0.0051,363.46,295.0,280.9,31.0,959.0,RAS
s0794,scapula_right,1,0.9864,0.9731,30591,521,325,31112,30916,ok,31112,105003.0,0,0.7637,0.3245,0.8898,0.2332,0.2085,0.2752,1616496.75,0.065,1,1.0,1,0.0049,370.29,297.0,283.83,39.0,969.0,RAS
s0794,small_bowel,1,0.9783,0.9574,337538,6090,8914,343628,346452,ok,343628,1159744.5,0,0.4667,0.6123,0.277,0.5689,0.318,0.34,7433370.0,0.156,1,1.0,0,0.0,-16.47,30.0,165.32,-248.0,71.0,RAS
s0794,spinal_cord,1,0.9727,0.9469,30749,158,1567,30907,32316,ok,30907,104311.12,0,0.469,0.3749,0.6021,0.0707,0.1237,0.7271,767812.5,0.1359,1,1.0,1,0.0023,16.17,17.0,24.64,-25.0,54.0,RAS
s0794,spleen,1,0.9907,0.9815,34777,418,238,35195,35015,ok,35195,118783.12,0,0.2744,0.4309,0.5745,0.2085,0.1767,0.0895,398250.0,0.2983,1,1.0,0,0.0,66.45,70.0,23.86,20.0,97.0,RAS
s0794,sternum,1,0.963,0.9286,20240,126,1431,20366,21671,ok,20366,68735.25,0,0.494,0.6567,0.8475,0.1378,0.1908,0.255,810283.5,0.0848,1,1.0,0,0.0,189.19,158.0,125.92,41.0,433.0,RAS
s0794,stomach,1,0.9887,0.9777,124923,1371,1480,126294,126403,ok,126294,426242.25,0,0.3574,0.6428,0.5428,0.3463,0.3145,0.2148,2825928.0,0.1508,1,1.0,0,0.0,9.72,45.0,143.81,-209.0,81.0,RAS
s0794,subclavian_artery_left,1,0.9713,0.9441,2637,77,79,2714,2716,ok,2714,9159.75,0,0.3763,0.4894,0.9255,0.2403,0.0742,0.0828,178321.5,0.0514,1,1.0,0,0.0,68.8,79.0,44.72,-12.0,119.0,RAS
s0794,subclavian_artery_right,1,0.9618,0.9264,2305,129,54,2434,2359,ok,2434,8214.75,0,0.5941,0.4687,0.9477,0.2191,0.0707,0.0559,104625.0,0.0785,1,1.0,0,0.0,72.19,79.0,38.13,3.0,116.0,RAS
s0794,superior_vena_cava,1,0.9593,0.9218,6912,541,45,7453,6957,ok,7453,25153.88,0,0.5495,0.5301,0.8107,0.0636,0.0919,0.123,86872.5,0.2895,1,1.0,0,0.0,91.83,99.0,27.8,34.0,122.0,RAS
s0794,thyroid_gland,1,0.97,0.9417,4148,105,152,4253,4300,ok,4253,14353.88,0,0.487,0.5177,0.9726,0.1201,0.0742,0.0626,67473.0,0.2127,1,1.0,1,0.0228,103.64,106.0,27.01,56.0,143.0,RAS
s0794,trachea,1,0.9891,0.9784,11899,79,184,11978,12083,ok,11978,40425.75,0,0.4857,0.4741,0.8709,0.2155,0.0989,0.1991,513040.5,0.0788,1,1.0,0,0.0,-905.28,-978.0,170.61,-1016.0,-472.0,RAS
s0794,urinary_bladder,1,0.9769,0.9549,27335,381,911,27716,28246,ok,27716,93541.5,0,0.5121,0.5255,0.1203,0.1802,0.1731,0.0604,227721.38,0.4108,1,1.0,0,0.0,13.68,18.0,25.6,-46.0,44.0,RAS
s0794,vertebrae_C6,1,0.9739,0.9492,168,4,5,172,173,ok,172,580.5,0,0.4678,0.4658,0.9961,0.0565,0.0247,0.0067,1134.0,0.5119,1,1.0,1,0.4651,313.95,295.0,71.32,222.1,452.45,RAS
s0794,vertebrae_C7,1,0.9906,0.9813,4519,64,22,4583,4541,ok,4583,15467.62,0,0.4652,0.4163,0.9877,0.159,0.1555,0.0313,93555.0,0.1653,1,1.0,1,0.0666,378.08,307.0,219.63,115.0,817.0,RAS
s0794,vertebrae_L1,1,0.9952,0.9905,18093,58,115,18151,18208,ok,18151,61259.62,0,0.4675,0.4172,0.5323,0.1802,0.2049,0.0805,359397.0,0.1705,1,1.0,0,0.0,288.95,208.0,224.2,89.0,806.0,RAS
s0794,vertebrae_L2,1,0.9953,0.9906,19452,90,95,19542,19547,ok,19542,65954.25,0,0.4715,0.4307,0.4818,0.2014,0.212,0.0805,415530.0,0.1587,2,0.9999,0,0.0,304.2,218.0,238.97,91.0,878.95,RAS
s0794,vertebrae_L3,1,0.9944,0.9889,20590,105,127,20695,20717,ok,20695,69845.62,0,0.4761,0.4406,0.4318,0.2191,0.2085,0.0805,444447.0,0.1572,1,1.0,0,0.0,297.84,218.0,231.19,88.0,847.0,RAS
s0794,vertebrae_L4,1,0.9944,0.9888,21656,126,120,21782,21776,ok,21782,73514.25,0,0.4788,0.4409,0.3825,0.2261,0.212,0.0761,440640.0,0.1668,1,1.0,0,0.0,313.81,225.0,240.43,90.0,874.0,RAS
s0794,vertebrae_L5,1,0.9949,0.9899,21809,101,121,21910,21930,ok,21910,73946.25,0,0.4799,0.4324,0.3355,0.2332,0.1979,0.0783,436590.0,0.1694,1,1.0,0,0.0,305.37,218.0,239.84,76.0,846.0,RAS
s0794,vertebrae_S1,1,0.9809,0.9625,16007,285,338,16292,16345,ok,16292,54985.5,0,0.4798,0.4057,0.2938,0.1519,0.159,0.0716,208980.0,0.2631,1,1.0,0,0.0,297.38,232.0,206.45,87.0,785.0,RAS
s0794,vertebrae_T1,1,0.9922,0.9844,6893,47,62,6940,6955,ok,6940,23422.5,0,0.4631,0.3971,0.9643,0.1731,0.159,0.0515,171163.12,0.1368,1,1.0,0,0.0,326.63,262.0,193.88,112.0,727.1,RAS
s0794,vertebrae_T10,1,0.9928,0.9856,13150,91,101,13241,13251,ok,13241,44688.38,0,0.467,0.3729,0.6625,0.1413,0.1908,0.0761,247860.0,0.1803,1,1.0,0,0.0,334.43,270.0,213.81,105.0,810.0,RAS
s0794,vertebrae_T11,1,0.9927,0.9855,14392,95,117,14487,14509,ok,14487,48893.62,0,0.4661,0.3893,0.6228,0.1378,0.1908,0.0694,220340.25,0.2219,3,0.999,0,0.0,305.03,226.0,218.01,106.0,793.0,RAS
s0794,vertebrae_T12,1,0.9943,0.9887,15465,58,118,15523,15583,ok,15523,52390.12,0,0.4657,0.4022,0.5795,0.1237,0.1908,0.0761,216877.5,0.2416,3,0.9997,0,0.0,279.95,211.0,204.38,90.0,744.0,RAS
s0794,vertebrae_T2,1,0.9912,0.9826,6878,75,47,6953,6925,ok,6953,23466.38,0,0.4597,0.3778,0.9356,0.1625,0.1767,0.0559,194062.5,0.1209,1,1.0,0,0.0,321.24,259.0,198.35,92.0,739.0,RAS
s0794,vertebrae_T3,1,0.9893,0.9788,7026,84,68,7110,7094,ok,7110,23996.25,0,0.4586,0.3608,0.9051,0.1519,0.1802,0.0582,192435.75,0.1247,1,1.0,0,0.0,313.07,247.0,203.24,72.0,744.55,RAS
s0794,vertebrae_T4,1,0.9896,0.9794,7500,67,91,7567,7591,ok,7567,25538.62,0,0.4629,0.3487,0.8729,0.1555,0.1767,0.0626,207900.0,0.1228,1,1.0,0,0.0,304.92,234.0,209.62,70.0,763.7,RAS
s0794,vertebrae_T5,1,0.9911,0.9823,8103,54,92,8157,8195,ok,8157,27529.88,0,0.4671,0.3408,0.8402,0.159,0.1731,0.0761,253023.75,0.1088,1,1.0,0,0.0,308.03,239.0,209.86,80.0,744.0,RAS
s0794,vertebrae_T6,1,0.9921,0.9844,8772,78,61,8850,8833,ok,8850,29868.75,0,0.4712,0.3374,0.8056,0.159,0.1696,0.0917,298890.0,0.0999,1,1.0,0,0.0,300.46,230.0,212.98,75.0,771.55,RAS
s0794,vertebrae_T7,1,0.9917,0.9835,9310,53,103,9363,9413,ok,9363,31600.12,0,0.4709,0.3389,0.7711,0.1555,0.1696,0.0895,285120.0,0.1108,1,1.0,0,0.0,293.46,230.0,202.27,90.0,733.9,RAS
s0794,vertebrae_T8,1,0.9926,0.9853,10045,79,71,10124,10116,ok,10124,34168.5,0,0.4691,0.3472,0.7356,0.1555,0.1802,0.085,287793.0,0.1187,1,1.0,0,0.0,298.33,229.0,210.06,98.0,780.85,RAS
s0794,vertebrae_T9,1,0.9945,0.989,11737,61,69,11798,11806,ok,11798,39818.25,0,0.468,0.3566,0.6998,0.1555,0.1767,0.0805,267300.0,0.149,1,1.0,0,0.0,321.61,248.0,224.23,97.0,835.0,RAS
s0792,brain,1,0.9893,0.9788,374601,3760,4362,378361,378963,ok,378361,1276968.38,0,0.4827,0.3963,0.5108,0.696,0.6842,0.8899,2962089.0,0.4311,1,1.0,1,0.0,35.53,37.0,19.5,9.0,54.0,RAS
s0792,skull,1,0.9664,0.935,189353,3275,9898,192628,199251,ok,192628,650119.5,0,0.4817,0.4185,0.4584,0.776,0.8026,0.9541,4153734.0,0.1565,10,0.9986,1,0.0,804.56,809.0,526.04,54.0,1669.0,RAS
s0792,spinal_cord,0,0.7658,0.6205,453,187,90,640,543,ok,640,2160.0,0,0.4865,0.3993,0.0198,0.136,0.0724,0.0734,5049.0,0.4278,1,1.0,1,0.1984,35.63,31.0,23.57,7.0,74.0,RAS
s0792,vertebrae_C1,0,0.5028,0.3358,224,35,408,259,632,ok,259,874.12,0,0.4644,0.4143,0.0141,0.288,0.0921,0.0459,8505.0,0.1028,8,0.5405,1,0.1737,717.27,724.0,245.36,319.7,1111.5,RAS
s0792,vertebrae_C2,0,0.7021,0.541,33,25,3,58,36,ok,58,195.75,0,0.4821,0.4468,0.0337,0.04,0.0329,0.055,506.25,0.3867,1,1.0,1,0.0,831.05,827.5,167.56,566.95,1100.35,RAS
s0760,adrenal_gland_left,0,0.9448,0.8954,1199,61,79,1260,1278,ok,1260,4252.5,0,0.3925,0.5192,0.7916,0.0526,0.0891,0.1076,29922.75,0.1421,1,1.0,0,0.0,55.5,59.5,31.19,-1.05,100.0,RAS
s0760,adrenal_gland_right,1,0.9613,0.9254,1067,50,36,1117,1103,ok,1117,3769.88,0,0.5552,0.4923,0.7771,0.0486,0.0972,0.1007,28188.0,0.1337,1,1.0,0,0.0,52.4,58.0,34.53,-14.0,99.0,RAS
s0760,aorta,1,0.9891,0.9784,18171,103,298,18274,18469,ok,18274,61674.75,0,0.46,0.5211,0.7997,0.0729,0.1741,0.4688,352653.75,0.1749,1,1.0,1,0.0088,134.0,138.0,30.97,78.0,175.0,RAS
s0760,autochthon_left,1,0.9905,0.9811,109721,1244,865,110965,110586,ok,110965,374506.88,0,0.3924,0.3177,0.6681,0.1943,0.1741,0.6597,1323540.0,0.283,1,1.0,1,0.0032,49.55,59.0,36.1,-29.0,87.0,RAS
s0760,autochthon_right,1,0.9889,0.978,114784,2014,568,116798,115352,ok,116798,394193.25,0,0.5702,0.3224,0.6612,0.2024,0.1781,0.6701,1433025.0,0.2751,1,1.0,1,0.0028,49.1,59.0,36.39,-31.0,87.0,RAS
s0760,colon,0,0.9162,0.8454,182661,20359,13045,203020,195706,ok,203020,685192.5,0,0.5052,0.6219,0.5166,0.5992,0.5466,0.75,14565420.0,0.047,3,0.8475,0,0.0,-250.91,-54.0,389.6,-1004.0,84.0,RAS
s0760,costal_cartilages,0,0.935,0.878,13108,1358,464,14466,13572,ok,14466,48822.75,0,0.4655,0.7353,0.9003,0.6478,0.2227,0.2743,2346300.0,0.0208,8,0.4942,1,0.026,110.37,110.0,34.43,60.0,157.0,RAS
s0760,duodenum,0,0.9285,0.8666,12199,1180,698,13379,12897,ok,13379,45154.12,0,0.534,0.6156,0.6751,0.247,0.1619,0.1736,411750.0,0.1097,1,1.0,0,0.0,-326.47,-132.0,435.85,-1006.0,123.0,RAS
s0760,esophagus,1,0.9555,0.9148,2383,180,42,2563,2425,ok,2563,8650.12,0,0.464,0.5349,0.9437,0.0567,0.081,0.1111,30240.0,0.286,1,1.0,1,0.0273,-10.24,26.0,161.24,-390.7,146.9,RAS
s0760,femur_left,1,0.9927,0.9856,46996,65,624,47061,47620,ok,47061,158830.88,0,0.1762,0.5049,0.1149,0.2389,0.166,0.2222,522504.0,0.304,1,1.0,1,0.0086,373.26,268.0,346.04,23.0,1166.0,RAS
s0760,femur_right,1,0.9925,0.9852,49113,91,647,49204,49760,ok,49204,166063.5,0,0.801,0.5112,0.1201,0.2389,0.1579,0.2326,520313.62,0.3192,1,1.0,1,0.008,384.01,273.0,357.62,22.0,1205.0,RAS
s0760,gallbladder,1,0.9635,0.9296,6021,89,367,6110,6388,ok,6110,20621.25,0,0.6243,0.6885,0.7028,0.1012,0.1215,0.1042,75937.5,0.2716,1,1.0,0,0.0,23.23,22.0,21.78,-7.0,60.0,RAS
s0760,gluteus_maximus_left,1,0.9893,0.9788,164770,1643,1934,166413,166704,ok,166413,561643.88,0,0.2173,0.3482,0.175,0.3806,0.2146,0.4236,2051338.5,0.2738,1,1.0,1,0.0082,56.94,60.0,21.11,20.0,83.0,RAS
s0760,gluteus_maximus_right,1,0.9897,0.9795,168727,1681,1844,170408,170571,ok,170408,575127.0,0,0.7559,0.3542,0.1923,0.3684,0.2308,0.4444,2240784.0,0.2567,1,1.0,1,0.0065,57.78,61.0,21.55,22.0,83.0,RAS
s0760,gluteus_medius_left,1,0.9832,0.967,73173,948,1547,74121,74720,ok,74121,250158.38,0,0.1534,0.4861,0.3265,0.2267,0.2874,0.2951,1140615.0,0.2193,1,1.0,0,0.0,59.52,64.0,26.45,20.0,84.0,RAS
s0760,gluteus_medius_right,1,0.9855,0.9714,71052,1126,966,72178,72018,ok,72178,243600.75,0,0.8199,0.4972,0.3316,0.251,0.2834,0.3299,1391512.5,0.1751,1,1.0,0,0.0,61.33,66.0,25.56,24.0,86.0,RAS
s0760,gluteus_minimus_left,1,0.9648,0.932,17420,845,425,18265,17845,ok,18265,61644.38,0,0.1806,0.5399,0.2785,0.1134,0.2105,0.2049,289926.0,0.2126,1,1.0,0,0.0,57.43,62.0,24.13,12.0,84.0,RAS
s0760,gluteus_minimus_right,1,0.9771,0.9552,20471,513,448,20984,20919,ok,20984,70821.0,0,0.7892,0.5465,0.2947,0.1417,0.2065,0.2153,373511.25,0.1896,1,1.0,0,0.0,58.13,62.0,23.75,13.0,85.0,RAS
s0760,heart,1,0.9495,0.9039,23516,2272,227,25788,23743,ok,25788,87034.5,0,0.4273,0.6365,0.9773,0.3117,0.1741,0.059,189968.62,0.4582,1,1.0,1,0.0965,110.71,114.0,33.9,48.0,160.0,RAS
s0760,hip_left,1,0.992,0.9842,97013,733,826,97746,97839,ok,97746,329892.75,0,0.2838,0.4827,0.2724,0.3644,0.4008,0.4861,4209975.0,0.0784,1,1.0,0,0.0,497.84,401.0,333.4,111.0,1163.0,RAS
s0760,hip_right,1,0.9938,0.9877,99688,579,661,100267,100349,ok,100267,338401.12,0,0.6863,0.4883,0.2842,0.3522,0.4008,0.4861,4069642.5,0.0832,2,1.0,0,0.0,507.79,411.0,335.81,113.0,1168.0,RAS
s0760,iliac_artery_left,0,0.9388,0.8847,3116,139,267,3255,3383,ok,3255,10985.62,0,0.3706,0.5785,0.3487,0.1741,0.1457,0.4167,626940.0,0.0175,2,0.9748,0,0.0,128.82,136.0,28.79,68.0,161.0,RAS
s0760,iliac_artery_right,1,0.9595,0.9222,3720,44,270,3764,3990,ok,3764,12703.5,0,0.5652,0.5868,0.3671,0.2267,0.1417,0.4097,780570.0,0.0163,1,1.0,0,0.0,134.1,138.0,21.83,89.15,163.0,RAS
s0760,iliac_vena_left,1,0.9778,0.9565,11224,277,233,11501,11457,ok,11501,38815.88,0,0.3886,0.5422,0.348,0.1943,0.1943,0.3889,870912.0,0.0446,1,1.0,0,0.0,124.89,127.0,19.72,91.0,150.0,RAS
s0760,iliac_vena_right,1,0.9741,0.9496,9269,215,277,9484,9546,ok,9484,32008.5,0,0.5813,0.5503,0.3495,0.1619,0.1741,0.375,626940.0,0.0511,1,1.0,0,0.0,126.43,128.0,16.87,98.0,149.0,RAS
s0760,iliopsoas_left,1,0.9837,0.9678,78169,1365,1233,79534,79402,ok,79534,268427.25,0,0.2979,0.5424,0.3732,0.2348,0.2794,0.7326,2849924.25,0.0942,1,1.0,0,0.0,69.02,70.0,41.94,32.0,94.0,RAS
s0760,iliopsoas_right,1,0.9859,0.9723,81390,1254,1068,82644,82458,ok,82644,278923.5,0,0.6517,0.5436,0.3885,0.2551,0.2713,0.7153,2934650.25,0.095,1,1.0,0,0.0,66.83,71.0,25.49,27.0,94.0,RAS
s0760,inferior_vena_cava,1,0.9743,0.9499,29226,521,1019,29747,30245,ok,29747,100396.12,0,0.5345,0.5577,0.7608,0.1215,0.0931,0.4861,326025.0,0.3079,1,1.0,1,0.0065,130.0,129.0,24.62,93.0,170.0,RAS
s0760,kidney_left,1,0.9909,0.982,56034,471,555,56505,56589,ok,56505,190704.38,0,0.2988,0.4597,0.6963,0.2024,0.1741,0.2743,573243.75,0.3327,1,1.0,0,0.0,162.39,165.0,36.29,94.0,217.0,RAS
s0760,kidney_right,1,0.9916,0.9834,52663,379,512,53042,53175,ok,53042,179016.75,0,0.6556,0.4888,0.6358,0.1903,0.2024,0.2465,563118.75,0.3179,1,1.0,0,0.0,167.5,170.0,36.83,99.0,223.0,RAS
s0760,liver,1,0.99,0.9801,406517,6239,2004,412756,408521,ok,412756,1393051.5,0,0.6238,0.5965,0.8232,0.6113,0.413,0.3924,5873938.0,0.2372,1,1.0,0,0.0,110.01,111.0,20.46,79.0,140.0,RAS
s0760,lung_lower_lobe_left,1,0.9916,0.9834,140275,1236,1135,141511,141410,ok,141511,477599.62,0,0.3063,0.4323,0.9396,0.3158,0.4008,0.2153,1615828.5,0.2956,2,1.0,1,0.0321,-714.88,-772.0,156.48,-874.0,-380.0,RAS
s0760,lung_lower_lobe_right,1,0.9774,0.9557,150813,4199,2789,155012,153602,ok,155012,523165.5,0,0.6764,0.4326,0.9329,0.3644,0.4211,0.2326,2116530.0,0.2472,2,1.0,1,0.0308,-696.08,-763.0,178.2,-879.0,-306.0,RAS
s0760,lung_middle_lobe_right,0,0.8857,0.7948,10778,2491,292,13269,11070,ok,13269,44782.88,0,0.6879,0.6645,0.9728,0.247,0.2024,0.0903,267637.5,0.1673,3,0.9998,1,0.0863,-740.2,-795.0,142.02,-893.0,-444.0,RAS
s0760,lung_upper_lobe_left,0,0.8944,0.809,3447,599,215,4046,3662,ok,4046,13655.25,0,0.2407,0.6549,0.9658,0.0972,0.0891,0.1007,51678.0,0.2642,1,1.0,1,0.0643,-705.47,-759.0,160.51,-891.0,-399.25,RAS
s0760,pancreas,0,0.9436,0.8933,28069,1565,1788,29634,29857,ok,29634,100014.75,0,0.4053,0.5983,0.7494,0.3725,0.2227,0.1944,956340.0,0.1046,1,1.0,0,0.0,91.49,92.0,19.45,61.0,122.0,RAS
s0760,portal_vein_and_splenic_vein,0,0.9387,0.8844,7568,518,471,8086,8039,ok,8086,27290.25,0,0.4746,0.5972,0.7937,0.417,0.2267,0.1354,759213.0,0.0359,1,1.0,0,0.0,137.6,140.5,24.21,93.0,171.0,RAS
s0760,rib_left_10,1,0.9894,0.9789,4325,12,81,4337,4406,ok,4337,14637.38,0,0.241,0.3571,0.8955,0.2874,0.332,0.2569,1454044.5,0.0101,1,1.0,1,0.0005,622.46,612.0,254.15,235.0,1062.0,RAS
s0760,rib_left_11,1,0.986,0.9724,2362,32,35,2394,2397,ok,2394,8079.75,0,0.2771,0.337,0.8394,0.247,0.2105,0.2014,620919.0,0.013,1,1.0,0,0.0,635.52,621.0,256.98,258.0,1103.35,RAS
s0760,rib_left_12,1,0.9711,0.9438,1210,44,28,1254,1238,ok,1254,4232.25,0,0.3091,0.349,0.7664,0.1984,0.0972,0.1597,182574.0,0.0232,1,1.0,0,0.0,608.13,587.0,187.0,340.3,962.35,RAS
s0760,rib_left_5,0,0.0,0.0,0,0,110,0,110,miss,0,0.0,1,,,,0.0,0.0,0.0,0.0,0.0,0,0.0,0,0.0,,,,,,RAS
s0760,rib_left_6,0,0.0,0.0,0,99,163,99,163,low_dice,99,334.12,0,0.2627,0.71,0.992,0.0567,0.0486,0.0174,2835.0,0.1179,2,0.9899,1,0.3535,252.87,242.0,56.48,171.9,354.1,RAS
s0760,rib_left_7,0,0.876,0.7794,894,248,5,1142,899,ok,1142,3854.25,0,0.1895,0.6448,0.9665,0.0931,0.1579,0.0764,66602.25,0.0579,1,1.0,1,0.0517,249.98,227.0,122.88,85.0,485.0,RAS
s0760,rib_left_8,1,0.9881,0.9765,1659,22,18,1681,1677,ok,1681,5673.38,0,0.1531,0.5742,0.9258,0.0567,0.2429,0.1597,130410.0,0.0435,1,1.0,1,0.0291,439.83,429.0,145.78,231.0,701.0,RAS
s0760,rib_left_9,1,0.99,0.9802,2677,24,30,2701,2707,ok,2701,9115.88,0,0.1624,0.4606,0.9112,0.1903,0.3846,0.2188,949370.62,0.0096,1,1.0,1,0.0407,560.05,566.0,216.66,213.0,925.0,RAS
s0760,rib_right_10,1,0.983,0.9665,4334,107,43,4441,4377,ok,4441,14988.38,0,0.7485,0.3707,0.8842,0.2551,0.3482,0.2396,1261716.75,0.0119,1,1.0,0,0.0,642.04,624.0,266.37,256.0,1117.0,RAS
s0760,rib_right_11,1,0.9802,0.9612,2326,65,29,2391,2355,ok,2391,8069.62,0,0.7093,0.3549,0.8189,0.2267,0.2348,0.2188,690606.0,0.0117,1,1.0,0,0.0,672.5,666.0,220.59,331.0,1054.0,RAS
s0760,rib_right_12,1,0.9853,0.9709,902,16,11,918,913,ok,918,3098.25,0,0.6481,0.3586,0.7546,0.1579,0.0688,0.1528,98455.5,0.0315,1,1.0,0,0.0,619.68,590.0,239.77,287.7,1107.15,RAS
s0760,rib_right_6,0,0.9284,0.8664,201,7,24,208,225,ok,208,702.0,0,0.6964,0.7193,0.9909,0.081,0.0445,0.0208,4455.0,0.1576,1,1.0,1,0.2885,225.33,223.0,55.7,147.8,336.2,RAS
s0760,rib_right_7,1,0.981,0.9627,1265,38,11,1303,1276,ok,1303,4397.62,0,0.7776,0.6637,0.9603,0.1255,0.1781,0.0868,115087.5,0.0382,1,1.0,1,0.0514,290.91,272.0,126.37,109.0,534.0,RAS
s0760,rib_right_8,1,0.9909,0.982,1856,16,18,1872,1874,ok,1872,6318.0,0,0.8152,0.5931,0.9189,0.0972,0.2915,0.1667,279936.0,0.0226,1,1.0,1,0.0283,474.55,479.0,165.2,206.0,751.0,RAS
s0760,rib_right_9,1,0.9869,0.9742,3624,29,67,3653,3691,ok,3653,12328.88,0,0.8083,0.4528,0.9166,0.1943,0.4211,0.2083,1010880.0,0.0122,1,1.0,1,0.0383,561.71,562.0,243.98,151.6,959.4,RAS
s0760,sacrum,1,0.9819,0.9645,56331,800,1271,57131,57602,ok,57131,192817.12,0,0.483,0.3439,0.3446,0.332,0.2672,0.3194,1680426.0,0.1147,51,0.9987,0,0.0,264.95,201.0,235.15,0.0,741.0,RAS
s0760,small_bowel,0,0.9167,0.8462,207573,17213,20517,224786,228090,ok,224786,758652.75,0,0.4057,0.6313,0.4965,0.498,0.3603,0.4826,5135511.5,0.1477,15,0.9989,0,0.0,-88.02,45.0,322.01,-994.0,98.0,RAS
s0760,spinal_cord,1,0.9733,0.9481,12941,324,385,13265,13326,ok,13265,44769.38,0,0.479,0.3991,0.6908,0.0769,0.1336,0.6285,383018.62,0.1169,1,1.0,1,0.0054,20.87,21.0,28.35,-22.0,63.0,RAS
s0760,spleen,1,0.9895,0.9792,48768,597,438,49365,49206,ok,49365,166606.88,0,0.2424,0.4457,0.8395,0.2267,0.2267,0.191,582120.0,0.2862,1,1.0,0,0.0,102.37,104.0,19.4,70.0,129.0,RAS
s0760,stomach,1,0.962,0.9268,75636,1544,4429,77180,80065,ok,77180,260482.5,0,0.3424,0.6018,0.825,0.3563,0.3036,0.2917,1871100.0,0.1392,1,1.0,0,0.0,-61.95,32.0,278.08,-866.0,103.0,RAS
s0760,urinary_bladder,1,0.9834,0.9673,101605,1615,1825,103220,103430,ok,103220,348367.5,0,0.4852,0.5945,0.2219,0.2551,0.2308,0.2153,751416.75,0.4636,1,1.0,0,0.0,6.3,7.0,19.88,-17.0,33.0,RAS
s0760,vertebrae_L1,1,0.9948,0.9896,15289,102,59,15391,15348,ok,15391,51944.62,0,0.4752,0.4174,0.7683,0.1943,0.2146,0.1181,291924.0,0.1779,1,1.0,0,0.0,464.05,357.0,306.28,157.0,1120.5,RAS
s0760,vertebrae_L2,1,0.996,0.992,16878,71,65,16949,16943,ok,16949,57202.88,0,0.4681,0.4408,0.6956,0.2186,0.2308,0.1146,342812.25,0.1669,1,1.0,0,0.0,466.86,362.0,313.81,142.0,1144.0,RAS
s0760,vertebrae_L3,1,0.9948,0.9896,18541,111,83,18652,18624,ok,18652,62950.5,0,0.4664,0.4596,0.6183,0.2591,0.2348,0.1146,413424.0,0.1523,1,1.0,0,0.0,463.9,356.0,312.49,144.55,1135.0,RAS
s0760,vertebrae_L4,1,0.9949,0.9898,19524,67,134,19591,19658,ok,19591,66119.62,0,0.4697,0.4645,0.5377,0.251,0.2348,0.1111,388368.0,0.1702,1,1.0,0,0.0,467.99,362.0,315.08,142.0,1138.0,RAS
s0760,vertebrae_L5,1,0.9942,0.9884,19225,96,129,19321,19354,ok,19321,65208.38,0,0.4747,0.4479,0.4635,0.2591,0.2186,0.125,419904.0,0.1553,1,1.0,0,0.0,453.27,347.0,307.61,124.0,1112.0,RAS
s0760,vertebrae_S1,1,0.9724,0.9463,13712,358,420,14070,14132,ok,14070,47486.25,0,0.4797,0.4131,0.4027,0.17,0.166,0.1146,191787.75,0.2476,1,1.0,0,0.0,455.72,386.0,287.7,103.0,1045.0,RAS
s0760,vertebrae_T10,1,0.9939,0.9878,10402,81,47,10483,10449,ok,10483,35380.12,0,0.498,0.3626,0.9585,0.1457,0.1903,0.1146,188446.5,0.1877,1,1.0,1,0.0074,452.36,347.0,290.48,165.0,1091.0,RAS
s0760,vertebrae_T11,1,0.9937,0.9876,11037,56,83,11093,11120,ok,11093,37438.88,0,0.4913,0.3814,0.9005,0.1417,0.1903,0.1076,172108.12,0.2175,2,0.9999,0,0.0,448.92,346.0,286.18,171.0,1083.0,RAS
s0760,vertebrae_T12,1,0.9946,0.9893,12698,69,68,12767,12766,ok,12767,43088.62,0,0.484,0.3992,0.837,0.1336,0.2024,0.1076,172631.25,0.2496,1,1.0,0,0.0,432.87,323.0,286.93,158.0,1077.0,RAS
s0760,vertebrae_T9,1,0.9899,0.98,1228,9,16,1237,1244,ok,1237,4174.88,0,0.5018,0.2985,0.979,0.0972,0.1457,0.0625,52488.0,0.0795,2,0.9515,1,0.156,695.55,717.0,286.6,245.0,1153.4,RAS
