subject,organ,iou,pred_iou_HistGB,pred_iou_RandomForest
s0324,adrenal_gland_left,0.7025,0.8654120562324951,0.7651438915223665
s0324,adrenal_gland_right,0.77,0.7750262412344233,0.7323246980158725
s0324,aorta,0.8888,0.9424532854949216,0.8938107711640206
s0324,autochthon_left,0.976,0.9478717226888783,0.9548569535714286
s0324,autochthon_right,0.9755,0.9446921928022383,0.954146826984127
s0324,colon,0.7919,0.8231061618095719,0.8261273111111114
s0324,costal_cartilages,0.8752,0.8343498600447042,0.8586617247354489
s0324,duodenum,0.643,0.8481919238195911,0.8744778330687827
s0324,esophagus,0.8962,0.8789319168671951,0.8784990533068782
s0324,femur_left,0.9773,0.9685235555200326,0.9549603213203468
s0324,femur_right,0.9805,0.9416740288538663,0.9558213198412695
s0324,gallbladder,0.7665,0.8784235960087149,0.8297328499999996
s0324,gluteus_maximus_left,0.9728,0.9580868075433173,0.9503876305555561
s0324,gluteus_maximus_right,0.9721,0.9531167132174202,0.9494216828042331
s0324,gluteus_medius_left,0.9571,0.9272045718874364,0.9360486798941801
s0324,gluteus_medius_right,0.9662,0.9158520316747053,0.9352242210317462
s0324,gluteus_minimus_left,0.928,0.8770844636520391,0.8967281085978838
s0324,gluteus_minimus_right,0.9403,0.8539914502691229,0.8695609828042329
s0324,heart,0.8806,0.8902125709833725,0.8942027142857146
s0324,hip_left,0.978,0.965616579925468,0.965329613624339
s0324,hip_right,0.9809,0.9738074658697963,0.9660651943121693
s0324,iliac_artery_left,0.708,0.8939766114522565,0.8704312728835981
s0324,iliac_artery_right,0.739,0.8360216153477701,0.8614380626503129
s0324,iliac_vena_left,0.8329,0.79735302268578,0.7921790330687828
s0324,iliac_vena_right,0.8246,0.9028670201981317,0.8764626619047619
s0324,iliopsoas_left,0.9613,0.9302218900012682,0.9419737591269842
s0324,iliopsoas_right,0.9512,0.9352410701540882,0.9488225138888893
s0324,inferior_vena_cava,0.797,0.8183253228441298,0.7687263488095235
s0324,kidney_left,0.8631,0.8145192111319822,0.8451381853174603
s0324,kidney_right,0.8243,0.8874477724171208,0.903860918915344
s0324,liver,0.9716,0.9486127154997893,0.9650937796296294
s0324,lung_lower_lobe_left,0.9913,0.9847972670636446,0.9744032284391525
s0324,lung_lower_lobe_right,0.9929,0.9862028703169036,0.977947137698412
s0324,lung_middle_lobe_right,0.9693,0.8454500122123877,0.8377862427248679
s0324,lung_upper_lobe_left,0.9751,0.8414793033813197,0.8138494720899468
s0324,pancreas,0.8818,0.8668327388066301,0.8862682550264549
s0324,portal_vein_and_splenic_vein,0.414,0.6280923913558185,0.6718833591269842
s0324,rib_left_10,0.9727,0.8821403707781811,0.9036345519841268
s0324,rib_left_11,0.9611,0.8492148634273633,0.8475760801587303
s0324,rib_left_12,0.939,0.8547169748756613,0.8011786424603173
s0324,rib_left_5,0.0,0.7317643092492561,0.8010589591269834
s0324,rib_left_6,0.0,0.9134831902430605,0.886480780291005
s0324,rib_left_7,0.0487,0.9069931186122846,0.912521632311207
s0324,rib_left_8,0.1829,0.9114050196954931,0.8698202152116398
s0324,rib_left_9,0.6375,0.9111081436111702,0.790120661904762
s0324,rib_right_10,0.9744,0.8378683706236663,0.8991373809523805
s0324,rib_right_11,0.972,0.842681189939111,0.801702387518038
s0324,rib_right_12,0.9454,0.8036136146843535,0.8707113093915357
s0324,rib_right_5,0.737,0.5363114395071885,0.4544757018518519
s0324,rib_right_6,0.8856,0.9397291947315825,0.8752171683862426
s0324,rib_right_7,0.982,0.9369338565601499,0.8844317468253966
s0324,rib_right_8,0.9714,0.9158451984089025,0.863124878571428
s0324,rib_right_9,0.9795,0.9302277439771969,0.8695227277777773
s0324,sacrum,0.9021,0.9434573108058153,0.8997071486772482
s0324,small_bowel,0.6747,0.8946778068217482,0.8932208423280423
s0324,spinal_cord,0.929,0.9087170304845228,0.9216954750000004
s0324,spleen,0.9229,0.9231960474956007,0.9386773505291004
s0324,sternum,0.766,0.7652444951733027,0.606931441269841
s0324,stomach,0.8861,0.9301948858330857,0.9207644932539686
s0324,urinary_bladder,0.7895,0.8796961373317426,0.8818129461640207
s0324,vertebrae_L1,0.9855,0.9680733318083192,0.9692223615079354
s0324,vertebrae_L2,0.979,0.9319000682293213,0.8761550690476186
s0324,vertebrae_L3,0.9814,0.9962238020974521,0.9680825821428561
s0324,vertebrae_L4,0.9823,0.9870891400127842,0.9704542087301575
s0324,vertebrae_L5,0.9842,0.9592181071698925,0.9720096636243373
s0324,vertebrae_S1,0.8955,0.94699970437747,0.9550773522486764
s0324,vertebrae_T10,0.9843,0.9475818632257994,0.9456953496031749
s0324,vertebrae_T11,0.9836,0.9520675947753777,0.9508487182539678
s0324,vertebrae_T12,0.9792,0.95158314889883,0.9543713498677243
s0324,vertebrae_T9,0.9583,0.9453168497645426,0.7226466615079367
s0249,adrenal_gland_left,0.471,0.4246486167534622,0.4324173047619046
s0249,adrenal_gland_right,0.8251,0.6633001585433663,0.7024716177248675
s0249,aorta,0.9695,0.9095295955707192,0.9179375174603179
s0249,autochthon_left,0.9217,0.9138216464865726,0.940610835185185
s0249,autochthon_right,0.9209,0.9470629415174447,0.9363741170634922
s0249,colon,0.9165,0.8598780351786772,0.8391061808201055
s0249,costal_cartilages,0.842,0.8908254200271875,0.873559720707071
s0249,esophagus,0.9319,0.8962216188373702,0.8934791350529103
s0249,heart,0.925,0.8745027006466505,0.9303210059523808
s0249,iliopsoas_left,0.8084,0.7977625594331629,0.715308753703703
s0249,iliopsoas_right,0.6296,0.8661644366856837,0.7128735679894176
s0249,inferior_vena_cava,0.9113,0.810205739239252,0.8345404515873011
s0249,kidney_left,0.8654,0.8858422847303806,0.8984395034391535
s0249,kidney_right,0.6641,0.8311485370665082,0.8488781452380951
s0249,liver,0.9731,0.971844183107223,0.9643344150793649
s0249,lung_lower_lobe_left,0.9926,0.9919034038950261,0.9876169698412696
s0249,lung_lower_lobe_right,0.9945,1.0,0.9901711505291009
s0249,lung_middle_lobe_right,0.9694,0.8955566461201322,0.9037847547619052
s0249,lung_upper_lobe_left,0.9664,0.9568887348729319,0.9243776603174602
s0249,lung_upper_lobe_right,0.1842,0.300970059954696,0.3663776333333334
s0249,pancreas,0.643,0.6552952680278488,0.740871828306878
s0249,portal_vein_and_splenic_vein,0.6714,0.6344274405149214,0.6994935068783067
s0249,rib_left_10,0.9748,0.9570779369309709,0.8928739440476189
s0249,rib_left_11,0.9697,0.9638340457977923,0.8951795896464652
s0249,rib_left_12,0.9089,0.7231931480401542,0.8337599384920634
s0249,rib_left_7,0.9655,0.43027033858139996,0.5972927797619048
s0249,rib_left_8,0.9719,0.5829951012639674,0.7609110543650791
s0249,rib_left_9,0.9663,0.6790680702992747,0.8368602404761901
s0249,rib_right_10,0.9621,1.0,0.9175598611111108
s0249,rib_right_11,0.9562,1.0,0.9172392227513229
s0249,rib_right_12,0.9277,0.6924210063996735,0.8175977448412696
s0249,rib_right_7,0.9426,0.8557262767970708,0.7563206596560844
s0249,rib_right_8,0.9765,0.8618400686253467,0.7945574505291001
s0249,rib_right_9,0.9681,0.8397850945280859,0.8552455161375657
s0249,spinal_cord,0.9388,0.9367246633662833,0.8918309523208272
s0249,spleen,0.9689,0.9126834072936768,0.9441599803150557
s0249,sternum,0.378,0.48926686396051305,0.499683517063492
s0249,stomach,0.9125,0.9694369405203328,0.9493863142857142
s0249,vertebrae_L1,0.9652,0.9603147636754247,0.9504497500360748
s0249,vertebrae_T10,0.9797,0.8725774612962582,0.808472012698413
s0249,vertebrae_T11,0.9819,0.9688538271801163,0.9712372593915342
s0249,vertebrae_T12,0.9825,0.9333166195388781,0.950582894312169
s0216,aorta,0.9505,0.9346158448262768,0.893522404100529
s0216,autochthon_left,0.9731,0.9722065306163533,0.9484056679894178
s0216,autochthon_right,0.9766,0.9650919239546285,0.9507245078042323
s0216,colon,0.9024,0.7772794003658533,0.8034499642857149
s0216,duodenum,0.7203,0.8710861798842251,0.819850721428572
s0216,femur_left,0.9872,0.9694230680644375,0.9455450198412709
s0216,femur_right,0.9852,0.9774959011690184,0.9545687753968259
s0216,gluteus_maximus_left,0.9757,0.9857211967119689,0.9638567423761427
s0216,gluteus_maximus_right,0.9791,0.9643305882682675,0.9633405134078885
s0216,gluteus_medius_left,0.9695,0.9630349702759058,0.9496536785714288
s0216,gluteus_medius_right,0.9634,0.948564252200218,0.9488938011904761
s0216,gluteus_minimus_left,0.9463,0.8988933279205878,0.9096383182539688
s0216,gluteus_minimus_right,0.9335,0.9160882348592105,0.9051275473544981
s0216,hip_left,0.9832,1.0,0.9721255123015882
s0216,hip_right,0.9822,0.9996569562992152,0.9693431535714293
s0216,iliac_artery_left,0.9246,0.9444948444783502,0.9298889400793657
s0216,iliac_artery_right,0.8953,0.9629370727475457,0.9284101593915346
s0216,iliac_vena_left,0.8359,0.8438551495528113,0.8737861904761903
s0216,iliac_vena_right,0.8112,0.8661179745081192,0.8924162416666671
s0216,iliopsoas_left,0.9594,0.9436699680319618,0.9499421999999998
s0216,iliopsoas_right,0.9614,0.9519245239270164,0.9502228079365077
s0216,inferior_vena_cava,0.5574,0.8926495955463088,0.8695270001683503
s0216,kidney_right,0.9682,1.0,0.9029255335978835
s0216,liver,0.9868,0.9485279218900603,0.9229792937950934
s0216,sacrum,0.9328,0.8739319169393588,0.8846370185185183
s0216,small_bowel,0.8901,0.8708658101391538,0.8953660996031749
s0216,spinal_cord,0.9516,0.9353241573802543,0.9354312079365078
s0216,stomach,0.0,0.5568613842091575,0.5199275005291003
s0216,urinary_bladder,0.8861,0.9496684661105039,0.919052282936508
s0216,vertebrae_L2,0.9879,1.0,0.8754490695767191
s0216,vertebrae_L3,0.9903,0.9275795984482977,0.9663454174603182
s0216,vertebrae_L4,0.9908,0.9563193666725502,0.966501201587302
s0216,vertebrae_L5,0.9785,1.0,0.9774139817460327
s0216,vertebrae_S1,0.9401,1.0,0.9629143746031741
s0123,adrenal_gland_left,0.9272,0.6429837627057501,0.7997288059523813
s0123,adrenal_gland_right,0.9051,0.8547143916695251,0.850666498412699
s0123,aorta,0.9835,0.9809026233903146,0.9603561563492062
s0123,atrial_appendage_left,0.9125,0.9068139519350052,0.9011021342712845
s0123,autochthon_left,0.955,0.9444698332911243,0.9481554145502651
s0123,autochthon_right,0.9512,0.8870691474984751,0.9445702566137567
s0123,brachiocephalic_trunk,0.9324,0.9415499248789395,0.8965231381794134
s0123,brachiocephalic_vein_left,0.9148,0.9559695220546688,0.9285627822751326
s0123,brachiocephalic_vein_right,0.6111,0.9092629417646313,0.8633350478835985
s0123,clavicula_left,0.9568,0.9671989961720298,0.9571306022486775
s0123,clavicula_right,0.9625,0.9556218049481029,0.9497759664021161
s0123,colon,0.8929,0.9443079475859523,0.8606284042328047
s0123,common_carotid_artery_left,0.8749,0.9171088579334428,0.9073857230158721
s0123,common_carotid_artery_right,0.9192,0.8110437310927089,0.8511126908730159
s0123,costal_cartilages,0.8923,0.8435919038833314,0.8609714519841268
s0123,duodenum,0.7075,0.8292075709474673,0.8777690886002883
s0123,esophagus,0.9411,0.9094990307064357,0.9006229904761902
s0123,gallbladder,0.8921,0.8878624594564831,0.8429872816137565
s0123,heart,0.9312,0.9410390090575267,0.9364025298941796
s0123,humerus_left,0.9652,0.9796285381066733,0.9336213070346315
s0123,humerus_right,0.9309,0.924518436411671,0.9243639884920632
s0123,iliopsoas_left,0.7845,0.19032374545917558,0.2064836626984127
s0123,iliopsoas_right,0.7916,0.581565421369467,0.4812377107142857
s0123,inferior_vena_cava,0.9062,0.8915348465911341,0.8803311416666664
s0123,kidney_left,0.9625,0.8365876538049836,0.8597247371693122
s0123,kidney_right,0.9777,0.9381233739574585,0.9074536642857144
s0123,liver,0.9851,1.0,0.9778457035714287
s0123,lung_lower_lobe_left,0.987,0.9927806817953321,0.9863641530423274
s0123,lung_lower_lobe_right,0.9903,0.9849292067784995,0.9770430552910051
s0123,lung_middle_lobe_right,0.9603,0.976640268259272,0.9707999948412698
s0123,lung_upper_lobe_left,0.9933,0.9921997647320274,0.9886459893217893
s0123,lung_upper_lobe_right,0.9861,0.9922174360716469,0.9848988748677254
s0123,pancreas,0.9157,0.9034879327718233,0.8956155186507925
s0123,portal_vein_and_splenic_vein,0.8207,0.7435052065264961,0.8175521186507936
s0123,pulmonary_vein,0.8974,0.8424483695257078,0.8339103459235206
s0123,rib_left_1,0.9281,0.7763357664476642,0.8358459563492066
s0123,rib_left_10,0.9207,0.8931522287583654,0.9009084347883597
s0123,rib_left_11,0.967,0.9071798210406682,0.8926800115079364
s0123,rib_left_12,0.9223,0.9141893649439605,0.8944159468253965
s0123,rib_left_2,0.9697,0.9265437034212508,0.9273210883597884
s0123,rib_left_3,0.9717,0.9633041780085205,0.9474814433862444
s0123,rib_left_4,0.9664,0.9783065020167775,0.9516754075396828
s0123,rib_left_5,0.9565,0.9869419526632991,0.9599794238095243
s0123,rib_left_6,0.9575,0.9473522947450059,0.9632896990740737
s0123,rib_left_7,0.9745,0.9548144009885768,0.952351412037037
s0123,rib_left_8,0.9653,0.9325611201021716,0.9503775074074065
s0123,rib_left_9,0.9407,0.9443973807062854,0.9458281564814807
s0123,rib_right_1,0.9337,0.8182481112573207,0.88101290978836
s0123,rib_right_10,0.9755,0.9132681573772807,0.9365321567460313
s0123,rib_right_11,0.9681,0.9265679891980461,0.9072958443121689
s0123,rib_right_12,0.9392,0.8459767823763824,0.8925881059523808
s0123,rib_right_2,0.9665,0.9337645559169945,0.9224596820105823
s0123,rib_right_3,0.9736,0.9550596634063169,0.9335022729853484
s0123,rib_right_4,0.9572,0.9661041140190111,0.9497974833333336
s0123,rib_right_5,0.9704,0.9673704123923567,0.9520967611111126
s0123,rib_right_6,0.9757,0.9404884591224499,0.9469409886243397
s0123,rib_right_7,0.9705,0.9415467993143595,0.9562116960317456
s0123,rib_right_8,0.9819,0.9510222789240564,0.9498179264550256
s0123,rib_right_9,0.9734,0.9048611739910529,0.9295673801587301
s0123,scapula_left,0.962,0.974652578284302,0.9629216220899472
s0123,scapula_right,0.9522,0.9594374847701574,0.9614737441798942
s0123,skull,0.7665,0.6787355730014946,0.7316730285714284
s0123,small_bowel,0.8195,0.8959180441454837,0.8802261129629633
s0123,spinal_cord,0.9338,0.9187741232366416,0.9412371968253971
s0123,spleen,0.9888,0.9865505932332994,0.9740563960317457
s0123,sternum,0.9353,0.9197856441937946,0.9220053531746034
s0123,stomach,0.9417,0.9772897696532125,0.9493850421957669
s0123,subclavian_artery_left,0.9115,0.9181050375305265,0.9187857535714286
s0123,subclavian_artery_right,0.8747,0.9242524375908973,0.8900651948412699
s0123,superior_vena_cava,0.9062,0.9441567785917604,0.9276815560726313
s0123,thyroid_gland,0.8571,0.9496824961753111,0.9127587597402601
s0123,trachea,0.9569,0.9417826322619158,0.9410188559523808
s0123,vertebrae_C6,0.7056,0.827030166574655,0.7699040636123141
s0123,vertebrae_C7,0.9185,0.8726318285835541,0.9162122207671952
s0123,vertebrae_L1,0.9387,0.9289918250871213,0.9550289757936512
s0123,vertebrae_T1,0.9751,0.9637752570088237,0.9579876452380958
s0123,vertebrae_T10,0.986,0.9307681789134572,0.9655360066137566
s0123,vertebrae_T11,0.981,0.9722087269985785,0.9579914054232802
s0123,vertebrae_T12,0.9851,0.9448222216254643,0.9657590830687833
s0123,vertebrae_T2,0.9462,0.9325546705071132,0.9574320829365077
s0123,vertebrae_T3,0.9184,0.9332114886143177,0.9636225981481485
s0123,vertebrae_T4,0.9454,0.834895547482917,0.9497213624338627
s0123,vertebrae_T5,0.9722,0.9648728774426477,0.9458875031746029
s0123,vertebrae_T6,0.9789,0.9649569709030219,0.9544535519841272
s0123,vertebrae_T7,0.9818,0.943237832254511,0.9447486957671949
s0123,vertebrae_T8,0.9855,0.9399468443857941,0.9537842187525429
s0123,vertebrae_T9,0.983,0.9393693334828197,0.9605903091269841
s0095,adrenal_gland_left,0.8541,0.8021691417126725,0.8759937435185183
s0095,adrenal_gland_right,0.798,0.7867030111434001,0.8476452116762863
s0095,aorta,0.9788,0.9781201028460956,0.9663212765873012
s0095,atrial_appendage_left,0.9343,0.9291838177900668,0.8950170206108706
s0095,autochthon_left,0.9535,0.9290332642006072,0.9389454103174607
s0095,autochthon_right,0.9414,0.9596946140499296,0.9322041742063493
s0095,brachiocephalic_trunk,0.9301,0.9018384704766144,0.8826989422799422
s0095,brachiocephalic_vein_left,0.9541,0.7331978888656017,0.8622583318783064
s0095,brachiocephalic_vein_right,0.891,0.8133935116212415,0.8607050048941797
s0095,clavicula_left,0.9712,0.9154645828247172,0.9545731523809523
s0095,clavicula_right,0.9638,0.9032450907967765,0.9469043156084659
s0095,colon,0.8942,0.9638892654780465,0.9139321833333334
s0095,common_carotid_artery_left,0.8212,0.670930414515403,0.7129030502645498
s0095,common_carotid_artery_right,0.907,0.9750293489554718,0.9152097357142858
s0095,costal_cartilages,0.8197,0.7916247517525599,0.8090476507936505
s0095,duodenum,0.7673,0.8802869533553843,0.8689017830687834
s0095,esophagus,0.9224,0.885251380828724,0.9255902492063486
s0095,femur_left,0.9821,0.947924025601887,0.9698194343915344
s0095,femur_right,0.9613,0.9923232729999297,0.9695030349206348
s0095,gallbladder,0.4064,0.7874628238369585,0.8467403447089945
s0095,gluteus_maximus_left,0.9541,0.9206219727426044,0.9347874246031747
s0095,gluteus_maximus_right,0.9393,0.9068396771542657,0.9346413023809522
s0095,gluteus_medius_left,0.9401,0.9178347354731498,0.9459537457671955
s0095,gluteus_medius_right,0.9194,0.9636349537200622,0.9473370705026449
s0095,gluteus_minimus_left,0.9399,0.9046395261147143,0.9257093113876865
s0095,gluteus_minimus_right,0.9348,0.9197719459596018,0.9345172784511782
s0095,heart,0.9307,0.9307852938754546,0.9384158654761905
s0095,hip_left,0.9725,0.9715757508006398,0.9608625105699855
s0095,hip_right,0.9753,0.976279132429625,0.9713283613876865
s0095,humerus_left,0.9515,0.9681356479663551,0.9373363376984122
s0095,humerus_right,0.9236,0.8627572569937253,0.8742736167989417
s0095,iliac_artery_left,0.9206,0.9402123886921151,0.9308709781746035
s0095,iliac_artery_right,0.9353,0.9345798018031582,0.9266379078042332
s0095,iliac_vena_left,0.9032,0.893621588056307,0.887804370634921
s0095,iliac_vena_right,0.9168,0.879665041882578,0.899973372222222
s0095,iliopsoas_left,0.9511,0.9571243394213244,0.9538131296296303
s0095,iliopsoas_right,0.9561,0.976567351834376,0.9517293591149595
s0095,inferior_vena_cava,0.8333,0.8922487018477719,0.8882061691798937
s0095,kidney_left,0.9573,0.9371821724832501,0.9561623908730159
s0095,kidney_right,0.9761,0.9461886502652197,0.9623273119047625
s0095,liver,0.9629,0.9572043802816546,0.9731117779100529
s0095,lung_lower_lobe_left,0.9711,0.9835479514223752,0.9472980938552179
s0095,lung_lower_lobe_right,0.9792,0.8323231241684186,0.86099500026455
s0095,lung_middle_lobe_right,0.9493,0.9584563762693051,0.9698520119047618
s0095,lung_upper_lobe_left,0.9909,0.9884005789582345,0.9865307158609908
s0095,lung_upper_lobe_right,0.9851,0.982101191497948,0.9822543372534879
s0095,pancreas,0.8742,0.8674184276998688,0.8764082464285714
s0095,portal_vein_and_splenic_vein,0.7387,0.7305066588854472,0.7988917999999995
s0095,prostate,0.8151,0.8184707045270027,0.8632420526695519
s0095,pulmonary_vein,0.9243,0.889660559933708,0.8602745055555558
s0095,rib_left_1,0.9183,0.8877485330703853,0.9156655667989416
s0095,rib_left_10,0.9372,0.8422386662240731,0.8796602083333335
s0095,rib_left_11,0.6096,0.4239555239238924,0.4824022402116403
s0095,rib_left_12,0.6072,0.7827448761471015,0.6323523604497356
s0095,rib_left_2,0.9442,0.9194627874061891,0.9459661933862433
s0095,rib_left_3,0.9248,0.8987828303464577,0.8250245198412697
s0095,rib_left_4,0.9479,0.8848839596845827,0.7972851615079358
s0095,rib_left_5,0.9457,0.8933851873281042,0.785825068121693
s0095,rib_left_6,0.9432,0.8701070705857985,0.9265041313492058
s0095,rib_left_7,0.9476,0.9289084561721398,0.9503462956349199
s0095,rib_left_8,0.9371,0.5372891940982839,0.6375696422558922
s0095,rib_left_9,0.9185,0.6760299563023775,0.8158576878427128
s0095,rib_right_1,0.9274,0.9117813400839357,0.9448961108465603
s0095,rib_right_10,0.0034,0.7394918681109756,0.6859383596560847
s0095,rib_right_11,0.0,0.5998551915652999,0.5237670476190476
s0095,rib_right_12,0.0701,0.37199079653354455,0.3974203067460317
s0095,rib_right_2,0.925,0.9065857319161793,0.897401495634921
s0095,rib_right_3,0.8899,0.8487007646137902,0.8658890845238094
s0095,rib_right_4,0.9156,0.7507165236567124,0.7704909589947092
s0095,rib_right_5,0.8196,0.6577584693788185,0.7098423732804238
s0095,rib_right_6,0.6027,0.6129305179944936,0.6530798888888892
s0095,rib_right_7,0.4864,0.4424047241647141,0.6062323615079367
s0095,rib_right_8,0.3713,0.41865434782031585,0.5217034549422802
s0095,rib_right_9,0.1757,0.4941299179704487,0.5105825186507938
s0095,sacrum,0.9076,0.8108813681335018,0.850124662962963
s0095,scapula_left,0.9045,0.9106858473356231,0.9271405771164016
s0095,scapula_right,0.8931,0.9535812873325332,0.9352846859788353
s0095,skull,0.9564,0.9812245186553382,0.9370318988095238
s0095,small_bowel,0.9178,0.8949168356282102,0.8755143892857147
s0095,spinal_cord,0.9273,0.9107716948962045,0.9321243711640214
s0095,spleen,0.9133,0.9013085100146964,0.9525162869047614
s0095,sternum,0.9208,0.946727112360208,0.914239137301588
s0095,stomach,0.9483,0.9501711327261695,0.925260683730159
s0095,subclavian_artery_left,0.931,0.9208539126655653,0.9240898312169313
s0095,subclavian_artery_right,0.9341,0.9233700076582659,0.9182586900793641
s0095,superior_vena_cava,0.9694,0.9013643963177848,0.9065633261904753
s0095,thyroid_gland,0.8499,0.7664984565515068,0.7797877281746036
s0095,trachea,0.9637,0.902210009258369,0.8630187062169317
s0095,urinary_bladder,0.9487,0.832754544812539,0.9139296099206352
s0095,vertebrae_C7,0.8975,0.9235017430482229,0.8826004686507937
s0095,vertebrae_L1,0.0825,0.2909226052124972,0.4035011585978835
s0095,vertebrae_L2,0.4368,0.8162635789039285,0.9471495576719572
s0095,vertebrae_L3,0.7681,0.8666806186738368,0.96684498015873
s0095,vertebrae_L4,0.9655,0.8672604917065406,0.9742151334415575
s0095,vertebrae_L5,0.9576,0.836863017697359,0.9707429541005287
s0095,vertebrae_S1,0.8994,0.920208205083125,0.9729714854256846
s0095,vertebrae_T1,0.9399,0.9583893988878635,0.9341869476190474
s0095,vertebrae_T10,0.9428,0.8757203096266134,0.9507306670634925
s0095,vertebrae_T11,0.7107,0.9424441506187402,0.9642928087301582
s0095,vertebrae_T12,0.2888,0.924035036706633,0.967272742989417
s0095,vertebrae_T2,0.9666,0.9711547900918571,0.9442800384920638
s0095,vertebrae_T3,0.9567,0.9583745591641829,0.9509780740740745
s0095,vertebrae_T4,0.952,0.948460922034883,0.867580204365079
s0095,vertebrae_T5,0.9181,0.9240594620065651,0.8668624771164017
s0095,vertebrae_T6,0.9183,0.8805434359680508,0.7405161800264551
s0095,vertebrae_T7,0.92,0.816041329357047,0.6764998734126988
s0095,vertebrae_T8,0.8588,0.7452609943102084,0.6386514904761903
s0095,vertebrae_T9,0.8289,0.773399810887824,0.6521695107142859
s0045,adrenal_gland_left,0.8392,0.7785210068601758,0.8381002078042327
s0045,adrenal_gland_right,0.9416,0.9053373849363773,0.8492682968253972
s0045,aorta,0.9466,0.9024591620443215,0.8725664993386237
s0045,autochthon_left,0.9792,0.9591195942054499,0.970881992243868
s0045,autochthon_right,0.9734,0.9659423985532395,0.9712280061327567
s0045,colon,0.945,0.993532806040582,0.93164359047619
s0045,costal_cartilages,0.9238,0.9497701120543321,0.8754561117724866
s0045,duodenum,0.841,0.8632007120049568,0.8719751076719573
s0045,esophagus,0.9496,0.896091874945778,0.9091234115079355
s0045,femur_left,0.9851,0.9773206772936708,0.9702371205026465
s0045,femur_right,0.987,0.9811550052223482,0.9743266816137562
s0045,gallbladder,0.9028,0.8591047342393805,0.8776483571428565
s0045,gluteus_maximus_left,0.9745,0.9724203642585552,0.9619912380952385
s0045,gluteus_maximus_right,0.979,0.9612005230191153,0.965419750661376
s0045,gluteus_medius_left,0.9701,0.9289468406673673,0.9596872168470416
s0045,gluteus_medius_right,0.9725,0.9571670638743596,0.962560940740741
s0045,gluteus_minimus_left,0.9534,0.9444001719392205,0.9245653158730164
s0045,gluteus_minimus_right,0.9571,0.9204213261664251,0.9164213584656085
s0045,heart,0.9429,0.9383674965532125,0.9340890259259266
s0045,hip_left,0.9857,0.9755540778820567,0.9752605066137567
s0045,hip_right,0.9845,0.9741653140245904,0.9778135234126991
s0045,iliac_artery_left,0.929,0.9109274305825087,0.9269578686507928
s0045,iliac_artery_right,0.9243,0.8690641791403798,0.9352622559523811
s0045,iliac_vena_left,0.9158,0.8740022108272637,0.9065811198412702
s0045,iliac_vena_right,0.8984,0.904553413476204,0.8974416911375659
s0045,iliopsoas_left,0.9647,0.9670441481447271,0.9628697346560843
s0045,iliopsoas_right,0.9714,0.9745829954687809,0.9652132837301586
s0045,inferior_vena_cava,0.9256,0.8871713950267763,0.8996525099206348
s0045,kidney_left,0.9855,0.9501278467132239,0.9599576646825397
s0045,kidney_right,0.9875,0.9651234063334985,0.9627455797619042
s0045,liver,0.9862,0.9678802550353393,0.9720472813492067
s0045,lung_lower_lobe_left,0.9908,0.9901160364446209,0.9842895785714294
s0045,lung_lower_lobe_right,0.9936,0.9850018193079458,0.9826404685185186
s0045,lung_middle_lobe_right,0.9906,0.9973341716652837,0.9683409133477634
s0045,lung_upper_lobe_left,0.9833,0.9562611825325799,0.971816524194324
s0045,lung_upper_lobe_right,0.0,0.2841114060309811,0.21037530833333332
s0045,pancreas,0.9262,0.8477972451361256,0.8806553903439152
s0045,portal_vein_and_splenic_vein,0.8164,0.8569159545177115,0.8371413992063494
s0045,prostate,0.8925,0.9138571821398246,0.8443381543650796
s0045,pulmonary_vein,0.9129,0.9957027774985705,0.9302871412698408
s0045,rib_left_10,0.9672,0.95971869515009,0.9660428515873025
s0045,rib_left_11,0.9701,0.9756482045637545,0.9569606660052907
s0045,rib_left_12,0.878,0.9215846823967125,0.8742619465608467
s0045,rib_left_5,0.9521,0.7568477247865414,0.8006131140211643
s0045,rib_left_6,0.9644,0.8917097930489423,0.9318395600529101
s0045,rib_left_7,0.966,0.9585638734205995,0.9388579323953832
s0045,rib_left_8,0.9691,1.0,0.9483306241943243
s0045,rib_left_9,0.9769,0.9467341474862458,0.9617496066137564
s0045,rib_right_10,0.9721,0.9531926950574097,0.9644893079365084
s0045,rib_right_11,0.9692,0.9844588321873281,0.9564230871693119
s0045,rib_right_12,0.9548,0.9659434451349664,0.9347292787037043
s0045,rib_right_5,0.8914,0.8708902497283759,0.8700816623015871
s0045,rib_right_6,0.9733,0.8952885023612803,0.8695530325396823
s0045,rib_right_7,0.9669,1.0,0.9470160224867722
s0045,rib_right_8,0.9822,1.0,0.9456814648027903
s0045,rib_right_9,0.9717,0.9304111003242276,0.9563684099715105
s0045,sacrum,0.9501,0.9254118516525166,0.9020712699735456
s0045,small_bowel,0.9414,0.978486802748133,0.9242026702380945
s0045,spinal_cord,0.9613,0.963652531887287,0.9400472329365078
s0045,spleen,0.9878,0.9663886524952496,0.9656838988095234
s0045,sternum,0.8781,0.9080431530365545,0.8578987781746024
s0045,stomach,0.9659,0.874306261248693,0.938585851190476
s0045,urinary_bladder,0.9424,0.8676807875595298,0.917718224206349
s0045,vertebrae_L1,0.9886,0.9796556836716143,0.9767118884920623
s0045,vertebrae_L2,0.9876,0.9780318195151312,0.9739517682539671
s0045,vertebrae_L3,0.9884,0.9758559121750515,0.9762950457431446
s0045,vertebrae_L4,0.9874,0.9615845454055086,0.9740710768518511
s0045,vertebrae_L5,0.9875,0.9496280037356305,0.9706944499999992
s0045,vertebrae_S1,0.9503,0.9261723316566601,0.9655039316137567
s0045,vertebrae_T10,0.9839,0.9852789544394551,0.9774727738095234
s0045,vertebrae_T11,0.9872,0.9597653578934735,0.9467351391534394
s0045,vertebrae_T12,0.9904,0.8830712383741127,0.9641249888888882
s0045,vertebrae_T9,0.9574,0.66518603253588,0.7893707985449739
s0032,adrenal_gland_left,0.7403,0.624330114545411,0.6157451390211638
s0032,adrenal_gland_right,0.0633,0.13561099088814071,0.202306076984127
s0032,aorta,0.9764,0.9125195986834573,0.8583099929773927
s0032,atrial_appendage_left,0.8195,0.7952715614323381,0.720981678174603
s0032,autochthon_left,0.9495,0.9331455198589693,0.9490718903439154
s0032,autochthon_right,0.9413,0.9500618795038155,0.9457036834656088
s0032,brachiocephalic_trunk,0.923,0.9229987977356919,0.9176749329365079
s0032,brachiocephalic_vein_left,0.9006,0.9519856195634622,0.8498627408730154
s0032,brachiocephalic_vein_right,0.9043,0.8861918327239792,0.8937940370370364
s0032,clavicula_left,0.965,0.9929720014984262,0.9573875641534393
s0032,clavicula_right,0.912,0.919625114051384,0.9450109730158734
s0032,common_carotid_artery_left,0.921,0.8525859294954095,0.9061950973544978
s0032,common_carotid_artery_right,0.9377,0.8724254791488338,0.9175022412698405
s0032,costal_cartilages,0.7611,0.8414966300321903,0.835806514285714
s0032,esophagus,0.7328,0.8744195560824408,0.8960568253968254
s0032,heart,0.8778,0.9368414201533855,0.939239795935546
s0032,humerus_left,0.9549,1.0,0.9288481003968262
s0032,humerus_right,0.964,1.0,0.9419940414021174
s0032,iliopsoas_left,0.6608,0.6668678986981864,0.6681293751322747
s0032,iliopsoas_right,0.5119,0.1896196728111456,0.23084790079365078
s0032,inferior_vena_cava,0.689,0.9433423276057703,0.9033077437830687
s0032,kidney_left,0.9636,0.8955029759788685,0.8921105677248675
s0032,kidney_right,0.0,0.34016936202574477,0.19309022539682544
s0032,liver,0.907,0.8870414616219121,0.9449246265873027
s0032,lung_lower_lobe_left,0.8157,0.7804897360070013,0.8773179702380952
s0032,lung_lower_lobe_right,0.3701,0.7788593191458154,0.8067463873015882
s0032,lung_middle_lobe_right,0.5013,0.8321296713881888,0.8395987388888895
s0032,lung_upper_lobe_left,0.9073,0.7948104602813921,0.8213153941438194
s0032,lung_upper_lobe_right,0.8549,0.9726743234054279,0.9307869370370376
s0032,pancreas,0.8333,0.13174807121141044,0.3377897444444445
s0032,pulmonary_vein,0.8147,0.7187595975185206,0.7814834256613755
s0032,rib_left_1,0.8873,0.9253594865673382,0.866549306613757
s0032,rib_left_10,0.95,0.918285167257011,0.9250321216931222
s0032,rib_left_11,0.963,1.0,0.9168866980158725
s0032,rib_left_12,0.9035,0.9272741750848286,0.8185000373015878
s0032,rib_left_2,0.9004,0.7270977060267272,0.6439678781746029
s0032,rib_left_3,0.9456,0.9686368153575199,0.9481261050264558
s0032,rib_left_4,0.9698,0.9392827735841917,0.9536986156084659
s0032,rib_left_5,0.9746,0.9922982851846113,0.948012981878307
s0032,rib_left_6,0.9673,0.9883238873204301,0.9636581033068788
s0032,rib_left_7,0.9595,0.8674598175341619,0.9293471998677251
s0032,rib_left_8,0.9558,0.7328633665086597,0.8602136571428565
s0032,rib_left_9,0.9701,0.8370246779391699,0.8616197781746031
s0032,rib_right_1,0.8564,0.860484691030729,0.8667540928571433
s0032,rib_right_10,0.9367,0.9018060361987466,0.9194788132034626
s0032,rib_right_11,0.904,1.0,0.9270026283068783
s0032,rib_right_12,0.9113,0.8904105491661344,0.9099159445767202
s0032,rib_right_2,0.9554,0.9758904269051252,0.9546911347883598
s0032,rib_right_3,0.968,0.9680100169658467,0.9543717556878301
s0032,rib_right_4,0.9659,0.8583617002037366,0.9448062096560846
s0032,rib_right_5,0.9625,0.915732708566473,0.9363235264550267
s0032,rib_right_6,0.9674,0.9668902685854144,0.9607750828042327
s0032,rib_right_7,0.9704,0.9864922511646385,0.9581298431216922
s0032,rib_right_8,0.972,0.9372270997201494,0.8764105333333325
s0032,rib_right_9,0.9722,1.0,0.9030765324074075
s0032,scapula_left,0.9437,0.976975533649927,0.9435524301587308
s0032,scapula_right,0.9294,1.0,0.9458901162698417
s0032,skull,0.9697,0.8897569268240498,0.9241215478835981
s0032,spinal_cord,0.9106,0.9185558965401301,0.9321655977513225
s0032,spleen,0.8032,0.9659031842459617,0.9438943468253965
s0032,sternum,0.9224,0.9564826870375549,0.9200767843915353
s0032,stomach,0.7728,0.8951807307202466,0.9031525849206357
s0032,subclavian_artery_left,0.9155,0.9186404766785303,0.9223046657407413
s0032,subclavian_artery_right,0.9037,0.9148158081443241,0.9247805613756621
s0032,superior_vena_cava,0.8998,0.9608448370607663,0.8551578264550267
s0032,thyroid_gland,0.7381,0.7463542910949973,0.781268725661376
s0032,trachea,0.9688,0.9270335219303588,0.9321221637566134
s0032,vertebrae_C4,0.9231,0.5754741553761328,0.5879921212962963
s0032,vertebrae_C5,0.8818,0.9615952696425687,0.8905803440476192
s0032,vertebrae_C6,0.9317,0.9256425946416648,0.9250408518518526
s0032,vertebrae_C7,0.9465,0.937856727645601,0.9158533726190476
s0032,vertebrae_L1,0.9817,0.96672161615114,0.9565509738095233
s0032,vertebrae_T1,0.9698,0.8965083598416543,0.950113183730159
s0032,vertebrae_T10,0.9791,0.9647968846516405,0.9586672317460309
s0032,vertebrae_T11,0.9842,0.9645311353422623,0.9649444238095233
s0032,vertebrae_T12,0.9817,0.9776125704877123,0.9678997123015866
s0032,vertebrae_T2,0.9681,0.9087933318768038,0.9163803370370363
s0032,vertebrae_T3,0.9776,0.8980989566456705,0.9437254215608459
s0032,vertebrae_T4,0.9756,0.9678076606879098,0.9026723612433858
s0032,vertebrae_T5,0.9765,0.987777823405676,0.9523347671957674
s0032,vertebrae_T6,0.9777,0.9792038013805955,0.9509367518518521
s0032,vertebrae_T7,0.9765,0.9511402561576011,0.9477318544973542
s0032,vertebrae_T8,0.9785,0.959827798091194,0.9568868104497341
s0032,vertebrae_T9,0.9798,1.0,0.9625856742063489
s0021,aorta,0.9741,0.9582712331981843,0.962063219047619
s0021,atrial_appendage_left,0.895,0.7620400007076672,0.8481698247594999
s0021,autochthon_left,0.9387,0.9605667466549349,0.9576313230158731
s0021,autochthon_right,0.9423,0.950063580778156,0.959565498412699
s0021,brachiocephalic_trunk,0.8458,0.87915402040695,0.8744904173881679
s0021,brachiocephalic_vein_left,0.7964,0.7167610428095252,0.7172520519841267
s0021,brachiocephalic_vein_right,0.939,0.9500549178634962,0.9009490404761903
s0021,brain,0.9272,0.8638165437718661,0.9536837425925919
s0021,clavicula_left,0.9803,0.9838298714269957,0.9516542367724863
s0021,clavicula_right,0.9754,0.9683362500714398,0.9442393166666668
s0021,common_carotid_artery_left,0.8768,0.8549389393075922,0.8696695109788358
s0021,common_carotid_artery_right,0.9158,0.8271682688736218,0.7397530482683988
s0021,costal_cartilages,0.8859,0.8463653919356854,0.8192226162457903
s0021,esophagus,0.9298,0.934188402781012,0.9144609718253967
s0021,heart,0.8752,0.836664163197593,0.8562395777777779
s0021,humerus_left,0.9655,0.9845700534862563,0.9025258410052918
s0021,lung_lower_lobe_left,0.9,0.9508595209997904,0.9370061818783066
s0021,lung_lower_lobe_right,0.9397,0.95732240776217,0.9305654621693117
s0021,lung_middle_lobe_right,0.75,1.0,0.8848872567460316
s0021,lung_upper_lobe_left,0.9841,0.9802867273354293,0.9848481092231844
s0021,lung_upper_lobe_right,0.9657,0.9914114038444314,0.9772053072751312
s0021,pulmonary_vein,0.8981,0.810245117910882,0.7396641199735444
s0021,rib_left_1,0.9288,0.9524486047193665,0.9457793264550266
s0021,rib_left_2,0.9551,0.9558285066209486,0.9410835518518517
s0021,rib_left_3,0.9744,0.9968374408144999,0.9565472853174598
s0021,rib_left_4,0.9759,0.9664321037242456,0.9579234834656087
s0021,rib_left_5,0.9671,0.887056440139799,0.9555307293650793
s0021,rib_left_6,0.9594,0.911409789945313,0.8397672370370368
s0021,rib_left_7,0.9632,0.8089682058940569,0.9071103511904761
s0021,rib_left_8,0.8442,0.5528555186678747,0.6085504506613756
s0021,rib_right_1,0.9017,0.8888314769766293,0.9379401191798942
s0021,rib_right_2,0.9699,0.9446568844333603,0.9539734834656082
s0021,rib_right_3,0.9697,0.9406944106621706,0.9285606205026449
s0021,rib_right_4,0.9713,0.9682148332539617,0.9335044236772487
s0021,rib_right_5,0.9652,0.9068025649229826,0.8764007667989415
s0021,rib_right_6,0.974,0.9269629479866291,0.901513463888889
s0021,rib_right_7,0.947,0.91264102028529,0.9155819223544971
s0021,scapula_left,0.951,0.9380774113550757,0.9576461484126978
s0021,scapula_right,0.9183,0.9376797439467521,0.7647051710317461
s0021,skull,0.9385,0.9771917140073225,0.9454622079365089
s0021,spinal_cord,0.9324,0.9444376637093174,0.929317492989418
s0021,sternum,0.9642,0.9427130842549193,0.9196580235810488
s0021,subclavian_artery_left,0.9221,0.8965455888016711,0.8925023257936506
s0021,subclavian_artery_right,0.9296,0.8029047888144462,0.8543970444444445
s0021,superior_vena_cava,0.9651,0.891768370470291,0.8731268470899471
s0021,thyroid_gland,0.9195,0.7066006479927187,0.7067197957671946
s0021,trachea,0.975,0.9691822777434863,0.9482405571428565
s0021,vertebrae_C1,0.8362,0.88301217027325,0.9065234341269843
s0021,vertebrae_C2,0.9816,0.8548312718856127,0.9285570441077442
s0021,vertebrae_C3,0.964,0.9142662374417267,0.9338410687830687
s0021,vertebrae_C4,0.9633,0.9280963749058679,0.9291774596560842
s0021,vertebrae_C5,0.9734,0.9005626158628127,0.9346017793650794
s0021,vertebrae_C6,0.9752,0.8631920097288015,0.9207439837902829
s0021,vertebrae_C7,0.9771,0.9119795486979487,0.9234069677248684
s0021,vertebrae_T1,0.9798,0.8462460937642798,0.9172149383597887
s0021,vertebrae_T2,0.9839,0.9398825083962781,0.9596257640331891
s0021,vertebrae_T3,0.9806,0.9038392207553589,0.9689927295093796
s0021,vertebrae_T4,0.9833,0.9456571885761607,0.971191196164021
s0021,vertebrae_T5,0.9825,0.8855637054521629,0.9648747358465604
s0021,vertebrae_T6,0.9801,0.8751621348208047,0.9600878837301576
s0021,vertebrae_T7,0.9824,0.9413962796410702,0.9573968513227515
s0021,vertebrae_T8,0.8908,0.8885977999514574,0.679233109656084
s0000,colon,0.905,0.9068782886287216,0.9316495047619044
s0000,femur_left,0.9837,1.0,0.9654687697089948
s0000,femur_right,0.9778,0.9195713619944738,0.9629993242063498
s0000,gluteus_maximus_left,0.9385,0.9777642813164076,0.9629994541005289
s0000,gluteus_maximus_right,0.9306,1.0,0.9647676775132282
s0000,gluteus_medius_left,0.9171,0.8969286712128114,0.9336104905002405
s0000,gluteus_medius_right,0.9007,0.9712429419334528,0.9513262353174605
s0000,gluteus_minimus_left,0.8899,0.9142111360495473,0.8464281333333334
s0000,gluteus_minimus_right,0.9095,0.9430961986093517,0.9229873314814812
s0000,hip_left,0.9694,0.90432393254325,0.8944596076719582
s0000,hip_right,0.9779,0.8972437092565044,0.8995125281746035
s0000,iliac_artery_left,0.8884,0.8728564418664847,0.8455098298941794
s0000,iliac_artery_right,0.4598,0.8605656192367163,0.814901466137566
s0000,iliac_vena_left,0.7866,0.7104199294939125,0.7379999182539686
s0000,iliac_vena_right,0.631,0.8789084016118102,0.7656724357142858
s0000,iliopsoas_left,0.9564,0.9243308413770502,0.917376937301587
s0000,iliopsoas_right,0.8117,0.9694402478418747,0.9350571924603167
s0000,prostate,0.0,0.217927857313432,0.43655236785714313
s0000,sacrum,0.8478,0.9596110594220477,0.83031752526455
s0000,small_bowel,0.1836,0.6991289434486325,0.7360519752645499
s0000,urinary_bladder,0.8789,0.9515070718133954,0.9450482730158727
s0747,adrenal_gland_left,0.7088,0.7713988824474156,0.8345539194444447
s0747,adrenal_gland_right,0.6971,0.8486928135586315,0.8729681761904766
s0747,aorta,0.9565,0.8835719868368119,0.821997661375662
s0747,atrial_appendage_left,0.8228,0.7882898788208936,0.8704347500000004
s0747,autochthon_left,0.9336,0.9886150313716564,0.9494486243386243
s0747,autochthon_right,0.9254,0.9722618937738837,0.9483634162698414
s0747,brachiocephalic_trunk,0.6708,0.897741759934048,0.8863914407407408
s0747,brachiocephalic_vein_left,0.0006,0.9216457481715008,0.8974969089947096
s0747,brachiocephalic_vein_right,0.0867,0.533051917347624,0.7851008079365088
s0747,clavicula_left,0.9395,0.9994368829890148,0.9508473742063495
s0747,clavicula_right,0.955,1.0,0.9582574682539685
s0747,colon,0.8606,0.9603269086687576,0.8845383384078889
s0747,common_carotid_artery_left,0.8094,0.8734777336530553,0.884709882275133
s0747,common_carotid_artery_right,0.5342,0.690455316236004,0.7095811920634916
s0747,costal_cartilages,0.8763,0.8484862018417808,0.8696829619047619
s0747,duodenum,0.7035,0.8432484102516622,0.8139794309523811
s0747,esophagus,0.8587,0.9011146728415101,0.9206969697089946
s0747,heart,0.9478,0.9673678012519539,0.9379815146825391
s0747,humerus_left,0.5854,0.763463242766153,0.7708007592712842
s0747,humerus_right,0.9634,0.9551376440106903,0.9421462022486777
s0747,iliopsoas_left,0.856,0.8808155237112262,0.8153889326719583
s0747,iliopsoas_right,0.8628,0.8927029467452633,0.8521383956349207
s0747,inferior_vena_cava,0.8351,0.9136215038402417,0.9003721153439157
s0747,kidney_left,0.9212,0.9662534944313584,0.948763703787879
s0747,kidney_right,0.9081,1.0,0.9310167138888884
s0747,liver,0.9569,0.9868169045151395,0.9759667760582021
s0747,lung_lower_lobe_left,0.9824,0.9958960850644036,0.9899562112433867
s0747,lung_lower_lobe_right,0.988,0.9987138152596658,0.9905976568783065
s0747,lung_middle_lobe_right,0.961,0.9535358737861381,0.9583204706349213
s0747,lung_upper_lobe_left,0.9854,0.9747072881058407,0.9838443753968253
s0747,lung_upper_lobe_right,0.9795,0.9747230849570863,0.9779924439153431
s0747,pancreas,0.635,0.893283640971518,0.8858489116402122
s0747,portal_vein_and_splenic_vein,0.3779,0.7258967039928806,0.7853097925324672
s0747,pulmonary_vein,0.8267,0.8848428053942927,0.8668830019841276
s0747,rib_left_1,0.8861,0.92155862193559,0.9190011112433859
s0747,rib_left_10,0.8958,0.952921502740505,0.9604587428571426
s0747,rib_left_11,0.9375,0.8979978581239442,0.9478241785714293
s0747,rib_left_12,0.6981,0.8746902952866742,0.9324764365079361
s0747,rib_left_2,0.9431,0.95632568206759,0.9419117638888883
s0747,rib_left_3,0.9025,0.9525000127686436,0.9471520526455023
s0747,rib_left_4,0.9538,0.9474468473210057,0.9541213941798941
s0747,rib_left_5,0.938,0.9421321557215537,0.945582147486772
s0747,rib_left_6,0.9277,0.9506994342089824,0.9394203908730159
s0747,rib_left_7,0.9205,0.9853971363682974,0.9514528582010588
s0747,rib_left_8,0.9419,0.9720592810526595,0.960550191137566
s0747,rib_left_9,0.9455,0.9775787964642217,0.9563864847883597
s0747,rib_right_1,0.8614,0.9023289542177222,0.9192582435185181
s0747,rib_right_10,0.963,0.9751583582886947,0.9604737171957672
s0747,rib_right_11,0.951,0.9130076431351746,0.9436923513227515
s0747,rib_right_12,0.906,0.8593107943295705,0.9024189742063493
s0747,rib_right_2,0.938,0.878540604526592,0.8463674302910055
s0747,rib_right_3,0.9019,0.9503980824367037,0.9403333234126983
s0747,rib_right_4,0.948,0.9610047261568587,0.956767723015873
s0747,rib_right_5,0.9228,0.9389782833878966,0.9358919625661369
s0747,rib_right_6,0.9371,0.9474909107213482,0.9370760623015877
s0747,rib_right_7,0.9452,0.9620899201694711,0.9530427380952382
s0747,rib_right_8,0.9619,0.9756486486050674,0.9605724453703708
s0747,rib_right_9,0.9475,0.9882082070255681,0.9609824806878309
s0747,scapula_left,0.9189,0.9580061305492621,0.9497631214285717
s0747,scapula_right,0.9487,0.9622456877851139,0.9477817878306879
s0747,small_bowel,0.8474,0.7918679347515717,0.829365553174603
s0747,spinal_cord,0.9439,0.9721768186829584,0.9381980609788364
s0747,spleen,0.9446,0.9600909867225058,0.9540438903439156
s0747,sternum,0.907,0.9265310177651656,0.9178254011904757
s0747,stomach,0.9161,0.9134903653101009,0.9418064794973543
s0747,subclavian_artery_left,0.857,0.8044731755455621,0.8646632026455033
s0747,subclavian_artery_right,0.8704,0.8869869586803613,0.88717632910053
s0747,superior_vena_cava,0.7827,0.9219603665515498,0.8884817261904756
s0747,thyroid_gland,0.1868,0.5624444716885244,0.5923116431216933
s0747,trachea,0.9396,0.9652566173799741,0.9544875593915343
s0747,vertebrae_C5,0.4661,0.8702379017241761,0.8075170559163061
s0747,vertebrae_C6,0.7681,0.9119692829125937,0.9109386178571428
s0747,vertebrae_C7,0.8875,0.940787750220269,0.9281629346560841
s0747,vertebrae_L1,0.9703,0.9742405915134636,0.9590952876984128
s0747,vertebrae_L2,0.9832,0.9154843527372285,0.9123363976190475
s0747,vertebrae_T1,0.9527,0.9467010529080288,0.9469481042328038
s0747,vertebrae_T10,0.9541,0.9926430389434105,0.9722731380952384
s0747,vertebrae_T11,0.9682,0.9527799747424309,0.9530159533068783
s0747,vertebrae_T12,0.9652,0.9590216490305252,0.9373189238095236
s0747,vertebrae_T2,0.911,0.9423612661513197,0.9534431280423274
s0747,vertebrae_T3,0.9103,0.9479916684803206,0.9379752851851847
s0747,vertebrae_T4,0.8875,0.9540843856477348,0.9429287839947089
s0747,vertebrae_T5,0.9016,0.9561713518356805,0.9546003866402115
s0747,vertebrae_T6,0.9379,0.9982087968403237,0.9662875708994711
s0747,vertebrae_T7,0.9583,0.9480687668656965,0.9557906739417994
s0747,vertebrae_T8,0.9658,0.9580454580741408,0.952410016666667
s0747,vertebrae_T9,0.948,0.9541391262806197,0.9558614841269846
s0625,adrenal_gland_left,0.9274,0.8728664653467484,0.8753095125661381
s0625,adrenal_gland_right,0.937,0.8444121044422002,0.8442064678571424
s0625,aorta,0.977,0.9756037054349086,0.9700459476190485
s0625,atrial_appendage_left,0.9192,0.8207561829448321,0.8564681055555553
s0625,autochthon_left,0.9761,0.9281254855886917,0.9012944034391527
s0625,autochthon_right,0.9765,0.9588498809879632,0.9684113962962958
s0625,brachiocephalic_trunk,0.8788,0.8696760528176383,0.8752448849206352
s0625,brachiocephalic_vein_left,0.9505,0.9150367927322691,0.9207947190476186
s0625,brachiocephalic_vein_right,0.8401,0.9406123009605903,0.8922873301587305
s0625,clavicula_left,0.9768,0.9548609755849647,0.9546865075396823
s0625,clavicula_right,0.9573,0.9222077928041035,0.9513725896825391
s0625,colon,0.9085,0.8979437465260659,0.9295352816137566
s0625,common_carotid_artery_left,0.9197,0.9880331118427949,0.8772703781746041
s0625,common_carotid_artery_right,0.8778,0.9564237492212286,0.8680905841269847
s0625,costal_cartilages,0.9039,0.8862344966203171,0.8913587785714285
s0625,duodenum,0.8934,0.8827577896354792,0.8923601298941797
s0625,esophagus,0.9391,0.9416682098606358,0.9206439396825397
s0625,femur_left,0.9822,1.0,0.9768708264790766
s0625,femur_right,0.9638,0.9986719841969539,0.9691032653439153
s0625,gallbladder,0.9186,0.7116953658694617,0.7945950670634918
s0625,gluteus_maximus_left,0.9694,0.9319855338431281,0.9586373384920635
s0625,gluteus_maximus_right,0.9825,0.9483033858689175,0.9621523654761901
s0625,gluteus_medius_left,0.972,0.9614795572533521,0.9608639595238095
s0625,gluteus_medius_right,0.9736,0.9742684092427348,0.9607641714285716
s0625,gluteus_minimus_left,0.9457,0.9597678037906211,0.9388814416666662
s0625,gluteus_minimus_right,0.9463,0.9260603510687435,0.9407826825396822
s0625,heart,0.917,0.9442965729723213,0.937491379497354
s0625,hip_left,0.9823,0.9829431359986721,0.9756431813492064
s0625,hip_right,0.9821,0.9798811099984179,0.9684463309523812
s0625,humerus_left,0.8358,0.863681957160855,0.7867153351851851
s0625,humerus_right,0.9629,1.0,0.9543562841269833
s0625,iliac_artery_left,0.9041,0.8689852550304012,0.870895066534392
s0625,iliac_artery_right,0.9126,0.8977407148685081,0.9183765624699379
s0625,iliac_vena_left,0.9091,0.9418725406642855,0.9151940001322745
s0625,iliac_vena_right,0.922,0.8813570894247396,0.8984645585978832
s0625,iliopsoas_left,0.9719,0.9371499821524703,0.9636961346560842
s0625,iliopsoas_right,0.9692,0.9438971944720856,0.9601924772967775
s0625,inferior_vena_cava,0.9464,0.9534588696716128,0.9364963708994704
s0625,kidney_left,0.9855,0.9725355242579758,0.9729322044973543
s0625,kidney_right,0.9857,0.9791497262918102,0.9728581220899476
s0625,liver,0.9876,0.9956441232646339,0.9766737404761899
s0625,lung_lower_lobe_left,0.9897,0.9885814539728617,0.9800096178571431
s0625,lung_lower_lobe_right,0.9923,0.9846627807888592,0.9798095816137569
s0625,lung_middle_lobe_right,0.98,0.9593496583318707,0.9722773646825392
s0625,lung_upper_lobe_left,0.9925,0.9864002615598715,0.9896896394059644
s0625,lung_upper_lobe_right,0.988,0.9994074080525558,0.9856471701058204
s0625,pancreas,0.9555,0.9486779056820296,0.9170938003968255
s0625,portal_vein_and_splenic_vein,0.8628,0.8851462316738782,0.8781165822547827
s0625,prostate,0.8112,0.8861310208012254,0.7553065778860029
s0625,pulmonary_vein,0.9553,0.9022740107214666,0.8677552330687835
s0625,rib_left_1,0.919,0.9103769567592619,0.8518096682539684
s0625,rib_left_10,0.9605,0.9503776206766384,0.8200644270923519
s0625,rib_left_11,0.9503,0.6092609994783964,0.8013692638888887
s0625,rib_left_12,0.9189,0.7094589001477026,0.7811880309523804
s0625,rib_left_2,0.9513,0.9514592881254201,0.8922228273809526
s0625,rib_left_3,0.9261,0.9567284286878346,0.9024736338624344
s0625,rib_left_4,0.9559,0.9583022312463417,0.9409627603174605
s0625,rib_left_5,0.9614,0.921470510016621,0.9470594010582009
s0625,rib_left_6,0.9647,0.9282811623882864,0.9372429415343917
s0625,rib_left_7,0.9673,0.9541616909430657,0.953590574470899
s0625,rib_left_8,0.9596,0.9470105421535528,0.9440150905844151
s0625,rib_left_9,0.9493,0.9513503855193999,0.945971385497835
s0625,rib_right_1,0.9311,0.8323470082523059,0.8108314402116401
s0625,rib_right_10,0.9726,0.9605809472334152,0.948419141269841
s0625,rib_right_11,0.9418,0.9791109105788706,0.9270007265873023
s0625,rib_right_12,0.9361,0.7746470625144918,0.8323467802188548
s0625,rib_right_2,0.9595,0.9012756174800872,0.8843920169312164
s0625,rib_right_3,0.9555,0.9615864796227404,0.8720669160052915
s0625,rib_right_4,0.9548,0.9386515162566715,0.9533773915343908
s0625,rib_right_5,0.949,0.9432088633661808,0.9313306084452586
s0625,rib_right_6,0.9664,0.9543435662847132,0.9464188339466085
s0625,rib_right_7,0.9759,0.9606847448773324,0.9541206191798932
s0625,rib_right_8,0.9582,0.9328534238691927,0.9486328329365084
s0625,rib_right_9,0.9589,0.952714848875757,0.9467395817460322
s0625,sacrum,0.9328,0.9627796785083672,0.8990395555555559
s0625,scapula_left,0.9658,0.8651043443058212,0.9130747616402114
s0625,scapula_right,0.9636,0.9355757700601618,0.9558922805555554
s0625,small_bowel,0.9316,0.8600768501317644,0.8434782057720062
s0625,spinal_cord,0.9426,0.9609246372029716,0.9315469657407403
s0625,spleen,0.982,0.9287528103603153,0.924849292063492
s0625,sternum,0.9273,0.9511023212563418,0.9185383817460314
s0625,stomach,0.9748,0.9382658722543361,0.9339801047619054
s0625,subclavian_artery_left,0.8378,0.9110073086917819,0.8855148349206349
s0625,subclavian_artery_right,0.8996,0.8963998812896649,0.8953850862433864
s0625,superior_vena_cava,0.9407,0.9542477075324554,0.9208301964285716
s0625,thyroid_gland,0.9294,0.9159042716043695,0.8912912051587303
s0625,trachea,0.9634,0.9541959562224566,0.9513649829365078
s0625,urinary_bladder,0.9132,0.9260309117614198,0.9257814440476191
s0625,vertebrae_C6,0.9412,0.8283521495961301,0.820490906349206
s0625,vertebrae_C7,0.9658,0.9850066047735379,0.9398175575396829
s0625,vertebrae_L1,0.9839,0.9828297864171489,0.9748033165343916
s0625,vertebrae_L2,0.9787,0.9190387463728898,0.9668612369047626
s0625,vertebrae_L3,0.9823,0.9276342610080561,0.9631003789682552
s0625,vertebrae_L4,0.9818,0.9798926242240718,0.9776800880952379
s0625,vertebrae_L5,0.9802,0.9708298091685602,0.9736010634920634
s0625,vertebrae_S1,0.9014,0.9289443215214697,0.9590210199735445
s0625,vertebrae_T1,0.9735,0.8292111371434581,0.9119937566137559
s0625,vertebrae_T10,0.9847,1.0,0.9639682849206346
s0625,vertebrae_T11,0.9834,1.0,0.9644449875661377
s0625,vertebrae_T12,0.9809,1.0,0.9636026753968254
s0625,vertebrae_T2,0.9782,0.7909731162107949,0.8998294460317453
s0625,vertebrae_T3,0.9765,0.7385680822228509,0.8899676847883592
s0625,vertebrae_T4,0.9784,0.7202446410971471,0.8803820638888882
s0625,vertebrae_T5,0.9764,0.6528375333737093,0.7955993563492062
s0625,vertebrae_T6,0.9763,0.7017891180922426,0.8828128708994709
s0625,vertebrae_T7,0.9739,0.8023835059663614,0.8945762605820106
s0625,vertebrae_T8,0.9788,0.913540633230227,0.9233918984126984
s0625,vertebrae_T9,0.9819,1.0,0.9709700566137565
s0698,adrenal_gland_left,0.8704,0.7732529866254458,0.7666471634920633
s0698,adrenal_gland_right,0.8743,0.7911844992073425,0.8004758578042322
s0698,aorta,0.981,0.9498261291785849,0.9719100552910057
s0698,atrial_appendage_left,0.8893,0.858960010108547,0.8602451662698409
s0698,autochthon_left,0.9504,0.9108805884043665,0.9282465874338626
s0698,autochthon_right,0.9515,0.9313133001449933,0.9332530464285715
s0698,brachiocephalic_trunk,0.8971,0.8833717936694996,0.9054827874338623
s0698,brachiocephalic_vein_left,0.9104,0.7555314438749401,0.8314184498677254
s0698,brachiocephalic_vein_right,0.9259,0.9179193493722329,0.8963298145502644
s0698,clavicula_left,0.9794,0.9850576490606652,0.9600879638888891
s0698,clavicula_right,0.9659,0.9637740154360548,0.9388615992063497
s0698,common_carotid_artery_left,0.9534,0.9256890644776501,0.9103241333694082
s0698,common_carotid_artery_right,0.957,0.6520193270309366,0.8351844387566141
s0698,costal_cartilages,0.9086,0.8870218585752357,0.8521544835978835
s0698,duodenum,0.5779,0.7903516835637622,0.7935370818783066
s0698,esophagus,0.931,0.8972269668065613,0.9211459761904757
s0698,gallbladder,0.2143,0.2486536496832585,0.1931592242063491
s0698,heart,0.9253,0.9691947829575916,0.9532183796296299
s0698,humerus_left,0.9558,0.925083308971445,0.9090060540293041
s0698,humerus_right,0.9491,0.9397930524870424,0.9271552083943841
s0698,iliopsoas_right,0.8571,0.34918406000220653,0.2459793142857143
s0698,inferior_vena_cava,0.7956,0.8522537254254335,0.8837918575396827
s0698,kidney_left,0.9593,0.7821079335414269,0.8002356115440116
s0698,kidney_right,0.9798,0.9572456205625134,0.922175398773449
s0698,liver,0.9811,0.971813231660001,0.9653858976190477
s0698,lung_lower_lobe_left,0.958,0.9767621698912138,0.9532054300264552
s0698,lung_lower_lobe_right,0.9846,0.9737580892166086,0.9709291547619056
s0698,lung_middle_lobe_right,0.9613,0.9670245730507395,0.9624712646825401
s0698,lung_upper_lobe_left,0.9851,0.9915860120995271,0.9896995166666662
s0698,lung_upper_lobe_right,0.9857,0.9827979681632671,0.988156440873016
s0698,pancreas,0.8316,0.6341766264686871,0.7573366931216928
s0698,portal_vein_and_splenic_vein,0.6686,0.71459363898582,0.7547979547619048
s0698,pulmonary_vein,0.9253,0.9180070965080825,0.8621665727513225
s0698,rib_left_1,0.908,0.9027165745892232,0.9052266617724861
s0698,rib_left_10,0.974,0.8744057948953877,0.92026933478836
s0698,rib_left_11,0.9623,0.9692749865092976,0.9258502908730164
s0698,rib_left_12,0.8303,0.9548963200081099,0.9041851662698416
s0698,rib_left_2,0.9404,0.914452175006259,0.8953496555555553
s0698,rib_left_3,0.9603,0.9243153947849767,0.9180121550264551
s0698,rib_left_4,0.9603,0.8925376010265659,0.8548415793650794
s0698,rib_left_5,0.9446,0.896727720644523,0.9008366002645501
s0698,rib_left_6,0.9513,0.908009205272322,0.9029041406084654
s0698,rib_left_7,0.9624,0.9488349188633329,0.9474717186507934
s0698,rib_left_8,0.9626,0.9165323125098477,0.8279867619047623
s0698,rib_left_9,0.9646,0.8115193044836702,0.8523915738095238
s0698,rib_right_1,0.8345,0.9364406613869004,0.9398596522486783
s0698,rib_right_10,0.9712,0.9246592433679803,0.9539807716931223
s0698,rib_right_11,0.9624,0.9443633722755378,0.9363578551587303
s0698,rib_right_12,0.8552,0.8860032951408833,0.9194786907407413
s0698,rib_right_2,0.9549,0.9333583431673849,0.9122899716931218
s0698,rib_right_3,0.9454,0.8773193964928504,0.9153610563492061
s0698,rib_right_4,0.9569,0.8707852336567055,0.9063583876984124
s0698,rib_right_5,0.9527,0.8609284361114625,0.9135453476190475
s0698,rib_right_6,0.9237,0.7940155168462749,0.8810177100529103
s0698,rib_right_7,0.9423,0.9146742751216522,0.9477296402116405
s0698,rib_right_8,0.9582,0.9480939299973634,0.9504990373015867
s0698,rib_right_9,0.9695,0.8912180143262203,0.9461857116522363
s0698,scapula_left,0.9698,0.9323937124906774,0.958918323148148
s0698,scapula_right,0.9581,0.9503578436155252,0.9530666473544975
s0698,spinal_cord,0.9532,0.9263784012951277,0.9346287444444444
s0698,spleen,0.9843,0.9664346750874637,0.9619363690476184
s0698,sternum,0.9282,0.938269886367359,0.941684130026455
s0698,stomach,0.9828,0.8397767670218517,0.8295822849206345
s0698,subclavian_artery_left,0.9409,0.9113498930195696,0.8968126593915338
s0698,subclavian_artery_right,0.9331,0.894136765771785,0.893633326455026
s0698,superior_vena_cava,0.974,0.9468529130924483,0.9171126763227515
s0698,thyroid_gland,0.9283,0.9055354738711082,0.8904795751082251
s0698,trachea,0.9588,0.9308155784543665,0.9489161345238101
s0698,vertebrae_C6,0.8724,0.7939615088905151,0.7016358358465606
s0698,vertebrae_C7,0.9405,0.7006619295970354,0.7316822470899474
s0698,vertebrae_L1,0.965,0.9947722970041354,0.9602827965608459
s0698,vertebrae_L2,0.9136,0.9639081336819,0.6663575776334779
s0698,vertebrae_T1,0.9578,0.9373324453947444,0.9385961764550255
s0698,vertebrae_T10,0.9535,0.9949873867745824,0.9711858456349205
s0698,vertebrae_T11,0.9514,1.0,0.9724558541005291
s0698,vertebrae_T12,0.9512,0.9643461202132796,0.969924826719577
s0698,vertebrae_T2,0.9543,0.9622524249515447,0.9524161685185184
s0698,vertebrae_T3,0.9413,0.9611966282146803,0.9600346892857136
s0698,vertebrae_T4,0.9309,0.9442035042451941,0.9496850773809524
s0698,vertebrae_T5,0.9232,0.9730621111733911,0.966285818253968
s0698,vertebrae_T6,0.9153,0.9777789127089416,0.9665662119047619
s0698,vertebrae_T7,0.9096,0.9826122908881372,0.9680760134920642
s0698,vertebrae_T8,0.9434,0.957532817970342,0.9650806962962959
s0698,vertebrae_T9,0.9553,0.9755847851793429,0.9689216029100519
s0675,adrenal_gland_left,0.9054,0.7383093482759688,0.763186115343915
s0675,adrenal_gland_right,0.8071,0.6760082588221992,0.737127452380952
s0675,aorta,0.9755,0.9547063268401318,0.9490122468253968
s0675,atrial_appendage_left,0.9183,0.6540729068708201,0.7575712502765752
s0675,autochthon_left,0.9615,0.9516230453614978,0.9504228630952376
s0675,autochthon_right,0.9643,0.948798865078624,0.9483611411375661
s0675,brachiocephalic_trunk,0.8762,0.721901683906148,0.7279860136243385
s0675,brachiocephalic_vein_left,0.8566,0.7811145141748,0.8444289828042326
s0675,brachiocephalic_vein_right,0.7892,0.636648035396656,0.6659081862554111
s0675,clavicula_left,0.9515,0.9091376512070662,0.9276870484126977
s0675,clavicula_right,0.9679,1.0,0.9510514038359793
s0675,colon,0.9348,0.8470264442579155,0.8463597032347276
s0675,common_carotid_artery_left,0.7554,0.693789905831288,0.6947676916666665
s0675,common_carotid_artery_right,0.8914,0.8017211117779587,0.6829813499999999
s0675,costal_cartilages,0.8605,0.8677146721126001,0.8408554414622413
s0675,duodenum,0.7738,0.5528764074689887,0.7037486601851851
s0675,esophagus,0.9293,0.9034502321537575,0.9124652091269848
s0675,gallbladder,0.9601,0.9017370108647117,0.8736242988095241
s0675,heart,0.9246,0.8781365045243213,0.9012474543650797
s0675,humerus_left,0.6724,0.7212769789086918,0.759083986507936
s0675,humerus_right,0.9179,0.9080354222020454,0.9145066519841271
s0675,iliopsoas_left,0.8885,0.5229723968951141,0.5716653055555553
s0675,iliopsoas_right,0.8523,0.8699379641875047,0.7441652198412696
s0675,inferior_vena_cava,0.9108,0.8472416248184832,0.8864422535714287
s0675,kidney_left,0.9796,0.9052747309262198,0.9120458027777772
s0675,kidney_right,0.9718,0.9146405864524222,0.8986593996031739
s0675,liver,0.9832,0.9598573178932496,0.9553265916666666
s0675,lung_lower_lobe_left,0.9733,0.9952990529888509,0.9782413687830691
s0675,lung_lower_lobe_right,0.9847,0.99206953551608,0.9822707198412693
s0675,lung_middle_lobe_right,0.9695,0.9611346958018813,0.9573189261904759
s0675,lung_upper_lobe_left,0.9902,0.98242628834036,0.9764929064814812
s0675,lung_upper_lobe_right,0.9857,0.9796181256022026,0.9779885025132268
s0675,pancreas,0.9251,0.8512187828295306,0.8319258242063489
s0675,portal_vein_and_splenic_vein,0.6825,0.5569173159137629,0.6483086760582008
s0675,pulmonary_vein,0.9376,0.7802861252787909,0.7877930070105821
s0675,rib_left_1,0.9544,0.9013238016432857,0.9032026052188545
s0675,rib_left_10,0.7698,0.5816576915933767,0.6744032890211644
s0675,rib_left_11,0.9823,0.9814549966281334,0.9495859395502644
s0675,rib_left_12,0.9479,0.8239226143526334,0.8917053521164022
s0675,rib_left_2,0.9485,0.9264475243868012,0.9432124920634919
s0675,rib_left_3,0.9658,0.9134023389405823,0.9259582783068778
s0675,rib_left_4,0.9031,0.9129663682367173,0.9235255141895142
s0675,rib_left_5,0.6857,0.7440400575777742,0.6517469063492064
s0675,rib_left_6,0.479,0.5461584482322855,0.654079154497355
s0675,rib_left_7,0.4105,0.5901364767561511,0.6807753511904766
s0675,rib_left_8,0.4302,0.5938912430039512,0.6706761702380957
s0675,rib_left_9,0.5476,0.5436691573371661,0.5740492949735454
s0675,rib_right_1,0.9497,0.7422409595371463,0.8476049156084654
s0675,rib_right_10,0.9748,0.9175992482914698,0.9479012079365083
s0675,rib_right_11,0.9774,0.9899613654726821,0.9369371698172198
s0675,rib_right_12,0.9773,0.9861381393441903,0.9050729245189988
s0675,rib_right_2,0.973,0.9038292012696643,0.9282353710317464
s0675,rib_right_3,0.9711,0.9343487467746238,0.9226469957671962
s0675,rib_right_4,0.9488,0.8564666918083534,0.8168126156084651
s0675,rib_right_5,0.9539,0.9473193527250655,0.937819983068783
s0675,rib_right_6,0.8678,0.9396905108713844,0.9449999742063486
s0675,rib_right_7,0.8049,0.7815935159573929,0.7068332072751327
s0675,rib_right_8,0.8971,0.7731751293851331,0.7280139682780185
s0675,rib_right_9,0.9739,0.9143845458677493,0.9500533293650794
s0675,scapula_left,0.9583,0.9563638682214797,0.9310371650793652
s0675,scapula_right,0.9663,0.9543076500760654,0.9356852456349204
s0675,small_bowel,0.9121,0.8973671915028313,0.863949145502646
s0675,spinal_cord,0.9573,0.9631150202476625,0.9283815693121696
s0675,spleen,0.9761,0.9412775545201412,0.9423683714285715
s0675,sternum,0.8817,0.7941800052954888,0.8701357884920632
s0675,stomach,0.9706,0.9371674912187182,0.9262654488095233
s0675,subclavian_artery_left,0.7389,0.5404493097818527,0.72755294563492
s0675,subclavian_artery_right,0.9056,0.7313662860073441,0.7753358912698413
s0675,superior_vena_cava,0.9255,0.7873378672522804,0.8642381723544967
s0675,thyroid_gland,0.7831,0.6598095940586439,0.7355303776455024
s0675,trachea,0.9695,0.9607912700219814,0.9371053853174603
s0675,vertebrae_C7,0.9384,0.8279900368154952,0.771164595238095
s0675,vertebrae_L1,0.9856,0.9712277230668599,0.9577454391534385
s0675,vertebrae_L2,0.946,0.7586729157432112,0.7297414677248674
s0675,vertebrae_T1,0.9606,0.8657097393575588,0.9176819136243388
s0675,vertebrae_T10,0.9851,0.9771141983993219,0.9593249824074076
s0675,vertebrae_T11,0.9821,0.9597838120261496,0.9537381875661377
s0675,vertebrae_T12,0.9795,0.9421298192122177,0.933285752380952
s0675,vertebrae_T2,0.9708,0.8870317171539918,0.9034584392857145
s0675,vertebrae_T3,0.9773,0.9383643051124648,0.9234942497354501
s0675,vertebrae_T4,0.98,0.9394781913968233,0.9176602137566136
s0675,vertebrae_T5,0.9766,0.9550447591992562,0.9017258626984133
s0675,vertebrae_T6,0.9556,0.933238938847742,0.904486304365079
s0675,vertebrae_T7,0.9585,0.8854273370236284,0.8579976753968246
s0675,vertebrae_T8,0.9782,0.8755583792704901,0.9166224906084661
s0675,vertebrae_T9,0.9823,0.9811145946133384,0.9167498940476184
s0420,adrenal_gland_left,0.8375,0.792359549556345,0.8465979028018276
s0420,adrenal_gland_right,0.8094,0.7350511386990615,0.7280995091269843
s0420,aorta,0.9645,0.9669096471233811,0.9686129894179898
s0420,atrial_appendage_left,0.9068,0.9022054436254582,0.9259971424603176
s0420,autochthon_left,0.9593,0.956562070727095,0.9620399496031741
s0420,autochthon_right,0.9596,0.9433328743238559,0.9609987376984125
s0420,brachiocephalic_trunk,0.8925,0.9004697793514729,0.896226396681096
s0420,brachiocephalic_vein_left,0.83,0.8482009532359251,0.8100421935185191
s0420,brachiocephalic_vein_right,0.8524,0.9258167555053701,0.9151111940355933
s0420,clavicula_left,0.9658,0.9702529031191451,0.9530857305555552
s0420,clavicula_right,0.9716,0.9287474014223938,0.9493371169312163
s0420,colon,0.4319,0.9255846403885634,0.8641539562169317
s0420,common_carotid_artery_left,0.9546,0.9300215202420732,0.9064588682539679
s0420,common_carotid_artery_right,0.8842,0.843375278536359,0.9079652962842715
s0420,costal_cartilages,0.8508,0.8697296509627559,0.8471686249999998
s0420,duodenum,0.405,0.7621296085428703,0.6580388285714283
s0420,esophagus,0.8438,0.9279607096518301,0.894540748148148
s0420,heart,0.9411,0.9117414810606979,0.931098094047619
s0420,humerus_left,0.9751,1.0,0.9394306082010576
s0420,humerus_right,0.9541,0.9496296701405779,0.9472415706709956
s0420,iliopsoas_left,0.8011,0.872835591403464,0.84493166034151
s0420,iliopsoas_right,0.7734,0.8147131747313762,0.7930441656325152
s0420,inferior_vena_cava,0.8656,0.8748981489607413,0.883534940969216
s0420,kidney_left,0.9664,0.8725835044409437,0.8537532855820104
s0420,liver,0.9614,0.9667131163497205,0.9636744958994712
s0420,lung_lower_lobe_left,0.9905,0.9929228669348333,0.9799881861111117
s0420,lung_lower_lobe_right,0.988,0.9784455205024865,0.9827766531746026
s0420,lung_middle_lobe_right,0.9712,0.9821488212081135,0.9703008280423286
s0420,lung_upper_lobe_left,0.9925,0.9954482330733216,0.9853707066137573
s0420,lung_upper_lobe_right,0.9855,0.986357005621494,0.9850016289682539
s0420,pancreas,0.8766,0.8180181559805483,0.739967507936508
s0420,portal_vein_and_splenic_vein,0.8065,0.8568598872251258,0.7848887638888887
s0420,pulmonary_vein,0.9253,0.8329492307219484,0.827251084920635
s0420,rib_left_1,0.854,0.8777546045086501,0.8972107551587304
s0420,rib_left_10,0.8923,0.7387875971162617,0.7310597980158725
s0420,rib_left_11,0.9818,0.9677760218014709,0.9362894941798944
s0420,rib_left_12,0.9401,0.9541093919209621,0.9026860793650792
s0420,rib_left_2,0.9733,0.9563022453865231,0.9310280337301589
s0420,rib_left_3,0.9191,0.9688622877343305,0.9640041857142855
s0420,rib_left_4,0.9686,0.9921700556268468,0.9639432853174602
s0420,rib_left_5,0.9734,0.9521125272951839,0.9636498468253961
s0420,rib_left_6,0.978,0.9431745435432148,0.9607491436507936
s0420,rib_left_7,0.9101,0.9608545203765749,0.9545005167869172
s0420,rib_left_8,0.7798,0.7679660204304269,0.7241963792929295
s0420,rib_left_9,0.7863,0.6811294306424164,0.6936471488095238
s0420,rib_right_1,0.7551,0.855252261420478,0.8948374289682537
s0420,rib_right_10,0.9752,0.955537053793282,0.9607090149470903
s0420,rib_right_11,0.9612,0.941215105436765,0.9260868687830691
s0420,rib_right_12,0.9648,0.9627532359617955,0.9319861404761904
s0420,rib_right_2,0.9587,0.9586076714248476,0.9550620470899477
s0420,rib_right_3,0.9705,0.9694693224924491,0.9588626531746026
s0420,rib_right_4,0.9705,0.9549515816836341,0.9580332424603174
s0420,rib_right_5,0.9717,0.9615547384618265,0.9578052316137564
s0420,rib_right_6,0.9786,0.9455994600324205,0.9584087892857144
s0420,rib_right_7,0.9789,0.9636056280761083,0.9594723661375665
s0420,rib_right_8,0.9744,0.969781963724235,0.9608415808201054
s0420,rib_right_9,0.9752,0.9499802902977773,0.9589451832010578
s0420,scapula_left,0.9625,0.929598185636523,0.9446489917989422
s0420,scapula_right,0.9545,0.9596093791138219,0.9519823448412698
s0420,spinal_cord,0.9357,0.9340166161023773,0.9266604914021167
s0420,spleen,0.9864,0.9617624783300797,0.9566512765873023
s0420,sternum,0.9288,0.9100542255404743,0.9364509234126986
s0420,stomach,0.8606,0.971563549409201,0.9319674932539677
s0420,subclavian_artery_left,0.8833,0.9282792028397455,0.9144110972222226
s0420,subclavian_artery_right,0.873,0.9016668371856342,0.8262964367724864
s0420,superior_vena_cava,0.9158,0.8732759932888935,0.9188495640211644
s0420,thyroid_gland,0.8351,0.792878093343445,0.7741107589947089
s0420,trachea,0.9552,0.9222538849829073,0.9501716059523816
s0420,vertebrae_C7,0.8911,0.9371988624055562,0.8767931605820107
s0420,vertebrae_L1,0.9863,0.968749100871768,0.962408023280423
s0420,vertebrae_L2,0.7143,0.6154133394729759,0.5659928273809524
s0420,vertebrae_T1,0.9756,0.9931609375693181,0.9181260375661374
s0420,vertebrae_T10,0.9833,0.9911172871453394,0.9689047895502644
s0420,vertebrae_T11,0.9812,0.9891920368536485,0.9734440463083219
s0420,vertebrae_T12,0.9864,0.9669047598970066,0.9715530055555547
s0420,vertebrae_T2,0.9778,0.9897623589803478,0.9693958605820107
s0420,vertebrae_T3,0.9854,0.9934538552006698,0.9646510789682543
s0420,vertebrae_T4,0.9748,0.9872883020361841,0.9663520218253964
s0420,vertebrae_T5,0.9738,0.9936648375564364,0.9413881686507928
s0420,vertebrae_T6,0.984,0.9834790862103031,0.9667746911375658
s0420,vertebrae_T7,0.9864,0.9835746777486091,0.9610789617003367
s0420,vertebrae_T8,0.99,0.976992287466197,0.9697638047619047
s0420,vertebrae_T9,0.9819,1.0,0.9682344582010577
s0655,aorta,0.9787,1.0,0.8082953980158729
s0655,atrial_appendage_left,0.9369,0.8768981205487478,0.8827621551587305
s0655,costal_cartilages,0.4438,0.7220484271033825,0.7637031228835988
s0655,esophagus,0.9194,0.8100508250741155,0.8594036724146228
s0655,heart,0.9459,0.938429571880583,0.9362979162698414
s0655,inferior_vena_cava,0.9312,0.8727571627043769,0.8247333084656087
s0655,liver,0.9378,0.8521035764068952,0.8789158247354497
s0655,lung_lower_lobe_left,0.9892,0.9982921803994623,0.9729370920634922
s0655,lung_lower_lobe_right,0.9787,1.0,0.9775402615079372
s0655,lung_middle_lobe_right,0.9085,0.9841635300210717,0.9326854697089948
s0655,lung_upper_lobe_left,0.9912,0.9801239268901449,0.977273962301587
s0655,lung_upper_lobe_right,0.9256,0.9426408368940529,0.9292716670634913
s0655,pulmonary_vein,0.9505,1.0,0.8129020261904764
s0655,rib_left_3,0.0,0.019150721974938355,0.2006578525132274
s0655,rib_left_4,0.0,0.17343983394200801,0.43939164920634927
s0655,rib_left_5,0.0,0.13100368931956038,0.16695977063492057
s0655,spleen,0.5836,0.9201750389957382,0.79028851058201
s0655,sternum,0.4341,0.8482671115098614,0.7650592050264552
s0655,stomach,0.6593,0.8831216211912151,0.8292961579365078
s0655,superior_vena_cava,0.8215,0.9114695698949037,0.8965785101851852
s0655,trachea,0.9213,0.8653031334447759,0.8060245501322749
s0655,vertebrae_T10,0.9262,0.8468434654679043,0.8847652751322748
s0655,vertebrae_T11,0.9651,0.8737573139269212,0.9029106806878308
s0655,vertebrae_T12,0.915,0.8763415081892658,0.8106331984126981
s0655,vertebrae_T6,0.9257,0.8395171394155843,0.8331146417989413
s0655,vertebrae_T7,0.9592,0.8541235971622012,0.8811538400793645
s0655,vertebrae_T8,0.889,0.9027854156813268,0.8904893890211635
s0655,vertebrae_T9,0.7894,0.9121994945699426,0.8921445604497353
s0650,adrenal_gland_left,0.9178,0.909285426862316,0.8816900966931214
s0650,adrenal_gland_right,0.9138,0.897415221618298,0.8788613937830687
s0650,aorta,0.9652,0.9730591440514291,0.9640823551827808
s0650,atrial_appendage_left,0.9344,0.8877454508062782,0.8641109524170272
s0650,autochthon_left,0.9513,0.9722385701895345,0.9572857636724389
s0650,autochthon_right,0.9394,0.96360372903839,0.9545809766354012
s0650,brachiocephalic_trunk,0.9266,0.7911392161869912,0.826294151190476
s0650,brachiocephalic_vein_left,0.9425,0.8782285342636966,0.8628353266955261
s0650,brachiocephalic_vein_right,0.7069,0.6780077070763699,0.8090495787037033
s0650,clavicula_left,0.9764,0.9795115914656866,0.9561658128306874
s0650,clavicula_right,0.9727,0.8762305039472273,0.9383059648148151
s0650,colon,0.8996,0.9670639310786616,0.9371525527777773
s0650,common_carotid_artery_left,0.9485,0.6548159813968215,0.8101426302910049
s0650,common_carotid_artery_right,0.9173,0.7419812712545858,0.7534177806878307
s0650,costal_cartilages,0.898,0.8579769222831989,0.8150838317460315
s0650,duodenum,0.877,0.8875310030629113,0.8898450575396817
s0650,esophagus,0.849,0.889335206544542,0.8887042039682537
s0650,femur_left,0.9871,0.9737206266032602,0.9732573433862427
s0650,femur_right,0.9868,0.9702445776004697,0.9681844566137559
s0650,gallbladder,0.932,0.9277029418618162,0.8857331387566137
s0650,gluteus_maximus_left,0.9547,0.9483504397686966,0.9557196269841274
s0650,gluteus_maximus_right,0.9632,0.9709932206608697,0.9640438615079368
s0650,gluteus_medius_left,0.9462,0.9264394432557387,0.9534677115079369
s0650,gluteus_medius_right,0.9475,0.9512019507875963,0.9554548929533432
s0650,gluteus_minimus_left,0.9342,0.8853821123553846,0.9204955753968256
s0650,gluteus_minimus_right,0.9203,0.910934891867636,0.9104998178571427
s0650,heart,0.9348,0.9371025026885232,0.9521990655002412
s0650,hip_left,0.9797,0.9927319854102313,0.9736385031746043
s0650,hip_right,0.9808,0.9692600351855208,0.9714545320586825
s0650,humerus_left,0.9613,0.9676350585826875,0.9513631130952378
s0650,humerus_right,0.9716,0.9107454971004527,0.8861387361111114
s0650,iliac_artery_left,0.9029,0.8825557557744765,0.9001826974867724
s0650,iliac_artery_right,0.9347,0.9038439506315067,0.9125737608465607
s0650,iliac_vena_left,0.949,0.922982666952509,0.9011403506012503
s0650,iliac_vena_right,0.9339,0.9244160162758276,0.8995755808201062
s0650,iliopsoas_left,0.9321,0.9435209547253187,0.951352965079366
s0650,iliopsoas_right,0.9322,0.9290346772713353,0.9430614142857149
s0650,inferior_vena_cava,0.8994,0.8991185099894542,0.865345226190476
s0650,kidney_cyst_left,0.0,0.8235128905148255,0.7614539571428576
s0650,kidney_left,0.9818,0.9696631349415931,0.969224662169312
s0650,kidney_right,0.9742,0.9524001970762861,0.964323936243386
s0650,liver,0.9805,0.9934512414900111,0.9763261308201056
s0650,lung_lower_lobe_left,0.3107,0.8935584735642303,0.8724314966931217
s0650,lung_lower_lobe_right,0.9854,0.9885993455686936,0.985558314285714
s0650,lung_middle_lobe_right,0.942,0.9551316626570243,0.9750534789682543
s0650,lung_upper_lobe_left,0.8321,0.8782685104772727,0.9576778706349209
s0650,lung_upper_lobe_right,0.9703,0.99112505586915,0.9894068630952382
s0650,pancreas,0.8786,0.9230689544809468,0.9140887329365079
s0650,portal_vein_and_splenic_vein,0.8339,0.8341043364876201,0.8144421597282352
s0650,prostate,0.8389,0.7533691624739624,0.7566558199735448
s0650,pulmonary_vein,0.921,0.8058483629616344,0.8390585301587298
s0650,rib_left_1,0.9511,0.9308674796414167,0.9485486808201065
s0650,rib_left_10,0.3356,0.5482258607562756,0.6011832026455024
s0650,rib_left_11,0.4019,0.5417025100080375,0.6217961621693118
s0650,rib_left_12,0.3132,0.8113319347504726,0.6773985342592591
s0650,rib_left_2,0.9625,0.9266704156079006,0.9447583675925935
s0650,rib_left_3,0.9262,0.9273934027673518,0.929366047222222
s0650,rib_left_4,0.9597,0.9670810303996011,0.9412656686507929
s0650,rib_left_5,0.9103,0.9646323658186825,0.9466734531746032
s0650,rib_left_6,0.504,0.3880118787240384,0.49890072698412724
s0650,rib_left_7,0.1549,0.5346238471803907,0.522566573148148
s0650,rib_left_8,0.1258,0.44939015994415754,0.548037077513228
s0650,rib_left_9,0.2566,0.48772593377437795,0.5973502921957669
s0650,rib_right_1,0.8921,0.957714358134847,0.7896453200456951
s0650,rib_right_10,0.554,0.49749449044571065,0.5205264228835977
s0650,rib_right_11,0.833,0.658814333794727,0.6889029818783068
s0650,rib_right_12,0.9286,0.2274552920896108,0.3900640962962962
s0650,rib_right_2,0.8524,0.6630650511817213,0.7084405873015874
s0650,rib_right_3,0.908,0.882247219828196,0.8601965910052911
s0650,rib_right_4,0.8123,0.9336506016628934,0.9367176297619041
s0650,rib_right_5,0.6148,0.6556778674571114,0.7045108664021164
s0650,rib_right_6,0.4549,0.6055523503674392,0.5139031804232805
s0650,rib_right_7,0.4334,0.5864375034580968,0.5419782735449732
s0650,rib_right_8,0.2476,0.44923745090272715,0.5138430947089947
s0650,rib_right_9,0.3166,0.42786354066629817,0.5038718029100525
s0650,sacrum,0.9412,0.8809920940990131,0.9021381752645499
s0650,scapula_left,0.953,0.9714894486327633,0.9451147521043771
s0650,scapula_right,0.9389,0.9648740582294656,0.9435891735449743
s0650,small_bowel,0.8258,0.9100200331666747,0.9554698534391537
s0650,spinal_cord,0.9567,0.9438363798143238,0.931927654761905
s0650,spleen,0.9524,0.9692444396797082,0.9731266579365075
s0650,sternum,0.9345,0.9229819438849808,0.9145147817460315
s0650,stomach,0.9471,0.9040243430572914,0.950786832804233
s0650,subclavian_artery_left,0.911,0.8887104869163474,0.8869835224867725
s0650,subclavian_artery_right,0.9272,0.7719396922500933,0.8661491300264542
s0650,superior_vena_cava,0.9002,0.7432813913767674,0.8715622312169317
s0650,thyroid_gland,0.9049,0.8046049556206208,0.8578987016955262
s0650,trachea,0.9514,0.944868279410892,0.9383059021164032
s0650,urinary_bladder,0.958,0.8960890061131057,0.9101069658730161
s0650,vertebrae_C6,0.9421,0.8838439381258815,0.7693781206349204
s0650,vertebrae_C7,0.9485,0.938791922282094,0.9131424566137569
s0650,vertebrae_L1,0.9854,0.9336843305290669,0.9716675200697448
s0650,vertebrae_L2,0.9876,0.9398868154423592,0.9705077623136115
s0650,vertebrae_L3,0.9865,0.9636552743498861,0.9681926746151993
s0650,vertebrae_L4,0.9857,0.9612372993917615,0.9595042790163545
s0650,vertebrae_L5,0.9842,0.9573090296318955,0.9654339377465125
s0650,vertebrae_S1,0.9227,0.808283468224579,0.8068121883597885
s0650,vertebrae_T1,0.9736,0.9253649465505629,0.9400335886243393
s0650,vertebrae_T10,0.9842,0.9597497560600026,0.9598447911014913
s0650,vertebrae_T11,0.9738,0.9722260933672537,0.9350721270803263
s0650,vertebrae_T12,0.9777,0.9596242748594869,0.9616518707311207
s0650,vertebrae_T2,0.9642,0.893918988380945,0.9142040169312177
s0650,vertebrae_T3,0.9582,0.8937238919504719,0.9289345294973547
s0650,vertebrae_T4,0.9812,0.9308859350655097,0.9142025253968252
s0650,vertebrae_T5,0.9693,0.9546183029810265,0.9372252793650788
s0650,vertebrae_T6,0.9645,0.7670548656599343,0.8184839699735451
s0650,vertebrae_T7,0.9638,0.7617729211678679,0.8154629481481486
s0650,vertebrae_T8,0.974,0.8217759244002849,0.8483588190476198
s0650,vertebrae_T9,0.9817,0.9643314896715096,0.9495215087301591
s0618,adrenal_gland_left,0.7644,0.7737234051652553,0.7734760052910055
s0618,adrenal_gland_right,0.9124,0.8337019376401139,0.8245151445887449
s0618,aorta,0.979,0.9679632962720207,0.9683318399470902
s0618,atrial_appendage_left,0.9232,0.8231251265629594,0.8425709052910048
s0618,autochthon_left,0.9572,0.9656823516005286,0.9021702876984135
s0618,autochthon_right,0.9514,0.9449576767319431,0.929156880952381
s0618,brachiocephalic_trunk,0.8757,0.8484805129665237,0.8864616498316494
s0618,brachiocephalic_vein_left,0.9254,0.9005567742901033,0.902464974434824
s0618,brachiocephalic_vein_right,0.8327,0.7211122184320795,0.8586669803872047
s0618,clavicula_left,0.9762,0.9886423301284856,0.9619836170634924
s0618,clavicula_right,0.971,0.9792957128658397,0.9621341714285715
s0618,colon,0.9385,0.9353255925952245,0.9031109907407411
s0618,common_carotid_artery_left,0.9312,0.9284418714294395,0.8991244511904756
s0618,common_carotid_artery_right,0.9181,0.7609354375500409,0.8749101535714291
s0618,costal_cartilages,0.8323,0.772793782439237,0.7901951551587296
s0618,duodenum,0.7796,0.7538398986929821,0.7960800012265511
s0618,esophagus,0.9052,0.9211101139396575,0.9200518304232804
s0618,gallbladder,0.913,0.7193002307983561,0.7920064623015871
s0618,heart,0.9346,0.9161160505250996,0.9446296658730163
s0618,humerus_left,0.9604,0.903736824147367,0.8958222107142862
s0618,humerus_right,0.9612,0.9506127070871314,0.9520135719576723
s0618,iliopsoas_left,0.8514,0.5813319888715361,0.5125000063492064
s0618,iliopsoas_right,0.873,0.6542694146325303,0.6764305388888894
s0618,inferior_vena_cava,0.9462,0.9243098579594379,0.9185350667989425
s0618,kidney_left,0.977,0.9311589153262093,0.9239721301587299
s0618,kidney_right,0.97,0.9326159474733208,0.8745356054232811
s0618,liver,0.9854,0.9821506157031389,0.9705683041005295
s0618,lung_lower_lobe_left,0.9668,1.0,0.9780843297619048
s0618,lung_lower_lobe_right,0.9935,1.0,0.9828013866161609
s0618,lung_middle_lobe_right,0.9776,0.9657074465762782,0.9655734866762875
s0618,lung_upper_lobe_left,0.9412,0.9823790235719446,0.9729314949013953
s0618,lung_upper_lobe_right,0.9533,0.866385437267655,0.897494429232804
s0618,pancreas,0.904,0.7971338566261206,0.8365899246031744
s0618,portal_vein_and_splenic_vein,0.8663,0.8739939177418541,0.8700724781746029
s0618,pulmonary_vein,0.8785,0.7575726382236828,0.823125703113553
s0618,rib_left_1,0.9613,0.9609613433095803,0.9338045842472337
s0618,rib_left_10,0.0,0.922835436165681,0.9451981772486765
s0618,rib_left_11,0.0,0.9274980373156575,0.9108034408730159
s0618,rib_left_12,0.0,0.9243168163917698,0.9069559972222225
s0618,rib_left_2,0.9798,0.9535201331939112,0.956390854761904
s0618,rib_left_3,0.9655,0.9668157586267625,0.9581881549450553
s0618,rib_left_4,0.5339,0.9563353687835112,0.9339029361111115
s0618,rib_left_5,0.3275,0.5373557076561593,0.6126189865079366
s0618,rib_left_6,0.2442,0.4175125165465085,0.43788105270562794
s0618,rib_left_7,0.0965,0.6227509970844964,0.6505837825396829
s0618,rib_left_8,0.0,0.9788803278794468,0.9502506953703705
s0618,rib_left_9,0.0,0.9274422689508841,0.9547379234126976
s0618,rib_right_1,0.9784,0.9564079662853421,0.9271307330928331
s0618,rib_right_10,0.0002,0.7084967494645207,0.5737955150793653
s0618,rib_right_11,0.0,0.8920179590296473,0.9227443205026454
s0618,rib_right_12,0.0,0.8773907308628403,0.8804272690476188
s0618,rib_right_2,0.9693,0.9503577974523124,0.9546659378306879
s0618,rib_right_3,0.9607,0.9465879193206713,0.9561937670634914
s0618,rib_right_4,0.7701,0.9514501647502639,0.9542594000000004
s0618,rib_right_5,0.4653,0.48235621394333744,0.5762370194444443
s0618,rib_right_6,0.2832,0.5385200545329273,0.510268687037037
s0618,rib_right_7,0.102,0.5536657352626001,0.5843423095238096
s0618,rib_right_8,0.0,0.9762206798636064,0.9588406186507941
s0618,rib_right_9,0.0418,0.7453726521788384,0.6659232444444445
s0618,scapula_left,0.9648,0.96608015952757,0.9516251632275138
s0618,scapula_right,0.9584,0.9606110256753024,0.9523566738095246
s0618,skull,0.9548,0.9044559823441557,0.9261405531746033
s0618,small_bowel,0.8019,0.6538904462121542,0.7327137980158728
s0618,spinal_cord,0.9467,0.9579413244326935,0.9307631871693115
s0618,spleen,0.9828,0.9349124382078604,0.9573262257936513
s0618,sternum,0.9429,0.9236868556943154,0.90952805026455
s0618,stomach,0.9748,0.9273139569864604,0.9503805603174601
s0618,subclavian_artery_left,0.9222,0.8700324308415401,0.8672226136002892
s0618,subclavian_artery_right,0.9092,0.8891177324523517,0.8900176402116394
s0618,superior_vena_cava,0.9263,0.9093554105054131,0.9061698968253963
s0618,thyroid_gland,0.8968,0.8703741487896973,0.903412437169312
s0618,trachea,0.9609,0.9275741514517829,0.9190443023809525
s0618,vertebrae_C4,0.8977,0.7418087409954358,0.7244380203703701
s0618,vertebrae_C5,0.898,0.8468125558546271,0.86364040515873
s0618,vertebrae_C6,0.8977,0.9263814671198329,0.9055963276455029
s0618,vertebrae_C7,0.9409,0.969827463299263,0.9358136547619046
s0618,vertebrae_L1,0.9816,0.8611458154891307,0.9129664896825396
s0618,vertebrae_L2,0.9805,0.7976150351360305,0.8090938552910053
s0618,vertebrae_T1,0.9668,0.9617402730449751,0.9612478161375672
s0618,vertebrae_T10,0.9831,0.9992020896944966,0.928327519841269
s0618,vertebrae_T11,0.9843,0.9685209223279299,0.9348942502645488
s0618,vertebrae_T12,0.9769,0.9573697341673408,0.9331920232804223
s0618,vertebrae_T2,0.9089,0.9891654140127806,0.9639062453703707
s0618,vertebrae_T3,0.3973,0.963831347872869,0.938190273665223
s0618,vertebrae_T4,0.1794,0.6867556575906048,0.5983335914021164
s0618,vertebrae_T5,0.4111,0.3652099624734504,0.42484917896825397
s0618,vertebrae_T6,0.7337,0.7560006775918091,0.7389768687830693
s0618,vertebrae_T7,0.8728,1.0,0.943543145887445
s0618,vertebrae_T8,0.9733,0.9770504934813427,0.9355400784271279
s0618,vertebrae_T9,0.9809,1.0,0.9297123682539677
s0614,autochthon_left,0.9405,0.9241433730020683,0.9189957568783073
s0614,autochthon_right,0.9751,0.9599644349555648,0.9302685341269842
s0614,colon,0.9092,0.8885166757823278,0.8353451825396828
s0614,femur_left,0.9773,0.9750829229640593,0.9612978452380954
s0614,femur_right,0.9789,0.8993647447393008,0.9593967339947096
s0614,gluteus_maximus_left,0.963,0.9565403227956734,0.9526140703703697
s0614,gluteus_maximus_right,0.9682,0.9649145863288257,0.9583489428571428
s0614,gluteus_medius_left,0.9667,0.9475362131129383,0.9507134190476184
s0614,gluteus_medius_right,0.9714,0.9426327686713999,0.9411245132275132
s0614,gluteus_minimus_left,0.9542,0.8935500793112471,0.8970715345238096
s0614,gluteus_minimus_right,0.9519,0.8326812825513318,0.8894572476190482
s0614,hip_left,0.9796,0.9866914582620004,0.9658281507936515
s0614,hip_right,0.9787,0.9840177535482099,0.9646435481481486
s0614,iliac_artery_left,0.8268,0.7612839483159309,0.8295850420634916
s0614,iliac_artery_right,0.7656,0.6359241207679689,0.7215526626984125
s0614,iliac_vena_left,0.9145,0.8762655204289301,0.8594553982804236
s0614,iliac_vena_right,0.8907,0.7833653935728606,0.8569633300264548
s0614,iliopsoas_left,0.9647,0.9387935442024049,0.9408479062169309
s0614,iliopsoas_right,0.9671,0.9340082747805891,0.9398428925925926
s0614,inferior_vena_cava,0.8331,0.6393171669838579,0.6277609656084651
s0614,prostate,0.8335,0.7596182210493281,0.8088785760101007
s0614,sacrum,0.9261,0.8427678027761841,0.892925803571429
s0614,small_bowel,0.7764,0.7493712154615422,0.7941739015873016
s0614,spinal_cord,0.8863,0.920300608357172,0.8657410293650791
s0614,urinary_bladder,0.9603,0.8915457241868763,0.9112277067460324
s0614,vertebrae_L4,0.9751,0.9839388343706721,0.9631931698412695
s0614,vertebrae_L5,0.9852,0.9837173219541798,0.96877952579365
s0614,vertebrae_S1,0.8797,0.9342950606443103,0.9381737222222232
s0607,adrenal_gland_left,0.9323,0.8926376343643558,0.8558152066137562
s0607,adrenal_gland_right,0.9435,0.8789752825220736,0.8698803404761905
s0607,aorta,0.9405,0.9303805758355701,0.89623280959596
s0607,autochthon_left,0.9718,0.9707725008821059,0.9603381066137558
s0607,autochthon_right,0.9693,0.9645273574123279,0.9565265178571423
s0607,colon,0.9431,0.9014576820450764,0.9172748546296297
s0607,costal_cartilages,0.9098,0.8501059365408379,0.8595501558201062
s0607,duodenum,0.9168,0.8945986408999895,0.8796664978835974
s0607,esophagus,0.934,0.891922957890539,0.9052588437830698
s0607,femur_left,0.9794,0.9783297502230595,0.968235573148148
s0607,femur_right,0.9814,0.9863713892279165,0.9703678265873023
s0607,gallbladder,0.8467,0.7995304179582188,0.8127678369047618
s0607,gluteus_maximus_left,0.9621,0.9787937611574195,0.9409910306878303
s0607,gluteus_maximus_right,0.9663,0.9993542368209803,0.963004985978836
s0607,gluteus_medius_left,0.966,0.9384840673429664,0.9608585977513228
s0607,gluteus_medius_right,0.955,0.9574710068498145,0.9481252919312175
s0607,gluteus_minimus_left,0.9422,0.941059411947023,0.9376701820105814
s0607,gluteus_minimus_right,0.9455,0.9312273834883787,0.9288260592592591
s0607,heart,0.9284,0.9626266378019707,0.9188097543650794
s0607,hip_left,0.9811,0.9669967891999228,0.9789284052910053
s0607,hip_right,0.9829,0.9839322652758823,0.9795050107142856
s0607,iliac_artery_left,0.8706,0.8525395289805946,0.8828744500481001
s0607,iliac_artery_right,0.937,0.8963022129176932,0.8872423694444448
s0607,iliac_vena_left,0.9398,0.8735570350541781,0.8871526046296293
s0607,iliac_vena_right,0.9417,0.9015067814609565,0.8974312920634916
s0607,iliopsoas_left,0.9648,0.9647819337845038,0.9522785742063489
s0607,iliopsoas_right,0.9635,0.9715601373686619,0.9541055095238092
s0607,inferior_vena_cava,0.9459,0.9096797048248617,0.9176333936507937
s0607,kidney_left,0.987,0.981505923129443,0.9677309821428567
s0607,kidney_right,0.9866,0.9836263093814759,0.9732790755291004
s0607,liver,0.9901,0.9726044724128128,0.9751432117724869
s0607,lung_lower_lobe_left,0.9814,0.9671127535218916,0.9843358958994703
s0607,lung_lower_lobe_right,0.9935,0.9560644034666292,0.9828014883597882
s0607,lung_middle_lobe_right,0.99,1.0,0.9498429895502647
s0607,lung_upper_lobe_left,0.9665,0.9927812420319856,0.9600800805555549
s0607,lung_upper_lobe_right,0.592,0.4795216604202543,0.5135727519841271
s0607,pancreas,0.9453,0.8739930093369547,0.881254521957672
s0607,portal_vein_and_splenic_vein,0.8855,0.9187631946050301,0.893092728703704
s0607,prostate,0.8045,0.8384880555153272,0.8174894054232804
s0607,pulmonary_vein,0.8429,0.8053318512565549,0.7174099414021166
s0607,rib_left_10,0.9709,0.9312694164954535,0.9678675284511778
s0607,rib_left_11,0.9639,0.9518472782881416,0.9279079313492069
s0607,rib_left_12,0.8638,0.9560950860520225,0.9493073642857136
s0607,rib_left_6,0.913,0.923514154376753,0.8488681537758542
s0607,rib_left_7,0.9678,0.9496876847978737,0.9214523755291008
s0607,rib_left_8,0.965,0.9576877875119871,0.9548088582010585
s0607,rib_left_9,0.9794,0.9738807823552367,0.9707252195767189
s0607,rib_right_10,0.9638,0.9630474818244533,0.969222907010582
s0607,rib_right_11,0.9611,0.9237324985911011,0.9458739121693115
s0607,rib_right_12,0.9646,0.974654714361185,0.9460244011904759
s0607,rib_right_6,0.8888,0.9443693475067718,0.8930704384920637
s0607,rib_right_7,0.9572,0.9150054150773679,0.8886259436507931
s0607,rib_right_8,0.9672,0.9496552824741914,0.9414332490620487
s0607,rib_right_9,0.9656,0.9646767196652491,0.9708972887566133
s0607,sacrum,0.9297,0.9426504630289253,0.9235511912698414
s0607,small_bowel,0.94,0.8630177924505259,0.8597856062770559
s0607,spinal_cord,0.9425,0.9726168089380177,0.942602977380952
s0607,spleen,0.9901,0.9697536611369408,0.9760757645502663
s0607,sternum,0.6669,0.9236955971750923,0.8033292373015876
s0607,stomach,0.9759,0.9191695877107086,0.9171554166666668
s0607,urinary_bladder,0.9446,0.9241554483615165,0.9039163698412701
s0607,vertebrae_L1,0.9866,0.9843163385594355,0.9821297464285713
s0607,vertebrae_L2,0.9847,0.9752396142975646,0.9859427675925923
s0607,vertebrae_L3,0.9876,0.9931101021739185,0.9828328808201057
s0607,vertebrae_L4,0.9854,0.9940273469054127,0.9834359992063489
s0607,vertebrae_L5,0.9857,1.0,0.9825919079365072
s0607,vertebrae_S1,0.9241,0.9753547311134544,0.9634187095238089
s0607,vertebrae_T10,0.9875,0.9717629746945516,0.9690120611111113
s0607,vertebrae_T11,0.9872,0.9791273165487776,0.9599419564814812
s0607,vertebrae_T12,0.9852,0.9818684338707512,0.9600760478835976
s0607,vertebrae_T7,0.959,0.7828191148029906,0.8291259014550264
s0607,vertebrae_T8,0.98,0.9837736200344784,0.967317585978836
s0607,vertebrae_T9,0.9863,0.964063361975978,0.9727506432539679
s0572,autochthon_left,0.9142,0.9713380714406932,0.9381870797619049
s0572,autochthon_right,0.9384,0.941099805612089,0.9477618210317458
s0572,brachiocephalic_vein_left,0.0,0.7238455944458022,0.7433731576719579
s0572,brachiocephalic_vein_right,0.3763,0.7148180463482997,0.5948130761904764
s0572,brain,0.7355,0.7059781357029861,0.7622038130952383
s0572,clavicula_left,0.9421,0.9916397386983549,0.8420501238095235
s0572,clavicula_right,0.9012,0.9813163636095259,0.9535155829365086
s0572,common_carotid_artery_left,0.8955,0.8218467980548929,0.8594657754329003
s0572,common_carotid_artery_right,0.9036,0.7352288869151444,0.8471889140211639
s0572,esophagus,0.9162,0.7500478272620557,0.8817589272486769
s0572,lung_lower_lobe_left,0.0,0.35989619939390977,0.3012698523809524
s0572,lung_upper_lobe_left,0.9779,0.9707255274807022,0.9520808723544972
s0572,lung_upper_lobe_right,0.9775,0.9054659822806048,0.9469888801587298
s0572,rib_left_1,0.9482,0.9592797589747567,0.9181049063492072
s0572,rib_left_2,0.9258,0.9820212690011466,0.9342713911375656
s0572,rib_left_3,0.9233,0.9814052583104551,0.9236152825396823
s0572,rib_right_1,0.8482,0.9587959538424815,0.9366291042328038
s0572,rib_right_2,0.9564,1.0,0.9522389333333329
s0572,rib_right_3,0.8333,0.9097563812479055,0.9330914818783074
s0572,scapula_left,0.8884,0.9985814542767701,0.9188925845238091
s0572,scapula_right,0.9317,0.9860670849642521,0.9511548388888881
s0572,skull,0.9465,0.9267576743352928,0.9500460678571426
s0572,spinal_cord,0.9187,0.9241374620533735,0.9164413242063489
s0572,subclavian_artery_left,0.8959,0.8833106967240105,0.8076383341269838
s0572,subclavian_artery_right,0.7365,0.8411198920835584,0.8334603837301591
s0572,thyroid_gland,0.862,0.8707680493172935,0.8440116194444446
s0572,trachea,0.9629,0.9038795481298831,0.9392718096320344
s0572,vertebrae_C1,0.8379,0.951088320393715,0.9281022526455024
s0572,vertebrae_C2,0.9538,0.9761431065566561,0.9588645892857145
s0572,vertebrae_C3,0.9367,0.9206968777257197,0.8927222078042325
s0572,vertebrae_C4,0.94,0.9295737665097592,0.9041536236772485
s0572,vertebrae_C5,0.9404,0.944480238564133,0.9499764644179892
s0572,vertebrae_C6,0.9309,0.9765296996252759,0.9440991235449735
s0572,vertebrae_C7,0.9081,0.930564124095398,0.9612774218253968
s0572,vertebrae_T1,0.5444,0.9450629323543586,0.9745229230158733
s0572,vertebrae_T2,0.1516,1.0,0.9684144037037034
s0572,vertebrae_T3,0.1143,1.0,0.9445378679894177
s0572,vertebrae_T4,0.01,0.5250839327474349,0.42296124616402136
s0546,adrenal_gland_left,0.8961,0.9104057622572262,0.85465055952381
s0546,adrenal_gland_right,0.8938,0.8856784013380211,0.8480055757936514
s0546,aorta,0.976,0.9499239385781876,0.9697806116402115
s0546,atrial_appendage_left,0.9066,0.9120397856365418,0.8894036383597875
s0546,autochthon_left,0.9682,0.9705353135299186,0.9675062435185188
s0546,autochthon_right,0.9653,0.9635453686741324,0.9642551034391535
s0546,brachiocephalic_trunk,0.9438,0.9219509756323475,0.897162080555556
s0546,brachiocephalic_vein_left,0.9126,0.9295007996255957,0.9128092166666668
s0546,brachiocephalic_vein_right,0.8205,0.9085371871085863,0.8933079801587307
s0546,clavicula_left,0.9854,0.9393513638917822,0.9212705343915335
s0546,clavicula_right,0.9096,0.8922426028688963,0.82606387039442
s0546,colon,0.8593,0.8957203140219991,0.8854890138888897
s0546,common_carotid_artery_left,0.9574,0.8870526018850162,0.8823704753968254
s0546,common_carotid_artery_right,0.9019,0.9984066509585752,0.8584742484126987
s0546,costal_cartilages,0.8732,0.8315039680917918,0.8317543256613756
s0546,duodenum,0.8265,0.9307637150463764,0.9156162194444438
s0546,esophagus,0.952,0.8949004811037555,0.9147320408730165
s0546,femur_left,0.9843,1.0,0.9799859686507943
s0546,femur_right,0.9876,1.0,0.9811948634920643
s0546,gallbladder,0.9266,0.8844182722220325,0.8580574892857142
s0546,gluteus_maximus_left,0.9718,0.9425406359410874,0.958076027116403
s0546,gluteus_maximus_right,0.9688,0.9638636600174333,0.9612237574074076
s0546,gluteus_medius_left,0.9575,0.9698555807296826,0.9592133170634916
s0546,gluteus_medius_right,0.9634,0.9624264732101904,0.9619049535714285
s0546,gluteus_minimus_left,0.9377,0.9740483814425258,0.942837791666667
s0546,gluteus_minimus_right,0.944,0.9499144127101113,0.9447665948412707
s0546,heart,0.9505,0.9341785881308883,0.9586169211640206
s0546,hip_left,0.9831,0.998135829340518,0.9765035467652721
s0546,hip_right,0.9811,0.9962098496465424,0.9769516249398752
s0546,humerus_left,0.9621,0.9800065377799964,0.9330531017195766
s0546,humerus_right,0.9651,0.9308959149670032,0.9443404085978842
s0546,iliac_artery_left,0.9096,0.8918331383337419,0.9077199104497349
s0546,iliac_artery_right,0.9298,0.9055572399083168,0.9197551037037041
s0546,iliac_vena_left,0.924,0.9410307691475112,0.9305993746031743
s0546,iliac_vena_right,0.8947,0.9719579234667454,0.9341578625661369
s0546,iliopsoas_left,0.9531,0.9589569881685122,0.9594642767195757
s0546,iliopsoas_right,0.9496,0.9562667780003318,0.9625135601851842
s0546,inferior_vena_cava,0.9431,0.939905680341942,0.9322717126984126
s0546,kidney_left,0.9856,0.9870194373188539,0.9805547656084658
s0546,kidney_right,0.9861,0.988547544752051,0.9776037271164029
s0546,liver,0.9906,0.9724398449695641,0.9769375948412701
s0546,lung_lower_lobe_left,0.9938,0.9964899357260943,0.9882794699735447
s0546,lung_lower_lobe_right,0.9906,1.0,0.9869770318783071
s0546,lung_middle_lobe_right,0.9777,0.9528033210345965,0.9576873480158726
s0546,lung_upper_lobe_left,0.9946,0.984152786883703,0.9890990127724126
s0546,lung_upper_lobe_right,0.9903,0.9708798533833146,0.9862195329365079
s0546,pancreas,0.9572,0.9452513168384877,0.9153405966931212
s0546,portal_vein_and_splenic_vein,0.8915,0.872679377097861,0.8864340751119253
s0546,prostate,0.868,0.8543061064676316,0.8182269072510828
s0546,pulmonary_vein,0.9393,0.9150797315921473,0.898092651190477
s0546,rib_left_1,0.9122,0.9414504060960687,0.9297744273809525
s0546,rib_left_10,0.9711,0.9153188384576592,0.9532123486772481
s0546,rib_left_11,0.9782,0.9681101836625405,0.9569619556878303
s0546,rib_left_12,0.9524,0.9422808834255411,0.9294054429292928
s0546,rib_left_2,0.9445,0.9561264846449328,0.9535864299543046
s0546,rib_left_3,0.9707,0.9729074341842284,0.9603044351851849
s0546,rib_left_4,0.9606,0.9535098218950083,0.9620422920634917
s0546,rib_left_5,0.9432,0.9658202360764477,0.9603976920634909
s0546,rib_left_6,0.9618,0.9721356522607961,0.9674898992063489
s0546,rib_left_7,0.9761,0.9687735627160684,0.9649061244708995
s0546,rib_left_8,0.9628,0.9755308640159254,0.9643547316137571
s0546,rib_left_9,0.9675,0.9744303459794268,0.965707154232804
s0546,rib_right_1,0.9067,0.9265289378245323,0.9275168461640211
s0546,rib_right_10,0.9753,0.9401008060259008,0.9627449978835979
s0546,rib_right_11,0.9779,0.9642594726472355,0.955978081746032
s0546,rib_right_12,0.9574,0.9279372462110815,0.9264975769841272
s0546,rib_right_2,0.9482,0.8366296114128987,0.9459980709595959
s0546,rib_right_3,0.9523,0.9637877316456588,0.9499779318061563
s0546,rib_right_4,0.9706,0.9591277216772338,0.9609154285714283
s0546,rib_right_5,0.9622,0.9523964551008374,0.9618615357142848
s0546,rib_right_6,0.9539,0.9807680602126426,0.9640451636243387
s0546,rib_right_7,0.97,0.9804700513766719,0.9686371957671961
s0546,rib_right_8,0.9681,0.9567914548133102,0.9668763575396834
s0546,rib_right_9,0.9553,0.9881169817437464,0.9649795722222226
s0546,sacrum,0.943,0.9307313825245943,0.9191824148148146
s0546,scapula_left,0.9545,0.9245694755097311,0.9620148526455032
s0546,scapula_right,0.9542,0.8977387726055923,0.9519728749999999
s0546,skull,0.5455,0.44314514941186184,0.2474312527777777
s0546,small_bowel,0.8296,0.8371347464335294,0.880947617568543
s0546,spinal_cord,0.9462,0.9606972488575061,0.9364831825396824
s0546,spleen,0.9805,0.9672542276155475,0.9586828714886954
s0546,sternum,0.9306,0.9400362856638357,0.9169094060606062
s0546,stomach,0.9737,0.8750234092958877,0.9087273269841267
s0546,subclavian_artery_left,0.9434,0.8932684715328382,0.8929076865079365
s0546,subclavian_artery_right,0.9302,0.8478324351551776,0.8746075884920631
s0546,superior_vena_cava,0.8431,0.952475811116724,0.9163999539682544
s0546,thyroid_gland,0.9306,0.9313609489615011,0.911337251455027
s0546,trachea,0.9483,0.957550687619562,0.9482703031746026
s0546,urinary_bladder,0.9345,0.968373547627868,0.9477980615079368
s0546,vertebrae_C6,0.9584,0.9608673638688736,0.8174299460317459
s0546,vertebrae_C7,0.9738,0.9858446452020271,0.9557182985449735
s0546,vertebrae_L1,0.9902,0.9686999013525701,0.9849158416666663
s0546,vertebrae_L2,0.9884,1.0,0.9837055472222225
s0546,vertebrae_L3,0.9859,1.0,0.9804566156084659
s0546,vertebrae_L4,0.9812,0.9871502869447144,0.9816750572751323
s0546,vertebrae_L5,0.9849,0.9691797115083125,0.9762771595238092
s0546,vertebrae_S1,0.9228,0.8632637261020042,0.9500838744708998
s0546,vertebrae_T1,0.9785,0.9881293939048698,0.9316309087301583
s0546,vertebrae_T10,0.9882,0.9395052188580647,0.9632867111111112
s0546,vertebrae_T11,0.986,0.9298031810617277,0.9570563740740745
s0546,vertebrae_T12,0.9888,0.930533524991571,0.9792224936507933
s0546,vertebrae_T2,0.9494,0.9412224366262587,0.948603778571428
s0546,vertebrae_T3,0.9493,0.9377988955961286,0.8922201715608461
s0546,vertebrae_T4,0.9628,0.6289839140976599,0.8513751903439154
s0546,vertebrae_T5,0.9495,0.6461504581691054,0.8535958984126983
s0546,vertebrae_T6,0.9166,0.8287302860125366,0.8956389797619043
s0546,vertebrae_T7,0.941,0.7851857803731054,0.8087164468253965
s0546,vertebrae_T8,0.988,0.8563733199235467,0.8716195365079363
s0546,vertebrae_T9,0.9865,0.9359140020445595,0.9543737904761908
s0544,adrenal_gland_left,0.3797,0.8354499385210347,0.8060945861111113
s0544,adrenal_gland_right,0.7718,0.9165947913525637,0.8117064339947092
s0544,aorta,0.9062,0.9594006955698589,0.9412226264069269
s0544,autochthon_left,0.9537,0.9290367512752996,0.9351221861712369
s0544,autochthon_right,0.934,0.9486640242555121,0.9226460339225597
s0544,colon,0.8346,0.9009896908076647,0.8438019854497357
s0544,costal_cartilages,0.8929,0.8899422839409534,0.8204464357142855
s0544,duodenum,0.0,0.8676416757361627,0.8576772297619044
s0544,esophagus,0.8421,0.917400566167959,0.9034546023809522
s0544,gallbladder,0.6074,0.8315939110147195,0.8318987653439147
s0544,heart,0.9263,0.9241379791836374,0.9274654080687835
s0544,iliopsoas_right,0.7632,0.41492955688445704,0.48234864682539674
s0544,inferior_vena_cava,0.8478,0.8942565579457983,0.87657869510582
s0544,kidney_left,0.8981,0.8662041327090768,0.8698071769841271
s0544,liver,0.9583,0.9602463675976488,0.9755590066137568
s0544,lung_lower_lobe_left,0.9955,1.0,0.9787360854497359
s0544,lung_lower_lobe_right,0.9934,0.9938894495795207,0.9824026389971142
s0544,lung_middle_lobe_right,0.9878,0.9357783473812707,0.949277309788359
s0544,lung_upper_lobe_left,0.99,0.9959878906637455,0.9576780384920632
s0544,lung_upper_lobe_right,0.6875,0.0,0.16300309365079366
s0544,pancreas,0.3812,0.8618082039425331,0.8435174826719576
s0544,portal_vein_and_splenic_vein,0.2892,0.5183159685924038,0.5629819551587303
s0544,rib_left_10,0.9814,0.9411349455363269,0.9586239448412703
s0544,rib_left_11,0.968,0.93416589673488,0.9389727412698409
s0544,rib_left_12,0.9179,0.9449956399443054,0.9280996416426162
s0544,rib_left_6,0.9477,0.9359458411405089,0.9183684350529095
s0544,rib_left_7,0.9695,1.0,0.9494349044973545
s0544,rib_left_8,0.9786,1.0,0.946170075661376
s0544,rib_left_9,0.965,0.9473408983325023,0.9603641994708996
s0544,rib_right_10,0.9695,0.900739615581979,0.9579851962962967
s0544,rib_right_11,0.9605,0.9089976338738107,0.9382608231481481
s0544,rib_right_12,0.9551,0.908777286591521,0.9331651141534384
s0544,rib_right_6,0.9271,0.847953843259928,0.8433122460317456
s0544,rib_right_7,0.964,0.9693214805926981,0.9365686158730159
s0544,rib_right_8,0.9507,0.9650392203865696,0.946524207010583
s0544,rib_right_9,0.9724,0.9614558181375107,0.9624278157407405
s0544,small_bowel,0.6161,0.7184300039130629,0.7846576591269843
s0544,spinal_cord,0.9456,0.9308462708182118,0.8900448206349211
s0544,spleen,0.9466,0.9378208779491064,0.9470492185185185
s0544,sternum,0.7587,0.8192966568255873,0.7800241376984127
s0544,stomach,0.8333,0.9215994280330421,0.9465831936507944
s0544,vertebrae_L1,0.972,0.9718901483890854,0.947908410582011
s0544,vertebrae_L2,0.4018,0.46659103471552554,0.6493193555555556
s0544,vertebrae_T10,0.9785,0.9846965777254123,0.9674719936507936
s0544,vertebrae_T11,0.9813,0.9954061018274556,0.9664596547619045
s0544,vertebrae_T12,0.9728,0.9704320924554027,0.9501745456349205
s0544,vertebrae_T9,0.8787,0.7169817456986041,0.605078296031746
s0506,autochthon_left,0.9733,0.9620052273893129,0.9397941720899478
s0506,autochthon_right,0.9664,0.9635710120320182,0.9395453912698414
s0506,colon,0.8552,0.788582674496238,0.7579519765873018
s0506,duodenum,0.3026,0.16762752765190378,0.18884275634920633
s0506,femur_left,0.9726,0.9749435419673077,0.973464390873016
s0506,femur_right,0.9877,0.9683428076481381,0.9768177841269843
s0506,gluteus_maximus_left,0.9649,0.9569792002617942,0.9700987829365079
s0506,gluteus_maximus_right,0.9738,0.9711252671670308,0.9688320201659449
s0506,gluteus_medius_left,0.9487,0.9832338936398275,0.9563755003968257
s0506,gluteus_medius_right,0.9354,0.9536958169342554,0.9667902802910048
s0506,gluteus_minimus_left,0.9047,0.9209979806557075,0.9157948539682542
s0506,gluteus_minimus_right,0.9368,0.9412063268145335,0.9284325089947093
s0506,hip_left,0.9816,0.977027300053666,0.9766267718253973
s0506,hip_right,0.9777,0.9580823268802616,0.976273608333333
s0506,iliac_artery_left,0.6917,0.8073175503829754,0.8528591587301593
s0506,iliac_artery_right,0.858,0.8108718530806894,0.8546559932539686
s0506,iliac_vena_left,0.8732,0.9125522777616618,0.9026965837301595
s0506,iliac_vena_right,0.8675,0.896375863204849,0.8943793887566136
s0506,iliopsoas_left,0.9614,0.9754082508412999,0.9574258216931215
s0506,iliopsoas_right,0.9694,0.9379297936332796,0.955736544841269
s0506,inferior_vena_cava,0.6416,0.6038508872717585,0.5685813832010581
s0506,prostate,0.7263,0.9338953348705502,0.8455880750000002
s0506,sacrum,0.9614,0.9555614665895392,0.9314046260582022
s0506,small_bowel,0.6223,0.7624403772793132,0.7819954310846563
s0506,spinal_cord,0.9382,0.9403309498799636,0.9146883619047614
s0506,urinary_bladder,0.9661,0.9449849394371241,0.926086624867725
s0506,vertebrae_L4,0.9869,0.948409800803216,0.955034195502645
s0506,vertebrae_L5,0.9855,0.9875833880083497,0.985425851455026
s0506,vertebrae_S1,0.9524,0.9624119963970089,0.9737180744708996
s0466,aorta,0.9256,0.6762942019543817,0.6352440291005291
s0466,autochthon_left,0.9411,0.9168979464272848,0.924212503306879
s0466,autochthon_right,0.9283,0.9100302154956734,0.9245720842592601
s0466,brachiocephalic_trunk,0.9199,0.6439113160983486,0.7444158898148152
s0466,brachiocephalic_vein_left,0.868,0.6914026743377103,0.7822203171957675
s0466,brachiocephalic_vein_right,0.9409,0.6858971893456233,0.7827958222222224
s0466,brain,0.0,0.8430912410693271,0.8284223162698405
s0466,clavicula_left,0.9695,0.9987544933120915,0.9536590199975957
s0466,clavicula_right,0.9545,0.9893839304121759,0.944173405026455
s0466,common_carotid_artery_left,0.747,0.684331517674958,0.7084647380952386
s0466,common_carotid_artery_right,0.6819,0.4297958591693582,0.6382211710317464
s0466,costal_cartilages,0.7157,0.6722220494427485,0.610736122222222
s0466,esophagus,0.9393,0.9299912660514547,0.8961588230158735
s0466,humerus_left,0.8571,0.69039159649876,0.7056279980158731
s0466,humerus_right,0.9691,0.9173759453177154,0.8847907734126986
s0466,lung_lower_lobe_left,0.5047,0.2919457948379699,0.39393395740740755
s0466,lung_lower_lobe_right,0.0,0.26430386640796033,0.25664648558201053
s0466,lung_upper_lobe_left,0.9903,0.965218978850654,0.9797283198412693
s0466,lung_upper_lobe_right,0.9919,0.9713770732243723,0.9813274499999998
s0466,rib_left_1,0.8778,0.8861753222874684,0.8934914191798949
s0466,rib_left_2,0.9482,0.9747939551519936,0.9467952952380949
s0466,rib_left_3,0.9362,0.7275065780749737,0.8834410123015872
s0466,rib_left_4,0.9255,0.6869628953464046,0.8423137457671961
s0466,rib_left_5,0.9388,0.8105289656061905,0.8617633280423286
s0466,rib_right_1,0.8904,0.9135555957817902,0.9044864601851852
s0466,rib_right_2,0.9375,0.9553858823468611,0.9595134767195774
s0466,rib_right_3,0.9312,0.8515012156886103,0.947872503968254
s0466,rib_right_4,0.9452,0.851682042226946,0.8637076962481962
s0466,rib_right_5,0.9495,0.7980344498726014,0.8822921587301589
s0466,scapula_left,0.9417,0.9375267206405933,0.8858774369047616
s0466,scapula_right,0.9339,0.9295189348965961,0.8574717801587307
s0466,skull,0.9303,0.8616096825018081,0.9149512107142858
s0466,spinal_cord,0.9309,0.9250379491394607,0.9136227998677248
s0466,sternum,0.9318,0.872270023381355,0.8860838129629637
s0466,subclavian_artery_left,0.7912,0.7998680045921368,0.7346309936507938
s0466,subclavian_artery_right,0.8325,0.7569615445920838,0.7585941411375661
s0466,thyroid_gland,0.7598,0.8158599662354026,0.7848245785714284
s0466,trachea,0.978,1.0,0.9428350198051949
s0466,vertebrae_C1,0.9217,0.9155700160349078,0.9237593892857141
s0466,vertebrae_C2,0.9721,0.9058761290233296,0.9349601518518519
s0466,vertebrae_C3,0.9525,0.9622389966484525,0.9246289674603176
s0466,vertebrae_C4,0.9195,0.9949925397324291,0.918218369047619
s0466,vertebrae_C5,0.901,0.9863489059606521,0.9191201380952382
s0466,vertebrae_C6,0.9323,0.9576388071056903,0.9229688277777783
s0466,vertebrae_C7,0.9587,0.9161901630829759,0.9236368657407413
s0466,vertebrae_T1,0.9686,0.9677811822466587,0.9373804501322748
s0466,vertebrae_T2,0.9757,0.9768688430301739,0.9338360724867727
s0466,vertebrae_T3,0.9676,0.9553046896933275,0.9387884813492062
s0466,vertebrae_T4,0.9682,0.8804938017766031,0.910226442857143
s0466,vertebrae_T5,0.9655,0.8394353212826536,0.836114625396826
s0458,adrenal_gland_left,0.9347,0.7948142561350191,0.8433944277777775
s0458,adrenal_gland_right,0.9199,0.8950104155677884,0.8705843876984123
s0458,aorta,0.9554,0.8935647765194316,0.8874595710918707
s0458,atrial_appendage_left,0.8583,0.5463037661609066,0.5201533101851845
s0458,autochthon_left,0.9636,0.9177828261859335,0.9412057350529102
s0458,autochthon_right,0.9697,0.9226381049730297,0.9401845632275132
s0458,colon,0.6669,0.8393903875332718,0.8530650699735447
s0458,costal_cartilages,0.8895,0.8845076690816971,0.8742071424603176
s0458,duodenum,0.8432,0.8815125039907771,0.8888722851851845
s0458,esophagus,0.9384,0.882292046133031,0.9121915812169319
s0458,femur_left,0.932,0.937871680277797,0.9397552876984125
s0458,femur_right,0.9802,0.96017236277648,0.9805214292328048
s0458,gallbladder,0.8681,0.922980426527952,0.9175005757936497
s0458,gluteus_maximus_left,0.9453,0.9547086771909156,0.9635828317460315
s0458,gluteus_maximus_right,0.9712,0.9494637762206268,0.9608133174603175
s0458,gluteus_medius_left,0.8858,0.9302320521786106,0.9314262202380953
s0458,gluteus_medius_right,0.9471,0.9231187026477867,0.9408988460317471
s0458,gluteus_minimus_left,0.8535,0.8780606843305367,0.9007168821428572
s0458,gluteus_minimus_right,0.9314,0.9132181677117205,0.921221592857143
s0458,heart,0.9402,0.9577877442464702,0.926750212566138
s0458,hip_left,0.9535,0.9913560507568768,0.9732238042328047
s0458,hip_right,0.9814,0.9802727201056027,0.9681815690476189
s0458,iliac_artery_left,0.8914,0.8897930173018223,0.9051277555555557
s0458,iliac_artery_right,0.8458,0.7493741872825578,0.8162981544973542
s0458,iliac_vena_left,0.8734,0.8990072285347099,0.8949975670634918
s0458,iliac_vena_right,0.7782,0.884840633545388,0.9025904318783072
s0458,iliopsoas_left,0.9221,0.9416085418917386,0.9497073608465609
s0458,iliopsoas_right,0.9596,0.9528199428047356,0.9553285181216936
s0458,inferior_vena_cava,0.9572,0.9247957867007665,0.9115717912698412
s0458,kidney_left,0.9828,0.9729742160521503,0.9744771956349204
s0458,kidney_right,0.9624,0.9638002495047244,0.9682519844396351
s0458,liver,0.9899,0.9776967397844297,0.9818907626984128
s0458,lung_lower_lobe_left,0.9922,0.9717536405906402,0.9638834958994718
s0458,lung_lower_lobe_right,0.9886,0.9936601479760794,0.9862317809523818
s0458,lung_middle_lobe_right,0.9838,0.9956478120790573,0.9742370657407412
s0458,lung_upper_lobe_left,0.9887,1.0,0.9698857873015876
s0458,lung_upper_lobe_right,0.4549,0.4305947645059233,0.48228632276334793
s0458,pancreas,0.8977,0.9012215736644166,0.9059066855820103
s0458,portal_vein_and_splenic_vein,0.8871,0.858482146896287,0.8810397785714279
s0458,pulmonary_vein,0.944,0.8011449012820524,0.8227678206349207
s0458,rib_left_10,0.9668,0.9503111197632268,0.947158634523809
s0458,rib_left_11,0.954,0.936621819074207,0.9387597328042325
s0458,rib_left_12,0.91,0.6840098635395896,0.6587571753968249
s0458,rib_left_5,0.9116,0.6893391078745463,0.7903928634920634
s0458,rib_left_6,0.9383,0.9098187918568644,0.9064619986772476
s0458,rib_left_7,0.9632,0.9346900388269619,0.9396736476190481
s0458,rib_left_8,0.9443,0.9560474881152554,0.9495787547378554
s0458,rib_left_9,0.9589,0.9508142975461119,0.9461167794973545
s0458,rib_right_10,0.9522,0.9644653239321599,0.9435087350529098
s0458,rib_right_11,0.9684,0.9531550412368567,0.9477825888888893
s0458,rib_right_12,0.9133,0.8651735420458024,0.885146759126984
s0458,rib_right_5,0.9189,0.8605768857472077,0.858410407539683
s0458,rib_right_6,0.9479,0.9655330315663437,0.9550898738095241
s0458,rib_right_7,0.9455,0.9242188235546348,0.91872873968254
s0458,rib_right_8,0.699,0.925023523841132,0.9433220732804235
s0458,rib_right_9,0.7182,0.9550682251773566,0.9296627681216935
s0458,sacrum,0.9329,0.9063893370183198,0.9044144986772483
s0458,scapula_left,0.8901,0.9192938299614541,0.6824115773809522
s0458,scapula_right,0.9709,0.9021117457944158,0.8545401083333335
s0458,small_bowel,0.7495,0.8900479031594987,0.8230985405844159
s0458,spinal_cord,0.9581,0.9495985819209705,0.9335841488095239
s0458,spleen,0.988,0.9784803965809666,0.973112071825397
s0458,sternum,0.9048,0.8147582538378733,0.8611360867724879
s0458,stomach,0.9779,0.8840059671067177,0.9308040408730157
s0458,superior_vena_cava,0.9466,0.8937306377040599,0.8160736646825397
s0458,urinary_bladder,0.678,0.8400485723130235,0.8777644888888896
s0458,vertebrae_L1,0.9797,0.997609885516875,0.9833056693121688
s0458,vertebrae_L2,0.9776,0.9934853392535787,0.9835114149470905
s0458,vertebrae_L3,0.9751,0.9856621815178791,0.98017927010582
s0458,vertebrae_L4,0.9634,0.9716298240936228,0.9793267543049546
s0458,vertebrae_L5,0.9566,0.9838200290087322,0.9307226617003372
s0458,vertebrae_S1,0.9055,0.9100650157349712,0.9300851945767189
s0458,vertebrae_T10,0.9813,0.9780690673186095,0.9667449439153438
s0458,vertebrae_T11,0.9747,0.9830168190533807,0.9669647694444444
s0458,vertebrae_T12,0.9784,0.9848547302561198,0.968967385714286
s0458,vertebrae_T7,0.928,0.7434995961137427,0.6900128436507934
s0458,vertebrae_T8,0.9821,0.9276114470311612,0.9157240411375672
s0458,vertebrae_T9,0.9786,0.9380806966553765,0.9518537159932661
s0352,brain,0.9338,0.9887937723686802,0.9502302194444445
s0352,skull,0.889,0.8855880938313171,0.9445410034391533
s0346,aorta,0.9781,0.9711778750467781,0.9525031851851847
s0346,autochthon_left,0.9616,0.9462447058186523,0.9314178400793655
s0346,autochthon_right,0.9565,0.9309340498484425,0.9295490174603181
s0346,brachiocephalic_trunk,0.9537,0.7864673639458399,0.8578262089947091
s0346,brachiocephalic_vein_left,0.9571,0.8754587881444176,0.9180066095238093
s0346,brachiocephalic_vein_right,0.8511,0.8475828496092865,0.8668979353174603
s0346,brain,0.9668,0.955811972316412,0.9620863067460319
s0346,clavicula_left,0.968,0.9321447719438233,0.9208196264550266
s0346,clavicula_right,0.9674,0.9399123251530949,0.9118875202380955
s0346,common_carotid_artery_left,0.9069,0.8562730835382659,0.8779094216931217
s0346,common_carotid_artery_right,0.7985,0.7710649040366758,0.8846906246031743
s0346,costal_cartilages,0.8757,0.7700353785985692,0.803402757671957
s0346,esophagus,0.9281,0.853912296048081,0.9144621284391529
s0346,humerus_left,0.9483,0.9820757554740331,0.9077144235449737
s0346,humerus_right,0.9794,0.9972746181452044,0.9439410848124095
s0346,lung_lower_lobe_left,0.9347,0.7454624069780786,0.7171444583333335
s0346,lung_lower_lobe_right,0.9478,0.5064153775548117,0.6576951919312175
s0346,lung_upper_lobe_left,0.9948,1.0,0.9845380362433857
s0346,lung_upper_lobe_right,0.9951,0.9868638447711415,0.982853211507936
s0346,rib_left_1,0.9443,0.9234271530061154,0.9191943916666667
s0346,rib_left_2,0.9777,0.951967575330745,0.9492476894179895
s0346,rib_left_3,0.9677,0.9559657815509611,0.9448843571428575
s0346,rib_left_4,0.9675,0.9624041587221702,0.9432555035714286
s0346,rib_left_5,0.9624,0.8936629693554419,0.9148453769841268
s0346,rib_left_6,0.931,0.9821001002630925,0.8669758033790286
s0346,rib_right_1,0.9442,0.9085151874716996,0.9117720309523814
s0346,rib_right_2,0.9804,0.9364004129204709,0.9432930456349207
s0346,rib_right_3,0.9616,0.902378754516451,0.9426989677248672
s0346,rib_right_4,0.9568,0.9999114125442382,0.9358085419312168
s0346,rib_right_5,0.9375,0.9473048894070475,0.9304666833333336
s0346,rib_right_6,0.9704,0.9875738567472209,0.9414101701058215
s0346,scapula_left,0.959,0.9720367502664333,0.9483350933261189
s0346,scapula_right,0.9418,0.9463193840917908,0.9585642392857134
s0346,skull,0.9539,0.9875199090954037,0.9530220522486779
s0346,spinal_cord,0.9342,0.9294267021256697,0.9221017110750357
s0346,sternum,0.9326,0.9486899890131584,0.8997992033068789
s0346,subclavian_artery_left,0.9337,0.8283882999361941,0.878304126851852
s0346,subclavian_artery_right,0.9435,0.8881291906702282,0.8810547158730162
s0346,superior_vena_cava,0.916,1.0,0.9169268876984121
s0346,thyroid_gland,0.8323,0.8796691493557528,0.9057918666666668
s0346,trachea,0.9725,0.9640152131272178,0.9434385789682536
s0346,vertebrae_C1,0.9349,0.952694135070043,0.933810437698413
s0346,vertebrae_C2,0.9794,0.957612960487966,0.9487433464285709
s0346,vertebrae_C3,0.9727,0.8897876163163256,0.9286457055555549
s0346,vertebrae_C4,0.963,0.9294655770604833,0.9351597562169307
s0346,vertebrae_C5,0.9605,0.9072787612809382,0.9017197633597878
s0346,vertebrae_C6,0.9582,0.9425714260016114,0.9370975690476181
s0346,vertebrae_C7,0.9708,0.9693335559176204,0.9550947992063488
s0346,vertebrae_T1,0.9798,0.9491436632431135,0.9591867769841277
s0346,vertebrae_T2,0.9805,0.9634744750123694,0.9577928373015876
s0346,vertebrae_T3,0.9797,0.9355586740795572,0.952646703703703
s0346,vertebrae_T4,0.9806,0.9243269838685255,0.9543811816137562
s0346,vertebrae_T5,0.9808,0.9526558235278291,0.9665636489417984
s0346,vertebrae_T6,0.9403,0.952354354391333,0.8499550023809528
s1287,adrenal_gland_left,0.7392,0.9630551185636488,0.8988984908730161
s1287,adrenal_gland_right,0.7973,0.9774707677315564,0.8913875249999995
s1287,aorta,0.9129,0.9748772154691081,0.9698402986772489
s1287,atrial_appendage_left,0.7555,0.9354980901192734,0.9029614867724863
s1287,autochthon_left,0.9759,0.9859598140710313,0.9664203047619049
s1287,autochthon_right,0.9744,0.9725564906389749,0.9617955505291006
s1287,brachiocephalic_trunk,0.7295,0.9159748667225774,0.9041230277777771
s1287,brachiocephalic_vein_left,0.8226,0.9411865961549981,0.9164430857142861
s1287,brachiocephalic_vein_right,0.7724,0.8816344055872221,0.8891055587301588
s1287,clavicula_left,0.924,0.9454199139525225,0.9281655396825397
s1287,clavicula_right,0.8976,0.9224122447488815,0.9174629076719572
s1287,colon,0.8911,0.6666082085926881,0.7700156342592593
s1287,common_carotid_artery_left,0.8057,0.8827058602653349,0.9016578097883596
s1287,common_carotid_artery_right,0.6306,0.8819194548989615,0.8840017980158732
s1287,costal_cartilages,0.8687,0.905155687298945,0.8776068920634924
s1287,duodenum,0.9235,0.9193952104188847,0.8940009838624339
s1287,esophagus,0.8936,0.9327114526479304,0.9306462263227505
s1287,femur_left,0.9572,0.9984051003104635,0.9751022163059155
s1287,femur_right,0.9627,0.9628319416070441,0.9762786992063492
s1287,gallbladder,0.6622,0.89299854728782,0.8589637441798946
s1287,gluteus_maximus_left,0.9675,0.9566384596947612,0.9640903144179892
s1287,gluteus_maximus_right,0.9681,0.9381112818978865,0.9646290755291007
s1287,gluteus_medius_left,0.9427,0.973983861429205,0.95455558915344
s1287,gluteus_medius_right,0.9398,0.9688050052603904,0.9522234361111125
s1287,gluteus_minimus_left,0.9302,0.9216398165177184,0.9296647425925922
s1287,gluteus_minimus_right,0.9309,0.9584327892730756,0.9358728275132276
s1287,heart,0.9478,0.9567755369560728,0.9456412968253973
s1287,hip_left,0.9828,0.9829656953977549,0.9727361730278979
s1287,hip_right,0.98,0.9555919163713444,0.976130986123136
s1287,humerus_left,0.9435,0.9018561750176775,0.9259384398148156
s1287,humerus_right,0.913,0.8727535438684386,0.9132547359788363
s1287,iliac_artery_left,0.926,0.9286181317021851,0.9241474854497345
s1287,iliac_artery_right,0.9301,0.9548606492766544,0.9303991999999995
s1287,iliac_vena_left,0.9083,0.8573468331150658,0.9103304744708993
s1287,iliac_vena_right,0.7395,0.8989251174947952,0.8999171817460307
s1287,iliopsoas_left,0.9441,0.9360192569382306,0.9568190796296301
s1287,iliopsoas_right,0.9615,0.9546826820550499,0.9606211542328049
s1287,inferior_vena_cava,0.837,0.9269882217649205,0.9284274284151036
s1287,kidney_left,0.9494,0.9672142578972082,0.9812681261904744
s1287,kidney_right,0.9386,0.9945733949066344,0.9820458515873001
s1287,liver,0.9635,0.9858790011983918,0.9800927979677732
s1287,lung_lower_lobe_left,0.9916,0.9899248332766638,0.9819241932539678
s1287,lung_lower_lobe_right,0.9239,0.9965271593018192,0.9884780071428578
s1287,lung_middle_lobe_right,0.7908,0.9809359660467986,0.9592745527777771
s1287,lung_upper_lobe_left,0.9936,0.9854789475238777,0.9863255646825394
s1287,lung_upper_lobe_right,0.9791,0.9862870400638591,0.9864000515873018
s1287,pancreas,0.8763,0.8966732282780162,0.9003560490740743
s1287,portal_vein_and_splenic_vein,0.7696,0.9120780858663642,0.8837340363756613
s1287,prostate,0.6861,0.6694254143959475,0.7469858452380959
s1287,pulmonary_vein,0.7127,0.9616106433432782,0.9266905731481472
s1287,rib_left_1,0.9362,0.9236969119477952,0.9281960047619054
s1287,rib_left_10,0.9576,0.9331633572532965,0.9563393182539672
s1287,rib_left_11,0.9542,0.8801330113260877,0.8996629116402116
s1287,rib_left_12,0.8567,0.9499757634314435,0.9557753489417987
s1287,rib_left_2,0.9425,0.9169856049245656,0.943353902873978
s1287,rib_left_3,0.9108,0.9373154205195873,0.9304285705026456
s1287,rib_left_4,0.9334,0.933247887225333,0.9214030650793656
s1287,rib_left_5,0.9498,0.9551930866266108,0.9419300641534395
s1287,rib_left_6,0.9424,0.9397598952534468,0.9335996876984132
s1287,rib_left_7,0.9525,0.9529704149346153,0.9375282884920644
s1287,rib_left_8,0.963,0.9254261765237473,0.9399584650793654
s1287,rib_left_9,0.9614,0.9343689747587407,0.9353324376984135
s1287,rib_right_1,0.9009,0.9345719630940719,0.9373584424603175
s1287,rib_right_10,0.5227,0.4184333447572533,0.45960659683742183
s1287,rib_right_11,0.0839,0.28327082144776067,0.45172326812169283
s1287,rib_right_12,0.0554,0.5841317833446985,0.5699085279100525
s1287,rib_right_2,0.9439,0.8660478307934395,0.9121048551587297
s1287,rib_right_3,0.9104,0.9591351554151779,0.918841993253968
s1287,rib_right_4,0.9252,0.9447267548802037,0.9386269244708996
s1287,rib_right_5,0.92,0.9432788463579461,0.9439905212962963
s1287,rib_right_6,0.9392,0.9607148841170033,0.93951847473545
s1287,rib_right_7,0.9153,0.9534143522357044,0.9393412893458405
s1287,rib_right_8,0.8339,0.7010736734125145,0.6954102034632039
s1287,rib_right_9,0.7616,0.6569731951105808,0.6225503846560848
s1287,sacrum,0.8104,0.9002522766621343,0.9073604156084654
s1287,scapula_left,0.9072,0.9580931605799274,0.9561280231481478
s1287,scapula_right,0.9047,0.9276546053231247,0.9509075489417984
s1287,small_bowel,0.9283,0.8260574852441956,0.8590781460317466
s1287,spinal_cord,0.8891,0.9445302744225478,0.9437219347883596
s1287,spleen,0.9256,0.9027199405989099,0.9512284960317461
s1287,sternum,0.8671,0.8930247537574454,0.9089172547619045
s1287,stomach,0.9166,0.9246711001290885,0.9471444376984121
s1287,subclavian_artery_left,0.716,0.8890298857139332,0.8981799161375661
s1287,subclavian_artery_right,0.6663,0.9058878452220931,0.8951262728835974
s1287,superior_vena_cava,0.8509,0.928937256576041,0.9322476253968256
s1287,thyroid_gland,0.7637,0.9398542540273688,0.9172234026455025
s1287,trachea,0.9484,0.9840942406848141,0.950902552429053
s1287,urinary_bladder,0.9539,0.8718177611206999,0.8811542260582013
s1287,vertebrae_C6,0.6404,0.9203094418998404,0.8627033737734489
s1287,vertebrae_C7,0.485,0.8506651323198486,0.7682948089947091
s1287,vertebrae_L1,0.9722,0.9452137575801863,0.9674595886724383
s1287,vertebrae_L2,0.9762,0.9577214930518821,0.9713931380952376
s1287,vertebrae_L3,0.9793,0.9570713015356128,0.9698048400793646
s1287,vertebrae_L4,0.9805,0.9670658990242724,0.9604361822751325
s1287,vertebrae_L5,0.9788,0.9745479166844381,0.9718602448412702
s1287,vertebrae_S1,0.6133,0.9000498582509885,0.9421404678571432
s1287,vertebrae_T1,0.4482,0.8333959225001816,0.7844545530423286
s1287,vertebrae_T10,0.9683,0.8751122623249837,0.9354097371387872
s1287,vertebrae_T11,0.974,0.87228547655125,0.9380455333333331
s1287,vertebrae_T12,0.9732,0.8521432274736009,0.9301483212962959
s1287,vertebrae_T2,0.5483,0.9408358753704735,0.8594641318783067
s1287,vertebrae_T3,0.6799,0.6499970375298426,0.7886903637566134
s1287,vertebrae_T4,0.7987,0.8534791733547586,0.8171184007936505
s1287,vertebrae_T5,0.8491,0.8364001573996814,0.8585015234126983
s1287,vertebrae_T6,0.8462,0.887658204808078,0.9253518845238095
s1287,vertebrae_T7,0.8833,0.9208215301018167,0.9309883980158731
s1287,vertebrae_T8,0.9647,0.9140632046031227,0.9249660780423283
s1287,vertebrae_T9,0.974,0.9396407658666475,0.964018986345136
s1278,adrenal_gland_left,0.8982,0.7013353867243556,0.7441418607142857
s1278,adrenal_gland_right,0.9159,0.8022285927549647,0.8527956444444449
s1278,aorta,0.9674,0.9494069134754644,0.9633098944444436
s1278,atrial_appendage_left,0.909,0.7916749419040148,0.775948190079365
s1278,autochthon_left,0.9678,0.9463161778894448,0.9510741710317463
s1278,autochthon_right,0.9616,0.9452707608352764,0.950358233730159
s1278,brachiocephalic_trunk,0.9087,0.678730931869386,0.7730667277777783
s1278,brachiocephalic_vein_left,0.9452,0.8863107872314939,0.8949314165343912
s1278,brachiocephalic_vein_right,0.9494,0.8067221516362986,0.8384516558201055
s1278,clavicula_left,0.9669,0.939419798754379,0.9635285242063488
s1278,clavicula_right,0.9713,0.9636538390500344,0.9616256873015868
s1278,colon,0.958,0.8755908840968811,0.8200872392857144
s1278,common_carotid_artery_left,0.9303,0.8989549996220777,0.884087827910053
s1278,common_carotid_artery_right,0.7844,0.483748365380188,0.5808398873737373
s1278,costal_cartilages,0.8689,0.8214614689550398,0.8300499551587304
s1278,duodenum,0.9066,0.7137671032843184,0.7323058480158727
s1278,esophagus,0.9312,0.8274277064548579,0.9050203205118955
s1278,gallbladder,0.9192,0.7991283249569361,0.8401974171957675
s1278,heart,0.94,0.9409775889101167,0.9511078798941808
s1278,humerus_left,0.9779,0.9228048579979641,0.942863758489659
s1278,humerus_right,0.9705,0.9283900683900409,0.9544908956589712
s1278,iliopsoas_left,0.8628,0.9170640119565537,0.8535498806878304
s1278,iliopsoas_right,0.928,0.780433591208271,0.82046290026455
s1278,inferior_vena_cava,0.8953,0.8924343488882229,0.8952864460317461
s1278,kidney_cyst_right,0.0,0.321185508472382,0.3400262432539681
s1278,kidney_left,0.9696,0.9426552618778143,0.9425456303992309
s1278,kidney_right,0.9544,0.958395502782015,0.931535843253969
s1278,liver,0.9894,0.9793152126183834,0.966839685449735
s1278,lung_lower_lobe_left,0.9902,0.9864812033872061,0.9796845529100519
s1278,lung_lower_lobe_right,0.9931,0.9869275578157595,0.9858069436507937
s1278,lung_middle_lobe_right,0.9811,0.9565465220035706,0.9593464369047607
s1278,lung_upper_lobe_left,0.9939,0.9886194197604594,0.9861840886243385
s1278,lung_upper_lobe_right,0.9895,0.965590345390458,0.9867676263347763
s1278,pancreas,0.9182,0.8757035746659164,0.8441263218253969
s1278,portal_vein_and_splenic_vein,0.8008,0.7287125402959462,0.749518057936508
s1278,pulmonary_vein,0.9098,0.8586872021227053,0.8521428724867732
s1278,rib_left_1,0.9165,0.8971830621762112,0.926402212866763
s1278,rib_left_10,0.9632,0.9820886758793124,0.9615631743386239
s1278,rib_left_11,0.9632,0.9683507845380416,0.958416977561327
s1278,rib_left_12,0.9476,0.9016803048619602,0.929305477645503
s1278,rib_left_2,0.96,0.9464650625859471,0.9380397056878307
s1278,rib_left_3,0.9598,0.9451008283120257,0.9407067222222224
s1278,rib_left_4,0.9643,0.9372775843163547,0.9329183306878301
s1278,rib_left_5,0.8755,0.9342683784302712,0.938747414417989
s1278,rib_left_6,0.726,0.7423168150182997,0.7487440067460314
s1278,rib_left_7,0.5973,0.737184540180301,0.7470762234126984
s1278,rib_left_8,0.5481,0.6461194279203653,0.6366638757936504
s1278,rib_left_9,0.6724,0.42492001146400854,0.38403809669312206
s1278,rib_right_1,0.8904,0.8975431154350593,0.9161635116402116
s1278,rib_right_10,0.8213,0.586534359468205,0.5658755857142859
s1278,rib_right_11,0.8185,0.9822332761946813,0.9525489907407411
s1278,rib_right_12,0.9682,0.9069035378773648,0.9062380047619054
s1278,rib_right_2,0.9429,0.8997162061703806,0.9354182887566141
s1278,rib_right_3,0.9663,0.9566296464873816,0.9285389444444441
s1278,rib_right_4,0.9742,0.9369997755420011,0.9333623066137566
s1278,rib_right_5,0.9739,0.9442283668001077,0.9423755847883598
s1278,rib_right_6,0.9672,0.9161666231238389,0.9351467362433858
s1278,rib_right_7,0.789,0.7659282993256051,0.7349110223544971
s1278,rib_right_8,0.5409,0.6336594926941739,0.6496270392857144
s1278,rib_right_9,0.574,0.4019358611908231,0.3574081535714287
s1278,scapula_left,0.9555,0.941272827381231,0.9533108968253969
s1278,scapula_right,0.9632,0.9567359387527707,0.9580588134920632
s1278,small_bowel,0.9431,0.8589751787218126,0.7821634681818186
s1278,spinal_cord,0.9473,0.9087792171745688,0.9246794210317463
s1278,spleen,0.9763,0.9571175463914617,0.9489199768518527
s1278,sternum,0.902,0.9138417401814779,0.9073772928571435
s1278,stomach,0.9702,0.9257896853608283,0.9321751620370374
s1278,subclavian_artery_left,0.9462,0.8614197358890662,0.8673301547619046
s1278,subclavian_artery_right,0.8665,0.8715961762507856,0.8744778957671957
s1278,superior_vena_cava,0.9559,0.9068111518270024,0.9029400402116404
s1278,thyroid_gland,0.8657,0.8552538144087255,0.8899372039682535
s1278,trachea,0.8191,0.9520133155546355,0.9382319999999996
s1278,urinary_bladder,0.0,0.13867755140703952,0.2880413335978834
s1278,vertebrae_C6,0.9557,0.8530004835710517,0.813924338528138
s1278,vertebrae_C7,0.9644,0.9122048345300413,0.9344016961640212
s1278,vertebrae_L1,0.9819,0.984998409237154,0.9732075173280428
s1278,vertebrae_L2,0.9809,1.0,0.8585094485449741
s1278,vertebrae_T1,0.9756,0.9596072131439006,0.9493865243265996
s1278,vertebrae_T10,0.9727,0.9718722176965985,0.9684351220899478
s1278,vertebrae_T11,0.9722,0.9831109883574861,0.9714644769841267
s1278,vertebrae_T12,0.9759,0.9844230280960699,0.9699568096560851
s1278,vertebrae_T2,0.9802,0.9777835341450795,0.9473018304232801
s1278,vertebrae_T3,0.9754,0.956734549678253,0.9494895149470906
s1278,vertebrae_T4,0.9762,0.9421265336630817,0.9483970059523813
s1278,vertebrae_T5,0.9723,0.9153866244273068,0.9206498845238091
s1278,vertebrae_T6,0.9734,0.9279062625009917,0.9170099238095234
s1278,vertebrae_T7,0.9711,0.930259150617827,0.9272218185185184
s1278,vertebrae_T8,0.977,0.9366686480624448,0.9399760464285712
s1278,vertebrae_T9,0.9736,0.9169019680782949,0.9228983123015871
s1233,adrenal_gland_left,0.7759,0.9162821681869568,0.8831869392857137
s1233,adrenal_gland_right,0.7774,0.8755587809396219,0.8685695813492068
s1233,aorta,0.9711,0.9567822495838724,0.9582054885642136
s1233,atrial_appendage_left,0.7737,0.8509041869844832,0.8897697171957674
s1233,autochthon_left,0.9466,0.9691862139328768,0.9601564466450221
s1233,autochthon_right,0.9475,0.9593945860155101,0.9595995316979311
s1233,brachiocephalic_trunk,0.8913,0.7873589928547605,0.8496830092592592
s1233,brachiocephalic_vein_left,0.8883,0.918869070832315,0.9101746769841278
s1233,brachiocephalic_vein_right,0.9133,0.9281231610331679,0.8971574194444448
s1233,clavicula_left,0.9617,0.962396527371269,0.9623892830687822
s1233,clavicula_right,0.9172,0.9552393767688455,0.9501019794973545
s1233,colon,0.9139,0.8610399619292265,0.8088156900793654
s1233,common_carotid_artery_left,0.8721,0.8909915932816619,0.8862971293650794
s1233,common_carotid_artery_right,0.8128,0.8593212951067076,0.873343354232804
s1233,costal_cartilages,0.8583,0.9487571789705251,0.8766552408730155
s1233,duodenum,0.9311,0.8350607732127724,0.856888647354498
s1233,esophagus,0.9103,0.9007829376904513,0.9243501220899465
s1233,femur_left,0.972,0.9796764557446361,0.9674876576719583
s1233,femur_right,0.9801,0.9839232110240608,0.9783631542328041
s1233,gallbladder,0.8284,0.8144758226078879,0.8681651317460318
s1233,gluteus_maximus_left,0.936,0.9772212554592771,0.9646109828042329
s1233,gluteus_maximus_right,0.9638,0.9812863942773282,0.9660509535714285
s1233,gluteus_medius_left,0.9232,0.9585552761554587,0.9529546043650794
s1233,gluteus_medius_right,0.9448,0.9398940068997786,0.9570965193121694
s1233,gluteus_minimus_left,0.8361,0.9204302072718897,0.9149003642857142
s1233,gluteus_minimus_right,0.9106,0.9423106622376877,0.9298158156084655
s1233,heart,0.9128,0.9318541426085278,0.9026897037638293
s1233,hip_left,0.9685,0.9571202743590524,0.9700104137566137
s1233,hip_right,0.9703,0.9826648014782207,0.9731748246031741
s1233,humerus_left,0.8615,0.9511241490651869,0.9442443522486775
s1233,humerus_right,0.9615,0.9207962979513515,0.9254284813492071
s1233,iliac_artery_left,0.8256,0.8777383126272689,0.8678497896825398
s1233,iliac_artery_right,0.9255,0.869747121187226,0.8789949843915351
s1233,iliac_vena_left,0.8624,0.891266770762169,0.8861761341269838
s1233,iliac_vena_right,0.8708,0.8918133498669828,0.893234261772487
s1233,iliopsoas_left,0.9378,0.9497560426787626,0.9474525357142852
s1233,iliopsoas_right,0.9397,0.954816176951686,0.9387157297619052
s1233,inferior_vena_cava,0.8636,0.9115771644205042,0.8906849889009141
s1233,kidney_left,0.9237,0.9380482228693395,0.9293585242063489
s1233,kidney_right,0.9362,0.9521986337084951,0.9307897079365082
s1233,liver,0.9631,0.9719873744252305,0.9800685012626263
s1233,lung_lower_lobe_left,0.9899,0.9842761298883903,0.990180494059644
s1233,lung_lower_lobe_right,0.9872,0.981824612696951,0.9870808293771047
s1233,lung_middle_lobe_right,0.97,0.9670000212945625,0.9687713183862435
s1233,lung_upper_lobe_left,0.9908,0.9799838710477832,0.9878785734126985
s1233,lung_upper_lobe_right,0.9835,0.9720019501880895,0.9830355345358348
s1233,pancreas,0.8312,0.8416714718986824,0.8891239466931224
s1233,portal_vein_and_splenic_vein,0.6685,0.8296381328681227,0.8513542345238104
s1233,pulmonary_vein,0.9019,0.9400611257421145,0.8749487353174604
s1233,rib_left_1,0.9276,0.9160925707967074,0.9254325932539689
s1233,rib_left_10,0.9571,0.9863756777912092,0.9633143302910065
s1233,rib_left_11,0.7903,0.9794564929383682,0.9485463533068789
s1233,rib_left_12,0.8233,0.9908004660963644,0.828201332275133
s1233,rib_left_2,0.9546,0.9617518352571787,0.9510590728835985
s1233,rib_left_3,0.9482,0.9536755044882009,0.9340716974867721
s1233,rib_left_4,0.9611,0.9704608949523782,0.9581715541005296
s1233,rib_left_5,0.9461,0.9754182107373367,0.9628143413299664
s1233,rib_left_6,0.945,0.9759850243482133,0.9639159441798942
s1233,rib_left_7,0.9518,0.9725229594623476,0.9654708923280418
s1233,rib_left_8,0.9506,0.9872241118598646,0.9620873728835968
s1233,rib_left_9,0.9617,0.9940429196336339,0.9666085063492053
s1233,rib_right_1,0.9112,0.8901896925252475,0.9213145821428576
s1233,rib_right_10,0.9256,0.9907858203259168,0.953292367833093
s1233,rib_right_11,0.8665,0.9538563649910148,0.9461565641534395
s1233,rib_right_12,0.9098,1.0,0.8211141916666668
s1233,rib_right_2,0.9507,0.9677003832462745,0.9336846378306872
s1233,rib_right_3,0.9211,0.962397151613572,0.9543314992063494
s1233,rib_right_4,0.9425,0.9708939962665402,0.9602445460918714
s1233,rib_right_5,0.9145,0.9743271026486069,0.9649590613756618
s1233,rib_right_6,0.9548,0.9682761280227933,0.9654853199735453
s1233,rib_right_7,0.9345,0.9804531113605066,0.9668705328042322
s1233,rib_right_8,0.9496,0.9753224071006912,0.966527912698413
s1233,rib_right_9,0.9636,0.9884711433430764,0.9656629526455026
s1233,sacrum,0.9219,0.9327872860290812,0.9230919412698417
s1233,scapula_left,0.9213,0.927648286487507,0.9505563309523813
s1233,scapula_right,0.9402,0.9502172545082574,0.9539586612433859
s1233,skull,0.8929,0.987284083070996,0.9352383376984127
s1233,small_bowel,0.9269,0.9026895611265287,0.8605087152116399
s1233,spinal_cord,0.9393,0.9367733116459116,0.9341932468253972
s1233,spleen,0.9268,0.9818820076026746,0.9415752293650788
s1233,sternum,0.9203,0.9108753185583933,0.9251442222222217
s1233,stomach,0.8817,0.8640206623858512,0.8897019630952385
s1233,subclavian_artery_left,0.8794,0.8080195810990224,0.8649159579365079
s1233,subclavian_artery_right,0.8229,0.8494058026507733,0.8807396177248679
s1233,superior_vena_cava,0.9419,0.9432198081570784,0.8805437891534391
s1233,thyroid_gland,0.5519,0.7826694233987037,0.7816544615079363
s1233,trachea,0.93,0.9496941264165778,0.9349029317460329
s1233,urinary_bladder,0.869,0.9224567447447936,0.9009922005291002
s1233,vertebrae_C5,0.8953,0.9673227587137333,0.8244687030423283
s1233,vertebrae_C6,0.817,0.9273817608010007,0.9197594277777773
s1233,vertebrae_C7,0.8143,0.988954719463229,0.9505706924603174
s1233,vertebrae_L1,0.9692,0.9433509598971701,0.9778913338624344
s1233,vertebrae_L2,0.9662,0.9224084660620544,0.9813021466931218
s1233,vertebrae_L3,0.9609,0.9555964070181302,0.9827982748677251
s1233,vertebrae_L4,0.9622,0.9927043802584911,0.9786772232804242
s1233,vertebrae_L5,0.9594,0.9862990139577813,0.9823966719576728
s1233,vertebrae_S1,0.8671,0.9302214955608512,0.954845671825397
s1233,vertebrae_T1,0.8852,0.9642927405264831,0.9647545388888902
s1233,vertebrae_T10,0.9485,1.0,0.9817057893939388
s1233,vertebrae_T11,0.9579,1.0,0.9828207132034629
s1233,vertebrae_T12,0.9611,0.9509380524609184,0.9814683165343916
s1233,vertebrae_T2,0.9511,0.9559271892019373,0.9617085142857136
s1233,vertebrae_T3,0.9424,0.9569482250609453,0.9687605507936511
s1233,vertebrae_T4,0.9444,0.9594293322025155,0.9508902206349212
s1233,vertebrae_T5,0.9371,0.9618394019933415,0.9544088044973539
s1233,vertebrae_T6,0.9475,0.916969665649972,0.938146978968254
s1233,vertebrae_T7,0.9485,0.9663257793787647,0.961322894444444
s1233,vertebrae_T8,0.9439,0.9675381288707923,0.9710643511904762
s1233,vertebrae_T9,0.9325,0.988886643906535,0.9798807015632506
s1337,adrenal_gland_left,0.7518,0.8552058222379535,0.8667110615079362
s1337,adrenal_gland_right,0.758,0.9090481074617546,0.8724690297619047
s1337,aorta,0.9763,0.952129509329159,0.9639968198412703
s1337,atrial_appendage_left,0.8102,0.8510007902581636,0.8686391518518519
s1337,autochthon_left,0.9562,0.972801107148115,0.9595862043650785
s1337,autochthon_right,0.9458,0.9649877327131821,0.9615666317460319
s1337,brachiocephalic_trunk,0.9265,0.9315885239195468,0.8954888059523808
s1337,brachiocephalic_vein_left,0.9271,0.9434362479250602,0.9173859274290521
s1337,brachiocephalic_vein_right,0.9296,0.8992313561892766,0.8775225161375668
s1337,clavicula_left,0.9657,0.9559245106743518,0.9300943119769118
s1337,clavicula_right,0.9613,0.9865454402703396,0.9627953009259259
s1337,colon,0.7977,0.793416592596108,0.8267458257575763
s1337,common_carotid_artery_left,0.886,0.9358011383677516,0.9093056490740745
s1337,common_carotid_artery_right,0.6891,0.7710900649043901,0.8168199362433861
s1337,costal_cartilages,0.8583,0.8758372064233437,0.8744834674603167
s1337,duodenum,0.772,0.7101216570375204,0.7969314927248679
s1337,esophagus,0.8878,0.9378462453316022,0.9158085876984126
s1337,gallbladder,0.8545,0.7596407882533319,0.8423675271164017
s1337,heart,0.9392,0.9466467371795425,0.9424655652116399
s1337,humerus_left,0.8178,0.8241022495848104,0.8375433468253973
s1337,humerus_right,0.9536,0.9454793039874831,0.947105413492064
s1337,iliopsoas_left,0.889,0.7040418198883908,0.8227677883597884
s1337,iliopsoas_right,0.8632,0.7632937668367507,0.8358802119047617
s1337,inferior_vena_cava,0.8751,0.8860154344308976,0.8966410525132282
s1337,kidney_left,0.9392,0.977971586772733,0.9340977765873016
s1337,kidney_right,0.8503,0.9083198997210927,0.7694941506613759
s1337,liver,0.958,0.9847697558597913,0.9721423747354491
s1337,lung_lower_lobe_left,0.9882,0.9888190811109905,0.9908925610750362
s1337,lung_lower_lobe_right,0.987,0.9904817065185308,0.9914532292207796
s1337,lung_middle_lobe_right,0.9224,0.9552212745934058,0.9650551738095237
s1337,lung_upper_lobe_left,0.9907,0.9959677467161379,0.9915753925925922
s1337,lung_upper_lobe_right,0.9657,0.9779378510027635,0.984889861904762
s1337,pancreas,0.8431,0.8520796851885352,0.8925819697089946
s1337,portal_vein_and_splenic_vein,0.6889,0.9135117743550499,0.8749450944444443
s1337,pulmonary_vein,0.8824,0.8070847805126377,0.8048709265974765
s1337,rib_left_1,0.8508,0.9269884481503865,0.9125136492063491
s1337,rib_left_10,0.9637,0.9771359937574312,0.9613626055555554
s1337,rib_left_11,0.9427,0.8867146114850185,0.9630837956349211
s1337,rib_left_12,0.9442,0.9654394631304081,0.9224487015873014
s1337,rib_left_2,0.9374,0.9690223751035901,0.9563903874338621
s1337,rib_left_3,0.9454,0.9251106721971029,0.9328497376984126
s1337,rib_left_4,0.9624,0.9678639989784312,0.9595838917989418
s1337,rib_left_5,0.9534,0.9695914625810594,0.94003759436027
s1337,rib_left_6,0.9521,0.9365670337881742,0.9398460597883599
s1337,rib_left_7,0.9429,0.9334895030094112,0.9429472140211641
s1337,rib_left_8,0.9649,0.972899469920077,0.9673283601851851
s1337,rib_left_9,0.9485,0.9917030480301494,0.9665710801587303
s1337,rib_right_1,0.8554,0.9470909275321485,0.9188101015873017
s1337,rib_right_10,0.9649,0.9470014487962799,0.96403645
s1337,rib_right_11,0.9455,0.8523900887342001,0.9517944091269842
s1337,rib_right_12,0.95,0.9568598485945916,0.9422270821428576
s1337,rib_right_2,0.9286,0.9330227163817574,0.9373885695767203
s1337,rib_right_3,0.9482,0.9296399055958959,0.9343000945767191
s1337,rib_right_4,0.7563,0.7187169249304747,0.6990998821428572
s1337,rib_right_5,0.6096,0.6930223402516044,0.6727084538480036
s1337,rib_right_6,0.6133,0.5845996463593739,0.5933577037157289
s1337,rib_right_7,0.6871,0.5718130214933022,0.51113428466811
s1337,rib_right_8,0.8311,0.9512835340725553,0.9651288944444439
s1337,rib_right_9,0.9683,0.9567941629315942,0.9640466448412696
s1337,scapula_left,0.9131,0.9758059737410651,0.9583470084656082
s1337,scapula_right,0.9523,0.8962485674718782,0.9501533587301583
s1337,small_bowel,0.9191,0.8415249893911012,0.8653020707671961
s1337,spinal_cord,0.9326,0.9568846041617848,0.9291365329365074
s1337,spleen,0.9566,0.9871670766388059,0.9646442835978828
s1337,sternum,0.9396,0.9201870493162388,0.9189426653439151
s1337,stomach,0.9187,0.8604217952042714,0.9364674138888887
s1337,subclavian_artery_left,0.8576,0.9187613180805703,0.8811130137566136
s1337,subclavian_artery_right,0.8518,0.9151986453261952,0.8857321571428572
s1337,superior_vena_cava,0.9261,0.8149133536016955,0.8493812592592594
s1337,thyroid_gland,0.7772,0.912236637812213,0.9201091847883597
s1337,trachea,0.9264,0.922190460167717,0.9288887489417987
s1337,vertebrae_C6,0.8846,1.0,0.7523427997354496
s1337,vertebrae_C7,0.9325,0.9735231035307269,0.9007681003968259
s1337,vertebrae_L1,0.9875,0.9843401282992166,0.971261201058201
s1337,vertebrae_L2,0.9832,0.9573721849428242,0.9465840444444442
s1337,vertebrae_T1,0.9699,0.9730181009693206,0.956260404232804
s1337,vertebrae_T10,0.9836,0.9721749011683919,0.9759838054232803
s1337,vertebrae_T11,0.9833,1.0,0.9772143432539683
s1337,vertebrae_T12,0.9854,0.9694562403382485,0.9622414714285712
s1337,vertebrae_T2,0.9749,0.9702898127957986,0.9679909593915342
s1337,vertebrae_T3,0.9742,0.9512482742057605,0.9678142556878293
s1337,vertebrae_T4,0.9735,0.9675472694620106,0.9660145264550266
s1337,vertebrae_T5,0.9756,0.989511474847793,0.9718981726190477
s1337,vertebrae_T6,0.9787,0.9910069903750481,0.9721174960317456
s1337,vertebrae_T7,0.9806,0.9944527110080019,0.970381353968254
s1337,vertebrae_T8,0.9814,0.9697917263751801,0.9737713935185178
s1337,vertebrae_T9,0.9835,0.9941708195403102,0.9750803998677243
s1286,aorta,0.3432,0.720758123254899,0.678233467857143
s1286,autochthon_left,0.9636,0.9184921335165794,0.9367250113997113
s1286,autochthon_right,0.9633,0.9588274000369608,0.9334087652356898
s1286,colon,0.8793,0.9518222892013543,0.9432839818783072
s1286,costal_cartilages,0.7876,0.7997887721604415,0.83747614563492
s1286,duodenum,0.5138,0.7518250007112399,0.7866156400793649
s1286,gallbladder,0.8959,0.7995158590669615,0.7696503670634924
s1286,iliopsoas_left,0.9317,0.8344046437643042,0.7309838123015882
s1286,iliopsoas_right,0.9386,0.89161586693699,0.8020381915343918
s1286,inferior_vena_cava,0.0856,0.5903485249514031,0.6636787157407409
s1286,kidney_left,0.8033,0.8735646634035051,0.84715904954305
s1286,kidney_right,0.8352,0.9546941876455324,0.9190310145502645
s1286,liver,0.8789,0.9348388288352394,0.9287697928571428
s1286,pancreas,0.0,0.5501981843542683,0.36478633174603176
s1286,rib_left_10,0.5682,0.4107421241788646,0.5486404849206349
s1286,rib_left_11,0.9125,0.9243109884185016,0.866199607936508
s1286,rib_left_12,0.9602,0.9878976431955857,0.8995880630952381
s1286,rib_left_8,0.8423,0.6119059450802063,0.5877739138888889
s1286,rib_left_9,0.377,0.5980163541179306,0.6484199977513224
s1286,rib_right_10,0.654,0.6499742734620503,0.5109622630952383
s1286,rib_right_11,0.7341,0.9137397194740978,0.914073065476191
s1286,rib_right_12,0.9638,0.9770575504366188,0.9161125607142862
s1286,rib_right_8,0.7077,0.5896884824561537,0.6186862265873017
s1286,rib_right_9,0.8327,0.6762153603216996,0.5765684673280425
s1286,small_bowel,0.3706,0.782732000340169,0.7949471810846558
s1286,spinal_cord,0.9641,0.8583961216602732,0.7783842052910053
s1286,vertebrae_L1,0.8437,0.919967736681203,0.8972953412698405
s1286,vertebrae_L2,0.6471,0.8525926733498062,0.8358734728835984
s1286,vertebrae_L3,0.5035,0.8615613451947801,0.8312446522486777
s1286,vertebrae_L4,0.0086,0.8871624102542298,0.8835196244708997
s1260,brain,0.9789,1.0,0.9628162043650798
s1260,skull,0.9352,0.8966970765609048,0.9513404765873018
s1260,spinal_cord,0.6934,0.9047044150757603,0.7957284738095239
s1260,vertebrae_C1,0.9161,0.8791515796222173,0.8554677699735447
s1260,vertebrae_C2,0.8789,0.9529738805999449,0.7437457914021159
s1305,adrenal_gland_left,0.9214,0.7641078932970126,0.7777687953703701
s1305,adrenal_gland_right,0.8849,0.8107673380856342,0.7792173215608461
s1305,aorta,0.9805,1.0,0.9356920947089943
s1305,atrial_appendage_left,0.948,0.8974597000228314,0.9241900272486783
s1305,autochthon_left,0.9499,0.9643522557831868,0.9518842669312167
s1305,autochthon_right,0.9569,0.9701117318236702,0.9527753416666671
s1305,brachiocephalic_trunk,0.9329,0.9578222859276821,0.9108290452380955
s1305,brachiocephalic_vein_left,0.9644,0.8959369442281334,0.9201173964285719
s1305,brachiocephalic_vein_right,0.8966,0.8563039232297831,0.870909078535354
s1305,clavicula_left,0.958,0.9652358362889314,0.9506702525132278
s1305,clavicula_right,0.9624,0.9632926323887787,0.9563091321428573
s1305,colon,0.9262,0.898414524238235,0.9250827333333329
s1305,common_carotid_artery_left,0.917,0.9435330347126004,0.879439747077922
s1305,common_carotid_artery_right,0.9547,0.9511920139085502,0.8835462128306882
s1305,costal_cartilages,0.8215,0.7422526723647002,0.8086870932539681
s1305,duodenum,0.814,0.9191422685542718,0.8739196006613764
s1305,esophagus,0.9155,0.9343435586196646,0.920564153823953
s1305,gallbladder,0.8491,0.8334581867662147,0.8064328023809523
s1305,gluteus_medius_right,0.0,0.010151257532709197,0.0806885126984127
s1305,heart,0.9442,0.9909833235020005,0.9552046907407403
s1305,hip_left,0.9052,0.8886836121903015,0.6757578406084649
s1305,hip_right,0.946,1.0,0.8816921597883602
s1305,humerus_left,0.9614,0.9338803529987469,0.958413021428571
s1305,humerus_right,0.9565,0.9730733700809123,0.9622035
s1305,iliac_artery_left,0.959,1.0,0.8910976035714284
s1305,iliac_artery_right,0.8546,1.0,0.8791798003968251
s1305,iliac_vena_left,0.8056,0.36355662285059964,0.36176479894179875
s1305,iliac_vena_right,0.55,0.5869595875094399,0.3980664623015874
s1305,iliopsoas_left,0.9577,0.9341002086318219,0.9255921407407406
s1305,iliopsoas_right,0.9633,0.9296860814085749,0.9212307194444445
s1305,inferior_vena_cava,0.8652,0.895814140814854,0.9045925761904758
s1305,kidney_left,0.6707,0.8465566772325116,0.8463541756613757
s1305,kidney_right,0.9704,0.9695696221722585,0.958244064153439
s1305,liver,0.9835,0.959330350852953,0.964702433730159
s1305,lung_lower_lobe_left,0.9885,0.9903690369193519,0.9748369692881187
s1305,lung_lower_lobe_right,0.9846,0.9349582782512685,0.9722068468253976
s1305,lung_middle_lobe_right,0.9452,0.9658028059438466,0.9719707107142868
s1305,lung_upper_lobe_left,0.9933,0.9868133841010367,0.9878058182900428
s1305,lung_upper_lobe_right,0.9783,0.9755582001992432,0.9859087019841265
s1305,pancreas,0.8029,0.8479847861693303,0.8374549324074076
s1305,portal_vein_and_splenic_vein,0.726,0.835880844845392,0.8728505861111107
s1305,pulmonary_vein,0.9114,0.8483276850743697,0.79542820568783
s1305,rib_left_1,0.7362,0.6580414531265629,0.7560933666666663
s1305,rib_left_10,0.9315,0.9664367505295735,0.9566827445767192
s1305,rib_left_11,0.9644,0.9532131844308465,0.9476460223544969
s1305,rib_left_12,0.6807,0.5104182476083462,0.48966841230158714
s1305,rib_left_2,0.8305,0.8920929654140982,0.910450427116402
s1305,rib_left_3,0.9303,0.9555220955876998,0.9463479845238102
s1305,rib_left_4,0.9062,0.9455734018605855,0.9522897120370374
s1305,rib_left_5,0.9472,0.974279993811357,0.9607031587181335
s1305,rib_left_6,0.9522,0.962165967712038,0.9647795752645498
s1305,rib_left_7,0.9626,0.9675674541285476,0.967467251984127
s1305,rib_left_8,0.9617,0.9670838449252331,0.9632529321428573
s1305,rib_left_9,0.9498,0.9625768284916826,0.9583167059523809
s1305,rib_right_1,0.8599,0.919432254136858,0.9156505261904765
s1305,rib_right_10,0.8452,0.9720623604068988,0.9536215182539686
s1305,rib_right_11,0.8689,0.9478176452691962,0.9444791056878306
s1305,rib_right_12,0.8997,0.813809579849613,0.7910376783068781
s1305,rib_right_2,0.9636,0.9702706459517255,0.9553175710317461
s1305,rib_right_3,0.9451,0.9459031326814306,0.9476792497354505
s1305,rib_right_4,0.9331,0.955574595266067,0.9560152726190474
s1305,rib_right_5,0.9534,0.9683413003206587,0.9604365202380948
s1305,rib_right_6,0.9597,0.9566573674755167,0.9623765911375659
s1305,rib_right_7,0.9592,0.9491199771146036,0.9626477115079357
s1305,rib_right_8,0.8984,0.9477912350981439,0.9593982719576712
s1305,rib_right_9,0.8532,0.7290026860891363,0.6092732369047621
s1305,scapula_left,0.9538,0.9673093983376926,0.9584540226190478
s1305,scapula_right,0.9413,0.949232076137565,0.9545156161375661
s1305,skull,0.9646,0.9779853229886509,0.9158998751322757
s1305,small_bowel,0.8707,0.8865152118513993,0.8688256043650794
s1305,spinal_cord,0.9395,0.9116841606566477,0.927431374206349
s1305,spleen,0.9718,0.9693177855431443,0.9671642305555566
s1305,sternum,0.8891,0.9326918217994322,0.9306832449735445
s1305,stomach,0.9518,0.87304823388592,0.897079775
s1305,subclavian_artery_left,0.7697,0.8303939502965765,0.7149393878908128
s1305,subclavian_artery_right,0.7937,0.7111912968087231,0.6689493039682536
s1305,superior_vena_cava,0.9543,0.93111434301059,0.9270238453583453
s1305,thyroid_gland,0.8305,0.7800714389785794,0.7306880304473299
s1305,trachea,0.9735,0.9668533994837332,0.9356039293650796
s1305,vertebrae_C5,0.8368,0.9441007466489788,0.8576642226190476
s1305,vertebrae_C6,0.9116,0.9407528631837513,0.8908226347883592
s1305,vertebrae_C7,0.9498,0.6554162243286753,0.7702961656084659
s1305,vertebrae_L1,0.9765,0.8423677198334885,0.7805533969576719
s1305,vertebrae_L2,0.9822,1.0,0.9578004780543526
s1305,vertebrae_L3,0.9831,0.9052384491074865,0.9355284494708999
s1305,vertebrae_L4,0.9777,0.9651774418216074,0.9465656503968253
s1305,vertebrae_L5,0.8468,0.6156111607775157,0.6163657456349205
s1305,vertebrae_T1,0.9579,0.9821990923838219,0.9561261649470894
s1305,vertebrae_T10,0.922,0.6611994402265677,0.591346979761905
s1305,vertebrae_T11,0.8609,0.7931147197871149,0.8510903657407399
s1305,vertebrae_T12,0.8885,0.7081959673048761,0.5693229112433862
s1305,vertebrae_T2,0.9637,0.9679276464877323,0.9602702354497346
s1305,vertebrae_T3,0.9695,0.915788454881153,0.9444394441798937
s1305,vertebrae_T4,0.9725,0.9179327058528907,0.9710521937830685
s1305,vertebrae_T5,0.9703,0.8958501039217847,0.9344811670634922
s1305,vertebrae_T6,0.9754,0.8955970140817218,0.9407689050264546
s1305,vertebrae_T7,0.9425,0.933656149372791,0.9483753558080807
s1305,vertebrae_T8,0.6597,0.7442411883354495,0.600689917460317
s1305,vertebrae_T9,0.7226,0.5904016246260195,0.4632085775132277
s1197,adrenal_gland_right,0.0,0.3326701054007454,0.25638792407407407
s1197,aorta,0.9698,0.9756388839133752,0.9538979688672439
s1197,atrial_appendage_left,0.9408,0.9138218183595518,0.9098388402116403
s1197,autochthon_left,0.9069,0.9617132063557782,0.9400810748677251
s1197,autochthon_right,0.9163,0.9497643561041573,0.9435026234126987
s1197,brachiocephalic_trunk,0.9056,0.9403720806115825,0.9121682841269836
s1197,brachiocephalic_vein_left,0.939,0.9209438992112446,0.9094419083333333
s1197,brachiocephalic_vein_right,0.9143,0.7948264470321605,0.8362693698412696
s1197,clavicula_left,0.9667,0.9443463772646625,0.9653118448412694
s1197,clavicula_right,0.9564,0.961502381778276,0.9503132756613756
s1197,common_carotid_artery_left,0.9301,0.8966961246652279,0.8902819154040401
s1197,common_carotid_artery_right,0.8047,0.7753574455071995,0.8146596713564218
s1197,costal_cartilages,0.8341,0.8302638258488003,0.7943701765873017
s1197,esophagus,0.7462,0.6771360149720356,0.7310325066137571
s1197,heart,0.9395,0.92745386846717,0.9345657784391541
s1197,humerus_left,0.9581,0.9540709494452471,0.957325622222223
s1197,humerus_right,0.9418,0.9657403808946696,0.9343808953703706
s1197,inferior_vena_cava,0.5569,0.8705774234438658,0.8344385571428575
s1197,kidney_right,0.7122,0.8825502012692974,0.8454102716209715
s1197,liver,0.9463,0.8614724044404254,0.6565920563492064
s1197,lung_lower_lobe_left,0.9903,0.9846445976998911,0.9864301370370367
s1197,lung_lower_lobe_right,0.9856,0.9929647448111144,0.9843993523809527
s1197,lung_middle_lobe_right,0.9645,0.9619470410191396,0.9566758873015868
s1197,lung_upper_lobe_left,0.992,0.9836708295357497,0.9848000767704512
s1197,lung_upper_lobe_right,0.9866,0.989057361073703,0.9857731023809521
s1197,pulmonary_vein,0.8707,0.9120484548711301,0.8948841182539685
s1197,rib_left_1,0.9313,0.8769329513062016,0.8975855632275134
s1197,rib_left_10,0.9605,0.9284476830259166,0.9425883433862424
s1197,rib_left_11,0.9165,0.8880976701500097,0.8974951496031749
s1197,rib_left_2,0.9645,0.930080608209117,0.9401935949735442
s1197,rib_left_3,0.9651,0.9167328555370915,0.9525967552910056
s1197,rib_left_4,0.9763,0.9212531811112098,0.9579961079365086
s1197,rib_left_5,0.9749,0.9523903066194724,0.925413780158731
s1197,rib_left_6,0.9717,0.9648608609356067,0.9488129474867725
s1197,rib_left_7,0.9812,0.9601984422219089,0.9539282960317458
s1197,rib_left_8,0.9708,0.9250252183591358,0.9591576305555547
s1197,rib_left_9,0.9546,0.9833236137337206,0.9594256518518517
s1197,rib_right_1,0.9235,0.8227788162927938,0.9032783870370364
s1197,rib_right_10,0.9775,0.9276870395282958,0.9339824263227519
s1197,rib_right_11,0.8232,0.6885105905813306,0.8097395387566134
s1197,rib_right_2,0.9443,0.9400051776330542,0.9478612587301586
s1197,rib_right_3,0.9535,0.9150994540264509,0.9503828384920632
s1197,rib_right_4,0.9633,0.9585496385836068,0.9608558079365084
s1197,rib_right_5,0.96,0.9522178300800467,0.9595762095238102
s1197,rib_right_6,0.9678,0.988341373771272,0.9574450404761908
s1197,rib_right_7,0.9819,0.9516231661411751,0.9539129051587306
s1197,rib_right_8,0.9804,0.92442257279056,0.9645558793650802
s1197,rib_right_9,0.9743,0.9321261870715768,0.9540127507936504
s1197,scapula_left,0.9718,0.9812058211904743,0.9605392894179895
s1197,scapula_right,0.9567,0.9540843838060256,0.9545193892857141
s1197,spinal_cord,0.9407,0.9261436809707474,0.9279788186507941
s1197,spleen,0.9054,0.9792938868466614,0.8903633697089945
s1197,sternum,0.9319,0.8849205321274198,0.9082916031746032
s1197,stomach,0.3286,0.822562199851113,0.8330201727513226
s1197,subclavian_artery_left,0.8463,0.7907957641715162,0.8220377445767199
s1197,subclavian_artery_right,0.8731,0.84205210319294,0.8234829215608467
s1197,superior_vena_cava,0.9217,0.8524522817973622,0.8822703338624346
s1197,thyroid_gland,0.8489,0.9033186303026869,0.9177490665343919
s1197,trachea,0.9578,0.9358670327634205,0.9507137159137151
s1197,vertebrae_C5,0.7931,0.45260676853521115,0.34575297764550256
s1197,vertebrae_C6,0.8343,0.9480885689697722,0.9135084680134673
s1197,vertebrae_C7,0.8585,0.9292338757254911,0.9002102739417988
s1197,vertebrae_T1,0.9269,0.9711142591242965,0.9541012129629632
s1197,vertebrae_T10,0.9808,0.9619396676124274,0.9623777551587303
s1197,vertebrae_T11,0.9755,0.9711730884064123,0.9519943596560839
s1197,vertebrae_T12,0.9073,0.958387356124287,0.8422861931216932
s1197,vertebrae_T2,0.9519,0.9468368668592254,0.9566686435185183
s1197,vertebrae_T3,0.969,0.9043335662348269,0.9415547019841264
s1197,vertebrae_T4,0.9739,0.9003810043133221,0.9429078095238094
s1197,vertebrae_T5,0.9707,0.9360662958071417,0.9405560702380957
s1197,vertebrae_T6,0.9713,0.9425899714741849,0.9242991230158737
s1197,vertebrae_T7,0.9786,0.9521922062938305,0.9257918876984127
s1197,vertebrae_T8,0.9737,0.9541756780717774,0.9374781646825401
s1197,vertebrae_T9,0.9745,0.9588655553486045,0.9441165895502653
s1238,adrenal_gland_left,0.852,0.8455744378518646,0.8130221003968255
s1238,adrenal_gland_right,0.9007,0.9061911506919266,0.886204108465609
s1238,aorta,0.9762,0.9592718039675993,0.9683136698412699
s1238,atrial_appendage_left,0.9168,0.870596688737238,0.8270519551587302
s1238,autochthon_left,0.967,0.9598966515977944,0.9536547584656093
s1238,autochthon_right,0.9545,0.9723302778904279,0.9551034150793657
s1238,brachiocephalic_trunk,0.8921,0.8407090247568645,0.8632188371693127
s1238,brachiocephalic_vein_left,0.9412,0.9135243582106842,0.914102827380952
s1238,brachiocephalic_vein_right,0.9264,0.8993952014331161,0.8907497753968261
s1238,clavicula_left,0.9828,0.9704116815080382,0.9044996296296292
s1238,clavicula_right,0.9745,0.9921247219003526,0.9142731722222224
s1238,colon,0.8144,0.860379425725964,0.80843739484127
s1238,common_carotid_artery_left,0.9486,0.9121510854432506,0.8856260943121695
s1238,common_carotid_artery_right,0.8978,0.8907041635666249,0.8333969365079376
s1238,costal_cartilages,0.8942,0.9293232368779015,0.873789927777777
s1238,duodenum,0.8334,0.8690855284883864,0.860605301587301
s1238,esophagus,0.9237,0.9215798450806211,0.9233762924603168
s1238,femur_left,0.9866,0.9746000064462416,0.981670699867725
s1238,femur_right,0.9885,0.9689506665090886,0.9838619197089944
s1238,gallbladder,0.8073,0.8889205916726598,0.8452352597883598
s1238,gluteus_maximus_left,0.9434,0.9545935506580159,0.9515470563852811
s1238,gluteus_maximus_right,0.9578,0.9773512351558394,0.955204281746032
s1238,gluteus_medius_left,0.9548,0.963873843681942,0.950972602645503
s1238,gluteus_medius_right,0.9553,0.9561479873513475,0.9520808537037045
s1238,gluteus_minimus_left,0.9446,0.9618310095357724,0.9337180301587301
s1238,gluteus_minimus_right,0.9487,0.9638895759286616,0.9390309236772493
s1238,heart,0.9118,0.9538180858897538,0.9340905539682541
s1238,hip_left,0.9842,0.9668476923512715,0.9769717226190483
s1238,hip_right,0.9861,0.9945176100241114,0.9813680951058207
s1238,humerus_left,0.9588,0.9619199670104926,0.868142226190476
s1238,humerus_right,0.9277,0.732996840655581,0.6757118593314092
s1238,iliac_artery_left,0.9534,0.8794824562756614,0.908332163516114
s1238,iliac_artery_right,0.94,0.9344380808799176,0.9128289140452144
s1238,iliac_vena_left,0.9358,0.9057673381856229,0.9083034728835983
s1238,iliac_vena_right,0.9383,0.9544680874286117,0.9131539843915336
s1238,iliopsoas_left,0.9506,0.9412436485147476,0.9498143376984124
s1238,iliopsoas_right,0.9485,0.9762384655949939,0.9587038511904766
s1238,inferior_vena_cava,0.9169,0.900865673771902,0.7851877095959604
s1238,kidney_left,0.9869,0.8628755454389466,0.9605735339947076
s1238,kidney_right,0.9843,0.9685735412434595,0.9594271638888876
s1238,liver,0.9801,0.9880132252390292,0.97080977989418
s1238,lung_lower_lobe_left,0.9472,0.796226240456873,0.824834250757576
s1238,lung_lower_lobe_right,0.9421,0.9738231003209441,0.9370455507936506
s1238,lung_middle_lobe_right,0.6978,0.8330642000256883,0.8487908964285712
s1238,lung_upper_lobe_left,0.9782,0.983082363034891,0.9646773562169308
s1238,lung_upper_lobe_right,0.9507,0.9948259867937436,0.9725549718253967
s1238,pancreas,0.9282,0.8200068786815935,0.8941218448412696
s1238,portal_vein_and_splenic_vein,0.8681,0.8007150911090954,0.8774852432539685
s1238,prostate,0.6735,0.6164269294354883,0.7874941597883598
s1238,pulmonary_vein,0.8914,0.8356484338119924,0.815394850925925
s1238,rib_left_1,0.9241,0.9546259906271004,0.9254121194444448
s1238,rib_left_10,0.9566,0.9544936508772084,0.935506512698412
s1238,rib_left_11,0.9603,1.0,0.9414388424603171
s1238,rib_left_12,0.9491,0.9839520233217041,0.9281503055555557
s1238,rib_left_2,0.9514,0.9500061527482876,0.9474924311808559
s1238,rib_left_3,0.9479,0.9440139624592773,0.9539051991221738
s1238,rib_left_4,0.9691,0.9441998420451678,0.9471251444444442
s1238,rib_left_5,0.9701,0.9613417837810072,0.9558749507936517
s1238,rib_left_6,0.9682,0.9724550731182849,0.9582990119047627
s1238,rib_left_7,0.9659,0.892453755091869,0.9501373016835013
s1238,rib_left_8,0.9598,0.8964721722096364,0.9393842521164018
s1238,rib_left_9,0.9668,0.9475418631958276,0.9531472389850894
s1238,rib_right_1,0.9458,0.956176749965276,0.9298203042328044
s1238,rib_right_10,0.9607,1.0,0.952232096825396
s1238,rib_right_11,0.9554,0.9712447764615286,0.9411448792328039
s1238,rib_right_12,0.9097,0.9772320652972935,0.9258616461640213
s1238,rib_right_2,0.9715,0.9413789226175852,0.9444699268157773
s1238,rib_right_3,0.9623,0.9502267761390663,0.9396882892857142
s1238,rib_right_4,0.96,0.9360713587042429,0.9419817828162578
s1238,rib_right_5,0.9579,0.9489711834466826,0.9435348866522368
s1238,rib_right_6,0.9691,0.9807458622515534,0.961877527116403
s1238,rib_right_7,0.9691,0.8989223953236665,0.9494851676527175
s1238,rib_right_8,0.9532,0.9249418540315061,0.9615436162698413
s1238,rib_right_9,0.9421,0.9515361356989487,0.9610213281746037
s1238,sacrum,0.9566,0.976663097699332,0.9408413291125546
s1238,scapula_left,0.967,0.9511132396649749,0.9533479825396824
s1238,scapula_right,0.9645,0.9552030534132117,0.9495915404761905
s1238,small_bowel,0.8542,0.8258845989510795,0.8003618884920646
s1238,spinal_cord,0.9275,0.9213805803532242,0.9413814601851843
s1238,spleen,0.9573,0.9518778372196577,0.9664957080687829
s1238,sternum,0.9366,0.9308484243884031,0.9252200417989422
s1238,stomach,0.7675,0.949706790394353,0.9460742596560846
s1238,subclavian_artery_left,0.8118,0.7855204759894324,0.7258802739417984
s1238,subclavian_artery_right,0.8932,0.8443495663191352,0.8651693833333334
s1238,superior_vena_cava,0.9561,0.9345012690723992,0.9179768920634916
s1238,thyroid_gland,0.8792,0.8874421252951942,0.8977134063492065
s1238,trachea,0.9575,0.9563751588819189,0.9309432648629146
s1238,urinary_bladder,0.1187,0.8784173147218891,0.8738373181216929
s1238,vertebrae_C6,0.964,1.0,0.8577866037037041
s1238,vertebrae_C7,0.9817,0.9384827435959445,0.9350095166666671
s1238,vertebrae_L1,0.9871,0.9439716752772211,0.9270399481481475
s1238,vertebrae_L2,0.9866,0.8623253186601033,0.9286349664021162
s1238,vertebrae_L3,0.9898,0.8872514556362622,0.9248934648148147
s1238,vertebrae_L4,0.9897,0.9518057890160128,0.9316511765873013
s1238,vertebrae_L5,0.9873,0.9574544556811628,0.8997538916666667
s1238,vertebrae_S1,0.9281,0.927685125394361,0.9110683612554115
s1238,vertebrae_T1,0.9732,0.9898994678766496,0.9622578240740733
s1238,vertebrae_T10,0.9827,0.9955659594847057,0.9763727452380946
s1238,vertebrae_T11,0.989,0.9531460641702079,0.9640591869047623
s1238,vertebrae_T12,0.9878,0.9304535828731614,0.9186568253968246
s1238,vertebrae_T2,0.9128,0.990770643630774,0.9608127458994706
s1238,vertebrae_T3,0.7695,0.8787996800635716,0.8839921123376621
s1238,vertebrae_T4,0.518,0.7706132494816629,0.8265134542328046
s1238,vertebrae_T5,0.3181,0.9577310084442746,0.9562392019841275
s1238,vertebrae_T6,0.0884,0.9453585890477947,0.9239330668109669
s1238,vertebrae_T7,0.2274,0.946513571596726,0.8784672439153439
s1238,vertebrae_T8,0.6469,0.9851932809087594,0.9611631904040409
s1238,vertebrae_T9,0.981,0.9893719422089046,0.9684472269841264
s1223,adrenal_gland_left,0.2667,0.5312682183977204,0.5041077157407408
s1223,adrenal_gland_right,0.8881,0.81477947740774,0.8428395674603173
s1223,aorta,0.9743,0.9623474620481725,0.9613720184944682
s1223,atrial_appendage_left,0.8738,0.8344529907159085,0.8893020936507933
s1223,autochthon_left,0.9658,0.9403493397234207,0.9664694235449732
s1223,autochthon_right,0.9631,0.9453875010400635,0.9532322388888885
s1223,brachiocephalic_trunk,0.939,0.7120799144368493,0.8039419535714292
s1223,brachiocephalic_vein_left,0.9449,0.9085524551087746,0.8748141939153448
s1223,brachiocephalic_vein_right,0.9086,0.7346577566688496,0.8125998175925929
s1223,clavicula_left,0.9616,0.9706468229656864,0.9521773597883593
s1223,clavicula_right,0.9529,0.9543540894657535,0.9584479250000002
s1223,colon,0.8836,0.7368154511465699,0.7854721214285711
s1223,common_carotid_artery_left,0.9406,0.898027800958234,0.8581970355820114
s1223,common_carotid_artery_right,0.8044,0.8680339719084936,0.8333946575396824
s1223,costal_cartilages,0.8665,0.832745676619199,0.8755525964285712
s1223,duodenum,0.6212,0.824841638292391,0.8381850224867733
s1223,esophagus,0.8987,0.9377643742693715,0.9056940161375663
s1223,femur_left,0.9753,0.9649610051340972,0.9626359123015874
s1223,femur_right,0.9787,0.9771410301455371,0.9708029197089951
s1223,gallbladder,0.6776,0.7339583618861947,0.7522911507936506
s1223,gluteus_maximus_left,0.9747,0.9521649968732113,0.9636239793650787
s1223,gluteus_maximus_right,0.9729,0.9731757064342885,0.9671198777777771
s1223,gluteus_medius_left,0.9666,0.9818042402801511,0.9556941417989416
s1223,gluteus_medius_right,0.9683,0.9839294143206369,0.9598039687229438
s1223,gluteus_minimus_left,0.944,0.9643932935642326,0.934212028968254
s1223,gluteus_minimus_right,0.9549,0.9556655857686521,0.9361121958994711
s1223,heart,0.9189,0.9599023106260773,0.9447487188912944
s1223,hip_left,0.9803,0.9496303094501591,0.9730998865079369
s1223,hip_right,0.9819,0.9700797815264719,0.9785825317460319
s1223,humerus_left,0.9762,0.9103931505992019,0.9252382802910055
s1223,humerus_right,0.962,0.8979175963972128,0.9266695071428575
s1223,iliac_artery_left,0.9274,0.9017148849368846,0.8994802583333336
s1223,iliac_artery_right,0.9265,0.7945411792335139,0.868864037169313
s1223,iliac_vena_left,0.9011,0.9173843728237419,0.925480592989418
s1223,iliac_vena_right,0.921,0.8982591570682572,0.916261853306879
s1223,iliopsoas_left,0.9605,0.9576928359198466,0.9646124276455025
s1223,iliopsoas_right,0.962,0.9668186276994517,0.9682250776455028
s1223,inferior_vena_cava,0.937,0.9603782271605555,0.9224333805916304
s1223,kidney_cyst_left,0.0,0.426307131441125,0.2464965738095238
s1223,kidney_left,0.0,0.7446729777714765,0.7863617083333333
s1223,kidney_right,0.9728,0.9801728202111982,0.9807388260582005
s1223,liver,0.9595,0.9967748411115083,0.9648230809523812
s1223,lung_lower_lobe_left,0.9929,0.9856302959089053,0.9733177055555554
s1223,lung_lower_lobe_right,0.9937,0.9871356031291015,0.9768826603174596
s1223,lung_middle_lobe_right,0.9864,0.9755564063076105,0.9651898928571431
s1223,lung_upper_lobe_left,0.9918,0.9899758506027875,0.9860235361111116
s1223,lung_upper_lobe_right,0.9916,0.9786825017432854,0.9602570333333336
s1223,pancreas,0.4381,0.9290737236259612,0.9163532173641177
s1223,portal_vein_and_splenic_vein,0.831,0.9358107139880323,0.9060766879990378
s1223,pulmonary_vein,0.9247,0.8400198819424267,0.8610474011784511
s1223,rib_left_1,0.9486,0.933730064436873,0.9311477498677246
s1223,rib_left_10,0.9321,0.9614215308101363,0.946581995634921
s1223,rib_left_11,0.8992,1.0,0.9397803158730162
s1223,rib_left_12,0.9333,0.9224013548289355,0.9117067634920634
s1223,rib_left_2,0.9401,0.9466028782416656,0.9577856899470902
s1223,rib_left_3,0.9324,0.8876180030701315,0.9213645108465619
s1223,rib_left_4,0.9301,0.9223312735347412,0.9247670867724866
s1223,rib_left_5,0.9445,0.9075505932361989,0.7846990900793653
s1223,rib_left_6,0.9417,0.9099384195722533,0.958183687433863
s1223,rib_left_7,0.9417,0.9174076308663567,0.956719802777778
s1223,rib_left_8,0.9283,0.9197756514981693,0.9475108275132273
s1223,rib_left_9,0.9415,0.9600529178077769,0.962984617063492
s1223,rib_right_1,0.9497,0.9255071112071097,0.9327822383597885
s1223,rib_right_10,0.9574,0.9523434384982669,0.9521156218253976
s1223,rib_right_11,0.9472,0.9433686517445871,0.9262323726190478
s1223,rib_right_12,0.9102,0.9956540821876622,0.8046201444444446
s1223,rib_right_2,0.912,0.9626905551786991,0.95853522936508
s1223,rib_right_3,0.9057,0.9260816819466895,0.9273764227513231
s1223,rib_right_4,0.9217,0.908523314405259,0.9445376998677248
s1223,rib_right_5,0.895,0.9267568563607596,0.9362109423280428
s1223,rib_right_6,0.9301,0.9358305650680092,0.9624004642857146
s1223,rib_right_7,0.9625,0.9110229147921055,0.95867388478836
s1223,rib_right_8,0.96,0.9490668866188529,0.9456724006613759
s1223,rib_right_9,0.9703,0.9670851266452201,0.9638286658730162
s1223,sacrum,0.9412,0.9019395616764051,0.9037390788359789
s1223,scapula_left,0.9663,0.9697271992716359,0.9591806416666668
s1223,scapula_right,0.9597,0.9726563919587059,0.9554743453703708
s1223,small_bowel,0.7236,0.9064884241320704,0.8414564027777782
s1223,spinal_cord,0.9232,0.9187448713786894,0.932788291269841
s1223,spleen,0.8379,0.9764776274018541,0.9804158666666664
s1223,sternum,0.8962,0.9055551567450955,0.9188225421957678
s1223,stomach,0.8392,0.9109461231627234,0.9274651932539693
s1223,subclavian_artery_left,0.8809,0.8534017101392127,0.8927363629629631
s1223,subclavian_artery_right,0.8741,0.8114286910944791,0.8173815826719579
s1223,superior_vena_cava,0.9396,0.8906356009304319,0.9031944575396822
s1223,thyroid_gland,0.8873,0.8984489088831028,0.8324246886243392
s1223,trachea,0.9472,0.9961792952014824,0.9531724539682543
s1223,urinary_bladder,0.7359,0.9866177847738067,0.9295199783068788
s1223,vertebrae_C6,0.7711,0.8584976651678139,0.8103887197089946
s1223,vertebrae_C7,0.8787,0.9610519390303978,0.9508089497354499
s1223,vertebrae_L1,0.9831,0.9952339924552606,0.976636217460317
s1223,vertebrae_L2,0.9834,0.9763700430364857,0.9819039509259253
s1223,vertebrae_L3,0.9827,0.9251215489423809,0.9756367584656078
s1223,vertebrae_L4,0.9798,0.9715961533401748,0.9254734185185185
s1223,vertebrae_L5,0.9773,0.9877130500509903,0.969055245238095
s1223,vertebrae_S1,0.9437,0.9517800080270616,0.9559101781746029
s1223,vertebrae_T1,0.8251,0.9591685478821439,0.9692262150793652
s1223,vertebrae_T10,0.9757,1.0,0.9717248612193358
s1223,vertebrae_T11,0.9792,0.9959642285234505,0.9733841421957671
s1223,vertebrae_T12,0.9771,0.9880944640363636,0.9647086634920627
s1223,vertebrae_T2,0.5193,0.9508628809571746,0.9581553349206352
s1223,vertebrae_T3,0.1197,0.967109431991856,0.9683449560846559
s1223,vertebrae_T4,0.0642,0.940963426321369,0.9253001542328038
s1223,vertebrae_T5,0.1617,0.8196542203190955,0.749268708333333
s1223,vertebrae_T6,0.1791,0.5571108659079596,0.4760880891534393
s1223,vertebrae_T7,0.2598,0.6732961995840908,0.5064898794973538
s1223,vertebrae_T8,0.4362,1.0,0.9769725858465612
s1223,vertebrae_T9,0.8362,0.9165186247580018,0.7944702638888889
s1106,aorta,0.9835,0.8448722999600689,0.8352913572751328
s1106,atrial_appendage_left,0.9509,0.9801951696426072,0.9362846115079365
s1106,colon,0.908,0.8405738472941718,0.7444723924603173
s1106,costal_cartilages,0.84,0.7275198016041953,0.7478688980158726
s1106,esophagus,0.9262,0.8970048661358694,0.9169878666666663
s1106,heart,0.9512,0.9287840004023161,0.9364544738095238
s1106,inferior_vena_cava,0.9298,0.9194568394264104,0.9009308835978834
s1106,liver,0.9304,0.9546772060122432,0.9555201630952396
s1106,lung_lower_lobe_left,0.976,1.0,0.9518087694444436
s1106,lung_lower_lobe_right,0.9822,0.9816425560711862,0.967656326984127
s1106,lung_middle_lobe_right,0.9712,0.937652998678234,0.9361640113756619
s1106,lung_upper_lobe_left,0.9878,0.9689860479265853,0.9757084912698407
s1106,lung_upper_lobe_right,0.952,0.8457948969931123,0.7457899562169316
s1106,portal_vein_and_splenic_vein,0.0,0.5795854716876317,0.5886365388888883
s1106,pulmonary_vein,0.9305,0.9128263295144687,0.7241933507936508
s1106,rib_left_3,0.0,0.25974818399197763,0.26095875476190467
s1106,rib_left_4,0.2023,0.7229051391723719,0.6671604748677246
s1106,rib_left_5,0.0,0.7650521452041917,0.6934855246031746
s1106,spleen,0.6919,0.8429241395878173,0.699550884920635
s1106,sternum,0.9048,0.8224860522625094,0.8748690928571421
s1106,stomach,0.9224,0.9347628842009247,0.7445845324074069
s1106,superior_vena_cava,0.9465,0.8711721149876531,0.8759756170634911
s1106,trachea,0.9211,0.9254693990534326,0.6259804281746029
s1106,vertebrae_T10,0.9891,0.9413628869731695,0.9139332445767199
s1106,vertebrae_T11,0.9857,0.8796820917592485,0.9126750519841267
s1106,vertebrae_T12,0.9604,0.8393561422155243,0.7668043726190477
s1106,vertebrae_T5,0.0,0.4242047570265484,0.598430967460317
s1106,vertebrae_T6,0.0035,0.6569622461143401,0.526959230952381
s1106,vertebrae_T7,0.7387,1.0,0.8997779134920637
s1106,vertebrae_T8,0.9689,0.9744720632029877,0.9568302493386246
s1106,vertebrae_T9,0.9768,0.9441058375136863,0.965780346428571
s1133,adrenal_gland_left,0.413,0.5268519618716088,0.6165185055555554
s1133,adrenal_gland_right,0.8492,0.5717514719265406,0.6758448103174606
s1133,aorta,0.9658,0.9862776931725011,0.9727407408730153
s1133,atrial_appendage_left,0.9444,0.9702431398023147,0.9204200158730159
s1133,autochthon_left,0.9372,0.980457943790573,0.9459953689153434
s1133,autochthon_right,0.9443,0.9680228985989437,0.9442056538359783
s1133,brachiocephalic_trunk,0.8228,0.8945445727030272,0.9168406119047625
s1133,brachiocephalic_vein_left,0.8852,0.9678703910532823,0.9262823734126983
s1133,brachiocephalic_vein_right,0.9014,0.9121604795387377,0.9116441267195767
s1133,clavicula_left,0.9588,0.9210000702244384,0.9379961666185662
s1133,clavicula_right,0.9346,0.9644624175448937,0.9537086776455019
s1133,colon,0.6705,0.8872331524675987,0.7843282013227508
s1133,common_carotid_artery_left,0.8959,0.9171829197457813,0.9181222894179891
s1133,common_carotid_artery_right,0.8772,0.8954608612331066,0.9248110158730161
s1133,costal_cartilages,0.8136,0.862600727810566,0.8749188734126979
s1133,duodenum,0.0,0.1407487760579275,0.355033723015873
s1133,esophagus,0.7524,0.558082034463528,0.7587721588624345
s1133,heart,0.9232,0.9612780103082601,0.9460230371693118
s1133,humerus_left,0.7627,0.8903693501592382,0.8880067757936511
s1133,humerus_right,0.8935,0.8976285271859348,0.9087886591269838
s1133,iliopsoas_left,0.9011,0.7911543106747398,0.6978600662698419
s1133,iliopsoas_right,0.8142,0.8432216087508599,0.8561560941798939
s1133,inferior_vena_cava,0.7605,0.8105939034671104,0.8884548817460317
s1133,kidney_left,0.7177,0.8404194106387607,0.8558657555555558
s1133,kidney_right,0.9028,0.9082705857676358,0.8415428503968262
s1133,liver,0.9699,0.9723989612679833,0.9542750489417995
s1133,lung_lower_lobe_left,0.9829,0.9812665970156897,0.9818751257936509
s1133,lung_lower_lobe_right,0.99,0.9901482369564525,0.9862356231481482
s1133,lung_middle_lobe_right,0.9779,0.9360076601899414,0.9681820059523815
s1133,lung_upper_lobe_left,0.987,0.9760696294724615,0.9829515992063497
s1133,lung_upper_lobe_right,0.9869,0.9826698641629548,0.986191058333333
s1133,pancreas,0.8852,0.8725559683041304,0.9037531994468502
s1133,portal_vein_and_splenic_vein,0.0,0.5177070827463068,0.6032149582130828
s1133,pulmonary_vein,0.9323,0.9640569891825312,0.8866331026334779
s1133,rib_left_1,0.655,0.9345833139492549,0.9158248633597879
s1133,rib_left_10,0.8872,0.9509571983643816,0.8147299591269843
s1133,rib_left_11,0.9065,0.9872174487018862,0.9281017264550263
s1133,rib_left_12,0.8875,0.9855292100490761,0.9170883626984124
s1133,rib_left_2,0.8457,0.8432155667299929,0.8508887845238097
s1133,rib_left_3,0.6833,0.6581945507218145,0.7259025325396827
s1133,rib_left_4,0.8299,0.7714514657965663,0.8058563777777781
s1133,rib_left_5,0.8699,0.8358803100065052,0.8175267722222221
s1133,rib_left_6,0.8883,0.8319741086149597,0.8517906428571432
s1133,rib_left_7,0.9166,0.8479635541810324,0.860087463095238
s1133,rib_left_8,0.8689,0.893579303338666,0.7909385873015878
s1133,rib_left_9,0.8986,0.8209446563261056,0.8438998716089463
s1133,rib_right_1,0.9248,0.9384252221309249,0.9403148357142862
s1133,rib_right_10,0.8946,0.8398541562138748,0.9167340650793655
s1133,rib_right_11,0.9223,0.947741900669742,0.919459373015873
s1133,rib_right_12,0.9115,0.9897320245051039,0.8809272476190477
s1133,rib_right_2,0.9344,0.9392017518682134,0.9335962860870612
s1133,rib_right_3,0.8642,0.8480400821961734,0.8578889738095243
s1133,rib_right_4,0.88,0.8547956961063871,0.8528228333333335
s1133,rib_right_5,0.8778,0.7744210614030507,0.7802597876984132
s1133,rib_right_6,0.8813,0.8698336101984669,0.8677802242063494
s1133,rib_right_7,0.8671,0.8406534207058859,0.8310171677248682
s1133,rib_right_8,0.8823,0.6175678202161887,0.7454774156084663
s1133,rib_right_9,0.8056,0.9009212284533613,0.8886915181216934
s1133,scapula_left,0.9297,0.9410083610720066,0.8905758083333334
s1133,scapula_right,0.9333,0.9454402535455847,0.9527756350529101
s1133,skull,0.5118,0.27726084077047564,0.4356971047979797
s1133,spinal_cord,0.9235,0.9433615368894783,0.9400159764550263
s1133,spleen,0.9536,0.9716441921343568,0.946819442989418
s1133,sternum,0.8428,0.9286946186076038,0.9210348152116399
s1133,stomach,0.936,0.8887458984758131,0.9101378685185182
s1133,subclavian_artery_left,0.7417,0.6641140087031155,0.6468233308201053
s1133,subclavian_artery_right,0.8294,0.7338389614462593,0.7303518958874459
s1133,superior_vena_cava,0.9166,0.963547650878319,0.9233654318903316
s1133,thyroid_gland,0.3397,0.9583040039634831,0.8298611419312177
s1133,trachea,0.91,0.9718939449489669,0.957006281349207
s1133,vertebrae_C7,0.8512,0.9169426946547952,0.8936464866402116
s1133,vertebrae_L1,0.9743,0.9602280465369366,0.9741318342592596
s1133,vertebrae_L2,0.9776,0.9421866111659144,0.9600012174603181
s1133,vertebrae_L3,0.9633,0.7781009886296614,0.8477896133597888
s1133,vertebrae_T1,0.9339,0.9505924259685337,0.9513323609788352
s1133,vertebrae_T10,0.9618,0.977259416203809,0.9644968690476192
s1133,vertebrae_T11,0.9697,0.9543544381541499,0.9688620873015876
s1133,vertebrae_T12,0.9788,0.9664367672095794,0.9672540238095241
s1133,vertebrae_T2,0.9371,0.9621477058314318,0.9679075753968256
s1133,vertebrae_T3,0.8816,0.978044014343279,0.9691487293650797
s1133,vertebrae_T4,0.882,0.9583537920639466,0.967898548544973
s1133,vertebrae_T5,0.9184,0.9439148040301564,0.965065672089947
s1133,vertebrae_T6,0.9159,0.991548563433397,0.9674895062169315
s1133,vertebrae_T7,0.9292,0.9359418182112498,0.9236561523809528
s1133,vertebrae_T8,0.9664,0.9771903635997897,0.9616676558201059
s1133,vertebrae_T9,0.9683,0.9618522844906275,0.9618994121693127
s1199,adrenal_gland_left,0.8421,0.8400909599090555,0.8466203560846561
s1199,adrenal_gland_right,0.8486,0.8359218639749607,0.8281817698412698
s1199,aorta,0.9785,0.9517930100420833,0.9587181146103897
s1199,atrial_appendage_left,0.9426,0.8313571138058848,0.844633726984127
s1199,autochthon_left,0.9621,0.9464650799882719,0.948795217724868
s1199,autochthon_right,0.9586,0.9719070467263151,0.947081288624339
s1199,brachiocephalic_trunk,0.9481,0.969098045004764,0.8847571728835978
s1199,brachiocephalic_vein_left,0.943,0.9127350135274117,0.8702049973544973
s1199,brachiocephalic_vein_right,0.8586,0.843928279685481,0.8527785822751327
s1199,clavicula_left,0.9677,0.9658581886198621,0.9301849474867726
s1199,clavicula_right,0.9636,0.9536929191444663,0.9510118945165944
s1199,colon,0.8941,0.8925623589246772,0.8057256190115437
s1199,common_carotid_artery_left,0.9168,0.8783137252288459,0.8180838332010577
s1199,common_carotid_artery_right,0.8571,0.6175909631988368,0.7988382547619052
s1199,costal_cartilages,0.7796,0.8461035788406093,0.8120678579365078
s1199,duodenum,0.8552,0.7717177153665145,0.760621145634921
s1199,esophagus,0.9235,0.9160046149741241,0.92000882579365
s1199,gallbladder,0.861,0.8606765523761601,0.8620092412698412
s1199,heart,0.9404,0.9521282797176507,0.9402933449735457
s1199,humerus_left,0.9552,0.7889953497070195,0.8271249884920642
s1199,humerus_right,0.9474,0.965525968060882,0.9340182742063489
s1199,iliopsoas_left,0.7642,0.9846708058768289,0.7152710396825394
s1199,iliopsoas_right,0.828,0.774898414768079,0.7711392834656083
s1199,inferior_vena_cava,0.8856,0.9178595590346019,0.9030022432539687
s1199,kidney_left,0.9678,1.0,0.9473239246031743
s1199,kidney_right,0.9646,0.991348529217047,0.9487914431216924
s1199,liver,0.9835,0.975309237230546,0.9628835773809518
s1199,lung_lower_lobe_left,0.989,0.9761889629755518,0.982788060582011
s1199,lung_lower_lobe_right,0.9875,0.9815957507727006,0.986382521693122
s1199,lung_middle_lobe_right,0.9675,1.0,0.9698075292328046
s1199,lung_upper_lobe_left,0.9929,0.9957531856523789,0.9861582455026459
s1199,lung_upper_lobe_right,0.9842,0.9922633344583377,0.9866752027777776
s1199,pancreas,0.9248,0.8194958495125462,0.8440955964285716
s1199,portal_vein_and_splenic_vein,0.7309,0.8845367443235604,0.8908379407407415
s1199,pulmonary_vein,0.933,0.8893114317006946,0.8827431295075295
s1199,rib_left_1,0.9187,0.9778124737664975,0.9016938937830689
s1199,rib_left_10,0.9578,0.943975837324445,0.8979807367724871
s1199,rib_left_11,0.8496,1.0,0.9628475920274174
s1199,rib_left_12,0.9076,0.9391955703967866,0.8782649923280419
s1199,rib_left_2,0.9388,0.8188619203858958,0.8850570563492056
s1199,rib_left_3,0.8696,0.8906842964614662,0.9045104718253963
s1199,rib_left_4,0.9457,0.9955760392441204,0.92833451031746
s1199,rib_left_5,0.8924,0.9979485465691423,0.9129133859788356
s1199,rib_left_6,0.9254,0.9794314607870392,0.9064871705026447
s1199,rib_left_7,0.9505,0.9390941972759577,0.9560864984126992
s1199,rib_left_8,0.9507,0.9972790831182898,0.9439951577922081
s1199,rib_left_9,0.9368,1.0,0.9515047593795098
s1199,rib_right_1,0.8817,1.0,0.8953075466931208
s1199,rib_right_10,0.9623,1.0,0.9340226992063494
s1199,rib_right_11,0.9286,0.9837122838682646,0.9358435492063487
s1199,rib_right_12,0.9333,0.9689800021313423,0.8550703732804233
s1199,rib_right_2,0.956,0.9606989735317628,0.9406402209475705
s1199,rib_right_3,0.9399,0.9616465540114169,0.9332036412337655
s1199,rib_right_4,0.9522,0.9936166124581264,0.9524146386243385
s1199,rib_right_5,0.9388,1.0,0.9354851502645499
s1199,rib_right_6,0.9278,1.0,0.9214096677248672
s1199,rib_right_7,0.9324,1.0,0.9197320046296291
s1199,rib_right_8,0.912,1.0,0.9558663316017321
s1199,rib_right_9,0.9524,1.0,0.7986441165343913
s1199,scapula_left,0.8859,0.913542791183839,0.9042091944444445
s1199,scapula_right,0.8864,0.9909196862752552,0.9332800095238101
s1199,small_bowel,0.5962,0.7602405458730701,0.7760463869047621
s1199,spinal_cord,0.9257,0.9441196365271867,0.9289209374338626
s1199,spleen,0.9147,0.970762496067767,0.9591627805555563
s1199,sternum,0.9098,0.9665477987772615,0.9251883777777783
s1199,stomach,0.9566,0.9466774822822136,0.9328972932539684
s1199,subclavian_artery_left,0.8776,0.8815654861252894,0.768630093518519
s1199,subclavian_artery_right,0.9208,0.902785122228219,0.8777802596560842
s1199,superior_vena_cava,0.9418,0.9003730546738635,0.9041646658730154
s1199,thyroid_gland,0.9126,0.9155289757999497,0.8929237893578643
s1199,trachea,0.9714,0.9689111159041858,0.953287999603175
s1199,vertebrae_C7,0.9523,0.9285151114398618,0.8091990559523811
s1199,vertebrae_L1,0.9804,1.0,0.9437875641534392
s1199,vertebrae_L2,0.7464,0.5930628187935952,0.6553151916666666
s1199,vertebrae_T1,0.9556,0.8553005738989636,0.9102945666666669
s1199,vertebrae_T10,0.9709,0.9454449323484797,0.9419379886243388
s1199,vertebrae_T11,0.9753,0.9334824970399809,0.9429628416666672
s1199,vertebrae_T12,0.9768,0.966799706593013,0.9412776761904765
s1199,vertebrae_T2,0.9671,0.99431851282855,0.960921196693122
s1199,vertebrae_T3,0.9572,1.0,0.9410504387566141
s1199,vertebrae_T4,0.9393,0.9511010446392189,0.8756883989417984
s1199,vertebrae_T5,0.9449,1.0,0.9475850661375665
s1199,vertebrae_T6,0.9492,1.0,0.9482699780423278
s1199,vertebrae_T7,0.9632,0.9883097772769639,0.9505647030423289
s1199,vertebrae_T8,0.9712,0.9559783529353555,0.9343830969576727
s1199,vertebrae_T9,0.973,0.9717087017318098,0.9463027179894185
s1059,aorta,0.9361,0.7518938791470507,0.7811242997715246
s1059,autochthon_left,0.9432,0.9849639643376621,0.9277399653439153
s1059,autochthon_right,0.9143,0.9500971921602167,0.9285668566137565
s1059,brachiocephalic_trunk,0.9251,0.8122883694048423,0.8421474064814819
s1059,brachiocephalic_vein_left,0.9443,0.7361844488247344,0.8681606642857143
s1059,brachiocephalic_vein_right,0.9593,0.8117667311155781,0.810636261772487
s1059,brain,0.8408,0.7895784802653266,0.8011324638888889
s1059,clavicula_left,0.9809,0.9327067177094481,0.9449446854497348
s1059,clavicula_right,0.9437,0.8621488936379164,0.9376841869047617
s1059,common_carotid_artery_left,0.9397,0.8687655423219646,0.8927174156084656
s1059,common_carotid_artery_right,0.8598,0.8720758212711562,0.8727828412698415
s1059,costal_cartilages,0.8084,0.8784480591319138,0.8047016873015868
s1059,esophagus,0.8866,0.8904300899685869,0.872186192099567
s1059,humerus_left,0.9671,0.9953329018361438,0.9321660828042327
s1059,humerus_right,0.9683,1.0,0.8922409835978836
s1059,lung_upper_lobe_left,0.9827,0.972176485815268,0.9551705313492072
s1059,lung_upper_lobe_right,0.9866,0.9587332728108028,0.9528501658730159
s1059,rib_left_1,0.9475,0.8968617584353994,0.9207736988095244
s1059,rib_left_2,0.9647,0.8979951802214959,0.9503534888888894
s1059,rib_left_3,0.9225,0.7422016387503418,0.8977392492063494
s1059,rib_left_4,0.8365,0.9138050817413682,0.9218616427248677
s1059,rib_right_1,0.9312,0.8998307142379474,0.9235460853174609
s1059,rib_right_2,0.9623,0.9028530671232914,0.9390414755291012
s1059,rib_right_3,0.9356,0.6986199589430606,0.8893119880952384
s1059,rib_right_4,0.9428,0.8801231168015754,0.9078037785714285
s1059,scapula_left,0.9284,0.8912788066828028,0.9564503645502642
s1059,scapula_right,0.9507,0.7421091768591286,0.8668397396825395
s1059,skull,0.9568,0.9656120791152645,0.9546000572039075
s1059,spinal_cord,0.9113,0.9239876259665742,0.9211827587301588
s1059,sternum,0.9436,0.9122540865633303,0.9228540981481486
s1059,subclavian_artery_left,0.8507,0.871172237971743,0.8914097255291006
s1059,subclavian_artery_right,0.9,0.8926806971462785,0.8913421380952387
s1059,thyroid_gland,0.9136,0.8427943321732698,0.8365584626984127
s1059,trachea,0.4032,0.7859529857148707,0.6875229645502646
s1059,vertebrae_C1,0.8966,0.9629263394745944,0.9210795829124572
s1059,vertebrae_C2,0.9783,0.9499432783631271,0.9448941130952371
s1059,vertebrae_C3,0.9752,0.9504640420417204,0.9286004701058198
s1059,vertebrae_C4,0.9708,0.9637802361751441,0.936700898148148
s1059,vertebrae_C5,0.9657,0.9369187592233261,0.9396486907407412
s1059,vertebrae_C6,0.9668,0.8562438985817514,0.9263663616402117
s1059,vertebrae_C7,0.9651,0.9230238836691478,0.944817871693121
s1059,vertebrae_T1,0.9686,0.9179148080660717,0.9701561706349195
s1059,vertebrae_T2,0.9737,0.8968563340385449,0.9621843273809516
s1059,vertebrae_T3,0.969,0.8954344826395809,0.9198298798941799
s1059,vertebrae_T4,0.9235,0.8296795327399388,0.8149577519841273
s1161,adrenal_gland_left,0.9211,0.8414949655915063,0.8661598794973546
s1161,adrenal_gland_right,0.9243,0.8309360718960286,0.8748071138888882
s1161,aorta,0.977,0.9635301002379366,0.9527337567460314
s1161,atrial_appendage_left,0.9046,0.9400778203368131,0.8818678099206348
s1161,autochthon_left,0.9632,0.9440406666722876,0.951666938095238
s1161,autochthon_right,0.9501,0.9459136337958165,0.9539884522486775
s1161,brachiocephalic_trunk,0.8884,0.8918233537716113,0.8864406625661375
s1161,brachiocephalic_vein_left,0.9293,0.9729249372045476,0.9089094019841275
s1161,brachiocephalic_vein_right,0.9162,0.8921407719527696,0.8997281740740739
s1161,brain,0.9814,0.9994430106539034,0.9592506447089952
s1161,clavicula_left,0.9728,0.9749079977708713,0.9468523503968252
s1161,clavicula_right,0.8286,0.9446748162716556,0.9509745157407404
s1161,colon,0.925,0.7806834808570063,0.7977242546296298
s1161,common_carotid_artery_left,0.866,0.9678798140272422,0.9020052777777765
s1161,common_carotid_artery_right,0.7678,0.7960753325125588,0.7481696297619048
s1161,costal_cartilages,0.9155,0.8796557474811908,0.8706877634920634
s1161,duodenum,0.8914,0.9147047454484385,0.9143670976190479
s1161,esophagus,0.9258,0.9309580658861176,0.9474055158730168
s1161,femur_left,0.1447,0.9970261713966828,0.8362411091269843
s1161,gallbladder,0.9419,0.7691907559042216,0.8718780126984124
s1161,gluteus_maximus_left,0.9096,0.8740566963738684,0.7315034346681097
s1161,gluteus_maximus_right,0.9467,0.9751583940718536,0.9502808365079365
s1161,gluteus_medius_left,0.9386,0.9377814221544477,0.9545329835978837
s1161,gluteus_medius_right,0.9521,0.941817093885294,0.9488851690476192
s1161,gluteus_minimus_left,0.9006,0.863827576900865,0.8764383567460317
s1161,gluteus_minimus_right,0.948,0.9390231462426527,0.893532728306878
s1161,heart,0.938,0.958086673720496,0.9450868858465611
s1161,hip_left,0.9501,0.9286705640284948,0.9541597579365075
s1161,hip_right,0.9829,0.9757751736243351,0.9678542948412695
s1161,humerus_left,0.9733,0.9490885634806471,0.9458926412698417
s1161,humerus_right,0.9811,0.9764285953528439,0.9252039305555553
s1161,iliac_artery_left,0.9672,0.9237051506471827,0.8832626679894181
s1161,iliac_artery_right,0.9389,0.9374182060067423,0.8886299429894183
s1161,iliac_vena_left,0.95,0.9183169106256551,0.8871162727309729
s1161,iliac_vena_right,0.9372,0.9057064834105792,0.8802004153439147
s1161,iliopsoas_left,0.8827,0.879384344368594,0.9362084857142847
s1161,iliopsoas_right,0.9711,0.9434268921224201,0.9496176650793651
s1161,inferior_vena_cava,0.9531,0.9221235515103224,0.9205043653439159
s1161,kidney_left,0.9837,0.9682285629009425,0.9707508563492062
s1161,kidney_right,0.9847,0.9527210906495925,0.9734057837301591
s1161,liver,0.9893,0.9657875943351492,0.977020807611833
s1161,lung_lower_lobe_left,0.9725,0.8948832286430248,0.8952723373015874
s1161,lung_lower_lobe_right,0.9824,0.9514171874783228,0.9745489759259255
s1161,lung_middle_lobe_right,0.9551,0.933910942438878,0.9303174958994702
s1161,lung_upper_lobe_left,0.9835,0.9675058352669621,0.9827184166666664
s1161,lung_upper_lobe_right,0.9776,0.979849714060477,0.9728039382275139
s1161,pancreas,0.8905,0.8823289127098173,0.9130713026455023
s1161,portal_vein_and_splenic_vein,0.8781,0.8183363320775106,0.8576064366402121
s1161,pulmonary_vein,0.933,0.709816911831506,0.821708840018315
s1161,rib_left_1,0.9389,0.9307667020384558,0.912058752501203
s1161,rib_left_10,0.8876,0.6488003396318107,0.6572907158730157
s1161,rib_left_11,0.9302,0.8524052995970804,0.702078460714286
s1161,rib_left_12,0.9521,0.7226317402856838,0.9069311002645499
s1161,rib_left_2,0.9645,0.8992271992301649,0.8771298256613763
s1161,rib_left_3,0.9732,0.9339449452873884,0.9237569753968252
s1161,rib_left_4,0.9583,0.9753839751871395,0.954115667724868
s1161,rib_left_5,0.9661,1.0,0.9197752103174599
s1161,rib_left_6,0.9673,0.9170759807877773,0.9552664865079368
s1161,rib_left_7,0.9258,0.963451446025552,0.9661419361111114
s1161,rib_left_8,0.8617,0.6018049424873757,0.5937749750000001
s1161,rib_left_9,0.869,0.6224137309109505,0.6508075293650791
s1161,rib_right_1,0.9794,0.9146684778245523,0.9123471506613756
s1161,rib_right_10,0.9742,0.9166267690101507,0.9618089068783073
s1161,rib_right_11,0.9725,0.8585682503390907,0.9359649908730158
s1161,rib_right_12,0.9491,0.6483431350767476,0.5771118382275134
s1161,rib_right_2,0.9767,0.9318296871339361,0.9192361958994714
s1161,rib_right_3,0.9744,0.9253966386404305,0.919780578042329
s1161,rib_right_4,0.9768,0.9031205025789504,0.9252160611111105
s1161,rib_right_5,0.9753,0.9335057532638233,0.9329024638888884
s1161,rib_right_6,0.9722,0.9694531436070762,0.9455478269841272
s1161,rib_right_7,0.9706,0.9597713952424628,0.9580361345238096
s1161,rib_right_8,0.9684,0.9656700311288805,0.9574721600529097
s1161,rib_right_9,0.9666,0.9445755059532179,0.8792056042328041
s1161,sacrum,0.9422,0.887407033679467,0.9061335690476189
s1161,scapula_left,0.9333,0.971124227696996,0.9569962916666672
s1161,scapula_right,0.944,0.9700042627714035,0.9606920814814817
s1161,skull,0.9533,1.0,0.9294623153439159
s1161,small_bowel,0.9279,0.7994938761059667,0.819801918121693
s1161,spinal_cord,0.944,0.9434274035514668,0.9340307326719566
s1161,spleen,0.9871,0.9807759397928735,0.9745125543650793
s1161,sternum,0.9114,0.9311157621688209,0.9219546325396827
s1161,stomach,0.9744,0.931249394894938,0.9462943113756617
s1161,subclavian_artery_left,0.8607,0.8774310399402314,0.892140757936508
s1161,subclavian_artery_right,0.8785,0.946102452236633,0.8469838842352093
s1161,superior_vena_cava,0.9367,0.9375558355315559,0.8990266611111116
s1161,thyroid_gland,0.9217,0.8589263141246738,0.9064555141534396
s1161,trachea,0.9047,0.7438279422875981,0.7564107035714285
s1161,urinary_bladder,0.9796,0.9506025780380036,0.8924025240740748
s1161,vertebrae_C1,0.8926,0.8566574868862807,0.8047052781746034
s1161,vertebrae_C2,0.9729,0.9070731072182602,0.9322587501322743
s1161,vertebrae_C3,0.9587,0.8769945112280234,0.9000123609788363
s1161,vertebrae_C4,0.9644,0.9006873091445939,0.9257460748677253
s1161,vertebrae_C5,0.9685,0.8801681783666236,0.911237655687831
s1161,vertebrae_C6,0.952,0.8167723838151038,0.8289850662698413
s1161,vertebrae_C7,0.9101,0.9646969919837612,0.9560074783068793
s1161,vertebrae_L1,0.981,0.959007472004351,0.9663875863876867
s1161,vertebrae_L2,0.9849,0.9706139972779698,0.9694162120490626
s1161,vertebrae_L3,0.9876,0.9903997141310108,0.9754774523809525
s1161,vertebrae_L4,0.9859,0.957903492293631,0.8973755951058202
s1161,vertebrae_L5,0.9885,0.9678589490407279,0.9033007547619047
s1161,vertebrae_S1,0.9243,0.9452027312666722,0.886150506481482
s1161,vertebrae_T1,0.8992,0.8139146460554557,0.7953164940476185
s1161,vertebrae_T10,0.9887,0.8909935318869338,0.8715401769841274
s1161,vertebrae_T11,0.9864,0.904759052248917,0.875400125925926
s1161,vertebrae_T12,0.9812,0.9618145752899709,0.9320577082010586
s1161,vertebrae_T2,0.9494,0.8105971676217254,0.7349400511904753
s1161,vertebrae_T3,0.9597,0.8905185612814044,0.8799865593915345
s1161,vertebrae_T4,0.9656,0.9700700840069971,0.9600677784391523
s1161,vertebrae_T5,0.9824,0.9552054775623187,0.9329651642857139
s1161,vertebrae_T6,0.9841,0.9331803432227254,0.9263717992063488
s1161,vertebrae_T7,0.9872,0.9329859418149373,0.9187290267195762
s1161,vertebrae_T8,0.9904,0.9133085470045946,0.9238498107142855
s1161,vertebrae_T9,0.9879,0.9014244008923589,0.924711393121693
s1046,adrenal_gland_left,0.9146,0.8639149898498898,0.8620720253968256
s1046,adrenal_gland_right,0.9147,0.8080588578536203,0.8517345259259257
s1046,aorta,0.9716,0.9815111223098625,0.972934151551226
s1046,atrial_appendage_left,0.926,0.8954776831513499,0.8734846949735453
s1046,autochthon_left,0.9748,0.9574963343929846,0.9485404234126982
s1046,autochthon_right,0.9716,0.9322738210383807,0.9489398333333329
s1046,brachiocephalic_trunk,0.8816,0.8383533357413026,0.890453694973545
s1046,brachiocephalic_vein_left,0.965,0.9258744755389776,0.9096852341269845
s1046,brachiocephalic_vein_right,0.8672,0.9156720648819439,0.911627888167388
s1046,clavicula_left,0.9712,1.0,0.9556341914021156
s1046,clavicula_right,0.9502,0.9553774277993683,0.945589646428571
s1046,colon,0.9098,0.8969175688336464,0.8167960393939395
s1046,common_carotid_artery_left,0.9431,0.9088057687564245,0.9037562734126987
s1046,common_carotid_artery_right,0.8712,0.8395954701416827,0.8494103433862437
s1046,costal_cartilages,0.8943,0.9150933393482782,0.8762034851851855
s1046,duodenum,0.9218,0.8351586717086352,0.8616062970899463
s1046,esophagus,0.9481,0.9271826693673684,0.9283068568783063
s1046,femur_left,0.9418,0.9290668401830391,0.922284821957672
s1046,femur_right,0.9777,0.9892753832978975,0.9816143596560845
s1046,gallbladder,0.9698,0.9063767943471123,0.8144747017195769
s1046,gluteus_maximus_left,0.9688,0.9348523746695953,0.9621518711640213
s1046,gluteus_maximus_right,0.9716,0.9272378253999928,0.9656471317460311
s1046,gluteus_medius_left,0.9594,0.9690321180862642,0.9628501293650796
s1046,gluteus_medius_right,0.9658,0.9874249774695351,0.9667558219576722
s1046,gluteus_minimus_left,0.9389,0.9221418091098796,0.9245376343915344
s1046,gluteus_minimus_right,0.952,0.954039341692539,0.9374943361111108
s1046,heart,0.9207,0.9359912358715674,0.9387152214285717
s1046,hip_left,0.9689,0.9475918713537388,0.9712161212962962
s1046,hip_right,0.9828,0.9996768630969978,0.975600582936509
s1046,humerus_left,0.9316,1.0,0.9401769302910056
s1046,humerus_right,0.945,0.9150478376775447,0.9468844882275141
s1046,iliac_artery_left,0.8785,0.9089990008960523,0.8982789180134684
s1046,iliac_artery_right,0.7862,0.9227314513274406,0.8940463071428576
s1046,iliac_vena_left,0.9197,0.894756609298884,0.9211190252886003
s1046,iliac_vena_right,0.9284,0.9043335869238378,0.9117906849446846
s1046,iliopsoas_left,0.9643,0.9707788309721865,0.96571408994709
s1046,iliopsoas_right,0.972,0.9843900425931605,0.9678120634920636
s1046,inferior_vena_cava,0.9304,0.9641278137950267,0.9427380322751323
s1046,kidney_left,0.9823,0.9680855369457019,0.9814636128306882
s1046,kidney_right,0.9835,0.9725875151586953,0.981379703571428
s1046,liver,0.9872,0.9692254990370944,0.9772871638888879
s1046,lung_lower_lobe_left,0.9922,0.9938766574338379,0.9900085936507935
s1046,lung_lower_lobe_right,0.9924,0.992915778468048,0.9892598325396832
s1046,lung_middle_lobe_right,0.9831,0.9679674569570023,0.976431377645502
s1046,lung_upper_lobe_left,0.993,0.9888125667020028,0.9912908933862438
s1046,lung_upper_lobe_right,0.9908,0.9897130714123942,0.9876228493386248
s1046,pancreas,0.9317,0.9085389594401638,0.9253511752645509
s1046,portal_vein_and_splenic_vein,0.8943,0.8897387008960588,0.8814320986772488
s1046,prostate,0.844,0.8589121184761899,0.8037649738095246
s1046,pulmonary_vein,0.9294,0.9262205801677952,0.9189142186507923
s1046,rib_left_1,0.9277,0.9012509233680509,0.8863944869047623
s1046,rib_left_10,0.9494,0.9926301930256155,0.9401723980158728
s1046,rib_left_11,0.9609,0.9977382003000124,0.9228428304232792
s1046,rib_left_12,0.9319,0.8685080502602688,0.8775100626984134
s1046,rib_left_2,0.9584,0.9358516437895148,0.9545037214285705
s1046,rib_left_3,0.9464,0.9683043659251099,0.9370531931216929
s1046,rib_left_4,0.9464,0.9604008652294397,0.9460137743386241
s1046,rib_left_5,0.9182,0.948456973045075,0.944530309259259
s1046,rib_left_6,0.9535,0.9580773129776456,0.9470451749999995
s1046,rib_left_7,0.9626,0.9795247009197945,0.9614356613756617
s1046,rib_left_8,0.9634,0.9928276645541209,0.9618607470899472
s1046,rib_left_9,0.9556,1.0,0.9515615924603171
s1046,rib_right_1,0.9157,0.8812727830795001,0.9069567570105822
s1046,rib_right_10,0.9558,0.9921375923101136,0.9338356427368923
s1046,rib_right_11,0.9479,0.9362237995331135,0.7188826698412697
s1046,rib_right_12,0.9274,0.851686216056576,0.8770255119047624
s1046,rib_right_2,0.9621,0.9501030048772986,0.9573180039682537
s1046,rib_right_3,0.9456,0.9681316189947106,0.9421448787518035
s1046,rib_right_4,0.9334,0.9727773279526111,0.9524157519841269
s1046,rib_right_5,0.9269,0.9590728537049615,0.9498040027777781
s1046,rib_right_6,0.9666,0.9369633687009632,0.9559273345238098
s1046,rib_right_7,0.9769,0.9716092023613294,0.9554971198412703
s1046,rib_right_8,0.966,0.980064107613083,0.9605620587301591
s1046,rib_right_9,0.9677,0.9800461134601585,0.9583124960317457
s1046,sacrum,0.9277,0.9137979754075073,0.902154267460318
s1046,scapula_left,0.9735,0.9385195929844614,0.962745634523809
s1046,scapula_right,0.9663,0.9616198629996964,0.9607404546296302
s1046,small_bowel,0.9126,0.8816532629028985,0.8729703568783074
s1046,spinal_cord,0.9478,0.9205488250242503,0.939225017592593
s1046,spleen,0.9822,0.9468968594226299,0.9615840607142858
s1046,sternum,0.9368,0.924052771396534,0.9244587461640208
s1046,stomach,0.9691,0.9248693210067596,0.9131827956349198
s1046,subclavian_artery_left,0.9134,0.9184442382860858,0.9098806709475714
s1046,subclavian_artery_right,0.9374,0.9127449704605255,0.9006499949134195
s1046,superior_vena_cava,0.9398,0.9418134946859681,0.9269357621693118
s1046,thyroid_gland,0.9233,0.9367457074026313,0.9145833706349197
s1046,trachea,0.9661,0.9901447742479145,0.9568732841269841
s1046,urinary_bladder,0.9735,0.9684965981861104,0.9366359234126986
s1046,vertebrae_C7,0.9228,0.893469235765581,0.8639452634920637
s1046,vertebrae_L1,0.9856,0.8738759212721825,0.9635061067460312
s1046,vertebrae_L2,0.9846,0.9001118988504768,0.9730436333333328
s1046,vertebrae_L3,0.9817,0.8577305794780526,0.9720380277777769
s1046,vertebrae_L4,0.9811,0.9379881078114378,0.9761499746031745
s1046,vertebrae_L5,0.9712,0.9348386412890274,0.9700172888888894
s1046,vertebrae_S1,0.9343,0.907901943909871,0.954374273809524
s1046,vertebrae_T1,0.9611,0.924585910066902,0.9292806087301583
s1046,vertebrae_T10,0.9799,0.8341836338418249,0.9675516734126971
s1046,vertebrae_T11,0.9794,0.8530900398425679,0.9580977396825396
s1046,vertebrae_T12,0.9815,0.943493114083121,0.9719729727513223
s1046,vertebrae_T2,0.9723,0.8224269117055031,0.9469596965488218
s1046,vertebrae_T3,0.9754,0.8376100164492778,0.9083612474867734
s1046,vertebrae_T4,0.9839,0.7633233970155413,0.9406729070105819
s1046,vertebrae_T5,0.9762,0.8560071307922696,0.9515718677248676
s1046,vertebrae_T6,0.972,0.8549568051414281,0.9510656822751317
s1046,vertebrae_T7,0.9799,0.8894376137803978,0.9536906596560846
s1046,vertebrae_T8,0.9799,0.9156069884386456,0.9606086144179891
s1046,vertebrae_T9,0.9798,0.8216984397805636,0.9680525361111101
s1024,adrenal_gland_left,0.7517,0.9761558637613216,0.8583425056878303
s1024,adrenal_gland_right,0.8249,0.8062514911093652,0.8143065829365084
s1024,aorta,0.9649,0.9736891507803791,0.957984532275132
s1024,atrial_appendage_left,0.8447,0.9361554883893991,0.8990518414021162
s1024,autochthon_left,0.9404,0.9741201097667782,0.953595516931217
s1024,autochthon_right,0.9388,0.9263944690696828,0.9531810931216934
s1024,brachiocephalic_trunk,0.9044,0.8770457385193531,0.8837360310846563
s1024,brachiocephalic_vein_left,0.9426,0.8748118871611529,0.8661028112433856
s1024,brachiocephalic_vein_right,0.6033,1.0,0.8606244047619042
s1024,clavicula_left,0.9288,0.8377490689558797,0.866485820767196
s1024,clavicula_right,0.9717,0.9194924753463355,0.908364448941799
s1024,colon,0.5446,0.7852574672420447,0.8497500732804235
s1024,common_carotid_artery_left,0.916,0.9928464917131571,0.8640002825396829
s1024,common_carotid_artery_right,0.8374,0.9595897799748713,0.7707459789682531
s1024,costal_cartilages,0.8846,0.8989625195895085,0.869631880820105
s1024,duodenum,0.7222,0.9154798438953464,0.9213876480158733
s1024,esophagus,0.9187,0.9250716254002619,0.9094795080687837
s1024,femur_left,0.9806,0.9965823115629564,0.9605749670634911
s1024,femur_right,0.9827,1.0,0.9729988933862435
s1024,gallbladder,0.7528,0.8114639283819546,0.6639474985449735
s1024,gluteus_maximus_left,0.5535,0.9230061252728499,0.7937599646825391
s1024,gluteus_maximus_right,0.8018,1.0,0.9631386642857139
s1024,gluteus_medius_left,0.8546,0.9844711888180159,0.9558814891534386
s1024,gluteus_medius_right,0.89,0.9689755727436168,0.9520954293650791
s1024,gluteus_minimus_left,0.8457,0.9024166097099189,0.9144207293650792
s1024,gluteus_minimus_right,0.8585,0.9535346472679168,0.9388664534391529
s1024,heart,0.8449,0.8606420179570862,0.8835819220658976
s1024,hip_left,0.9653,0.9581782605063079,0.9649077408730157
s1024,hip_right,0.9676,0.9688301806663666,0.9675518219576719
s1024,iliac_artery_left,0.9206,0.9231381621120619,0.9095716321428569
s1024,iliac_artery_right,0.8998,0.8775503194798427,0.9142095146825387
s1024,iliac_vena_left,0.913,0.9150387928962748,0.9178552550264549
s1024,iliac_vena_right,0.9083,0.9142174972551926,0.9134671023809517
s1024,iliopsoas_left,0.896,0.925441253282289,0.9506868870370366
s1024,iliopsoas_right,0.9337,0.9575164494522799,0.9575231837301591
s1024,inferior_vena_cava,0.8922,0.9426375962968672,0.9377857724867719
s1024,kidney_left,0.9716,0.9512351258652857,0.970141193783069
s1024,kidney_right,0.9819,0.9785952142303842,0.9695697579365075
s1024,liver,0.9406,0.9351922150415528,0.8888125492063494
s1024,lung_lower_lobe_left,0.7589,0.8520190462511941,0.8422000955026454
s1024,lung_lower_lobe_right,0.9772,0.9355229861618486,0.9411759033068785
s1024,lung_middle_lobe_right,0.8676,0.9258628564091199,0.9156742294973543
s1024,lung_upper_lobe_left,0.8004,0.8302466913597817,0.8453225325396826
s1024,lung_upper_lobe_right,0.9459,0.9032072221561529,0.9065093489824992
s1024,pancreas,0.8968,0.9274735386300299,0.9121312292328034
s1024,portal_vein_and_splenic_vein,0.695,0.8654472760707974,0.8571776787037044
s1024,prostate,0.1828,0.9169616619976807,0.8552128472222228
s1024,pulmonary_vein,0.895,0.8094784449211332,0.8865614977513228
s1024,rib_left_1,0.952,0.9372673491902583,0.9152809144179883
s1024,rib_left_10,0.4971,0.4945555563886371,0.6204929653439154
s1024,rib_left_11,0.6011,0.4296378904309664,0.557039834656085
s1024,rib_left_12,0.6819,0.622323605401104,0.5326294132275132
s1024,rib_left_2,0.9639,0.9153935887500766,0.9257391103174601
s1024,rib_left_3,0.9569,0.8848705016989757,0.9247127860630112
s1024,rib_left_4,0.9604,0.9485904465830614,0.9615590092111593
s1024,rib_left_5,0.9556,0.9301133044852269,0.9569073099206348
s1024,rib_left_6,0.799,0.9489589270209173,0.958230717724867
s1024,rib_left_7,0.2013,0.38729946816147914,0.46709365357142846
s1024,rib_left_8,0.0777,0.6024339151287201,0.7134382437830697
s1024,rib_left_9,0.3277,0.8728893291826866,0.789571582671958
s1024,rib_right_1,0.9362,0.9716165720909504,0.9177598833333322
s1024,rib_right_10,0.9556,0.961277742747586,0.9587728006613758
s1024,rib_right_11,0.9537,0.9560821707911611,0.9354148511904763
s1024,rib_right_12,0.9427,0.9179187333446265,0.9064840178571442
s1024,rib_right_2,0.9703,0.9161872390987279,0.9279478361111109
s1024,rib_right_3,0.9672,0.9581538989851037,0.9503768300264546
s1024,rib_right_4,0.9548,0.930149173122348,0.9428553361111102
s1024,rib_right_5,0.7576,0.9559347693898042,0.9557217703222702
s1024,rib_right_6,0.6652,0.8113537068530101,0.7887710329365077
s1024,rib_right_7,0.814,0.9765424689949023,0.8192508345238094
s1024,rib_right_8,0.9631,0.9428529563855854,0.8965939956349204
s1024,rib_right_9,0.956,0.9579449539420892,0.9540072123857635
s1024,sacrum,0.9039,0.9559147431840582,0.9204235707671962
s1024,scapula_left,0.9113,0.9476016942963026,0.9142138336219344
s1024,scapula_right,0.9524,0.9506225279366664,0.9127154216931217
s1024,small_bowel,0.6538,0.8454721359629092,0.8125449416666667
s1024,spinal_cord,0.9325,0.9468378255297736,0.929468703968254
s1024,spleen,0.9584,0.9088882231763016,0.9090863431818182
s1024,sternum,0.9451,0.9132176762603579,0.9139366003968253
s1024,stomach,0.7535,0.9333357037019053,0.931126476455027
s1024,subclavian_artery_left,0.844,0.8687451515220483,0.8694930925925928
s1024,subclavian_artery_right,0.8894,0.9128526773476008,0.8764334144179895
s1024,superior_vena_cava,0.8555,0.8959200425858496,0.8357283681818185
s1024,trachea,0.9602,0.9355165920015444,0.8903085044973545
s1024,urinary_bladder,0.7955,0.9749578063308874,0.9528585388888894
s1024,vertebrae_C5,0.0,0.1829074629698663,0.34591483280423274
s1024,vertebrae_C7,0.9744,0.7428131872873301,0.7433357161375664
s1024,vertebrae_L1,0.9313,0.9308307074996429,0.9598736445767189
s1024,vertebrae_L2,0.0007,0.6376713494479219,0.6633833252645502
s1024,vertebrae_L3,0.1889,0.939135805653308,0.9751524289682538
s1024,vertebrae_L4,0.9477,0.9653373148858938,0.9633781858465611
s1024,vertebrae_L5,0.9819,0.9588779280645713,0.9568436511904764
s1024,vertebrae_S1,0.8804,0.9365562924407175,0.95716156468254
s1024,vertebrae_T1,0.9801,0.8939896526060312,0.904602814947089
s1024,vertebrae_T10,0.9813,0.9800297274134374,0.93963543941799
s1024,vertebrae_T11,0.9835,0.9492730389051179,0.9463832662698417
s1024,vertebrae_T12,0.9827,0.8996636104667615,0.9450479431216936
s1024,vertebrae_T2,0.9803,0.9039498583563926,0.9444782824074068
s1024,vertebrae_T3,0.9788,0.8946860293020603,0.947242072354497
s1024,vertebrae_T4,0.9758,0.8897896333615611,0.9456194002645497
s1024,vertebrae_T5,0.9812,0.891822543952301,0.9540418874338625
s1024,vertebrae_T6,0.977,0.9501239158368469,0.9501719973544973
s1024,vertebrae_T7,0.983,0.9611096932527735,0.9479152784391537
s1024,vertebrae_T8,0.9826,0.9611276493624439,0.9526275439153441
s1024,vertebrae_T9,0.9842,0.9688742503487717,0.9480065466931219
s1017,adrenal_gland_left,0.6521,0.5843854626935662,0.6770783570105818
s1017,adrenal_gland_right,0.6221,0.45827392698013925,0.5410680193121695
s1017,aorta,0.9535,0.9347434543419378,0.9372287423280419
s1017,atrial_appendage_left,0.8679,0.6726181861752945,0.7476574629268877
s1017,autochthon_left,0.9358,0.9506759288178248,0.9330023797619056
s1017,autochthon_right,0.952,0.9432049631317205,0.9340346825396831
s1017,brachiocephalic_trunk,0.8611,0.6345274340089874,0.745802203270803
s1017,brachiocephalic_vein_left,0.7911,0.6377670859332878,0.7441460488095236
s1017,brachiocephalic_vein_right,0.8817,0.718757444064059,0.7431151623015873
s1017,brain,0.9321,0.9739954552633526,0.9417449813492061
s1017,clavicula_left,0.9694,0.8841431569267376,0.9334092939393948
s1017,clavicula_right,0.9404,0.9616873517307504,0.945873971164022
s1017,colon,0.8578,0.6657454981694226,0.624168471031746
s1017,common_carotid_artery_left,0.7093,0.4319833476749446,0.6464128119047624
s1017,common_carotid_artery_right,0.7914,0.643825725553769,0.7237569386243385
s1017,costal_cartilages,0.8399,0.6956855224902548,0.7771885357142856
s1017,duodenum,0.8234,0.5827891425077343,0.7867541450216461
s1017,esophagus,0.8801,0.8195795170358715,0.8515033875661376
s1017,gallbladder,0.552,0.6443454518226941,0.6518938267556517
s1017,heart,0.9085,0.8546467344263518,0.8831845341269839
s1017,humerus_right,0.9584,0.8245651207716854,0.8616186079365078
s1017,inferior_vena_cava,0.6909,0.5885421979852182,0.7860214966450217
s1017,kidney_left,0.9427,0.7403772332518067,0.7420434893698895
s1017,kidney_right,0.9602,0.8443446813701363,0.8334226133597888
s1017,liver,0.9748,0.8922669452988377,0.9372056816137564
s1017,lung_lower_lobe_left,0.9713,0.9551489925113114,0.9365200555555551
s1017,lung_lower_lobe_right,0.8684,0.9270453797251813,0.9391808738095242
s1017,lung_middle_lobe_right,0.8453,0.8799704546365573,0.8967713759259266
s1017,lung_upper_lobe_left,0.9828,0.9831032933997209,0.9265618527777779
s1017,lung_upper_lobe_right,0.8346,0.8736573023716502,0.8332507345238098
s1017,pancreas,0.7433,0.6187964195946762,0.7535561853174602
s1017,portal_vein_and_splenic_vein,0.3869,0.4026738430326729,0.7078984416305916
s1017,pulmonary_vein,0.8248,0.6666842939140929,0.7762995533910533
s1017,rib_left_1,0.9388,0.8500722810250715,0.9276145234126987
s1017,rib_left_10,0.9406,0.8102942345982832,0.8682157556878315
s1017,rib_left_11,0.9725,0.6956488955578778,0.8299776424603181
s1017,rib_left_2,0.9624,0.6976071911794244,0.6382610383597884
s1017,rib_left_3,0.9625,0.7729304917525427,0.8676906408730165
s1017,rib_left_4,0.9735,0.729067012205167,0.8404114253968255
s1017,rib_left_5,0.9769,0.9032152823720516,0.9108814899470902
s1017,rib_left_6,0.9724,0.9291766159078012,0.9198430304232804
s1017,rib_left_7,0.6674,0.711748512313812,0.8945297013227521
s1017,rib_left_8,0.4344,0.7092317193891906,0.6298690281746029
s1017,rib_left_9,0.6702,0.6748693149555895,0.6740418535714283
s1017,rib_right_1,0.9536,0.8724339320076727,0.9118437420634926
s1017,rib_right_10,0.9298,0.8042363315396265,0.7979384003968255
s1017,rib_right_11,0.9661,0.8250487816157638,0.8022819291005285
s1017,rib_right_12,0.8156,0.6156719371177058,0.6562161555555559
s1017,rib_right_2,0.9563,0.840824381600241,0.8902381724867723
s1017,rib_right_3,0.9625,0.8479573613764593,0.8749984539442037
s1017,rib_right_4,0.9807,0.8398288310401186,0.8652283039442038
s1017,rib_right_5,0.9803,0.8362524657052367,0.8544375163780662
s1017,rib_right_6,0.8056,0.8313476948523907,0.8816551047619046
s1017,rib_right_7,0.626,0.579205917528476,0.6019296170634928
s1017,rib_right_8,0.6105,0.47110384372648834,0.5442545453703709
s1017,rib_right_9,0.7762,0.5632226424366908,0.5922178802910059
s1017,scapula_left,0.8996,0.8640342938406836,0.9098834662698417
s1017,scapula_right,0.9474,0.9695468593793821,0.938844817063492
s1017,skull,0.9518,0.8831431084593865,0.9036149835978826
s1017,spinal_cord,0.9131,0.9191948277222273,0.8850907710317464
s1017,spleen,0.9583,0.7430639815671705,0.7559474464285716
s1017,sternum,0.861,0.7480039093292149,0.7460930265873019
s1017,stomach,0.9157,0.6160476635938757,0.7684629801226547
s1017,subclavian_artery_left,0.7603,0.7142908429508702,0.7986133250000004
s1017,subclavian_artery_right,0.8418,0.6626500894570672,0.7722866226190479
s1017,superior_vena_cava,0.9251,0.7150767400834136,0.8099653259620013
s1017,thyroid_gland,0.9109,0.6319699115383471,0.7936840531746038
s1017,trachea,0.9253,0.8595925753820198,0.8451555181216932
s1017,vertebrae_C1,0.9309,0.9239973618829331,0.888762941798942
s1017,vertebrae_C2,0.9569,0.8703488190136837,0.9034070171957677
s1017,vertebrae_C3,0.9385,0.9092762243737187,0.9000250674603177
s1017,vertebrae_C4,0.9481,0.859290382095551,0.931751011904762
s1017,vertebrae_C5,0.9206,0.8580257342188281,0.8191072579365081
s1017,vertebrae_C6,0.9039,0.8690728608398542,0.9013030593915344
s1017,vertebrae_C7,0.9374,0.869983209851439,0.8652636515873019
s1017,vertebrae_L1,0.9473,0.8578700101104314,0.8275174611111118
s1017,vertebrae_L2,0.0,0.2947447258832523,0.2930131718253969
s1017,vertebrae_T1,0.97,0.8616357899010778,0.8941529287037037
s1017,vertebrae_T10,0.9405,0.9650732766753555,0.9456975752645504
s1017,vertebrae_T11,0.9384,0.8510586341973387,0.797872582539682
s1017,vertebrae_T12,0.9427,0.9395649772130927,0.8800333412698413
s1017,vertebrae_T2,0.9533,0.8835143533581424,0.8928869929894182
s1017,vertebrae_T3,0.3554,0.7814375904442284,0.8635233279100527
s1017,vertebrae_T4,0.023,0.8331123723172833,0.9044625731481487
s1017,vertebrae_T5,0.0517,0.9396702424143293,0.9114453411375665
s1017,vertebrae_T6,0.2738,0.7832819003544316,0.6991156181216935
s1017,vertebrae_T7,0.8114,0.9038665130843558,0.8710686480158731
s1017,vertebrae_T8,0.9555,0.9240655066679412,0.9231822066137569
s1017,vertebrae_T9,0.9635,0.9412647242362301,0.9450714220899471
s0918,adrenal_gland_left,0.8494,0.9001502274077475,0.8449144455026453
s0918,adrenal_gland_right,0.8595,0.8520232741009403,0.8268519830687829
s0918,aorta,0.9791,0.96355947878705,0.9652446179894189
s0918,atrial_appendage_left,0.926,0.9534320235600225,0.8628543497354493
s0918,autochthon_left,0.9727,0.9612036004310139,0.9653986300745553
s0918,autochthon_right,0.9735,0.9683171153271514,0.9647241343073591
s0918,brachiocephalic_trunk,0.8202,0.891907150385047,0.8791466339947086
s0918,brachiocephalic_vein_left,0.8603,0.9202395789077332,0.8857436074555074
s0918,brachiocephalic_vein_right,0.9418,0.8867717880793343,0.8950214205026452
s0918,clavicula_left,0.9814,0.9367526853872201,0.9595746629629629
s0918,clavicula_right,0.9714,0.9278877002950998,0.9588737962962967
s0918,colon,0.9465,0.960270011125203,0.9349955654761913
s0918,common_carotid_artery_left,0.9312,0.8722623672889303,0.8945076607142863
s0918,common_carotid_artery_right,0.9165,0.832253770934189,0.8558465824074072
s0918,costal_cartilages,0.9182,0.8839687693114048,0.8827252884920631
s0918,duodenum,0.8725,0.883071778410452,0.8842398832010582
s0918,esophagus,0.9336,0.921884096084664,0.9191957482683978
s0918,femur_left,0.9478,0.9268463464280706,0.9431727059523812
s0918,femur_right,0.9886,0.9628714596841754,0.9725757968253966
s0918,gallbladder,0.9354,0.9109155852952022,0.8822700882275133
s0918,gluteus_maximus_left,0.9548,0.9580704307090702,0.9630547208152955
s0918,gluteus_maximus_right,0.9727,0.9687557444532856,0.9642517861592108
s0918,gluteus_medius_left,0.9429,0.9275035575830859,0.9483216730158728
s0918,gluteus_medius_right,0.9683,0.9810282313963069,0.9608290007936506
s0918,gluteus_minimus_left,0.9091,0.9222248361648531,0.9127319185305441
s0918,gluteus_minimus_right,0.9606,0.9605931583682404,0.9462588079485331
s0918,heart,0.9382,0.9381780380616359,0.9463326453703712
s0918,hip_left,0.9569,0.9741246796805303,0.9731244492063498
s0918,hip_right,0.9836,0.9794612536767103,0.9743077646825401
s0918,humerus_left,0.9775,0.9405215309144872,0.9070744793650795
s0918,humerus_right,0.9723,0.9326889262829183,0.9070041916666662
s0918,iliac_artery_left,0.8968,0.9710974392302,0.9397696626984124
s0918,iliac_artery_right,0.9276,0.9828122881900269,0.927430694973545
s0918,iliac_vena_left,0.8677,0.901070965848605,0.894363375
s0918,iliac_vena_right,0.9169,0.8704028081098542,0.8897200333333336
s0918,iliopsoas_left,0.9654,0.8352027353340037,0.8678711801587303
s0918,iliopsoas_right,0.9703,0.9640771567348518,0.9654015391534397
s0918,inferior_vena_cava,0.9107,0.9025580461268041,0.9243292499999998
s0918,kidney_left,0.9848,0.9633842519805963,0.9758203364237611
s0918,kidney_right,0.983,0.9616892395777039,0.9717885736772487
s0918,liver,0.987,0.9901156248079801,0.9825453008297264
s0918,lung_lower_lobe_left,0.9323,0.9928209077441612,0.9880077944444444
s0918,lung_lower_lobe_right,0.9935,0.982235791479925,0.986568219179894
s0918,lung_middle_lobe_right,0.956,0.9456204472168513,0.9666375198412707
s0918,lung_upper_lobe_left,0.8353,0.900535155225487,0.8924603249999992
s0918,lung_upper_lobe_right,0.98,0.9834026274036507,0.9824147371693122
s0918,pancreas,0.9218,0.8847568655559591,0.8686626064213562
s0918,portal_vein_and_splenic_vein,0.9156,0.8910517274430589,0.8577944642857144
s0918,prostate,0.8199,0.8283289438514901,0.8361478619047623
s0918,pulmonary_vein,0.9221,0.8758101468399307,0.8859672121693118
s0918,rib_left_1,0.9408,0.916492994496812,0.9133448861111115
s0918,rib_left_10,0.9766,0.9398774812836724,0.9633972711640214
s0918,rib_left_11,0.98,0.9602376673541562,0.9520975809523822
s0918,rib_left_12,0.9586,0.8049836847567028,0.8377155574074073
s0918,rib_left_2,0.9755,0.9668482399622449,0.9544510996031744
s0918,rib_left_3,0.9768,0.9507976538404709,0.9606916791005292
s0918,rib_left_4,0.8345,0.568538043587706,0.5368082892857138
s0918,rib_left_5,0.7036,0.58899618939456,0.5248463392857144
s0918,rib_left_6,0.7991,0.6714459672928078,0.6607601084656086
s0918,rib_left_7,0.9116,0.8384506400957387,0.8184597649711404
s0918,rib_left_8,0.984,0.9654916507660435,0.9555680861111113
s0918,rib_left_9,0.9852,0.9786538301377844,0.9619251175925921
s0918,rib_right_1,0.9475,0.9372076651012611,0.9371885572751328
s0918,rib_right_10,0.9857,0.9339838101812821,0.9565835494708995
s0918,rib_right_11,0.9754,0.9603422454870395,0.9494478813492065
s0918,rib_right_12,0.971,0.8750956585787459,0.9078655384920638
s0918,rib_right_2,0.9664,0.9676691903711777,0.9485720341269839
s0918,rib_right_3,0.9768,0.9572437617644819,0.9513464018518526
s0918,rib_right_4,0.974,0.9418478649148702,0.9514825157647913
s0918,rib_right_5,0.9734,0.9595500633220206,0.9507465625901884
s0918,rib_right_6,0.987,0.9485170901054254,0.9597176565055315
s0918,rib_right_7,0.9866,0.9588035147313876,0.9611645124338625
s0918,rib_right_8,0.9857,0.9453330464401036,0.9589726284391531
s0918,rib_right_9,0.9827,0.9642462607429093,0.9558258650793653
s0918,sacrum,0.9429,0.9438383348994079,0.9308829264550256
s0918,scapula_left,0.9728,0.9443314412268831,0.952099176455026
s0918,scapula_right,0.9561,0.9700657252252353,0.9601383713083209
s0918,small_bowel,0.9401,0.9462493705298695,0.9475850811087063
s0918,spinal_cord,0.958,0.9636702017661651,0.9367802423280434
s0918,spleen,0.9901,0.9576876116541158,0.9773183832010583
s0918,sternum,0.9328,0.9583178231848803,0.9240776595238096
s0918,stomach,0.9278,0.9191733783971225,0.9183572996031744
s0918,subclavian_artery_left,0.8469,0.8828530149370084,0.8861734711640207
s0918,subclavian_artery_right,0.9338,0.9369720323721432,0.8949037142857147
s0918,superior_vena_cava,0.9635,0.945498546119905,0.9120044035714284
s0918,thyroid_gland,0.9165,0.9253545990134197,0.8940742249999998
s0918,trachea,0.9533,0.9251170020089927,0.9403589309042815
s0918,urinary_bladder,0.9112,0.887845537619474,0.8990703341269838
s0918,vertebrae_C6,0.9708,0.9282786176547104,0.8820306870370365
s0918,vertebrae_C7,0.9783,0.937256472933583,0.9154622096560845
s0918,vertebrae_L1,0.9881,1.0,0.9764243919312163
s0918,vertebrae_L2,0.9874,0.976513801061199,0.9770592123015884
s0918,vertebrae_L3,0.9895,1.0,0.9710426132275141
s0918,vertebrae_L4,0.9889,0.9977332748808602,0.9742766722222225
s0918,vertebrae_L5,0.9889,0.9567080211534515,0.9723862437830686
s0918,vertebrae_S1,0.9397,0.9527767059975369,0.9697626115079371
s0918,vertebrae_T1,0.9768,0.9388847983480878,0.9464142238095247
s0918,vertebrae_T10,0.9906,0.9978427531168692,0.978115431216932
s0918,vertebrae_T11,0.9869,0.9813898208160577,0.9796596082010585
s0918,vertebrae_T12,0.9866,0.9906880496596239,0.9774614141534396
s0918,vertebrae_T2,0.982,0.9482305129323778,0.9532196448412699
s0918,vertebrae_T3,0.9602,0.978881289921496,0.9574596944444447
s0918,vertebrae_T4,0.9572,0.9306143225417851,0.9440387256493505
s0918,vertebrae_T5,0.975,0.913519326929017,0.9525296277777782
s0918,vertebrae_T6,0.9326,0.937962803470078,0.9551989972222219
s0918,vertebrae_T7,0.9457,0.941518966461958,0.9507814956349209
s0918,vertebrae_T8,0.9881,0.9992728431184645,0.9626781059523809
s0918,vertebrae_T9,0.9884,0.9690256261711003,0.9776568658730161
s1002,aorta,0.9828,1.0,0.9672298951178445
s1002,atrial_appendage_left,0.9367,0.9231436577963488,0.91534841441799
s1002,brachiocephalic_trunk,0.9768,0.8733563806181202,0.8921798473544974
s1002,brachiocephalic_vein_left,0.9716,0.9511791748620194,0.9239534788359786
s1002,brachiocephalic_vein_right,0.9266,0.9148285196837189,0.872939333333333
s1002,common_carotid_artery_left,0.9455,0.8129213922914315,0.8478673903439153
s1002,costal_cartilages,0.8978,0.8544248090640941,0.8201488285714283
s1002,esophagus,0.96,0.9193171085723602,0.9162403521164016
s1002,heart,0.9459,0.9620988500126152,0.9504909101851852
s1002,inferior_vena_cava,0.9243,0.9354138901802649,0.8843232830687827
s1002,liver,0.9623,0.9776892202417533,0.9504220294973552
s1002,lung_lower_lobe_left,0.9903,1.0,0.9803436964285718
s1002,lung_lower_lobe_right,0.9886,1.0,0.9775268861111118
s1002,lung_middle_lobe_right,0.9198,0.9534833125022169,0.9544402134920629
s1002,lung_upper_lobe_left,0.9936,0.9904987064710288,0.9844423284391534
s1002,lung_upper_lobe_right,0.9666,0.9129134492145402,0.97123597936508
s1002,pulmonary_vein,0.9587,0.8357675817798664,0.7743516555555559
s1002,rib_left_1,0.6962,0.5043373844516271,0.641343893253968
s1002,rib_left_10,0.9743,0.513991061592036,0.5061497344516596
s1002,rib_left_2,0.9631,0.9160065333535846,0.8048045308201058
s1002,rib_left_3,0.9739,0.9777744674384715,0.9450464903439159
s1002,rib_left_4,0.975,0.8542169121063634,0.9219562765873017
s1002,rib_left_5,0.9736,0.9346374648592422,0.8091196126142381
s1002,rib_left_6,0.9596,0.7500259595509858,0.682589966534392
s1002,rib_left_7,0.956,0.7272002892340331,0.6898262345238095
s1002,rib_left_8,0.9813,0.5994276532167714,0.6703233489417983
s1002,rib_left_9,0.9858,0.6352037217325911,0.6007320575998075
s1002,rib_right_1,0.0,0.5485082386535307,0.34667189126984105
s1002,rib_right_2,0.8796,0.5554548324337817,0.6497361293650789
s1002,spleen,0.9703,0.8714023718918898,0.8110694346560844
s1002,sternum,0.8916,0.9624428962920673,0.9337469940476186
s1002,stomach,0.9469,0.9161081863411672,0.898488182275132
s1002,subclavian_artery_left,0.9482,0.8882172598156446,0.8555460924603169
s1002,superior_vena_cava,0.9729,0.937587445923237,0.9301971047619052
s1002,trachea,0.9768,0.9643132643034976,0.9209938392857138
s1002,vertebrae_T10,0.971,0.8141561958666438,0.8675545243386245
s1002,vertebrae_T11,0.9918,0.887603952731762,0.9199623206349211
s1002,vertebrae_T12,0.9908,0.8853189376842988,0.8261145845238095
s1002,vertebrae_T3,0.9777,0.8952503054151049,0.8371716417989414
s1002,vertebrae_T4,0.9878,0.8727687300967671,0.87884359616402
s1002,vertebrae_T5,0.9836,0.8252447649183128,0.861410788756613
s1002,vertebrae_T6,0.9794,0.8143693164337634,0.821314887566137
s1002,vertebrae_T7,0.9737,0.7258579287392961,0.7359704810846558
s1002,vertebrae_T8,0.9831,0.7643569260314589,0.785622327248677
s1002,vertebrae_T9,0.9688,0.8198617208366668,0.8418846431216929
s0991,adrenal_gland_left,0.9034,0.8286725057170556,0.8812511944444442
s0991,adrenal_gland_right,0.8958,0.8880875609747048,0.8565769501322751
s0991,aorta,0.9755,0.9643442349566989,0.9680452333333337
s0991,atrial_appendage_left,0.9371,0.9159538764694111,0.8855152695767194
s0991,autochthon_left,0.9693,0.9510970498611478,0.9614382283068785
s0991,autochthon_right,0.967,0.9642106418362464,0.9600071796296298
s0991,brachiocephalic_trunk,0.9076,0.90691663724798,0.8903078441798935
s0991,brachiocephalic_vein_left,0.9403,0.8550810781512628,0.88290852037037
s0991,brachiocephalic_vein_right,0.9134,0.9151236214436528,0.9010011989417993
s0991,clavicula_left,0.9728,0.9610299495200081,0.9586011464285719
s0991,clavicula_right,0.9742,0.9571127714125791,0.9477397556878306
s0991,colon,0.8085,0.8372092370212345,0.8647974734126992
s0991,common_carotid_artery_left,0.9196,0.8831971950780559,0.9010403071428565
s0991,common_carotid_artery_right,0.8517,0.846673019918341,0.8554995284391532
s0991,costal_cartilages,0.9006,0.91375341904245,0.8753318175925923
s0991,duodenum,0.7738,0.8436183225698077,0.8875002496031745
s0991,esophagus,0.9321,0.8782601986088912,0.8931132807960556
s0991,femur_left,0.9148,0.905980377677044,0.9018681658730159
s0991,femur_right,0.9861,0.9673354930961239,0.9559175288359779
s0991,gallbladder,0.9085,0.9198845458628905,0.8032111007936507
s0991,gluteus_maximus_left,0.9668,0.9455228817293441,0.9556564126984127
s0991,gluteus_maximus_right,0.9677,0.9623267081379145,0.962511806746031
s0991,gluteus_medius_left,0.9537,0.9426735576411024,0.9495723349206342
s0991,gluteus_medius_right,0.967,0.9456215146756064,0.9347335123015872
s0991,gluteus_minimus_left,0.9172,0.8351432555236359,0.8707724318783073
s0991,gluteus_minimus_right,0.9493,0.903278860029104,0.8940092571428572
s0991,heart,0.9431,0.9125213261334331,0.9368197067460318
s0991,hip_left,0.9707,0.9067678867913858,0.9659602440476199
s0991,hip_right,0.984,0.984062925815166,0.9751166781746035
s0991,humerus_left,0.9665,0.8778593727972718,0.9248194345598845
s0991,humerus_right,0.9673,0.8948527434707091,0.8765419164021169
s0991,iliac_artery_left,0.8791,0.9415212980094145,0.9215247484126987
s0991,iliac_artery_right,0.9096,0.9059012710179767,0.8782631218253967
s0991,iliac_vena_left,0.8876,0.882435702077818,0.8861518174603179
s0991,iliac_vena_right,0.9312,0.823897032459235,0.8883729648148151
s0991,iliopsoas_left,0.9569,0.9583935043783299,0.9431048526455021
s0991,iliopsoas_right,0.9676,0.9729338783847591,0.9523565461640212
s0991,inferior_vena_cava,0.9511,0.9343944324912165,0.9264550607142854
s0991,kidney_left,0.9861,0.9934882232995068,0.973339803174603
s0991,kidney_right,0.987,0.9679232909976798,0.9742741246031742
s0991,liver,0.9867,0.9922739176995566,0.9753929718614722
s0991,lung_lower_lobe_left,0.9924,0.9866423535352306,0.9883694035714279
s0991,lung_lower_lobe_right,0.9911,0.9824791292071792,0.9879774603174606
s0991,lung_middle_lobe_right,0.9774,1.0,0.9760062191798947
s0991,lung_upper_lobe_left,0.9946,0.9875725129412348,0.9910310164261658
s0991,lung_upper_lobe_right,0.9879,0.98979245183117,0.9841826730399232
s0991,pancreas,0.93,0.8644290682682462,0.8781583078042335
s0991,portal_vein_and_splenic_vein,0.894,0.781470576666959,0.8268777069264068
s0991,pulmonary_vein,0.9477,0.8965188416462381,0.8925094701058197
s0991,rib_left_1,0.9429,0.9515844833055171,0.9179937189153442
s0991,rib_left_10,0.9798,0.8721293761174189,0.8626400654761903
s0991,rib_left_11,0.9741,0.9754749230935412,0.9489087793650791
s0991,rib_left_12,0.9426,0.9224303579929005,0.8836609660052914
s0991,rib_left_2,0.9742,0.950001650355424,0.9454086076719581
s0991,rib_left_3,0.9669,0.9474559582760425,0.937515028835978
s0991,rib_left_4,0.9715,0.9444722956117007,0.9476858711640208
s0991,rib_left_5,0.9737,0.9553775151972755,0.9568093440476186
s0991,rib_left_6,0.9741,0.9813336061467216,0.9503753103174608
s0991,rib_left_7,0.9724,0.9710816700233676,0.9524069619047615
s0991,rib_left_8,0.974,0.8952758908422486,0.7601299197089946
s0991,rib_left_9,0.9791,0.9420889295032734,0.9489559424603177
s0991,rib_right_1,0.9134,0.9814414168811908,0.9437196797619047
s0991,rib_right_10,0.9663,0.8351370191468518,0.9029280444444445
s0991,rib_right_11,0.9599,0.8462824718804003,0.897475088095238
s0991,rib_right_12,0.9636,0.9094944795991832,0.895793158994709
s0991,rib_right_2,0.9563,0.9454820949478976,0.9477071251322748
s0991,rib_right_3,0.9714,0.9590443196687101,0.9418279110028861
s0991,rib_right_4,0.9701,0.8798647024052465,0.9314992037277542
s0991,rib_right_5,0.9652,0.9552234471050388,0.9415553840187594
s0991,rib_right_6,0.9656,0.950408270751911,0.9063900482804229
s0991,rib_right_7,0.9725,0.9782990114615797,0.9524331477753732
s0991,rib_right_8,0.9787,0.927212184205786,0.8269445615079367
s0991,rib_right_9,0.9792,0.9572888184700488,0.9520956273809528
s0991,sacrum,0.9375,0.9722690799488647,0.9340214400793649
s0991,scapula_left,0.9698,0.9366077440686381,0.9585165457671955
s0991,scapula_right,0.9696,0.956871138697621,0.9549234455266958
s0991,small_bowel,0.8187,0.9294051299900246,0.9234696857142857
s0991,spinal_cord,0.9629,0.9499847687966955,0.9284889525252529
s0991,spleen,0.9866,0.9509695638413462,0.9753788500481001
s0991,sternum,0.9214,0.9632684473452119,0.9266301690476199
s0991,stomach,0.9678,0.8980407023633041,0.9191113427248674
s0991,subclavian_artery_left,0.893,0.8591985829847358,0.8709075240740738
s0991,subclavian_artery_right,0.8854,0.816242085024053,0.8817714464285713
s0991,superior_vena_cava,0.9532,0.9178222835056857,0.9045988324074079
s0991,thyroid_gland,0.8151,0.766150876686959,0.7439161638888888
s0991,trachea,0.98,0.9693306409310365,0.9532508298941798
s0991,urinary_bladder,0.9214,0.8726097653343067,0.8729152833333338
s0991,vertebrae_C7,0.9739,0.8886838471062122,0.8380849388888887
s0991,vertebrae_L1,0.9823,1.0,0.9837634921957673
s0991,vertebrae_L2,0.9862,0.9968615814667156,0.9828441989417986
s0991,vertebrae_L3,0.9833,0.9940800483707755,0.9802891916666672
s0991,vertebrae_L4,0.9798,1.0,0.9814857505291009
s0991,vertebrae_L5,0.9763,1.0,0.9628861246031751
s0991,vertebrae_S1,0.9348,0.9921012173262089,0.9808983876984126
s0991,vertebrae_T1,0.9784,0.9090440839664712,0.9109772146825396
s0991,vertebrae_T10,0.9689,0.9146695033118455,0.9704983714285712
s0991,vertebrae_T11,0.9761,0.9393326253884836,0.9598871326238579
s0991,vertebrae_T12,0.9804,0.9926161714021169,0.9765521765873016
s0991,vertebrae_T2,0.9833,0.9398393631570969,0.9388751047619053
s0991,vertebrae_T3,0.9855,0.9075401207324971,0.9383239144179896
s0991,vertebrae_T4,0.9808,0.96561324374986,0.9486183071428567
s0991,vertebrae_T5,0.9831,0.9724786578891865,0.9551109653439155
s0991,vertebrae_T6,0.9811,0.9690419327666872,0.9704912033068782
s0991,vertebrae_T7,0.9769,1.0,0.9764552238095234
s0991,vertebrae_T8,0.9748,0.9666538096185561,0.9745084043650803
s0991,vertebrae_T9,0.9754,0.974852790307733,0.972476880772006
s0874,aorta,0.9687,0.9155934574203918,0.8604932812169312
s0874,autochthon_left,0.9383,0.9385795276360815,0.9424497965608462
s0874,autochthon_right,0.9492,0.9302225838480469,0.9408101362433862
s0874,brachiocephalic_trunk,0.9195,0.8976366323270453,0.873401186447811
s0874,brachiocephalic_vein_left,0.9529,0.8048230563883176,0.8710165005291005
s0874,brachiocephalic_vein_right,0.9226,0.8987664535303457,0.9027840288119294
s0874,brain,0.9773,0.9544294926598116,0.9523729272486774
s0874,clavicula_left,0.9819,0.9811505028124132,0.9412372908730164
s0874,clavicula_right,0.9723,0.9607691560324038,0.9489150617724871
s0874,common_carotid_artery_left,0.9024,0.879218524486123,0.880932553439153
s0874,common_carotid_artery_right,0.8698,0.8715886311991747,0.8732344528860029
s0874,costal_cartilages,0.613,0.8604651245126128,0.7789838896214892
s0874,esophagus,0.8926,0.8698059873669072,0.8930684626984137
s0874,lung_lower_lobe_left,0.9461,1.0,0.8680193117724874
s0874,lung_lower_lobe_right,0.2491,0.6604494915779751,0.38475852142857137
s0874,lung_upper_lobe_left,0.9915,0.9494610201759479,0.9534112148148143
s0874,lung_upper_lobe_right,0.9752,0.9291389294448437,0.9151244507936511
s0874,rib_left_1,0.8484,0.96516997930985,0.9535404292328038
s0874,rib_left_2,0.9325,0.9421595770878467,0.9528307296296301
s0874,rib_left_3,0.8935,0.9510854073233508,0.9131250190476186
s0874,rib_left_4,0.9344,0.9437357422974779,0.8813672019841264
s0874,rib_right_1,0.9125,0.9665497824351028,0.9492615186507938
s0874,rib_right_2,0.9609,0.914069826807727,0.9445364952380957
s0874,rib_right_3,0.9424,0.5502006416090504,0.6587408116402117
s0874,rib_right_4,0.9426,0.8916350854866676,0.9363960178571427
s0874,scapula_left,0.9061,0.9308602404755713,0.9289971006613761
s0874,scapula_right,0.9039,0.9609763396783383,0.9286216329365082
s0874,skull,0.9609,0.9362377356087395,0.9533685972222224
s0874,spinal_cord,0.9221,0.9394341105110356,0.9262250169312171
s0874,sternum,0.8775,0.9611404170500544,0.9374925249999996
s0874,subclavian_artery_left,0.9278,0.8577458740874533,0.8644556193121695
s0874,subclavian_artery_right,0.8719,0.8210352885673482,0.8665498293650793
s0874,superior_vena_cava,0.9364,0.9026110092783106,0.8739415133357382
s0874,thyroid_gland,0.9009,0.9122913456197937,0.8919372074074075
s0874,trachea,0.9316,0.9331161636227684,0.9271335932539684
s0874,vertebrae_C1,0.8916,0.8926974243651703,0.8840442230399241
s0874,vertebrae_C2,0.9753,0.9641820868052517,0.9425863749999999
s0874,vertebrae_C3,0.9692,0.9381662922851534,0.9469262021164021
s0874,vertebrae_C4,0.9311,0.9538111617915227,0.9075442842592601
s0874,vertebrae_C5,0.9278,0.873696113683163,0.8935550116402126
s0874,vertebrae_C6,0.9459,0.8887323839448289,0.9602180857142848
s0874,vertebrae_C7,0.9494,0.8838376828805616,0.9345581260582007
s0874,vertebrae_T1,0.9495,0.8110804738169909,0.9638086853294858
s0874,vertebrae_T2,0.9803,0.8520930447599646,0.9494513720899471
s0874,vertebrae_T3,0.9747,0.8191039557652814,0.8539206063492063
s0874,vertebrae_T4,0.9599,0.9275670173993419,0.9376370968253964
s0874,vertebrae_T5,0.8077,0.4695763126424122,0.5113763638888886
s0839,aorta,0.9786,0.9873765205086972,0.7743831584656089
s0839,atrial_appendage_left,0.9248,0.9019846001205989,0.9093989289682537
s0839,costal_cartilages,0.83,0.7587171952798558,0.7708626906084661
s0839,esophagus,0.9367,0.8345851008353813,0.8572353183261182
s0839,heart,0.9386,0.9420689287629824,0.8521237572751327
s0839,inferior_vena_cava,0.8573,0.9380535654543187,0.8983187394179895
s0839,liver,0.9496,0.9179853800378007,0.9536445847883603
s0839,lung_lower_lobe_left,0.9637,0.9567444099612409,0.9677313464285713
s0839,lung_lower_lobe_right,0.9859,0.9873105032891721,0.9753851337301586
s0839,lung_middle_lobe_right,0.96,0.9627940732648196,0.9605661515873013
s0839,lung_upper_lobe_left,0.9353,1.0,0.9692610412698411
s0839,lung_upper_lobe_right,0.9292,0.9702289287676027,0.8864760376984122
s0839,pulmonary_vein,0.9244,0.9661214942719436,0.7816641185185191
s0839,rib_left_3,0.0,0.10369364749827778,0.2185589912698412
s0839,rib_left_4,0.8179,0.31737223269085846,0.47854658492063473
s0839,rib_left_5,0.8759,0.21006216623866894,0.3476313246031747
s0839,rib_left_6,0.7528,0.6658051795279427,0.5591772817460317
s0839,rib_right_3,0.4769,0.07125740175689935,0.5011102150793647
s0839,rib_right_4,0.0,0.3281756576336555,0.5206868690476186
s0839,rib_right_5,0.0,0.4087296562079313,0.280910776190476
s0839,spinal_cord,0.0,0.13225265779783196,0.24437771659451665
s0839,spleen,0.9525,0.8806613855152949,0.8550922280423279
s0839,sternum,0.9474,0.9133193265045343,0.8587748859788358
s0839,stomach,0.825,0.9000275982263488,0.8777216976190474
s0839,superior_vena_cava,0.9403,0.871691687568528,0.8679715801587303
s0839,vertebrae_T10,0.9911,0.9961098555396583,0.9035180357864353
s0839,vertebrae_T11,0.9855,1.0,0.9160678778499279
s0839,vertebrae_T12,0.9831,1.0,0.8834880261904761
s0839,vertebrae_T7,0.9689,0.7678150328755069,0.7754285416666663
s0839,vertebrae_T8,0.9649,0.9051397299188314,0.8761688929894175
s0839,vertebrae_T9,0.9842,0.9901203187278816,0.8962454945767191
s0867,aorta,0.5809,0.8268494328693666,0.8490272719576718
s0867,autochthon_left,0.9465,0.9388563603653398,0.9447802593915344
s0867,autochthon_right,0.9279,0.9750879307662131,0.9433120388888888
s0867,brachiocephalic_trunk,0.8919,0.8593785090840078,0.8913575622655122
s0867,brachiocephalic_vein_left,0.817,0.8068020229567039,0.8912994210317462
s0867,brachiocephalic_vein_right,0.9312,0.8382195047845391,0.9033142384920632
s0867,brain,0.8854,0.9232656877456143,0.9432244666666666
s0867,clavicula_left,0.9663,0.9046789672575342,0.9272529511904762
s0867,clavicula_right,0.9516,0.8752366794994192,0.9175869527777772
s0867,common_carotid_artery_left,0.9222,0.917540379440789,0.8980947269841274
s0867,common_carotid_artery_right,0.8883,0.9416789383096675,0.8925250707671961
s0867,costal_cartilages,0.7771,0.7541998555456325,0.7752154523809525
s0867,esophagus,0.9117,0.8792374184339428,0.8604575390211636
s0867,lung_lower_lobe_left,0.0915,0.24759425011170658,0.2951285849206351
s0867,lung_upper_lobe_left,0.9455,0.9913646099478366,0.969306890163539
s0867,lung_upper_lobe_right,0.9552,0.9707916524636634,0.9687315885762384
s0867,rib_left_1,0.8856,0.9599245521290088,0.9264337728835985
s0867,rib_left_2,0.8941,0.7979024467738989,0.7255476144179899
s0867,rib_left_3,0.8358,0.7990603860278352,0.7855986343915344
s0867,rib_right_1,0.9023,0.9164389363930693,0.9301593126984132
s0867,rib_right_2,0.6054,0.689099714903445,0.7038291992063491
s0867,rib_right_3,0.5483,0.923459371127741,0.7988954685425684
s0867,rib_right_4,0.0,0.7037215255720216,0.4122391162698412
s0867,scapula_left,0.7927,0.8330208727591445,0.8998439403439151
s0867,scapula_right,0.7486,0.924182779998292,0.8986809585978843
s0867,skull,0.9227,0.9051089976403096,0.8017069317460317
s0867,spinal_cord,0.9035,0.9264110947723414,0.9351797727032223
s0867,sternum,0.8862,0.8594098950333173,0.8460036714285722
s0867,subclavian_artery_left,0.8946,0.8385885732185482,0.8581093452380955
s0867,subclavian_artery_right,0.8568,0.8366906353402679,0.8590415809523813
s0867,thyroid_gland,0.8991,0.8588290672375826,0.8411450369047622
s0867,trachea,0.9655,0.8930901039985844,0.8980709062169315
s0867,vertebrae_C1,0.9323,0.8373390955386019,0.8701943423280424
s0867,vertebrae_C2,0.9689,0.9753949255655022,0.9552932187830692
s0867,vertebrae_C3,0.9551,0.8804603767850739,0.916065267857143
s0867,vertebrae_C4,0.9473,0.8897920701530148,0.9194772702380957
s0867,vertebrae_C5,0.9309,0.921058870634221,0.8996993996031742
s0867,vertebrae_C6,0.9126,0.9730175036077695,0.9380857941798945
s0867,vertebrae_C7,0.9288,0.9571169488577684,0.961604971296296
s0867,vertebrae_T1,0.9679,0.9650438984849763,0.9567052373015876
s0867,vertebrae_T2,0.8143,0.974170403705765,0.9598854568783071
s0867,vertebrae_T3,0.5749,0.9256724874777551,0.8944323031746031
s0832,aorta,0.9842,0.9606341266305801,0.82969347989418
s0832,atrial_appendage_left,0.9004,0.937101025489561,0.9391766253968257
s0832,autochthon_left,0.9696,0.944005542321824,0.9392517452380954
s0832,autochthon_right,0.9632,0.9376852719621391,0.9360385239417983
s0832,colon,0.9099,0.9276861302552942,0.8894440600529108
s0832,costal_cartilages,0.8487,0.9231517839517558,0.855589892460318
s0832,esophagus,0.9155,0.8819738939698031,0.9016519924603176
s0832,heart,0.9367,0.9528419109471321,0.9327903276455028
s0832,inferior_vena_cava,0.8595,0.8680516359241256,0.8909026564814818
s0832,liver,0.9825,0.9482950748052542,0.9518223276455031
s0832,lung_lower_lobe_left,0.9885,0.9404776061211779,0.9604663392857133
s0832,lung_lower_lobe_right,0.9921,0.9909907185232039,0.9892384662698411
s0832,lung_middle_lobe_right,0.9771,0.9359110496305069,0.9627682640211629
s0832,lung_upper_lobe_left,0.9903,0.9911498665531548,0.971911457275132
s0832,lung_upper_lobe_right,0.9761,0.9656434509553913,0.975129185317461
s0832,pancreas,0.8154,0.6453337264563059,0.5695877087301582
s0832,portal_vein_and_splenic_vein,0.4194,0.5140901759264471,0.6010320030423275
s0832,pulmonary_vein,0.9495,0.9336240066413112,0.8834540896825396
s0832,rib_left_10,0.9667,0.9064560912192408,0.9618246142736884
s0832,rib_left_11,0.9513,0.889003006847521,0.7205035406084651
s0832,rib_left_12,0.4905,0.5601116014487005,0.7589237988095237
s0832,rib_left_4,0.9402,0.8338043116054388,0.8722056373015871
s0832,rib_left_5,0.9731,0.9769842998764456,0.9420061452380948
s0832,rib_left_6,0.9766,1.0,0.951323858862434
s0832,rib_left_7,0.9763,0.9429825184422056,0.9588324313492058
s0832,rib_left_8,0.9791,0.9892836902145142,0.9613056547619044
s0832,rib_left_9,0.9747,0.9945400195485281,0.9432276337301588
s0832,rib_right_10,0.093,0.7256247115142084,0.5752261633597883
s0832,rib_right_11,0.1068,0.7194627422639682,0.7233476806878312
s0832,rib_right_12,0.6479,0.3187169509880158,0.6332159984126982
s0832,rib_right_3,0.0,0.6847555077533651,0.599705387433862
s0832,rib_right_4,0.286,0.7535017517471249,0.7049732783068778
s0832,rib_right_5,0.2194,0.5315884584900448,0.69016843505291
s0832,rib_right_6,0.202,0.7690511132501222,0.7204814097883596
s0832,rib_right_7,0.257,0.6583186379601336,0.6757117304232806
s0832,rib_right_8,0.1798,0.5432631674588269,0.5476394955026458
s0832,rib_right_9,0.0931,0.639853609663661,0.6029354451058201
s0832,scapula_left,0.9643,0.9737447403050007,0.9287616363756613
s0832,scapula_right,0.9661,0.958453063950768,0.9310734978835978
s0832,spinal_cord,0.9591,0.9158237176242626,0.9182805347883594
s0832,spleen,0.9755,0.9537330926548165,0.9367793768518531
s0832,sternum,0.9569,0.9203676103458062,0.8747318010582021
s0832,stomach,0.9527,0.9146994137640923,0.9018111460678216
s0832,superior_vena_cava,0.9314,0.8933655266035954,0.8770971462962963
s0832,trachea,0.9483,0.8641633411382735,0.8164854062289567
s0832,vertebrae_T10,0.9753,0.9457768644457624,0.9317665977513228
s0832,vertebrae_T11,0.9765,0.9703356111870287,0.9616653581048581
s0832,vertebrae_T12,0.9819,0.9756933413541307,0.9452238178571423
s0832,vertebrae_T5,0.9189,0.6117517647844569,0.40780314113756605
s0832,vertebrae_T6,0.9512,0.6674466403592632,0.6996380436868685
s0832,vertebrae_T7,0.9526,0.9053760898714656,0.9196578421717169
s0832,vertebrae_T8,0.9823,0.9109991436042205,0.922995612806638
s0832,vertebrae_T9,0.9791,0.9512362561180879,0.9317284302669561
s0824,adrenal_gland_left,0.3438,0.6491144171618723,0.7111522698412699
s0824,adrenal_gland_right,0.7103,0.5476524851128656,0.4671365767195769
s0824,aorta,0.9802,0.9574601143554606,0.9646363025853781
s0824,atrial_appendage_left,0.8976,0.8804903525029497,0.8555090765873016
s0824,autochthon_left,0.9595,0.9676409329806916,0.9327960161375658
s0824,autochthon_right,0.9545,0.9531687039945677,0.9330354259259254
s0824,brachiocephalic_trunk,0.9463,0.8863233915468545,0.871595098015873
s0824,brachiocephalic_vein_left,0.9377,0.8957733165183789,0.8942336654761909
s0824,brachiocephalic_vein_right,0.8756,0.6555148736012678,0.8306484686507936
s0824,clavicula_left,0.9726,0.9596038536897065,0.949956390873016
s0824,clavicula_right,0.9728,0.9549099390378069,0.9497914887566138
s0824,common_carotid_artery_left,0.9238,0.9059831931434618,0.8778345031746041
s0824,common_carotid_artery_right,0.8542,0.6793792433886502,0.735220852777778
s0824,costal_cartilages,0.8696,0.8377632788519267,0.8251144555555553
s0824,esophagus,0.8898,0.8927398132905833,0.8958993720899482
s0824,heart,0.9257,0.8662943881317121,0.9115033164021158
s0824,humerus_left,0.9744,0.9516817987798746,0.9125494968253972
s0824,humerus_right,0.9741,0.9338551673177004,0.9262459056878308
s0824,iliopsoas_right,0.0,0.3482701136002224,0.28699990000000014
s0824,inferior_vena_cava,0.8595,0.8535354051465778,0.9075514178571431
s0824,liver,0.9856,0.9722614309934445,0.9587369209716208
s0824,lung_lower_lobe_left,0.9751,1.0,0.9828193468253972
s0824,lung_lower_lobe_right,0.9875,0.98014058486446,0.9679979400793648
s0824,lung_middle_lobe_right,0.9774,0.9796793828696372,0.9625847007936509
s0824,lung_upper_lobe_left,0.9861,0.9973986339277958,0.9624801712962963
s0824,lung_upper_lobe_right,0.991,0.9874860418389538,0.9722203506613757
s0824,portal_vein_and_splenic_vein,0.7997,0.7774462387545494,0.6629941658730166
s0824,pulmonary_vein,0.9173,0.8809371840167266,0.8551409337301588
s0824,rib_left_1,0.9425,0.8667334259522764,0.9225277029100531
s0824,rib_left_10,0.9755,0.8373858217634497,0.9362100440476193
s0824,rib_left_11,0.969,0.5615775800580467,0.8868267006613759
s0824,rib_left_12,0.9636,0.55372394908716,0.8507517247354494
s0824,rib_left_2,0.9451,0.835215141073433,0.834378958730159
s0824,rib_left_3,0.9476,0.984821322536313,0.9195971048941803
s0824,rib_left_4,0.965,0.9145516582696214,0.9532466760582018
s0824,rib_left_5,0.954,0.9169166242686818,0.9252603293650793
s0824,rib_left_6,0.9645,0.891915177706022,0.9204086174603175
s0824,rib_left_7,0.9703,0.8702175886158264,0.9122398726190478
s0824,rib_left_8,0.9689,0.9602178974747885,0.9364797845238099
s0824,rib_left_9,0.9703,1.0,0.9555023051587291
s0824,rib_right_1,0.9407,0.8520986041857628,0.91691510489418
s0824,rib_right_10,0.963,0.8807245422280072,0.8968511761904756
s0824,rib_right_11,0.9512,0.5813288329804892,0.8807881124338623
s0824,rib_right_12,0.9485,0.7117820578348614,0.8263608949735448
s0824,rib_right_2,0.9372,0.854424158197112,0.9165622944444457
s0824,rib_right_3,0.9341,0.9471610664408717,0.9295004623015869
s0824,rib_right_4,0.9546,0.9255443415393291,0.9397346829365076
s0824,rib_right_5,0.9478,0.8760604897845709,0.9401258199735448
s0824,rib_right_6,0.955,0.8084491816440723,0.9010939809523816
s0824,rib_right_7,0.9445,0.9390706819136768,0.936538135846561
s0824,rib_right_8,0.97,0.8541699326442694,0.9434129563492056
s0824,rib_right_9,0.9567,0.9764393535520821,0.9543581658730154
s0824,scapula_left,0.9579,0.9893102280958771,0.9515488150793648
s0824,scapula_right,0.9543,0.9744991997819716,0.9389918333333335
s0824,spinal_cord,0.9531,0.9818740978117745,0.9341361910052912
s0824,spleen,0.9685,0.9609469627600632,0.9603743850048102
s0824,sternum,0.9395,0.9514259854035366,0.8933642994709
s0824,stomach,0.9665,1.0,0.9533677906806156
s0824,subclavian_artery_left,0.9246,0.857112021559154,0.8821436197089948
s0824,subclavian_artery_right,0.9354,0.8817250843043288,0.8873333494708997
s0824,superior_vena_cava,0.931,0.8799043535938169,0.9004655142857153
s0824,thyroid_gland,0.3415,0.8049819364395567,0.7916635801587308
s0824,trachea,0.9653,0.9531366132304009,0.946049327777778
s0824,vertebrae_C5,0.9478,0.7220252143353428,0.7710103888888888
s0824,vertebrae_C6,0.9315,0.8269204422329508,0.863598752513227
s0824,vertebrae_C7,0.9342,0.971490880922818,0.9271104624338623
s0824,vertebrae_L1,0.9771,0.9972713064765593,0.8864494183862431
s0824,vertebrae_T1,0.9705,0.9758611916665434,0.9458691525132268
s0824,vertebrae_T10,0.9805,0.9295276503876928,0.9715853903439158
s0824,vertebrae_T11,0.9813,0.9904030570786296,0.9460560183862439
s0824,vertebrae_T12,0.9831,0.9567807291429821,0.9586154218253974
s0824,vertebrae_T2,0.9777,0.9671614138022295,0.9599564178571429
s0824,vertebrae_T3,0.9725,0.9171552138315094,0.9537491793650796
s0824,vertebrae_T4,0.965,0.983291754227391,0.9536156932539679
s0824,vertebrae_T5,0.9669,0.9773026192014758,0.9581420048941797
s0824,vertebrae_T6,0.9481,0.9571615732638641,0.9623576156084657
s0824,vertebrae_T7,0.9599,0.9759963018527779,0.966649100925926
s0824,vertebrae_T8,0.9764,0.9266034809258323,0.9630199189153439
s0824,vertebrae_T9,0.9731,0.9545820101546566,0.9674884066137572
s0808,adrenal_gland_left,0.826,0.9074579711724717,0.8117665931216921
s0808,adrenal_gland_right,0.8997,0.8731088913213646,0.8385637886243379
s0808,aorta,0.9717,0.9703895841590285,0.9674643532356528
s0808,atrial_appendage_left,0.8268,0.8709401338722764,0.8866163296296292
s0808,autochthon_left,0.9495,0.9505828218185299,0.9341072361111111
s0808,autochthon_right,0.9526,0.9941144407919333,0.927796641269841
s0808,brachiocephalic_trunk,0.9346,0.9352250017489983,0.909169033394383
s0808,brachiocephalic_vein_left,0.9446,0.8858481303840684,0.9019974058802315
s0808,brachiocephalic_vein_right,0.7735,0.9250414488567528,0.8962090182539681
s0808,clavicula_left,0.9544,0.9485060957074,0.9563083025132276
s0808,clavicula_right,0.9608,0.981003240473669,0.9040338000000001
s0808,colon,0.7567,0.8208286979867293,0.682845851190477
s0808,common_carotid_artery_left,0.9043,0.8589164178031526,0.8958738841269833
s0808,common_carotid_artery_right,0.8395,0.8999856393664303,0.8668607554232803
s0808,costal_cartilages,0.7828,0.7429131516897503,0.7770945650793651
s0808,esophagus,0.9197,0.8985583866112082,0.9053279619047612
s0808,heart,0.9337,0.9497793946480284,0.9462255658730166
s0808,humerus_left,0.9626,0.9471388663304025,0.9404178174603173
s0808,humerus_right,0.9722,0.9242483443772126,0.9120089234126983
s0808,iliopsoas_right,0.7048,0.8175571611105178,0.6831989691678693
s0808,inferior_vena_cava,0.9079,0.8575942558577999,0.884453383333334
s0808,kidney_left,0.9725,0.8959184836689414,0.8724092754329009
s0808,kidney_right,0.5611,0.9725535216555152,0.8422918107142863
s0808,liver,0.9819,0.9575331772512672,0.9682274386724387
s0808,lung_lower_lobe_left,0.9887,0.9946088734311029,0.9824497661375668
s0808,lung_lower_lobe_right,0.9884,0.9768719094106105,0.9712036474867733
s0808,lung_middle_lobe_right,0.9535,0.9832053903107121,0.9537667555555565
s0808,lung_upper_lobe_left,0.9938,0.9943191945453231,0.986784034920635
s0808,lung_upper_lobe_right,0.9773,0.9952514196995633,0.9833433341269834
s0808,pancreas,0.8233,0.9093297178378502,0.7952207761904766
s0808,portal_vein_and_splenic_vein,0.8057,0.9483808217995024,0.8511482335978833
s0808,pulmonary_vein,0.9241,0.9437620207899381,0.8868642693121689
s0808,rib_left_1,0.873,0.9018528140890675,0.9097852174603183
s0808,rib_left_10,0.9347,0.37580133491354933,0.6590191412698411
s0808,rib_left_11,0.8298,0.6607797659870697,0.6391116940476192
s0808,rib_left_12,0.6954,0.8493597032191295,0.8412600460317464
s0808,rib_left_2,0.9376,0.9489676871393057,0.9452703645502646
s0808,rib_left_3,0.9295,0.8747170232825151,0.937210464682539
s0808,rib_left_4,0.9379,0.9058349644985554,0.946713092328042
s0808,rib_left_5,0.9617,0.9377026108292625,0.9457390863756621
s0808,rib_left_6,0.9585,0.8174806742895658,0.9433223523809527
s0808,rib_left_7,0.9544,0.842261106195352,0.9055017755291006
s0808,rib_left_8,0.9399,0.7888861094340585,0.780368997751323
s0808,rib_left_9,0.9421,0.5878460753392378,0.735696527380952
s0808,rib_right_1,0.9174,0.8806220692404675,0.9080622865079365
s0808,rib_right_10,0.9335,0.43917844851174165,0.64368083015873
s0808,rib_right_11,0.9403,0.6144173836032522,0.7376410510582014
s0808,rib_right_12,0.9096,0.5822186389207707,0.6830920235449736
s0808,rib_right_2,0.9507,0.9387134969063105,0.9419746317460317
s0808,rib_right_3,0.943,0.8939950527048405,0.9405779403439144
s0808,rib_right_4,0.9659,0.8811321955402213,0.9508398659932658
s0808,rib_right_5,0.9534,0.883723793371336,0.9472419039682546
s0808,rib_right_6,0.9731,0.7910784291907011,0.9406993013227517
s0808,rib_right_7,0.9617,0.8556433854661257,0.9030174779100526
s0808,rib_right_8,0.9556,0.7672554827175171,0.7355182060846562
s0808,rib_right_9,0.9518,0.7423791477763194,0.7062380873015871
s0808,scapula_left,0.9543,0.9277029313465047,0.9160967026455016
s0808,scapula_right,0.9587,0.9367340779448684,0.9221995396825393
s0808,skull,0.9258,0.8562594398008045,0.8792036705026449
s0808,spinal_cord,0.9411,0.9201030947346884,0.9309151349206345
s0808,spleen,0.9835,0.9520376333407782,0.9478580383597887
s0808,sternum,0.916,0.9602068734818648,0.9246082117724871
s0808,stomach,0.975,0.8517263098525497,0.9262957797619049
s0808,subclavian_artery_left,0.8383,0.8741700550850658,0.885900053042328
s0808,subclavian_artery_right,0.9113,0.9028202872164243,0.9012803169312167
s0808,superior_vena_cava,0.896,0.9708037356386789,0.9156161108465606
s0808,thyroid_gland,0.6038,0.6382446413795658,0.6348726452380955
s0808,trachea,0.9726,0.9751441468673638,0.9538054686507936
s0808,vertebrae_C5,0.7805,0.9354592088059484,0.8629623272486782
s0808,vertebrae_C6,0.8833,0.8640589606033836,0.906670121428572
s0808,vertebrae_C7,0.9403,0.8797279953353094,0.929978069179895
s0808,vertebrae_L1,0.9635,0.958942495206703,0.89438994491342
s0808,vertebrae_T1,0.9687,0.9642858753424034,0.9508022107142861
s0808,vertebrae_T10,0.9797,0.9705685786864311,0.9589826660052911
s0808,vertebrae_T11,0.8836,0.7339511819640786,0.8284698186507942
s0808,vertebrae_T12,0.8704,0.9411070936720592,0.9170420547619049
s0808,vertebrae_T2,0.9736,0.9357125691932321,0.9413160617724871
s0808,vertebrae_T3,0.9718,0.8419970410481619,0.9302089412698412
s0808,vertebrae_T4,0.9738,0.8791843231673213,0.9227373558201054
s0808,vertebrae_T5,0.9639,0.8280902956295824,0.8938586002645504
s0808,vertebrae_T6,0.9756,0.9169112566321972,0.9430376248677247
s0808,vertebrae_T7,0.9733,0.9827147599205489,0.9542697669312175
s0808,vertebrae_T8,0.9796,0.9995799349139004,0.9517717272486778
s0808,vertebrae_T9,0.9778,0.9763790462696414,0.9245631432539686
s0794,adrenal_gland_left,0.9421,0.942497374561374,0.8825449039682541
s0794,adrenal_gland_right,0.9329,0.9086667716339518,0.887207255555557
s0794,aorta,0.9747,0.9609638730968453,0.9612850661375667
s0794,atrial_appendage_left,0.9389,0.759312164931262,0.8591918710317462
s0794,autochthon_left,0.9713,0.9658021102261428,0.9560625396825392
s0794,autochthon_right,0.974,0.9679807474278336,0.9583315146825397
s0794,brachiocephalic_trunk,0.9223,0.8739264643610172,0.889258208333333
s0794,brachiocephalic_vein_left,0.9533,0.9180481351907216,0.9103262085978838
s0794,brachiocephalic_vein_right,0.86,0.92720335274902,0.8955249025132275
s0794,clavicula_left,0.985,0.9943522712892542,0.9653442833092837
s0794,clavicula_right,0.9628,0.9734870103169455,0.9560392588624343
s0794,colon,0.9591,0.8864000495164372,0.9221815007936516
s0794,common_carotid_artery_left,0.9403,0.9117470562053716,0.8818796338624342
s0794,common_carotid_artery_right,0.8915,0.8960961324953295,0.8076212876984125
s0794,costal_cartilages,0.9154,0.8746719209709631,0.8735751170634926
s0794,duodenum,0.9034,0.8697452683330341,0.8838161222222232
s0794,esophagus,0.9572,0.9256026855878755,0.9181888297619046
s0794,femur_left,0.9876,0.9808255705121951,0.960451661111111
s0794,femur_right,0.9885,1.0,0.9781322804232807
s0794,gallbladder,0.8927,0.9610560831267564,0.9148980099567103
s0794,gluteus_maximus_left,0.9721,0.9593948716970813,0.9637958095238086
s0794,gluteus_maximus_right,0.9742,0.9674648998813251,0.965836564947089
s0794,gluteus_medius_left,0.9671,0.9188036240986915,0.936986169444444
s0794,gluteus_medius_right,0.9686,0.9558076000325058,0.9547929880952379
s0794,gluteus_minimus_left,0.9517,0.9389847656722048,0.9274421813492069
s0794,gluteus_minimus_right,0.9563,0.9270016056672447,0.9291524197089946
s0794,heart,0.9429,0.941485398209208,0.9371707841269837
s0794,hip_left,0.9863,0.9876112370851621,0.9727695742063497
s0794,hip_right,0.9853,0.9914859049287732,0.9763787174603177
s0794,humerus_left,0.9825,0.9714291671702207,0.910241652513228
s0794,humerus_right,0.976,0.9891939629315248,0.9200593628306878
s0794,iliac_artery_left,0.8756,0.8717341920700673,0.8776988500360752
s0794,iliac_artery_right,0.9351,0.8206709755848788,0.8666882333694084
s0794,iliac_vena_left,0.9466,0.9241283093107914,0.9212171972222224
s0794,iliac_vena_right,0.9343,0.9172813087304199,0.9103534558201062
s0794,iliopsoas_left,0.9627,0.9538871642113294,0.9502983809523808
s0794,iliopsoas_right,0.967,0.9427939328397412,0.9363560837301587
s0794,inferior_vena_cava,0.9541,0.9477298917532008,0.9260732994708991
s0794,kidney_left,0.9849,0.9969549708298189,0.9647227333333344
s0794,kidney_right,0.9832,0.9807359213937399,0.9645825772486776
s0794,liver,0.9896,0.9767963258169089,0.977092765608466
s0794,lung_lower_lobe_left,0.9932,0.9609482446300156,0.9901073981601733
s0794,lung_lower_lobe_right,0.9906,0.9610827242309429,0.988415348556999
s0794,lung_middle_lobe_right,0.9802,0.9537596544889192,0.9548578667989418
s0794,lung_upper_lobe_left,0.9949,0.9851931633918828,0.9849152212962968
s0794,lung_upper_lobe_right,0.9894,0.9836315052689918,0.9689239349326597
s0794,pancreas,0.9602,0.9130208662426772,0.9034712599206353
s0794,portal_vein_and_splenic_vein,0.8984,0.8762272537953065,0.8840259358465615
s0794,pulmonary_vein,0.9464,0.9189716092970096,0.8828214472222226
s0794,rib_left_1,0.948,0.9434554875981002,0.9363249859788357
s0794,rib_left_10,0.972,0.9720280408160872,0.9616150706349202
s0794,rib_left_11,0.9647,0.9540295986380722,0.9608633849206347
s0794,rib_left_12,0.9061,0.9358260106708781,0.8843031191798949
s0794,rib_left_2,0.964,0.9032404459899538,0.9448811785714287
s0794,rib_left_3,0.9648,0.963657858942848,0.9579231478354973
s0794,rib_left_4,0.961,0.9646936282673105,0.9572614626984133
s0794,rib_left_5,0.9804,0.9705418210723914,0.965738536375662
s0794,rib_left_6,0.9715,0.9734477788430181,0.9654524525974029
s0794,rib_left_7,0.9807,0.9695013464627472,0.9648434226190481
s0794,rib_left_8,0.9704,0.9757679573932599,0.9645392124579124
s0794,rib_left_9,0.9676,0.9841891232171026,0.9640210190476192
s0794,rib_right_1,0.9265,0.9285973858004738,0.9311763238095242
s0794,rib_right_10,0.9738,0.9739393502346888,0.966554253835979
s0794,rib_right_11,0.9578,0.9604732234152236,0.9236136706349208
s0794,rib_right_12,0.952,0.9908435959531756,0.8564771915343918
s0794,rib_right_2,0.9474,0.9565774427759597,0.9512549141534392
s0794,rib_right_3,0.9501,0.961879101996166,0.955665306541606
s0794,rib_right_4,0.9417,0.9685365582539611,0.9624752909331412
s0794,rib_right_5,0.9453,0.9613172451227221,0.9619521746632993
s0794,rib_right_6,0.9558,0.9626686322190733,0.9631123314814813
s0794,rib_right_7,0.9713,0.9644368557867168,0.9655586964526204
s0794,rib_right_8,0.975,0.969205565436163,0.9664325105579601
s0794,rib_right_9,0.965,0.9535300806376057,0.9653063848965848
s0794,sacrum,0.9637,0.9568982923426069,0.9307625916666666
s0794,scapula_left,0.9701,0.9485142960238953,0.954247958862434
s0794,scapula_right,0.9731,0.9742852775650104,0.9518632465608458
s0794,small_bowel,0.9574,0.9331086695708641,0.926896084391534
s0794,spinal_cord,0.9469,0.9519799656035296,0.9450868973544975
s0794,spleen,0.9815,0.9881691837919261,0.9540911527777777
s0794,sternum,0.9286,0.9188032278086199,0.9297954846560846
s0794,stomach,0.9777,0.9680244358473574,0.9373236481481475
s0794,subclavian_artery_left,0.9441,0.8597124162298901,0.8848256063492059
s0794,subclavian_artery_right,0.9264,0.9019143776455368,0.8893095900793655
s0794,superior_vena_cava,0.9218,0.9609027535206159,0.9124957448532944
s0794,thyroid_gland,0.9417,0.8411508003173551,0.8446415476190469
s0794,trachea,0.9784,0.9714502865291257,0.9402454712962965
s0794,urinary_bladder,0.9549,0.932206140208582,0.911117087301587
s0794,vertebrae_C6,0.9492,1.0,0.8618297513227511
s0794,vertebrae_C7,0.9813,0.9446746420881358,0.9501751043650802
s0794,vertebrae_L1,0.9905,0.9918593391030385,0.9783645584656081
s0794,vertebrae_L2,0.9906,0.9933334770116145,0.9844882547619047
s0794,vertebrae_L3,0.9889,0.9842798711264947,0.9710171734126982
s0794,vertebrae_L4,0.9888,1.0,0.9811006
s0794,vertebrae_L5,0.9899,0.9937967618035713,0.9846506599206354
s0794,vertebrae_S1,0.9625,0.9855640592897265,0.9670423989417981
s0794,vertebrae_T1,0.9844,0.9806377512786162,0.9723828250000008
s0794,vertebrae_T10,0.9856,1.0,0.9833085000000004
s0794,vertebrae_T11,0.9855,0.9637544602933488,0.960100878571429
s0794,vertebrae_T12,0.9887,1.0,0.9793915539682547
s0794,vertebrae_T2,0.9826,0.9641677093495865,0.9705657970899476
s0794,vertebrae_T3,0.9788,0.981189596104148,0.9586148447089952
s0794,vertebrae_T4,0.9794,0.9718231331354437,0.9682551601851855
s0794,vertebrae_T5,0.9823,0.9228726656845964,0.9447357428571428
s0794,vertebrae_T6,0.9844,0.8792617173188215,0.9331778568783068
s0794,vertebrae_T7,0.9835,0.9340940862196765,0.9523760149951893
s0794,vertebrae_T8,0.9853,0.976672366465594,0.9721637025613271
s0794,vertebrae_T9,0.989,0.9907041336978907,0.9799464595238095
s0792,brain,0.9788,1.0,0.9495406198412691
s0792,skull,0.935,0.8988240923149452,0.8618877101851854
s0792,spinal_cord,0.6205,0.6973857854513488,0.7739615201058204
s0792,vertebrae_C1,0.3358,0.6443538295599188,0.673720489682539
s0792,vertebrae_C2,0.541,0.5296231387949372,0.7014712789682533
s0760,adrenal_gland_left,0.8954,0.9569533137881531,0.8980466955026454
s0760,adrenal_gland_right,0.9254,0.9648926640259404,0.8954511514550266
s0760,aorta,0.9784,0.9632361673360457,0.9336704243386242
s0760,autochthon_left,0.9811,0.9740972361301933,0.9665993785714291
s0760,autochthon_right,0.978,0.974487740898053,0.967193242592593
s0760,colon,0.8454,0.8740649104495173,0.8226356119047616
s0760,costal_cartilages,0.878,0.8617828539676848,0.8645320384920634
s0760,duodenum,0.8666,0.7692437563153007,0.7668057859788362
s0760,esophagus,0.9148,0.9178712891624528,0.8904457653439151
s0760,femur_left,0.9856,0.9952797055508048,0.9742097493386246
s0760,femur_right,0.9852,0.9948483460062502,0.9720111984126981
s0760,gallbladder,0.9296,0.8694600884538051,0.8737553992063496
s0760,gluteus_maximus_left,0.9788,0.9664173095307866,0.9690740498677256
s0760,gluteus_maximus_right,0.9795,0.9905943635130571,0.9712584673280429
s0760,gluteus_medius_left,0.967,0.9898745960586691,0.9643274910052908
s0760,gluteus_medius_right,0.9714,0.9718734539632005,0.9681447970899478
s0760,gluteus_minimus_left,0.932,0.9404101565252473,0.9335612448412699
s0760,gluteus_minimus_right,0.9552,0.9471763197852905,0.9323309210317461
s0760,heart,0.9039,0.9772970215471469,0.8797000129629633
s0760,hip_left,0.9842,0.9663821890332067,0.9761737595238094
s0760,hip_right,0.9877,0.9585148421973693,0.9763096067460317
s0760,iliac_artery_left,0.8847,0.8988695504059537,0.8595946049663297
s0760,iliac_artery_right,0.9222,0.8877647540138127,0.8648157221139972
s0760,iliac_vena_left,0.9565,0.9084756869156078,0.9013892554473297
s0760,iliac_vena_right,0.9496,0.9121703163042432,0.8859437205266952
s0760,iliopsoas_left,0.9678,0.951970944296049,0.9587832632275136
s0760,iliopsoas_right,0.9723,0.9530151534787681,0.9627271575396825
s0760,inferior_vena_cava,0.9499,0.9431245734752566,0.9337896137566135
s0760,kidney_left,0.982,0.9779280909862583,0.9823383519841261
s0760,kidney_right,0.9834,0.9725427920749706,0.9795921380952374
s0760,liver,0.9801,0.9883963640958224,0.9690328999999999
s0760,lung_lower_lobe_left,0.9834,0.9923149255608988,0.989073069047619
s0760,lung_lower_lobe_right,0.9557,0.9923462924241014,0.9850324473544968
s0760,lung_middle_lobe_right,0.7948,0.9439130027835657,0.8872708582010582
s0760,lung_upper_lobe_left,0.809,0.8294000339393897,0.825290515079365
s0760,pancreas,0.8933,0.9077372981457115,0.9097540529581529
s0760,portal_vein_and_splenic_vein,0.8844,0.9193931259910672,0.8964373890211638
s0760,rib_left_10,0.9789,0.9694422397240375,0.9092448138888882
s0760,rib_left_11,0.9724,0.9876923159440141,0.9398655712602203
s0760,rib_left_12,0.9438,0.9474466662525818,0.9213605349206346
s0760,rib_left_6,0.0,0.5487106125315394,0.5106685166666666
s0760,rib_left_7,0.7794,0.9284471831680811,0.8417456809523809
s0760,rib_left_8,0.9765,0.9369898994814865,0.8665613775132271
s0760,rib_left_9,0.9802,0.9715308320359684,0.9109820051587292
s0760,rib_right_10,0.9665,0.9148293028235827,0.933634196296296
s0760,rib_right_11,0.9612,0.9792850220129266,0.943253780555555
s0760,rib_right_12,0.9709,0.8896171549372847,0.9119181436507944
s0760,rib_right_6,0.8664,0.4187823778349496,0.4241058218253967
s0760,rib_right_7,0.9627,0.9417963733505036,0.9137317821548828
s0760,rib_right_8,0.982,0.9289808339730398,0.9212524503968251
s0760,rib_right_9,0.9742,0.9892721010226008,0.9276466644179893
s0760,sacrum,0.9645,0.928695516922308,0.9099245124338627
s0760,small_bowel,0.8462,0.7796360373815656,0.8362754816137573
s0760,spinal_cord,0.9481,0.9451707217628645,0.940561629365079
s0760,spleen,0.9792,0.9679105668156529,0.9658798888888895
s0760,stomach,0.9268,0.9231032439656621,0.9427619609788361
s0760,urinary_bladder,0.9673,0.925416642393973,0.9380785814814815
s0760,vertebrae_L1,0.9896,0.9060000670823964,0.9534930588504089
s0760,vertebrae_L2,0.992,0.9351585727475493,0.9587586846440602
s0760,vertebrae_L3,0.9896,0.9138954831727877,0.9415241741943247
s0760,vertebrae_L4,0.9898,0.9270189410637124,0.9462178249879751
s0760,vertebrae_L5,0.9884,0.9283566758365198,0.9785486528980282
s0760,vertebrae_S1,0.9463,0.9945732194742426,0.9636965666056161
s0760,vertebrae_T10,0.9878,0.9800748012500641,0.890029378439153
s0760,vertebrae_T11,0.9876,0.9736672460329013,0.9361767144179892
s0760,vertebrae_T12,0.9893,0.9590168096845232,0.9424017568783065
s0760,vertebrae_T9,0.98,0.8960112238319451,0.8363595370370376
