subject,organ,accept,dice,iou,tp,fp,fn,pred_vox,gt_vox,status,num_voxels,volume_mm3,is_empty,centroid_x_rel,centroid_y_rel,centroid_z_rel,bbox_x_rel,bbox_y_rel,bbox_z_rel,bbox_volume_mm3,mask_to_bbox_ratio,num_components,largest_component_fraction,touches_boundary,boundary_fraction,mean_HU,median_HU,std_HU,p05_HU,p95_HU,orig_axcodes,family,vol_err,vol_bad,iou_reject
s0299,colon,0,0.9336,0.8754,10064,1206,226,11270,10290,ok,11270,17338.05,0,0.0909,0.29,0.9501,0.1191,0.1953,0.1111,56306.35,0.3079,1,1.0,1,0.2449,529.21,497.0,146.06,351.0,838.0,RAS,digestive,0.09523809523809523,0,1
s0299,femur_right,1,0.9603,0.9235,193346,5785,10221,199131,203567,ok,199131,306348.09,0,0.5731,0.4814,0.5653,0.3828,0.2578,1.0,2149315.0,0.1425,1,1.0,1,0.0198,609.33,785.0,427.89,44.0,1132.0,RAS,pelvic_bone,0.021791351250448256,0,0
s0299,gluteus_maximus_right,0,0.945,0.8957,235187,11922,15453,247109,250640,ok,247109,380158.62,0,0.5262,0.2267,0.8266,0.5449,0.2402,0.4444,1267059.0,0.3,1,1.0,1,0.0627,460.75,440.0,90.52,368.0,628.0,RAS,muscle,0.014087934886690074,0,1
s0299,gluteus_medius_right,0,0.8433,0.729,10450,2219,1665,12669,12115,ok,12669,19490.3,0,0.6739,0.5386,0.954,0.1191,0.2441,0.0926,58652.45,0.3323,1,1.0,1,0.3198,513.29,508.0,47.15,447.0,597.0,RAS,muscle,0.04572843582335947,0,1
s0299,gluteus_minimus_right,0,0.7609,0.6141,3103,1632,318,4735,3421,ok,4735,7284.44,0,0.5661,0.5367,0.971,0.1055,0.2207,0.0556,28162.41,0.2587,1,1.0,1,0.604,422.43,427.0,34.99,362.0,466.0,RAS,muscle,0.38409821689564455,1,1
s0299,hip_left,0,0.8913,0.8039,3336,712,102,4048,3438,ok,4048,6227.54,0,0.0208,0.5874,0.8624,0.0547,0.1875,0.0926,20676.43,0.3012,1,1.0,1,0.0358,628.26,632.0,141.73,389.35,849.0,RAS,pelvic_bone,0.17742873763816172,1,1
s0299,hip_right,0,0.9383,0.8838,46639,3711,2421,50350,49060,ok,50350,77459.69,0,0.2862,0.4389,0.8921,0.4023,0.4316,0.2222,840459.94,0.0922,1,1.0,1,0.0949,742.95,757.0,171.99,441.0,998.0,RAS,pelvic_bone,0.026294333469221363,0,1
s0299,iliac_artery_right,0,0.8685,0.7676,806,128,116,934,922,ok,934,1436.89,0,0.329,0.671,0.9419,0.0684,0.0566,0.1111,9369.01,0.1534,1,1.0,1,0.2131,263.27,257.0,70.94,152.65,386.7,RAS,great_vessel,0.013015184381778741,0,1
s0299,iliac_vena_right,0,0.9073,0.8303,1884,246,139,2130,2023,ok,2130,3276.84,0,0.2976,0.6423,0.9382,0.0684,0.0938,0.1111,15507.32,0.2113,1,1.0,1,0.1793,541.78,524.0,133.44,338.0,811.55,RAS,great_vessel,0.052891744933267426,0,1
s0299,iliopsoas_right,1,0.9528,0.9099,27939,1588,1180,29527,29119,ok,29527,45425.07,0,0.4476,0.6209,0.9128,0.2383,0.2578,0.2037,272522.72,0.1667,1,1.0,1,0.1501,398.95,397.0,82.14,279.0,532.0,RAS,muscle,0.014011470174113121,0,0
s0299,prostate,0,0.947,0.8993,12220,1151,218,13371,12438,ok,13371,20570.28,0,0.078,0.4388,0.901,0.168,0.1191,0.0741,32282.31,0.6372,1,1.0,1,0.0031,446.42,446.0,43.98,374.0,516.0,RAS,reproductive,0.07501205981669079,0,1
s0299,sacrum,0,0.8797,0.7852,2928,385,416,3313,3344,ok,3313,5096.8,0,0.1114,0.1121,0.9561,0.125,0.0566,0.0926,14276.58,0.357,1,1.0,1,0.3544,657.56,685.0,141.08,397.0,867.0,RAS,pelvic_bone,0.009270334928229665,0,1
s0299,urinary_bladder,0,0.9335,0.8754,30386,4012,314,34398,30700,ok,34398,52918.74,0,0.0961,0.5441,0.9524,0.2109,0.2578,0.0926,109658.92,0.4826,1,1.0,1,0.2219,290.38,246.0,131.42,155.0,570.0,RAS,urinary,0.12045602605863193,1,1
s0302,brain,1,0.9845,0.9695,317696,4164,5829,321860,323525,ok,321860,1545061.62,0,0.5334,0.3922,0.5234,0.6406,0.7383,0.8846,3422254.25,0.4515,1,1.0,1,0.0,223.85,240.0,78.51,63.0,321.0,RAS,neuro,0.005146433815006568,0,0
s0006,autochthon_left,0,0.8443,0.7306,2620,770,196,3390,2816,ok,3390,119179.69,0,0.3676,0.1136,0.39,0.1133,0.3077,0.3672,383343.75,0.3109,1,1.0,1,0.2012,103.66,99.0,28.07,68.0,163.0,RAS,muscle,0.20383522727272727,1,1
s0006,autochthon_right,0,0.9375,0.8824,3068,336,73,3404,3141,ok,3404,119671.88,0,0.4923,0.1235,0.4207,0.0938,0.3077,0.375,324000.0,0.3694,1,1.0,1,0.1927,126.65,123.0,31.98,82.0,187.0,RAS,muscle,0.08373129576567973,0,1
s0006,colon,0,0.7709,0.6272,5790,1496,1946,7286,7736,ok,7286,256148.44,0,0.3891,0.5674,0.3437,0.5078,0.7692,0.6367,7449609.5,0.0344,9,0.2676,1,0.042,75.35,75.0,49.12,11.0,170.0,RAS,digestive,0.05816959669079628,0,1
s0006,duodenum,0,0.8269,0.7049,1113,148,318,1261,1431,ok,1261,44332.03,0,0.5572,0.8743,0.3853,0.1289,0.2308,0.1797,160101.56,0.2769,1,1.0,1,0.4489,107.58,102.0,48.63,45.0,201.0,RAS,digestive,0.1187980433263452,1,1
s0006,esophagus,0,0.786,0.6474,101,39,16,140,117,ok,140,4921.88,0,0.408,0.4478,0.6677,0.0312,0.2308,0.0898,19406.25,0.2536,1,1.0,0,0.0,90.27,81.5,43.77,24.85,158.0,RAS,digestive,0.19658119658119658,1,1
s0006,femur_left,0,0.8697,0.7695,227,68,0,295,227,ok,295,10371.09,0,0.3105,0.6316,0.024,0.0781,0.2308,0.0508,27421.88,0.3782,1,1.0,1,0.0,28.66,29.0,5.91,17.0,37.0,RAS,pelvic_bone,0.29955947136563876,1,1
s0006,femur_right,0,0.9448,0.8954,548,31,33,579,581,ok,579,20355.47,0,0.6456,0.5941,0.0416,0.0898,0.2308,0.0742,46089.84,0.4416,1,1.0,1,0.0,43.54,45.0,8.67,28.0,56.0,RAS,pelvic_bone,0.0034423407917383822,0,1
s0006,gallbladder,0,0.8567,0.7493,275,53,39,328,314,ok,328,11531.25,0,0.5983,0.8813,0.4869,0.0742,0.1538,0.0781,26718.75,0.4316,1,1.0,1,0.4573,393.65,389.5,156.69,142.7,617.0,RAS,solid_abdominal,0.044585987261146494,0,1
s0006,heart,0,0.893,0.8067,5977,517,915,6494,6892,ok,6494,228304.69,0,0.4154,0.7093,0.7455,0.207,0.5385,0.2031,678234.38,0.3366,2,0.9937,1,0.0762,68.29,59.0,43.76,17.0,154.0,RAS,heart,0.05774811375507835,0,1
s0006,hip_left,0,0.8772,0.7812,1928,335,205,2263,2133,ok,2263,79558.59,0,0.302,0.4654,0.1339,0.1172,0.7692,0.2461,664453.12,0.1197,1,1.0,1,0.0,42.95,39.0,15.8,26.0,77.0,RAS,pelvic_bone,0.06094702297233943,0,1
s0006,hip_right,0,0.8894,0.8008,2155,378,158,2533,2313,ok,2533,89050.78,0,0.6051,0.4426,0.1666,0.1484,0.7692,0.3086,1055390.62,0.0844,2,0.9992,1,0.0,68.16,59.0,29.08,35.0,134.0,RAS,pelvic_bone,0.09511456982274102,0,1
s0006,humerus_left,0,0.7235,0.5668,208,138,21,346,229,ok,346,12164.06,0,0.0268,0.4164,0.8857,0.043,0.3846,0.1719,85078.12,0.143,1,1.0,1,0.0,46.31,46.0,9.01,32.0,61.75,RAS,shoulder_bone,0.5109170305676856,1,1
s0006,humerus_right,0,0.8215,0.6971,504,90,129,594,633,ok,594,20882.81,0,0.8934,0.2327,0.7887,0.1445,0.4615,0.2461,491695.31,0.0425,2,0.9949,1,0.0219,107.71,106.0,29.64,63.0,162.0,RAS,shoulder_bone,0.061611374407582936,0,1
s0006,iliopsoas_left,0,0.9284,0.8664,2387,212,156,2599,2543,ok,2599,91371.09,0,0.3357,0.5778,0.2466,0.125,0.5385,0.3867,779625.0,0.1172,1,1.0,1,0.0,50.47,48.0,28.78,13.0,102.0,RAS,muscle,0.02202123476209202,0,1
s0006,iliopsoas_right,0,0.9136,0.8409,2659,102,401,2761,3060,ok,2761,97066.41,0,0.565,0.6113,0.2356,0.1953,0.5385,0.4219,1328906.25,0.073,2,0.9957,1,0.0,47.28,41.0,26.03,14.0,96.0,RAS,muscle,0.0977124183006536,0,1
s0006,intervertebral_discs,0,0.9106,0.8358,2439,251,228,2690,2667,ok,2690,94570.31,0,0.4234,0.3883,0.5405,0.1172,0.5385,0.6758,1277226.5,0.074,14,0.1569,1,0.0,68.75,65.0,28.2,30.45,121.0,RAS,vertebrae,0.00862392200974878,0,1
s0006,kidney_left,0,0.8849,0.7936,4675,325,891,5000,5566,ok,5000,175781.25,0,0.303,0.361,0.4506,0.1289,0.4615,0.2109,375890.62,0.4676,1,1.0,1,0.0,183.73,181.0,43.58,120.0,248.0,RAS,urinary,0.10168882500898312,1,1
s0006,kidney_right,0,0.8481,0.7362,2060,135,603,2195,2663,ok,2195,77167.97,0,0.5608,0.4135,0.4241,0.1172,0.4615,0.1523,246796.88,0.3127,1,1.0,0,0.0,175.68,177.0,35.0,114.0,230.3,RAS,urinary,0.17574164476154713,1,1
s0006,liver,0,0.9351,0.8781,17736,636,1826,18372,19562,ok,18372,645890.62,0,0.59,0.6207,0.5884,0.2891,0.7692,0.2812,1873125.0,0.3448,1,1.0,1,0.0881,88.09,83.0,26.45,55.0,134.0,RAS,solid_abdominal,0.06083222574378898,0,1
s0006,lung_left,1,0.9573,0.9181,37097,1002,2308,38099,39405,ok,38099,1339418.0,0,0.2876,0.4712,0.7984,0.2656,1.0,0.4141,3294281.25,0.4066,1,1.0,1,0.0938,15.78,12.0,13.45,3.0,41.0,RAS,lung,0.03314300215708666,0,0
s0006,lung_right,1,0.9611,0.9251,40130,1068,2181,41198,42311,ok,41198,1448367.25,0,0.5615,0.44,0.7916,0.2578,1.0,0.457,3529195.25,0.4104,1,1.0,1,0.078,18.57,16.0,12.78,4.0,44.0,RAS,lung,0.02630521613764742,0,0
s0006,sacrum,0,0.9092,0.8334,2612,341,181,2953,2793,ok,2953,103816.41,0,0.4498,0.3267,0.2051,0.2422,0.3846,0.1328,370546.88,0.2802,1,1.0,1,0.0,83.49,79.0,21.94,54.0,126.0,RAS,pelvic_bone,0.05728607232366631,0,1
s0006,small_bowel,0,0.5864,0.4148,3047,1846,2453,4893,5500,ok,4893,172019.53,0,0.3755,0.7909,0.3039,0.418,0.4615,0.4023,2324742.25,0.074,9,0.6597,1,0.1668,143.04,146.0,58.15,58.0,240.0,RAS,digestive,0.11036363636363636,1,1
s0006,spinal_cord,0,0.8683,0.7673,1810,379,170,2189,1980,ok,2189,76957.03,0,0.4281,0.214,0.5539,0.0547,0.5385,0.7266,640828.12,0.1201,1,1.0,1,0.1019,259.89,248.0,99.91,111.0,437.0,RAS,neuro,0.10555555555555556,1,1
s0006,spleen,0,0.6683,0.5019,406,249,154,655,560,ok,655,23027.34,0,0.2831,0.1594,0.5644,0.1406,0.2308,0.0898,87328.12,0.2637,3,0.9206,1,0.0,217.03,208.0,34.16,182.7,301.0,RAS,solid_abdominal,0.16964285714285715,1,1
s0006,stomach,0,0.8552,0.747,5504,796,1068,6300,6572,ok,6300,221484.38,0,0.3453,0.6574,0.585,0.332,0.7692,0.2305,1763086.0,0.1256,1,1.0,1,0.1802,332.04,346.5,88.74,165.0,462.0,RAS,digestive,0.041387705416920266,0,1
s0006,urinary_bladder,0,0.8411,0.7258,90,14,20,104,110,ok,104,3656.25,0,0.46,0.6923,0.0534,0.0703,0.0769,0.0312,5062.5,0.7222,1,1.0,0,0.0,57.34,58.0,6.66,41.0,66.85,RAS,urinary,0.05454545454545454,0,1
s0006,vertebrae,0,0.9159,0.8448,5564,523,499,6087,6063,ok,6087,213996.09,0,0.425,0.3706,0.5648,0.1172,0.6154,0.7422,1603125.0,0.1335,15,0.125,1,0.0,145.06,149.0,44.05,62.0,212.0,RAS,vertebrae,0.0039584364176150424,0,1
s0307,autochthon_left,0,0.8529,0.7435,2971,906,119,3877,3090,ok,3877,136300.78,0,0.4635,0.1325,0.3834,0.1016,0.2941,0.4336,507304.69,0.2687,1,1.0,1,0.0469,214.2,212.0,55.71,132.0,312.0,RAS,muscle,0.25469255663430423,1,1
s0307,autochthon_right,0,0.9064,0.8288,3167,384,270,3551,3437,ok,3551,124839.84,0,0.589,0.1199,0.3864,0.0977,0.2941,0.4297,483398.44,0.2583,1,1.0,1,0.1301,241.75,241.0,60.1,144.0,346.0,RAS,muscle,0.033168460867035204,0,1
s0307,colon,0,0.8694,0.769,4325,882,417,5207,4742,ok,5207,183058.59,0,0.5612,0.6808,0.2642,0.4492,0.7059,0.4648,5773359.5,0.0317,8,0.5456,1,0.0017,174.77,161.0,80.16,76.0,347.0,RAS,digestive,0.098059890341628,0,1
s0307,esophagus,0,0.8469,0.7345,130,34,13,164,143,ok,164,5765.62,0,0.499,0.5054,0.5799,0.0273,0.2353,0.0898,22640.62,0.2547,1,1.0,0,0.0,161.65,164.0,40.22,105.15,232.85,RAS,digestive,0.14685314685314685,1,1
s0307,femur_left,0,0.8101,0.6809,64,30,0,94,64,ok,94,3304.69,0,0.3817,0.525,0.0104,0.0703,0.1176,0.0273,8859.38,0.373,2,0.9681,1,0.2021,292.86,290.0,55.79,211.65,398.95,RAS,pelvic_bone,0.46875,1,1
s0307,femur_right,0,0.8537,0.7448,178,51,10,229,188,ok,229,8050.78,0,0.7213,0.5101,0.0142,0.0859,0.1765,0.0352,20882.81,0.3855,1,1.0,1,0.0349,224.15,227.0,68.94,92.0,315.6,RAS,pelvic_bone,0.21808510638297873,1,1
s0307,gallbladder,0,0.9127,0.8394,209,29,11,238,220,ok,238,8367.19,0,0.6378,0.8789,0.3977,0.043,0.1765,0.0703,20882.81,0.4007,1,1.0,1,0.2143,762.16,753.0,188.83,453.55,1045.6,RAS,solid_abdominal,0.08181818181818182,0,1
s0307,gluteus_maximus_left,0,0.795,0.6597,1363,390,313,1753,1676,ok,1753,61628.91,0,0.3397,0.3457,0.1048,0.1406,0.4118,0.1367,310078.12,0.1988,1,1.0,0,0.0,156.17,155.0,26.78,113.0,205.0,RAS,muscle,0.045942720763723154,0,1
s0307,gluteus_maximus_right,0,0.7771,0.6355,1358,546,233,1904,1591,ok,1904,66937.5,0,0.7808,0.3819,0.105,0.1406,0.4118,0.1406,318937.5,0.2099,1,1.0,0,0.0,116.6,116.0,26.44,80.0,164.0,RAS,muscle,0.19673161533626649,1,1
s0307,heart,0,0.9333,0.875,7937,971,163,8908,8100,ok,8908,313171.88,0,0.4593,0.6877,0.6405,0.2422,0.5294,0.168,843539.06,0.3713,1,1.0,1,0.0,132.68,111.0,102.47,23.0,307.0,RAS,heart,0.09975308641975308,0,1
s0307,hip_left,0,0.8848,0.7934,2162,476,87,2638,2249,ok,2638,92742.19,0,0.3934,0.383,0.1358,0.1992,0.6471,0.25,1262250.0,0.0735,2,0.9966,1,0.0034,222.82,227.0,49.92,142.0,296.0,RAS,pelvic_bone,0.17296576256113827,1,1
s0307,hip_right,0,0.9045,0.8257,2027,297,131,2324,2158,ok,2324,81703.12,0,0.6873,0.3632,0.1405,0.1367,0.5294,0.2422,686601.56,0.119,2,0.9996,1,0.0,234.33,239.0,41.43,160.0,294.0,RAS,pelvic_bone,0.07692307692307693,0,1
s0307,humerus_left,0,0.5422,0.3719,241,238,169,479,410,ok,479,16839.84,0,0.0609,0.2104,0.6618,0.1172,0.4706,0.543,1172812.5,0.0144,3,0.5574,1,0.0772,443.33,360.0,221.1,184.9,858.4,RAS,shoulder_bone,0.16829268292682928,1,1
s0307,humerus_right,0,0.8214,0.6969,361,142,15,503,376,ok,503,17683.59,0,0.916,0.4053,0.8529,0.0781,0.3529,0.207,223593.75,0.0791,1,1.0,0,0.0,181.26,175.0,57.02,96.1,286.6,RAS,shoulder_bone,0.3377659574468085,1,1
s0307,iliopsoas_left,0,0.9311,0.8711,2136,149,167,2285,2303,ok,2285,80332.03,0,0.4342,0.4485,0.2358,0.1328,0.4118,0.3789,811617.19,0.099,1,1.0,0,0.0,127.76,121.0,35.11,83.0,197.0,RAS,muscle,0.007815892314372557,0,1
s0307,iliopsoas_right,0,0.9069,0.8296,2245,226,235,2471,2480,ok,2471,86871.09,0,0.6548,0.443,0.2292,0.1836,0.4118,0.3672,1087242.25,0.0799,1,1.0,0,0.0,132.04,128.0,28.74,91.0,185.0,RAS,muscle,0.0036290322580645163,0,1
s0307,intervertebral_discs,0,0.8987,0.816,2705,428,182,3133,2887,ok,3133,110144.53,0,0.5319,0.3422,0.5039,0.1055,0.4118,0.75,1275750.0,0.0863,15,0.1229,0,0.0,115.8,100.0,58.21,48.0,234.0,RAS,vertebrae,0.08520956009698649,0,1
s0307,kidney_left,0,0.9045,0.8256,691,61,85,752,776,ok,752,26437.5,0,0.4161,0.3398,0.4468,0.1016,0.1765,0.0859,60328.12,0.4382,1,1.0,0,0.0,219.85,201.0,48.87,177.55,347.45,RAS,urinary,0.030927835051546393,0,1
s0307,liver,1,0.9564,0.9165,18798,594,1118,19392,19916,ok,19392,681750.0,0,0.6343,0.6946,0.4938,0.3555,0.7059,0.2305,2265047.0,0.301,1,1.0,1,0.0775,206.91,196.0,56.61,133.0,310.0,RAS,solid_abdominal,0.02631050411729263,0,0
s0307,lung_left,1,0.9711,0.9438,31831,795,1102,32626,32933,ok,32626,1147007.75,0,0.3907,0.4406,0.7411,0.2148,0.7647,0.4883,3142089.75,0.365,1,1.0,1,0.0,41.69,33.0,29.79,14.0,100.0,RAS,lung,0.0093219566999666,0,0
s0307,lung_right,1,0.9803,0.9613,48452,978,971,49430,49423,ok,49430,1737773.5,0,0.6498,0.4946,0.7273,0.2539,0.8824,0.5039,4421777.5,0.393,1,1.0,1,0.0006,37.12,31.0,24.01,14.0,81.0,RAS,lung,0.0001416344616878781,0,0
s0307,portal_vein_and_splenic_vein,0,0.9298,0.8689,106,15,1,121,107,ok,121,4253.91,0,0.5583,0.7059,0.4438,0.0586,0.0588,0.0547,7382.81,0.5762,1,1.0,0,0.0,214.02,163.0,114.07,126.0,484.0,RAS,great_vessel,0.1308411214953271,1,1
s0307,sacrum,0,0.8858,0.7949,2357,210,398,2567,2755,ok,2567,90246.09,0,0.5409,0.2772,0.1573,0.2148,0.3529,0.1328,394453.12,0.2288,2,0.9731,1,0.0,257.22,257.0,40.6,193.0,324.0,RAS,pelvic_bone,0.06823956442831217,0,1
s0307,small_bowel,0,0.7805,0.6401,2950,1064,595,4014,3545,ok,4014,141117.19,0,0.5212,0.7053,0.1779,0.375,0.4118,0.2578,1559250.0,0.0905,6,0.6054,1,0.0,184.05,179.0,51.89,103.0,279.0,RAS,digestive,0.13229901269393513,1,1
s0307,spinal_cord,0,0.9293,0.8679,2069,200,115,2269,2184,ok,2269,79769.53,0,0.5303,0.2246,0.55,0.0469,0.2941,0.7734,417656.25,0.191,1,1.0,1,0.0,420.41,412.0,108.06,259.0,603.6,RAS,neuro,0.03891941391941392,0,1
s0307,spleen,1,0.9559,0.9155,2632,145,98,2777,2730,ok,2777,97628.91,0,0.3481,0.5229,0.4875,0.1328,0.5294,0.1289,355007.81,0.275,1,1.0,1,0.0,204.68,205.0,20.52,172.0,238.2,RAS,solid_abdominal,0.017216117216117217,0,0
s0307,stomach,0,0.8894,0.8009,2759,373,313,3132,3072,ok,3132,110109.38,0,0.4603,0.7443,0.4527,0.2148,0.4118,0.2109,730898.44,0.1506,1,1.0,1,0.0,230.77,211.0,79.51,150.0,378.45,RAS,digestive,0.01953125,0,1
s0307,vertebrae,0,0.9312,0.8713,5916,314,560,6230,6476,ok,6230,219023.44,0,0.5317,0.3347,0.527,0.1055,0.4118,0.75,1275750.0,0.1717,15,0.1114,0,0.0,279.84,273.0,58.63,190.0,391.0,RAS,vertebrae,0.03798641136504015,0,1
s0007,adrenal_gland_left,0,0.8646,0.7614,383,111,9,494,392,ok,494,2918.65,0,0.4298,0.4508,0.5659,0.041,0.041,0.1071,7816.55,0.3734,1,1.0,0,0.0,13.77,14.0,2.58,10.0,18.0,RAS,urinary,0.2602040816326531,1,1
s0007,adrenal_gland_right,0,0.8842,0.7925,84,8,14,92,98,ok,92,543.55,0,0.5938,0.4617,0.6071,0.0312,0.0176,0.0357,850.78,0.6389,1,1.0,0,0.0,15.12,15.0,2.03,12.0,18.0,RAS,urinary,0.061224489795918366,0,1
s0007,aorta,0,0.9467,0.8988,6011,408,269,6419,6280,ok,6419,37924.76,0,0.4927,0.4034,0.735,0.0527,0.123,0.5357,150747.8,0.2516,1,1.0,1,0.0629,38.29,39.0,6.18,28.0,48.0,RAS,great_vessel,0.022133757961783438,0,1
s0007,autochthon_left,1,0.9693,0.9405,53589,2484,906,56073,54495,ok,56073,331290.69,0,0.4152,0.2551,0.4092,0.1465,0.1641,1.0,1042207.0,0.3179,1,1.0,1,0.0436,27.46,27.0,10.22,11.0,46.0,RAS,muscle,0.02895678502614919,0,0
s0007,autochthon_right,1,0.9665,0.9352,47142,1487,1782,48629,48924,ok,48629,287310.0,0,0.5805,0.251,0.4022,0.1465,0.1602,1.0,1017392.56,0.2824,1,1.0,1,0.046,26.78,26.0,9.95,10.0,45.0,RAS,muscle,0.006029760444771482,0,0
s0007,colon,0,0.9203,0.8524,45181,3248,4577,48429,49758,ok,48429,286128.38,0,0.5562,0.6718,0.1692,0.6191,0.2871,0.6429,4955694.5,0.0577,1,1.0,1,0.1157,23.43,21.0,13.93,4.0,51.0,RAS,digestive,0.026709272880742794,0,1
s0007,duodenum,0,0.8514,0.7412,4921,994,724,5915,5645,ok,5915,34947.02,0,0.5442,0.5376,0.2828,0.168,0.123,0.3214,288095.81,0.1213,1,1.0,0,0.0,15.43,15.0,5.31,8.0,26.0,RAS,digestive,0.047829937998228524,0,1
s0007,esophagus,0,0.8905,0.8027,777,149,42,926,819,ok,926,5471.0,0,0.482,0.4746,0.7711,0.0781,0.1426,0.25,120763.67,0.0453,2,0.96,1,0.04,11.29,11.0,2.04,8.0,15.0,RAS,digestive,0.13064713064713065,1,1
s0007,gallbladder,0,0.9102,0.8352,5392,711,353,6103,5745,ok,6103,36057.77,0,0.6823,0.6777,0.4083,0.0879,0.127,0.1786,86407.47,0.4173,1,1.0,0,0.0,25.93,25.0,5.42,19.0,35.0,RAS,solid_abdominal,0.06231505657093125,0,1
s0007,gluteus_medius_left,0,0.9302,0.8696,2080,266,46,2346,2126,ok,2346,13860.64,0,0.2683,0.3484,0.0129,0.1133,0.0957,0.0714,33582.23,0.4127,1,1.0,1,0.6377,12.77,13.0,2.47,8.0,17.0,RAS,muscle,0.10348071495766697,1,1
s0007,gluteus_medius_right,0,0.7491,0.5988,103,68,1,171,104,ok,171,1010.3,0,0.7057,0.337,0.0,0.0352,0.0273,0.0357,1488.87,0.6786,1,1.0,1,1.0,7.21,7.0,1.02,5.0,9.0,RAS,muscle,0.6442307692307693,1,1
s0007,heart,1,0.9731,0.9476,45160,1886,613,47046,45773,ok,47046,277957.31,0,0.4503,0.5379,0.9073,0.3047,0.2363,0.2143,669139.44,0.4154,1,1.0,1,0.2485,30.56,29.0,12.82,12.0,54.0,RAS,heart,0.027811155047735566,0,0
s0007,hip_left,0,0.7544,0.6057,702,256,201,958,903,ok,958,5660.06,0,0.2968,0.3742,0.0129,0.1367,0.084,0.0714,35567.38,0.1591,1,1.0,1,0.6388,8.52,9.0,2.31,5.0,12.0,RAS,pelvic_bone,0.06090808416389812,0,1
s0007,hip_right,0,0.8545,0.7459,455,81,74,536,529,ok,536,3166.8,0,0.6683,0.3345,0.0008,0.084,0.0781,0.0714,20324.22,0.1558,1,1.0,1,0.9776,6.84,7.0,1.92,4.0,10.0,RAS,pelvic_bone,0.013232514177693762,0,1
s0007,iliac_artery_left,0,0.8719,0.7729,194,44,13,238,207,ok,238,1406.15,0,0.477,0.4657,0.0255,0.0254,0.0273,0.1071,3225.88,0.4359,1,1.0,1,0.3908,14.94,15.0,4.17,8.0,21.15,RAS,great_vessel,0.1497584541062802,1,1
s0007,iliac_artery_right,0,0.7394,0.5865,61,19,24,80,85,ok,80,472.66,0,0.5038,0.4735,0.0339,0.0215,0.0195,0.0714,1299.8,0.3636,1,1.0,1,0.05,17.77,17.0,3.79,12.0,24.05,RAS,great_vessel,0.058823529411764705,0,1
s0007,iliac_vena_left,0,0.8242,0.701,68,19,10,87,78,ok,87,514.01,0,0.5043,0.4531,0.0,0.0293,0.0176,0.0357,797.61,0.6444,1,1.0,1,1.0,13.62,14.0,2.5,10.0,18.0,RAS,great_vessel,0.11538461538461539,1,1
s0007,iliac_vena_right,0,0.9237,0.8582,115,8,11,123,126,ok,123,726.71,0,0.5444,0.4475,0.0,0.0234,0.0273,0.0357,992.58,0.7321,1,1.0,1,1.0,15.08,15.0,2.42,11.0,19.0,RAS,great_vessel,0.023809523809523808,0,1
s0007,iliopsoas_left,0,0.9227,0.8565,10097,1515,177,11612,10274,ok,11612,68606.05,0,0.4172,0.3856,0.1874,0.1133,0.1445,0.5,355012.12,0.1932,1,1.0,1,0.0908,15.24,15.0,4.1,9.0,22.0,RAS,muscle,0.13023165271559276,1,1
s0007,iliopsoas_right,0,0.9228,0.8567,8720,1305,153,10025,8873,ok,10025,59229.73,0,0.6009,0.3754,0.1616,0.123,0.1426,0.5,380405.56,0.1557,1,1.0,1,0.1184,14.13,14.0,3.99,9.0,22.0,RAS,muscle,0.12983207483376535,1,1
s0007,inferior_vena_cava,0,0.7695,0.6253,3485,1202,886,4687,4371,ok,4687,27691.75,0,0.5516,0.4838,0.5726,0.0684,0.0918,0.8929,242974.86,0.114,3,0.7487,1,0.0,18.33,17.0,8.98,7.0,36.0,RAS,great_vessel,0.07229466941203386,0,1
s0007,intervertebral_discs,0,0.8907,0.803,13875,1936,1469,15811,15344,ok,15811,93414.6,0,0.51,0.3652,0.4525,0.1172,0.1875,0.9643,918843.75,0.1017,9,0.1946,1,0.0197,16.36,16.0,4.35,9.0,23.0,RAS,vertebrae,0.030435349322210637,0,1
s0007,kidney_left,0,0.9269,0.8637,12956,1220,825,14176,13781,ok,14176,83754.69,0,0.3466,0.4466,0.2804,0.1211,0.1641,0.4286,369239.06,0.2268,1,1.0,0,0.0,15.47,15.0,4.92,8.0,24.0,RAS,urinary,0.02866265147667078,0,1
s0007,kidney_right,0,0.9249,0.8603,17540,2009,839,19549,18379,ok,19549,115499.46,0,0.6832,0.4367,0.3413,0.125,0.1719,0.4643,432575.0,0.267,1,1.0,0,0.0,13.34,13.0,3.28,8.0,19.0,RAS,urinary,0.06365961151314,0,1
s0007,liver,1,0.9733,0.948,176161,5528,4135,181689,180296,ok,181689,1073455.5,0,0.6322,0.575,0.5995,0.3789,0.3926,0.6071,3916536.0,0.2741,1,1.0,0,0.0,30.71,29.0,10.51,17.0,50.0,RAS,solid_abdominal,0.0077261836091760214,0,0
s0007,lung_left,1,0.9755,0.9521,69961,1914,1605,71875,71566,ok,71875,424652.09,0,0.3448,0.36,0.8448,0.2324,0.2812,0.3214,911186.75,0.466,1,1.0,1,0.1256,8.0,6.0,5.86,2.0,19.0,RAS,lung,0.004317692759131431,0,0
s0007,lung_right,1,0.9709,0.9434,102269,4733,1404,107002,103673,ok,107002,632189.56,0,0.6562,0.392,0.8525,0.2559,0.4375,0.3571,1733703.12,0.3646,1,1.0,1,0.1377,6.02,5.0,4.04,1.0,14.0,RAS,lung,0.03211057845340638,0,0
s0007,pancreas,0,0.9067,0.8293,8665,1327,456,9992,9121,ok,9992,59034.77,0,0.4796,0.5512,0.4246,0.2637,0.1504,0.3214,552741.94,0.1068,1,1.0,0,0.0,22.27,22.0,6.27,12.0,33.0,RAS,solid_abdominal,0.09549391514088368,0,1
s0007,portal_vein_and_splenic_vein,0,0.847,0.7346,393,111,31,504,424,ok,504,2977.73,0,0.4813,0.5395,0.4738,0.1309,0.0996,0.25,141318.31,0.0211,3,0.5575,0,0.0,22.93,23.0,7.15,12.0,34.0,RAS,great_vessel,0.18867924528301888,1,1
s0007,small_bowel,0,0.9435,0.893,29053,2623,859,31676,29912,ok,31676,187148.25,0,0.3466,0.6259,0.1889,0.3047,0.2012,0.5,1329062.12,0.1408,1,1.0,1,0.1243,19.62,19.0,6.37,10.0,31.0,RAS,digestive,0.058972987429794066,0,1
s0007,spinal_cord,0,0.9003,0.8188,6112,951,402,7063,6514,ok,7063,41729.64,0,0.5054,0.3062,0.5084,0.0527,0.1523,1.0,348394.94,0.1198,1,1.0,1,0.0452,15.97,14.0,7.95,7.0,32.0,RAS,neuro,0.08428001228124041,0,1
s0007,spleen,1,0.9566,0.9168,22090,1408,596,23498,22686,ok,23498,138830.95,0,0.2805,0.4235,0.5972,0.1523,0.1641,0.3929,425816.0,0.326,1,1.0,0,0.0,17.49,17.0,4.14,11.0,25.0,RAS,solid_abdominal,0.035793000088160096,0,0
s0007,stomach,0,0.9409,0.8883,33827,2316,1937,36143,35764,ok,36143,213540.19,0,0.477,0.6276,0.4594,0.2598,0.3047,0.5357,1838751.0,0.1161,1,1.0,0,0.0,20.37,20.0,7.87,7.0,34.0,RAS,digestive,0.01059724862990717,0,1
s0007,vertebrae,0,0.9171,0.8468,25930,2091,2599,28021,28529,ok,28021,165553.77,0,0.5089,0.3566,0.5048,0.1055,0.2051,1.0,937986.31,0.1765,5,0.3416,1,0.0868,13.23,13.0,4.13,7.0,20.0,RAS,vertebrae,0.01780644256721231,0,1
s0009,adrenal_gland_right,0,0.8103,0.6812,47,17,5,64,52,ok,64,1012.5,0,0.5988,0.4563,0.6364,0.0312,0.0391,0.0769,2531.25,0.4,1,1.0,0,0.0,235.98,233.0,22.8,201.3,275.7,RAS,urinary,0.23076923076923078,1,1
s0009,aorta,1,0.9611,0.9251,3148,111,144,3259,3292,ok,3259,51558.4,0,0.4889,0.464,0.6103,0.0859,0.1914,0.8846,392248.81,0.1314,1,1.0,1,0.0522,323.78,318.0,45.42,258.9,402.0,RAS,great_vessel,0.010024301336573511,0,0
s0009,autochthon_left,1,0.9698,0.9415,21986,944,423,22930,22409,ok,22930,362759.75,0,0.3781,0.2538,0.4092,0.2305,0.2031,1.0,1261954.75,0.2875,1,1.0,1,0.0497,335.34,325.0,81.22,221.0,484.0,RAS,muscle,0.02324958721942077,0,0
s0009,autochthon_right,1,0.9712,0.944,19586,787,375,20373,19961,ok,20373,322307.22,0,0.5928,0.237,0.418,0.2305,0.1953,1.0,1213418.0,0.2656,1,1.0,1,0.0518,225.04,222.0,47.21,157.0,306.0,RAS,muscle,0.020640248484544862,0,0
s0009,colon,1,0.9477,0.9007,19104,853,1254,19957,20358,ok,19957,315725.97,0,0.5255,0.6396,0.3366,0.6328,0.3008,0.7308,3749509.0,0.0842,2,0.9933,1,0.0461,240.67,218.0,150.24,42.0,520.0,RAS,digestive,0.019697416249140388,0,0
s0009,duodenum,0,0.8757,0.7788,1007,161,125,1168,1132,ok,1168,18478.12,0,0.5876,0.5533,0.4316,0.2031,0.1406,0.3462,266540.62,0.0693,2,0.7209,0,0.0,258.0,273.0,97.15,85.35,394.0,RAS,digestive,0.03180212014134275,0,1
s0009,esophagus,0,0.9388,0.8847,514,56,11,570,525,ok,570,9017.58,0,0.4706,0.4939,0.8852,0.043,0.0938,0.1923,20882.81,0.4318,1,1.0,1,0.1684,169.92,175.0,37.02,103.0,223.55,RAS,digestive,0.08571428571428572,0,1
s0009,gallbladder,0,0.9297,0.8686,443,52,15,495,458,ok,495,7831.05,0,0.6882,0.6334,0.5009,0.0781,0.0742,0.1154,18035.16,0.4342,1,1.0,0,0.0,213.98,203.0,77.86,113.4,356.0,RAS,solid_abdominal,0.08078602620087336,0,1
s0009,heart,1,0.9533,0.9108,4368,154,274,4522,4642,ok,4522,71539.45,0,0.3887,0.6236,0.9487,0.2891,0.2266,0.0769,135801.56,0.5268,1,1.0,1,0.667,340.4,343.0,102.58,176.0,510.0,RAS,heart,0.025850926324859975,0,0
s0009,hip_left,0,0.8922,0.8053,211,31,20,242,231,ok,242,3828.52,0,0.2786,0.3692,0.0,0.1445,0.1016,0.0385,15219.14,0.2516,1,1.0,1,1.0,230.0,244.0,44.07,145.0,280.0,RAS,pelvic_bone,0.047619047619047616,0,1
s0009,hip_right,0,0.8811,0.7874,163,41,3,204,166,ok,204,3227.34,0,0.707,0.3415,0.0,0.1406,0.0742,0.0385,10821.09,0.2982,1,1.0,1,1.0,149.66,154.5,24.5,105.0,185.0,RAS,pelvic_bone,0.2289156626506024,1,1
s0009,iliac_artery_left,0,0.9249,0.8602,80,9,4,89,84,ok,89,1408.01,0,0.4836,0.5334,0.0177,0.0391,0.0312,0.0769,2531.25,0.5563,1,1.0,1,0.5393,347.89,352.0,50.41,258.4,413.0,RAS,great_vessel,0.05952380952380952,0,1
s0009,iliac_artery_right,0,0.864,0.7606,54,11,6,65,60,ok,65,1028.32,0,0.5306,0.5434,0.0207,0.043,0.0234,0.0769,2088.28,0.4924,1,1.0,1,0.4615,344.2,344.0,32.93,279.6,390.4,RAS,great_vessel,0.08333333333333333,0,1
s0009,iliac_vena_right,0,0.9391,0.8852,54,0,7,54,61,ok,54,854.3,0,0.5681,0.5102,0.0,0.0352,0.0312,0.0385,1139.06,0.75,1,1.0,1,1.0,489.33,497.5,45.3,397.2,539.35,RAS,great_vessel,0.11475409836065574,1,1
s0009,iliopsoas_left,1,0.9562,0.916,7801,468,247,8269,8048,ok,8269,130818.16,0,0.3891,0.4248,0.2085,0.1875,0.1992,0.5769,580921.88,0.2252,1,1.0,1,0.0863,164.52,161.0,22.68,136.0,212.0,RAS,muscle,0.02746023856858847,0,0
s0009,iliopsoas_right,1,0.9521,0.9085,6762,550,131,7312,6893,ok,7312,115678.12,0,0.626,0.4039,0.1908,0.1562,0.207,0.5385,469546.88,0.2464,1,1.0,1,0.095,139.9,139.0,13.82,120.0,164.0,RAS,muscle,0.06078630494704773,0,0
s0009,inferior_vena_cava,0,0.896,0.8116,2283,339,191,2622,2474,ok,2622,41480.86,0,0.5571,0.5165,0.487,0.0938,0.082,0.9615,199335.94,0.2081,2,0.6003,1,0.0652,296.71,315.0,68.42,183.0,391.0,RAS,great_vessel,0.05982215036378335,0,1
s0009,intervertebral_discs,0,0.9397,0.8862,5194,288,379,5482,5573,ok,5482,86726.95,0,0.5044,0.3963,0.4415,0.1523,0.2461,0.9615,971762.69,0.0892,7,0.218,1,0.1392,135.55,135.0,18.36,106.0,167.0,RAS,vertebrae,0.016328727794724565,0,1
s0009,kidney_left,0,0.9051,0.8267,11548,1241,1180,12789,12728,ok,12789,202325.97,0,0.2955,0.4354,0.4207,0.207,0.25,0.4615,643950.0,0.3142,1,1.0,0,0.0,353.01,362.0,63.93,208.0,442.0,RAS,urinary,0.004792583280955374,0,1
s0009,kidney_right,0,0.9282,0.866,8826,956,410,9782,9236,ok,9782,154754.3,0,0.6863,0.3779,0.4712,0.1602,0.2031,0.5385,472204.69,0.3277,1,1.0,0,0.0,272.47,279.0,49.92,168.0,342.0,RAS,urinary,0.05911650064963188,0,1
s0009,liver,1,0.9663,0.9349,77777,3458,1960,81235,79737,ok,81235,1285163.12,0,0.693,0.5458,0.6849,0.4688,0.5352,0.7692,5201719.0,0.2471,1,1.0,1,0.0,338.23,313.0,137.4,172.0,574.3,RAS,solid_abdominal,0.018786761478360108,0,0
s0009,lung_left,1,0.9824,0.9654,39408,989,425,40397,39833,ok,40397,639093.19,0,0.2545,0.4174,0.8614,0.3555,0.5117,0.3462,1697345.5,0.3765,1,1.0,1,0.1666,29.91,19.0,28.47,8.0,88.0,RAS,lung,0.014159114302211733,0,0
s0009,lung_right,1,0.971,0.9436,25838,596,948,26434,26786,ok,26434,418194.12,0,0.6755,0.3895,0.9008,0.3555,0.5391,0.2692,1390700.38,0.3007,1,1.0,1,0.3207,20.31,14.0,18.85,7.0,62.0,RAS,lung,0.013141193160606288,0,0
s0009,pancreas,0,0.8232,0.6996,3239,753,638,3992,3877,ok,3992,63154.69,0,0.4541,0.5537,0.5551,0.4141,0.1914,0.3077,657365.62,0.0961,1,1.0,0,0.0,351.07,355.0,55.91,265.0,442.0,RAS,solid_abdominal,0.029662109878772245,0,1
s0009,portal_vein_and_splenic_vein,1,0.9481,0.9012,511,33,23,544,534,ok,544,8606.25,0,0.5481,0.5634,0.6107,0.2266,0.0625,0.1154,44043.75,0.1954,1,1.0,0,0.0,401.36,399.0,35.49,342.0,458.0,RAS,great_vessel,0.018726591760299626,0,0
s0009,small_bowel,0,0.8138,0.686,2718,940,304,3658,3022,ok,3658,57870.7,0,0.3958,0.6609,0.1439,0.3594,0.2148,0.4615,960609.38,0.0602,6,0.6859,1,0.1558,288.21,279.0,134.5,85.0,521.0,RAS,digestive,0.21045665122435472,1,1
s0009,spinal_cord,0,0.9352,0.8782,2503,192,155,2695,2658,ok,2695,42635.74,0,0.4975,0.3219,0.5043,0.0781,0.1758,1.0,370195.31,0.1152,1,1.0,1,0.0601,128.41,126.0,53.99,49.0,226.3,RAS,neuro,0.013920240782543265,0,1
s0009,spleen,0,0.8979,0.8148,7664,1241,501,8905,8165,ok,8905,140879.88,0,0.2268,0.4267,0.6927,0.2461,0.2227,0.3077,454485.94,0.31,1,1.0,0,0.0,275.84,278.0,49.79,174.0,350.0,RAS,solid_abdominal,0.0906307409675444,0,1
s0009,stomach,0,0.9437,0.8933,14855,1198,576,16053,15431,ok,16053,253963.47,0,0.3928,0.64,0.6889,0.3359,0.3359,0.3846,1170070.25,0.217,1,1.0,0,0.0,219.91,220.0,119.71,49.0,432.0,RAS,digestive,0.04030846996306137,0,1
s0009,vertebrae,1,0.9592,0.9216,10432,507,381,10939,10813,ok,10939,173058.41,0,0.5066,0.388,0.4832,0.1406,0.2422,1.0,918084.38,0.1885,7,0.1839,1,0.0532,172.51,172.0,27.76,128.0,216.0,RAS,vertebrae,0.011652640340331083,0,0
s0311,adrenal_gland_right,0,0.8472,0.7349,122,35,9,157,131,ok,157,3113.47,0,0.5667,0.4605,0.6952,0.043,0.0625,0.1154,10470.76,0.2973,1,1.0,0,0.0,66.71,63.0,17.23,42.8,97.2,RAS,urinary,0.1984732824427481,1,1
s0311,aorta,0,0.8234,0.6998,352,117,34,469,386,ok,469,9300.74,0,0.4435,0.4885,0.4643,0.0469,0.0938,0.5769,85669.88,0.1086,2,0.5267,0,0.0,38.48,38.0,6.75,28.0,50.6,RAS,great_vessel,0.21502590673575128,1,1
s0311,autochthon_left,1,0.9571,0.9177,16609,427,1062,17036,17671,ok,17036,337840.78,0,0.3764,0.2487,0.3965,0.1953,0.125,0.9231,761510.06,0.4436,1,1.0,1,0.0269,102.69,98.0,30.78,58.0,160.0,RAS,muscle,0.03593458208363986,0,0
s0311,autochthon_right,1,0.9496,0.9041,14038,435,1054,14473,15092,ok,14473,287013.94,0,0.5783,0.2546,0.3829,0.1758,0.1211,0.8462,608613.12,0.4716,1,1.0,1,0.0372,104.49,97.0,35.74,58.0,180.0,RAS,muscle,0.041015107341637956,0,0
s0311,colon,0,0.85,0.7391,4288,1016,498,5304,4786,ok,5304,105183.58,0,0.37,0.5178,0.3926,0.6328,0.2617,0.8077,4520157.5,0.0233,7,0.3175,1,0.1144,134.0,111.0,81.51,52.0,283.85,RAS,digestive,0.10823234433765148,1,1
s0311,duodenum,0,0.8759,0.7792,427,55,66,482,493,ok,482,9558.54,0,0.5445,0.5596,0.3328,0.1055,0.0586,0.1154,24094.65,0.3967,1,1.0,0,0.0,124.38,123.0,23.53,90.05,166.95,RAS,digestive,0.02231237322515213,0,1
s0311,gluteus_medius_left,0,0.804,0.6722,363,69,108,432,471,ok,432,8566.99,0,0.2455,0.2882,0.012,0.0859,0.0938,0.0769,20941.53,0.4091,1,1.0,1,0.6875,77.22,77.0,12.31,57.55,96.0,RAS,muscle,0.08280254777070063,0,1
s0311,hip_left,0,0.8747,0.7774,618,127,50,745,668,ok,745,14774.09,0,0.3069,0.2852,0.0236,0.1523,0.1719,0.1154,102089.95,0.1447,1,1.0,1,0.5409,64.39,64.0,9.3,50.0,80.0,RAS,pelvic_bone,0.11526946107784432,1,1
s0311,hip_right,0,0.8065,0.6757,248,113,6,361,254,ok,361,7158.99,0,0.6749,0.3067,0.0294,0.0586,0.1016,0.1154,23202.26,0.3085,1,1.0,1,0.482,69.45,68.0,13.36,51.0,94.0,RAS,pelvic_bone,0.421259842519685,1,1
s0311,iliopsoas_left,0,0.9314,0.8716,3422,254,250,3676,3672,ok,3676,72898.73,0,0.3573,0.3914,0.254,0.0938,0.1172,0.5769,214174.7,0.3404,1,1.0,1,0.025,73.71,74.0,11.44,55.0,92.0,RAS,muscle,0.0010893246187363835,0,1
s0311,iliopsoas_right,0,0.9347,0.8774,2862,260,140,3122,3002,ok,3122,61912.36,0,0.5875,0.4086,0.1693,0.0977,0.1211,0.4231,169059.2,0.3662,1,1.0,1,0.0804,59.27,59.0,9.77,44.0,75.0,RAS,muscle,0.039973351099267154,0,1
s0311,inferior_vena_cava,0,0.8277,0.7061,1033,381,49,1414,1082,ok,1414,28041.02,0,0.5206,0.5059,0.4453,0.0742,0.082,0.7308,150338.75,0.1865,1,1.0,1,0.0,38.17,38.0,5.95,29.0,49.0,RAS,great_vessel,0.3068391866913124,1,1
s0311,intervertebral_discs,0,0.9341,0.8764,3211,186,267,3397,3478,ok,3397,67365.88,0,0.4693,0.4089,0.3999,0.1484,0.1523,0.8077,617180.12,0.1092,6,0.239,1,0.0515,105.41,102.0,39.19,52.0,172.0,RAS,vertebrae,0.023289246693502012,0,1
s0311,kidney_left,1,0.9627,0.928,9086,175,530,9261,9616,ok,9261,183654.81,0,0.2733,0.385,0.5006,0.1875,0.1641,0.4615,479751.34,0.3828,1,1.0,0,0.0,184.84,189.0,51.03,104.0,264.0,RAS,urinary,0.036917637271214644,0,0
s0311,kidney_right,1,0.9583,0.92,11980,579,463,12559,12443,ok,12559,249057.42,0,0.6658,0.4174,0.4366,0.1875,0.2031,0.5385,692974.19,0.3594,1,1.0,0,0.0,158.97,159.0,37.71,95.9,221.0,RAS,urinary,0.009322510648557422,0,0
s0311,liver,0,0.9313,0.8715,47683,2805,4225,50488,51908,ok,50488,1001227.12,0,0.7007,0.5085,0.6788,0.4648,0.4062,0.6154,3926853.75,0.255,1,1.0,1,0.0,39.44,39.0,6.85,29.0,51.0,RAS,solid_abdominal,0.027356091546582414,0,1
s0311,lung_left,0,0.8082,0.6781,4638,1066,1136,5704,5774,ok,5704,113115.98,0,0.248,0.2941,0.8731,0.293,0.2148,0.2308,490817.03,0.2305,1,1.0,1,0.1294,41.49,41.0,7.58,30.0,55.0,RAS,lung,0.012123311395912712,0,1
s0311,lung_right,0,0.6857,0.5217,1824,441,1231,2265,3055,ok,2265,44917.2,0,0.6938,0.3028,0.8044,0.3242,0.1836,0.1154,232082.09,0.1935,2,0.9868,0,0.0,39.61,39.0,7.35,29.0,52.0,RAS,lung,0.25859247135842883,1,1
s0311,pancreas,0,0.8813,0.7878,646,162,12,808,658,ok,808,16023.44,0,0.3483,0.547,0.6315,0.1289,0.1211,0.0769,40574.21,0.3949,1,1.0,0,0.0,101.99,102.0,20.8,68.0,135.65,RAS,solid_abdominal,0.22796352583586627,1,1
s0311,small_bowel,0,0.9071,0.83,15731,2340,882,18071,16613,ok,18071,358365.84,0,0.2765,0.5275,0.2586,0.3633,0.2188,0.6538,1755756.62,0.2041,4,0.9951,1,0.0254,155.61,147.0,67.02,63.0,281.0,RAS,digestive,0.08776259555769578,0,1
s0311,spinal_cord,0,0.9318,0.8724,2597,173,207,2770,2804,ok,2770,54931.85,0,0.4719,0.3322,0.3866,0.0742,0.1484,0.8846,329313.44,0.1668,1,1.0,1,0.0671,138.97,130.0,53.31,67.0,237.0,RAS,neuro,0.012125534950071327,0,1
s0311,spleen,0,0.9427,0.8917,5269,403,237,5672,5506,ok,5672,112481.38,0,0.2028,0.3705,0.7707,0.2422,0.1719,0.3077,432791.56,0.2599,1,1.0,1,0.0,201.99,202.0,64.46,98.0,312.0,RAS,solid_abdominal,0.030148928441699963,0,1
s0311,stomach,0,0.8551,0.7469,1077,205,160,1282,1237,ok,1282,25423.33,0,0.3574,0.4865,0.7657,0.168,0.1328,0.1923,144964.55,0.1754,2,0.9696,0,0.0,100.74,97.0,32.88,56.05,158.95,RAS,digestive,0.03637833468067906,0,1
s0311,vertebrae,0,0.9396,0.8861,7328,346,596,7674,7924,ok,7674,152183.03,0,0.4705,0.4045,0.3996,0.1328,0.2188,0.8462,830680.56,0.1832,6,0.2529,1,0.0,60.87,58.0,16.21,42.0,93.0,RAS,vertebrae,0.03154972236244321,0,1
s0022,adrenal_gland_left,0,0.8226,0.6986,102,27,17,129,119,ok,129,4535.16,0,0.4248,0.3381,0.6822,0.0312,0.1739,0.082,23625.0,0.192,2,0.5891,0,0.0,270.15,270.0,32.47,212.4,312.8,RAS,urinary,0.08403361344537816,0,1
s0022,aorta,0,0.8994,0.8173,805,156,24,961,829,ok,961,33785.16,0,0.4852,0.3822,0.6836,0.0547,0.2174,0.4023,253476.56,0.1333,2,0.9063,0,0.0,276.39,287.0,88.78,88.0,404.0,RAS,great_vessel,0.15922798552472858,1,1
s0022,autochthon_left,0,0.9294,0.8682,9090,1181,199,10271,9289,ok,10271,361089.84,0,0.4103,0.058,0.5044,0.1758,0.2174,0.5781,1170703.12,0.3084,1,1.0,1,0.3186,249.42,238.0,53.5,180.0,350.0,RAS,muscle,0.10571643879857896,1,1
s0022,autochthon_right,0,0.8579,0.7511,4259,1244,167,5503,4426,ok,5503,193464.84,0,0.5648,0.0716,0.4317,0.1406,0.2174,0.3008,487265.62,0.397,1,1.0,1,0.1603,309.14,301.0,58.66,230.0,424.0,RAS,muscle,0.24333483958427474,1,1
s0022,colon,0,0.8766,0.7804,18352,2922,2243,21274,20595,ok,21274,747914.06,0,0.447,0.5677,0.4497,0.5586,0.8261,0.7812,19103906.0,0.0391,6,0.6589,1,0.0,276.93,271.0,136.9,52.0,512.0,RAS,digestive,0.0329691672736101,0,1
s0022,duodenum,0,0.8571,0.75,72,22,2,94,74,ok,94,3304.69,0,0.4468,0.5291,0.5502,0.1602,0.1304,0.1328,147023.44,0.0225,2,0.9149,0,0.0,330.48,334.0,33.68,286.65,377.0,RAS,digestive,0.2702702702702703,1,1
s0022,esophagus,0,0.8974,0.8139,188,28,15,216,203,ok,216,7593.75,0,0.5002,0.4114,0.8034,0.0508,0.087,0.0547,12796.88,0.5934,1,1.0,0,0.0,148.69,175.0,85.16,10.0,257.25,RAS,digestive,0.06403940886699508,0,1
s0022,femur_left,0,0.8574,0.7504,508,153,16,661,524,ok,661,23238.28,0,0.3284,0.347,0.0876,0.0781,0.1304,0.082,44296.88,0.5246,1,1.0,0,0.0,105.78,102.0,39.43,49.0,183.0,RAS,pelvic_bone,0.26145038167938933,1,1
s0022,femur_right,0,0.8405,0.725,398,132,19,530,417,ok,530,18632.81,0,0.6672,0.3402,0.0786,0.0742,0.1304,0.0781,40078.12,0.4649,1,1.0,0,0.0,101.64,96.0,41.76,49.45,196.0,RAS,pelvic_bone,0.2709832134292566,1,1
s0022,gluteus_maximus_left,0,0.8199,0.6948,3149,1020,363,4169,3512,ok,4169,146566.41,0,0.336,0.0767,0.1661,0.2227,0.2174,0.2383,611191.38,0.2398,1,1.0,1,0.112,305.11,306.0,58.11,209.0,401.0,RAS,muscle,0.18707289293849658,1,1
s0022,gluteus_maximus_right,0,0.6703,0.5041,1107,826,263,1933,1370,ok,1933,67957.03,0,0.6461,0.0375,0.2175,0.1875,0.1304,0.1914,248062.5,0.274,1,1.0,1,0.3487,297.38,295.0,43.4,230.0,369.4,RAS,muscle,0.41094890510948906,1,1
s0022,gluteus_medius_left,0,0.9268,0.8636,3254,412,102,3666,3356,ok,3666,128882.81,0,0.2742,0.2492,0.2689,0.1562,0.3913,0.1719,556875.0,0.2314,1,1.0,1,0.0,239.46,245.5,48.19,152.0,311.75,RAS,muscle,0.09237187127532777,0,1
s0022,gluteus_medius_right,0,0.8958,0.8112,2871,388,280,3259,3151,ok,3259,114574.22,0,0.7232,0.2647,0.2668,0.1641,0.3913,0.1836,624585.94,0.1834,1,1.0,1,0.0,227.26,219.0,38.97,172.0,301.1,RAS,muscle,0.0342748333862266,0,1
s0022,gluteus_minimus_left,0,0.9001,0.8183,698,86,69,784,767,ok,784,27562.5,0,0.2727,0.3833,0.202,0.0625,0.2174,0.1289,92812.5,0.297,1,1.0,0,0.0,152.62,152.0,29.51,105.15,194.0,RAS,muscle,0.02216427640156454,0,1
s0022,gluteus_minimus_right,0,0.8602,0.7547,560,110,72,670,632,ok,670,23554.69,0,0.7208,0.3731,0.1844,0.0508,0.2174,0.1406,82265.62,0.2863,1,1.0,0,0.0,208.7,216.0,52.47,105.45,283.0,RAS,muscle,0.060126582278481014,0,1
s0022,heart,0,0.9185,0.8492,9873,1104,649,10977,10522,ok,10977,385910.16,0,0.4747,0.5596,0.8943,0.2539,0.4783,0.1875,1206562.5,0.3198,2,0.9472,1,0.0058,314.78,303.0,133.42,104.0,552.0,RAS,heart,0.04324272951910283,0,1
s0022,hip_left,0,0.8344,0.7158,2824,913,208,3737,3032,ok,3737,131378.91,0,0.3441,0.2695,0.2123,0.1758,0.4783,0.3242,1444394.5,0.091,1,1.0,1,0.0,146.12,143.0,39.85,87.0,220.0,RAS,pelvic_bone,0.2325197889182058,1,1
s0022,hip_right,0,0.8501,0.7392,3390,849,347,4239,3737,ok,4239,149027.34,0,0.6517,0.2694,0.2041,0.1719,0.4783,0.3477,1514390.62,0.0984,1,1.0,1,0.0,153.21,150.0,41.59,94.0,237.0,RAS,pelvic_bone,0.13433235215413433,1,1
s0022,humerus_left,0,0.8127,0.6845,230,69,37,299,267,ok,299,10511.72,0,0.0396,0.0409,0.8335,0.0391,0.1304,0.3477,93867.19,0.112,2,0.8495,1,0.3612,213.0,130.0,216.87,68.0,729.1,RAS,shoulder_bone,0.1198501872659176,1,1
s0022,humerus_right,0,0.6707,0.5045,56,0,55,56,111,ok,56,1968.75,0,0.9717,0.1398,0.8956,0.0234,0.087,0.0586,6328.12,0.3111,1,1.0,0,0.0,71.3,71.5,10.77,53.5,89.5,RAS,shoulder_bone,0.4954954954954955,1,1
s0022,iliac_artery_left,0,0.8904,0.8025,260,47,17,307,277,ok,307,10792.97,0,0.4319,0.4523,0.2724,0.1211,0.087,0.3086,172195.31,0.0627,3,0.6059,0,0.0,382.54,362.0,119.17,243.3,634.1,RAS,great_vessel,0.10830324909747292,1,1
s0022,iliac_artery_right,0,0.8938,0.8079,265,48,15,313,280,ok,313,11003.91,0,0.5486,0.4556,0.2666,0.125,0.087,0.2695,155250.0,0.0709,3,0.5208,0,0.0,390.91,379.0,74.19,288.8,569.2,RAS,great_vessel,0.11785714285714285,1,1
s0022,iliac_vena_left,0,0.8587,0.7524,477,118,39,595,516,ok,595,20917.97,0,0.4406,0.4037,0.2383,0.1406,0.1739,0.2773,359437.5,0.0582,1,1.0,0,0.0,349.57,341.0,84.46,236.0,488.9,RAS,great_vessel,0.15310077519379844,1,1
s0022,iliac_vena_right,0,0.8856,0.7946,445,75,40,520,485,ok,520,18281.25,0,0.5606,0.3962,0.2454,0.0898,0.1304,0.2695,167378.91,0.1092,1,1.0,0,0.0,335.88,335.0,65.42,239.0,447.1,RAS,great_vessel,0.07216494845360824,0,1
s0022,iliopsoas_left,0,0.9353,0.8785,5120,266,442,5386,5562,ok,5386,189351.56,0,0.3807,0.3648,0.3186,0.1602,0.2609,0.4453,985921.88,0.1921,2,0.9998,0,0.0,182.18,183.0,16.28,154.0,207.0,RAS,muscle,0.03164329377921611,0,1
s0022,iliopsoas_right,0,0.9395,0.8859,5492,213,494,5705,5986,ok,5705,200566.41,0,0.6046,0.3494,0.328,0.1406,0.2609,0.4453,865687.5,0.2317,1,1.0,0,0.0,184.89,183.0,19.49,157.0,221.0,RAS,muscle,0.04694286668894086,0,1
s0022,inferior_vena_cava,0,0.8297,0.709,558,135,94,693,652,ok,693,24363.28,0,0.5473,0.4413,0.6181,0.1094,0.1304,0.457,345515.62,0.0705,2,0.5498,0,0.0,348.1,350.0,28.32,299.0,392.0,RAS,great_vessel,0.06288343558282208,0,1
s0022,intervertebral_discs,0,0.8868,0.7967,2288,301,283,2589,2571,ok,2589,91019.53,0,0.505,0.2828,0.5968,0.1133,0.2609,0.6562,1027687.5,0.0886,11,0.1815,0,0.0,127.2,142.0,45.68,20.0,171.0,RAS,vertebrae,0.007001166861143524,0,1
s0022,kidney_left,1,0.9557,0.9151,7224,494,176,7718,7400,ok,7718,271335.94,0,0.3268,0.2914,0.5798,0.1797,0.3478,0.2578,853875.0,0.3178,1,1.0,0,0.0,383.28,387.0,53.17,291.0,460.0,RAS,urinary,0.04297297297297297,0,0
s0022,liver,1,0.9667,0.9355,40224,1273,1502,41497,41726,ok,41497,1458878.88,0,0.6836,0.54,0.7366,0.4141,0.8261,0.293,5310351.5,0.2747,1,1.0,1,0.0,423.76,392.0,131.02,268.0,675.0,RAS,solid_abdominal,0.005488184824809472,0,0
s0022,lung_left,0,0.9386,0.8842,23288,673,2376,23961,25664,ok,23961,842378.88,0,0.3341,0.3531,0.901,0.2734,0.7391,0.2109,2259140.5,0.3729,2,0.9996,1,0.0157,36.8,26.0,35.18,7.0,104.0,RAS,lung,0.06635754364089776,0,1
s0022,lung_right,1,0.9675,0.9371,31323,898,1206,32221,32529,ok,32221,1132769.5,0,0.6839,0.3472,0.8884,0.2891,0.7826,0.2734,3277968.75,0.3456,1,1.0,1,0.0132,39.83,27.0,43.74,7.0,120.0,RAS,lung,0.009468474284484614,0,0
s0022,pancreas,0,0.7437,0.592,515,156,199,671,714,ok,671,23589.84,0,0.4973,0.6302,0.6759,0.0898,0.1739,0.1172,97031.25,0.2431,1,1.0,0,0.0,352.97,352.0,39.63,292.0,417.0,RAS,solid_abdominal,0.06022408963585434,0,1
s0022,portal_vein_and_splenic_vein,0,0.8824,0.7895,435,96,20,531,455,ok,531,18667.97,0,0.5343,0.5724,0.6963,0.3359,0.3913,0.0977,680273.44,0.0274,3,0.9548,0,0.0,415.9,412.0,57.09,317.0,511.0,RAS,great_vessel,0.16703296703296702,1,1
s0022,sacrum,0,0.8693,0.7689,2871,512,351,3383,3222,ok,3383,118933.59,0,0.4978,0.1675,0.2518,0.207,0.3478,0.1367,521718.75,0.228,1,1.0,1,0.0242,187.28,178.0,42.84,134.0,271.0,RAS,pelvic_bone,0.04996896337678461,0,1
s0022,small_bowel,0,0.8643,0.761,15210,2958,1818,18168,17028,ok,18168,638718.75,0,0.343,0.5953,0.466,0.543,0.6522,0.5273,9895605.0,0.0645,9,0.919,0,0.0,340.2,328.0,127.41,146.0,582.0,RAS,digestive,0.06694855532064835,0,1
s0022,spinal_cord,0,0.8679,0.7666,1192,206,157,1398,1349,ok,1398,49148.44,0,0.5015,0.1802,0.5746,0.0547,0.2174,0.6953,438046.88,0.1122,1,1.0,1,0.0,151.56,143.0,67.05,49.0,277.15,RAS,neuro,0.0363232023721275,0,1
s0022,spleen,0,0.9391,0.8852,3209,298,118,3507,3327,ok,3507,123292.97,0,0.3333,0.2,0.7578,0.207,0.2174,0.1328,316757.81,0.3892,2,0.9991,0,0.0,285.6,285.0,45.95,215.0,362.0,RAS,solid_abdominal,0.05410279531109107,0,1
s0022,stomach,1,0.9498,0.9045,8435,658,233,9093,8668,ok,9093,319675.78,0,0.3892,0.6334,0.7578,0.2812,0.6087,0.1562,1417500.0,0.2255,1,1.0,1,0.0,268.59,251.0,161.79,25.0,554.0,RAS,digestive,0.049030918320258424,0,0
s0022,urinary_bladder,0,0.8583,0.7518,851,189,92,1040,943,ok,1040,36562.5,0,0.4901,0.3989,0.0908,0.1406,0.1739,0.0625,81000.0,0.4514,1,1.0,0,0.0,332.09,320.5,134.57,128.9,551.0,RAS,urinary,0.10286320254506894,1,1
s0022,vertebrae,0,0.9101,0.8351,5236,459,575,5695,5811,ok,5695,200214.84,0,0.5053,0.2731,0.6169,0.1055,0.3043,0.6484,1102992.25,0.1815,10,0.138,0,0.0,126.52,132.0,35.4,57.0,175.0,RAS,vertebrae,0.019962140767509896,0,1
s0335,colon,0,0.8496,0.7386,2365,93,744,2458,3109,ok,2458,189874.12,0,0.484,0.3024,0.7004,0.3164,1.0,0.4062,3253660.75,0.0584,3,0.8788,1,0.3226,278.5,278.0,158.99,32.85,520.15,RAS,digestive,0.20939208748793825,1,1
s0335,femur_left,0,0.8798,0.7853,2594,125,584,2719,3178,ok,2719,210035.7,0,0.2561,0.3874,0.5431,0.1875,0.6,0.5469,1557307.75,0.1349,2,0.961,1,0.0,684.67,709.0,145.63,388.0,872.0,RAS,pelvic_bone,0.14443045940843297,1,1
s0335,femur_right,0,0.9303,0.8697,2303,196,149,2499,2452,ok,2499,193041.27,0,0.7422,0.4372,0.5131,0.168,0.4,0.5547,943345.31,0.2046,1,1.0,1,0.0,655.02,693.0,204.14,277.7,927.0,RAS,pelvic_bone,0.019168026101141926,0,1
s0335,gluteus_maximus_left,0,0.8525,0.7429,130,44,1,174,131,ok,174,13441.05,0,0.1739,0.2,0.7153,0.0469,0.2,0.0781,18539.38,0.725,1,1.0,1,0.0,276.6,278.0,25.49,237.6,318.0,RAS,muscle,0.3282442748091603,1,1
s0335,gluteus_maximus_right,0,0.787,0.6488,109,37,22,146,131,ok,146,11278.12,0,0.714,0.0,0.5797,0.0391,0.2,0.0742,14677.01,0.7684,1,1.0,1,1.0,486.36,478.5,51.95,414.25,590.25,RAS,muscle,0.11450381679389313,1,1
s0335,gluteus_medius_left,0,0.9044,0.8255,582,96,27,678,609,ok,678,52373.74,0,0.2002,0.4558,0.7255,0.0898,0.4,0.1602,145688.61,0.3595,1,1.0,1,0.0,298.24,280.0,88.28,206.0,500.0,RAS,muscle,0.11330049261083744,1,1
s0335,gluteus_minimus_left,0,0.773,0.63,126,54,20,180,146,ok,180,13904.53,0,0.2495,0.4544,0.7167,0.0547,0.4,0.0781,43258.55,0.3214,1,1.0,1,0.0,313.58,302.0,73.65,228.95,483.5,RAS,muscle,0.2328767123287671,1,1
s0335,hip_left,0,0.8689,0.7683,2271,250,435,2521,2706,ok,2521,194740.7,0,0.3364,0.3555,0.7054,0.2227,1.0,0.3984,2245582.0,0.0867,2,0.9877,1,0.0179,544.97,532.0,188.81,256.0,855.0,RAS,pelvic_bone,0.06836659275683665,0,1
s0335,hip_right,0,0.8895,0.8009,2221,134,418,2355,2639,ok,2355,181917.64,0,0.6757,0.3558,0.6993,0.2227,0.8,0.4102,1849302.88,0.0984,1,1.0,1,0.0645,621.94,594.0,193.14,304.0,945.0,RAS,pelvic_bone,0.10761652140962485,1,1
s0335,iliopsoas_left,0,0.876,0.7793,1727,57,432,1784,2159,ok,1784,137809.38,0,0.3482,0.5101,0.7988,0.1914,0.4,0.4141,802446.06,0.1717,2,0.8868,1,0.0,262.77,250.0,89.61,141.0,443.85,RAS,muscle,0.17369152385363595,1,1
s0335,iliopsoas_right,0,0.815,0.6877,643,10,282,653,925,ok,653,50442.55,0,0.6765,0.6,0.7186,0.1641,0.2,0.3711,308217.16,0.1637,2,0.7075,1,0.0,332.41,330.0,61.96,235.0,427.4,RAS,muscle,0.29405405405405405,1,1
s0335,sacrum,0,0.8761,0.7796,1549,188,250,1737,1799,ok,1737,134178.75,0,0.5145,0.1057,0.8319,0.2578,0.4,0.1055,275309.75,0.4874,1,1.0,1,0.4715,451.55,436.0,117.01,289.0,683.2,RAS,pelvic_bone,0.03446359088382435,0,1
s0335,small_bowel,0,0.0554,0.0285,46,91,1478,137,1524,low_dice,137,10582.89,0,0.5177,0.6672,0.8303,0.2422,0.4,0.0469,114944.14,0.0921,3,0.6642,1,0.3358,566.74,566.0,74.23,431.8,686.0,RAS,digestive,0.9101049868766404,1,1
s0335,urinary_bladder,0,0.8176,0.6915,798,179,177,977,975,ok,977,75470.72,0,0.5179,0.7095,0.647,0.1211,0.4,0.0938,114944.14,0.6566,1,1.0,1,0.5476,235.49,214.0,157.94,28.0,494.6,RAS,urinary,0.0020512820512820513,0,1
s0336,adrenal_gland_left,0,0.8261,0.7037,95,31,9,126,104,ok,126,4429.69,0,0.4134,0.473,0.4254,0.0352,0.0859,0.16,27843.75,0.1591,1,1.0,0,0.0,147.77,151.0,26.03,103.0,188.0,RAS,urinary,0.21153846153846154,1,1
s0336,adrenal_gland_right,0,0.8377,0.7208,111,23,20,134,131,ok,134,4710.94,0,0.5695,0.4372,0.4481,0.0312,0.0898,0.12,19406.25,0.2428,1,1.0,0,0.0,119.57,117.5,26.34,79.3,163.7,RAS,urinary,0.022900763358778626,0,1
s0336,aorta,1,0.9552,0.9142,2196,127,79,2323,2275,ok,2323,81667.97,0,0.4658,0.4367,0.5231,0.0703,0.168,1.0,680273.44,0.1201,1,1.0,1,0.0637,176.16,201.0,60.67,63.0,241.0,RAS,great_vessel,0.0210989010989011,0,0
s0336,autochthon_left,1,0.9789,0.9587,15574,423,248,15997,15822,ok,15997,562394.5,0,0.4097,0.2685,0.3714,0.207,0.1406,1.0,1676953.12,0.3354,1,1.0,1,0.0646,218.89,215.0,52.95,137.0,313.0,RAS,muscle,0.011060548603210719,0,0
s0336,autochthon_right,1,0.9749,0.951,13921,407,310,14328,14231,ok,14328,503718.75,0,0.5979,0.2823,0.3732,0.1836,0.125,1.0,1321875.0,0.3811,1,1.0,1,0.0674,177.23,162.0,57.79,113.0,305.0,RAS,muscle,0.00681610568477268,0,0
s0336,colon,0,0.9257,0.8617,9005,636,809,9641,9814,ok,9641,338941.41,0,0.4818,0.6724,0.3169,0.5781,0.2266,0.52,3923156.25,0.0864,1,1.0,1,0.0245,312.78,312.0,109.35,141.0,498.0,RAS,digestive,0.017627878540859995,0,1
s0336,duodenum,0,0.9307,0.8704,1505,139,85,1644,1590,ok,1644,57796.88,0,0.5295,0.5516,0.2505,0.1992,0.0859,0.44,433898.44,0.1332,1,1.0,1,0.0,179.34,184.0,33.16,113.15,224.0,RAS,digestive,0.033962264150943396,0,1
s0336,esophagus,0,0.9019,0.8213,262,45,12,307,274,ok,307,10792.97,0,0.4727,0.4332,0.8257,0.0586,0.0664,0.28,62753.91,0.172,1,1.0,1,0.101,85.65,78.0,38.33,33.0,151.7,RAS,digestive,0.12043795620437957,1,1
s0336,heart,1,0.9726,0.9467,8169,284,176,8453,8345,ok,8453,297175.78,0,0.4112,0.5408,0.9204,0.2617,0.2344,0.16,565312.5,0.5257,1,1.0,1,0.3613,171.33,163.0,62.34,84.0,281.4,RAS,heart,0.012941881366087477,0,0
s0336,iliopsoas_left,1,0.959,0.9212,1602,94,43,1696,1645,ok,1696,59625.0,0,0.4095,0.4024,0.0986,0.082,0.1211,0.32,183093.75,0.3257,1,1.0,1,0.2146,108.33,107.0,13.01,90.0,132.0,RAS,muscle,0.03100303951367781,0,0
s0336,iliopsoas_right,1,0.9685,0.939,1693,93,17,1786,1710,ok,1786,62789.06,0,0.566,0.4156,0.0887,0.082,0.1133,0.28,149871.09,0.419,1,1.0,1,0.2251,98.5,98.0,7.04,87.0,110.0,RAS,muscle,0.044444444444444446,0,0
s0336,inferior_vena_cava,0,0.9402,0.8871,2003,147,108,2150,2111,ok,2150,75585.94,0,0.5305,0.4761,0.451,0.0859,0.0938,0.92,426937.5,0.177,1,1.0,1,0.0428,226.15,230.0,26.71,177.0,264.0,RAS,great_vessel,0.018474656560871626,0,1
s0336,intervertebral_discs,0,0.8579,0.7511,2188,280,445,2468,2633,ok,2468,86765.62,0,0.4958,0.387,0.4218,0.1094,0.1484,0.92,860343.75,0.1008,8,0.1791,1,0.1503,87.39,88.0,14.24,65.0,110.0,RAS,vertebrae,0.06266616027345234,0,1
s0336,kidney_left,1,0.9597,0.9226,4946,241,174,5187,5120,ok,5187,182355.47,0,0.3263,0.4547,0.259,0.1367,0.1562,0.4,492187.5,0.3705,1,1.0,1,0.0,256.4,265.0,47.52,161.3,320.0,RAS,urinary,0.0130859375,0,0
s0336,kidney_right,1,0.9531,0.9104,5152,280,227,5432,5379,ok,5432,190968.75,0,0.6386,0.4748,0.2047,0.1367,0.1875,0.4,590625.0,0.3233,1,1.0,1,0.0,207.22,210.0,41.43,134.0,267.0,RAS,urinary,0.009853132552519055,0,0
s0336,liver,1,0.9783,0.9576,60946,1105,1596,62051,62542,ok,62051,2181480.5,0,0.6416,0.5292,0.635,0.4258,0.4141,0.72,7311515.5,0.2984,1,1.0,1,0.0,214.78,195.0,63.92,141.0,347.0,RAS,solid_abdominal,0.007850724313261488,0,0
s0336,lung_left,1,0.9724,0.9464,13795,311,471,14106,14266,ok,14106,495914.06,0,0.3162,0.3925,0.8767,0.2734,0.3711,0.32,1870312.5,0.2652,1,1.0,1,0.1995,30.78,26.0,19.83,10.0,68.0,RAS,lung,0.011215477358755083,0,0
s0336,lung_right,1,0.9741,0.9495,16777,426,467,17203,17244,ok,17203,604793.0,0,0.6382,0.4637,0.8961,0.3008,0.418,0.32,2317218.75,0.261,1,1.0,1,0.2971,28.55,22.0,21.5,8.0,70.0,RAS,lung,0.0023776385989329623,0,0
s0336,pancreas,0,0.9181,0.8487,2703,438,44,3141,2747,ok,3141,110425.78,0,0.4333,0.5433,0.4141,0.3203,0.1328,0.36,882140.62,0.1252,1,1.0,0,0.0,180.95,185.0,32.4,121.0,226.0,RAS,solid_abdominal,0.1434291954859847,1,1
s0336,portal_vein_and_splenic_vein,0,0.9034,0.8238,533,101,13,634,546,ok,634,22289.06,0,0.5403,0.5336,0.5004,0.2617,0.0859,0.28,362742.19,0.0614,3,0.9479,0,0.0,251.15,255.0,34.87,186.3,301.35,RAS,great_vessel,0.16117216117216118,1,1
s0336,small_bowel,0,0.9316,0.872,14669,1263,891,15932,15560,ok,15932,560109.38,0,0.4145,0.6447,0.1781,0.4609,0.2109,0.48,2688187.5,0.2084,2,0.9987,1,0.0931,272.65,270.0,104.05,100.0,451.0,RAS,digestive,0.02390745501285347,0,1
s0336,spinal_cord,0,0.9297,0.8686,1236,134,53,1370,1289,ok,1370,48164.06,0,0.5008,0.3393,0.4716,0.0547,0.0938,1.0,295312.5,0.1631,1,1.0,1,0.0526,92.38,93.5,24.93,54.0,132.0,RAS,neuro,0.06283941039565555,0,1
s0336,spleen,1,0.9588,0.9209,6191,299,233,6490,6424,ok,6490,228164.06,0,0.2827,0.3622,0.5641,0.2227,0.2109,0.4,1082109.38,0.2109,1,1.0,0,0.0,248.93,247.0,46.12,177.0,328.0,RAS,solid_abdominal,0.010273972602739725,0,0
s0336,stomach,1,0.9542,0.9124,14377,1109,271,15486,14648,ok,15486,544429.69,0,0.3659,0.5358,0.6302,0.3281,0.3633,0.4,2746406.25,0.1982,1,1.0,0,0.0,158.61,157.0,42.22,90.0,231.0,RAS,digestive,0.05720917531403605,0,0
s0336,vertebrae,0,0.9082,0.8318,4356,524,357,4880,4713,ok,4880,171562.5,0,0.4968,0.3852,0.4606,0.1016,0.1445,0.96,811687.5,0.2114,4,0.4027,1,0.0432,82.43,85.0,19.51,41.0,108.0,RAS,vertebrae,0.03543390621684702,0,1
s0343,autochthon_right,0,0.7607,0.6139,124,64,14,188,138,ok,188,14522.55,0,0.5751,0.0,0.8192,0.0547,0.2,0.0781,21629.32,0.6714,1,1.0,1,1.0,1081.91,1085.0,135.56,863.5,1313.0,RAS,muscle,0.36231884057971014,1,1
s0343,colon,0,0.8697,0.7695,2871,182,678,3053,3549,ok,3053,235836.89,0,0.4792,0.3448,0.5398,0.293,1.0,0.4922,3649948.5,0.0646,4,0.9139,1,0.4769,428.55,400.0,277.09,70.0,950.0,RAS,digestive,0.13975767821921667,1,1
s0343,femur_left,0,0.7886,0.651,1740,94,839,1834,2579,ok,1834,141672.08,0,0.2158,0.3787,0.3791,0.2031,0.6,0.2461,759189.31,0.1866,2,0.9967,1,0.0,993.42,990.0,165.78,730.0,1260.0,RAS,pelvic_bone,0.28887165568049633,1,1
s0343,femur_right,0,0.8674,0.7659,2153,248,410,2401,2563,ok,2401,185471.47,0,0.7488,0.3356,0.3366,0.1953,0.8,0.418,1653098.38,0.1122,1,1.0,1,0.0012,1048.4,1080.0,297.76,520.0,1500.0,RAS,pelvic_bone,0.06320717908700742,0,1
s0343,gluteus_maximus_left,0,0.8745,0.777,237,55,13,292,250,ok,292,22556.3,0,0.1322,0.2,0.5129,0.0586,0.2,0.1055,31285.27,0.721,1,1.0,1,0.0,704.73,715.0,98.2,540.0,860.0,RAS,muscle,0.168,1,1
s0343,gluteus_medius_left,0,0.909,0.8333,1904,153,228,2057,2132,ok,2057,158898.3,0,0.1626,0.4785,0.5582,0.1328,0.8,0.2969,798431.06,0.199,2,0.9932,1,0.0462,720.48,700.0,125.69,550.0,970.0,RAS,muscle,0.03517823639774859,0,1
s0343,gluteus_medius_right,0,0.8863,0.7958,1333,65,277,1398,1610,ok,1398,107992.13,0,0.8312,0.3189,0.5157,0.0859,0.4,0.2305,200534.73,0.5385,1,1.0,1,0.0,836.89,830.0,95.76,680.0,1000.0,RAS,muscle,0.13167701863354037,1,1
s0343,gluteus_minimus_left,0,0.8675,0.766,540,60,105,600,645,ok,600,46348.55,0,0.2118,0.5387,0.5377,0.0664,0.6,0.1875,189102.09,0.2451,1,1.0,1,0.0317,750.87,730.0,135.78,560.0,1000.0,RAS,muscle,0.06976744186046512,0,1
s0343,hip_left,0,0.8164,0.6897,1947,336,540,2283,2487,ok,2283,176356.25,0,0.3096,0.3858,0.5136,0.3164,1.0,0.4336,3472665.25,0.0508,6,0.7481,1,0.187,821.15,790.0,177.69,590.0,1170.0,RAS,pelvic_bone,0.08202653799758745,0,1
s0343,hip_right,0,0.8312,0.7112,1155,300,169,1455,1324,ok,1455,112395.24,0,0.623,0.2937,0.4402,0.2891,1.0,0.3672,2686671.25,0.0418,4,0.7065,1,0.3512,999.42,970.0,202.73,720.0,1400.0,RAS,pelvic_bone,0.09894259818731117,0,1
s0343,iliopsoas_left,0,0.9162,0.8454,3386,202,417,3588,3803,ok,3588,277164.34,0,0.3061,0.5237,0.5834,0.2305,1.0,0.5547,3235901.5,0.0857,2,0.9997,1,0.2093,705.94,700.0,120.32,520.0,910.0,RAS,muscle,0.056534315014462266,0,1
s0343,iliopsoas_right,0,0.828,0.7065,2318,103,860,2421,3178,ok,2421,187016.41,0,0.647,0.3912,0.6286,0.2227,0.8,0.5234,2360068.25,0.0792,2,0.7848,1,0.0066,713.82,710.0,123.68,530.0,920.0,RAS,muscle,0.2382001258653241,1,1
s0343,intervertebral_discs,0,0.5631,0.3919,116,115,65,231,181,ok,231,17844.19,0,0.4841,0.2823,0.8068,0.0898,0.4,0.1523,138582.17,0.1288,3,0.7835,1,0.0,729.91,740.0,108.63,550.0,905.0,RAS,vertebrae,0.27624309392265195,1,1
s0343,sacrum,0,0.7719,0.6286,440,88,172,528,612,ok,528,40786.73,0,0.5407,0.0136,0.6007,0.3008,0.4,0.457,1391847.0,0.0293,7,0.8617,1,0.9318,1025.67,1010.0,245.94,710.0,1630.0,RAS,pelvic_bone,0.13725490196078433,1,1
s0343,urinary_bladder,1,0.9688,0.9394,1442,33,60,1475,1502,ok,1475,113940.2,0,0.5159,0.7055,0.465,0.1406,0.4,0.1133,161292.97,0.7064,1,1.0,1,0.5275,468.98,440.0,302.61,70.0,970.0,RAS,urinary,0.017976031957390146,0,0
s0343,vertebrae,0,0.7688,0.6245,725,159,277,884,1002,ok,884,68286.87,0,0.4835,0.2713,0.8072,0.0898,0.6,0.1523,207873.27,0.3285,2,0.5396,1,0.0023,837.22,870.0,202.99,383.0,1090.0,RAS,vertebrae,0.11776447105788423,1,1
s0351,adrenal_gland_left,0,0.8972,0.8136,384,48,40,432,424,ok,432,3973.75,0,0.4238,0.4125,0.3414,0.0312,0.0446,0.0909,10302.31,0.3857,1,1.0,0,0.0,343.61,368.0,182.83,54.75,632.8,RAS,urinary,0.018867924528301886,0,1
s0351,adrenal_gland_right,0,0.8811,0.7875,126,16,18,142,144,ok,142,1306.19,0,0.593,0.3816,0.3961,0.0246,0.0223,0.0455,2023.67,0.6455,1,1.0,0,0.0,289.22,269.0,155.68,79.2,564.0,RAS,urinary,0.013888888888888888,0,1
s0351,aorta,1,0.9542,0.9124,17010,1090,543,18100,17553,ok,18100,166492.77,0,0.4843,0.4027,0.5983,0.1116,0.2009,1.0,1821302.0,0.0914,2,0.8378,1,0.0693,1323.35,1041.0,686.56,715.0,2581.25,RAS,great_vessel,0.031162764199851877,0,0
s0351,autochthon_left,1,0.9761,0.9533,64266,2090,1060,66356,65326,ok,66356,610375.31,0,0.4136,0.2175,0.3597,0.1696,0.1161,1.0,1599507.88,0.3816,1,1.0,1,0.0416,329.41,348.0,101.46,119.0,441.0,RAS,muscle,0.01576707589627407,0,0
s0351,autochthon_right,1,0.9739,0.949,58358,2067,1067,60425,59425,ok,60425,555819.06,0,0.5844,0.2155,0.3765,0.1719,0.1116,1.0,1558225.0,0.3567,1,1.0,1,0.0401,365.01,383.0,108.4,136.0,476.0,RAS,muscle,0.016827934371055953,0,0
s0351,colon,0,0.9313,0.8715,59184,4558,4168,63742,63352,ok,63742,586330.44,0,0.4745,0.5416,0.1755,0.6674,0.2879,0.5455,8515084.0,0.0689,2,0.9798,1,0.0489,364.48,313.0,261.25,66.0,798.0,RAS,digestive,0.006156080313170855,0,1
s0351,duodenum,0,0.9186,0.8494,5128,458,451,5586,5579,ok,5586,51382.79,0,0.5862,0.4791,0.1667,0.2031,0.096,0.3182,503911.94,0.102,2,0.9821,1,0.0,716.41,785.0,290.76,114.0,1107.0,RAS,digestive,0.0012547051442910915,0,1
s0351,esophagus,0,0.9189,0.85,2080,232,135,2312,2215,ok,2312,21266.92,0,0.4845,0.4014,0.7371,0.0647,0.0938,0.4545,224075.34,0.0949,1,1.0,1,0.051,514.55,507.0,263.49,132.0,910.8,RAS,digestive,0.04379232505643341,0,1
s0351,heart,0,0.9462,0.8979,63138,3944,3235,67082,66373,ok,67082,617053.44,0,0.4555,0.5147,0.7776,0.2545,0.2388,0.3636,1795251.88,0.3437,3,0.9909,1,0.0073,801.55,781.0,329.65,238.0,1350.0,RAS,heart,0.010682054449851597,0,1
s0351,iliopsoas_left,0,0.944,0.894,7128,486,359,7614,7487,ok,7614,70037.34,0,0.4196,0.3448,0.0912,0.0871,0.1094,0.2955,228518.2,0.3065,2,0.9997,1,0.1416,287.1,295.0,56.98,178.6,357.0,RAS,muscle,0.016962735408040604,0,1
s0351,iliopsoas_right,1,0.9506,0.9058,6166,493,148,6659,6314,ok,6659,61252.78,0,0.5829,0.3332,0.0915,0.1161,0.1138,0.2955,317127.31,0.1931,2,0.9983,1,0.1422,315.7,322.0,56.25,220.0,388.0,RAS,muscle,0.054640481469749765,0,0
s0351,inferior_vena_cava,1,0.9548,0.9136,9135,457,407,9592,9542,ok,9592,88231.96,0,0.5679,0.4316,0.3546,0.0893,0.0714,0.7273,376770.34,0.2342,1,1.0,1,0.0234,960.99,931.0,220.49,644.0,1306.0,RAS,great_vessel,0.005239991616013414,0,0
s0351,intervertebral_discs,0,0.932,0.8727,10971,860,741,11831,11712,ok,11831,108827.39,0,0.5064,0.3284,0.4523,0.1161,0.1384,0.9091,1186237.88,0.0917,9,0.1762,1,0.0,242.02,242.0,97.43,79.0,406.0,RAS,vertebrae,0.01016051912568306,0,1
s0351,kidney_left,1,0.9611,0.925,17241,572,825,17813,18066,ok,17813,163852.8,0,0.3423,0.3745,0.1486,0.1384,0.1228,0.3409,470503.0,0.3483,1,1.0,1,0.0647,830.66,838.0,106.93,675.0,979.0,RAS,urinary,0.014004206797298793,0,0
s0351,kidney_right,1,0.962,0.9268,19879,882,688,20761,20567,ok,20761,190969.95,0,0.6636,0.3798,0.138,0.1272,0.1473,0.3182,484466.34,0.3942,1,1.0,1,0.0653,786.48,785.0,115.92,626.0,953.0,RAS,urinary,0.009432586181747459,0,0
s0351,liver,1,0.9796,0.9599,273055,5982,5419,279037,278474,ok,279037,2566720.5,0,0.6703,0.4764,0.4843,0.4665,0.4308,0.6136,10018072.0,0.2562,1,1.0,0,0.0,448.15,414.0,145.76,295.0,728.0,RAS,solid_abdominal,0.0020217327290878145,0,0
s0351,lung_left,1,0.9838,0.9681,188875,3524,2709,192399,191584,ok,192399,1769781.25,0,0.3257,0.384,0.777,0.2612,0.3996,0.5227,4430814.0,0.3994,1,1.0,1,0.0546,83.26,52.0,125.42,13.0,273.0,RAS,lung,0.004254008685485218,0,0
s0351,lung_right,1,0.9848,0.97,199778,3604,2582,203382,202360,ok,203382,1870808.25,0,0.6479,0.3988,0.7997,0.2902,0.4152,0.5455,5338070.5,0.3505,1,1.0,1,0.0584,80.08,52.0,115.27,13.0,238.0,RAS,lung,0.005050405218422613,0,0
s0351,pancreas,0,0.9158,0.8447,6991,776,509,7767,7500,ok,7767,71444.71,0,0.4961,0.5049,0.2964,0.2612,0.1429,0.25,757661.62,0.0943,1,1.0,0,0.0,420.19,454.0,151.61,114.0,613.0,RAS,solid_abdominal,0.0356,0,1
s0351,portal_vein_and_splenic_vein,0,0.9336,0.8755,3516,379,121,3895,3637,ok,3895,35828.14,0,0.5376,0.4865,0.3859,0.3348,0.1674,0.25,1138313.75,0.0315,1,1.0,0,0.0,901.44,891.0,195.0,556.0,1200.0,RAS,great_vessel,0.07093758592246358,0,1
s0351,scapula_right,0,0.5604,0.3893,51,80,0,131,51,ok,131,1205.0,0,0.7527,0.2307,0.9728,0.0379,0.0357,0.0455,5003.98,0.2408,1,1.0,1,0.8015,131.19,110.0,73.73,35.0,269.0,RAS,shoulder_bone,1.5686274509803921,1,1
s0351,small_bowel,0,0.9125,0.8391,42652,4904,3276,47556,45928,ok,47556,437443.62,0,0.3109,0.5346,0.14,0.5246,0.2143,0.3636,3320288.75,0.1317,4,0.9546,1,0.1019,719.0,644.0,395.57,119.0,1385.0,RAS,digestive,0.035446786274168265,0,1
s0351,spinal_cord,0,0.9471,0.8994,8104,529,377,8633,8481,ok,8633,79410.61,0,0.5039,0.2838,0.4437,0.0558,0.0893,1.0,404733.78,0.1962,1,1.0,1,0.0417,1165.34,1059.0,682.44,308.0,2555.0,RAS,neuro,0.017922414809574343,0,1
s0351,spleen,1,0.9656,0.9334,54007,1280,2573,55287,56580,ok,55287,508557.19,0,0.2776,0.3595,0.4254,0.1987,0.2098,0.4318,1462137.5,0.3478,1,1.0,0,0.0,654.31,657.0,109.16,494.0,807.0,RAS,solid_abdominal,0.022852598091198304,0,0
s0351,stomach,1,0.9481,0.9012,38600,2456,1774,41056,40374,ok,41056,377653.41,0,0.4438,0.5663,0.3737,0.2969,0.2879,0.4545,3156371.5,0.1196,1,1.0,0,0.0,555.55,525.0,431.44,13.0,1368.0,RAS,digestive,0.01689205924604944,0,0
s0351,vertebrae,1,0.9582,0.9198,30907,1136,1558,32043,32465,ok,32043,294747.38,0,0.505,0.3311,0.4312,0.1049,0.1384,1.0,1179394.25,0.2499,10,0.144,1,0.0564,109.34,97.0,71.55,22.0,238.0,RAS,vertebrae,0.012998613891883566,0,0
s0034,adrenal_gland_left,0,0.894,0.8083,291,50,19,341,310,ok,341,8808.3,0,0.4024,0.4396,0.4339,0.0586,0.0664,0.3333,39521.12,0.2229,1,1.0,0,0.0,100.63,101.0,29.62,53.0,150.0,RAS,urinary,0.1,0,1
s0034,adrenal_gland_right,0,0.9099,0.8346,217,33,10,250,227,ok,250,6457.7,0,0.589,0.4366,0.524,0.0469,0.0586,0.2778,23247.72,0.2778,1,1.0,0,0.0,83.47,80.5,32.68,33.9,135.65,RAS,urinary,0.1013215859030837,1,1
s0034,aorta,0,0.8806,0.7867,970,128,135,1098,1105,ok,1098,28362.21,0,0.4869,0.4364,0.549,0.0625,0.1328,1.0,252935.17,0.1121,1,1.0,1,0.1166,18.66,18.0,5.5,11.0,28.0,RAS,great_vessel,0.006334841628959276,0,1
s0034,autochthon_left,1,0.9656,0.9336,9852,488,213,10340,10065,ok,10340,267090.44,0,0.4371,0.2206,0.3994,0.1602,0.1406,1.0,686272.62,0.3892,1,1.0,1,0.0753,63.88,58.0,33.26,22.0,132.0,RAS,muscle,0.0273224043715847,0,0
s0034,autochthon_right,1,0.9645,0.9314,9676,460,253,10136,9929,ok,10136,261820.95,0,0.6002,0.2263,0.3909,0.1445,0.168,1.0,739742.38,0.3539,1,1.0,1,0.0883,68.21,66.0,27.64,26.0,119.0,RAS,muscle,0.020848020948736026,0,0
s0034,colon,0,0.9275,0.8648,1689,211,53,1900,1742,ok,1900,49078.52,0,0.7641,0.4933,0.1028,0.1484,0.1094,0.3333,164903.81,0.2976,1,1.0,1,0.2205,94.94,87.0,41.66,44.0,171.0,RAS,digestive,0.09070034443168772,0,1
s0034,duodenum,0,0.9323,0.8732,1433,97,111,1530,1544,ok,1530,39521.12,0,0.6066,0.5063,0.141,0.2344,0.1484,0.3333,353365.31,0.1118,2,0.8869,1,0.2033,98.29,99.0,34.65,41.0,153.0,RAS,digestive,0.009067357512953367,0,1
s0034,inferior_vena_cava,0,0.8876,0.7979,616,127,29,743,645,ok,743,19192.28,0,0.5626,0.4858,0.4603,0.0547,0.0586,0.6111,59669.14,0.3216,1,1.0,1,0.0,20.71,20.0,5.17,13.0,29.0,RAS,great_vessel,0.15193798449612403,1,1
s0034,intervertebral_discs,0,0.846,0.7331,1442,295,230,1737,1672,ok,1737,44868.09,0,0.5197,0.3502,0.5409,0.1133,0.1953,1.0,674183.81,0.0666,6,0.3172,1,0.3955,60.91,56.0,25.14,26.8,106.0,RAS,vertebrae,0.038875598086124404,0,1
s0034,kidney_left,0,0.933,0.8744,3786,165,379,3951,4165,ok,3951,102057.48,0,0.327,0.3452,0.241,0.1484,0.1211,0.5,273858.12,0.3727,1,1.0,1,0.0577,111.48,110.0,39.56,39.0,176.0,RAS,urinary,0.05138055222088835,0,1
s0034,kidney_right,0,0.9396,0.8861,5176,264,401,5440,5577,ok,5440,140519.53,0,0.6799,0.3776,0.2415,0.1641,0.1484,0.5556,412259.53,0.3409,1,1.0,1,0.0864,183.03,193.0,56.89,68.0,259.0,RAS,urinary,0.024565178411332256,0,1
s0034,liver,1,0.9628,0.9283,45424,1508,1998,46932,47422,ok,46932,1212291.0,0,0.7156,0.4787,0.6383,0.2734,0.4375,0.7222,2632674.75,0.4605,1,1.0,1,0.036,74.83,69.0,31.5,34.0,135.0,RAS,solid_abdominal,0.010332756948251866,0,0
s0034,lung_left,0,0.9275,0.8647,2295,135,224,2430,2519,ok,2430,62768.84,0,0.3817,0.2783,0.9131,0.2109,0.207,0.1667,221783.22,0.283,1,1.0,1,0.556,11.45,11.0,6.17,2.0,22.0,RAS,lung,0.03533148074632791,0,1
s0034,lung_right,0,0.9032,0.8235,2179,286,181,2465,2360,ok,2465,63672.91,0,0.6579,0.4477,0.9228,0.2109,0.5195,0.1667,556550.38,0.1144,2,0.6178,1,0.643,13.02,13.0,5.45,4.0,22.0,RAS,lung,0.04449152542372881,0,1
s0034,portal_vein_and_splenic_vein,0,0.8455,0.7324,104,33,5,137,109,ok,137,3538.82,0,0.457,0.4934,0.3986,0.2695,0.1016,0.1667,139021.34,0.0255,2,0.5182,0,0.0,49.55,56.0,29.1,16.8,91.0,RAS,great_vessel,0.25688073394495414,1,1
s0034,small_bowel,0,0.8032,0.6712,1743,147,707,1890,2450,ok,1890,48820.21,0,0.406,0.5639,0.1663,0.207,0.1836,0.3889,450411.62,0.1084,2,0.9984,1,0.0693,109.87,107.0,30.59,61.0,163.0,RAS,digestive,0.22857142857142856,1,1
s0034,spinal_cord,0,0.8932,0.807,941,165,60,1106,1001,ok,1106,28568.86,0,0.5137,0.2996,0.5152,0.0547,0.1406,1.0,234336.98,0.1219,1,1.0,1,0.0759,96.57,64.0,83.61,20.0,282.25,RAS,neuro,0.1048951048951049,1,1
s0034,spleen,0,0.9234,0.8577,11363,748,1137,12111,12500,ok,12111,312836.78,0,0.2875,0.3683,0.7264,0.25,0.2461,0.5556,1041497.75,0.3004,1,1.0,1,0.067,187.22,172.0,72.82,90.0,335.0,RAS,solid_abdominal,0.03112,0,1
s0034,stomach,0,0.7442,0.5926,192,79,53,271,245,ok,271,7000.15,0,0.3942,0.5162,0.703,0.0508,0.0664,0.1667,17125.82,0.4087,1,1.0,0,0.0,54.27,52.0,13.76,35.0,80.0,RAS,digestive,0.10612244897959183,1,1
s0034,vertebrae,0,0.9414,0.8893,5550,344,347,5894,5897,ok,5894,152246.72,0,0.5099,0.3516,0.5415,0.1133,0.1836,0.9444,598525.38,0.2544,2,0.8144,1,0.0005,62.28,62.0,18.5,33.0,94.0,RAS,vertebrae,0.0005087332541970493,0,1
s0357,aorta,0,0.9376,0.8826,9809,787,518,10596,10327,ok,10596,14228.03,0,0.4971,0.5498,0.5461,0.0391,0.0781,0.9783,48339.85,0.2943,1,1.0,1,0.0253,2063.39,2172.0,364.23,1212.0,2444.0,RAS,great_vessel,0.026048223104483393,0,1
s0357,autochthon_left,1,0.9734,0.9483,143482,4336,3494,147818,146976,ok,147818,198486.11,0,0.4088,0.3415,0.475,0.2109,0.1211,1.0,413595.75,0.4799,1,1.0,1,0.0289,879.28,909.0,182.99,481.0,1113.0,RAS,muscle,0.00572882647507076,0,0
s0357,autochthon_right,1,0.9715,0.9447,129147,4258,3309,133405,132456,ok,133405,179132.7,0,0.6131,0.345,0.4487,0.1875,0.125,1.0,379500.03,0.472,1,1.0,1,0.034,843.39,870.0,151.76,508.0,1030.0,RAS,muscle,0.00716464335326448,0,0
s0357,colon,0,0.9277,0.8652,143938,10690,11731,154628,155669,ok,154628,207630.39,0,0.4811,0.5532,0.3923,0.5938,0.3027,1.0,2910488.5,0.0713,3,0.5192,1,0.0133,923.79,899.0,400.52,295.0,1634.0,RAS,digestive,0.006687265929632746,0,1
s0357,duodenum,0,0.876,0.7794,6493,1154,684,7647,7177,ok,7647,10268.19,0,0.5591,0.5713,0.5759,0.2246,0.0762,0.3478,96357.43,0.1066,2,0.6506,0,0.0,1684.55,1692.0,354.95,1046.0,2212.0,RAS,digestive,0.06548697227253727,0,1
s0357,iliopsoas_left,1,0.9597,0.9226,49894,2547,1638,52441,51532,ok,52441,70416.39,0,0.4222,0.4779,0.345,0.1094,0.1465,0.9348,242504.91,0.2904,1,1.0,1,0.0304,783.1,830.0,209.99,335.0,1045.0,RAS,muscle,0.01763952495536754,0,0
s0357,iliopsoas_right,0,0.9415,0.8894,45202,3030,2591,48232,47793,ok,48232,64764.65,0,0.6128,0.4757,0.325,0.0977,0.1387,0.8913,195440.69,0.3314,1,1.0,1,0.0353,809.29,838.0,175.68,439.0,1047.0,RAS,muscle,0.009185445567342498,0,1
s0357,inferior_vena_cava,1,0.9513,0.9072,22717,1159,1166,23876,23883,ok,23876,32060.06,0,0.5728,0.5435,0.5142,0.084,0.082,1.0,111552.26,0.2874,1,1.0,1,0.0365,1985.61,2145.0,481.58,954.75,2529.0,RAS,great_vessel,0.0002930955072645815,0,0
s0357,intervertebral_discs,0,0.9245,0.8596,29671,2678,2168,32349,31839,ok,32349,43437.38,0,0.5195,0.4836,0.4357,0.1074,0.123,0.8696,186108.42,0.2334,3,0.3594,1,0.0469,645.9,678.0,190.97,306.0,921.6,RAS,vertebrae,0.016018091020446622,0,1
s0357,kidney_left,1,0.9681,0.9382,56895,1787,1961,58682,58856,ok,58682,78796.64,0,0.3547,0.4313,0.7546,0.1289,0.1465,0.5652,172814.95,0.456,1,1.0,1,0.0481,2420.74,2482.0,335.54,1787.0,2837.0,RAS,urinary,0.002956368084817181,0,0
s0357,kidney_right,1,0.9657,0.9337,80360,2232,3475,82592,83835,ok,82592,110902.35,0,0.6862,0.4303,0.6719,0.1621,0.1543,0.7826,316964.38,0.3499,1,1.0,1,0.0351,2342.75,2356.0,305.35,1815.0,2785.0,RAS,urinary,0.014826743007097274,0,0
s0357,liver,1,0.9761,0.9534,385170,9220,9624,394390,394794,ok,394390,529576.44,0,0.7124,0.578,0.7209,0.5098,0.3438,0.8478,2405584.25,0.2201,1,1.0,1,0.0471,2055.82,2094.0,330.01,1523.0,2531.0,RAS,solid_abdominal,0.001023318490149293,0,0
s0357,pancreas,0,0.913,0.8399,11934,1662,613,13596,12547,ok,13596,18256.35,0,0.5312,0.5945,0.6972,0.1074,0.0547,0.5435,51696.78,0.3531,1,1.0,1,0.0038,1713.25,1707.0,195.91,1408.75,2052.25,RAS,solid_abdominal,0.08360564278313541,0,1
s0357,portal_vein_and_splenic_vein,0,0.8927,0.8062,1577,297,82,1874,1659,ok,1874,2516.36,0,0.4943,0.5844,0.9474,0.0938,0.0332,0.1087,5478.52,0.4593,1,1.0,1,0.2951,2125.47,2165.0,289.98,1608.55,2559.7,RAS,great_vessel,0.1295961422543701,1,1
s0357,small_bowel,0,0.909,0.8332,50624,5507,4626,56131,55250,ok,56131,75371.22,0,0.3132,0.526,0.3208,0.2285,0.207,0.5652,432980.03,0.1741,1,1.0,1,0.0001,1392.5,1446.0,417.66,639.0,1994.0,RAS,digestive,0.015945701357466063,0,1
s0357,spinal_cord,0,0.9365,0.8806,12723,489,1236,13212,13959,ok,13212,17740.72,0,0.5159,0.4131,0.5424,0.0449,0.0859,1.0,62508.79,0.2838,1,1.0,1,0.04,432.46,397.0,189.59,179.0,765.0,RAS,neuro,0.05351386202450032,0,1
s0357,spleen,1,0.9568,0.9172,25718,1221,1102,26939,26820,ok,26939,36172.98,0,0.2124,0.4951,0.8938,0.0859,0.2363,0.2609,85787.12,0.4217,1,1.0,1,0.1345,2071.07,2105.0,206.54,1685.0,2334.0,RAS,solid_abdominal,0.004436987322893363,0,0
s0357,stomach,0,0.9336,0.8756,19024,1084,1620,20108,20644,ok,20108,27000.49,0,0.3666,0.6363,0.7509,0.168,0.0664,0.5435,98156.75,0.2751,1,1.0,1,0.0513,942.01,1072.0,593.77,95.0,1736.0,RAS,digestive,0.025963960472776593,0,1
s0357,vertebrae,1,0.949,0.9029,48728,2052,3190,50780,51918,ok,50780,68186.04,0,0.517,0.4767,0.5328,0.1016,0.1387,0.8913,203258.31,0.3355,3,0.4059,1,0.0324,800.71,800.0,150.67,561.0,1039.0,RAS,vertebrae,0.02191918024577218,0,0
s0360,adrenal_gland_left,0,0.8887,0.7997,2236,270,290,2506,2526,ok,2506,2225.08,0,0.4078,0.4336,0.4305,0.0371,0.0605,0.1979,9936.49,0.2239,1,1.0,0,0.0,203.51,211.5,48.18,110.0,272.0,RAS,urinary,0.00791765637371338,0,1
s0360,adrenal_gland_right,0,0.8343,0.7157,360,92,51,452,411,ok,452,401.33,0,0.5405,0.4173,0.461,0.0195,0.0254,0.0833,923.42,0.4346,1,1.0,0,0.0,214.29,225.0,46.9,128.55,277.45,RAS,urinary,0.09975669099756691,0,1
s0360,aorta,1,0.9496,0.904,45722,3271,1584,48993,47306,ok,48993,43500.91,0,0.4603,0.4257,0.5414,0.0977,0.1465,1.0,319644.16,0.1361,1,1.0,1,0.0158,513.57,595.0,178.9,81.0,651.0,RAS,great_vessel,0.035661438295353655,0,0
s0360,autochthon_left,1,0.9682,0.9383,181920,5667,6299,187587,188219,ok,187587,166558.58,0,0.3772,0.2329,0.3407,0.1934,0.1211,0.9062,474144.16,0.3513,1,1.0,1,0.0158,136.38,140.0,32.23,73.0,182.0,RAS,muscle,0.0033577906587538985,0,0
s0360,autochthon_right,1,0.9653,0.9329,173601,5116,7364,178717,180965,ok,178717,158682.89,0,0.5725,0.2267,0.3763,0.1777,0.1172,1.0,465401.88,0.341,1,1.0,1,0.0154,159.06,162.0,37.2,90.0,215.0,RAS,muscle,0.012422291603348713,0,0
s0360,colon,0,0.9287,0.8669,128535,8915,10825,137450,139360,ok,137450,122041.91,0,0.5123,0.5652,0.2281,0.7305,0.2598,0.6458,2738288.5,0.0446,5,0.465,1,0.027,227.16,231.0,102.08,52.0,393.0,RAS,digestive,0.013705510907003445,0,1
s0360,duodenum,0,0.9216,0.8547,36942,2445,3836,39387,40778,ok,39387,34971.73,0,0.5729,0.5261,0.1613,0.2832,0.1621,0.5,512922.31,0.0682,2,0.6574,1,0.0472,242.37,243.0,76.32,114.0,375.0,RAS,digestive,0.034111530727352984,0,1
s0360,esophagus,0,0.8445,0.7309,182,26,41,208,223,ok,208,184.68,0,0.4442,0.4481,0.8492,0.0156,0.0156,0.0521,284.13,0.65,1,1.0,0,0.0,93.17,89.0,21.51,65.0,132.0,RAS,digestive,0.06726457399103139,0,1
s0360,heart,1,0.9582,0.9197,103440,5959,3069,109399,106509,ok,109399,97135.41,0,0.3668,0.5962,0.9122,0.252,0.166,0.1979,184980.73,0.5251,1,1.0,1,0.0377,246.55,241.0,123.57,60.0,471.0,RAS,heart,0.027133857232722117,0,0
s0360,iliopsoas_left,0,0.9458,0.8971,8290,507,444,8797,8734,ok,8797,7810.86,0,0.4088,0.3579,0.0723,0.0527,0.0918,0.2292,24788.4,0.3151,1,1.0,1,0.0817,104.72,105.0,17.33,75.0,133.0,RAS,muscle,0.007213189832837188,0,1
s0360,iliopsoas_right,0,0.9294,0.8682,6954,344,712,7298,7666,ok,7298,6479.9,0,0.5694,0.3502,0.0711,0.0488,0.0859,0.2188,20510.5,0.3159,1,1.0,1,0.0788,112.93,113.0,24.81,70.0,153.0,RAS,muscle,0.048004174276024,0,1
s0360,inferior_vena_cava,0,0.8933,0.8072,31994,3837,3804,35831,35798,ok,35831,31814.36,0,0.5265,0.472,0.4188,0.0977,0.0801,0.9375,163817.62,0.1942,1,1.0,1,0.0133,288.72,300.0,137.63,89.0,490.0,RAS,great_vessel,0.0009218392088943516,0,1
s0360,intervertebral_discs,0,0.8912,0.8038,46330,5177,6132,51507,52462,ok,51507,45733.09,0,0.4824,0.3483,0.4558,0.1309,0.1699,0.9375,465801.44,0.0982,6,0.2431,1,0.035,102.74,105.0,30.82,41.0,149.0,RAS,vertebrae,0.018203652167282987,0,1
s0360,kidney_left,1,0.9642,0.931,102122,3925,3649,106047,105771,ok,106047,94159.17,0,0.3245,0.3646,0.2065,0.1621,0.1309,0.4583,217255.03,0.4334,1,1.0,1,0.0208,425.99,451.0,148.97,164.0,646.0,RAS,urinary,0.0026094108971268116,0,0
s0360,kidney_right,1,0.9589,0.9211,90399,3640,4102,94039,94501,ok,94039,83497.27,0,0.6549,0.3648,0.1257,0.1914,0.1914,0.3125,255821.86,0.3264,1,1.0,1,0.0376,374.58,383.0,160.8,78.0,631.0,RAS,urinary,0.0048888371551623795,0,0
s0360,liver,1,0.9777,0.9564,1635878,28336,46184,1664214,1682062,ok,1664214,1477656.25,0,0.6874,0.4517,0.6155,0.3613,0.4785,0.9271,3581723.75,0.4126,2,1.0,1,0.0031,221.87,212.0,56.01,151.0,325.0,RAS,solid_abdominal,0.010610786047125493,0,0
s0360,lung_left,1,0.9692,0.9403,194670,7413,4944,202083,199614,ok,202083,179429.58,0,0.2654,0.3834,0.9278,0.2754,0.3887,0.2083,498271.97,0.3601,1,1.0,1,0.0859,49.02,43.0,25.49,26.0,96.0,RAS,lung,0.012368871922811026,0,0
s0360,lung_right,1,0.9502,0.9052,142913,10813,4161,153726,147074,ok,153726,136493.38,0,0.6228,0.4361,0.9525,0.3457,0.4902,0.1771,670594.75,0.2035,1,1.0,1,0.1688,44.51,38.0,25.72,22.0,85.0,RAS,lung,0.045228932374178986,0,0
s0360,pancreas,1,0.9553,0.9144,101000,4721,4733,105721,105733,ok,105721,93869.72,0,0.4886,0.5398,0.3719,0.3555,0.1934,0.5938,911896.81,0.1029,1,1.0,0,0.0,334.79,345.0,79.69,188.0,447.0,RAS,solid_abdominal,0.00011349342211041019,0,0
s0360,portal_vein_and_splenic_vein,0,0.9138,0.8413,28048,1955,3335,30003,31383,ok,30003,26639.68,0,0.5105,0.517,0.465,0.4004,0.1953,0.3646,637068.56,0.0418,1,1.0,0,0.0,431.59,441.0,71.39,301.0,535.0,RAS,great_vessel,0.04397285154382946,0,1
s0360,small_bowel,0,0.9385,0.8842,161636,10780,10387,172416,172023,ok,172416,153088.23,0,0.3236,0.5555,0.1622,0.4746,0.2324,0.4896,1206744.5,0.1269,4,0.9491,1,0.0299,217.73,219.0,73.39,91.0,337.0,RAS,digestive,0.002284578225004796,0,1
s0360,spinal_cord,0,0.9399,0.8866,29369,2457,1299,31826,30668,ok,31826,28258.32,0,0.477,0.2935,0.4539,0.0605,0.1055,1.0,142689.14,0.198,1,1.0,1,0.0123,78.41,72.0,34.39,33.0,144.0,RAS,neuro,0.037759227859658274,0,1
s0360,spleen,1,0.9778,0.9565,606339,17200,10359,623539,616698,ok,623539,553640.56,0,0.2345,0.4208,0.567,0.2754,0.4141,0.7396,1884419.5,0.2938,1,1.0,0,0.0,460.71,460.0,91.8,310.0,616.0,RAS,solid_abdominal,0.011092949871736247,0,0
s0360,stomach,0,0.9442,0.8943,144890,9289,7830,154179,152720,ok,154179,136895.59,0,0.4495,0.588,0.6985,0.3086,0.3242,0.3438,768499.12,0.1781,1,1.0,0,0.0,363.21,344.0,112.28,199.0,577.0,RAS,digestive,0.009553431115767418,0,1
s0360,vertebrae,0,0.9366,0.8807,115738,9271,6409,125009,122147,ok,125009,110995.54,0,0.4791,0.3504,0.4489,0.1211,0.1699,1.0,459776.16,0.2414,5,0.2653,1,0.0142,105.29,108.0,32.4,45.0,154.0,RAS,vertebrae,0.023430784219014792,0,1
s0043,colon,0,0.4569,0.2961,562,159,1177,721,1739,low_dice,721,665.63,0,0.0524,0.4043,0.9358,0.041,0.36,0.0605,5409.05,0.1231,2,0.9612,0,0.0,313.12,305.0,91.86,158.0,470.0,RAS,digestive,0.5853939045428407,1,1
s0043,femur_right,1,0.9684,0.9388,175411,7374,4068,182785,179479,ok,182785,168747.75,0,0.4431,0.5116,0.5592,0.4512,0.44,0.7852,943035.75,0.1789,1,1.0,0,0.0,626.02,658.0,144.97,323.0,803.0,RAS,pelvic_bone,0.01841998228204971,0,0
s0043,gluteus_maximus_right,0,0.9124,0.8389,221974,11675,30944,233649,252918,ok,233649,215705.56,0,0.4782,0.1035,0.6045,0.4023,0.28,0.8945,609716.81,0.3538,1,1.0,1,0.0789,245.11,224.0,86.45,154.0,415.0,RAS,muscle,0.07618674827414419,0,1
s0043,gluteus_medius_right,0,0.9363,0.8803,91344,3908,8516,95252,99860,ok,95252,87936.98,0,0.5582,0.4803,0.8834,0.3496,0.6,0.2812,356947.38,0.2464,1,1.0,1,0.0,260.36,231.0,122.79,146.0,532.0,RAS,muscle,0.046144602443420786,0,1
s0043,gluteus_minimus_right,0,0.9307,0.8703,37619,2566,3039,40185,40658,ok,40185,37098.93,0,0.452,0.573,0.878,0.1973,0.44,0.2676,140518.03,0.264,1,1.0,1,0.0,236.61,214.0,110.01,135.0,462.0,RAS,muscle,0.011633626838506567,0,1
s0043,hip_right,0,0.9454,0.8965,149161,8092,9136,157253,158297,ok,157253,145176.52,0,0.2303,0.4596,0.7302,0.4492,0.88,0.5879,1406094.25,0.1032,1,1.0,1,0.0013,576.75,586.0,149.73,308.0,809.0,RAS,pelvic_bone,0.006595197634825676,0,1
s0043,iliac_artery_left,0,0.849,0.7377,3130,410,703,3540,3833,ok,3540,3268.14,0,0.2016,0.8368,0.8021,0.1582,0.36,0.3281,113066.58,0.0289,1,1.0,1,0.0,169.77,143.0,130.75,57.0,355.05,RAS,great_vessel,0.07644142968953822,0,1
s0043,iliac_vena_left,0,0.8624,0.7581,6188,875,1099,7063,7287,ok,7063,6520.59,0,0.1559,0.7334,0.8133,0.1309,0.44,0.3281,114307.36,0.057,1,1.0,1,0.0,258.9,258.0,128.11,67.0,471.0,RAS,great_vessel,0.03073967339097022,0,1
s0043,iliopsoas_right,0,0.9415,0.8894,104476,6914,6075,111390,110551,ok,111390,102835.63,0,0.3266,0.7603,0.779,0.3066,0.52,0.6152,593541.38,0.1733,1,1.0,1,0.0152,194.65,190.0,75.76,87.0,321.0,RAS,muscle,0.007589257446789265,0,1
s0043,prostate,0,0.9131,0.8401,3026,281,295,3307,3321,ok,3307,3053.03,0,0.015,0.4415,0.6484,0.0391,0.2,0.1094,5169.94,0.5905,1,1.0,1,0.0517,224.56,223.0,33.03,172.0,279.0,RAS,reproductive,0.004215597711532671,0,1
s0043,sacrum,0,0.0707,0.0367,11,38,251,49,262,low_dice,49,45.24,0,0.1071,0.04,0.9866,0.0215,0.04,0.0137,71.09,0.6364,1,1.0,1,0.0,130.08,0.0,244.18,0.0,635.0,RAS,pelvic_bone,0.8129770992366412,1,1
s0043,urinary_bladder,1,0.9593,0.9218,30676,2125,477,32801,31153,ok,32801,30282.0,0,0.0375,0.6106,0.8018,0.0996,0.44,0.2051,54381.3,0.5568,1,1.0,1,0.021,157.44,143.0,65.86,82.0,283.0,RAS,urinary,0.052900202227714826,0,0
s0047,colon,0,0.9005,0.8189,5147,325,813,5472,5960,ok,5472,12698.78,0,0.8796,0.4709,0.939,0.0859,0.1387,0.087,28999.26,0.4379,1,1.0,1,0.0576,45.53,41.0,30.15,9.0,100.0,RAS,digestive,0.08187919463087248,0,1
s0047,femur_left,0,0.8607,0.7555,84630,16270,11118,100900,95748,ok,100900,234156.97,0,0.3787,0.5632,0.6309,0.3828,0.2773,1.0,2971106.0,0.0788,1,1.0,1,0.0768,61.17,60.0,19.9,31.0,95.0,RAS,pelvic_bone,0.0538079124368133,0,1
s0047,gluteus_maximus_left,0,0.6248,0.4543,41247,3080,46465,44327,87712,ok,44327,102868.94,0,0.6362,0.3357,0.9087,0.418,0.1562,0.1957,357570.91,0.2877,1,1.0,1,0.1638,61.0,60.0,14.22,41.0,85.0,RAS,muscle,0.49463015322874865,1,1
s0047,gluteus_maximus_right,0,0.9073,0.8303,54299,6022,5079,60321,59378,ok,60321,139985.95,0,0.4526,0.3074,0.8726,0.3145,0.1621,0.2174,310112.94,0.4514,1,1.0,1,0.0268,77.5,77.0,16.13,52.0,105.0,RAS,muscle,0.015881302839435483,0,1
s0047,hip_left,0,0.8359,0.7181,16932,2935,3711,19867,20643,ok,19867,46105.02,0,0.636,0.509,0.8851,0.3145,0.4238,0.2174,810777.19,0.0569,3,0.9313,1,0.146,62.55,60.0,19.76,35.0,100.0,RAS,pelvic_bone,0.03759143535338856,0,1
s0047,hip_right,0,0.7601,0.6131,3521,1276,946,4797,4467,ok,4797,11132.32,0,0.9224,0.6434,0.8251,0.1484,0.3086,0.1087,139333.84,0.0799,1,1.0,1,0.0025,58.91,58.0,13.41,38.0,83.0,RAS,pelvic_bone,0.07387508394895903,0,1
s0047,iliopsoas_left,0,0.8758,0.779,17003,1898,2926,18901,19929,ok,18901,43863.24,0,0.481,0.7312,0.917,0.209,0.209,0.1522,185986.53,0.2358,1,1.0,1,0.1697,74.32,79.0,23.08,34.0,106.0,RAS,muscle,0.051583120076270764,0,1
s0047,prostate,0,0.9258,0.8619,24285,1701,2191,25986,26476,ok,25986,60305.28,0,0.8561,0.6146,0.8942,0.1914,0.1582,0.1087,92107.93,0.6547,1,1.0,1,0.0,163.05,159.0,45.65,93.0,252.0,RAS,reproductive,0.018507327390844538,0,1
s0047,urinary_bladder,0,0.8522,0.7424,10797,2686,1060,13483,11857,ok,13483,31289.78,0,0.8664,0.7019,0.9531,0.1738,0.2148,0.087,90877.97,0.3443,2,0.9962,1,0.2477,174.69,187.0,58.04,70.0,247.0,RAS,urinary,0.13713418233954627,1,1
s0368,brain,1,0.9895,0.9792,1573319,16506,16963,1589825,1590282,ok,1589825,1589825.0,0,0.4945,0.4219,0.6127,0.7604,0.625,0.5586,3340480.0,0.4759,1,1.0,0,0.0,309.98,317.0,132.76,71.0,502.0,RAS,neuro,0.0002873704160645722,0,0
s0368,intervertebral_discs,0,0.725,0.5686,2669,1082,943,3751,3612,ok,3751,3751.0,0,0.4932,0.4754,0.1032,0.1198,0.0781,0.2109,24840.0,0.151,4,0.2714,1,0.0,310.76,319.0,86.74,146.0,442.0,RAS,vertebrae,0.0384828349944629,0,1
s0368,spinal_cord,0,0.8899,0.8016,7605,727,1155,8332,8760,ok,8332,8332.0,0,0.4942,0.4162,0.1561,0.0781,0.0664,0.3203,20910.0,0.3985,1,1.0,1,0.0112,318.0,343.0,91.43,113.55,426.0,RAS,neuro,0.04885844748858448,0,1
s0368,vertebrae,0,0.84,0.7242,9464,1852,1753,11316,11217,ok,11316,11316.0,0,0.4943,0.475,0.1441,0.125,0.082,0.332,42840.0,0.2641,5,0.2907,1,0.0183,243.75,240.0,71.45,134.0,369.0,RAS,vertebrae,0.008825889275207275,0,1
s0369,humerus_right,0,0.9084,0.8321,65940,3559,9743,69499,75683,ok,69499,43002.54,0,0.4806,0.4857,0.6694,0.5563,0.4,0.5281,111679.51,0.3851,1,1.0,0,0.0,29.67,26.0,21.77,8.0,63.0,RAS,shoulder_bone,0.08170923457051121,0,1
s0378,brain,1,0.9737,0.9488,150385,4635,3485,155020,153870,ok,155020,418553.91,0,0.4605,0.2421,0.8835,0.55,0.8333,0.3375,1026431.75,0.4078,1,1.0,1,0.099,518.65,508.0,179.04,190.0,848.0,RAS,neuro,0.007473841554559043,0,0
s0378,clavicula_left,0,0.8438,0.7297,2098,382,395,2480,2493,ok,2480,6696.0,0,0.2747,0.4251,0.0799,0.3937,0.3333,0.1562,136079.97,0.0492,1,1.0,1,0.0,234.13,229.0,96.22,96.0,424.05,RAS,shoulder_bone,0.005214600882470918,0,1
s0378,clavicula_right,0,0.8755,0.7786,2447,417,279,2864,2726,ok,2864,7732.8,0,0.6865,0.4083,0.0708,0.3812,0.4167,0.1812,191051.95,0.0405,1,1.0,1,0.0,222.61,214.0,107.58,66.0,409.0,RAS,shoulder_bone,0.05062362435803375,0,1
s0378,esophagus,0,0.8209,0.6962,204,8,81,212,285,ok,212,572.4,0,0.4452,0.1667,0.0906,0.0437,0.0417,0.0625,756.0,0.7571,1,1.0,0,0.0,207.15,208.0,31.29,153.3,253.45,RAS,digestive,0.256140350877193,1,1
s0378,intervertebral_discs,0,0.6711,0.505,1927,969,920,2896,2847,ok,2896,7819.2,0,0.4811,0.1529,0.2996,0.125,0.3333,0.4437,122687.97,0.0637,6,0.2638,1,0.0912,132.72,122.0,77.57,25.0,278.0,RAS,vertebrae,0.017211099402880226,0,1
s0378,lung_left,1,0.9551,0.914,15985,699,805,16684,16790,ok,16684,45046.79,0,0.248,0.1277,0.044,0.3063,0.4167,0.1437,121715.97,0.3701,1,1.0,1,0.1791,32.74,28.0,25.27,2.0,78.0,RAS,lung,0.00631328171530673,0,0
s0378,lung_right,0,0.9372,0.8818,12813,495,1222,13308,14035,ok,13308,35931.59,0,0.6671,0.1092,0.0504,0.2562,0.375,0.1437,91659.58,0.392,1,1.0,1,0.1814,30.7,26.0,22.76,2.0,74.0,RAS,lung,0.0517990737442109,0,1
s0378,scapula_right,0,0.8265,0.7043,917,111,274,1028,1191,ok,1028,2775.6,0,0.9657,0.1558,0.0881,0.0625,0.2917,0.0688,8316.0,0.3338,1,1.0,1,0.0,305.22,327.0,93.56,117.35,428.0,RAS,shoulder_bone,0.13685978169605373,1,1
s0378,spinal_cord,0,0.9008,0.8194,8487,693,1177,9180,9664,ok,9180,24785.99,0,0.4813,0.1035,0.4295,0.1,0.25,0.5188,86054.38,0.288,1,1.0,1,0.1351,532.34,500.0,143.06,341.0,817.0,RAS,neuro,0.05008278145695364,0,1
s0378,vertebrae,0,0.7968,0.6622,8443,1725,2581,10168,11024,ok,10168,27453.59,0,0.4793,0.1219,0.2434,0.1437,0.375,0.5687,203439.55,0.1349,8,0.2703,1,0.144,213.65,208.0,94.16,90.0,332.0,RAS,vertebrae,0.07764876632801161,0,1
s0381,liver,0,0.8924,0.8057,13368,2235,988,15603,14356,ok,15603,54729.89,0,0.6376,0.4288,0.0473,0.3147,0.1272,0.1667,112764.0,0.4853,1,1.0,1,0.3322,44.61,46.0,19.62,9.0,75.0,RAS,solid_abdominal,0.086862635831708,0,1
s0383,aorta,0,0.8908,0.8031,7409,944,872,8353,8281,ok,8353,12881.09,0,0.1956,0.5762,0.4038,0.6429,0.1289,0.0801,37556.1,0.343,1,1.0,1,0.1508,105.58,80.0,90.43,24.0,285.0,RAS,great_vessel,0.008694602101195508,0,1
s0383,autochthon_right,0,0.77,0.626,395,180,56,575,451,ok,575,886.7,0,0.5825,0.3508,0.249,0.3571,0.1465,0.5879,174063.58,0.0051,2,0.5739,1,0.0417,329.84,346.0,137.81,97.7,553.9,RAS,muscle,0.2749445676274945,1,1
s0383,esophagus,0,0.8321,0.7124,3795,918,614,4713,4409,ok,4713,7267.88,0,0.3628,0.5275,0.4137,0.5,0.1113,0.2109,66451.8,0.1094,1,1.0,1,0.0,193.05,189.0,92.75,54.0,369.0,RAS,digestive,0.0689498752551599,0,1
s0383,intervertebral_discs,0,0.8781,0.7826,21970,2527,3575,24497,25545,ok,24497,37776.61,0,0.3268,0.453,0.2938,0.7857,0.3145,0.7773,1086955.5,0.0348,16,0.136,1,0.0675,101.21,85.0,80.32,3.0,257.0,RAS,vertebrae,0.041025641025641026,0,1
s0383,lung_right,0,0.9139,0.8415,22174,1965,2213,24139,24387,ok,24139,37224.55,0,0.8438,0.4506,0.3828,0.2857,0.2031,0.2461,80830.27,0.4605,1,1.0,1,0.313,41.05,31.0,41.08,10.0,99.0,RAS,lung,0.010169352523885677,0,1
s0383,spinal_cord,0,0.9335,0.8753,32168,2083,2501,34251,34669,ok,34251,52818.18,0,0.2982,0.4444,0.4445,0.7143,0.3066,0.873,1082224.38,0.0488,1,1.0,1,0.0244,849.35,787.0,494.86,241.0,1833.0,RAS,neuro,0.012056880786870115,0,1
s0383,vertebrae,0,0.9333,0.8749,72251,5207,5127,77458,77378,ok,77458,119447.32,0,0.3342,0.4514,0.3198,0.8571,0.3145,0.8555,1304942.5,0.0915,16,0.1214,1,0.0508,382.36,373.0,149.31,163.0,636.0,RAS,vertebrae,0.0010338856005582982,0,1
s0386,intervertebral_discs,0,0.8948,0.8097,20949,2115,2809,23064,23758,ok,23064,5278.95,0,0.4799,0.6392,0.5161,0.1615,0.1406,0.9444,39081.23,0.1351,5,0.2373,1,0.0276,74.22,73.0,29.2,28.0,124.0,RAS,vertebrae,0.02921121306507282,0,1
s0386,spinal_cord,0,0.9363,0.8802,46624,3377,2966,50001,49590,ok,50001,11444.36,0,0.486,0.5345,0.5213,0.1198,0.1198,1.0,26153.03,0.4376,1,1.0,1,0.0401,284.69,240.0,121.12,141.0,521.0,RAS,neuro,0.008287961282516637,0,1
s0386,vertebrae,0,0.9324,0.8734,62443,4820,4234,67263,66677,ok,67263,15395.33,0,0.4816,0.6376,0.4118,0.1927,0.1406,0.9259,45730.73,0.3367,5,0.2464,1,0.0324,123.96,125.0,34.26,68.0,176.0,RAS,vertebrae,0.008788637761147022,0,1
s0391,femur_left,1,0.9739,0.9492,534343,11971,16645,546314,550988,ok,546314,168805.81,0,0.4605,0.5139,0.6748,0.5645,0.4844,0.5938,420773.31,0.4012,1,1.0,1,0.024,434.09,452.0,126.99,175.0,609.0,RAS,pelvic_bone,0.00848294336718767,0,0
s0401,autochthon_left,0,0.926,0.8623,9284,498,985,9782,10269,ok,9782,14475.32,0,0.1074,0.3053,0.2793,0.3571,0.1451,0.4464,96186.42,0.1505,1,1.0,1,0.2039,93.87,81.0,53.15,44.0,186.0,RAS,muscle,0.04742428668809037,0,1
s0401,autochthon_right,0,0.9076,0.8308,11098,1017,1244,12115,12342,ok,12115,17927.67,0,0.7832,0.3259,0.3225,0.3571,0.154,0.4464,102105.59,0.1756,1,1.0,1,0.1346,86.92,78.0,41.03,43.0,159.3,RAS,muscle,0.01839248095932588,0,1
s0401,clavicula_left,0,0.8786,0.7836,1640,313,140,1953,1780,ok,1953,2890.03,0,0.088,0.5963,0.2693,0.2857,0.0647,0.0692,5321.33,0.5431,1,1.0,1,0.2683,36.9,32.0,20.63,11.0,76.0,RAS,shoulder_bone,0.09719101123595505,0,1
s0401,clavicula_right,0,0.9421,0.8906,472,24,34,496,506,ok,496,733.98,0,0.9286,0.5961,0.2747,0.0714,0.0647,0.0491,944.11,0.7774,1,1.0,1,1.0,37.65,37.0,16.17,14.0,64.25,RAS,shoulder_bone,0.019762845849802372,0,1
s0401,intervertebral_discs,0,0.8288,0.7076,9048,1774,1965,10822,11013,ok,10822,16014.3,0,0.4537,0.4614,0.3232,0.6429,0.2098,0.7455,418135.72,0.0383,13,0.1499,1,0.0011,95.69,69.0,86.11,7.0,273.95,RAS,vertebrae,0.01734313992554254,0,1
s0401,spinal_cord,0,0.8756,0.7787,32206,2034,7118,34240,39324,ok,34240,50668.05,0,0.4636,0.4241,0.4149,0.4286,0.221,0.8906,350719.38,0.1445,1,1.0,1,0.0004,496.41,489.0,225.65,190.0,874.0,RAS,neuro,0.1292849150645916,1,1
s0401,vertebrae,0,0.912,0.8382,38835,3136,4363,41971,43198,ok,41971,62108.32,0,0.4552,0.4592,0.3303,0.7143,0.221,0.846,555232.44,0.1119,13,0.1351,1,0.0028,166.82,163.0,64.64,70.0,274.0,RAS,vertebrae,0.028404092782073245,0,1
s0055,brain,1,0.9879,0.976,1559925,16268,22066,1576193,1581991,ok,1576193,1625833.88,0,0.4858,0.4655,0.6432,0.5195,0.901,0.5469,3322710.75,0.4893,1,1.0,0,0.0,261.71,268.0,111.11,69.0,432.0,RAS,neuro,0.0036650018868628204,0,0
s0055,intervertebral_discs,0,0.7674,0.6226,1089,302,358,1391,1447,ok,1391,1434.81,0,0.4738,0.3507,0.1026,0.0781,0.1354,0.2266,31109.86,0.0461,4,0.4069,1,0.0,199.88,187.0,78.98,90.0,363.0,RAS,vertebrae,0.038700760193503804,0,1
s0055,spinal_cord,0,0.9021,0.8216,9394,924,1116,10318,10510,ok,10318,10642.96,0,0.4847,0.2826,0.1805,0.0586,0.1198,0.3711,33807.22,0.3148,2,0.9996,1,0.0,301.89,328.0,93.34,114.0,415.0,RAS,neuro,0.018268315889628926,0,1
s0055,vertebrae,0,0.8951,0.8102,12399,1363,1542,13762,13941,ok,13762,14195.42,0,0.477,0.3606,0.1483,0.0938,0.1406,0.3438,58819.92,0.2413,4,0.256,1,0.0,370.25,367.0,111.02,191.0,554.0,RAS,vertebrae,0.012839824976687468,0,1
s0058,clavicula_right,0,0.8993,0.8171,25218,3076,2570,28294,27788,ok,28294,6631.41,0,0.3489,0.6179,0.9279,0.3683,0.596,0.1714,61952.34,0.107,1,1.0,1,0.2597,149.47,131.0,79.44,53.0,304.0,RAS,shoulder_bone,0.018209298977976105,0,1
s0058,humerus_right,1,0.9561,0.9159,241789,13093,9122,254882,250911,ok,254882,59737.96,0,0.6558,0.5067,0.4277,0.346,0.3348,0.7714,147128.89,0.406,1,1.0,1,0.0128,144.21,134.0,67.1,58.0,258.0,RAS,shoulder_bone,0.01582632885764275,0,0
s0058,scapula_right,0,0.8327,0.7133,129383,27326,24676,156709,154059,ok,156709,36728.67,0,0.3966,0.4287,0.5189,0.7121,0.5424,0.9714,617713.5,0.0595,1,1.0,1,0.0058,110.98,104.0,55.24,34.0,209.0,RAS,shoulder_bone,0.017201202136843678,0,1
s0408,autochthon_left,1,0.9684,0.9388,10908,429,282,11337,11190,ok,11337,65072.08,0,0.4481,0.2728,0.8978,0.1473,0.1399,0.25,178048.5,0.3655,1,1.0,1,0.1641,420.74,414.0,109.29,257.0,601.0,RAS,muscle,0.013136729222520108,0,0
s0408,autochthon_right,1,0.9557,0.9152,9942,591,330,10533,10272,ok,10533,60457.28,0,0.5933,0.2827,0.8986,0.1339,0.1458,0.25,168750.03,0.3583,1,1.0,1,0.1674,379.58,365.0,106.78,226.0,576.0,RAS,muscle,0.025408878504672897,0,0
s0408,colon,0,0.9358,0.8793,20765,1787,1063,22552,21828,ok,22552,129443.91,0,0.4577,0.4651,0.5891,0.3839,0.3899,0.7,3621215.0,0.0357,1,1.0,1,0.0208,332.28,323.0,121.37,148.0,551.0,RAS,digestive,0.033168407549935865,0,1
s0408,femur_left,1,0.9632,0.9291,19255,869,601,20124,19856,ok,20124,115507.68,0,0.2217,0.4406,0.3281,0.1808,0.1815,0.525,595567.06,0.1939,1,1.0,1,0.0178,503.83,531.5,136.46,222.0,677.0,RAS,pelvic_bone,0.013497179693795327,0,0
s0408,femur_right,1,0.9505,0.9056,17210,761,1033,17971,18243,ok,17971,103149.89,0,0.7737,0.4595,0.3007,0.1786,0.1786,0.5,551020.5,0.1872,1,1.0,1,0.0205,495.05,513.0,139.72,217.0,680.0,RAS,pelvic_bone,0.014909828427341993,0,0
s0408,gluteus_maximus_left,1,0.957,0.9175,61671,3421,2125,65092,63796,ok,65092,373614.88,0,0.2543,0.2643,0.443,0.3348,0.1845,0.75,1601403.38,0.2333,1,1.0,0,0.0,380.65,371.0,69.21,286.0,509.0,RAS,muscle,0.020314753276067465,0,0
s0408,gluteus_maximus_right,1,0.9545,0.9129,60675,3974,1816,64649,62491,ok,64649,371072.16,0,0.7639,0.2763,0.4249,0.3125,0.2113,0.8,1825714.62,0.2032,1,1.0,1,0.0034,341.02,333.0,66.51,246.0,465.0,RAS,muscle,0.03453297274807572,0,0
s0408,gluteus_medius_left,1,0.9687,0.9392,31769,1107,949,32876,32718,ok,32876,188701.56,0,0.2097,0.4279,0.6914,0.2098,0.2649,0.425,816325.44,0.2312,1,1.0,0,0.0,314.76,300.0,80.2,216.0,466.0,RAS,muscle,0.00482914603582126,0,0
s0408,gluteus_medius_right,1,0.9513,0.9072,25964,1512,1144,27476,27108,ok,27476,157706.67,0,0.8183,0.4571,0.6874,0.1696,0.2738,0.45,722387.88,0.2183,1,1.0,0,0.0,495.46,503.0,109.94,297.0,670.0,RAS,muscle,0.013575328316364174,0,0
s0408,gluteus_minimus_left,0,0.9334,0.8751,7144,610,410,7754,7554,ok,7754,44506.39,0,0.2874,0.495,0.6179,0.6161,0.1935,0.275,1132691.62,0.0393,2,0.882,0,0.0,305.69,275.0,109.97,183.0,546.0,RAS,muscle,0.026476039184537992,0,1
s0408,gluteus_minimus_right,0,0.9136,0.841,6722,622,649,7344,7371,ok,7344,42153.07,0,0.7938,0.526,0.5891,0.0826,0.1994,0.3,170747.48,0.2469,1,1.0,0,0.0,298.86,261.0,110.19,192.0,560.0,RAS,muscle,0.003663003663003663,0,1
s0408,hip_left,0,0.933,0.8743,31449,2521,1999,33970,33448,ok,33970,194980.91,0,0.3216,0.4194,0.6103,0.3125,0.4167,0.75,3375000.75,0.0578,3,0.9998,1,0.0,432.96,437.0,107.79,245.0,602.0,RAS,pelvic_bone,0.01560631427888065,0,1
s0408,hip_right,0,0.9343,0.8767,29690,1981,2196,31671,31886,ok,31671,181785.11,0,0.7034,0.439,0.6109,0.3482,0.4435,0.725,3869059.5,0.047,5,0.967,1,0.0,419.47,424.0,94.96,250.0,568.0,RAS,pelvic_bone,0.006742771122122562,0,1
s0408,iliac_artery_left,0,0.8635,0.7598,759,145,95,904,854,ok,904,5188.78,0,0.3528,0.5879,0.6097,0.4129,0.1399,0.575,1147873.38,0.0045,4,0.7002,1,0.0,179.83,132.0,148.93,14.15,494.25,RAS,great_vessel,0.0585480093676815,0,1
s0408,iliac_artery_right,0,0.8262,0.7038,537,126,100,663,637,ok,663,3805.49,0,0.6102,0.5884,0.6568,0.2076,0.131,0.55,516719.5,0.0074,2,0.5415,1,0.0,217.74,164.0,189.23,6.3,644.9,RAS,great_vessel,0.04081632653061224,0,1
s0408,iliac_vena_left,0,0.8188,0.6932,1071,327,147,1398,1218,ok,1398,8024.24,0,0.388,0.555,0.6378,0.2009,0.1339,0.55,511415.94,0.0157,2,0.5522,1,0.0,308.94,299.5,123.7,119.0,562.45,RAS,great_vessel,0.1477832512315271,1,1
s0408,iliac_vena_right,0,0.8698,0.7696,1386,298,117,1684,1503,ok,1684,9665.82,0,0.6124,0.5638,0.6366,0.1451,0.1488,0.55,410395.5,0.0236,2,0.6188,1,0.0,327.19,314.5,129.05,147.0,611.7,RAS,great_vessel,0.12042581503659348,1,1
s0408,iliopsoas_left,0,0.9404,0.8874,23798,1815,1204,25613,25002,ok,25613,147013.42,0,0.3246,0.5025,0.6978,0.2098,0.2351,0.725,1236088.25,0.1189,3,0.9996,1,0.0447,236.21,217.0,90.26,128.0,421.0,RAS,muscle,0.024438044956403487,0,1
s0408,iliopsoas_right,0,0.9443,0.8944,24035,1862,976,25897,25011,ok,25897,148643.53,0,0.6781,0.5224,0.6801,0.2232,0.25,0.75,1446428.88,0.1028,3,0.9997,1,0.0386,240.4,226.0,83.54,139.0,402.0,RAS,muscle,0.03542441325816641,0,1
s0408,inferior_vena_cava,0,0.9098,0.8345,363,49,23,412,386,ok,412,2364.8,0,0.5214,0.547,0.9564,0.058,0.0298,0.075,4477.04,0.5282,2,0.9903,1,0.4126,194.32,160.0,104.77,80.55,435.0,RAS,great_vessel,0.06735751295336788,0,1
s0408,intervertebral_discs,0,0.9175,0.8476,3410,341,272,3751,3682,ok,3751,21529.98,0,0.5185,0.4491,0.8612,0.1272,0.131,0.225,129558.7,0.1662,3,0.5119,1,0.0011,233.88,229.0,69.1,127.0,364.0,RAS,vertebrae,0.018739815317762087,0,1
s0408,sacrum,0,0.9169,0.8465,25500,2395,2228,27895,27728,ok,27895,160111.64,0,0.5199,0.3153,0.7146,0.2969,0.3006,0.45,1387848.5,0.1154,4,0.9969,0,0.0,459.96,466.0,85.68,309.0,587.0,RAS,pelvic_bone,0.006022792844777842,0,1
s0408,small_bowel,0,0.9098,0.8345,34806,4429,2473,39235,37279,ok,39235,225200.94,0,0.5405,0.616,0.8361,0.567,0.2768,0.35,1898196.88,0.1186,3,0.9748,1,0.1024,323.45,307.0,87.35,208.0,503.0,RAS,digestive,0.05246921859491939,0,1
s0408,spinal_cord,0,0.9097,0.8344,1451,159,129,1610,1580,ok,1610,9241.07,0,0.5197,0.3586,0.8918,0.0491,0.1161,0.225,44322.71,0.2085,1,1.0,1,0.1366,140.99,128.0,63.84,80.0,267.1,RAS,neuro,0.0189873417721519,0,1
s0408,urinary_bladder,1,0.9575,0.9185,9567,616,233,10183,9800,ok,10183,58448.36,0,0.5057,0.5453,0.4094,0.1607,0.1548,0.125,107449.0,0.544,1,1.0,0,0.0,216.76,165.0,112.93,114.0,462.9,RAS,urinary,0.03908163265306122,0,0
s0408,vertebrae,0,0.9374,0.8822,6767,749,155,7516,6922,ok,7516,43140.32,0,0.5139,0.4512,0.9109,0.1339,0.125,0.2,115714.31,0.3728,1,1.0,1,0.2177,370.96,374.0,94.72,205.0,526.0,RAS,vertebrae,0.08581334874313783,0,1
s0413,clavicula_left,0,0.9192,0.8504,22460,1917,2034,24377,24494,ok,24377,11193.52,0,0.7321,0.6601,0.8226,0.433,0.2723,0.2,54339.82,0.206,1,1.0,1,0.0,245.24,238.0,125.22,60.0,437.0,RAS,shoulder_bone,0.004776680003266106,0,1
s0413,humerus_left,1,0.9652,0.9327,152533,8557,2450,161090,154983,ok,161090,73969.92,0,0.3441,0.7054,0.3971,0.3482,0.3103,0.72,179224.97,0.4127,1,1.0,1,0.0164,432.88,451.0,83.71,268.0,530.0,RAS,shoulder_bone,0.03940432176432254,0,0
s0413,scapula_left,0,0.889,0.8001,99813,11394,13538,111207,113351,ok,111207,51064.46,0,0.5743,0.4864,0.4796,0.7054,0.7902,0.92,1181421.25,0.0432,24,0.9942,1,0.007,271.84,285.0,108.77,75.0,440.0,RAS,shoulder_bone,0.018914698591101974,0,1
s0068,femur_right,0,0.9467,0.8987,165620,7942,10719,173562,176339,ok,173562,156205.84,0,0.5254,0.3775,0.6729,0.4719,0.7083,0.5656,418164.41,0.3736,1,1.0,1,0.0042,211.86,208.0,47.53,151.0,278.0,RAS,pelvic_bone,0.01574807614878161,0,1
s0421,autochthon_left,0,0.8909,0.8033,1789,257,181,2046,1970,ok,2046,3446.23,0,0.1603,0.2129,0.1575,0.3333,0.1313,0.3,33957.0,0.1015,1,1.0,1,0.0,142.27,137.0,37.41,98.0,204.0,RAS,muscle,0.03857868020304569,0,1
s0421,intervertebral_discs,0,0.839,0.7226,8436,1686,1552,10122,9988,ok,10122,17049.24,0,0.4587,0.4353,0.3048,1.0,0.2719,0.6781,476989.75,0.0357,11,0.1619,1,0.0357,96.09,94.0,44.29,28.0,168.0,RAS,vertebrae,0.01341609931918302,0,1
s0421,spinal_cord,0,0.9323,0.8731,17316,1110,1406,18426,18722,ok,18426,31036.29,0,0.4994,0.3913,0.3794,0.6,0.2625,0.7719,314526.72,0.0987,1,1.0,1,0.0034,121.07,122.0,48.94,45.0,199.0,RAS,neuro,0.015810276679841896,0,1
s0421,vertebrae,0,0.9265,0.8631,43150,3732,3114,46882,46264,ok,46882,78966.87,0,0.4708,0.4219,0.2954,1.0,0.2875,0.7844,583433.81,0.1353,11,0.1556,1,0.0233,208.96,209.0,53.01,123.0,298.0,RAS,vertebrae,0.01335811862355179,0,1
s0423,aorta,0,0.8879,0.7984,297,61,14,358,311,ok,358,9299.61,0,0.5018,0.4858,0.7315,0.0703,0.2,0.0547,26184.38,0.3552,1,1.0,0,0.0,212.04,230.5,74.9,76.0,312.0,RAS,great_vessel,0.15112540192926044,1,1
s0423,autochthon_left,0,0.8494,0.7382,3043,1034,45,4077,3088,ok,4077,105906.45,0,0.4947,0.1723,0.2554,0.1094,0.25,0.5234,487320.31,0.2173,1,1.0,1,0.0,328.67,314.0,74.27,233.0,467.0,RAS,muscle,0.32027202072538863,1,1
s0423,autochthon_right,0,0.892,0.8051,2544,228,388,2772,2932,ok,2772,72007.03,0,0.63,0.1829,0.2687,0.1055,0.15,0.4336,233555.28,0.3083,1,1.0,0,0.0,309.97,288.0,73.48,237.0,460.45,RAS,muscle,0.054570259208731244,0,1
s0423,clavicula_left,0,0.854,0.7451,421,98,46,519,467,ok,519,13481.84,0,0.4246,0.6132,0.8462,0.2734,0.3,0.1367,381855.47,0.0353,2,0.9114,0,0.0,452.04,452.0,97.77,302.9,601.0,RAS,shoulder_bone,0.11134903640256959,1,1
s0423,clavicula_right,0,0.8253,0.7026,456,95,98,551,554,ok,551,14313.09,0,0.6933,0.6262,0.8432,0.293,0.25,0.1367,340942.38,0.042,3,0.7532,0,0.0,432.57,427.0,102.08,295.0,640.5,RAS,shoulder_bone,0.005415162454873646,0,1
s0423,colon,0,0.8762,0.7797,4173,527,652,4700,4825,ok,4700,122089.84,0,0.4166,0.5207,0.1587,0.5117,0.35,0.3164,1929461.12,0.0633,2,0.7726,1,0.0,292.46,278.0,135.82,118.0,557.0,RAS,digestive,0.025906735751295335,0,1
s0423,duodenum,0,0.8921,0.8053,153,28,9,181,162,ok,181,4701.76,0,0.6592,0.55,0.1121,0.0469,0.05,0.1133,9039.84,0.5201,1,1.0,0,0.0,191.69,188.0,28.63,148.0,245.0,RAS,digestive,0.11728395061728394,1,1
s0423,esophagus,0,0.9197,0.8514,126,12,10,138,136,ok,138,3584.77,0,0.5256,0.45,0.4358,0.0469,0.05,0.0586,4675.78,0.7667,1,1.0,0,0.0,360.86,353.5,52.73,290.85,451.65,RAS,digestive,0.014705882352941176,0,1
s0423,heart,1,0.9543,0.9126,14391,814,564,15205,14955,ok,15205,394973.62,0,0.4558,0.5505,0.5203,0.3281,0.45,0.2188,1099743.75,0.3592,1,1.0,0,0.0,208.67,187.0,155.31,17.0,479.0,RAS,heart,0.01671681711802073,0,0
s0423,humerus_left,0,0.9369,0.8814,2689,157,205,2846,2894,ok,2846,73929.3,0,0.1588,0.4328,0.7634,0.2188,0.45,0.5469,1832906.25,0.0403,1,1.0,0,0.0,815.82,842.5,216.08,433.0,1131.0,RAS,shoulder_bone,0.0165860400829302,0,1
s0423,humerus_right,0,0.9252,0.8609,2073,78,257,2151,2330,ok,2151,55875.59,0,0.9411,0.4972,0.8091,0.1016,0.3,0.2969,307978.12,0.1814,2,0.9995,0,0.0,763.49,835.0,206.34,330.5,1013.5,RAS,shoulder_bone,0.07682403433476395,0,1
s0423,iliopsoas_left,0,0.9377,0.8828,1175,134,22,1309,1197,ok,1309,34003.32,0,0.4743,0.4143,0.092,0.0664,0.3,0.2109,143078.91,0.2377,1,1.0,1,0.0,244.14,242.0,114.51,86.0,439.6,RAS,muscle,0.0935672514619883,0,1
s0423,iliopsoas_right,0,0.8888,0.7998,811,186,17,997,828,ok,997,25898.63,0,0.6311,0.3972,0.0693,0.0625,0.15,0.1875,59850.0,0.4327,1,1.0,1,0.0,233.9,241.0,86.97,116.0,379.6,RAS,muscle,0.2041062801932367,1,1
s0423,inferior_vena_cava,0,0.7874,0.6494,200,101,7,301,207,ok,301,7818.95,0,0.606,0.5,0.1254,0.0391,0.05,0.1484,9871.09,0.7921,1,1.0,0,0.0,413.86,411.0,49.19,334.0,493.0,RAS,great_vessel,0.45410628019323673,1,1
s0423,intervertebral_discs,0,0.9137,0.8412,3406,259,384,3665,3790,ok,3665,95204.1,0,0.5585,0.3659,0.3642,0.125,0.3,0.7969,1017450.0,0.0936,14,0.1402,0,0.0,332.11,320.0,125.01,144.0,547.0,RAS,vertebrae,0.032981530343007916,0,1
s0423,kidney_left,0,0.882,0.789,1948,130,391,2078,2339,ok,2078,53979.3,0,0.4048,0.3028,0.2757,0.125,0.2,0.2305,196175.0,0.2752,1,1.0,0,0.0,647.67,629.0,131.77,472.0,891.3,RAS,urinary,0.1115861479264643,1,1
s0423,kidney_right,0,0.916,0.845,2116,161,227,2277,2343,ok,2277,59148.63,0,0.7152,0.3729,0.196,0.125,0.2,0.1758,149625.0,0.3953,1,1.0,0,0.0,430.91,420.0,97.21,281.0,607.0,RAS,urinary,0.028169014084507043,0,1
s0423,liver,1,0.9607,0.9243,25634,768,1330,26402,26964,ok,26402,685833.19,0,0.7032,0.5044,0.3428,0.3828,0.55,0.3047,2184213.25,0.314,1,1.0,0,0.0,349.65,352.0,78.22,225.0,477.0,RAS,solid_abdominal,0.020842604954754488,0,0
s0423,lung_left,1,0.9672,0.9365,24622,595,1074,25217,25696,ok,25217,655051.0,0,0.3942,0.3538,0.6306,0.2422,0.55,0.4766,2161354.0,0.3031,1,1.0,0,0.0,113.58,86.0,96.45,33.0,271.0,RAS,lung,0.018641033623910338,0,0
s0423,lung_right,1,0.9729,0.9472,37077,704,1364,37781,38441,ok,37781,981420.5,0,0.7006,0.4427,0.6085,0.25,0.6,0.4727,2413950.0,0.4066,1,1.0,0,0.0,61.01,47.0,46.24,22.0,144.0,RAS,lung,0.017169168335891365,0,0
s0423,scapula_left,0,0.8571,0.75,543,98,83,641,626,ok,641,16650.98,0,0.2613,0.4296,0.8329,0.0977,0.25,0.0898,74682.62,0.223,1,1.0,0,0.0,580.02,580.0,113.52,375.0,756.0,RAS,shoulder_bone,0.023961661341853034,0,1
s0423,scapula_right,0,0.8537,0.7447,700,58,182,758,882,ok,758,19690.23,0,0.871,0.4534,0.829,0.1445,0.3,0.1602,236438.67,0.0833,2,0.8628,0,0.0,596.36,592.0,135.38,384.0,816.15,RAS,shoulder_bone,0.14058956916099774,1,1
s0423,small_bowel,0,0.6047,0.4334,472,608,9,1080,481,ok,1080,28054.69,0,0.3916,0.5575,0.0533,0.1133,0.25,0.125,120531.25,0.2328,2,0.9954,1,0.0,195.48,176.0,92.85,82.0,372.05,RAS,digestive,1.2453222453222452,1,1
s0423,spinal_cord,0,0.9063,0.8286,2035,230,191,2265,2226,ok,2265,58836.91,0,0.5611,0.2757,0.4001,0.0586,0.25,0.8672,432509.75,0.136,1,1.0,1,0.0,479.06,494.0,159.65,207.2,723.8,RAS,neuro,0.01752021563342318,0,1
s0423,spleen,0,0.9315,0.8718,2767,244,163,3011,2930,ok,3011,78215.43,0,0.3143,0.3566,0.3639,0.1562,0.35,0.1602,298210.94,0.2623,1,1.0,0,0.0,660.42,658.0,98.6,507.0,827.5,RAS,solid_abdominal,0.02764505119453925,0,1
s0423,stomach,0,0.9024,0.8221,3628,477,308,4105,3936,ok,4105,106633.79,0,0.4096,0.5673,0.2975,0.168,0.4,0.2969,679131.25,0.157,2,0.6633,0,0.0,511.1,548.0,228.98,148.0,845.8,RAS,digestive,0.0429369918699187,0,1
s0423,vertebrae,0,0.9404,0.8875,8391,620,444,9011,8835,ok,9011,234074.81,0,0.5588,0.3679,0.3803,0.1211,0.3,0.8633,1067792.62,0.2192,15,0.1192,1,0.0,606.62,620.0,172.7,274.0,850.0,RAS,vertebrae,0.019920769666100735,0,1
s0070,brain,1,0.9845,0.9695,574851,7812,10253,582663,585104,ok,582663,1693150.88,0,0.4982,0.47,0.5163,0.75,0.75,1.0,3481481.0,0.4863,1,1.0,1,0.0043,235.04,267.0,109.02,20.0,364.0,RAS,neuro,0.004171907900133993,0,0
s0429,aorta,0,0.9094,0.8339,10973,1442,744,12415,11717,ok,12415,23016.7,0,0.4959,0.3043,0.6118,0.1211,0.1797,1.0,465295.16,0.0495,2,0.5758,1,0.1374,10.88,10.0,5.19,4.0,20.0,RAS,great_vessel,0.05957156268669454,0,1
s0429,colon,0,0.8911,0.8037,3987,488,486,4475,4473,ok,4475,8296.39,0,0.2319,0.3136,0.1262,0.0547,0.0703,0.25,20556.52,0.4036,1,1.0,1,0.0552,19.96,18.0,10.7,7.0,41.0,RAS,digestive,0.000447127207690588,0,1
s0429,esophagus,0,0.9183,0.8489,1242,150,71,1392,1313,ok,1392,2580.69,0,0.4676,0.2884,0.2442,0.0508,0.043,0.1364,6362.73,0.4056,1,1.0,0,0.0,25.0,24.0,8.91,12.0,41.0,RAS,digestive,0.060167555217060166,0,1
s0429,heart,1,0.9613,0.9254,133361,5515,5230,138876,138591,ok,138876,257468.17,0,0.4807,0.3407,0.5549,0.2422,0.1973,0.5682,580469.5,0.4436,1,1.0,0,0.0,9.58,9.0,5.15,3.0,19.0,RAS,heart,0.0020564105894322142,0,0
s0429,humerus_left,0,0.9288,0.8671,5880,367,534,6247,6414,ok,6247,11581.58,0,0.0345,0.2676,0.8241,0.0742,0.084,0.4545,60586.85,0.1912,1,1.0,1,0.0949,50.61,51.0,14.75,23.0,73.0,RAS,shoulder_bone,0.02603679451200499,0,1
s0429,humerus_right,0,0.9134,0.8405,8254,544,1022,8798,9276,ok,8798,16310.99,0,0.9586,0.2799,0.8382,0.1836,0.4297,0.7045,1188525.75,0.0137,2,0.9487,1,0.096,70.62,49.0,105.92,26.0,94.0,RAS,shoulder_bone,0.05153083225528245,0,1
s0429,intervertebral_discs,0,0.8631,0.7592,16426,2892,2318,19318,18744,ok,19318,35814.47,0,0.5056,0.1607,0.4788,0.1133,0.1367,0.9318,308607.34,0.1161,8,0.2072,1,0.0426,8.95,8.0,4.18,3.0,17.0,RAS,vertebrae,0.030623132735808793,0,1
s0429,kidney_left,0,0.8148,0.6875,2215,939,68,3154,2283,ok,3154,5847.34,0,0.3554,0.1614,0.0147,0.1211,0.082,0.0682,14483.0,0.4037,1,1.0,1,0.4838,22.37,22.0,5.79,13.0,32.0,RAS,urinary,0.3815155497152869,1,1
s0429,liver,0,0.9424,0.8912,361044,15914,28183,376958,389227,ok,376958,698858.62,0,0.652,0.3347,0.1505,0.4668,0.3926,0.4318,1692169.62,0.413,1,1.0,1,0.0711,16.01,12.0,12.16,4.0,39.0,RAS,solid_abdominal,0.031521451492316825,0,1
s0429,lung_left,1,0.9748,0.9508,378011,13071,6509,391082,384520,ok,391082,725043.69,0,0.3182,0.2136,0.6112,0.2656,0.3457,0.8636,1695868.25,0.4275,1,1.0,1,0.0199,8.49,8.0,4.1,3.0,16.0,RAS,lung,0.017065432227192343,0,0
s0429,lung_right,1,0.9682,0.9383,439666,16224,12682,455890,452348,ok,455890,845194.0,0,0.6972,0.2422,0.5781,0.2559,0.416,0.8864,2017492.12,0.4189,1,1.0,1,0.0087,9.35,7.0,8.0,3.0,23.0,RAS,lung,0.00783025458275487,0,0
s0429,scapula_left,0,0.7472,0.5965,2717,1012,826,3729,3543,ok,3729,6913.35,0,0.2077,0.0908,0.7875,0.1465,0.1875,0.3864,226922.61,0.0305,1,1.0,1,0.0469,15.46,15.0,7.27,5.0,28.0,RAS,shoulder_bone,0.05249788314987299,0,1
s0429,scapula_right,0,0.7442,0.5926,2867,848,1123,3715,3990,ok,3715,6887.4,0,0.8428,0.1378,0.8306,0.1465,0.209,0.4091,267802.06,0.0257,1,1.0,1,0.1182,17.77,17.0,8.23,6.0,33.0,RAS,shoulder_bone,0.06892230576441102,0,1
s0429,spinal_cord,0,0.7464,0.5954,1364,330,597,1694,1961,ok,1694,3140.58,0,0.4978,0.125,0.17,0.0391,0.0527,0.4318,19021.45,0.1651,1,1.0,1,0.0756,12.11,12.0,4.63,5.0,20.0,RAS,neuro,0.13615502294747578,1,1
s0429,spleen,0,0.9398,0.8864,29382,2602,1164,31984,30546,ok,31984,59296.51,0,0.2651,0.1988,0.094,0.2129,0.1348,0.25,153378.55,0.3866,1,1.0,1,0.0985,19.3,19.0,6.67,9.0,31.0,RAS,solid_abdominal,0.0470765402998756,0,1
s0429,stomach,1,0.9569,0.9173,40881,1806,1880,42687,42761,ok,42687,79139.26,0,0.3411,0.3223,0.1214,0.1641,0.1875,0.2727,179402.34,0.4411,1,1.0,1,0.0424,37.78,36.0,14.03,17.0,62.0,RAS,digestive,0.00173054886461963,0,0
s0429,vertebrae,0,0.9288,0.8671,56748,4510,4191,61258,60939,ok,61258,113568.84,0,0.5076,0.1512,0.4856,0.1133,0.1543,1.0,373769.72,0.3038,6,0.2574,1,0.0418,12.34,12.0,5.42,5.0,22.0,RAS,vertebrae,0.005234742939660973,0,1
s0434,aorta,1,0.9557,0.9152,2438,89,137,2527,2575,ok,2527,84233.33,0,0.4951,0.5099,0.4964,0.1167,0.2375,0.8,851199.94,0.099,1,1.0,1,0.0388,248.1,253.0,40.88,175.3,304.0,RAS,great_vessel,0.018640776699029128,0,0
s0434,autochthon_left,1,0.953,0.9103,3205,250,66,3455,3271,ok,3455,115166.66,0,0.4706,0.3079,0.2103,0.1667,0.0833,0.65,346666.66,0.3322,1,1.0,1,0.1372,62.24,66.0,22.59,24.0,88.0,RAS,muscle,0.05625191073066341,0,0
s0434,autochthon_right,1,0.9608,0.9246,2822,138,92,2960,2914,ok,2960,98666.66,0,0.6241,0.3158,0.2301,0.1333,0.0792,0.65,263466.66,0.3745,1,1.0,1,0.1186,62.17,66.0,23.36,25.0,86.0,RAS,muscle,0.015785861358956762,0,0
s0434,clavicula_left,0,0.8139,0.6861,282,50,79,332,361,ok,332,11066.67,0,0.3934,0.6315,0.8114,0.2208,0.1208,0.3,307400.0,0.036,2,0.5753,1,0.1355,73.36,76.5,32.2,25.0,123.9,RAS,shoulder_bone,0.08033240997229917,0,1
s0434,clavicula_right,0,0.8343,0.7157,224,48,41,272,265,ok,272,9066.67,0,0.6706,0.646,0.8467,0.2125,0.1,0.25,204000.0,0.0444,3,0.5074,1,0.25,70.24,70.0,28.35,27.0,118.45,RAS,shoulder_bone,0.026415094339622643,0,1
s0434,colon,0,0.8082,0.6781,198,85,9,283,207,ok,283,9433.33,0,0.2918,0.6269,0.0,0.0958,0.1208,0.05,22233.33,0.4243,1,1.0,1,1.0,68.95,68.0,29.96,24.1,118.8,RAS,digestive,0.3671497584541063,1,1
s0434,esophagus,0,0.899,0.8165,525,85,33,610,558,ok,610,20333.33,0,0.5045,0.4886,0.4447,0.075,0.0875,0.65,163800.0,0.1241,1,1.0,0,0.0,119.39,124.0,49.01,37.9,209.0,RAS,digestive,0.0931899641577061,0,1
s0434,gallbladder,0,0.8869,0.7968,396,64,37,460,433,ok,460,15333.33,0,0.7241,0.7084,0.0086,0.1125,0.1208,0.1,52200.0,0.2937,2,0.987,1,0.8283,251.65,282.0,73.45,74.95,322.0,RAS,solid_abdominal,0.06235565819861432,0,1
s0434,heart,1,0.9619,0.9267,12816,420,594,13236,13410,ok,13236,441199.97,0,0.4364,0.6257,0.3811,0.3375,0.2833,0.25,917999.94,0.4806,1,1.0,0,0.0,179.1,189.0,51.88,81.0,252.0,RAS,heart,0.012975391498881432,0,0
s0434,humerus_left,1,0.9588,0.9209,1793,53,101,1846,1894,ok,1846,61533.33,0,0.0928,0.5378,0.8177,0.1667,0.1625,0.65,676000.0,0.091,1,1.0,1,0.1858,226.79,226.0,64.86,119.25,332.75,RAS,shoulder_bone,0.025343189017951427,0,0
s0434,humerus_right,0,0.9168,0.8463,870,37,121,907,991,ok,907,30233.33,0,0.9463,0.5814,0.9123,0.0792,0.1208,0.2,73466.66,0.4115,1,1.0,1,0.4278,150.02,155.0,37.65,83.6,203.0,RAS,shoulder_bone,0.08476286579212916,0,1
s0434,inferior_vena_cava,0,0.9125,0.8391,631,56,65,687,696,ok,687,22900.0,0,0.5745,0.5292,0.1945,0.0875,0.075,0.4,100800.0,0.2272,1,1.0,1,0.1033,265.52,277.0,45.01,174.3,320.0,RAS,great_vessel,0.01293103448275862,0,1
s0434,intervertebral_discs,0,0.9423,0.8909,1470,136,44,1606,1514,ok,1606,53533.33,0,0.542,0.4277,0.3417,0.0875,0.1,0.8,268800.0,0.1992,7,0.2005,1,0.0,34.87,31.0,18.16,15.0,65.75,RAS,vertebrae,0.0607661822985469,0,1
s0434,kidney_left,0,0.8512,0.741,226,75,4,301,230,ok,301,10033.33,0,0.4127,0.4228,0.0,0.0917,0.075,0.05,13200.0,0.7601,1,1.0,1,1.0,142.19,153.0,32.42,86.0,179.0,RAS,urinary,0.30869565217391304,1,1
s0434,kidney_right,0,0.874,0.7762,430,34,90,464,520,ok,464,15466.67,0,0.6747,0.4384,0.0058,0.1167,0.0875,0.1,39200.0,0.3946,1,1.0,1,0.8836,140.91,155.0,36.47,37.45,172.85,RAS,urinary,0.1076923076923077,1,1
s0434,liver,1,0.9722,0.946,37943,1511,655,39454,38598,ok,39454,1315133.25,0,0.6964,0.5826,0.1611,0.4375,0.4167,0.45,3150000.0,0.4175,1,1.0,1,0.0847,122.06,120.0,33.9,71.0,177.0,RAS,solid_abdominal,0.0221773148867817,0,0
s0434,lung_left,1,0.9707,0.9431,26161,498,1080,26659,27241,ok,26659,888633.31,0,0.3559,0.4629,0.5338,0.2625,0.3833,0.7,2704800.0,0.3285,1,1.0,1,0.0,49.48,40.0,37.12,13.0,126.0,RAS,lung,0.021364854447340407,0,0
s0434,lung_right,1,0.9689,0.9397,35759,384,1912,36143,37671,ok,36143,1204766.62,0,0.7006,0.5132,0.5512,0.2958,0.4292,0.7,3412733.25,0.353,1,1.0,1,0.0,39.31,33.0,27.58,11.0,92.0,RAS,lung,0.040561705290541795,0,0
s0434,pancreas,0,0.8356,0.7176,244,91,5,335,249,ok,335,11166.67,0,0.4498,0.6092,0.0175,0.1042,0.0917,0.1,36666.66,0.3045,1,1.0,1,0.6507,139.91,124.0,35.48,99.0,203.3,RAS,solid_abdominal,0.3453815261044177,1,1
s0434,scapula_left,0,0.7775,0.636,1094,373,253,1467,1347,ok,1467,48900.0,0,0.2194,0.4165,0.801,0.2,0.2917,0.5,1120000.0,0.0437,1,1.0,1,0.1302,112.19,100.0,55.35,37.0,220.0,RAS,shoulder_bone,0.08908685968819599,0,1
s0434,scapula_right,0,0.7994,0.6659,1152,171,407,1323,1559,ok,1323,44100.0,0,0.8479,0.4176,0.8163,0.2,0.3042,0.45,1051200.0,0.042,3,0.9985,1,0.2063,100.84,96.0,41.66,36.0,175.9,RAS,shoulder_bone,0.15137908915971776,1,1
s0434,spinal_cord,0,0.9287,0.8669,1088,82,85,1170,1173,ok,1170,39000.0,0,0.5462,0.394,0.4313,0.05,0.125,0.95,227999.98,0.1711,1,1.0,1,0.0675,216.74,213.5,77.66,97.45,344.0,RAS,neuro,0.0025575447570332483,0,1
s0434,spleen,1,0.951,0.9066,3438,113,241,3551,3679,ok,3551,118366.66,0,0.3087,0.4348,0.1052,0.2,0.1917,0.25,368000.0,0.3216,1,1.0,1,0.1214,161.37,160.0,19.85,138.0,188.0,RAS,solid_abdominal,0.034792063060614296,0,0
s0434,stomach,0,0.9187,0.8496,2853,240,265,3093,3118,ok,3093,103099.99,0,0.4184,0.6113,0.1062,0.1708,0.3333,0.25,546666.62,0.1886,1,1.0,1,0.1962,160.32,147.0,98.45,9.0,319.0,RAS,digestive,0.008017960230917255,0,1
s0434,vertebrae,1,0.9544,0.9128,2084,129,70,2213,2154,ok,2213,73766.66,0,0.5417,0.4289,0.3215,0.0875,0.1042,0.8,280000.0,0.2635,7,0.2526,1,0.1405,52.22,48.0,24.73,20.0,98.0,RAS,vertebrae,0.027390900649953576,0,0
s0074,intervertebral_discs,0,0.8877,0.7981,26679,3867,2883,30546,29562,ok,30546,44745.12,0,0.5073,0.1012,0.3641,0.1302,0.1458,1.0,387597.66,0.1154,7,0.3407,1,0.1844,19.34,19.0,3.78,14.0,26.0,RAS,vertebrae,0.033285975238481834,0,1
s0074,lung_left,0,0.9332,0.8748,403503,21426,36338,424929,439841,ok,424929,622454.56,0,0.2431,0.1545,0.6644,0.2708,0.3576,0.6905,1365152.38,0.456,1,1.0,1,0.0378,17.63,17.0,6.41,11.0,28.0,RAS,lung,0.03390316046025723,0,1
s0074,lung_right,1,0.9547,0.9133,630149,27365,32454,657514,662603,ok,657514,963155.25,0,0.7249,0.1831,0.6636,0.2917,0.3837,0.6905,1577214.88,0.6107,1,1.0,1,0.0359,21.26,20.0,9.1,12.0,37.0,RAS,lung,0.007680315362290844,0,0
s0074,vertebrae,0,0.9397,0.8863,83798,6986,3763,90784,87561,ok,90784,132984.38,0,0.5053,0.0899,0.4555,0.1198,0.1458,0.9524,339609.38,0.3916,1,1.0,1,0.0061,24.69,24.0,5.58,17.0,35.0,RAS,vertebrae,0.03680862484439419,0,1
s0440,femur_right,1,0.9674,0.9368,146962,4674,5237,151636,152199,ok,151636,116614.58,0,0.5325,0.5792,0.7086,0.4609,0.2682,0.4792,322469.66,0.3616,1,1.0,1,0.0163,549.28,552.0,220.83,190.0,926.0,RAS,pelvic_bone,0.0036991044619215634,0,0
s0442,femur_right,1,0.9642,0.9309,291189,9428,12178,300617,303367,ok,300617,176142.78,0,0.5253,0.5773,0.6952,0.9464,0.4062,0.5312,439237.5,0.401,1,1.0,1,0.0043,31.7,25.0,41.22,13.0,52.0,RAS,pelvic_bone,0.009064927958545261,0,0
