subject,organ,iou,fam,raw_lo,raw_hi,cqr_lo,cqr_hi,mondrian_lo,mondrian_hi,q50
s0316,adrenal_gland_left,0.4225,urinary,0.2597154679192441,0.72281690855425,0.19216937465928324,0.7903630018142108,0.15387128126007082,0.8286610952134232,0.6057493572294609
s0316,adrenal_gland_right,0.7915,urinary,0.15906987338455725,0.68197151446437,0.09152378012459639,0.7495176077243308,0.05322568672538397,0.7878157011235433,0.4607947153460751
s0316,aorta,0.8459,great_vessel,0.5912296939769786,0.8194538348797313,0.5236836007170177,0.8869999281396922,0.48064025601857546,0.9300432728381345,0.7989403318757808
s0316,autochthon_left,0.9065,muscle,0.904941715877014,0.9343393484686932,0.8373956226170531,1.0,0.8340231534900334,1.0,0.9227282098529196
s0316,autochthon_right,0.8492,muscle,0.8836102803919932,0.9004440422696416,0.8160641871320323,0.9679901355296024,0.8126917180050126,0.9713626046566222,0.9041471607463778
s0316,colon,0.583,digestive,0.3471354339687417,0.7721507063688003,0.27958934070878083,0.8396967996287612,0.2637021666472784,0.8555839736902636,0.6716823439560499
s0316,duodenum,0.7838,digestive,0.5199100097165407,0.8417968816315763,0.4523639164565798,0.9093429748915371,0.4364767423950774,0.9252301489530396,0.7318152571790674
s0316,esophagus,0.7201,digestive,0.22250368974172324,0.5681016651011447,0.15495759648176238,0.6356477583611055,0.13907042242025996,0.651534932422608,0.6059884340894695
s0316,gallbladder,0.0,solid_abdominal,6.378556198545661e-20,0.2995887762827428,0.0,0.36713486954270363,0.0,0.49581381211680825,0.0
s0316,gluteus_medius_left,0.2542,muscle,0.5807539212968672,0.8334062789725025,0.5132078280369063,0.9009523722324634,0.5098353589098866,0.9043248413594831,0.720212158072261
s0316,gluteus_medius_right,0.1145,muscle,0.058725284033443445,0.5223635038702792,0.0,0.58990959713024,0.0,0.5932820662572598,0.22783902148371296
s0316,gluteus_minimus_right,0.1169,muscle,0.14672549144561517,0.7375578079211189,0.07917939818565431,0.8051039011810798,0.07580692905863459,0.8084763703080995,0.39750036235689745
s0316,heart,0.8022,heart,0.8663378000097531,0.909302883105482,0.7987917067497923,0.9768489763654429,0.7987917067497923,0.9768489763654429,0.8510807956623468
s0316,hip_left,0.5888,pelvic_bone,0.7275871787044473,0.8150532161715838,0.6600410854444865,0.8825993094315446,0.6743058860030678,0.8683345088729633,0.7476095503576606
s0316,hip_right,0.6442,pelvic_bone,0.7072052722430259,0.8229759382857483,0.639659178983065,0.8905220315457092,0.6539239795416464,0.8762572309871278,0.8097570036890752
s0316,iliac_artery_left,0.6371,great_vessel,0.23425809557954755,0.5475015116129094,0.1667120023195867,0.6150476048728702,0.12366865762114446,0.6580909495713125,0.54258775116516
s0316,iliac_artery_right,0.662,great_vessel,0.14495114344130894,0.5965474014713331,0.07740505018134808,0.664093494731294,0.03436170548290585,0.7071368394297362,0.6060701166931554
s0316,iliac_vena_left,0.0,great_vessel,6.378556198545661e-20,0.17692513162230578,0.0,0.24447122488226664,0.0,0.28751456958070887,0.06903799578183614
s0316,iliac_vena_right,0.3625,great_vessel,0.11758847496790169,0.4211122768347783,0.05004238170794083,0.48865837009473917,0.006999037009498596,0.5317017147931814,0.2449857978751
s0316,iliopsoas_left,0.8199,muscle,0.8740516766081765,0.8660553745814761,0.8065055833482156,0.9336014678414369,0.8031331142211959,0.9369739369684567,0.8770063430307686
s0316,iliopsoas_right,0.774,muscle,0.8720726274153211,0.8903639011726404,0.8045265341553602,0.9579099944326013,0.8011540650283405,0.961282463559621,0.9229423096085959
s0316,inferior_vena_cava,0.852,great_vessel,0.7138191075951547,0.8797425663853453,0.6462730143351938,0.9472886596453062,0.6032296696367516,0.9903320043437485,0.856114495277871
s0316,intervertebral_discs,0.7281,vertebrae,0.6709865914485889,0.7839070288755847,0.603440498188628,0.8514531221355456,0.5706301431175841,0.8842634772065895,0.7817846385795099
s0316,kidney_left,0.9084,urinary,0.8711459422133925,0.9207103703465195,0.8035998489534316,0.9882564636064803,0.7653017555542192,1.0,0.8795188269266566
s0316,kidney_right,0.3709,urinary,0.8466316805433595,0.9137393340801819,0.7790855872833986,0.9812854273401428,0.7407874938841862,1.0,0.8265937737234956
s0316,liver,0.8384,solid_abdominal,0.8019701263318283,0.9421002372034949,0.7344240330718674,1.0,0.6057450904977628,1.0,0.8958279091327008
s0316,lung_left,0.9289,lung,0.9553055875258422,0.9741237396277966,0.8877594942658813,1.0,0.9283459322059575,1.0,0.9700136914248683
s0316,lung_right,0.9256,lung,0.9504910523696964,0.9759372835996923,0.8829449591097356,1.0,0.9235313970498118,1.0,0.9354895074455647
s0316,pancreas,0.5585,solid_abdominal,0.44114969693380957,0.8158326752540512,0.3736036036738487,0.8833787685140121,0.2449246610997441,1.0,0.7501518391195181
s0316,portal_vein_and_splenic_vein,0.6446,great_vessel,0.12939688395813165,0.6944506515088764,0.06185079069817079,0.7619967447688373,0.018807445999728556,0.8050400894672796,0.5536513581763023
s0316,sacrum,0.7512,pelvic_bone,0.7090568952092545,0.8376239121042803,0.6415108019492937,0.9051700053642412,0.655775602507875,0.8909052048056598,0.779031113117723
s0316,small_bowel,0.7881,digestive,0.5763612221142649,0.8287591322283483,0.508815128854304,0.8963052254883092,0.4929279547928016,0.9121923995498116,0.6905749451368334
s0316,spinal_cord,0.8043,neuro,0.7391446190635745,0.8675142835720168,0.6715985258036137,0.9350603768319776,0.6722434556763259,0.9344154469592654,0.850591846920488
s0316,spleen,0.8617,solid_abdominal,0.8004144590218024,0.921932966807778,0.7328683657618416,0.9894790600677389,0.6041894231877369,1.0,0.8205640534933761
s0316,stomach,0.8425,digestive,0.7244464237363673,0.8754018920076678,0.6569003304764064,0.9429479852676287,0.641013156414904,0.9588351593291311,0.8132781360590308
s0316,urinary_bladder,0.0997,urinary,0.12653703791296655,0.6777740468740951,0.058990944653005695,0.745320140134056,0.020692851253793276,0.7836182335332684,0.5556592680552267
s0316,vertebrae,0.8383,vertebrae,0.8370835227268627,0.8939819919226587,0.7695374294669018,0.9615280851826196,0.7367270743958579,0.9943384402536635,0.8563280859022185
s0142,aorta,0.1449,great_vessel,0.6270444402150257,0.8462950019400294,0.5602600665183963,0.9130793756366588,0.4720854770331351,1.0,0.7023074545043163
s0142,autochthon_left,0.4409,muscle,0.5893776088533819,0.7897347748873446,0.5225932351567525,0.8565191485839739,0.5364052087944616,0.8427071749462648,0.7252500229356248
s0142,autochthon_right,0.3716,muscle,0.46601345795196053,0.7787182377855744,0.39922908425533116,0.8455026114822037,0.4130410578930403,0.8316906378444946,0.627764878501396
s0142,clavicula_left,0.0,shoulder_bone,0.004978284919337305,0.374262783959483,0.0,0.44104715765611235,0.0,0.8884575209157728,0.13826935912420743
s0142,esophagus,0.128,digestive,0.1075685544910483,0.42147860598770137,0.04078418079441892,0.48826297968433074,0.06824685195332625,0.4608003085254234,0.27213989408780764
s0142,iliopsoas_left,0.0,muscle,8.900611934638585e-20,0.3664613862938736,0.0,0.43324575999050297,0.0,0.4194337863527938,0.0865160806555317
s0142,inferior_vena_cava,0.0,great_vessel,0.07947155819464052,0.5812038691818069,0.01268718449801115,0.6479882428784363,0.0,0.7361628323636975,0.17058982954153482
s0142,intervertebral_discs,0.8074,vertebrae,0.6747428668451003,0.8137691034806545,0.607958493148471,0.8805534771772838,0.6135630224923547,0.8749489478334,0.8131176041504744
s0142,lung_left,0.0,lung,0.10697019089669234,0.4860866482173331,0.040185817200062965,0.5528710219139625,0.08655282589765344,0.5065040132163721,0.2615953367962424
s0142,spinal_cord,0.8683,neuro,0.7760788948846082,0.8629226227064085,0.7092945211879789,0.9297069964030379,0.7297860485556003,0.9092154690354165,0.8616880040413826
s0142,vertebrae,0.8917,vertebrae,0.8283880900977006,0.888423482339602,0.7616037164010713,0.9552078560362314,0.767208245744955,0.9496033266923476,0.8367666475079172
s0515,adrenal_gland_left,0.8278,urinary,0.7283439306101969,0.8221937861895614,0.6615595569135675,0.8889781598861908,0.6371446235313762,0.913393093268382,0.7242013207597181
s0515,adrenal_gland_right,0.7756,urinary,0.3266845725372979,0.7261089956976634,0.2599001988406685,0.7928933693942928,0.23548526545847723,0.817308302776484,0.46983204805645873
s0515,aorta,0.8947,great_vessel,0.8652075796870804,0.8943729955053447,0.798423205990451,0.961157369201974,0.7102486165051898,1.0,0.8982494573681413
s0515,autochthon_left,0.9339,muscle,0.8520789644216485,0.9164655008397072,0.7852945907250192,0.9832498745363366,0.7991065643627283,0.9694379008986275,0.8822280850589831
s0515,autochthon_right,0.9256,muscle,0.8466731300494822,0.9156711197247186,0.7798887563528528,0.982455493421348,0.793700729990562,0.9686435197836388,0.8994436370117326
s0515,clavicula_left,0.5139,shoulder_bone,0.17303697791234623,0.6786671519317441,0.10625260421571686,0.7454515256283735,0.0,1.0,0.6722406189631672
s0515,clavicula_right,0.5591,shoulder_bone,0.16605426859803804,0.5771865277569243,0.09926989490140867,0.6439709014535536,0.0,1.0,0.4741883172428638
s0515,colon,0.9227,digestive,0.5009327841088034,0.8827061769445853,0.434148410412174,0.9494905506412147,0.4616110815710813,0.9220278794823074,0.6952728490572501
s0515,duodenum,0.9007,digestive,0.7098947151190665,0.7841556272518818,0.6431103414224372,0.8509400009485112,0.6705730125813445,0.8234773297896039,0.8106550099851481
s0515,esophagus,0.781,digestive,0.6038135971842428,0.877912438922865,0.5370292234876134,0.9446968126194943,0.5644918946465207,0.917234141460587,0.7936937426417984
s0515,gallbladder,0.8282,solid_abdominal,0.40350344944473293,0.8009000045684628,0.33671907574810356,0.8676843782650921,0.3277060756857384,0.8766973783274573,0.7292590338230321
s0515,heart,0.824,heart,0.6456998000621961,0.9192581798705302,0.5789154263655667,0.9860425535671595,0.4082581748722095,1.0,0.8995444850076154
s0515,humerus_left,0.8172,shoulder_bone,0.6529767052544788,0.8729529138344273,0.5861923315578494,0.9397372875310567,0.138781968298189,1.0,0.8604057066614144
s0515,humerus_right,0.7462,shoulder_bone,0.5623643387759429,0.9032341493472088,0.49557996507931357,0.9700185230438382,0.04816960181965313,1.0,0.764846232901571
s0515,inferior_vena_cava,0.91,great_vessel,0.823867555388657,0.8909533060906898,0.7570831816920276,0.9577376797873192,0.6689085922067664,1.0,0.824706916903265
s0515,intervertebral_discs,0.3993,vertebrae,0.7684471932267782,0.8247646240031525,0.7016628195301489,0.8915489976997819,0.7072673488740326,0.8859444683558981,0.8113342243069112
s0515,kidney_left,0.9317,urinary,0.6803622476049964,0.9078436489048374,0.613577873908367,0.9746280226014667,0.5891629405261758,0.999042955983658,0.8461126702372961
s0515,kidney_right,0.7831,urinary,0.7450103512927795,0.865934564476435,0.6782259775961501,0.9327189381730644,0.6538110442139589,0.9571338715552556,0.7969599962738435
s0515,liver,0.9571,solid_abdominal,0.9563108790754123,0.9575914014486242,0.889526505378783,1.0,0.8805135053164178,1.0,0.9405876571485133
s0515,lung_left,0.9657,lung,0.8420751823875863,0.9635452881271243,0.7752908086909569,1.0,0.8216578173885474,0.9839626531261632,0.9723799207689277
s0515,lung_right,0.9673,lung,0.8700371283348558,0.9732852730054257,0.8032527546382264,1.0,0.8496197633358169,0.9937026380044646,0.970418590454793
s0515,pancreas,0.8882,solid_abdominal,0.7514252515149797,0.8709805233997077,0.6846408778183504,0.937764897096337,0.6756278777559852,0.9467778971587022,0.770150894510098
s0515,portal_vein_and_splenic_vein,0.8507,great_vessel,0.6529695879056518,0.7621551788445057,0.5861852142090225,0.828939552541135,0.49801062472376123,0.9171141420263963,0.7312791274299321
s0515,scapula_left,0.6557,shoulder_bone,0.5928803746927314,0.7749261457428113,0.526096000996102,0.8417105194394406,0.07868563773644155,1.0,0.6272122201956952
s0515,scapula_right,0.6546,shoulder_bone,0.6726807435192974,0.7729540385222512,0.605896369822668,0.8397384122188806,0.1584860065630076,1.0,0.7213811368927519
s0515,small_bowel,0.9036,digestive,0.6126432909979913,0.8630267350015812,0.5458589173013619,0.9298111086982106,0.5733215884602693,0.9023484375393033,0.8185727818034338
s0515,spinal_cord,0.8713,neuro,0.8440572719046596,0.872218710956432,0.7772728982080302,0.9390030846530614,0.7977644255756516,0.91851155728544,0.8617242833230997
s0515,spleen,0.9523,solid_abdominal,0.7725677335162318,0.9337343623500686,0.7057833598196024,1.0,0.6967703597572372,1.0,0.860761757835269
s0515,stomach,0.9338,digestive,0.6181632616610896,0.9267018349216102,0.5513788879644602,0.9934862086182396,0.5788415591233675,0.9660235374593322,0.8454943340587947
s0515,vertebrae,0.6486,vertebrae,0.8079699741411013,0.8957751197357343,0.7411856004444719,0.9625594934323637,0.7467901297883557,0.9569549640884799,0.8333786510034255
s0615,brain,0.9721,neuro,0.9043886562901221,0.9630961771406575,0.8384634608569528,1.0,0.8794673844133937,0.988017449017386,0.935519194380612
s0615,spinal_cord,0.3057,neuro,0.5944174501309984,0.8304328943105589,0.5284922546978291,0.8963580897437282,0.56949617825427,0.8553541661872873,0.5905717780549143
s0615,vertebrae,0.4679,vertebrae,0.5886749768384534,0.8313169282589389,0.522749781405284,0.8972421236921082,0.5473348950951608,0.8726570100022315,0.6991021715798913
s0397,brain,0.9137,neuro,0.9366847321103475,0.9582063692095366,0.8394417002395103,1.0,0.9167469072045806,0.9781441941153035,0.9215600632031089
s0397,intervertebral_discs,0.422,vertebrae,0.21554857702362348,0.6979652758267745,0.11830554515278621,0.7952083076976117,0.0,0.9509639967480091,0.4064622346953958
s0397,spinal_cord,0.8168,neuro,0.6380719489634342,0.8436284047467337,0.540828917092597,0.940871436617571,0.6181341240576673,0.8635662296525006,0.7687619102269868
s0397,vertebrae,0.6767,vertebrae,0.42725660894372924,0.7721018561967385,0.330013577072892,0.8693448880675758,0.1742578880224946,1.0,0.637729052359183
s0355,adrenal_gland_left,0.3134,urinary,0.26019841703810515,0.6905675578693264,0.19341404334147577,0.7573519315659558,0.1689991099592845,0.7817668649481471,0.5488899080209905
s0355,adrenal_gland_right,0.7315,urinary,0.2322409208685119,0.6064654659892055,0.16545654717188252,0.6732498396858348,0.14104161378969124,0.6976647730680261,0.4883861238276917
s0355,aorta,0.8563,great_vessel,0.8458429858689608,0.900522343200314,0.7790586121723314,0.9673067168969434,0.6908840226870702,1.0,0.8771310588593856
s0355,autochthon_left,0.9378,muscle,0.8998905725120183,0.941809610384048,0.8331061988153889,1.0,0.8469181724530981,0.9947820104429682,0.9565756436531303
s0355,autochthon_right,0.9368,muscle,0.8987557003219517,0.9478981877291961,0.8319713266253224,1.0,0.8457833002630315,1.0,0.957232289218226
s0355,colon,0.8264,digestive,0.9633142947986123,0.8768588107429005,0.8965299211019829,0.9436431844395299,0.9239925922608903,0.9161805132806226,0.88726800853131
s0355,duodenum,0.6438,digestive,0.4966329937037311,0.7571865745135846,0.4298486200071017,0.823970948210214,0.45731129116600905,0.7965082770513067,0.6034549173793252
s0355,esophagus,0.5935,digestive,0.6345983315439279,0.7677989386720695,0.5678139578472985,0.8345833123686989,0.5952766290062058,0.8071206412097915,0.783154174853981
s0355,gallbladder,0.8494,solid_abdominal,0.365986884872176,0.7691937400905955,0.29920251117554664,0.8359781137872249,0.2901895111131815,0.84499111384959,0.6644829936468785
s0355,gluteus_maximus_left,0.713,muscle,0.3448616822997171,0.8124465076011008,0.2780773086030877,0.8792308812977302,0.29188928224079685,0.865418907660021,0.5063332630199764
s0355,gluteus_medius_left,0.8991,muscle,0.559318455311162,0.8676883772251277,0.4925340816145326,0.9344727509217571,0.5063460552522417,0.9206607772840479,0.9054697194253828
s0355,gluteus_medius_right,0.9166,muscle,0.6248631452567004,0.8751858461150789,0.558078771560071,0.9419702198117083,0.5718907451977802,0.9281582461739991,0.8611736695296057
s0355,heart,0.9144,heart,0.6113548999067685,0.9187630393128661,0.5445705262101391,0.9855474130094954,0.37391327471678193,1.0,0.9199039559491591
s0355,hip_left,0.7047,pelvic_bone,0.7305327198423568,0.8039814655054902,0.6637483461457274,0.8707658392021196,0.6638164946081586,0.8706976907396884,0.7552690777569784
s0355,hip_right,0.7352,pelvic_bone,0.712782694324768,0.8254110555010797,0.6459983206281387,0.8921954291977091,0.6460664690905699,0.8921272807352779,0.7843248074332214
s0355,iliac_artery_left,0.497,great_vessel,0.6491042827462106,0.7749263735239607,0.5823199090495812,0.84171074722059,0.49414531956431995,0.9298853367058513,0.8028218296002095
s0355,iliac_artery_right,0.0,great_vessel,0.48275627639476304,0.6646975119544122,0.41597190269813367,0.7314818856510416,0.3277973132128724,0.8196564751363028,0.4635272596414554
s0355,iliac_vena_left,0.7582,great_vessel,0.6064638747561305,0.8265007528045973,0.5396795010595011,0.8932851265012267,0.4515049115742399,0.981459715986488,0.8073371978416507
s0355,iliac_vena_right,0.7586,great_vessel,0.6555600488771616,0.8255128959279094,0.5887756751805322,0.8922972696245388,0.500601085695271,0.9804718591098001,0.8034787983321897
s0355,iliopsoas_left,0.8876,muscle,0.7868689689615578,0.90609542331703,0.7200845952649284,0.9728797970136593,0.7338965689026375,0.9590678233759502,0.9016012966885235
s0355,iliopsoas_right,0.849,muscle,0.7412895105805044,0.900196874352656,0.674505136883875,0.9669812480492854,0.6883171105215842,0.9531692744115763,0.862374969303341
s0355,inferior_vena_cava,0.845,great_vessel,0.5561662436715065,0.8791187492282139,0.4893818699748771,0.9459031229248432,0.40120728048961585,1.0,0.7781485255187488
s0355,intervertebral_discs,0.7193,vertebrae,0.8612240286083904,0.9092674714231732,0.794439654911761,0.9760518451198026,0.8000441842556448,0.9704473157759188,0.851518077741948
s0355,kidney_left,0.8661,urinary,0.8126300562117407,0.9071600703129669,0.7458456825151113,0.9739444440095962,0.72143074913292,0.9983593773917875,0.8603805306751624
s0355,kidney_right,0.8668,urinary,0.8020965614716511,0.9149153142749856,0.7353121877750217,0.981699687971615,0.7108972543928305,1.0,0.8433980772381205
s0355,liver,0.9562,solid_abdominal,0.8425794847211664,0.947682475792228,0.775795111024537,1.0,0.7667821109621719,1.0,0.9325989185956491
s0355,lung_left,0.8747,lung,0.8038646157994627,0.9117011817173816,0.7370802421028333,0.9784855554140109,0.7834472508004238,0.9321185467164205,0.9119806968032356
s0355,lung_right,0.9584,lung,0.9722513330749455,0.9747377595638583,0.9054669593783161,1.0,0.9518339680759066,0.9951551245628972,0.9385763530673613
s0355,pancreas,0.4419,solid_abdominal,0.5380188894074507,0.8146036454791964,0.4712345157108213,0.8813880191758258,0.46222151564845615,0.8904010192381909,0.6496801245638961
s0355,portal_vein_and_splenic_vein,0.0745,great_vessel,0.1738022365586875,0.5374960768803613,0.10701786286205814,0.6042804505769906,0.018843273376796893,0.6924550400622519,0.23410958239050308
s0355,sacrum,0.3532,pelvic_bone,0.47945405066125624,0.7800557080317351,0.41266967696462686,0.8468400817283644,0.41273782542705806,0.8467719332659333,0.5141528535063102
s0355,small_bowel,0.7541,digestive,0.7469930887446101,0.8685862046186528,0.6802087150479807,0.9353705783152821,0.7076713862068881,0.9079079071563748,0.8086128715171783
s0355,spinal_cord,0.874,neuro,0.8886323329142144,0.906736741473017,0.821847959217585,0.9735211151696463,0.8423394865852064,0.953029587802025,0.896531196368789
s0355,spleen,0.9176,solid_abdominal,0.740783158476806,0.9043720044522036,0.6739987847801766,0.9711563781488329,0.6649857847178114,0.9801693782111981,0.8210313404918993
s0355,stomach,0.8786,digestive,0.8141575194284902,0.9070483763968002,0.7473731457318609,0.9738327500934296,0.7748358168907682,0.9463700789345223,0.8912798905278345
s0355,vertebrae,0.8116,vertebrae,0.8818261376734061,0.911040047844372,0.8150417639767767,0.9778244215410014,0.8206462933206605,0.9722198921971176,0.8507850995208974
s0547,adrenal_gland_left,0.7017,urinary,0.29686480485802996,0.7203479661614308,0.23084856050652508,0.7863642105129357,0.07284961438894555,0.9443631566305153,0.5908521807881729
s0547,adrenal_gland_right,0.8118,urinary,0.23296619071268979,0.6253360817215541,0.1669499463611849,0.691352326073059,0.008951000243605373,0.8493512721906384,0.5288395106052076
s0547,aorta,0.9154,great_vessel,0.8862571399289007,0.9016505450337714,0.8202408955773958,0.9676667893852763,0.7808631804168755,1.0,0.8995168210663409
s0547,autochthon_left,0.8861,muscle,0.8211521196713691,0.9103135493765517,0.7551358753198643,0.9763297937280566,0.7710139170632817,0.9604517519846392,0.8266751045512154
s0547,autochthon_right,0.8882,muscle,0.8081931371221216,0.9088625593605371,0.7421768927706167,0.9748788037120419,0.7580549345140342,0.9590007619686245,0.8125941394443664
s0547,clavicula_left,0.7015,shoulder_bone,0.1855669217805322,0.6305809702877373,0.11955067742902731,0.6965972146392422,0.14785567254917004,0.6682922195190995,0.5081272302634183
s0547,clavicula_right,0.746,shoulder_bone,0.26859798272942803,0.660449102573827,0.20258173837792315,0.7264653469253319,0.23088673349806588,0.6981603518051892,0.5366817692338713
s0547,colon,0.8442,digestive,0.7243988869338828,0.8530340168019058,0.6583826425823779,0.9190502611534107,0.6938898693970567,0.8835430343387319,0.8091668093787859
s0547,duodenum,0.8396,digestive,0.5770128416043311,0.8299213811796391,0.5109965972528262,0.895937625531144,0.546503824067505,0.8604303987164652,0.6589217566914651
s0547,esophagus,0.8007,digestive,0.464110905660887,0.7637202952639567,0.3980946613093821,0.8297365396154616,0.43360188812406086,0.7942293128007828,0.6945047369651319
s0547,gallbladder,0.8858,solid_abdominal,0.5351502787804657,0.7613502761960197,0.46913403442896084,0.8273665205475246,0.41829935665629037,0.878201198320195,0.7046544117949763
s0547,heart,0.9111,heart,0.7977098299107926,0.9183635627213582,0.7316935855592878,0.9843798070728631,0.696244786101748,1.0,0.8448963661592206
s0547,humerus_left,0.8437,shoulder_bone,0.4540458270641618,0.8463823386764965,0.3880295827126569,0.9123985830280014,0.41633457783279965,0.8840935879078586,0.7357800746751639
s0547,humerus_right,0.8281,shoulder_bone,0.6964406305075396,0.8788801257504393,0.6304243861560347,0.9448963701019442,0.6587293812761774,0.9165913749818014,0.8537423439474618
s0547,inferior_vena_cava,0.8235,great_vessel,0.6333323084521976,0.8243135635847687,0.5673160641006927,0.8903298079362736,0.5279383489401724,0.9297075230967938,0.7304546311618074
s0547,intervertebral_discs,0.7962,vertebrae,0.6912423916235972,0.7982326332994558,0.6252261472720924,0.8642488776509607,0.5719495265985685,0.9175254983244846,0.7496850590931752
s0547,kidney_left,0.9196,urinary,0.5238403423915766,0.8353197139769889,0.45782409804007174,0.9013359583284938,0.2998251519224922,1.0,0.8418856258993818
s0547,kidney_right,0.8761,urinary,0.17983140050252253,0.7405154015218114,0.11381515615101764,0.8065316458733163,0.0,0.9645305919908957,0.5983050389274588
s0547,liver,0.9523,solid_abdominal,0.8957955510294953,0.9576623665233195,0.8297793066779904,1.0,0.7789446289053199,1.0,0.9488747705431809
s0547,lung_left,0.9564,lung,0.9016111079165029,0.9528549086791225,0.835594863564998,1.0,0.8788588663248054,0.97560715027082,0.8908191934477843
s0547,lung_right,0.9713,lung,0.9082070528256401,0.9574916846488096,0.8421908084741352,1.0,0.8854548112339425,0.9802439262405072,0.9439342154311712
s0547,pancreas,0.8398,solid_abdominal,0.8864780628847038,0.8919150900553958,0.8204618185331989,0.9579313344069007,0.7696271407605284,1.0,0.8757626776752657
s0547,portal_vein_and_splenic_vein,0.7097,great_vessel,0.3284259547447601,0.7663928912327037,0.2624097103932552,0.8324091355842086,0.22303199523273498,0.8717868507447288,0.6032906866503435
s0547,scapula_left,0.6506,shoulder_bone,0.5039848426212467,0.8292456229950281,0.43796859826974177,0.895261867346533,0.4662735933898845,0.8669568722263903,0.7117985748014025
s0547,scapula_right,0.731,shoulder_bone,0.5501743761108776,0.7901831125200964,0.4841581317593727,0.8561993568716013,0.5124631268795155,0.8278943617514586,0.6402180168443841
s0547,small_bowel,0.8835,digestive,0.5565845158513806,0.8059933038758481,0.4905682714998757,0.872009548227353,0.5260754983145545,0.8365023214126742,0.7274060145210871
s0547,spinal_cord,0.87,neuro,0.7206927484245713,0.8718519273850416,0.6546765040730664,0.9378681717365465,0.5639387970524342,1.0,0.8339917721340416
s0547,spleen,0.9495,solid_abdominal,0.8374997056682919,0.9477124097652156,0.771483461316787,1.0,0.7206487835441165,1.0,0.921971382659242
s0547,stomach,0.8655,digestive,0.7992726864843716,0.92155193085049,0.7332564421328667,0.9875681752019949,0.7687636689475454,0.9520609483873161,0.8793172989827268
s0547,vertebrae,0.8407,vertebrae,0.8140173128208044,0.8254043065275433,0.7480010684692995,0.8914205508790481,0.6947244477957756,0.944697171552572,0.7905919652654917
s0592,aorta,0.7474,great_vessel,0.5980384498930769,0.8600352633702744,0.530492356633116,0.9275813566302352,0.48744901193467377,0.9706247013286775,0.7107537003628968
s0592,autochthon_left,0.8523,muscle,0.7249738435621284,0.9186989400683936,0.6574277503021675,0.9862450333283544,0.6540552811751478,0.9896175024553742,0.8976437892392636
s0592,autochthon_right,0.8178,muscle,0.8862769802812215,0.9186202739269951,0.8187308870212606,0.9861663671869559,0.8153584178942409,0.9895388363139757,0.9189213290908259
s0592,colon,0.4931,digestive,0.13894985805319338,0.5972930629115353,0.07140376479323252,0.6648391561714961,0.0555165907317301,0.6807263302329986,0.2284672003421848
s0592,gluteus_maximus_right,0.0,muscle,6.378556198545661e-20,0.4409532841189407,0.0,0.5084993773789015,0.0,0.5118718465059213,0.12146081840171781
s0592,hip_left,0.5507,pelvic_bone,0.2044452286055993,0.8261251482756695,0.13689913534563844,0.8936712415356304,0.1511639359042198,0.879406440977049,0.6836794522087204
s0592,hip_right,0.3349,pelvic_bone,0.5040974201041815,0.7958810503003589,0.4365513268442206,0.8634271435603198,0.45081612740280197,0.8491623430017384,0.6651909462557057
s0592,iliac_artery_left,0.0,great_vessel,0.0,0.5519635463983843,0.0,0.6195096396583452,0.0,0.6625529843567874,0.1655483283926625
s0592,iliac_artery_right,0.0,great_vessel,0.02115824200127362,0.3801460188281996,0.0,0.44769211208816045,0.0,0.4907354567866027,0.15123844969878072
s0592,iliac_vena_left,0.3029,great_vessel,0.00016515745164688342,0.47931122352917516,0.0,0.546857316789136,0.0,0.5899006614875782,0.07753325432066709
s0592,iliopsoas_left,0.837,muscle,0.5796447532853101,0.8912685792287122,0.5120986600253492,0.958814672488673,0.5087261908983295,0.9621871416156927,0.8661249954369035
s0592,iliopsoas_right,0.8773,muscle,0.6551615998488893,0.875573679638421,0.5876155065889285,0.9431197728983819,0.5842430374619088,0.9464922420254016,0.8025168901412139
s0592,inferior_vena_cava,0.4216,great_vessel,0.3541293834428938,0.7423679167851482,0.28658329018293294,0.8099140100451091,0.2435399454844907,0.8529573547435514,0.5159716600811863
s0592,intervertebral_discs,0.8689,vertebrae,0.589762465945475,0.878056599984574,0.5222163726855141,0.9456026932445348,0.4894060176144702,0.9784130483155787,0.7621257144559451
s0592,sacrum,0.8505,pelvic_bone,0.7880829377133504,0.8927038808207769,0.7205368444533895,0.9602499740807378,0.7348016450119709,0.9459851735221564,0.8486104389611747
s0592,spinal_cord,0.8913,neuro,0.7544468638138874,0.8638910223680795,0.6869007705539265,0.9314371156280403,0.6875457004266388,0.9307921857553281,0.7893829024591995
s0592,vertebrae,0.906,vertebrae,0.7859105225482409,0.8819028733422573,0.71836442928828,0.9494489666022181,0.6855540742172361,0.982259321673262,0.8310672196981541
s0293,adrenal_gland_left,0.6494,urinary,0.21322538734928925,0.6485588507405519,0.11598235547845198,0.7458018826113891,0.0,0.8687490920073562,0.5145461188094516
s0293,adrenal_gland_right,0.5699,urinary,0.0735576324363255,0.5336463764322935,0.0,0.6308894083031308,0.0,0.7538366176990978,0.4084728888488132
s0293,aorta,0.8227,great_vessel,0.7049712788084578,0.8194224940429982,0.6077282469376205,0.9166655259138354,0.5553339977958779,0.969059775055578,0.8030200354619142
s0293,autochthon_left,0.9396,muscle,0.883707299998041,0.9224997536813101,0.7864642681272037,1.0,0.8115141840972437,0.9946928695821073,0.9147662686901451
s0293,autochthon_right,0.9408,muscle,0.8716447450592906,0.921369544540162,0.7744017131884533,1.0,0.7994516291584932,0.9935626604409593,0.9073409735516181
s0293,colon,0.8157,digestive,0.37242482286411055,0.7172525969208645,0.2751817909932733,0.8144956287917018,0.29443498533230744,0.7952424344526676,0.520362138259865
s0293,duodenum,0.5757,digestive,0.4358983113962074,0.7201010450314307,0.3386552795253701,0.817344076902268,0.3579084738644043,0.7980908825632338,0.7741222910968738
s0293,esophagus,0.73,digestive,0.40759277406574757,0.7585724150474076,0.3103497421949103,0.8558154469182448,0.32960293653394446,0.8365622525792107,0.7365403897469713
s0293,gallbladder,0.5723,solid_abdominal,0.21208614756533337,0.7143506068365266,0.1148431156944961,0.8115936387073639,0.06997414198430571,0.8564626124175543,0.6323510845035973
s0293,heart,0.9323,heart,0.8017586979878459,0.9129216334902942,0.7045156661170087,1.0,0.7045156661170087,1.0,0.9090142760182359
s0293,iliopsoas_left,0.7476,muscle,0.6620641270129755,0.8006444594046587,0.5648210951421382,0.8978874912754959,0.5898710111121781,0.872837575305456,0.7922739058897748
s0293,iliopsoas_right,0.5736,muscle,0.3436215630149635,0.6956464596711658,0.24637853114412622,0.792889491542003,0.2714284471141662,0.7678395755719631,0.5224286235878189
s0293,inferior_vena_cava,0.8267,great_vessel,0.5799802641491456,0.8067432844018723,0.48273723227830834,0.9039863162727095,0.4303429831365657,0.9563805654144522,0.7776884874792063
s0293,intervertebral_discs,0.7873,vertebrae,0.7240265409885231,0.8081859663278298,0.6267835091176859,0.9054289981986671,0.4710278200672885,1.0,0.7835487571495063
s0293,kidney_left,0.863,urinary,0.8420775233217133,0.8548366001112725,0.744834491450876,0.9520796319821098,0.621887282054909,1.0,0.8491345968180813
s0293,kidney_right,0.7897,urinary,0.7814398485082865,0.8602584444977224,0.6841968166374492,0.9575014763685596,0.5612496072414822,1.0,0.8345115250151351
s0293,liver,0.8878,solid_abdominal,0.701697604654927,0.9181255771905353,0.6044545727840898,1.0,0.5595855990738994,1.0,0.8723625160465492
s0293,lung_left,0.9477,lung,0.9123136708753689,0.9469180363406152,0.8150706390045316,1.0,0.7385671617006865,1.0,0.9435757743992352
s0293,lung_right,0.9575,lung,0.9475818736481342,0.9543965975815548,0.8503388417772969,1.0,0.7738353644734518,1.0,0.9334341633543185
s0293,pancreas,0.5089,solid_abdominal,0.4705844116115504,0.7438897792365818,0.37334137974071313,0.8411328111074191,0.32847240603052275,0.8860017848176095,0.5611914094293625
s0293,portal_vein_and_splenic_vein,0.2925,great_vessel,0.04976655860523503,0.2885656949076699,0.0,0.3858087267785072,0.0,0.4382029759202498,0.06449026843973442
s0293,small_bowel,0.631,digestive,0.47604321462461274,0.776802293356834,0.37880018275377547,0.8740453252276713,0.39805337709280963,0.8547921308886371,0.7766861217985217
s0293,spinal_cord,0.8447,neuro,0.651024915497758,0.8614414993489428,0.5537818836269207,0.95868453121978,0.6310870905919911,0.8813793242547097,0.7987343952917876
s0293,spleen,0.8241,solid_abdominal,0.4462018078864595,0.8359412554421667,0.34895877601562225,0.933184287313004,0.30408980230543187,0.9780532610231943,0.7631905142519503
s0293,stomach,0.8737,digestive,0.4797171524270261,0.8217421766882199,0.38247412055618885,0.9189852085590572,0.401727314895223,0.899732014220023,0.6417192596951141
s0293,vertebrae,0.8597,vertebrae,0.7918746373782342,0.823417566743725,0.6946316055073969,0.9206605986145623,0.5388759164569995,1.0,0.809579538579011
s0280,colon,0.0577,digestive,0.272220527113876,0.5010915446147977,0.20543615341724664,0.567875918311427,0.23289882457615396,0.5404132471525197,0.46271485241634747
s0280,femur_left,0.897,pelvic_bone,0.6874923108679651,0.9093268641573251,0.6207079371713358,0.9761112378539545,0.620776085633767,0.9760430893915233,0.8941025047878738
s0280,femur_right,0.9043,pelvic_bone,0.8040773644122808,0.9198049952420104,0.7372929907156515,0.9865893689386398,0.7373611391780827,0.9865212204762086,0.861254432829683
s0280,gluteus_maximus_left,0.8913,muscle,0.7793859708619127,0.9007231924994548,0.7126015971652834,0.9675075661960841,0.7264135708029925,0.953695592558375,0.8659214968382262
s0280,gluteus_maximus_right,0.8778,muscle,0.8157641815859378,0.9070988492655099,0.7489798078893084,0.9738832229621393,0.7627917815270175,0.9600712493244301,0.8585220493868624
s0280,hip_left,0.8087,pelvic_bone,0.4297629250990809,0.6961064893195305,0.3629785514024515,0.7628908630161598,0.3630466998648827,0.7628227145537286,0.5245843757278331
s0280,hip_right,0.8081,pelvic_bone,0.790360200665285,0.8548597477331948,0.7235758269686556,0.9216441214298242,0.7236439754310868,0.921575972967393,0.8199962306289197
s0280,iliac_artery_left,0.8,great_vessel,8.900611934638585e-20,0.11774150890412893,0.0,0.1845258826007583,0.0,0.27270047208601955,0.007809417843608715
s0280,iliac_artery_right,0.7455,great_vessel,0.05789080692364078,0.36031086926468153,0.0,0.4270952429613109,0.0,0.5152698324465721,0.21014219641958948
s0280,iliac_vena_left,0.7011,great_vessel,0.053027288088673644,0.25151192340297207,0.0,0.31829629709960144,0.0,0.4064708865848627,0.10898806992202827
s0280,iliac_vena_right,0.6641,great_vessel,0.03158046875433782,0.34256241597234116,0.0,0.40934678966897053,0.0,0.4975213791542318,0.17671734946136203
s0280,iliopsoas_left,0.6433,muscle,0.28731188986158096,0.7432865360048128,0.2205275161649516,0.8100709097014421,0.23433948980266073,0.796258936063733,0.7284953664266058
s0280,iliopsoas_right,0.6091,muscle,0.4309593846958145,0.8122798181282199,0.36417501099918514,0.8790641918248493,0.3779869846368943,0.8652522181871402,0.7909263974615734
s0280,prostate,0.2454,reproductive,0.6084469219017652,0.6218799644862907,0.5416625482051358,0.68866433818292,0.5416625482051358,0.68866433818292,0.6265064369748831
s0280,urinary_bladder,0.0,urinary,0.13186258709800025,0.3766269624101464,0.06507821340137088,0.4434113361067758,0.0406632800191796,0.4678262694889671,0.18056850684751893
s0385,aorta,0.0,great_vessel,0.19401755986394936,0.5019919332380824,0.12809236443078004,0.5679171286712518,0.043432678892609766,0.652576814209422,0.11323536682271572
s0385,autochthon_left,0.0,muscle,0.3077853651511021,0.7804436909072401,0.24186016971793278,0.8463688863404094,0.237566766527045,0.8506622895312972,0.6431526545186924
s0385,autochthon_right,0.0,muscle,0.3353139592916602,0.8132639457840982,0.26938876385849087,0.8791891412172675,0.2650953606676031,0.8834825444081553,0.7255552517519178
s0385,intervertebral_discs,0.799,vertebrae,0.6427881683446134,0.8347064106279096,0.5768629729114441,0.900631606061079,0.6014480866013208,0.8760464923712022,0.8126926437095257
s0385,lung_left,0.0,lung,6.039594296773565e-20,0.3873006105371127,0.0,0.453225805970282,0.0,0.43953020802217135,0.0
s0385,spinal_cord,0.8672,neuro,0.7288859540246785,0.8561750399141657,0.6629607585915092,0.922100235347335,0.70396468214795,0.8810963117908941,0.8478424680895188
s0385,vertebrae,0.8571,vertebrae,0.8005620438891843,0.9042956138138782,0.734636848456015,0.9702208092470476,0.7592219621458917,0.9456356955571709,0.8538892143138062
s0594,brain,0.9773,neuro,0.8415164718479868,0.96706307773944,0.7747320981513575,1.0,0.7952236255189788,1.0,0.9447024747703087
s0594,intervertebral_discs,0.6294,vertebrae,0.5039966888946951,0.7494653932529521,0.4372123151980657,0.8162497669495815,0.4428168445419495,0.8106452376056977,0.5220183511667431
s0594,spinal_cord,0.7937,neuro,0.7314648555637686,0.8200292810357394,0.6646804818671392,0.8868136547323687,0.6851720092347606,0.8663221273647473,0.8184546625826566
s0594,vertebrae,0.7012,vertebrae,0.5127166751035812,0.8146903486454383,0.44593230140695184,0.8814747223420677,0.4515368307508356,0.8758701929981839,0.6783169303502713
s0287,adrenal_gland_left,0.4325,urinary,0.2617696902887757,0.6039543070660499,0.19575344593727084,0.6699705514175548,0.03775449981969131,0.8279694975351344,0.5052229986609696
s0287,adrenal_gland_right,0.5156,urinary,0.13483367490311954,0.5340549422939193,0.06881743055161466,0.6000711866454241,0.0,0.7580701327630037,0.28056237138094026
s0287,aorta,0.6058,great_vessel,0.44784913532291276,0.7750206331760553,0.3818328909714079,0.8410368775275602,0.34245517581088764,0.8804145926880804,0.7051696334109593
s0287,autochthon_left,0.9339,muscle,0.9103424480500766,0.9299690900700549,0.8443262036985717,0.9959853344215598,0.8602042454419891,0.9801072926781423,0.9346809373873797
s0287,autochthon_right,0.9365,muscle,0.9175076609658341,0.9273382948195797,0.8514914166143293,0.9933545391710846,0.8673694583577467,0.9774764974276672,0.9200736717372657
s0287,colon,0.7172,digestive,0.7461783504196724,0.8831508365378999,0.6801621060681675,0.9491670808894048,0.7156693328828463,0.913659854074726,0.8334634721429143
s0287,duodenum,0.6036,digestive,0.16906724763004619,0.574556208733287,0.1030510032785413,0.6405724530847919,0.13855823009322007,0.6050652262701132,0.375147220619829
s0287,esophagus,0.4442,digestive,0.2064593266122162,0.7376688214881256,0.1404430822607113,0.8036850658396305,0.17595030907539008,0.7681778390249517,0.7006287819634819
s0287,gallbladder,0.3585,solid_abdominal,0.04382747665437093,0.605841124421572,0.0,0.6718573687730769,0.0,0.7226920465457474,0.5257893346781252
s0287,heart,0.8309,heart,0.19462138673452906,0.727249576995779,0.12860514238302417,0.7932658213472839,0.09315634292548441,0.8287146208048236,0.4227993096208685
s0287,hip_right,0.6052,pelvic_bone,0.07965078103337203,0.6612422669698305,0.013634536681867149,0.7272585113213353,0.0,0.7484825297042768,0.44546648289727175
s0287,humerus_left,0.6813,shoulder_bone,0.1940276725262321,0.7517710744486711,0.12801142817472722,0.817787318800176,0.15631642329486994,0.7894823236800332,0.6849839237891485
s0287,humerus_right,0.6926,shoulder_bone,0.43048908072562325,0.7708871705895293,0.36447283637411837,0.8369034149410342,0.3927778314942611,0.8085984198208914,0.6172124866620341
s0287,iliac_artery_left,0.7902,great_vessel,0.25467503859755003,0.7558685873659942,0.18865879424604515,0.821884831717499,0.1492810790855249,0.8612625468780193,0.723693330199552
s0287,iliac_artery_right,0.5304,great_vessel,0.2533024356541999,0.7074378325253374,0.18728619130269503,0.7734540768768423,0.14790847614217478,0.8128317920373626,0.6948119285593776
s0287,iliac_vena_left,0.4706,great_vessel,0.03891990298848784,0.7374001457023216,0.0,0.8034163900538265,0.0,0.8427941052143467,0.0927322063951533
s0287,iliac_vena_right,0.6227,great_vessel,0.18994751610471722,0.7352590358109158,0.12393127175321234,0.8012752801624207,0.08455355659269209,0.8406529953229409,0.630322896131378
s0287,iliopsoas_left,0.7298,muscle,0.6366655721921765,0.8284626458857784,0.5706493278406716,0.8944788902372833,0.586527369584089,0.8786008484938659,0.7487036741985117
s0287,iliopsoas_right,0.7369,muscle,0.7042738222029844,0.8570001184581145,0.6382575778514795,0.9230163628096194,0.654135619594897,0.907138321066202,0.7874720122803104
s0287,inferior_vena_cava,0.8229,great_vessel,0.6649457874644866,0.8766020656781321,0.5989295431129817,0.942618310029637,0.5595518279524615,0.9819960251901573,0.7910935537649219
s0287,intervertebral_discs,0.8133,vertebrae,0.6827487704480316,0.7903956727276592,0.6167325260965267,0.8564119170791641,0.5634559054230028,0.909688537752688,0.7751806325303829
s0287,kidney_left,0.8544,urinary,0.7213882603790133,0.8736910223799139,0.6553720160275084,0.9397072667314188,0.49737306990992886,1.0,0.733643426435109
s0287,kidney_right,0.8614,urinary,0.8057419614274945,0.8689709880883839,0.7397257170759897,0.9349872324398888,0.5817267709584102,1.0,0.7104312656109901
s0287,liver,0.9309,solid_abdominal,0.8883124457735853,0.9352336421067061,0.8222962014220804,1.0,0.7714615236494099,1.0,0.9064161392210784
s0287,lung_left,0.9371,lung,0.9150376063705468,0.9253877328357127,0.8490213620190419,0.9914039771872176,0.8922853647788492,0.9481399744274103,0.9241184097020644
s0287,lung_right,0.9406,lung,0.8412655865085762,0.9101832766811312,0.7752493421570713,0.9761995210326361,0.8185133449168787,0.9329355182728287,0.844981603925609
s0287,pancreas,0.3283,solid_abdominal,0.5498297565269155,0.7461916410228606,0.4838135121754106,0.8122078853743655,0.4329788344027401,0.863042563147036,0.6192304608373261
s0287,portal_vein_and_splenic_vein,0.7196,great_vessel,0.3704912215616161,0.6437246204478371,0.30447497721011124,0.709740864799342,0.265097262049591,0.7491185799598622,0.5428633880733161
s0287,small_bowel,0.4648,digestive,0.6246723993186031,0.8172957555355082,0.5586561549670982,0.883311999887013,0.594163381781777,0.8478047730723343,0.6857645540103138
s0287,spinal_cord,0.8728,neuro,0.8081158902709247,0.8739144662299952,0.7420996459194198,0.9399307105815001,0.6513619388987876,1.0,0.8602739640745044
s0287,spleen,0.8304,solid_abdominal,0.6911255503316793,0.8733049962210693,0.6251093059801744,0.9393212405725742,0.574274628207504,0.9901559183452446,0.752805946329587
s0287,stomach,0.814,digestive,0.8102032522643214,0.8970214016311902,0.7441870079128166,0.963037645982695,0.7796942347274953,0.9275304191680163,0.8125244842313369
s0287,vertebrae,0.8695,vertebrae,0.6887642266595747,0.8395080244472349,0.6227479823080698,0.9055242687987398,0.5694713616345459,0.9588008894722637,0.8407328214988504
s0027,brain,0.9609,neuro,0.9263737991372555,0.9748676952573683,0.8588277058772946,1.0,0.8594726357500069,1.0,0.9885086585418491
s0027,spinal_cord,0.6059,neuro,0.6907723048495824,0.8313559161026632,0.6232262115896215,0.8989020093626241,0.6238711414623338,0.8982570794899118,0.7972107403055197
s0027,vertebrae,0.0,vertebrae,0.1328749054499604,0.4769985386623281,0.06532881218999953,0.544544631922289,0.032518457118955624,0.5773549869933329,0.26827976152811817
s0031,adrenal_gland_left,0.5866,urinary,0.5147973011834822,0.6971492834181581,0.44725120792352135,0.7646953766781189,0.40895311452430894,0.8029934700773314,0.5821475484825468
s0031,adrenal_gland_right,0.3861,urinary,0.05693920000000004,0.5439999285528854,0.0,0.6115460218128462,0.0,0.6498441152120586,0.16059625748638626
s0031,aorta,0.8799,great_vessel,0.8234822493165477,0.8689924332371148,0.7559361560565868,0.9365385264970757,0.7128928113581445,0.979581871195518,0.822566186252102
s0031,autochthon_left,0.9195,muscle,0.9007759980496984,0.9356261507200749,0.8332299047897376,1.0,0.8298574356627179,1.0,0.94797848086743
s0031,autochthon_right,0.9277,muscle,0.8828307987863129,0.9324207371496295,0.815284705526352,0.9999668304095903,0.8119122363993323,1.0,0.9126518901493411
s0031,colon,0.7536,digestive,0.7124936618469732,0.873089618654618,0.6449475685870123,0.9406357119145788,0.6290603945255099,0.9565228859760813,0.7661709828988549
s0031,duodenum,0.7427,digestive,0.318876779808333,0.6967470948104257,0.25133068654837215,0.7642931880703866,0.23544351248686973,0.780180362131889,0.49349069968095743
s0031,esophagus,0.8113,digestive,0.8336275187129117,0.7860261543788776,0.7660814254529509,0.8535722476388384,0.7501942513914485,0.8694594217003409,0.790713977197115
s0031,gallbladder,0.4285,solid_abdominal,0.12645070343995035,0.7150553355581142,0.05890461017998949,0.782601428818075,0.0,0.9112803713921797,0.325429733247493
s0031,heart,0.965,heart,0.8678201395425583,0.9266237025408199,0.8002740462825975,0.9941697958007808,0.8002740462825975,0.9941697958007808,0.9127143547608364
s0031,iliopsoas_left,0.8056,muscle,0.6673799612554968,0.763796690888203,0.599833867995536,0.8313427841481639,0.5964613988685162,0.8347152532751836,0.8045445000911162
s0031,iliopsoas_right,0.8211,muscle,0.6536467941678253,0.794325087422431,0.5861007009078645,0.8618711806823919,0.5827282317808448,0.8652436498094116,0.7739079755609416
s0031,inferior_vena_cava,0.8208,great_vessel,0.7588919592987856,0.8739808142291384,0.6913458660388248,0.9415269074890993,0.6483025213403826,0.9845702521875415,0.8272998795996204
s0031,intervertebral_discs,0.6666,vertebrae,0.6749853561441926,0.7575254537505002,0.6074392628842318,0.825071547010461,0.5746289078131879,0.8578819020815049,0.7331093350096914
s0031,kidney_left,0.8995,urinary,0.8266512780211576,0.9182403445878864,0.7591051847611967,0.9857864378478473,0.7208070913619843,1.0,0.8953346554664661
s0031,kidney_right,0.8929,urinary,0.7999920609653696,0.9180384428807212,0.7324459677054087,0.9855845361406821,0.6941478743061963,1.0,0.870796789417796
s0031,liver,0.9265,solid_abdominal,0.8829858153146465,0.9247870692077222,0.8154397220546856,0.9923331624676831,0.686760779480581,1.0,0.9181209774209352
s0031,lung_left,0.9546,lung,0.9217709442548313,0.9329772276208251,0.8542248509948704,1.0,0.8948112889349467,0.9599368829407098,0.9260061864327672
s0031,lung_right,0.9515,lung,0.9027752526220478,0.9255753503233327,0.835229159362087,0.9931214435832936,0.8758155973021632,0.9525350056432174,0.9079717687537611
s0031,pancreas,0.6467,solid_abdominal,0.6510920887886718,0.8246657679847728,0.5835459955287109,0.8922118612447336,0.4548670529546063,1.0,0.6775671919591794
s0031,portal_vein_and_splenic_vein,0.6351,great_vessel,0.1319147466306778,0.531619726863176,0.06436865337071693,0.5991658201231369,0.021325308672274695,0.6422091648215791,0.40178532816722445
s0031,small_bowel,0.7463,digestive,0.6993177068380545,0.8628371041991603,0.6317716135780936,0.9303831974591211,0.6158844395165912,0.9462703715206235,0.8132833328740674
s0031,spinal_cord,0.8838,neuro,0.8185928248078754,0.8758668849500649,0.7510467315479146,0.9434129782100258,0.7516916614206268,0.9427680483373135,0.8193400616136806
s0031,spleen,0.9263,solid_abdominal,0.8404153701551702,0.9209300407118315,0.7728692768952093,0.9884761339717923,0.6441903343211047,1.0,0.8610353272760884
s0031,stomach,0.5511,digestive,0.6216070123422637,0.844325039605082,0.5540609190823028,0.9118711328650428,0.5381737450208004,0.9277583069265453,0.7209506147483968
s0031,vertebrae,0.8308,vertebrae,0.8044655291876266,0.8592343934848372,0.7369194359276657,0.9267804867447981,0.7041090808566218,0.959590841815842,0.8469347150430478
s0414,aorta,0.185,great_vessel,0.17922479204416852,0.5983305937717311,0.08198176017333125,0.6955736256425684,0.02958751103158863,0.747967874784311,0.4049056979615092
s0414,autochthon_left,0.443,muscle,0.15549600042159006,0.6383959828833193,0.05825296855075279,0.7356390147541566,0.08330288452079276,0.7105890987841166,0.30309997662379295
s0414,autochthon_right,0.0253,muscle,0.08484764897576912,0.5537011058567475,0.0,0.6509441377275847,0.012654533074971816,0.6258942217575447,0.10023068309678758
s0414,esophagus,0.3294,digestive,0.049508720815932564,0.502249690337452,0.0,0.5994927222082893,0.0,0.5802395278692551,0.24363378992397342
s0414,intervertebral_discs,0.7147,vertebrae,0.382406848133353,0.7424675680081351,0.28516381626251575,0.8397105998789723,0.12940812721211836,0.9954662889293697,0.6739131051358183
s0414,lung_right,0.1355,lung,0.006571045153743703,0.5048094770515426,0.0,0.6020525089223798,0.0,0.6785559862262249,0.05429922534561941
s0414,spinal_cord,0.8629,neuro,0.7207018874463427,0.8307929295975849,0.6234588555755054,0.9280359614684222,0.7007640625405758,0.8507307545033518,0.7887278308730443
s0414,vertebrae,0.8299,vertebrae,0.7517972788046149,0.839129773985214,0.6545542469337776,0.9363728058560513,0.49879855788338023,1.0,0.8145901487386769
s0056,femur_left,0.7736,pelvic_bone,0.8230498718836775,0.939967110321285,0.7570336275321726,1.0,0.7358096091492312,1.0,0.7635881141847739
s0016,adrenal_gland_left,0.1858,urinary,0.4284052561016202,0.5410180612717319,0.36085916284165936,0.6085641545316928,0.32256106944244695,0.6468622479309052,0.5573078124516466
s0016,adrenal_gland_right,0.8149,urinary,0.19901127131241092,0.6645984506468902,0.13146517805245006,0.732144543906851,0.09316708465323764,0.7704426373060634,0.44731702439146326
s0016,aorta,0.8903,great_vessel,0.8180263887051009,0.8544297209663896,0.75048029544514,0.9219758142263504,0.7074369507466978,0.9650191589247927,0.8348564065850044
s0016,autochthon_left,0.9488,muscle,0.938744125629128,0.9376749471103275,0.8711980323691672,1.0,0.8678255632421474,1.0,0.9516913804148961
s0016,autochthon_right,0.9494,muscle,0.9218669345644268,0.9379418656546552,0.854320841304466,1.0,0.8509483721774462,1.0,0.9352203185621814
s0016,colon,0.7869,digestive,0.6715061103260562,0.9119051910757124,0.6039600170660954,0.9794512843356733,0.588072843004593,0.9953384583971757,0.8043802335545948
s0016,duodenum,0.38,digestive,0.40726592292149755,0.7178133613006997,0.3397198296615367,0.7853594545606606,0.32383265560003427,0.801246628622163,0.498116526534109
s0016,esophagus,0.5585,digestive,0.2626190066104064,0.6187079366715292,0.19507291335044552,0.6862540299314901,0.1791857392889431,0.7021412039929925,0.3787256795678573
s0016,gallbladder,0.6389,solid_abdominal,0.5850163994890452,0.7797946859467867,0.5174703062290843,0.8473407792067476,0.3887913636549797,0.9760197217808522,0.5879790438664939
s0016,gluteus_medius_left,0.7773,muscle,0.07894020502545039,0.6329471379443063,0.011394111765489531,0.7004932312042672,0.008021642638469814,0.7038657003312869,0.615569646062051
s0016,gluteus_medius_right,0.0,muscle,0.05693920000000004,0.5479438413688092,0.0,0.6154899346287701,0.0,0.6188624037557898,0.07595357789521488
s0016,heart,0.4846,heart,0.6757108277944051,0.8986803322705884,0.6081647345344442,0.9662264255305493,0.6081647345344442,0.9662264255305493,0.7504863053562243
s0016,hip_left,0.7125,pelvic_bone,0.1375408560965423,0.6812653296759796,0.06999476283658143,0.7488114229359405,0.0842595633951628,0.7345466223773591,0.46578972745595815
s0016,hip_right,0.558,pelvic_bone,0.0,0.5012178409053297,0.0,0.5687639341652906,0.0,0.5544991336067092,0.2524806943752876
s0016,iliac_artery_left,0.8189,great_vessel,0.47243562444937726,0.7847589658759487,0.4048895311894164,0.8523050591359096,0.36184618649097416,0.8953484038343518,0.6422102696609499
s0016,iliac_artery_right,0.6964,great_vessel,0.3201205073641944,0.7267682164297815,0.25257441410423354,0.7943143096897424,0.2095310694057913,0.8373576543881847,0.7055429714050316
s0016,iliac_vena_left,0.4444,great_vessel,0.05693920000000004,0.5557592793921889,0.0,0.6233053726521498,0.0,0.666348717350592,0.16551038469214574
s0016,iliac_vena_right,0.7368,great_vessel,0.05693920000000004,0.5858096162255123,0.0,0.6533557094854732,0.0,0.6963990541839153,0.41464448503875395
s0016,iliopsoas_left,0.663,muscle,0.854486166254299,0.9112464162158888,0.7869400729943381,0.9787925094758496,0.7835676038673184,0.9821649786028693,0.9188994001350169
s0016,iliopsoas_right,0.7087,muscle,0.8421625549287265,0.8918888525692057,0.7746164616687656,0.9594349458291666,0.7712439925417459,0.9628074149561863,0.8892233341519244
s0016,inferior_vena_cava,0.8034,great_vessel,0.8170829671421681,0.8585564901898738,0.7495368738822072,0.9261025834498346,0.7064935291837651,0.9691459281482768,0.8579931296942555
s0016,intervertebral_discs,0.805,vertebrae,0.7116289521394339,0.8394723997526277,0.644082858879473,0.9070184930125885,0.6112725038084291,0.9398288480836324,0.8068892717198491
s0016,kidney_left,0.6618,urinary,0.8459902127124753,0.9057310793073252,0.7784441194525145,0.9732771725672861,0.740146026053302,1.0,0.8598309286672907
s0016,kidney_right,0.7937,urinary,0.8547104641633698,0.9192354955419001,0.787164370903409,0.986781588801861,0.7488662775041965,1.0,0.9224753270664483
s0016,liver,0.9403,solid_abdominal,0.7859136591471463,0.953635088669133,0.7183675658871854,1.0,0.5896886233130808,1.0,0.9104985598883142
s0016,lung_left,0.7418,lung,0.6381570105490832,0.8279700894765573,0.5706109172891224,0.8955161827365181,0.6111973552291986,0.8549297447964419,0.7647241666191816
s0016,lung_right,0.9371,lung,0.8949326601065567,0.9382903999320026,0.8273865668465958,1.0,0.867973004786672,0.9652500552518872,0.9247111934977502
s0016,pancreas,0.5734,solid_abdominal,0.5559449471181264,0.8454497508291967,0.4883988538581655,0.9129958440891576,0.3597199112840609,1.0,0.6342459637922607
s0016,portal_vein_and_splenic_vein,0.6254,great_vessel,0.196478674319484,0.64340771509438,0.12893258105952313,0.7109538083543409,0.0858892363610809,0.7539971530527831,0.4208413719305357
s0016,small_bowel,0.7461,digestive,0.6126343030998675,0.8673563287089162,0.5450882098399067,0.9349024219688771,0.5292010357784043,0.9507895960303795,0.7219295699714073
s0016,spinal_cord,0.8684,neuro,0.8522387721249175,0.869865310880114,0.7846926788649566,0.9374114041400748,0.7853376087376689,0.9367664742673626,0.8582494095420187
s0016,spleen,0.8011,solid_abdominal,0.8461320433034897,0.9291569347900247,0.7785859500435288,0.9967030280499856,0.6499070074694242,1.0,0.9107257470905286
s0016,stomach,0.5573,digestive,0.5237732638261126,0.8358220386491665,0.4562271705661517,0.9033681319091273,0.4403399965046493,0.9192553059706298,0.6644815530985174
s0016,vertebrae,0.8609,vertebrae,0.8249518186467344,0.8874797821547467,0.7574057253867735,0.9550258754147075,0.7245953703157296,0.9878362304857514,0.862193560072034
s0145,clavicula_right,0.6099,shoulder_bone,0.2030314638096593,0.7753657531716381,0.13710626837648998,0.8412909486048075,0.16138634892395876,0.8170108680573387,0.48090612489652895
s0145,femur_right,0.0,pelvic_bone,0.23884200114018714,0.7899383801061222,0.1729168057070178,0.8558635755392915,0.16683776488560761,0.8619426163607017,0.6920216668888245
s0145,humerus_right,0.6738,shoulder_bone,0.772784641188465,0.8744366854349166,0.7068594457552957,0.9403618808680859,0.7311395263027645,0.9160818003206171,0.8343496120237545
s0145,scapula_left,0.0,shoulder_bone,6.039594296773565e-20,0.2876572213684611,0.0,0.35358241680163044,0.0,0.32930233625416166,0.008727883320184683
s0145,scapula_right,0.5076,shoulder_bone,0.24516379598623403,0.7862573030540722,0.1792386005530647,0.8521824984872415,0.20351868110053348,0.8279024179397727,0.5660652591410531
s0216,adrenal_gland_left,0.5421,urinary,0.41781314298158273,0.7513525436469805,0.32057011111074546,0.8485955755178177,0.19762290171477842,0.9715427849137848,0.524062559390249
s0216,adrenal_gland_right,0.3657,urinary,0.23797711693086945,0.6777964433497968,0.14073408506003218,0.7750394752206341,0.017786875664065144,0.8979866846166011,0.41144968592376835
s0216,aorta,0.8753,great_vessel,0.6683629220244104,0.837931404329506,0.5711198901535731,0.9351744362003432,0.5187256410118305,0.9875686853420859,0.7722568916087956
s0216,autochthon_left,0.9283,muscle,0.846648618859781,0.8868741431237233,0.7494055869889438,0.9841171749945605,0.7744555029589837,0.9590672590245206,0.9033844155321035
s0216,autochthon_right,0.9342,muscle,0.8533125034425977,0.8899330165742156,0.7560694715717604,0.9871760484450529,0.7811193875418003,0.962126132475013,0.889276960773213
s0216,colon,0.6729,digestive,0.4573162592032588,0.8335258291639556,0.36007322733242153,0.9307688610347928,0.3793264216714557,0.9115156666957587,0.7023287282904997
s0216,duodenum,0.5685,digestive,0.6370360649717911,0.8064365225942379,0.5397930331009538,0.9036795544650752,0.559046227439988,0.884426360126041,0.8033798279907196
s0216,esophagus,0.7659,digestive,0.5998383954122111,0.8088977424195576,0.5025953635413738,0.9061407742903949,0.521848557880408,0.8868875799513607,0.7288574215727894
s0216,gallbladder,0.0,solid_abdominal,0.0510878129663666,0.6557523270653122,0.0,0.7529953589361494,0.0,0.7978643326463398,0.4263636841746704
s0216,gluteus_maximus_left,0.5027,muscle,0.6296745945029183,0.8619863879911597,0.532431562632081,0.959229419861997,0.5574814786021209,0.9341795038919569,0.7978206865364511
s0216,gluteus_maximus_right,0.6469,muscle,0.6519249742929116,0.8618150107950384,0.5546819424220744,0.9590580426658757,0.5797318583921143,0.9340081266958358,0.8116426283291204
s0216,gluteus_medius_left,0.888,muscle,0.6482295881591537,0.8936236824096916,0.5509865562883164,0.9908667142805289,0.5760364722583564,0.9658167983104888,0.7815272056900355
s0216,gluteus_medius_right,0.8723,muscle,0.7146262865740859,0.8749216185701838,0.6173832547032486,0.9721646504410211,0.6424331706732886,0.9471147344709812,0.8586136704232635
s0216,gluteus_minimus_left,0.8196,muscle,0.46422338505300986,0.8216962679242222,0.3669803531821726,0.9189392997950595,0.39203026915221256,0.8938893838250195,0.7311776099413758
s0216,gluteus_minimus_right,0.7589,muscle,0.5493149420761764,0.8151248897686109,0.4520719102053391,0.9123679216394481,0.47712182617537907,0.8873180056694081,0.7503538982098229
s0216,heart,0.9192,heart,0.8704451580525596,0.9215183638554613,0.7732021261817223,1.0,0.7732021261817223,1.0,0.8921229231276336
s0216,hip_left,0.8427,pelvic_bone,0.6149422167284609,0.8133579574306528,0.5176991848576237,0.91060098930149,0.5644212424322679,0.8638789317268458,0.7681310105630786
s0216,hip_right,0.8681,pelvic_bone,0.7753626550264567,0.8203824337446377,0.6781196231556195,0.917625465615475,0.7248416807302637,0.8709034080408308,0.7929343143549296
s0216,humerus_left,0.792,shoulder_bone,0.2208811089833857,0.6873805612016404,0.12363807711254843,0.7846235930724776,0.23228731555850318,0.6759743546265229,0.41898930600830075
s0216,humerus_right,0.5283,shoulder_bone,0.24679046829503323,0.6750760956372199,0.14954743642419596,0.7723191275080572,0.25819667487015074,0.6636698890621024,0.5089938608062611
s0216,iliac_artery_right,0.1283,great_vessel,0.14933234465298661,0.6111301066212802,0.052089312782149344,0.7083731384921175,0.0,0.7607673876338601,0.5447258334219109
s0216,iliac_vena_left,0.3546,great_vessel,0.29863078659399783,0.7031520813206729,0.20138775472316056,0.8003951131915101,0.14899350558141794,0.8527893623332528,0.5080472301886533
s0216,iliac_vena_right,0.4269,great_vessel,0.3185785840886496,0.7797377605059594,0.22133555221781231,0.8769807923767967,0.1689413030760697,0.9293750415185393,0.5506379452225993
s0216,iliopsoas_left,0.6616,muscle,0.6153519730161339,0.800286530423913,0.5181089411452966,0.8975295622947502,0.5431588571153365,0.8724796463247102,0.747613518738344
s0216,iliopsoas_right,0.7413,muscle,0.630280229441704,0.7721761509444625,0.5330371975708668,0.8694191828152997,0.5580871135409067,0.8443692668452598,0.745639251750927
s0216,inferior_vena_cava,0.0,great_vessel,0.458137132963051,0.7113382585398982,0.3608941010922137,0.8085812904107355,0.3084998519504711,0.8609755395524781,0.570607906946784
s0216,intervertebral_discs,0.7087,vertebrae,0.7734802285231762,0.8649861367588974,0.676237196652339,0.9622291686297346,0.5204815076019416,1.0,0.7672926599558794
s0216,kidney_left,0.5277,urinary,0.6644102009677452,0.8765837811348589,0.5671671690969079,0.9738268130056962,0.44421995970094086,1.0,0.8284817164881858
s0216,kidney_right,0.5634,urinary,0.7129672680578047,0.8762710714959245,0.6157242361869675,0.9735141033667618,0.49277702679100044,1.0,0.8091655003799783
s0216,liver,0.874,solid_abdominal,0.9371751273717737,0.9378410853228224,0.8399320955009364,1.0,0.795063121790746,1.0,0.9403400807295093
s0216,lung_left,0.9739,lung,0.9362554618952906,0.9593071589673178,0.8390124300244534,1.0,0.7625089527206083,1.0,0.9568314814104897
s0216,lung_right,0.978,lung,0.9284623126225807,0.9612869897683257,0.8312192807517435,1.0,0.7547158034478983,1.0,0.9611466358276791
s0216,pancreas,0.1064,solid_abdominal,0.39986657084737726,0.6436686650737365,0.30262353897654,0.7409116969445738,0.2577545652663496,0.7857806706547642,0.5266277046405472
s0216,portal_vein_and_splenic_vein,0.1056,great_vessel,0.38996363174064735,0.6075244225656712,0.2927205998698101,0.7047674544365085,0.24032635072806746,0.7571617035782511,0.5157528252460384
s0216,sacrum,0.7429,pelvic_bone,0.7290776546910909,0.8486983590748249,0.6318346228202536,0.9459413909456622,0.6785566803948978,0.899219333371018,0.8248710454940135
s0216,scapula_left,0.0,shoulder_bone,0.2812235634166383,0.6265227544461252,0.18398053154580102,0.7237657863169624,0.2926297699917558,0.6151165478710077,0.6641392779194221
s0216,scapula_right,0.0,shoulder_bone,0.23404180680203687,0.6930698522755494,0.1367987749311996,0.7903128841463867,0.24544801337715436,0.6816636457004319,0.6311868073048539
s0216,small_bowel,0.3087,digestive,0.3247597658606379,0.7926719630040808,0.2275167339898006,0.8899149948749181,0.24676992832883476,0.8706618005358839,0.5825461382950066
s0216,spinal_cord,0.7947,neuro,0.6925760864607555,0.853265997056661,0.5953330545899183,0.9505090289274982,0.6726382615549886,0.8732038219624279,0.7951488017836913
s0216,spleen,0.7678,solid_abdominal,0.9014156354722289,0.9311133977859865,0.8041726036013916,1.0,0.7593036298912013,1.0,0.9233088555136378
s0216,stomach,0.8339,digestive,0.8232334091964586,0.8672013723577782,0.7259903773256213,0.9644444042286154,0.7452435716646555,0.9451912098895813,0.8496965319047406
s0216,vertebrae,0.7805,vertebrae,0.8000834670492531,0.882029422372955,0.7028404351784159,0.9792724542437923,0.5470847461280185,1.0,0.8532425360073048
s0323,aorta,0.0,great_vessel,0.1461747411089881,0.5878618803216177,0.08015849675748321,0.6538781246731226,0.04078078159696297,0.6932558398336428,0.4757362604768911
s0323,autochthon_left,0.4495,muscle,0.6703591466628698,0.8194735467728336,0.6043429023113649,0.8854897911243385,0.6202209440547823,0.869611749380921,0.7048373925607957
s0323,autochthon_right,0.8018,muscle,0.7467238315068461,0.8430803533465063,0.6807075871553412,0.9090965976980112,0.6965856288987586,0.8932185559545938,0.7783105607137693
s0323,colon,0.4623,digestive,0.5006103467994375,0.7550665361651989,0.4345941024479326,0.8210827805167038,0.4701013292626114,0.785575553702025,0.6554202667096342
s0323,duodenum,0.2692,digestive,0.0823933194053786,0.5546122411381139,0.016377075053873716,0.6206284854896188,0.05188430186855249,0.58512125867494,0.5960389126986252
s0323,esophagus,0.4415,digestive,0.03778509452663642,0.6320559647922741,0.0,0.698072209143779,0.0072760769898103095,0.6625649823291002,0.5143818853677765
s0323,femur_left,0.0,pelvic_bone,0.07074973310418582,0.5609495943338555,0.004733488752680939,0.6269658386853604,0.0,0.6481898570683018,0.4042448003166294
s0323,femur_right,0.0,pelvic_bone,0.03126590360484105,0.5992446117574769,0.0,0.6652608561089818,0.0,0.6864848744919232,0.47712376730642625
s0323,gallbladder,0.0,solid_abdominal,0.21483756532308507,0.5924461328394117,0.14882132097158018,0.6584623771909166,0.0979866431989097,0.7092970549635871,0.5716773938154323
s0323,gluteus_maximus_left,0.0,muscle,0.19482321761500243,0.4930059285059373,0.12880697326349755,0.5590221728574422,0.144685015006915,0.5431441311140247,0.4470039189648461
s0323,gluteus_medius_left,0.4816,muscle,0.6618188496900687,0.808531176546166,0.5958026053385638,0.8745474208976709,0.6116806470819812,0.8586693791542535,0.7499848208718715
s0323,gluteus_medius_right,0.5932,muscle,0.7918638826571215,0.8076752743775524,0.7258476383056166,0.8736915187290573,0.741725680049034,0.8578134769856398,0.7140930509209457
s0323,gluteus_minimus_left,0.3303,muscle,0.48016672191566767,0.767450801124339,0.4141504775641628,0.8334670454758439,0.43002851930758024,0.8175890037324265,0.7071025102484634
s0323,gluteus_minimus_right,0.6575,muscle,0.5002000527249834,0.690260586424739,0.4341838083734785,0.7562768307762439,0.4500618501168959,0.7403987890328264,0.6703671892931067
s0323,heart,0.8002,heart,0.8157261165768446,0.899682405572847,0.7497098722253397,0.9656986499243518,0.7142610727677999,1.0,0.9214065713950719
s0323,hip_left,0.5893,pelvic_bone,0.7222656066632571,0.8607149349208182,0.6562493623117522,0.9267311792723231,0.6350253439288108,0.9479551976552645,0.8034617858112724
s0323,hip_right,0.6524,pelvic_bone,0.5935084522727874,0.7377085709843209,0.5274922079212825,0.8037248153358257,0.5062681895383411,0.8249488337187671,0.5592022849806491
s0323,humerus_left,0.3796,shoulder_bone,0.0727496034762793,0.4874336149746395,0.006733359124774421,0.5534498593261443,0.03503835424491715,0.5251448642060017,0.46890179495110185
s0323,iliac_artery_right,0.0,great_vessel,0.35124809440531074,0.6000818639671363,0.28523185005380586,0.6660981083186411,0.24585413489328561,0.7054758234791614,0.5604241309853789
s0323,iliac_vena_left,0.0,great_vessel,0.08184594729845875,0.4010373904342953,0.015829702946953864,0.4670536347858002,0.0,0.5064313499463204,0.35112077832778116
s0323,iliac_vena_right,0.0,great_vessel,0.12392482587546456,0.40513536516181325,0.05790858152395968,0.47115160951331814,0.01853086636343944,0.5105293246738384,0.39266710213187445
s0323,iliopsoas_left,0.8176,muscle,0.8227447145024269,0.9119613738906658,0.756728470150922,0.9779776182421707,0.7726065118943395,0.9620995764987532,0.8702234884669473
s0323,iliopsoas_right,0.8281,muscle,0.7519082817453758,0.8878798275185543,0.685892037393871,0.9538960718700592,0.7017700791372884,0.9380180301266418,0.7354584828959446
s0323,inferior_vena_cava,0.0,great_vessel,0.39320787162895793,0.4884499591206008,0.32719162727745305,0.5544662034721057,0.2878139121169328,0.5938439186326259,0.5013045540677492
s0323,intervertebral_discs,0.6703,vertebrae,0.6526744706568981,0.7471265247544407,0.5866582263053932,0.8131427691059456,0.5333816056318693,0.8664193897794695,0.5907783960233979
s0323,kidney_left,0.3466,urinary,0.5868236091706411,0.8117276567487467,0.5208073648191363,0.8777439011002516,0.3628084187015567,1.0,0.6906760384625363
s0323,kidney_right,0.0627,urinary,0.21620360900279234,0.4051160688030755,0.15018736465128746,0.4711323131545804,0.0,0.6291312592721598,0.42509089559807905
s0323,liver,0.8076,solid_abdominal,0.8894755798837437,0.9333323913236795,0.8234593355322388,0.9993486356751844,0.7726246577595683,1.0,0.9304807637968933
s0323,lung_left,0.8764,lung,0.6268279843482539,0.9134088651754364,0.560811739996749,0.9794251095269413,0.6040757427565564,0.9361611067671339,0.8181762653063802
s0323,lung_right,0.896,lung,0.7344700747138052,0.9339854495384023,0.6684538303623003,1.0,0.7117178331221077,0.9567376911300999,0.8910298807190096
s0323,pancreas,0.0,solid_abdominal,0.14892391141908964,0.5406891942677902,0.08290766706758476,0.606705438619295,0.032072989294914284,0.6575401163919655,0.5198465677710749
s0323,portal_vein_and_splenic_vein,0.0,great_vessel,0.10883705209747202,0.483382900627729,0.04282080774596714,0.5493991449792339,0.003443092585446894,0.588776860139754,0.4597344666003399
s0323,sacrum,0.6116,pelvic_bone,0.74683192620859,0.8345325567079009,0.6808156818570851,0.9005488010594058,0.6595916634741437,0.9217728194423472,0.7060222278521349
s0323,small_bowel,0.3628,digestive,0.4963018903996674,0.6776054751568078,0.4302856460481625,0.7436217195083127,0.46579287286284127,0.7081144926936339,0.4920383001986483
s0323,spinal_cord,0.5459,neuro,0.5492675296237106,0.7076784034204542,0.48325128527220573,0.7736946477719591,0.3925135782515735,0.8644323547925913,0.5911476459540957
s0323,spleen,0.6635,solid_abdominal,0.6446213454975369,0.8367915343282069,0.578605101146032,0.9028077786797117,0.5277704233733616,0.9536424564523822,0.6974587430510981
s0323,stomach,0.7381,digestive,0.7069395273756757,0.8938540509439841,0.6409232830241708,0.959870295295489,0.6764305098388496,0.9243630684808102,0.8181736477086198
s0323,urinary_bladder,0.0,urinary,0.4473979752170568,0.7036928824373738,0.38138173086555194,0.7697091267888787,0.2233827847479724,0.9277080729064582,0.7160678133617777
s0323,vertebrae,0.7425,vertebrae,0.7686771287454136,0.8303455206508609,0.7026608843939087,0.8963617650023658,0.6493842637203848,0.9496383856758897,0.7725228293380989
s0284,autochthon_left,0.9201,muscle,0.8228216199927514,0.8728528776196799,0.7568964245595821,0.9387780730528492,0.7526030213686943,0.943071476243737,0.8282611719887443
s0284,autochthon_right,0.906,muscle,0.7560897575655666,0.8687181273891835,0.6901645621323973,0.9346433228223529,0.6858711589415095,0.9389367260132406,0.8102899055319739
s0284,colon,0.7995,digestive,0.6657569737543506,0.8504057515940687,0.5998317783211813,0.916330947027238,0.5950502371866785,0.9211124881617408,0.7729484873149057
s0284,femur_left,0.9317,pelvic_bone,0.5813143933807283,0.8874964074557181,0.515389197947559,0.9534216028888874,0.5093101571261488,0.9595006437102976,0.8690386779069399
s0284,femur_right,0.9343,pelvic_bone,0.7565461160155215,0.8817328659322491,0.6906209205823521,0.9476580613654184,0.6845418797609419,0.9537371021868286,0.8724499139107954
s0284,gluteus_maximus_left,0.9445,muscle,0.9056997740060271,0.9505693389070782,0.8397745785728578,1.0,0.83548117538197,1.0,0.9328906488734066
s0284,gluteus_maximus_right,0.9403,muscle,0.927880741911161,0.9498854110715655,0.8619555464779917,1.0,0.8576621432871039,1.0,0.9290827288459076
s0284,gluteus_medius_left,0.9174,muscle,0.6445936296459098,0.931193527198655,0.5786684342127405,0.9971187226318243,0.5743750310218527,1.0,0.8472988644920871
s0284,gluteus_medius_right,0.9284,muscle,0.7989464733568654,0.9346604014357393,0.7330212779236961,1.0,0.7287278747328083,1.0,0.8479380460097447
s0284,gluteus_minimus_left,0.8943,muscle,0.5242963504697639,0.885984019542289,0.45837115503659454,0.9519092149754583,0.45407775184570676,0.9562026181663461,0.8477469713160156
s0284,gluteus_minimus_right,0.903,muscle,0.7522118535792733,0.9017536113244655,0.686286658146104,0.9676788067576348,0.6819932549552162,0.9719722099485226,0.8569448471603512
s0284,hip_left,0.895,pelvic_bone,0.7644499817840273,0.8881791628567474,0.698524786350858,0.9541043582899167,0.6924457455294478,0.9601833991113269,0.8382396388002115
s0284,hip_right,0.8969,pelvic_bone,0.756298780747393,0.8898526160160672,0.6903735853142237,0.9557778114492366,0.6842945444928135,0.9618568522706468,0.8237216912418318
s0284,iliac_artery_left,0.5415,great_vessel,0.1670781146289076,0.6742897746393108,0.10115291919573827,0.7402149700724802,0.016493233657567996,0.8248746556106504,0.36274739885587354
s0284,iliac_artery_right,0.4059,great_vessel,0.1913707238111722,0.6609178344191422,0.12544552837800288,0.7268430298523115,0.04078584283983261,0.8115027153904818,0.3895458063193653
s0284,iliac_vena_left,0.6042,great_vessel,0.4173767831350697,0.7522601336394924,0.3514515877019004,0.8181853290726617,0.2667919021637301,0.902845014610832,0.6575654698074569
s0284,iliac_vena_right,0.462,great_vessel,0.27684340009804803,0.7072749378309461,0.2109182046648787,0.7732001332641154,0.12625851912670844,0.8578598188022857,0.5560981579165621
s0284,iliopsoas_left,0.8699,muscle,0.8202354610967365,0.942920746527759,0.7543102656635672,1.0,0.7500168624726794,1.0,0.885104607076544
s0284,iliopsoas_right,0.8437,muscle,0.7859154961315992,0.950091938755181,0.7199903006984298,1.0,0.7156968975075421,1.0,0.8559162338113789
s0284,inferior_vena_cava,0.0,great_vessel,6.039594296773565e-20,0.446007533551617,0.0,0.5119327289847864,0.0,0.5965924145229566,0.06024339636488957
s0284,intervertebral_discs,0.7401,vertebrae,0.5344142346816976,0.833151848301867,0.46848903924852825,0.8990770437350363,0.49307415293840495,0.8744919300451596,0.8329801733910726
s0284,prostate,0.7309,reproductive,0.2581092707379447,0.7064207426725634,0.19218407530477538,0.7723459381057327,0.19218407530477538,0.7723459381057327,0.6026026967547816
s0284,sacrum,0.8225,pelvic_bone,0.7920869946954364,0.8606358590900284,0.7261617992622671,0.9265610545231977,0.7200827584408569,0.9326400953446079,0.8167377959014359
s0284,small_bowel,0.822,digestive,0.6520611219047526,0.8795432341106731,0.5861359264715833,0.9454684295438425,0.5813543853370805,0.9502499706783453,0.8051232457884225
s0284,spinal_cord,0.7873,neuro,0.44460948680644374,0.7258672539080836,0.3786842913732744,0.7917924493412529,0.4196882149297153,0.750788525784812,0.6078114313472583
s0284,urinary_bladder,0.9047,urinary,0.6897225976957636,0.8676896713269386,0.6237974022625943,0.933614866760108,0.6108501936771406,0.9465620753455617,0.8734001974263009
s0284,vertebrae,0.8865,vertebrae,0.7255379131741315,0.7586010961366946,0.6596127177409622,0.8245262915698639,0.6841978314308389,0.7999411778799872,0.697288606168074
s0545,femur_left,0.8046,pelvic_bone,0.8123532599597502,0.9335665892491706,0.7151102280889129,1.0,0.7618322856635571,0.9840875635453636,0.8931791189662261
s0286,aorta,0.8164,great_vessel,0.7961005894415482,0.8717146120408252,0.6988575575707109,0.9689576439116625,0.6464633084289683,1.0,0.8448932571692054
s0286,autochthon_left,0.8155,muscle,0.22625282514630277,0.7510657349348617,0.1290097932754655,0.848308766805699,0.15405970924550547,0.8232588508356591,0.6844406726567229
s0286,autochthon_right,0.6902,muscle,0.21969523749631512,0.754739841922125,0.12245220562547784,0.8519828737929622,0.14750212159551782,0.8269329578229223,0.6475978922557171
s0286,clavicula_left,0.5298,shoulder_bone,0.3729378125672035,0.6615178387640227,0.2756947806963662,0.75876087063486,0.38434401914232097,0.6501116321889052,0.5832623580780163
s0286,clavicula_right,0.5318,shoulder_bone,0.4381612885773565,0.6684497456335611,0.3409182567065192,0.7656927775043983,0.44956749515247396,0.6570435390584436,0.5905006899658741
s0286,esophagus,0.8075,digestive,0.4116211905246852,0.7774725720348217,0.31437815865384794,0.874715603905659,0.3336313529928821,0.8554624095666248,0.7664587215979677
s0286,heart,0.6251,heart,0.6933555048514725,0.7619958593633241,0.5961124729806352,0.8592388912341614,0.5961124729806352,0.8592388912341614,0.8213247155322997
s0286,humerus_left,0.9077,shoulder_bone,0.6619738905006544,0.8119735201374838,0.5647308586298171,0.9092165520083211,0.6733800970757718,0.8005673135623663,0.8215220534460917
s0286,humerus_right,0.9201,shoulder_bone,0.6478708632169887,0.8440372720470984,0.5506278313461515,0.9412803039179357,0.6592770697921062,0.832631065471981,0.8056871637854469
s0286,intervertebral_discs,0.7599,vertebrae,0.6842998032539531,0.7007314292502506,0.5870567713831158,0.7979744611210878,0.43130108233271847,0.9537301501714852,0.6063458687070604
s0286,lung_left,0.9697,lung,0.9377050262659776,0.9449168456743291,0.8404619943951404,1.0,0.7639585170912953,1.0,0.9326281183952401
s0286,lung_right,0.9753,lung,0.9497958077793919,0.9379022083399385,0.8525527759085546,1.0,0.7760492986047095,1.0,0.8826815455900016
s0286,scapula_left,0.5418,shoulder_bone,0.4706308891171389,0.7534006527340684,0.37338785724630164,0.8506436846049057,0.4820370956922564,0.7419944461589509,0.6330246898987859
s0286,scapula_right,0.5602,shoulder_bone,0.5066760243430148,0.7981304553687784,0.40943299247217757,0.8953734872396156,0.5180822309181323,0.7867242487936609,0.6973760509867862
s0286,spinal_cord,0.8278,neuro,0.6432577643315777,0.8292776847121187,0.5460147324607404,0.926520716582956,0.6233199394258108,0.8492155096178856,0.8213837724920842
s0286,vertebrae,0.8007,vertebrae,0.76640123512024,0.8266343559092572,0.6691582032494028,0.9238773877800944,0.5134025141990054,1.0,0.7520799786498131
s0447,adrenal_gland_left,0.5951,urinary,0.2607134481079892,0.5867831293327159,0.16347041623715192,0.6840261612035532,0.04052320684118488,0.8069733705995202,0.30616429947868656
s0447,adrenal_gland_right,0.7433,urinary,0.22463733568653543,0.6254072773852893,0.12739430381569816,0.7226503092561266,0.0044470944197311235,0.8455975186520936,0.30679892707000767
s0447,aorta,0.834,great_vessel,0.652746215630301,0.8300093671001948,0.5555031837594637,0.9272523989710321,0.5031089346177211,0.9796466481127747,0.6892047110473601
s0447,autochthon_left,0.6957,muscle,0.06950256827601953,0.7364122946667785,0.0,0.8336553265376158,0.0,0.8086054105675757,0.607932296287586
s0447,autochthon_right,0.7626,muscle,0.3829846611129036,0.739875316224929,0.2857416292420663,0.8371183480957662,0.3107915452121063,0.8120684321257263,0.5427802240341246
s0447,clavicula_left,0.7895,shoulder_bone,0.1854073513698743,0.7244305777648788,0.08816431949903702,0.8216736096357161,0.19681355794499178,0.7130243711897614,0.5456383572617889
s0447,clavicula_right,0.729,shoulder_bone,0.231107377326009,0.7065428963414131,0.13386434545517173,0.8037859282122504,0.24251358390112648,0.6951366897662956,0.5509028062983423
s0447,colon,0.7734,digestive,0.45834905117413444,0.8142191292481452,0.36110601930329717,0.9114621611189825,0.38035921364233133,0.8922089667799483,0.7105012225074051
s0447,duodenum,0.7118,digestive,0.4783155337178635,0.7666436854919,0.38107250184702623,0.8638867173627373,0.4003256961860604,0.8446335230237031,0.55637568523937
s0447,esophagus,0.6292,digestive,0.19304735644773477,0.7221429512528112,0.0958043245768975,0.8193859831236485,0.11505751891593166,0.8001327887846144,0.5781623999058101
s0447,gallbladder,0.0,solid_abdominal,0.0,0.2745454209860341,0.0,0.3717884528568714,0.0,0.4166574265670618,0.06780734700895186
s0447,heart,0.8878,heart,0.7681317684419307,0.9167575307314598,0.6708887365710934,1.0,0.6708887365710934,1.0,0.8604323489523893
s0447,humerus_left,0.0154,shoulder_bone,0.2815952537325297,0.78195506696532,0.18435222186169242,0.8791980988361573,0.2930014603076472,0.7705488603902025,0.6066218389247304
s0447,humerus_right,0.0041,shoulder_bone,0.0,0.2435464493232307,0.0,0.34078948119406793,0.009464115177652959,0.2321402427481132,0.028232367516817687
s0447,iliopsoas_left,0.8344,muscle,0.5331605827543756,0.8378692003059109,0.43591755088353834,0.9351122321767482,0.4609674668535783,0.9100623162067083,0.6942861997106375
s0447,iliopsoas_right,0.7003,muscle,0.6531455945803691,0.8445840942737445,0.5559025627095319,0.9418271261445817,0.5809524786795719,0.9167772101745417,0.7097242423445215
s0447,inferior_vena_cava,0.8355,great_vessel,0.46578498708323446,0.847551884906154,0.3685419552123972,0.9447949167769912,0.31614770607065457,0.9971891659187339,0.6846573096944543
s0447,intervertebral_discs,0.6979,vertebrae,0.7147686610118011,0.8174706336588473,0.6175256291409639,0.9147136655296846,0.4617699400905665,1.0,0.7398873881919847
s0447,kidney_left,0.9106,urinary,0.7811483558344622,0.8971914054314359,0.6839053239636249,0.9944344373022732,0.5609581145676579,1.0,0.7724442273883029
s0447,kidney_right,0.904,urinary,0.7665642217507639,0.9050556567572925,0.6693211898799266,1.0,0.5463739804839596,1.0,0.7871876292974819
s0447,liver,0.9428,solid_abdominal,0.6832759165702593,0.9154554903542814,0.586032884699422,1.0,0.5411639109892317,1.0,0.8601566801845816
s0447,lung_left,0.9434,lung,0.9363745296966995,0.941112579874005,0.8391314978258623,1.0,0.7626280205220172,1.0,0.8705644156463308
s0447,lung_right,0.9705,lung,0.8714662279686938,0.9401899559119928,0.7742231960978565,1.0,0.6977197187940114,1.0,0.877561230731526
s0447,pancreas,0.7365,solid_abdominal,0.42503789680776916,0.7083583382823231,0.3277948649369319,0.8056013701531604,0.2829258912267415,0.8504703438633507,0.5415437506380939
s0447,portal_vein_and_splenic_vein,0.6282,great_vessel,0.2132034527026675,0.6741446390488789,0.11596042083183022,0.7713876709197162,0.0635661716900876,0.8237819200614588,0.4932708023922885
s0447,scapula_left,0.6988,shoulder_bone,0.15387945343994178,0.7534735817919925,0.056636421569104506,0.8507166136628298,0.16528566001505926,0.742067375216875,0.6858082259047539
s0447,scapula_right,0.4892,shoulder_bone,0.18302382680210252,0.7211106194200362,0.08578079493126525,0.8183536512908735,0.19443003337722,0.7097044128449187,0.5196944168140686
s0447,small_bowel,0.7784,digestive,0.550189608786843,0.8195766031672601,0.4529465769160057,0.9168196350380974,0.47219977125503987,0.8975664406990632,0.7156672005591366
s0447,spinal_cord,0.7757,neuro,0.6488286153310968,0.8093434983697197,0.5515855834602595,0.906586530240557,0.6288907904253299,0.8292813232754866,0.5867887244540749
s0447,spleen,0.6772,solid_abdominal,0.6510377242329417,0.8330142560729267,0.5537946923621044,0.9302572879437639,0.508925718651914,0.9751262616539543,0.7740192425009393
s0447,stomach,0.9285,digestive,0.8411191232046107,0.8835794598479917,0.7438760913337734,0.980822491718829,0.7631292856728076,0.9615692973797948,0.8405705597109024
s0447,vertebrae,0.8343,vertebrae,0.828341694583209,0.8532882681347224,0.7310986627123718,0.9505313000055596,0.5753429736619744,1.0,0.8063465212071552
s0525,femur_left,0.6834,pelvic_bone,0.42446130725581704,0.8527639303900975,0.3585361118226477,0.9186891258232668,0.3524570710012375,0.924768166644677,0.7052320528999675
s0525,femur_right,0.9147,pelvic_bone,0.8975785813634893,0.9036316519199175,0.83165338593032,0.9695568473530868,0.8255743451089098,0.975635888174497,0.8992729429394563
s0327,adrenal_gland_left,0.6802,urinary,0.4263325875352987,0.6088929533419573,0.36040739210212935,0.6748181487751266,0.3474601835166756,0.6877653573605803,0.5095622780681247
s0327,aorta,0.492,great_vessel,0.3309584450520727,0.6951656345759097,0.2650332496189034,0.7610908300090791,0.18037356408073313,0.8457505155472493,0.4830194078805677
s0327,autochthon_left,0.4263,muscle,0.6869006691709253,0.8377862742114804,0.620975473737756,0.9037114696446498,0.6166820705468682,0.9080048728355375,0.8625755454449744
s0327,autochthon_right,0.5923,muscle,0.7981761309719111,0.9138668109239619,0.7322509355387418,0.9797920063571313,0.727957532347854,0.984085409548019,0.9110853748122112
s0327,colon,0.553,digestive,0.7388120860812345,0.8643975364548747,0.6728868906480652,0.930322731888044,0.6681053495135624,0.9351042730225468,0.7847675308874871
s0327,duodenum,0.393,digestive,0.3898719964723032,0.6526026680135706,0.32394680103913387,0.7185278634467399,0.31916525990463107,0.7233094045812427,0.5761133952447837
s0327,iliac_artery_left,0.0,great_vessel,6.039594296773565e-20,0.2453739816291324,0.0,0.3112991770623017,0.0,0.395958862600472,0.09189865275708298
s0327,iliopsoas_left,0.0815,muscle,0.31995944222343536,0.5589712851399747,0.25403424679026604,0.6248964805731441,0.24974084359937826,0.6291898837640318,0.34688464593858875
s0327,inferior_vena_cava,0.2867,great_vessel,0.3485774185949793,0.7312944643104847,0.28265222316181,0.797219659743654,0.19799253762363972,0.8818793452818243,0.4911449232831315
s0327,intervertebral_discs,0.3491,vertebrae,0.6091826639864576,0.7917638922407372,0.5432574685532883,0.8576890876739065,0.567842582243165,0.8331039739840298,0.682806250130566
s0327,kidney_left,0.7792,urinary,0.5860706356658716,0.9221152020801979,0.5201454402327023,0.9880403975133673,0.5071982316472485,1.0,0.8286483627208079
s0327,kidney_right,0.3473,urinary,0.511648398376904,0.7229835166602845,0.4457232029437347,0.7889087120934538,0.43277599435828096,0.8018559206789075,0.6229975829632628
s0327,liver,0.3771,solid_abdominal,0.6064262773910261,0.8620579341060528,0.5405010819578567,0.9279831295392221,0.5848843215528585,0.8835998899442203,0.7671553399039192
s0327,pancreas,0.3075,solid_abdominal,0.16937325264571057,0.5657861048987527,0.10344805721254124,0.631711300331922,0.14783129680754303,0.5873280607369202,0.3639514417391824
s0327,portal_vein_and_splenic_vein,0.0,great_vessel,0.13138777287802675,0.31646760699625687,0.06546257744485742,0.3823928024294262,0.0,0.46705248796759646,0.10691888630198419
s0327,small_bowel,0.4736,digestive,0.4974042400652221,0.7597362055028222,0.4314790446320528,0.8256614009359915,0.42669750349755,0.8304429420704943,0.6756168357026379
s0327,spinal_cord,0.3898,neuro,0.33176461383337985,0.7325040627542742,0.2658394184002105,0.7984292581874435,0.3068433419566514,0.7574253346310026,0.5056363511043421
s0327,spleen,0.4134,solid_abdominal,0.4372584136478578,0.8411290045792575,0.37133321821468845,0.9070542000124269,0.41571645780969024,0.8626709604174251,0.7823627714237876
s0327,stomach,0.307,digestive,0.5194865725563277,0.7574384707183454,0.45356137712315836,0.8233636661515147,0.44877983598865556,0.8281452072860175,0.635120731015185
s0327,vertebrae,0.557,vertebrae,0.7331788330278117,0.8389646283672507,0.6672536375946424,0.90488982380042,0.6918387512845191,0.8803047101105433,0.8464355022436825
s0398,autochthon_right,0.3839,muscle,6.039594296773565e-20,0.4575360222116753,0.0,0.5234612176448445,0.0,0.5277546208357324,0.11962918725925775
s0398,colon,0.7523,digestive,0.44572189864334316,0.7892071216685171,0.37979670321017384,0.8551323171016865,0.37501516207567104,0.8599138582361893,0.699574908205456
s0398,femur_right,0.9204,pelvic_bone,0.7338627631791851,0.9212006546195767,0.6679375677460158,0.987125850052746,0.6618585269246056,0.9932048908741562,0.8723112532024865
s0398,gluteus_maximus_right,0.8823,muscle,0.9025669711077885,0.9322418152770117,0.8366417756746192,0.998167010710181,0.8323483724837314,1.0,0.8972844031053872
s0398,gluteus_medius_left,0.0,muscle,6.039594296773565e-20,0.2724202486855981,0.0,0.33834544411876744,0.0,0.3426388473096552,0.0
s0398,gluteus_medius_right,0.8289,muscle,0.805159392525948,0.8990786031870587,0.7392341970927787,0.965003798620228,0.7349407939018909,0.9692972018111158,0.8686430381695387
s0398,gluteus_minimus_left,0.0,muscle,0.11211810926787934,0.8084265956644653,0.04619291383471001,0.8743517910976346,0.04189951064382223,0.8786451942885224,0.6394577280985103
s0398,gluteus_minimus_right,0.6956,muscle,0.7646668687652554,0.8890105176056987,0.698741673332086,0.954935713038868,0.6944482701411983,0.9592291162297558,0.8216903926226364
s0398,hip_left,0.7872,pelvic_bone,0.1371653184829654,0.7905446067449048,0.07124012304979607,0.8564698021780741,0.06516108222838587,0.8625488429994843,0.5232445960168822
s0398,hip_right,0.8925,pelvic_bone,0.7518700811493721,0.8530350199590115,0.6859448857162028,0.9189602153921809,0.6798658448947926,0.9250392562135911,0.7836981668183569
s0398,iliac_artery_right,0.6339,great_vessel,0.11084764936473676,0.6506118959237694,0.044922453931567435,0.7165370913569388,0.0,0.801196776895109,0.3400543399004673
s0398,iliac_vena_right,0.6687,great_vessel,0.20552105115400468,0.7132392510254438,0.13959585572083535,0.7791644464586132,0.054936170182665084,0.8638241319967834,0.44402476106566974
s0398,iliopsoas_right,0.9203,muscle,0.6618463141657095,0.879491075378139,0.5959211187325402,0.9454162708113083,0.5916277155416524,0.9497096740021961,0.7330998204249174
s0398,prostate,0.7936,reproductive,0.34931657052599974,0.8396788989758748,0.2833913750928304,0.9056040944090441,0.2833913750928304,0.9056040944090441,0.6312880960959495
s0398,sacrum,0.7042,pelvic_bone,0.5006218553738888,0.8772650413421026,0.4346966599407195,0.9431902367752719,0.4286176191193093,0.9492692775966821,0.7670464400289042
s0398,small_bowel,0.0,digestive,0.04362439675338392,0.7534433436117141,0.0,0.8193685390448834,0.0,0.8241500801793862,0.24141407108090399
s0398,urinary_bladder,0.5302,urinary,0.3563658102739601,0.8794439336373384,0.29044061484079076,0.9453691290705077,0.277493406255337,0.9583163376559615,0.6575310403822295
s0614,brain,0.9729,neuro,0.9345109853916558,0.9741288671392739,0.8372679535208185,1.0,0.9145731604858889,0.9940666920450408,0.9714804730038205
s0614,intervertebral_discs,0.3741,vertebrae,0.13243606363222143,0.5975739768338882,0.035193031761384164,0.6948170087047255,0.0,0.8505726977551229,0.4581965272356044
s0614,spinal_cord,0.7525,neuro,0.5131354157289888,0.8242176602313459,0.4158923838581515,0.9214606921021832,0.4931975908232219,0.8441554851371128,0.7406253322214016
s0614,vertebrae,0.6427,vertebrae,0.3999029215828749,0.7491773459615748,0.3026598897120376,0.8464203778324121,0.14690420066164023,1.0,0.670625371158645
s0501,brain,0.7842,neuro,0.6655870913212378,0.9180304649010567,0.598040998061277,0.9855765581610175,0.5986859279339892,0.9849316282883053,0.7950283890470666
s0501,intervertebral_discs,0.778,vertebrae,0.3007685440584574,0.44368635440408244,0.23322245079849652,0.5112324476640433,0.2004120957274526,0.5440428027350872,0.24936678954842864
s0501,spinal_cord,0.8111,neuro,0.6831493909418277,0.842750076489259,0.6156032976818668,0.9102961697492199,0.6162482275545791,0.9096512398765076,0.7811794690235608
s0501,vertebrae,0.8042,vertebrae,0.3697642270452858,0.7053628571178507,0.3022181337853249,0.7729089503778116,0.269407778714281,0.8057193054488555,0.5938309050410887
s0129,brain,0.9478,neuro,0.8045658550513101,0.9692184165883979,0.7385496106998052,1.0,0.647811903679173,1.0,0.9246967188820842
s0129,intervertebral_discs,0.0,vertebrae,0.07221170966613781,0.5047538565711308,0.006195465314632928,0.5707701009226357,0.0,0.6240467215961596,0.049560585104868604
s0129,spinal_cord,0.7014,neuro,0.6195460193305289,0.8554580489770492,0.553529774979024,0.9214742933285541,0.4627920679583918,1.0,0.778314499918499
s0129,vertebrae,0.0,vertebrae,0.2086845329765642,0.6640354036228434,0.14266828862505931,0.7300516479743483,0.08939166795153541,0.7833282686478722,0.2531956064324937
s0105,femur_right,0.794,pelvic_bone,0.8823018106065906,0.928902225778428,0.7850587787357534,1.0,0.8317808363103976,0.979423200074621,0.8863409334175693
s0114,autochthon_left,0.7663,muscle,0.31865742307307926,0.7690817708543959,0.221414391202242,0.8663248027252332,0.24646430717228196,0.8412748867551931,0.45691530537943
s0114,autochthon_right,0.8227,muscle,0.479279053086586,0.7747717126410706,0.38203602121574876,0.8720147445119079,0.4070859371857887,0.8469648285418678,0.4856336803040547
s0114,colon,0.4673,digestive,0.5068328410781864,0.7563747130079191,0.4095898092073491,0.8536177448787564,0.4288430035463833,0.8343645505397222,0.5943479123487071
s0114,femur_left,0.9125,pelvic_bone,0.5999405351038566,0.8474564225799753,0.5026975032330193,0.9446994544508126,0.5494195608076635,0.8979773968761684,0.779773248207573
s0114,femur_right,0.9123,pelvic_bone,0.5408996268331163,0.8931366273802434,0.44365659496227905,0.9903796592510806,0.49037865253692325,0.9436576016764364,0.7896174294846815
s0114,gluteus_maximus_left,0.7519,muscle,0.7249676005086749,0.907409481744341,0.6277245686378377,1.0,0.6527744846078776,0.9796025976451384,0.8721877351081423
s0114,gluteus_maximus_right,0.7304,muscle,0.7591470017973174,0.8988434798672016,0.6619039699264802,0.9960865117380389,0.6869538858965201,0.971036595767999,0.863466627456305
s0114,gluteus_medius_left,0.8694,muscle,0.515577574822349,0.8621064745574276,0.41833454295151173,0.9593495064282649,0.4433844589215517,0.934299590458225,0.7838598814398002
s0114,gluteus_medius_right,0.8742,muscle,0.6252909027023225,0.878836812567803,0.5280478708314852,0.9760798444386403,0.5530977868015252,0.9510299284686003,0.7431536870893017
s0114,gluteus_minimus_left,0.8522,muscle,0.3385724149774663,0.8117504124014548,0.24132938310662905,0.9089934442722921,0.266379299076669,0.8839435283022521,0.6142523640578441
s0114,gluteus_minimus_right,0.8285,muscle,0.387070399855401,0.8129752652180536,0.2898273679845637,0.9102182970888909,0.3148772839546037,0.8851683811188509,0.6790255720232738
s0114,hip_left,0.8824,pelvic_bone,0.6688186193044864,0.8533687738138032,0.5715755874336491,0.9506118056846404,0.6182976450082933,0.9038897481099962,0.7903584924698291
s0114,hip_right,0.8914,pelvic_bone,0.7198580953905578,0.8170421539806068,0.6226150635197205,0.914285185851444,0.6693371210943647,0.8675631282767998,0.7430009966812662
s0114,iliac_artery_left,0.0,great_vessel,0.03269248462751174,0.24522210514307916,0.0,0.34246513701391645,0.0,0.3948593861556591,0.09344441388396091
s0114,iliac_vena_left,0.1148,great_vessel,0.033223491971439825,0.1887344206215182,0.0,0.2859774524923555,0.0,0.33837170163409813,0.0
s0114,iliac_vena_right,0.1851,great_vessel,0.05824989932635728,0.33223610002792653,0.0,0.4294791318987638,0.0,0.4818733810405064,0.1852964632911553
s0114,iliopsoas_left,0.8409,muscle,0.6348002085663901,0.8486188225030833,0.5375571766955528,0.9458618543739206,0.5626070926655928,0.9208119384038806,0.7260380624185868
s0114,iliopsoas_right,0.8058,muscle,0.613854447624129,0.8635084091531469,0.5166114157532917,0.9607514410239841,0.5416613317233316,0.9357015250539442,0.7419696649373614
s0114,intervertebral_discs,0.5718,vertebrae,0.21567675761471714,0.6328970987025901,0.11843372574387986,0.7301401305734274,0.0,0.8858958196238248,0.5942235946899371
s0114,sacrum,0.824,pelvic_bone,0.7040325859028125,0.8774279607498056,0.6067895540319752,0.9746709926206428,0.6535116116066194,0.9279489350459986,0.7807001888622463
s0114,small_bowel,0.7325,digestive,0.6240587397933781,0.8823208084251697,0.5268157079225408,0.979563840296007,0.546068902261575,0.9603106459569728,0.8172489988041199
s0114,spinal_cord,0.8536,neuro,0.5363066946544498,0.7910102131748772,0.43906366278361253,0.8882532450457145,0.5163688697486829,0.8109480380806441,0.7202345067945782
s0114,urinary_bladder,0.8952,urinary,0.6349705367165293,0.8215354992195577,0.537727504845692,0.918778531090395,0.41478029544972495,1.0,0.70523654303849
s0114,vertebrae,0.6551,vertebrae,0.2512591302655615,0.6991824688862278,0.15401609839472424,0.7964255007570651,0.0,0.9521811898074625,0.5886521834326083
s0537,brain,0.9734,neuro,0.8492130899120354,0.9708204743475952,0.7831968455605305,1.0,0.6924591385398983,1.0,0.9715908728023429
s0348,adrenal_gland_left,0.0,urinary,6.039594296773565e-20,0.7231901552906119,0.0,0.7891153507237813,0.0,0.802062559309235,0.3938322509625521
s0348,aorta,0.8362,great_vessel,0.5573217580419529,0.8798560655384156,0.4913965626087836,0.9457812609715849,0.40673687707061335,1.0,0.788098457581742
s0348,autochthon_left,0.9445,muscle,0.9235278083083991,0.9423893008432621,0.8576026128752298,1.0,0.853309209684342,1.0,0.9341075944683775
s0348,autochthon_right,0.9376,muscle,0.9385521305534952,0.9437882433637995,0.8726269351203259,1.0,0.8683335319294381,1.0,0.9355187053542062
s0348,colon,0.7323,digestive,0.6211295817426844,0.8329059652580183,0.5552043863095151,0.8988311606911876,0.5504228451750123,0.9036127018256904,0.7667977838569326
s0348,duodenum,0.6759,digestive,0.2995814271003358,0.7520491346598757,0.23365623166716648,0.817974330093045,0.22887469053266368,0.8227558712275478,0.5504243020005852
s0348,gluteus_maximus_left,0.8723,muscle,0.5282120585176261,0.8429721794692407,0.46228686308445677,0.9088973749024101,0.457993459893569,0.9131907780932979,0.6744870937724838
s0348,gluteus_maximus_right,0.8844,muscle,0.5454984182640382,0.9016643822372837,0.4795732228308689,0.9675895776704531,0.4752798196399811,0.9718829808613408,0.7919840036877374
s0348,gluteus_medius_left,0.9127,muscle,0.5647844028958579,0.9002095142173075,0.4988592074626885,0.9661347096504769,0.49456580427180075,0.9704281128413647,0.8073632028351788
s0348,gluteus_medius_right,0.9214,muscle,0.6074957434813274,0.9131145643640654,0.5415705480481581,0.9790397597972347,0.5372771448572703,0.9833331629881225,0.7878338322827544
s0348,gluteus_minimus_left,0.0,muscle,6.039594296773565e-20,0.6613461107911596,0.0,0.7272713062243289,0.0,0.7315647094152167,0.24109920872193663
s0348,gluteus_minimus_right,0.8192,muscle,0.3916536171318572,0.8079169969720151,0.3257284216986879,0.8738421924051845,0.3214350185078001,0.8781355955960722,0.47870839131255805
s0348,hip_left,0.8818,pelvic_bone,0.5625644192749708,0.9135130219682186,0.4966392238418015,0.9794382174013879,0.4905601830203913,0.9855172582227981,0.7929740271348259
s0348,hip_right,0.8818,pelvic_bone,0.7304107629734462,0.9090225468466527,0.6644855675402769,0.9749477422798221,0.6584065267188667,0.9810267831012323,0.8061850675328738
s0348,iliac_artery_left,0.7879,great_vessel,0.33934314506075636,0.8001414058834581,0.27341794962758703,0.8660666013166274,0.18875826408941676,0.9507262868547977,0.5524248811014539
s0348,iliac_artery_right,0.6346,great_vessel,0.3236868339292933,0.6176967103745511,0.257761638496124,0.6836219058077204,0.17310195295795372,0.7682815913458907,0.4154437079304275
s0348,iliac_vena_left,0.5369,great_vessel,0.4643576249680705,0.790675606275545,0.39843242953490116,0.8566008017087143,0.3137727439967309,0.9412604872468846,0.34450335274751803
s0348,iliac_vena_right,0.5875,great_vessel,0.4368873847300302,0.8390065377964456,0.37096218929686087,0.904931733229615,0.2863025037586906,0.9895914187677852,0.7061858556176036
s0348,iliopsoas_left,0.9073,muscle,0.6789422426355467,0.8630109840016282,0.6130170472023774,0.9289361794347976,0.6087236440114896,0.9332295826256853,0.8396514571159793
s0348,iliopsoas_right,0.9215,muscle,0.7482832142818785,0.8588255352252352,0.6823580188487092,0.9247507306584045,0.6780646156578214,0.9290441338492923,0.752814385554722
s0348,inferior_vena_cava,0.3921,great_vessel,0.3530420731215878,0.7993886651306188,0.2871168776884185,0.8653138605637881,0.2024571921502482,0.9499735461019584,0.625235748846021
s0348,intervertebral_discs,0.8477,vertebrae,0.7278717742852427,0.8423993840149221,0.6619465788520734,0.9083245794480914,0.6865316925419501,0.8837394657582147,0.779247767063762
s0348,kidney_left,0.8059,urinary,0.5866580474182947,0.9060598356855017,0.5207328519851254,0.9719850311186711,0.5077856433996717,0.9849322397041248,0.7889903622308512
s0348,kidney_right,0.654,urinary,0.6105245274001796,0.9029262748459362,0.5445993319670103,0.9688514702791056,0.5316521233815565,0.9817986788645593,0.7921938427133204
s0348,liver,0.4144,solid_abdominal,0.13449015460957026,0.6534756337412363,0.06856495917640093,0.7194008291744056,0.11294819877140272,0.6750175895794038,0.22837793062047396
s0348,pancreas,0.0,solid_abdominal,0.0329213918336366,0.6620659652650914,0.0,0.7279911606982608,0.011379435995469062,0.683607921103259,0.21469532539668
s0348,sacrum,0.7491,pelvic_bone,0.8043574482621877,0.8889726602155318,0.7384322528290184,0.9548978556487011,0.7323532120076082,0.9609768964701113,0.8405489694691377
s0348,small_bowel,0.5354,digestive,0.7402012608306949,0.8471913344674487,0.6742760653975256,0.913116529900618,0.6694945242630228,0.9178980710351208,0.7737557993730805
s0348,spinal_cord,0.867,neuro,0.8017596378353348,0.8951386727265267,0.7358344424021654,0.961063868159696,0.7768383659586063,0.9200599446032551,0.8034270558585328
s0348,spleen,0.0,solid_abdominal,0.13039199866468798,0.748665422243756,0.06446680323151865,0.8145906176769253,0.10885004282652044,0.7702073780819235,0.492666604653983
s0348,stomach,0.0489,digestive,0.054682098431795466,0.6531439007710439,0.0,0.7190690962042132,0.0,0.723850637338716,0.24733968273718096
s0348,vertebrae,0.8999,vertebrae,0.7717917257728394,0.8546220443029197,0.7058665303396701,0.920547239736089,0.7304516440295468,0.8959621260462123,0.8297569663060522
s0100,aorta,0.0,great_vessel,0.1511247141468158,0.4935608616433403,0.08357862088685494,0.5611069549033012,0.04053527618841271,0.6041502996017434,0.22321813263130813
s0100,autochthon_left,0.2155,muscle,0.4534721646762886,0.8782541964390708,0.38592607141632773,0.9458002896990316,0.382553602289308,0.9491727588260513,0.7090487812430012
s0100,autochthon_right,0.1786,muscle,0.36348869598559225,0.8181012701230173,0.2959426027256314,0.8856473633829781,0.29257013359861167,0.8890198325099978,0.6022898461005664
s0100,colon,0.0,digestive,6.378556198545661e-20,0.45827409259119617,0.0,0.5258201858511571,0.0,0.5417073599126594,0.0330936413752452
s0100,iliac_artery_right,0.0,great_vessel,0.0,0.46104459207275683,0.0,0.5285906853327177,0.0,0.57163403003116,0.0
s0100,iliac_vena_left,0.0,great_vessel,0.0,0.5045404500970396,0.0,0.5720865433570005,0.0,0.6151298880554428,0.0
s0100,iliopsoas_left,0.182,muscle,0.03252164186608095,0.6220098434856215,0.0,0.6895559367455824,0.0,0.6929284058726021,0.5198704454037885
s0100,iliopsoas_right,0.3905,muscle,0.23638730857731355,0.7393156263672807,0.1688412153173527,0.8068617196272415,0.16546874619033297,0.8102341887542612,0.5181628392030626
s0100,inferior_vena_cava,0.0,great_vessel,0.10298468998485137,0.6887638246112088,0.03543859672489051,0.7563099178711696,0.0,0.7993532625696118,0.2823165469755845
s0100,intervertebral_discs,0.8168,vertebrae,0.4588190993052706,0.8051633071713544,0.39127300604530973,0.8727094004313153,0.35846265097426583,0.9055197555023592,0.7011840167760244
s0100,sacrum,0.8392,pelvic_bone,0.6701173452395056,0.8891798143061946,0.6025712519795448,0.9567259075661555,0.6168360525381261,0.9424611070075741,0.8035185864183091
s0100,spinal_cord,0.8684,neuro,0.6831869873571913,0.8468070745579412,0.6156408940972304,0.9143531678179021,0.6162858239699427,0.9137082379451898,0.6906949067587147
s0100,vertebrae,0.8717,vertebrae,0.7793250346079167,0.8818345194641372,0.7117789413479558,0.949380612724098,0.6789685862769119,0.9821909677951419,0.8046363869505821
s0038,adrenal_gland_right,0.5242,urinary,0.3726926450454186,0.7464412020144207,0.3066764006939137,0.8124574463659255,0.1486774545763342,0.970456392483505,0.6174012188464382
s0038,autochthon_right,0.2732,muscle,0.375784485711089,0.8326185957431178,0.30976824135958414,0.8986348400946227,0.3256462831030016,0.8827567983512052,0.6976218862399568
s0038,colon,0.2792,digestive,0.4199249199093534,0.8760889624629585,0.3539086755578485,0.9421052068144634,0.38941590237252727,0.9065979799997846,0.7360464386002066
s0038,duodenum,0.0,digestive,0.059090366295444584,0.5983653269879765,0.0,0.6643815713394814,0.028581348758618473,0.6288743445248026,0.2932149935511018
s0038,gallbladder,0.0,solid_abdominal,0.012211767630237838,0.5593504185943603,0.0,0.6253666629458652,0.0,0.6762013407185357,0.0
s0038,iliopsoas_right,0.1376,muscle,0.2941659375708728,0.8665512636959404,0.2281496932193679,0.9325675080474453,0.24402773496278535,0.9166894663040278,0.800041180016478
s0038,inferior_vena_cava,0.0,great_vessel,0.30447419638131223,0.7682671659004503,0.23845795202980735,0.8342834102519552,0.1990802368692871,0.8736611254124754,0.5920492283121652
s0038,intervertebral_discs,0.2954,vertebrae,0.17475903929675288,0.6722639975123343,0.108742794945248,0.7382802418638392,0.055466174271724095,0.7915568625373631,0.2354095049292695
s0038,kidney_right,0.8794,urinary,0.8049806403370127,0.9451802169901152,0.7389643959855078,1.0,0.5809654498679282,1.0,0.8537567621571627
s0038,liver,0.8418,solid_abdominal,0.7232144631456188,0.9273600031545649,0.6571982187941139,0.9933762475060698,0.6063635410214434,1.0,0.846698208819287
s0038,portal_vein_and_splenic_vein,0.0,great_vessel,0.22312534628074107,0.7395317288688835,0.1571091019292362,0.8055479732203884,0.11773138676871595,0.8449256883809086,0.5595521518317921
s0038,small_bowel,0.0,digestive,0.04427642201247444,0.6033841497195719,0.0,0.6694003940710768,0.01376740447564833,0.633893167256398,0.27184191735767493
s0038,vertebrae,0.2757,vertebrae,0.21756527886669955,0.6776734345223037,0.15154903451519466,0.7436896788738085,0.09827241384167076,0.7969662995473324,0.29166177356222556
s0024,adrenal_gland_left,0.2723,urinary,0.09039604902943531,0.4955702051295046,0.023611675332805934,0.5623545788261339,0.0,0.5867695122083253,0.384668346610195
s0024,adrenal_gland_right,0.2791,urinary,0.1935152436026513,0.6008946914556058,0.12673086990602192,0.6676790651522352,0.10231593652383064,0.6920939985344264,0.48049163145587387
s0024,aorta,0.1297,great_vessel,0.6396118937601804,0.8027119604548473,0.572827520063551,0.8694963341514766,0.48465293057828973,0.9576709236367379,0.7934888395098941
s0024,autochthon_left,0.788,muscle,0.7276777799314152,0.8992270344645568,0.6608934062347859,0.9660114081611861,0.674705379872495,0.952199434523477,0.8880627299767836
s0024,autochthon_right,0.8203,muscle,0.7467490452825284,0.8897040316698019,0.679964671585899,0.9564884053664313,0.6937766452236082,0.9426764317287222,0.8797901859202724
s0024,colon,0.6931,digestive,0.766859216738409,0.8598021456714975,0.7000748430417796,0.9265865193681269,0.7275375142006869,0.8991238482092195,0.7856148601707937
s0024,duodenum,0.5791,digestive,0.5830380572726295,0.8064208946439899,0.5162536835760001,0.8732052683406193,0.5437163547349074,0.845742597181712,0.7155286807338911
s0024,esophagus,0.6204,digestive,0.6736145356876523,0.7184289565969206,0.6068301619910229,0.78521333029355,0.6342928331499302,0.7577506591346427,0.6912381907782258
s0024,heart,0.8115,heart,0.6540241330125627,0.8837639472477485,0.5872397593159333,0.9505483209443779,0.4165825078225761,1.0,0.6476219357078961
s0024,iliopsoas_left,0.0,muscle,8.900611934638585e-20,0.442407394597142,0.0,0.5091917682937714,0.0,0.49537979465606224,0.01625878564288755
s0024,inferior_vena_cava,0.7257,great_vessel,0.5685107495369398,0.7462370294186924,0.5017263758403104,0.8130214031153218,0.4135517863550492,0.901195992600583,0.6776025043225719
s0024,intervertebral_discs,0.7189,vertebrae,0.5301395727734259,0.8133837355340541,0.46335519907679656,0.8801681092306834,0.46895972842068034,0.8745635798867997,0.7876446000631919
s0024,kidney_left,0.9094,urinary,0.8555932043000711,0.8917388578467978,0.7888088306034418,0.9585232315434272,0.7643938972212505,0.9829381649256185,0.8907328319343617
s0024,kidney_right,0.9325,urinary,0.8676801236155264,0.9198568312548261,0.800895749918897,0.9866412049514555,0.7764808165367058,1.0,0.8674436318766117
s0024,liver,0.5973,solid_abdominal,0.9288626206944306,0.9464584996343692,0.8620782469978012,1.0,0.8530652469354361,1.0,0.9164512880317452
s0024,lung_left,0.8818,lung,0.8039194840034911,0.8616168323251144,0.7371351103068617,0.9284012060217438,0.7835021190044522,0.8820341973241533,0.8106682331931114
s0024,lung_right,0.8256,lung,0.580607209545134,0.7766028509455356,0.5138228358485046,0.843387224642165,0.5601898445460951,0.7970202159445745,0.6870407883773104
s0024,pancreas,0.0,solid_abdominal,0.49295416629874117,0.6809807533160741,0.4261697926021118,0.7477651270127035,0.41715679253974663,0.7567781270750686,0.4701355533975821
s0024,portal_vein_and_splenic_vein,0.1825,great_vessel,0.13710748918435758,0.6329776165721228,0.07032311548772821,0.6997619902687522,0.0,0.7879365797540134,0.3941875347076238
s0024,small_bowel,0.0232,digestive,0.40075190780291553,0.6296447599813146,0.33396753410628616,0.696429133677944,0.3614302052651935,0.6689664625190367,0.6040234473391578
s0024,spinal_cord,0.8916,neuro,0.7836213282697516,0.8865905252124388,0.7168369545731222,0.9533748989090681,0.7373284819407436,0.9328833715414467,0.8696830791157973
s0024,spleen,0.8051,solid_abdominal,0.8048641528673489,0.9309727763730783,0.7380797791707195,0.9977571500697077,0.7290667791083544,1.0,0.9131353514614945
s0024,stomach,0.7102,digestive,0.7966386496010929,0.8509049829458702,0.7298542759044635,0.9176893566424996,0.7573169470633708,0.8902266854835923,0.8502653209473912
s0024,vertebrae,0.8118,vertebrae,0.5742098958949348,0.8417779557548706,0.5074255221983054,0.9085623294515,0.5130300515421892,0.9029578001076162,0.7896424175280659
s0175,adrenal_gland_right,0.0,urinary,6.039594296773565e-20,0.29138126083739513,0.0,0.35730645627056445,0.0,0.3702536648560182,0.12042821442201797
s0175,aorta,0.8592,great_vessel,0.7782230864462999,0.8721388443616245,0.7122978910131306,0.9380640397947938,0.6276382054749603,1.0,0.8268989033835384
s0175,autochthon_left,0.8994,muscle,0.7593324575592317,0.9128974998065045,0.6934072621260624,0.9788226952396738,0.6891138589351746,0.9831160984305616,0.8202220117509842
s0175,autochthon_right,0.9048,muscle,0.7746782353313123,0.9182018227214559,0.708753039898143,0.9841270181546252,0.7044596367072552,0.988420421345513,0.8536896720884724
s0175,brain,0.9648,neuro,0.9060768022754485,0.9635968102344475,0.8401516068422792,1.0,0.8811555303987201,0.988518082111176,0.935595803110184
s0175,clavicula_left,0.6393,shoulder_bone,0.17307368738579246,0.6529684348045934,0.10714849195262313,0.7188936302377628,0.1314285725000919,0.694613549690294,0.56161546352657
s0175,clavicula_right,0.6036,shoulder_bone,0.26633219781228656,0.6914022036192853,0.20040700237911724,0.7573273990524546,0.224687082926586,0.7330473185049858,0.674395621041823
s0175,colon,0.7939,digestive,0.5836038622082522,0.8034717962036882,0.5176786667750829,0.8693969916368576,0.5128971256405801,0.8741785327713604,0.6662572521649787
s0175,duodenum,0.181,digestive,0.10719554605527214,0.29114745966039607,0.04127035062210281,0.3570726550935654,0.03648880948760001,0.3618541962280682,0.16821925010227365
s0175,esophagus,0.7506,digestive,0.6028952309297084,0.7644309419134023,0.5369700354965391,0.8303561373465717,0.5321884943620363,0.8351376784810745,0.7564675186238694
s0175,femur_left,0.8693,pelvic_bone,0.6084487874662678,0.9081872361953417,0.5425235920330985,0.974112431628511,0.5364445512116883,0.9801914724499212,0.8131910012953101
s0175,femur_right,0.8699,pelvic_bone,0.7529352026442658,0.915218068508079,0.6870100072110965,0.9811432639412483,0.6809309663896863,0.9872223047626585,0.8289035588046547
s0175,gluteus_maximus_left,0.9105,muscle,0.7685463042978171,0.9212491674799401,0.7026211088646478,0.9871743629131094,0.69832770567376,0.9914677661039972,0.8266089288587289
s0175,gluteus_maximus_right,0.8889,muscle,0.7850040550312734,0.9201670456980668,0.719078859598104,0.9860922411312362,0.7147854564072162,0.990385644322124,0.8401339973948075
s0175,gluteus_medius_left,0.9135,muscle,0.5285679971986545,0.8647845490517132,0.4626428017654852,0.9307097444848825,0.45834939857459744,0.9350031476757703,0.799678903676482
s0175,gluteus_medius_right,0.9245,muscle,0.7057844855977784,0.8707489252367854,0.6398592901646091,0.9366741206699547,0.6355658869737213,0.9409675238608425,0.825590232685239
s0175,gluteus_minimus_left,0.8653,muscle,0.3845307962906878,0.8208763034759563,0.3186056008575185,0.8868014989091256,0.3143121976666307,0.8910949021000134,0.7704990208550927
s0175,gluteus_minimus_right,0.8845,muscle,0.5653206231315461,0.8474297713020333,0.49939542769837675,0.9133549667352027,0.49510202450748897,0.9176483699260904,0.8081752639660205
s0175,heart,0.857,heart,0.8861049879718532,0.9246830331374449,0.8201797925386839,0.9906082285706143,0.803380234364933,1.0,0.885986604880467
s0175,hip_left,0.8271,pelvic_bone,0.6273807005999936,0.8487972042393437,0.5614555051668243,0.914722399672513,0.5553764643454141,0.9208014404939232,0.7463675105233253
s0175,hip_right,0.8094,pelvic_bone,0.6282014541859139,0.8262746231796868,0.5622762587527446,0.8921998186128561,0.5561972179313344,0.8982788594342663,0.7453648609884103
s0175,humerus_left,0.6644,shoulder_bone,0.3861608504485579,0.7263791838230862,0.3202356550153886,0.7923043792562555,0.34451573556285736,0.7680242987087867,0.7268981455503385
s0175,humerus_right,0.611,shoulder_bone,0.656170467752727,0.8376872721961995,0.5902452723195577,0.9036124676293689,0.6145253528670265,0.8793323870819001,0.7145284018126997
s0175,iliac_artery_left,0.6176,great_vessel,0.04400176024948448,0.48523869287543014,0.0,0.5511638883085994,0.0,0.6358235738467697,0.4691419295080089
s0175,iliac_artery_right,0.5038,great_vessel,0.06654098648715848,0.48235454594950106,0.0006157910539891509,0.5482797413826703,0.0,0.6329394269208406,0.39895844053020857
s0175,iliac_vena_left,0.5872,great_vessel,0.09453035635901584,0.5249453321085307,0.028605160925846515,0.5908705275417,0.0,0.6755302130798703,0.4654906329053281
s0175,iliac_vena_right,0.6978,great_vessel,0.2705025724729646,0.6926016170698992,0.20457737703979528,0.7585268125030685,0.11991769150162501,0.8431864980412388,0.7683597136996848
s0175,iliopsoas_left,0.8457,muscle,0.6028177633786019,0.7884996655404133,0.5368925679454326,0.8544248609735826,0.5325991647545448,0.8587182641644704,0.7229818682008241
s0175,iliopsoas_right,0.8673,muscle,0.7088221619278249,0.8823658927065642,0.6428969664946556,0.9482910881397335,0.6386035633037678,0.9525844913306213,0.7761069489502608
s0175,inferior_vena_cava,0.5495,great_vessel,0.7223208410718461,0.8278081832022431,0.6563956456386768,0.8937333786354125,0.5717359601005065,0.9783930641735827,0.8418503772974065
s0175,intervertebral_discs,0.6503,vertebrae,0.6098737685115879,0.7823879805995119,0.5439485730784186,0.8483131760326812,0.5685336867682953,0.8237280623428045,0.6731385700815065
s0175,kidney_left,0.4413,urinary,0.7352852706576668,0.8514097622553037,0.6693600752244975,0.9173349576884731,0.6564128666390437,0.9302821662739268,0.8108115013288714
s0175,kidney_right,0.7272,urinary,0.7428852941647778,0.8663304680032495,0.6769600987316085,0.9322556634364189,0.6640128901461547,0.9452028720218726,0.8658646976950479
s0175,liver,0.8367,solid_abdominal,0.8940423526134561,0.9246345338391222,0.8281171571802868,0.9905597292722915,0.8725003967752886,0.9461764896772897,0.8744171298001976
s0175,lung_left,0.9532,lung,0.9481313930099027,0.9501939787540381,0.8822061975767334,1.0,0.8959017955248441,1.0,0.965248435449482
s0175,lung_right,0.9722,lung,0.9124124301444625,0.9781966527739331,0.8464872347112932,1.0,0.8601828326594039,1.0,0.9737217267348715
s0175,pancreas,0.2684,solid_abdominal,0.16252973972680992,0.608767519752912,0.0966045442936406,0.6746927151860813,0.1409877838886424,0.6303094755910795,0.6138652558830393
s0175,portal_vein_and_splenic_vein,0.4541,great_vessel,0.13090626367414895,0.3943167995654165,0.06498106824097963,0.4602419949985858,0.0,0.5449016805367561,0.29268119859690866
s0175,prostate,0.463,reproductive,0.20518873179427502,0.5924603014961555,0.1392635363611057,0.6583854969293248,0.1392635363611057,0.6583854969293248,0.2753372695580705
s0175,sacrum,0.7508,pelvic_bone,0.7371251331578623,0.8297654531566164,0.671199937724693,0.8956906485897858,0.6651208969032828,0.901769689411196,0.8132109296119219
s0175,scapula_left,0.4791,shoulder_bone,0.34471631693247673,0.7288430344634637,0.2787911214993074,0.794768229896633,0.3030712020467762,0.7704881493491642,0.5825415381137812
s0175,scapula_right,0.5072,shoulder_bone,0.39479976338017364,0.7268307373178018,0.3288745679470043,0.7927559327509711,0.3531546484944731,0.7684758522035023,0.6502646233771303
s0175,small_bowel,0.5898,digestive,0.5124095990899551,0.8331052943320528,0.44648440365678577,0.8990304897652222,0.44170286252228297,0.903812030899725,0.7816582399196454
s0175,spinal_cord,0.2912,neuro,0.80174468610172,0.841485251689962,0.7358194906685507,0.9074104471231313,0.7768234142249916,0.8664065235666905,0.7211851718826189
s0175,spleen,0.6291,solid_abdominal,0.7445175012107569,0.8882970109223289,0.6785923057775876,0.9542222063554983,0.7229755453725893,0.9098389667604965,0.8269508970546808
s0175,stomach,0.5285,digestive,0.7020656239749418,0.8653241794235269,0.6361404285417724,0.9312493748566962,0.6313588874072696,0.936030915991199,0.8546469855855015
s0175,urinary_bladder,0.9218,urinary,0.7075279883759846,0.8997689972577789,0.6416027929428153,0.9656941926909482,0.6286555843573616,0.978641401276402,0.9164052240883426
s0175,vertebrae,0.7345,vertebrae,0.6688145202888495,0.8639132927834193,0.6028893248556801,0.9298384882165887,0.6274744385455568,0.905253374526712,0.7012249118927173
s0505,aorta,0.9008,great_vessel,0.8284911281789039,0.8675437963264174,0.762474883827399,0.9335600406779223,0.7230971686668788,0.9729377558384426,0.8291812708467964
s0505,clavicula_left,0.5061,shoulder_bone,0.02324857145591088,0.5234016286554386,0.0,0.5894178730069435,0.0,0.5611128778868008,0.23855636264824068
s0505,clavicula_right,0.0,shoulder_bone,0.0,0.6173384996393139,0.0,0.6833547439908187,0.0,0.655049748870676,0.036886279274171034
s0505,esophagus,0.2489,digestive,0.013123701541617268,0.4508328987116932,0.0,0.5168491430631981,0.0,0.4813419162485193,0.2007486084307633
s0505,heart,0.7668,heart,0.763722469542889,0.9346286561381774,0.6977062251913841,1.0,0.6622574257338444,1.0,0.8450298472961271
s0505,inferior_vena_cava,0.729,great_vessel,0.5286356048334586,0.7409413546854848,0.46261936048195373,0.8069575990369897,0.4232416453214335,0.84633531419751,0.6545802418586343
s0505,intervertebral_discs,0.7102,vertebrae,0.43909236928915274,0.7696174898340653,0.37307612493764786,0.8356337341855702,0.31979950426412396,0.8889103548590941,0.5900107104193715
s0505,kidney_right,0.0,urinary,0.0,0.6236045054464183,0.0,0.6896207497979232,0.0,0.8476196959155027,0.3340637291222803
s0505,liver,0.9169,solid_abdominal,0.7782231672287122,0.9539616789083611,0.7122069228772073,1.0,0.6613722451045368,1.0,0.8844480755494601
s0505,lung_left,0.9227,lung,0.8571716665802961,0.9644544301222254,0.7911554222287912,1.0,0.8344194249885986,0.987206671713923,0.9160207998653526
s0505,lung_right,0.9319,lung,0.8800461377053922,0.9742507193850888,0.8140298933538873,1.0,0.8572938961136947,0.9970029609767863,0.9350744907717976
s0505,spinal_cord,0.7277,neuro,0.19912246478662973,0.6381167895028782,0.13310622043512485,0.7041330338543831,0.04236851341449263,0.7948707408750153,0.44330610542615184
s0505,spleen,0.7819,solid_abdominal,0.3502889669588704,0.8431944254371506,0.2842727226073655,0.9092106697886555,0.23343804483469505,0.960045347561326,0.6691452357506675
s0505,stomach,0.8769,digestive,0.7275538720059455,0.9169132222684876,0.6615376276544406,0.9829294666199925,0.6970448544691193,0.9474222398053137,0.7522944383942665
s0505,vertebrae,0.8092,vertebrae,0.7102646200653177,0.8650055902226935,0.6442483757138128,0.9310218345741984,0.5909717550402889,0.9842984552477223,0.7842839003819417
s0309,adrenal_gland_left,0.6881,urinary,0.2752678852151885,0.5928257868778471,0.17802485334435125,0.6900688187486844,0.055077643948384214,0.8130160281446515,0.32474078235539483
s0309,adrenal_gland_right,0.2702,urinary,0.15060385921994576,0.30085707438089765,0.05336082734910849,0.3981001062517349,0.0,0.521047315647702,0.17881431374095275
s0309,aorta,0.9088,great_vessel,0.7124057551958634,0.8213208519837859,0.6151627233250261,0.9185638838546232,0.5627684741832835,0.9709581329963658,0.784865366080563
s0309,autochthon_left,0.931,muscle,0.8935776109997818,0.9255628926375117,0.7963345791289446,1.0,0.8213844950989846,0.997756008538309,0.9182865700154151
s0309,autochthon_right,0.938,muscle,0.9026417634800747,0.9083752251567342,0.8053987316092375,1.0,0.8304486475792774,0.9805683410575314,0.8731337673311045
s0309,colon,0.8557,digestive,0.5513720043234391,0.8180186725545978,0.45412897245260186,0.9152617044254351,0.473382166791636,0.8960085100864009,0.6915889328543992
s0309,duodenum,0.5391,digestive,0.44042094905714385,0.6989028095918084,0.3431779171863066,0.7961458414626457,0.36243111152534074,0.7768926471236115,0.5311645244691668
s0309,esophagus,0.6528,digestive,0.153376788811592,0.5294206396005826,0.05613375694075473,0.6266636714714199,0.0753869512797889,0.6074104771323857,0.2698426163126447
s0309,gallbladder,0.9046,solid_abdominal,0.3357369159443746,0.8371538214593546,0.23849388407353733,0.9343968533301918,0.19362491036334695,0.9792658270403822,0.6560390909988826
s0309,heart,0.9501,heart,0.8334774146557575,0.9499290546638716,0.7362343827849203,1.0,0.7362343827849203,1.0,0.937456299792968
s0309,iliac_artery_left,0.0,great_vessel,0.0,0.32214488502431343,0.0,0.4193879168951507,0.0,0.4717821660368933,0.0011559063990175971
s0309,iliac_artery_right,0.0,great_vessel,0.0,0.3737811575998078,0.0,0.47102418947064506,0.0,0.5234184386123877,0.0455513871465769
s0309,iliopsoas_left,0.926,muscle,0.6958315029293225,0.8434319723983142,0.5985884710584852,0.9406750042691515,0.6236383870285251,0.9156250882991115,0.6820380225944151
s0309,iliopsoas_right,0.8615,muscle,0.7576928308776073,0.8551542576263902,0.66044979900677,0.9523972894972275,0.6854997149768101,0.9273473735271875,0.683826728708685
s0309,inferior_vena_cava,0.8122,great_vessel,0.6315549136534716,0.8506587321996816,0.5343118817826343,0.9479017640705188,0.4819176326408917,1.0,0.6697122287842844
s0309,intervertebral_discs,0.8882,vertebrae,0.7915067481429748,0.8579165067834045,0.6942637162721376,0.9551595386542417,0.5385080272217402,1.0,0.6994919846843526
s0309,kidney_left,0.9311,urinary,0.8467203222731612,0.8770081191778515,0.7494772904023239,0.9742511510486888,0.6265300810063569,1.0,0.8240012654221839
s0309,kidney_right,0.4049,urinary,0.4564566480579085,0.7065971210151463,0.3592136161870712,0.8038401528859835,0.23626640679110417,0.9267873622819506,0.5284641042482406
s0309,liver,0.9466,solid_abdominal,0.7420094233305624,0.9278865931334433,0.6447663914597251,1.0,0.5998974177495348,1.0,0.9245997477397679
s0309,lung_left,0.9353,lung,0.966406043471632,0.94001397525324,0.8691630116007947,1.0,0.7926595342969496,1.0,0.8720321098163153
s0309,lung_right,0.9484,lung,0.9238586302819815,0.9325167924046494,0.8266155984111442,1.0,0.7501121211072991,1.0,0.8545045937234304
s0309,pancreas,0.8379,solid_abdominal,0.48869966107420765,0.7506758346233059,0.3914566292033704,0.8479188664941432,0.34658765549318,0.8927878402043335,0.5523720793234823
s0309,portal_vein_and_splenic_vein,0.7402,great_vessel,0.3045276919884256,0.6377731227213119,0.20728466011758834,0.7350161545921492,0.15489041097584572,0.7874104037338918,0.4361937150540488
s0309,small_bowel,0.8137,digestive,0.6713979610878733,0.8448975100926248,0.574154929217036,0.9421405419634621,0.5934081235560702,0.9228873476244279,0.7571986588829078
s0309,spinal_cord,0.8333,neuro,0.7957964716072915,0.8634771682705866,0.6985534397364542,0.9607202001414239,0.7758586467015246,0.8834149931763535,0.6766932107799509
s0309,spleen,0.9131,solid_abdominal,0.8252239001896776,0.9054123645147879,0.7279808683188403,1.0,0.68311189460865,1.0,0.8556350609052575
s0309,stomach,0.8929,digestive,0.748218960371657,0.9012948213756603,0.6509759285008198,0.9985378532464976,0.6702291228398539,0.9792846589074634,0.8264065056100536
s0309,vertebrae,0.8909,vertebrae,0.8490410416400366,0.8703480015102766,0.7517980097691993,0.9675910333811139,0.5960423207188019,1.0,0.7935905460631485
s0459,autochthon_left,0.8046,muscle,0.8104575394680019,0.8865216649331578,0.7429114462080411,0.9540677581931186,0.7395389770810213,0.9574402273201383,0.8511336061442282
s0459,autochthon_right,0.7203,muscle,0.8201875673281815,0.8957631500589271,0.7526414740682207,0.963309243318888,0.749269004941201,0.9666817124459077,0.8550423264186225
s0459,colon,0.1713,digestive,0.3094398044804542,0.6078016050148876,0.24189371122049336,0.6753476982748484,0.22600653715899094,0.6912348723363508,0.5848679008278506
s0459,gluteus_maximus_left,0.5124,muscle,0.5789447757542926,0.8869289843336018,0.5113986824943317,0.9544750775935626,0.508026213367312,0.9578475467205824,0.8071981862673222
s0459,gluteus_maximus_right,0.7097,muscle,0.693000243812315,0.8927840476017505,0.6254541505523541,0.9603301408617113,0.6220816814253344,0.963702609988731,0.8105322904178811
s0459,gluteus_medius_left,0.524,muscle,0.3969586321749758,0.8817387345754586,0.32941253891501493,0.9492848278354195,0.3260400697879952,0.9526572969624392,0.7744915028536937
s0459,gluteus_medius_right,0.3339,muscle,0.6430849859781238,0.8884085656539771,0.5755388927181629,0.9559546589139379,0.5721664235911432,0.9593271280409577,0.834379789395903
s0459,gluteus_minimus_left,0.0,muscle,0.05693920000000004,0.6073413738030415,0.0,0.6748874670630024,0.0,0.6782599361900221,0.0
s0459,hip_left,0.7297,pelvic_bone,0.6625168094665392,0.8688940646622778,0.5949707162065784,0.9364401579222387,0.6092355167651597,0.9221753573636573,0.8146717379720579
s0459,hip_right,0.78,pelvic_bone,0.6867425408455918,0.8512132308708145,0.619196447585631,0.9187593241307753,0.6334612481442123,0.904494523572194,0.7675157017435393
s0459,iliac_artery_left,0.0,great_vessel,0.16145514799037614,0.3989927160552395,0.09390905473041528,0.46653880931520036,0.050865710031973044,0.5095821540136426,0.2135650019071598
s0459,iliac_artery_right,0.0,great_vessel,0.08202173415424825,0.4572817199332538,0.014475640894287392,0.5248278131932147,0.0,0.5678711578916569,0.11223667775284792
s0459,iliac_vena_left,0.4927,great_vessel,0.42075994542903505,0.6809457880726943,0.3532138521690742,0.7484918813326552,0.31017050747063196,0.7915352260310975,0.5260470041755188
s0459,iliac_vena_right,0.4404,great_vessel,0.44102905277126003,0.7372500740130984,0.3734829595112992,0.8047961672730592,0.33043961481285694,0.8478395119715014,0.5536847721732989
s0459,iliopsoas_left,0.1797,muscle,0.6314137576217164,0.8932630626666509,0.5638676643617555,0.9608091559266118,0.5604951952347358,0.9641816250536315,0.8326170526451013
s0459,iliopsoas_right,0.2456,muscle,0.6210277505984446,0.8439399661014033,0.5534816573384838,0.9114860593613642,0.550109188211464,0.9148585284883839,0.6541560744364084
s0459,intervertebral_discs,0.6864,vertebrae,0.537050668812482,0.8135086902828983,0.4695045755525211,0.8810547835428592,0.4366942204814772,0.9138651386139031,0.6528931594533346
s0459,sacrum,0.7176,pelvic_bone,0.8409923584443392,0.8935097826456855,0.7734462651843783,0.9610558759056463,0.7877110657429597,0.946791075347065,0.8197596394367496
s0459,small_bowel,0.0,digestive,0.1484947404054799,0.6927968822956355,0.08094864714551905,0.7603429755555964,0.06506147308401664,0.7762301496170988,0.28817139802357805
s0459,spinal_cord,0.7139,neuro,0.7460649968258715,0.8031372959461902,0.6785189035659106,0.8706833892061511,0.6791638334386229,0.8700384593334388,0.7141900454509805
s0459,vertebrae,0.2476,vertebrae,0.3843101668534837,0.8308431946033431,0.3167640735935228,0.898389287863304,0.2839537185224789,0.9311996429343479,0.594811227064706
s0342,adrenal_gland_left,0.742,urinary,0.4269932264196882,0.725775464948793,0.3602088527230588,0.7925598386454223,0.33579391934086755,0.8169747720276136,0.4837196355432601
s0342,adrenal_gland_right,0.711,urinary,0.5417712933439417,0.8158340123121965,0.4749869196473123,0.8826183860088259,0.45057198626512107,0.9070333193910172,0.6492711141471951
s0342,aorta,0.807,great_vessel,0.6439383839258652,0.8666074263771483,0.5771540102292358,0.9333918000737776,0.4889794207439746,1.0,0.7973024617387899
s0342,autochthon_left,0.9034,muscle,0.8579454881527285,0.9380895082031914,0.7911611144560992,1.0,0.8049730880938083,0.9910619082621116,0.9151680645815216
s0342,autochthon_right,0.8704,muscle,0.857171943612045,0.9315491135380007,0.7903875699154156,0.9983334872346301,0.8041995435531247,0.984521513596921,0.8848972749756175
s0342,colon,0.8565,digestive,0.6321981845860833,0.8602289159693904,0.565413810889454,0.9270132896660198,0.5928764820483613,0.8995506185071125,0.7287018822851241
s0342,duodenum,0.7484,digestive,0.4895133077930231,0.8152603391995601,0.4227289340963937,0.8820447128961895,0.45019160525530105,0.8545820417372821,0.6593126957999264
s0342,esophagus,0.7799,digestive,0.5689833322914687,0.74857184737514,0.5021989585948393,0.8153562210717694,0.5296616297537466,0.7878935499128621,0.7179884484914534
s0342,gallbladder,0.8235,solid_abdominal,0.4524280023274497,0.8491997759949015,0.3856436286308203,0.9159841496915309,0.37663062856845514,0.924997149753896,0.6058549367964576
s0342,gluteus_maximus_left,0.0,muscle,0.4510738922890811,0.854065152790485,0.38428951859245175,0.9208495264871144,0.3981014922301609,0.9070375528494052,0.7203116847824651
s0342,gluteus_maximus_right,0.0,muscle,0.5338613756668589,0.8534087535814885,0.4670770019702295,0.9201931272781179,0.48088897560793864,0.9063811536404087,0.617013570092031
s0342,gluteus_medius_left,0.0,muscle,0.5394906622604847,0.8655470730228912,0.4727062885638553,0.9323314467195206,0.48651826220156447,0.9185194730818115,0.79940935633013
s0342,gluteus_medius_right,0.0,muscle,0.5567286973511794,0.8645985326848609,0.48994432365455,0.9313829063814902,0.5037562972922591,0.9175709327437811,0.7521655259952896
s0342,heart,0.82,heart,0.7850262394492166,0.9218580098554209,0.7182418657525872,0.9886423835520503,0.54758461425923,1.0,0.9384008596962939
s0342,hip_left,0.783,pelvic_bone,0.6740839088623906,0.8754516018197792,0.6072995351657612,0.9422359755164086,0.6073676836281924,0.9421678270539774,0.7231483407869863
s0342,hip_right,0.4736,pelvic_bone,0.5810864226683905,0.7449209109056216,0.5143020489717611,0.811705284602251,0.5143701974341923,0.8116371361398198,0.593695494157692
s0342,iliac_artery_left,0.871,great_vessel,0.5847654966142908,0.7280774047850489,0.5179811229176614,0.7948617784816783,0.42980653343240016,0.8830363679669395,0.6440601766052947
s0342,iliac_artery_right,0.7841,great_vessel,0.642525749413581,0.7750447175578564,0.5757413757169516,0.8418290912544858,0.48756678623169036,0.930003680739747,0.8257092324769919
s0342,iliac_vena_left,0.789,great_vessel,0.5860389030387272,0.7821658944533734,0.5192545293420978,0.8489502681500027,0.43107993985683657,0.937124857635264,0.7371169947273991
s0342,iliac_vena_right,0.755,great_vessel,0.6653497762919541,0.8214314548802208,0.5985654025953248,0.8882158285768502,0.5103908131100635,0.9763904180621115,0.794153839315313
s0342,iliopsoas_left,0.9106,muscle,0.8033166407334255,0.9126853792768798,0.7365322670367961,0.9794697529735091,0.7503442406745052,0.9656577793358,0.8291966249439883
s0342,iliopsoas_right,0.8805,muscle,0.8364176526633272,0.9057858640093216,0.7696332789666979,0.972570237705951,0.783445252604407,0.9587582640682418,0.7637808463586278
s0342,inferior_vena_cava,0.7164,great_vessel,0.583014518477068,0.8836786315705172,0.5162301447804386,0.9504630052671466,0.42805555529517736,1.0,0.7607390361649111
s0342,intervertebral_discs,0.8057,vertebrae,0.7655819486665518,0.8586275700691801,0.6987975749699225,0.9254119437658095,0.7044021043138062,0.9198074144219257,0.7822716363338994
s0342,kidney_left,0.9204,urinary,0.760536837731181,0.9169964563799106,0.6937524640345516,0.9837808300765399,0.6693375306523603,1.0,0.8801925346407694
s0342,kidney_right,0.9412,urinary,0.85989646655235,0.9226009799790604,0.7931120928557206,0.9893853536756898,0.7686971594735293,1.0,0.8605506231342492
s0342,liver,0.9635,solid_abdominal,0.8952904661853024,0.9545356461356047,0.828506092488673,1.0,0.8194930924263079,1.0,0.9312047095580428
s0342,lung_left,0.8847,lung,0.9243321817578937,0.9444836851693016,0.8575478080612643,1.0,0.9039148167588548,0.9649010501683405,0.9078300626161746
s0342,lung_right,0.9183,lung,0.9194935574245446,0.9599995673347972,0.8527091837279153,1.0,0.8990761924255057,0.9804169323338361,0.9592553676356729
s0342,pancreas,0.7685,solid_abdominal,0.5460152748390331,0.866034440641705,0.47923090114240374,0.9328188143383344,0.4702179010800386,0.9418318144006995,0.6483381625906115
s0342,portal_vein_and_splenic_vein,0.748,great_vessel,0.4445558103261405,0.6820776945442893,0.3777714366295111,0.7488620682409187,0.2895968471442499,0.83703665772618,0.6504203951016725
s0342,sacrum,0.6398,pelvic_bone,0.6669929359013658,0.8184305991357708,0.6002085622047364,0.8852149728324001,0.6002767106671676,0.8851468243699689,0.7716739644719282
s0342,small_bowel,0.7357,digestive,0.5938665445605511,0.8935914187947592,0.5270821708639217,0.9603757924913886,0.554544842022829,0.9329131213324813,0.7563788584300668
s0342,spinal_cord,0.7374,neuro,0.6577326078390642,0.8973995974898822,0.5909482341424348,0.9641839711865116,0.6114397615100562,0.9436924438188902,0.7002804085347607
s0342,spleen,0.9217,solid_abdominal,0.6651957401616991,0.9073982023700607,0.5984113664650698,0.9741825760666901,0.5893983664027046,0.9831955761290553,0.8125927191072723
s0342,stomach,0.9261,digestive,0.5788774848499312,0.9077213637545375,0.5120931111533018,0.9745057374511669,0.5395557823122091,0.9470430662922595,0.9094713513161453
s0342,vertebrae,0.8095,vertebrae,0.7985638614390643,0.9086542020489425,0.731779487742435,0.9754385757455719,0.7373840170863187,0.9698340464016881,0.8515122563581836
s0002,adrenal_gland_left,0.1,urinary,6.039594296773565e-20,0.3748787151722762,0.0,0.44080391060544555,0.0,0.4537511191908993,0.4245751266405425
s0002,adrenal_gland_right,0.4185,urinary,0.4076754052923119,0.6585781193858249,0.34175020985914256,0.7245033148189942,0.32880300127368883,0.7374505234044479,0.6025369049027033
s0002,aorta,0.6104,great_vessel,0.615632489500357,0.7546266484025909,0.5497072940671877,0.8205518438357602,0.4650476085290174,0.9052115293739305,0.5575316148054723
s0002,autochthon_left,0.897,muscle,0.7951616549995281,0.8764431178410875,0.7292364595663587,0.9423683132742569,0.724943056375471,0.9466617164651446,0.8962621041725182
s0002,autochthon_right,0.8303,muscle,0.786889743596374,0.8827392784494235,0.7209645481632047,0.9486644738825928,0.7166711449723169,0.9529578770734806,0.9043218287572365
s0002,colon,0.5879,digestive,0.8263319951624533,0.8767463076285328,0.7604067997292839,0.9426715030617021,0.7556252585947811,0.9474530441962049,0.8142746515451762
s0002,duodenum,0.1013,digestive,0.3210475787943849,0.6034143959932983,0.25512238336121557,0.6693395914264676,0.25034084222671277,0.6741211325609704,0.36013398833547805
s0002,esophagus,0.6136,digestive,0.5025803101534774,0.7528477223954798,0.43665511472030805,0.8187729178286491,0.43187357358580525,0.8235544589631519,0.6019372748898991
s0002,heart,0.8789,heart,0.8787799412815486,0.9202912351658068,0.8128547458483792,0.9862164305989761,0.7960551876746284,1.0,0.9312909927498779
s0002,iliopsoas_left,0.6684,muscle,0.5891027942649736,0.7077937438627367,0.5231775988318043,0.7737189392959061,0.5188841956409165,0.7780123424867939,0.5970840487302096
s0002,iliopsoas_right,0.6282,muscle,0.3738086214609391,0.7049044287881293,0.30788342602776975,0.7708296242212986,0.30359002283688197,0.7751230274121864,0.6489595995697236
s0002,inferior_vena_cava,0.0854,great_vessel,0.22243020010030962,0.47324103279410484,0.1565050046671403,0.5391662282272742,0.07184531912897002,0.6238259137654445,0.24056999164811413
s0002,intervertebral_discs,0.7672,vertebrae,0.7065435436120037,0.8219589842946609,0.6406183481788343,0.8878841797278302,0.665203461868711,0.8632990660379535,0.7624352783419132
s0002,kidney_left,0.9214,urinary,0.8445817511581539,0.9106306176272652,0.7786565557249846,0.9765558130604345,0.7657093471395309,0.9895030216458882,0.8915933106250099
s0002,kidney_right,0.9128,urinary,0.7853430436022077,0.9158227040293901,0.7194178481690384,0.9817478994625595,0.7064706395835847,0.9946951080480132,0.8668217937867638
s0002,liver,0.8858,solid_abdominal,0.8984960715146925,0.9254515259738647,0.8325708760815231,0.991376721407034,0.8769541156765249,0.9469934818120322,0.9182046551598101
s0002,lung_left,0.9291,lung,0.7501606117804274,0.9364131193110673,0.684235416347258,1.0,0.6979310142953687,0.9886427167961259,0.9451512873186457
s0002,lung_right,0.911,lung,0.9188986745685861,0.9311486895723576,0.8529734791354168,0.997073885005527,0.8666690770835275,0.9833782870574163,0.9379626935116151
s0002,pancreas,0.0363,solid_abdominal,0.5745596956806224,0.7360033191855163,0.508634500247453,0.8019285146186856,0.5530177398424548,0.7575452750236839,0.6636653192699219
s0002,portal_vein_and_splenic_vein,0.0161,great_vessel,0.3530645232097557,0.6345887143999756,0.28713932777658635,0.7005139098331449,0.20247964223841608,0.7851735953713151,0.5356571825308133
s0002,small_bowel,0.2913,digestive,0.688491375947455,0.8495293923325308,0.6225661805142857,0.9154545877657001,0.6177846393797829,0.9202361289002029,0.7483439589137336
s0002,spinal_cord,0.8977,neuro,0.8964328031774361,0.8933209824893359,0.8305076077442668,0.9592461779225052,0.8715115313007077,0.9182422543660643,0.8623966763515655
s0002,spleen,0.879,solid_abdominal,0.5892659757030136,0.9166376569362193,0.5233407802698443,0.9825628523693887,0.5677240198648461,0.9381796127743869,0.8471472857683513
s0002,stomach,0.2367,digestive,0.5094565746085016,0.7303156746108217,0.44353137917533225,0.796240870043991,0.43874983804082945,0.8010224111784938,0.6321765583528408
s0002,vertebrae,0.8333,vertebrae,0.6962454065093902,0.8326528698254733,0.6303202110762208,0.8985780652586426,0.6549053247660975,0.8739929515687659,0.7986215215120063
s0015,adrenal_gland_left,0.5708,urinary,0.5096788870992905,0.7254242274866841,0.4421327938393297,0.792970320746645,0.40383470044011727,0.8312684141458574,0.7224878056214693
s0015,aorta,0.8417,great_vessel,0.8381944758241834,0.8539279386556139,0.7706483825642225,0.9214740319155748,0.7276050378657803,0.9645173766140169,0.7826391061456107
s0015,autochthon_left,0.9389,muscle,0.9081199097671617,0.9376128169145024,0.8405738165072009,1.0,0.8372013473801811,1.0,0.9198357312859922
s0015,autochthon_right,0.9364,muscle,0.8931861359675887,0.9322893723377466,0.8256400427076278,0.9998354655977074,0.8222675735806081,1.0,0.9124782446474331
s0015,colon,0.818,digestive,0.6793861214716983,0.8955595986989099,0.6118400282117374,0.9631056919588707,0.595952854150235,0.9789928660203732,0.8060262029636185
s0015,duodenum,0.027,digestive,0.1415130749480905,0.5792489687743513,0.07396698168812965,0.6467950620343121,0.05807980762662723,0.6626822360958146,0.3898475673555654
s0015,gallbladder,0.7102,solid_abdominal,0.7977347822145213,0.8723304880128256,0.7301886889545605,0.9398765812727865,0.6015097463804558,1.0,0.7985003388791058
s0015,gluteus_medius_left,0.5899,muscle,0.061882270372255875,0.543323570043332,0.0,0.6108696633032928,0.0,0.6142421324303126,0.31380449581519726
s0015,gluteus_medius_right,0.8879,muscle,0.27873148002563153,0.7333622808134794,0.21118538676567067,0.8009083740734403,0.20781291763865095,0.80428084320046,0.705451722629295
s0015,hip_left,0.6414,pelvic_bone,0.10644281132631593,0.6682822187105647,0.03889671806635507,0.7358283119705256,0.05316151862493644,0.7215635114119442,0.5045822610874987
s0015,hip_right,0.6625,pelvic_bone,0.33857227698884107,0.7214237405928274,0.2710261837288802,0.7889698338527883,0.2852909842874616,0.7747050332942069,0.6379630881432318
s0015,iliac_artery_left,0.7332,great_vessel,0.2543061501046765,0.6311143849642539,0.18676005684471564,0.6986604782242147,0.1437167121462734,0.7417038229226569,0.5312041010601629
s0015,iliac_artery_right,0.4249,great_vessel,0.07991097873073329,0.3415976327683517,0.012364885470772427,0.40914372602831256,0.0,0.4521870707267548,0.1298201587576755
s0015,iliac_vena_left,0.5184,great_vessel,0.14766195372862892,0.626183028283815,0.08011586046866806,0.6937291215437759,0.03707251577022583,0.7367724662422181,0.5776533720679439
s0015,iliac_vena_right,0.3973,great_vessel,0.13713739322307258,0.5986147051015863,0.06959129996311172,0.6661607983615472,0.026547955264669493,0.7092041430599894,0.5085653908938795
s0015,iliopsoas_left,0.7142,muscle,0.7566849429834824,0.8139246953896495,0.6891388497235216,0.8814707886496104,0.6857663805965019,0.8848432577766301,0.7407386605745473
s0015,iliopsoas_right,0.804,muscle,0.8463400776209771,0.8775306156414105,0.7787939843610162,0.9450767089013714,0.7754215152339965,0.9484491780283911,0.8696235700383574
s0015,inferior_vena_cava,0.322,great_vessel,0.6163259487940836,0.752278506817191,0.5487798555341228,0.8198246000771519,0.5057365108356806,0.862867944775594,0.7089222279679902
s0015,intervertebral_discs,0.8613,vertebrae,0.6867159507937236,0.8232397416194158,0.6191698575337627,0.8907858348793767,0.5863595024627188,0.9235961899504206,0.7682164163093599
s0015,kidney_left,0.2091,urinary,0.8010427298140445,0.855310110458416,0.7334966365540836,0.9228562037183768,0.6951985431548712,0.9611542971175893,0.7959821843563656
s0015,kidney_right,0.0,urinary,0.05693920000000004,0.5152635930684752,0.0,0.5828096863284361,0.0,0.6211077797276485,0.00370437795236118
s0015,liver,0.9133,solid_abdominal,0.9036598228851324,0.964048231097351,0.8361137296251715,1.0,0.7074347870510669,1.0,0.9146889319326107
s0015,lung_left,0.7613,lung,0.6485526895621526,0.853930999037686,0.5810065963021918,0.9214770922976468,0.621593034242268,0.8808906543575706,0.7286734948584603
s0015,lung_right,0.8318,lung,0.6792553681471996,0.8164940321992115,0.6117092748872387,0.8840401254591723,0.6522957128273149,0.8434536875190961,0.7538998665911887
s0015,pancreas,0.3678,solid_abdominal,0.5804869220521948,0.8228299615051119,0.5129408287922339,0.8903760547650728,0.3842618862181293,1.0,0.777019629432715
s0015,portal_vein_and_splenic_vein,0.4569,great_vessel,0.06316002686534922,0.48335698171032204,0.0,0.5509030749702829,0.0,0.5939464196687252,0.1505813764834516
s0015,small_bowel,0.6803,digestive,0.5564249049466096,0.8450524249335989,0.4888788116866487,0.9125985181935597,0.4729916376251463,0.9284856922550622,0.7214451765115845
s0015,spinal_cord,0.888,neuro,0.8638115413442834,0.8701814135409722,0.7962654480843225,0.9377275068009331,0.7969103779570348,0.9370825769282208,0.864332364015651
s0015,spleen,0.9202,solid_abdominal,0.7582609189488412,0.9207966665743926,0.6907148256888803,0.9883427598343535,0.5620358831147757,1.0,0.9134695330345949
s0015,stomach,0.5614,digestive,0.7240599113683631,0.8605509788301619,0.6565138181084023,0.9280970720901227,0.6406266440468998,0.9439842461516251,0.7876938979881296
s0015,vertebrae,0.886,vertebrae,0.8403293579016176,0.8981203233305197,0.7727832646416567,0.9656664165904806,0.7399729095706128,0.9984767716615245,0.8650584327266676
s0143,adrenal_gland_left,0.6597,urinary,0.24662538568906614,0.7750551247093148,0.18060914133756126,0.8410713690608197,0.022610195219981727,0.9990703151783993,0.6612444238879596
s0143,adrenal_gland_right,0.7535,urinary,0.1902560313825838,0.7229743480179027,0.12423978703107891,0.7889905923694076,0.0,0.9469895384869871,0.6045756928613365
s0143,aorta,0.8597,great_vessel,0.7951803171164947,0.8682645055135163,0.7291640727649898,0.9342807498650212,0.6897863576044696,0.9736584650255414,0.836950769973205
s0143,autochthon_left,0.9436,muscle,0.8712019688160832,0.9317533930509518,0.8051857244645784,0.9977696374024567,0.8210637662079958,0.9818915956590393,0.938482001771815
s0143,autochthon_right,0.9441,muscle,0.8568817457021868,0.9280758892852792,0.7908655013506819,0.9940921336367841,0.8067435430940993,0.9782140918933666,0.9050087315307423
s0143,colon,0.9102,digestive,0.6154215216779719,0.8560006167806158,0.549405277326467,0.9220168611321207,0.5849125041411458,0.8865096343174419,0.7906031430203764
s0143,duodenum,0.8839,digestive,0.7180009817164881,0.82700101115779,0.6519847373649832,0.8930172555092949,0.687491964179662,0.8575100286946161,0.7767987437238559
s0143,esophagus,0.8358,digestive,0.702882177588859,0.7671443216865349,0.6368659332373541,0.8331605660380398,0.6723731600520328,0.797653339223361,0.7321995501137304
s0143,gallbladder,0.891,solid_abdominal,0.6089915546910404,0.784929109440359,0.5429753103395355,0.8509453537918639,0.492140632566865,0.9017800315645343,0.7600217409119703
s0143,heart,0.9521,heart,0.8327447160929032,0.9379244324117968,0.7667284717413984,1.0,0.7312796722838586,1.0,0.8897325915544508
s0143,iliopsoas_left,0.8679,muscle,0.7245295092956267,0.8844450072700176,0.6585132649441218,0.9504612516215225,0.6743913066875392,0.9345832098781051,0.8536543527468032
s0143,iliopsoas_right,0.8729,muscle,0.7222758018189359,0.8786989901655033,0.656259557467431,0.9447152345170082,0.6721375992108485,0.9288371927735908,0.8194533494974325
s0143,inferior_vena_cava,0.8375,great_vessel,0.6168332370922084,0.8296313787409794,0.5508169927407035,0.8956476230924842,0.5114392775801833,0.9350253382530045,0.830707159093933
s0143,intervertebral_discs,0.8809,vertebrae,0.780115005296796,0.817175413767402,0.7140987609452911,0.8831916581189069,0.6608221402717672,0.9364682787924308,0.7279340502462192
s0143,kidney_left,0.8753,urinary,0.719107444697462,0.8933588198764493,0.6530912003459571,0.9593750642279542,0.4950922542283776,1.0,0.8269397766306695
s0143,kidney_right,0.8807,urinary,0.7827732676569455,0.899364174611722,0.7167570233054407,0.9653804189632269,0.5587580771878611,1.0,0.8074128723863672
s0143,liver,0.9179,solid_abdominal,0.8314127407090062,0.9478346983044305,0.7653964963575013,1.0,0.7145618185848308,1.0,0.9216079193230883
s0143,lung_left,0.9521,lung,0.9675093608896962,0.9686861643318488,0.9014931165381913,1.0,0.9447571192979987,0.9914384059235464,0.963421484966356
s0143,lung_right,0.9645,lung,0.9590014334642621,0.9616388920757628,0.8929851891127573,1.0,0.9362491918725646,0.9843911336674603,0.9644914086992888
s0143,pancreas,0.445,solid_abdominal,0.500167171567176,0.8376120267321706,0.43415092721567117,0.9036282710836755,0.3833162494430007,0.954462948856346,0.6898847064395721
s0143,portal_vein_and_splenic_vein,0.7235,great_vessel,0.35127766654053166,0.6820102268647295,0.2852614221890268,0.7480264712162343,0.24588370702850654,0.7874041863767546,0.6544400485483122
s0143,small_bowel,0.8943,digestive,0.6175041357658982,0.8301770201912104,0.5514878914143934,0.8961932645427153,0.5869951182290721,0.8606860377280365,0.6898526543759165
s0143,spinal_cord,0.9055,neuro,0.7784514708626121,0.8951895219676624,0.7124352265111072,0.9612057663191673,0.621697519490475,1.0,0.8599699304993373
s0143,spleen,0.9058,solid_abdominal,0.6868529516876917,0.9097385093501338,0.6208367073361868,0.9757547537016387,0.5700020295635163,1.0,0.8996931527937273
s0143,stomach,0.9245,digestive,0.8197021344262683,0.8725011551603454,0.7536858900747634,0.9385173995118503,0.7891931168894422,0.9030101726971715,0.7868984757020266
s0143,vertebrae,0.914,vertebrae,0.8759399620208772,0.8876442625449877,0.8099237176693723,0.9536605068964926,0.7566470969958484,1.0,0.8374391607469814
s0367,adrenal_gland_left,0.7913,urinary,0.3896765358538621,0.6362241995561452,0.3228921621572327,0.7030085732527745,0.29847722877504146,0.7274235066349658,0.5866988183641068
s0367,adrenal_gland_right,0.7748,urinary,0.39889816039532444,0.6642682232892226,0.33211378669869507,0.731052596985852,0.3076988533165038,0.7554675303680433,0.5436652007638644
s0367,aorta,0.6712,great_vessel,0.47078886733101,0.7758836952605197,0.4040044936343806,0.8426680689571491,0.3158299041491194,0.9308426584424103,0.6191991792002612
s0367,autochthon_left,0.9195,muscle,0.7295714732971426,0.9290588609052021,0.6627870996005132,0.9958432346018314,0.6765990732382223,0.9820312609641223,0.8799041030441811
s0367,autochthon_right,0.8819,muscle,0.7870155564275304,0.9371615664419948,0.720231182730901,1.0,0.7340431563686102,0.990133966500915,0.879094198681712
s0367,colon,0.6437,digestive,0.5037467703097828,0.7624843984025056,0.4369623966131534,0.829268772099135,0.4644250677720607,0.8018061009402276,0.5334501452463749
s0367,duodenum,0.8072,digestive,0.5424646977888881,0.8515167199508096,0.4756803240922587,0.918301093647439,0.503142995251166,0.8908384224885316,0.6946220951145367
s0367,esophagus,0.7885,digestive,0.535190609684408,0.7123697481884127,0.46840623598777864,0.7791541218850421,0.49586890714668597,0.7516914507261347,0.7086640720556865
s0367,heart,0.898,heart,0.6903794503813813,0.9282441969953845,0.6235950766847519,0.9950285706920139,0.4529378251913947,1.0,0.8108426101071962
s0367,iliopsoas_left,0.6788,muscle,0.6074519782800573,0.7540291603320217,0.5406676045834279,0.8208135340286511,0.554479578221137,0.807001560390942,0.5717943085297973
s0367,iliopsoas_right,0.8705,muscle,0.795121913383902,0.8197699342685401,0.7283375396872727,0.8865543079651694,0.7421495133249818,0.8727423343274603,0.8017600491133652
s0367,inferior_vena_cava,0.52,great_vessel,0.3767335936362461,0.6862724334928703,0.3099492199396167,0.7530568071894996,0.22177463045435547,0.8412313966747609,0.502254566361578
s0367,intervertebral_discs,0.6903,vertebrae,0.5163401861936334,0.7661151679233386,0.44955581249700405,0.8328995416199679,0.4551603418408878,0.8272950122760842,0.6795920339718671
s0367,kidney_left,0.9192,urinary,0.6258099760660266,0.8862125642471248,0.5590256023693972,0.9529969379437542,0.534610668987206,0.9774118713259454,0.8163002412695306
s0367,kidney_right,0.9209,urinary,0.7349398530300104,0.9274045453589395,0.668155479333381,0.9941889190555688,0.6437405459511898,1.0,0.8412667644001547
s0367,liver,0.9373,solid_abdominal,0.8516835110024016,0.9475018191990008,0.7848991373057722,1.0,0.775886137243407,1.0,0.9318748143742996
s0367,lung_left,0.915,lung,0.7849271488944538,0.8998215933464965,0.7181427751978244,0.9666059670431258,0.7645097838954149,0.9202389583455354,0.8621504907800361
s0367,lung_right,0.9245,lung,0.8026103516287203,0.9380311266562796,0.7358259779320909,1.0,0.7821929866296814,0.9584484916553185,0.8748496633053823
s0367,pancreas,0.5803,solid_abdominal,0.4706209558190743,0.7918978169917258,0.40383658212244494,0.8586821906883552,0.3948235820600798,0.8676951907507203,0.6837423439296011
s0367,portal_vein_and_splenic_vein,0.4324,great_vessel,0.33081175114759065,0.609145946005294,0.2640273774509613,0.6759303197019234,0.17585278796570003,0.7641049091871847,0.49260502477805324
s0367,small_bowel,0.8171,digestive,0.4666237721595896,0.8677054971053626,0.39983939846296024,0.934489870801992,0.42730206962186756,0.9070271996430846,0.6528576219811504
s0367,spinal_cord,0.8872,neuro,0.727358412241193,0.8606763245297474,0.6605740385445636,0.9274606982263768,0.681065565912185,0.9069691708587554,0.8587130062770658
s0367,spleen,0.9193,solid_abdominal,0.5860662772907561,0.9348266087440331,0.5192819035941267,1.0,0.5102689035317616,1.0,0.8005321780710671
s0367,stomach,0.866,digestive,0.5423567381141311,0.8616983045096671,0.4755723644175017,0.9284826782062965,0.503035035576409,0.9010200070473892,0.6752502145002391
s0367,vertebrae,0.821,vertebrae,0.6403712316921532,0.8820397800296841,0.5735868579955238,0.9488241537263135,0.5791913873394076,0.9432196243824297,0.7800245094407764
s0042,adrenal_gland_left,0.7463,urinary,0.2612970158959628,0.7735279237292488,0.19528077154445794,0.8395441680807537,0.03728182542687841,0.9975431141983333,0.5466654329195341
s0042,adrenal_gland_right,0.478,urinary,0.2180968003578646,0.7066301200329417,0.15208055600635972,0.7726463643844466,0.0,0.930645310502026,0.5278674588016165
s0042,aorta,0.839,great_vessel,0.7711875563107762,0.8804404029208478,0.7051713119592713,0.9464566472723527,0.665793596798751,0.9858343624328729,0.8447554008826212
s0042,autochthon_left,0.9479,muscle,0.9692558810727125,0.9474406242830581,0.9032396367212077,1.0,0.9191176784646251,0.9975788268911455,0.9401179421802626
s0042,autochthon_right,0.9443,muscle,0.9677100577396649,0.9492899328512515,0.90169381338816,1.0,0.9175718551315775,0.999428135459339,0.9405930379362596
s0042,colon,0.8663,digestive,0.5437540920541758,0.8400115281184197,0.4777378477026709,0.9060277724699246,0.5132450745173497,0.8705205456552458,0.6926894928945909
s0042,duodenum,0.799,digestive,0.7384924059578016,0.8450991664627231,0.6724761616062968,0.911115410814228,0.7079833884209755,0.8756081839995492,0.7519813139048183
s0042,gallbladder,0.8056,solid_abdominal,0.3923142995165835,0.7633079550970543,0.3262980551650786,0.8293241994485592,0.2754633773924081,0.8801588772212297,0.6420361924360463
s0042,iliac_artery_left,0.0,great_vessel,0.037719348601950003,0.5808489697386308,0.0,0.6468652140901356,0.0,0.6862429292506559,0.0019589215368249592
s0042,iliopsoas_left,0.8753,muscle,0.6949553331670351,0.8821178423006002,0.6289390888155302,0.9481340866521051,0.6448171305589476,0.9322560449086876,0.8041928574094336
s0042,iliopsoas_right,0.875,muscle,0.717084351708892,0.8715976716980208,0.6510681073573871,0.9376139160495257,0.6669461491008045,0.9217358743061083,0.8081541736138312
s0042,inferior_vena_cava,0.8285,great_vessel,0.6659064316394071,0.8868091577711744,0.5998901872879022,0.9528254021226793,0.560512472127382,0.9922031172831995,0.7612326002938188
s0042,intervertebral_discs,0.7289,vertebrae,0.6264991776765704,0.8160711948876688,0.5604829333250655,0.8820874392391737,0.5072063126515416,0.9353640599126976,0.7255419929444681
s0042,kidney_left,0.9158,urinary,0.8944098472590304,0.9408207021308881,0.8283936029075255,1.0,0.6703946567899459,1.0,0.867588478402435
s0042,kidney_right,0.9061,urinary,0.9029108167948172,0.940525267294791,0.8368945724433123,1.0,0.6788956263257329,1.0,0.8374538162276642
s0042,liver,0.8435,solid_abdominal,0.9006979961538343,0.9282101980225497,0.8346817518023294,0.9942264423740546,0.7838470740296589,1.0,0.8966632137341884
s0042,lung_right,0.5993,lung,0.049080863260687876,0.5606351691836399,0.0,0.6266514135351448,0.026328621668990346,0.5833874107753374,0.3789688844431142
s0042,pancreas,0.594,solid_abdominal,0.6724386725730206,0.8199304670564087,0.6064224282215157,0.8859467114079136,0.5555877504488452,0.9367813891805841,0.642255107966475
s0042,portal_vein_and_splenic_vein,0.8329,great_vessel,0.35263151782744556,0.7644446892250109,0.2866152734759407,0.8304609335765157,0.24723755831542044,0.869838648737036,0.5930225900448411
s0042,small_bowel,0.8894,digestive,0.7241443344320982,0.8982648541931775,0.6581280900805934,0.9642810985446824,0.6936353168952721,0.9287738717300036,0.8230675080125954
s0042,spinal_cord,0.8384,neuro,0.8419290513160278,0.8927857012171483,0.7759128069645229,0.9588019455686532,0.6851750999438907,1.0,0.8631444249688461
s0042,spleen,0.8111,solid_abdominal,0.6929387746323734,0.9214919257281323,0.6269225302808685,0.9875081700796372,0.576087852508198,1.0,0.7597687176788657
s0042,stomach,0.7784,digestive,0.4667620949796506,0.7962310984448576,0.4007458506281457,0.8622473427963625,0.4362530774428245,0.8267401159816837,0.6483023122744889
s0042,vertebrae,0.8294,vertebrae,0.8196387776903674,0.866729372778794,0.7536225333388625,0.9327456171302989,0.7003459126653386,0.9860222378038228,0.8336023187751874
s0395,clavicula_left,0.3533,shoulder_bone,0.41267905904560964,0.6221995526659804,0.34589468534898027,0.6889839263626097,0.0,1.0,0.3267060736034029
s0395,humerus_left,0.8318,shoulder_bone,0.5722652958628469,0.8744604527299722,0.5054809221662175,0.9412448264266016,0.0580705589065571,1.0,0.7646790888736785
s0395,scapula_left,0.4648,shoulder_bone,0.5389463509215379,0.8083309793530357,0.4721619772249085,0.875115353049665,0.024751613965248054,1.0,0.6026917346171133
