subject,organ,iou,fam,raw_lo,raw_hi,cqr_lo,cqr_hi,mondrian_lo,mondrian_hi,q50
s0316,adrenal_gland_left,0.4225,urinary,0.3086735952052685,0.6957787175628349,0.24954806583187894,0.7549042469362245,0.18806116866330602,0.8163911441047974,0.675527936602976
s0316,adrenal_gland_right,0.7915,urinary,0.24246499866879048,0.6514434122685924,0.18333946929540093,0.7105689416419819,0.12185257212682801,0.7720558388105548,0.48082422566485905
s0316,aorta,0.8459,great_vessel,0.6075632254807491,0.8159047167853625,0.5484376961073596,0.875030246158752,0.47650723036578624,0.9469607119003254,0.7842899777750981
s0316,autochthon_left,0.9065,muscle,0.9256416522912124,0.9396852946793695,0.8665161229178229,0.998810824052759,0.8559389208102964,1.0,0.9193766282549499
s0316,autochthon_right,0.8492,muscle,0.9025361485039429,0.9250058917388592,0.8434106191305534,0.9841314211122487,0.8328334170230269,0.9947086232197752,0.8869705373125355
s0316,colon,0.583,digestive,0.3457820730667483,0.8057740127562494,0.28665654369335875,0.8648995421296389,0.30465732081590485,0.8468987650070928,0.603158045307588
s0316,duodenum,0.7838,digestive,0.5699869691674392,0.826160919846441,0.5108614397940496,0.8852864492198306,0.5288622169165957,0.8672856720972845,0.7409211012033167
s0316,esophagus,0.7201,digestive,0.27178325631679745,0.6253020424600434,0.2126577269434079,0.684427571833433,0.230658504065954,0.6664267947108868,0.5831117280912604
s0316,gallbladder,0.0,solid_abdominal,0.0,0.1657750896406599,0.0,0.22490061901404945,0.0,0.35056437645084226,0.0
s0316,gluteus_medius_left,0.2542,muscle,0.6329192935365417,0.8254032200244886,0.5737937641631522,0.8845287493978782,0.5632165620556258,0.8951059515054046,0.7150925350134233
s0316,gluteus_medius_right,0.1145,muscle,0.026139058581939607,0.6297524519849563,0.0,0.6888779813583459,0.0,0.6994551834658723,0.2766411252754563
s0316,gluteus_minimus_right,0.1169,muscle,0.14507087226620105,0.7723667749990081,0.0859453428928115,0.8314923043723976,0.07536814078528506,0.8420695064799241,0.513812713402936
s0316,heart,0.8022,heart,0.8659003038781263,0.9072841928889191,0.8067747745047368,0.9664097222623087,0.8067747745047368,0.9664097222623087,0.8574043307960361
s0316,hip_left,0.5888,pelvic_bone,0.7616627851003567,0.8465822860924694,0.7025372557269671,0.905707815465859,0.725729313989498,0.8825157572033281,0.7826948257775754
s0316,hip_right,0.6442,pelvic_bone,0.7089401934084683,0.8452027649989434,0.6498146640350787,0.904328294372333,0.6730067222976096,0.8811362361098021,0.7865121509370729
s0316,iliac_artery_left,0.6371,great_vessel,0.23572876676634943,0.604089308704238,0.17660323739295988,0.6632148380776276,0.10467277165138653,0.735145303819201,0.5384035608445048
s0316,iliac_artery_right,0.662,great_vessel,0.17789300546014622,0.6085411363308136,0.11876747608675667,0.6676666657042032,0.04683701034518331,0.7395971314457765,0.5285993000427816
s0316,iliac_vena_left,0.0,great_vessel,0.04683111396528797,0.1815716699846764,0.0,0.24069719935806594,0.0,0.3126276650996393,0.0055353092784694085
s0316,iliac_vena_right,0.3625,great_vessel,0.14412263001467202,0.5041794822891936,0.08499710064128246,0.5633050116625832,0.013066634899709106,0.6352354774041565,0.3191848721720999
s0316,iliopsoas_left,0.8199,muscle,0.885532575936252,0.8984683062424702,0.8264070465628625,0.9575938356158598,0.815829844455336,0.9681710377233862,0.8828686375089966
s0316,iliopsoas_right,0.774,muscle,0.886115664951766,0.91485172375322,0.8269901355783764,0.9739772531266095,0.81641293347085,0.984554455234136,0.927396505406295
s0316,inferior_vena_cava,0.852,great_vessel,0.7591053515952515,0.8718031276288424,0.699979822221862,0.9309286570022319,0.6280493564802886,1.0,0.8474687096334105
s0316,intervertebral_discs,0.7281,vertebrae,0.6894024811345935,0.8514417039094304,0.6302769517612039,0.91056723328282,0.6464343907874129,0.8944097942566109,0.7672208282547975
s0316,kidney_left,0.9084,urinary,0.8717896560443669,0.9173267510938137,0.8126641266709773,0.9764522804672032,0.7511772295024044,1.0,0.8581378313511748
s0316,kidney_right,0.3709,urinary,0.8435288393007934,0.8910238742444542,0.7844033099274038,0.9501494036178437,0.7229164127588309,1.0,0.8477845873462462
s0316,liver,0.8384,solid_abdominal,0.8061635387112456,0.9357788680314263,0.747038009337856,0.9949043974048158,0.6213742519010632,1.0,0.8855864353985192
s0316,lung_left,0.9289,lung,0.9371825394923623,0.9703945165073786,0.8780570101189727,1.0,0.9213883869562082,0.9861886690435328,0.9636199971152049
s0316,lung_right,0.9256,lung,0.95324012281347,0.974683543425562,0.8941145934400805,1.0,0.9374459702773159,0.9904776959617161,0.9328746782079377
s0316,pancreas,0.5585,solid_abdominal,0.48651669712399587,0.8308571408993585,0.4273911677506063,0.889982670272748,0.3017274103138135,1.0,0.7586690628546193
s0316,portal_vein_and_splenic_vein,0.6446,great_vessel,0.20834043087588605,0.6813621988085633,0.1492149015024965,0.7404877281819529,0.07728443576092314,0.8124181939235262,0.5772127413867777
s0316,sacrum,0.7512,pelvic_bone,0.726847148568784,0.8513197522887319,0.6677216191953944,0.9104452816621215,0.6909136774579253,0.8872532233995906,0.7240918179091328
s0316,small_bowel,0.7881,digestive,0.5322943990897498,0.816243208860074,0.4731688697163603,0.8753687382334635,0.4911696468389064,0.8573679611109174,0.6648383593783369
s0316,spinal_cord,0.8043,neuro,0.6940047658127022,0.8665307895517317,0.6348792364393127,0.9256563189251212,0.6555715371692757,0.9049640181951581,0.8067452502870835
s0316,spleen,0.8617,solid_abdominal,0.7919415470284197,0.923408538107245,0.7328160176550301,0.9825340674806345,0.6071522602182373,1.0,0.8136112100037322
s0316,stomach,0.8425,digestive,0.720796634321189,0.8547544075781734,0.6616711049477995,0.913879936951563,0.6796718820703456,0.8958791598290169,0.8030822889149343
s0316,urinary_bladder,0.0997,urinary,0.2677852420765615,0.6929124105660546,0.20865971270317196,0.7520379399394441,0.14717281553459904,0.813524837108017,0.5217432113725047
s0316,vertebrae,0.8383,vertebrae,0.8312219023396075,0.8989517963688805,0.7720963729662179,0.95807732574227,0.788253811992427,0.941919886716061,0.8516813593975477
s0142,aorta,0.1449,great_vessel,0.6922227333620546,0.8350207893154443,0.6154846534787657,0.9117588691987333,0.5294600672431584,0.9977834554343405,0.6953766283901932
s0142,autochthon_left,0.4409,muscle,0.5312186392391444,0.7985191418522314,0.4544805593558554,0.8752572217355203,0.47763082588383987,0.8521069552075359,0.7063691083461566
s0142,autochthon_right,0.3716,muscle,0.32542663088647567,0.7721104619473376,0.2486885510031867,0.8488485418306265,0.2718388175311712,0.8256982753026421,0.6037672428854037
s0142,clavicula_left,0.0,shoulder_bone,0.0,0.32210698704455865,0.0,0.3988450669278476,0.0,0.7035650907110962,0.001691193742085112
s0142,esophagus,0.128,digestive,0.1240177298223637,0.48558219850044204,0.04727964993907474,0.562320278383731,0.07874193484217612,0.5308579934806297,0.2076550788121181
s0142,iliopsoas_left,0.0,muscle,8.900611934638585e-20,0.3081409554944019,0.0,0.38487903537769086,0.0,0.3617287688497064,0.14910384424749126
s0142,inferior_vena_cava,0.0,great_vessel,0.05415493776454934,0.6225749459076457,0.0,0.6993130257909347,0.0,0.785337612026542,0.1268857537722389
s0142,intervertebral_discs,0.8074,vertebrae,0.7396288185554725,0.8163083988984696,0.6628907386721835,0.8930464787817586,0.6557255084151941,0.900211709038748,0.7986997473820684
s0142,lung_left,0.0,lung,0.2253905126463691,0.46314074560583085,0.14865243276308016,0.5398788254891198,0.20513632210619703,0.48339493614600293,0.24369771651887884
s0142,spinal_cord,0.8683,neuro,0.7255778326006873,0.8582391284724111,0.6488397527173984,0.9349772083557001,0.6669008710512337,0.9169160900218647,0.8928009692587846
s0142,vertebrae,0.8917,vertebrae,0.7849283553644266,0.8884227777593751,0.7081902754811377,0.965160857642664,0.7010250452241482,0.9723260878996535,0.8555220783426934
s0515,adrenal_gland_left,0.8278,urinary,0.5221558866695312,0.7131969225369927,0.4454178067862422,0.7899350024202817,0.3883937884624289,0.846959020744095,0.658134529724015
s0515,adrenal_gland_right,0.7756,urinary,0.17459483245421603,0.7227436056894524,0.09785675257092707,0.7994816855727414,0.040832734247113756,0.8565057038965547,0.500934704057794
s0515,aorta,0.8947,great_vessel,0.7486853595928507,0.8833432155011222,0.6719472797095617,0.9600812953844111,0.5859226934739544,1.0,0.8997704074450602
s0515,autochthon_left,0.9339,muscle,0.7196225570985808,0.9190402334280551,0.6428844772152918,0.995778313311344,0.6660347437432763,0.9726280467833596,0.8653784060976784
s0515,autochthon_right,0.9256,muscle,0.7114797693092569,0.9224041393501224,0.634741689425968,0.9991422192334114,0.6578919559539524,0.9759919527054269,0.8785761763557303
s0515,clavicula_left,0.5139,shoulder_bone,0.22998008339248466,0.6652798906178666,0.1532420035091957,0.7420179705011556,0.0,1.0,0.6747196692072882
s0515,clavicula_right,0.5591,shoulder_bone,0.19650777514704185,0.5823708660822066,0.11976969526375289,0.6591089459654955,0.0,0.9638289697487441,0.4473472829063767
s0515,colon,0.9227,digestive,0.5535166451641506,0.868588347583967,0.4767785652808616,0.9453264274672559,0.508240850183963,0.9138641425641545,0.782512890252425
s0515,duodenum,0.9007,digestive,0.7970170906874315,0.8208330977279925,0.7202790108041426,0.8975711776112815,0.751741295707244,0.8661088927081801,0.8322358938017015
s0515,esophagus,0.781,digestive,0.6206468634263037,0.8403604692236859,0.5439087835430148,0.9170985491069749,0.5753710684461162,0.8856362642038735,0.7914087095879864
s0515,gallbladder,0.8282,solid_abdominal,0.3967970107416085,0.7935980665031382,0.32005893085831955,0.8703361463864272,0.26337446325877656,0.9270206139859702,0.7101973358972615
s0515,heart,0.824,heart,0.663164433059122,0.9249036015984978,0.586426353175833,1.0,0.35162182670927955,1.0,0.8792810096715103
s0515,humerus_left,0.8172,shoulder_bone,0.5354975690264051,0.8606777659180838,0.45875948914311615,0.9374158458013727,0.15403946535986762,1.0,0.8547013851910331
s0515,humerus_right,0.7462,shoulder_bone,0.7231712599627171,0.8901116583128387,0.6464331800794282,0.9668497381961276,0.34171315629617965,1.0,0.6853618664724569
s0515,inferior_vena_cava,0.91,great_vessel,0.7994366405355117,0.8774960997285111,0.7226985606522227,0.9542341796118,0.6366739744166154,1.0,0.8372543636533412
s0515,intervertebral_discs,0.3993,vertebrae,0.7326514518362585,0.8199665353691905,0.6559133719529695,0.8967046152524795,0.64874814169598,0.9038698455094689,0.819887383824476
s0515,kidney_left,0.9317,urinary,0.6598036204269351,0.9059288331772807,0.5830655405436461,0.9826669130605696,0.5260415222198328,1.0,0.8153936431552002
s0515,kidney_right,0.7831,urinary,0.6767091220633406,0.8433694798584648,0.5999710421800516,0.9201075597417537,0.5429470238562383,0.977131578065567,0.8087010150670124
s0515,liver,0.9571,solid_abdominal,0.9478966575290656,0.9573948510992579,0.8711585776457766,1.0,0.8144741100462336,1.0,0.9529199747520011
s0515,lung_left,0.9657,lung,0.8631203492298306,0.9608862767808565,0.7863822693465417,1.0,0.8428661586896585,0.9811404673210286,0.9708766368149727
s0515,lung_right,0.9673,lung,0.8701836289891336,0.9683740003325313,0.7934455491058446,1.0,0.8499294384489615,0.9886281908727034,0.9620784155679329
s0515,pancreas,0.8882,solid_abdominal,0.7222227381574078,0.8608448267893103,0.6454846582741188,0.9375829066725992,0.5888001906745758,0.9942673742721423,0.8536531321563825
s0515,portal_vein_and_splenic_vein,0.8507,great_vessel,0.6708608600874659,0.7247408272593237,0.594122780204177,0.8014789071426126,0.5080981939685697,0.8875034933782199,0.747943022988655
s0515,scapula_left,0.6557,shoulder_bone,0.6254388253077168,0.7527584850178337,0.5487007454244278,0.8294965649011227,0.2439807216411793,1.0,0.6974921791093455
s0515,scapula_right,0.6546,shoulder_bone,0.7022407539040005,0.7589945747525831,0.6255026740207116,0.8357326546358721,0.32078265023746305,1.0,0.7663138432635621
s0515,small_bowel,0.9036,digestive,0.6534528500960353,0.8980292662677782,0.5767147702127463,0.9747673461510672,0.6081770551158476,0.9433050612479659,0.895705269043566
s0515,spinal_cord,0.8713,neuro,0.7965298817115462,0.8670828191184317,0.7197918018282572,0.9438208990017206,0.7378529201620926,0.9257597806678852,0.8462959630975307
s0515,spleen,0.9523,solid_abdominal,0.7773032433473422,0.931091590173037,0.7005651634640533,1.0,0.6438806958645102,1.0,0.8835716648817781
s0515,stomach,0.9338,digestive,0.6617079878786157,0.9240161412048161,0.5849699079953268,1.0,0.6164321928984282,0.9692919361850036,0.8875275904491756
s0515,vertebrae,0.6486,vertebrae,0.7769685328229736,0.8923634552296049,0.7002304529396847,0.9691015351128939,0.6930652226826952,0.9762667653698833,0.8396650480521675
s0615,brain,0.9721,neuro,0.8820747901261777,0.9627541458863731,0.834973042084308,1.0,0.8569703416944987,0.9878585943180521,0.9501835170876908
s0615,spinal_cord,0.3057,neuro,0.4093079905228396,0.7417659656589962,0.3622062424809699,0.788867713700866,0.3842035420911606,0.7668704140906752,0.6227095993995059
s0615,vertebrae,0.4679,vertebrae,0.45554356866034834,0.7862155825971762,0.4084418206184786,0.8333173306390459,0.4402770526328282,0.8014820986246963,0.740877970300486
s0397,brain,0.9137,neuro,0.8906978490490317,0.9554346317773649,0.7824032661616162,1.0,0.8461957117464838,0.9999367690799128,0.9102666436704577
s0397,intervertebral_discs,0.422,vertebrae,0.1948904471079219,0.5623609486280793,0.08659586422050633,0.6706555315154948,0.0,0.8075849516979646,0.35220045194477634
s0397,spinal_cord,0.8168,neuro,0.667179797226499,0.8011520044577569,0.5588852143390834,0.9094465873451725,0.6226776599239511,0.8456541417603048,0.7828098691100858
s0397,vertebrae,0.6767,vertebrae,0.37945644991359584,0.7045696795464857,0.2711618670261803,0.8128642624339013,0.1342324468437105,0.9497936826163711,0.5951750087733464
s0355,adrenal_gland_left,0.3134,urinary,0.30481073359804123,0.6416998392215404,0.22807265371475227,0.7184379191048293,0.17104863539093895,0.7754619374286427,0.4284281273672085
s0355,adrenal_gland_right,0.7315,urinary,0.11009475540392559,0.535313536665955,0.03335667552063663,0.612051616549244,0.0,0.6690756348730573,0.46047244454720887
s0355,aorta,0.8563,great_vessel,0.8804879974130903,0.8939730811863161,0.8037499175298013,0.9707111610696051,0.717725331294194,1.0,0.8518661794141499
s0355,autochthon_left,0.9378,muscle,0.9341025860318276,0.9350769781272972,0.8573645061485387,1.0,0.8805147726765231,0.9886647914826017,0.9283879284449267
s0355,autochthon_right,0.9368,muscle,0.8829578763926732,0.9462900820843966,0.8062197965093842,1.0,0.8293700630373687,0.9998778954397011,0.9450938422055016
s0355,colon,0.8264,digestive,0.9327159337080461,0.8786731934884893,0.8559778538247571,0.9554112733717782,0.8874401387278585,0.9239489884686769,0.880112103744911
s0355,duodenum,0.6438,digestive,0.39298219338908175,0.6603561025589489,0.3162441135057928,0.7370941824422379,0.34770639840889417,0.7056318975391365,0.5538262639801614
s0355,esophagus,0.5935,digestive,0.6820931758338051,0.7466291266679826,0.6053550959505162,0.8233672065512716,0.6368173808536175,0.7919049216481702,0.7566362522365171
s0355,gallbladder,0.8494,solid_abdominal,0.39874350006483117,0.7557045316538489,0.3220054201815422,0.8324426115371378,0.26532095258199917,0.8891270791366809,0.6868641782610947
s0355,gluteus_maximus_left,0.713,muscle,0.35000681251267357,0.75289913086545,0.2732687326293846,0.829637210748739,0.2964189991573691,0.8064869442207545,0.3299541385719208
s0355,gluteus_medius_left,0.8991,muscle,0.5970190158549733,0.8600506287316226,0.5202809359716843,0.9367887086149116,0.5434312024996688,0.9136384420869271,0.8749610607242522
s0355,gluteus_medius_right,0.9166,muscle,0.6637044720727313,0.8898637134108275,0.5869663921894424,0.9666017932941164,0.6101166587174268,0.943451526766132,0.8527099060006161
s0355,heart,0.9144,heart,0.6660312863516117,0.9323948564163198,0.5892932064683227,1.0,0.35448868000176925,1.0,0.9237115247702644
s0355,hip_left,0.7047,pelvic_bone,0.7025367316398304,0.7842512661639297,0.6257986517565415,0.8609893460472187,0.6448490520267074,0.8419389457770527,0.7255920341697462
s0355,hip_right,0.7352,pelvic_bone,0.7078566273318236,0.8279285897572901,0.6311185474485347,0.9046666696405791,0.6501689477187006,0.8856162693704132,0.7793028099662751
s0355,iliac_artery_left,0.497,great_vessel,0.5937932978735581,0.6753921245744765,0.5170552179902691,0.7521302044577655,0.43103063175466183,0.8381547906933727,0.6570171001498952
s0355,iliac_artery_right,0.0,great_vessel,0.292126654276742,0.5337367846052475,0.21538857439345305,0.6104748644885365,0.1293639881578458,0.6964994507241438,0.38322192173223807
s0355,iliac_vena_left,0.7582,great_vessel,0.6753204411016817,0.7497355659320872,0.5985823612183927,0.8264736458153762,0.5125577749827854,0.9124982320509835,0.6789918957409045
s0355,iliac_vena_right,0.7586,great_vessel,0.6051340347858554,0.7841457665970458,0.5283959549025664,0.8608838464803348,0.44237136866695914,0.946908432715942,0.63941732342681
s0355,iliopsoas_left,0.8876,muscle,0.7692467455224026,0.8867403548424355,0.6925086656391136,0.9634784347257245,0.7156589321670981,0.94032816819774,0.872859840546347
s0355,iliopsoas_right,0.849,muscle,0.6289744410427928,0.8820579508940818,0.5522363611595038,0.9587960307773707,0.5753866276874883,0.9356457642493863,0.8099311004215143
s0355,inferior_vena_cava,0.845,great_vessel,0.6610803568585079,0.8690866563721866,0.5843422769752189,0.9458247362554756,0.49831769073961163,1.0,0.8375317214493861
s0355,intervertebral_discs,0.7193,vertebrae,0.7696177568048232,0.8670410084433867,0.6928796769215343,0.9437790883266757,0.6857144466645448,0.9509443185836651,0.8182945402597038
s0355,kidney_left,0.8661,urinary,0.8131504841108033,0.9092467936430612,0.7364124042275143,0.9859848735263501,0.679388385903701,1.0,0.8942605594581857
s0355,kidney_right,0.8668,urinary,0.7650998255603098,0.9156281180502702,0.6883617456770208,0.9923661979335592,0.6313377273532075,1.0,0.8834101770376807
s0355,liver,0.9562,solid_abdominal,0.8433215268309593,0.942567451623235,0.7665834469476703,1.0,0.7098989793481273,1.0,0.9161675777659337
s0355,lung_left,0.8747,lung,0.8062569044021596,0.9042108574774942,0.7295188245188706,0.9809489373607831,0.7860027138619875,0.9244650480176663,0.9101508082535024
s0355,lung_right,0.9584,lung,0.944171763026588,0.9730950560690702,0.867433683143299,1.0,0.9239175724864159,0.9933492466092423,0.9507750275146062
s0355,pancreas,0.4419,solid_abdominal,0.5501624173754239,0.7692250936964565,0.473424337492135,0.8459631735797455,0.41673986989259193,0.9026476411792885,0.5371569624243445
s0355,portal_vein_and_splenic_vein,0.0745,great_vessel,0.22713625314973598,0.4567703706834428,0.15039817326644703,0.5335084505667318,0.06437358703083979,0.619533036802339,0.18093432521401787
s0355,sacrum,0.3532,pelvic_bone,0.2799270453310515,0.7000765964212983,0.20318896544776255,0.7768146763045872,0.22223936571792846,0.7577642760344213,0.4696007402021765
s0355,small_bowel,0.7541,digestive,0.7036882078408544,0.8535770080285427,0.6269501279575654,0.9303150879118317,0.6584124128606668,0.8988528030087304,0.8126392356985277
s0355,spinal_cord,0.874,neuro,0.9125502871906604,0.8878857953505801,0.8358122073073715,0.964623875233869,0.8538733256412069,0.9465627569000337,0.861723710373615
s0355,spleen,0.9176,solid_abdominal,0.5969847006474966,0.8940018202462382,0.5202466207642077,0.9707399001295272,0.46356215316466465,1.0,0.7987117670560919
s0355,stomach,0.8786,digestive,0.8771291721879936,0.9094631190751479,0.8003910923047046,0.9862011989584368,0.831853377207806,0.9547389140553355,0.9022895813736997
s0355,vertebrae,0.8116,vertebrae,0.8211514160892066,0.8965970692020184,0.7444133362059177,0.9733351490853074,0.7372481059489282,0.9805003793422968,0.83088085765413
s0547,adrenal_gland_left,0.7017,urinary,0.35458235577265484,0.7159332398986962,0.2921067875447436,0.7784088081266074,0.1674119343870909,0.9031036612842601,0.6809852270799072
s0547,adrenal_gland_right,0.8118,urinary,0.2365662299043119,0.5622863110815949,0.17409066167640067,0.6247618793095061,0.04939580851874795,0.7494567324671588,0.531281653886751
s0547,aorta,0.9154,great_vessel,0.8478176330521356,0.9006375598544281,0.7853420648242244,0.9631131280823393,0.7509254101198372,0.9975297827867265,0.8839129863643562
s0547,autochthon_left,0.8861,muscle,0.6304592835824046,0.9079853634325507,0.5679837153544933,0.9704609316604619,0.5726199696969936,0.9658246773179616,0.7888335924740129
s0547,autochthon_right,0.8882,muscle,0.6995363199472652,0.9051646675911286,0.637060751719354,0.9676402358190398,0.6416970060618542,0.9630039814765395,0.7894593634055561
s0547,clavicula_left,0.7015,shoulder_bone,0.18409496069656298,0.5000221240928507,0.12161939246865175,0.562497692320762,0.1200409645011801,0.5640761202882336,0.44622770980834064
s0547,clavicula_right,0.746,shoulder_bone,0.3483953158836878,0.569133484184041,0.28591974765577655,0.6316090524119522,0.2843413196883049,0.6331874803794239,0.5177452754531429
s0547,colon,0.8442,digestive,0.8333667675776187,0.8825354032800793,0.7708911993497075,0.9450109715079905,0.8292226348158404,0.8866795360418577,0.8561338993173024
s0547,duodenum,0.8396,digestive,0.4832457281119238,0.8334716479529671,0.42077015988401256,0.8959472161808784,0.4791015953501454,0.8376157807147455,0.6967285084414118
s0547,esophagus,0.8007,digestive,0.4676406157958445,0.7727221663565846,0.40516504756793326,0.8351977345844959,0.4634964830340661,0.776866299118363,0.6834327437594647
s0547,gallbladder,0.8858,solid_abdominal,0.580197766742724,0.7583409667080602,0.5177221985148128,0.8208165349359714,0.4584171054549815,0.8801216279958027,0.7124422035336309
s0547,heart,0.9111,heart,0.8115815963722114,0.9252013145093065,0.7491060281443002,0.9876768827372178,0.6380639291147377,1.0,0.8245214342069128
s0547,humerus_left,0.8437,shoulder_bone,0.58350021828765,0.8213292696261709,0.5210246500597387,0.8838048378540821,0.5194462220922671,0.8853832658215538,0.791706398779871
s0547,humerus_right,0.8281,shoulder_bone,0.6588758968390132,0.8773215400835991,0.5964003286111019,0.9397971083115103,0.5948219006436303,0.941375536278982,0.8034988130376013
s0547,inferior_vena_cava,0.8235,great_vessel,0.4368342356720096,0.8131407933751464,0.37435866744409835,0.8756163616030577,0.3399420127397111,0.9100330163074449,0.7043285023069623
s0547,intervertebral_discs,0.7962,vertebrae,0.5332692620115762,0.7795842037068114,0.470793693783665,0.8420597719347226,0.4699812446963635,0.8428722210220241,0.7813801801075707
s0547,kidney_left,0.9196,urinary,0.5509939280577817,0.7888559477214261,0.48851835982987046,0.8513315159493373,0.36382350667221774,0.97602636910699,0.7587727178567844
s0547,kidney_right,0.8761,urinary,0.13022558320569988,0.6495506028994319,0.06775001497778865,0.7120261711273431,0.0,0.8367210242849958,0.5553554847987361
s0547,liver,0.9523,solid_abdominal,0.8974166071336858,0.948916829619116,0.8349410389057745,1.0,0.7756359458459432,1.0,0.9204152054255633
s0547,lung_left,0.9564,lung,0.8858008089296694,0.960641275905702,0.8233252407017582,1.0,0.8725652434612131,0.9738768413741583,0.9221418625205422
s0547,lung_right,0.9713,lung,0.9109801836359115,0.961484925616797,0.8485046154080003,1.0,0.8977446181674552,0.9747204910852533,0.9706432315926115
s0547,pancreas,0.8398,solid_abdominal,0.8748633576128647,0.8877312088557118,0.8123877893849535,0.950206777083623,0.7530826963251221,1.0,0.8544271287025232
s0547,portal_vein_and_splenic_vein,0.7097,great_vessel,0.27682008215789383,0.7609527048837141,0.2143445139299826,0.8234282731116254,0.17992785922559534,0.8578449278160126,0.5471443203721403
s0547,scapula_left,0.6506,shoulder_bone,0.5193129428594219,0.8078972348240786,0.45683737463151064,0.8703728030519898,0.455258946664039,0.8719512310194615,0.6511545287567014
s0547,scapula_right,0.731,shoulder_bone,0.48999996405559176,0.7832638042991924,0.42752439582768054,0.8457393725271036,0.4259459678602089,0.8473178004945753,0.5800682465883173
s0547,small_bowel,0.8835,digestive,0.48170110209515604,0.8152312456955715,0.4192255338672448,0.8777068139234827,0.47755696933337766,0.8193753784573499,0.7051277529105697
s0547,spinal_cord,0.87,neuro,0.7071114868472747,0.8538564847567037,0.6446359186193634,0.916332052984615,0.6961451886371995,0.8648227829667788,0.8441061576693837
s0547,spleen,0.9495,solid_abdominal,0.8915611241616157,0.9393845563932003,0.8290855559337045,1.0,0.7697804628738731,1.0,0.8707901512038987
s0547,stomach,0.8655,digestive,0.8152195836106738,0.9260154948816431,0.7527440153827626,0.9884910631095544,0.8110754508488954,0.9301596276434215,0.8923739396507501
s0547,vertebrae,0.8407,vertebrae,0.7072981370533774,0.8189017943595536,0.6448225688254662,0.8813773625874648,0.6440101197381647,0.8821898116747663,0.7776275111022922
s0592,aorta,0.7474,great_vessel,0.7160701451669589,0.8426465651334659,0.6569446157935693,0.9017720945068555,0.585014150051996,0.9737025602484288,0.6904310516821758
s0592,autochthon_left,0.8523,muscle,0.7456293167249273,0.9264353063771728,0.6865037873515377,0.9855608357505623,0.6759265852440113,0.9961380378580887,0.8835232059750867
s0592,autochthon_right,0.8178,muscle,0.8251131283646419,0.9295206316134816,0.7659875989912523,0.9886461609868712,0.7554103968837259,0.9992233630943976,0.8944867698667983
s0592,colon,0.4931,digestive,0.19246444819198152,0.7566945999982655,0.13333891881859197,0.815820129371655,0.15133969594113808,0.7978193522491089,0.3124553422741566
s0592,gluteus_maximus_right,0.0,muscle,0.0,0.28835465647208824,0.0,0.3474801858454778,0.0,0.35805738795300424,0.10446308475194714
s0592,hip_left,0.5507,pelvic_bone,0.20804101160606492,0.8188053331744811,0.14891548223267537,0.8779308625478707,0.17210754049520627,0.8547388042853398,0.6440467999809776
s0592,hip_right,0.3349,pelvic_bone,0.4491883504533403,0.7929253605926008,0.39006282107995077,0.8520508899659903,0.4132548793424817,0.8288588317034594,0.6143134633197329
s0592,iliac_artery_left,0.0,great_vessel,0.014432704786629278,0.5817137227088406,0.0,0.6408392520822301,0.0,0.7127697178238035,0.16332096026173426
s0592,iliac_artery_right,0.0,great_vessel,0.03338630712812037,0.26209427490892073,0.0,0.3212198042823103,0.0,0.39315027002388364,0.212156357335044
s0592,iliac_vena_left,0.3029,great_vessel,0.00394789867508939,0.5440959150108937,0.0,0.6032214443842833,0.0,0.6751519101258566,0.03867129063003227
s0592,iliopsoas_left,0.837,muscle,0.6003652167874901,0.8956539807184594,0.5412396874141006,0.9547795100918489,0.5306624853065741,0.9653567121993754,0.8147792750833656
s0592,iliopsoas_right,0.8773,muscle,0.717144337643565,0.8765979717469586,0.6580188082701754,0.9357235011203482,0.647441606162649,0.9463007032278746,0.805709205804014
s0592,inferior_vena_cava,0.4216,great_vessel,0.452247806247974,0.6971005497107636,0.39312227687458445,0.7562260790841532,0.3211918111330111,0.8281565448257265,0.3562368265982695
s0592,intervertebral_discs,0.8689,vertebrae,0.6227640922412624,0.8662916878052752,0.5636385628678728,0.9254172171786648,0.5797960018940819,0.9092597781524557,0.7774799424637273
s0592,sacrum,0.8505,pelvic_bone,0.7913307530522535,0.8831379048813509,0.732205223678864,0.9422634342547405,0.7553972819413949,0.9190713759922096,0.8569450419207678
s0592,spinal_cord,0.8913,neuro,0.8063359713961614,0.864453263705231,0.7472104420227719,0.9235787930786206,0.767902742752735,0.9028864923486575,0.8027479203597294
s0592,vertebrae,0.906,vertebrae,0.7991048043220923,0.8868310401672906,0.7399792749487027,0.9459565695406802,0.7561367139749118,0.9297991305144712,0.8165254251265182
s0293,adrenal_gland_left,0.6494,urinary,0.18967408938042266,0.6722013303219205,0.0813795064930071,0.7804959132093361,0.006484041622878606,0.8553913780794646,0.6106002402207368
s0293,adrenal_gland_right,0.5699,urinary,0.07359953643460047,0.6132736834291864,0.0,0.721568266316602,0.0,0.7964637311867304,0.3955777937345941
s0293,aorta,0.8227,great_vessel,0.7523485695944514,0.8409938603256142,0.6440539867070358,0.9492884432130297,0.5230468958865684,1.0,0.8225238004878934
s0293,autochthon_left,0.9396,muscle,0.9221698650124129,0.9256794212703542,0.8138752821249974,1.0,0.7630525804446069,1.0,0.9314753671459737
s0293,autochthon_right,0.9408,muscle,0.9062428109478862,0.9240702254094285,0.7979482280604706,1.0,0.7471255263800801,1.0,0.9090005325395665
s0293,colon,0.8157,digestive,0.39189024185546634,0.7177766378486558,0.2835956589680508,0.8260712207360713,0.3663897822415992,0.7432770974625229,0.4885933815991493
s0293,duodenum,0.5757,digestive,0.4507406228199682,0.740072008044148,0.3424460399325526,0.8483665909315635,0.42524016320610103,0.7655724676580151,0.7416317727700416
s0293,esophagus,0.73,digestive,0.7639360604502548,0.7918316124239425,0.6556414775628392,0.9001261953113581,0.7384356008363876,0.8173320720378097,0.80384408529059
s0293,gallbladder,0.5723,solid_abdominal,0.4777369222866169,0.6817665536413039,0.36944233939920135,0.7900611365287195,0.3699045961017707,0.7895988798261501,0.6328736348305906
s0293,heart,0.9323,heart,0.8444971539269557,0.9296473570974189,0.7362025710395401,1.0,0.7362025710395401,1.0,0.9087411012526883
s0293,iliopsoas_left,0.7476,muscle,0.6739168580748893,0.8353120412012781,0.5656222751874738,0.9436066240886937,0.5147995735070833,0.9944293257690842,0.7836919049050046
s0293,iliopsoas_right,0.5736,muscle,0.4380594085618145,0.6912533267789461,0.32976482567439896,0.7995479096663617,0.2789421239940085,0.8503706113467522,0.5214782193756333
s0293,inferior_vena_cava,0.8267,great_vessel,0.7293680043322402,0.8417160895454221,0.6210734214448247,0.9500106724328377,0.5000663306243573,1.0,0.816406701621132
s0293,intervertebral_discs,0.7873,vertebrae,0.7084029872208326,0.821339179903761,0.6001084043334171,0.9296337627911766,0.46317898415094727,1.0,0.7518402389802992
s0293,kidney_left,0.863,urinary,0.8897805203592363,0.8737875662632674,0.7814859374718207,0.9820821491506829,0.7065904726016923,1.0,0.8689867983867346
s0293,kidney_right,0.7897,urinary,0.835551561507699,0.8752850539783552,0.7272569786202835,0.9835796368657708,0.652361513750155,1.0,0.8212788616410114
s0293,liver,0.8878,solid_abdominal,0.7290399374843939,0.9275342011040577,0.6207453545969783,1.0,0.6212076112995477,1.0,0.8819639702170213
s0293,lung_left,0.9477,lung,0.9375741780869804,0.9464004017971266,0.8292795951995648,1.0,0.7641939904968953,1.0,0.9357322118145288
s0293,lung_right,0.9575,lung,0.9265381172229343,0.9531755928624941,0.8182435343355188,1.0,0.7531579296328492,1.0,0.9400511431788253
s0293,pancreas,0.5089,solid_abdominal,0.38805466250285564,0.7682289735911026,0.2797600796154401,0.8765235564785182,0.2802223363180094,0.8760612997759488,0.5731330914177055
s0293,portal_vein_and_splenic_vein,0.2925,great_vessel,0.05932155066597571,0.3898535300845635,0.0,0.4981481129719791,0.0,0.6191552037924465,0.042094330677196055
s0293,small_bowel,0.631,digestive,0.424530013739844,0.7880803737067605,0.31623543085242845,0.8963749565941761,0.39902955412597685,0.8135808333206277,0.7645866332748473
s0293,spinal_cord,0.8447,neuro,0.826834108390375,0.8751007380704681,0.7185395255029594,0.9833953209578836,0.782331971087827,0.919602875373016,0.841287828880296
s0293,spleen,0.8241,solid_abdominal,0.4397484043210225,0.845233111746948,0.33145382143360697,0.9535276946343636,0.3319160781361763,0.9530654379317942,0.740717356380836
s0293,stomach,0.8737,digestive,0.4746880865587582,0.8326767860266998,0.36639350367134266,0.9409713689141154,0.44918762694489106,0.858177245640567,0.6744798990459344
s0293,vertebrae,0.8597,vertebrae,0.7813813380292735,0.828365730937321,0.6730867551418579,0.9366603138247366,0.5361573349593881,1.0,0.8548217204184455
s0280,colon,0.0577,digestive,0.28823851432592107,0.6207000487844999,0.2115004344426321,0.6974381286677889,0.2429627193457335,0.6659758437646874,0.5227691725699065
s0280,femur_left,0.897,pelvic_bone,0.6888169033175118,0.8963222833300074,0.6120788234342228,0.9730603632132964,0.6311292237043887,0.9540099629431305,0.8580523880829306
s0280,femur_right,0.9043,pelvic_bone,0.8049549533440714,0.9199976416044736,0.7282168734607825,0.9967357214877626,0.7472672737309484,0.9776853212175967,0.8271012959524221
s0280,gluteus_maximus_left,0.8913,muscle,0.7875809573606491,0.9054177554221992,0.7108428774773602,0.9821558353054881,0.7339931440053447,0.9590055687775036,0.8510813295223417
s0280,gluteus_maximus_right,0.8778,muscle,0.8414092801790208,0.914173598620725,0.7646712002957319,0.990911678504014,0.7878214668237163,0.9677614119760295,0.8427195091085182
s0280,hip_left,0.8087,pelvic_bone,0.38299062305909404,0.7134284704840962,0.3062525431758051,0.7901665503673851,0.325302943445971,0.7711161500972192,0.6221063163880551
s0280,hip_right,0.8081,pelvic_bone,0.7969885683454937,0.8733369860041689,0.7202504884622047,0.9500750658874578,0.7393008887323707,0.9310246656172919,0.8364056427776937
s0280,iliac_artery_left,0.8,great_vessel,8.900611934638585e-20,0.08759261564580818,0.0,0.16433069552909713,0.0,0.2503552817647044,0.0017189625996282703
s0280,iliac_artery_right,0.7455,great_vessel,0.09706526761357101,0.30397005247413167,0.020327187730282054,0.3807081323574206,0.0,0.4667327185930279,0.13566154162713998
s0280,iliac_vena_left,0.7011,great_vessel,0.06029953043542785,0.2857022188772225,0.0,0.3624402987605115,0.0,0.4484648849961187,0.14188506924473776
s0280,iliac_vena_right,0.6641,great_vessel,0.10091035194809567,0.43675653818546617,0.02417227206480671,0.5134946180687552,0.0,0.5995192043043623,0.21495961160609559
s0280,iliopsoas_left,0.6433,muscle,0.2880917823965888,0.7498820789585534,0.21135370251329982,0.8266201588418424,0.2345039690412843,0.8034698923138579,0.7107807750115864
s0280,iliopsoas_right,0.6091,muscle,0.4547040792434971,0.8482282725950395,0.37796599936020814,0.9249663524783285,0.4011162658881926,0.901816085950344,0.724598413362518
s0280,prostate,0.2454,reproductive,0.6778779482164247,0.6690990405187596,0.6011398683331357,0.7458371204020485,0.6011398683331357,0.7458371204020485,0.7688977020995372
s0280,urinary_bladder,0.0,urinary,0.24734180316805732,0.4588246045524803,0.17060372328476836,0.5355626844357693,0.11357970496095504,0.5925867027595826,0.09936208271006032
s0385,aorta,0.0,great_vessel,0.09980999173556675,0.4869224025663083,0.05270824369369702,0.534024150608178,0.0,0.6283938370714934,0.24239706368405797
s0385,autochthon_left,0.0,muscle,0.42582480412576723,0.8029761430950425,0.3787230560838975,0.8500778911369122,0.35897253000837864,0.8698284172124311,0.595560238088098
s0385,autochthon_right,0.0,muscle,0.37651252183576855,0.8354190228100249,0.3294107737938988,0.8825207708518946,0.30966024771837997,0.9022712969274135,0.6745754757227241
s0385,intervertebral_discs,0.799,vertebrae,0.6195804526576341,0.8349122632261974,0.5724787046157643,0.8820140112680671,0.6043139366301139,0.8501787792537175,0.8122407462556531
s0385,lung_left,0.0,lung,6.039594296773565e-20,0.23287120934398212,0.0,0.2799729573858518,0.0,0.24075395022620596,0.06130641746592466
s0385,spinal_cord,0.8672,neuro,0.7335204600068632,0.8873363843444823,0.6864187119649935,0.934438132386352,0.7084160115751842,0.9124408327761613,0.8557953634327591
s0385,vertebrae,0.8571,vertebrae,0.8099728175437048,0.8894608249773963,0.762871069501835,0.936562573019266,0.7947063015161846,0.9047273410049165,0.8452546177507532
s0594,brain,0.9773,neuro,0.838502145477319,0.9693365852229364,0.7617640655940301,1.0,0.7798251839278655,1.0,0.9530708888533216
s0594,intervertebral_discs,0.6294,vertebrae,0.3126921059348326,0.7138853288567899,0.23595402605154364,0.7906234087400789,0.2287887957945542,0.7977886389970683,0.45095944443205793
s0594,spinal_cord,0.7937,neuro,0.6510115712983988,0.7803021182919101,0.5742734914151099,0.857040198175199,0.5923346097489453,0.8389790798413637,0.7343972180891281
s0594,vertebrae,0.7012,vertebrae,0.41527468856238153,0.768753373953504,0.3385366086790926,0.8454914538367929,0.3313713784221031,0.8526566840937824,0.7142779562761271
s0287,adrenal_gland_left,0.4325,urinary,0.20026820950047344,0.5998148474054751,0.13779264127256222,0.6622904156333863,0.013097788114909498,0.786985268791039,0.4611881685063927
s0287,adrenal_gland_right,0.5156,urinary,0.12963707642702768,0.4338647698623319,0.06716150819911645,0.49634033809024314,0.0,0.6210351912478959,0.23261816852092004
s0287,aorta,0.6058,great_vessel,0.4851843526297331,0.7931252258974439,0.42270878440182186,0.8556007941253552,0.3882921296974346,0.8900174488297424,0.7602532193786887
s0287,autochthon_left,0.9339,muscle,0.9527258615415763,0.9338824705853954,0.8902502933136651,0.9963580388133066,0.8948865476561654,0.9917217844708064,0.9340770329237197
s0287,autochthon_right,0.9365,muscle,0.9302489125601668,0.9331830707428588,0.8677733443322556,0.99565863897077,0.8724095986747559,0.9910223846282697,0.935894107852651
s0287,colon,0.7172,digestive,0.7372227410762469,0.8859111300123954,0.6747471728483356,0.9483866982403066,0.7330786083144685,0.8900552627741738,0.855028348587298
s0287,duodenum,0.6036,digestive,0.18696593638487002,0.6064588158504728,0.1244903681569588,0.668934384078384,0.18282180362309164,0.6106029486122512,0.4014857378711709
s0287,esophagus,0.4442,digestive,0.2827334953215708,0.7682658374170834,0.2202579270936596,0.8307414056449947,0.27858936255979244,0.7724099701788618,0.7300107708334944
s0287,gallbladder,0.3585,solid_abdominal,0.04156610711237122,0.5940273959143104,0.0,0.6565029641422216,0.0,0.715808057202053,0.4711448474852791
s0287,heart,0.8309,heart,0.19131193303364344,0.5937558064379677,0.1288363648057322,0.6562313746658789,0.0177942657761698,0.7672734736954413,0.4847331229642968
s0287,hip_right,0.6052,pelvic_bone,0.10047874297968762,0.6979352895327711,0.03800317475177639,0.7604108577606823,0.0,0.8266948352889396,0.49491780153167
s0287,humerus_left,0.6813,shoulder_bone,0.11008567648828702,0.735319552390768,0.04761010826037579,0.7977951206186792,0.04603168029290414,0.7993735485861508,0.6240980200096414
s0287,humerus_right,0.6926,shoulder_bone,0.35585252423749875,0.7759043367598691,0.2933769560095875,0.8383799049877804,0.29179852804211587,0.839958332955252,0.5504830373911069
s0287,iliac_artery_left,0.7902,great_vessel,0.3905835537011049,0.7435401765123579,0.3281079854731937,0.8060157447402692,0.29369133076880644,0.8404323994446564,0.7573726343241031
s0287,iliac_artery_right,0.5304,great_vessel,0.32048170163583717,0.6543618264961675,0.25800613340792594,0.7168373947240787,0.22358947870353868,0.751254049428466,0.660841447050851
s0287,iliac_vena_left,0.4706,great_vessel,0.0012211926278682713,0.6393451074198586,0.0,0.7018206756477698,0.0,0.7362373303521571,0.06085955902097148
s0287,iliac_vena_right,0.6227,great_vessel,0.1223815404038319,0.6951743262946048,0.05990597217592067,0.7576498945225161,0.025489317471533407,0.7920665492269033,0.6140201346218296
s0287,iliopsoas_left,0.7298,muscle,0.7454954999329446,0.8648491682533865,0.6830199317050334,0.9273247364812978,0.6876561860475336,0.9226884821387975,0.7877767976912916
s0287,iliopsoas_right,0.7369,muscle,0.7760439735284422,0.8664996687652653,0.713568405300531,0.9289752369931765,0.7182046596430313,0.9243389826506763,0.8044673681274275
s0287,inferior_vena_cava,0.8229,great_vessel,0.7693094489089312,0.8957213208546824,0.7068338806810199,0.9581968890825936,0.6724172259766327,0.9926135437869809,0.7943100321928263
s0287,intervertebral_discs,0.8133,vertebrae,0.7103229171743156,0.7819364012980609,0.6478473489464044,0.8444119695259721,0.6470348998591029,0.8452244186132736,0.8091128746448925
s0287,kidney_left,0.8544,urinary,0.7811207531089337,0.8924951925215837,0.7186451848810225,0.9549707607494949,0.5939503317233698,1.0,0.773588273914977
s0287,kidney_right,0.8614,urinary,0.7477778039283921,0.8896872418140028,0.6853022357004809,0.952162810041914,0.5606073825428282,1.0,0.7434687423218441
s0287,liver,0.9309,solid_abdominal,0.8524092137635365,0.9349425073229993,0.7899336455356253,0.9974180755509106,0.730628552475794,1.0,0.8990941434470098
s0287,lung_left,0.9371,lung,0.8140267680438372,0.9272883420445729,0.751551199815926,0.9897639102724841,0.800791202575381,0.9405239075130292,0.9264661569194169
s0287,lung_right,0.9406,lung,0.7965090524029016,0.8930749072578812,0.7340334841749904,0.9555504754857924,0.7832734869344453,0.9063104727263375,0.8789890897551689
s0287,pancreas,0.3283,solid_abdominal,0.5974150530281435,0.7581356634414851,0.5349394848002322,0.8206112316693963,0.4756343917404009,0.8799163247292277,0.725624541490532
s0287,portal_vein_and_splenic_vein,0.7196,great_vessel,0.39942459734582236,0.5662179582727822,0.33694902911791114,0.6286935265006934,0.3025323744135239,0.6631101812050807,0.47800703602772976
s0287,small_bowel,0.4648,digestive,0.583569873622386,0.8244402459740581,0.5210943053944748,0.8869158142019693,0.5794257408606076,0.8285843787358365,0.6429084024233155
s0287,spinal_cord,0.8728,neuro,0.8225576484941656,0.8793562050299565,0.7600820802662543,0.9418317732578677,0.8115913502840905,0.8903225032400316,0.859499309691534
s0287,spleen,0.8304,solid_abdominal,0.6934884339496409,0.9027017775476553,0.6310128657217297,0.9651773457755666,0.5717077726618983,1.0,0.8471246999022045
s0287,stomach,0.814,digestive,0.7861592394199998,0.9062167069116721,0.7236836711920885,0.9686922751395833,0.7820151066582214,0.9103608396734505,0.8828918252778726
s0287,vertebrae,0.8695,vertebrae,0.7175288722961753,0.8414982592083056,0.6550533040682641,0.9039738274362168,0.6542408549809626,0.9047862765235183,0.8492811541009309
s0027,brain,0.9609,neuro,0.9547099177284947,0.9759493163981159,0.8955843883551051,1.0,0.9162766890850682,1.0,0.9850759279059456
s0027,spinal_cord,0.6059,neuro,0.6018755719804385,0.770519420190536,0.542750042607049,0.8296449495639255,0.563442343337012,0.8089526488339625,0.7200575746461247
s0027,vertebrae,0.0,vertebrae,0.09854316608923021,0.30507050107329614,0.03941763671584066,0.3641960304466857,0.05557507574204969,0.34803859142047666,0.2273133808064459
s0031,adrenal_gland_left,0.5866,urinary,0.4536323512033798,0.6974865888574465,0.39450682182999025,0.7566121182308361,0.33301992466141733,0.818099015399409,0.6067007893922426
s0031,adrenal_gland_right,0.3861,urinary,0.0,0.5048065719964363,0.0,0.5639321013698259,0.0,0.6254189985383988,0.0741879932237462
s0031,aorta,0.8799,great_vessel,0.6604588534929606,0.8761516042197445,0.6013333241195711,0.935277133593134,0.5294028583779977,1.0,0.8665728291965342
s0031,autochthon_left,0.9195,muscle,0.9072347884741441,0.9399736650056273,0.8481092591007545,0.9990991943790168,0.8375320569932281,1.0,0.9287832158675217
s0031,autochthon_right,0.9277,muscle,0.9016210106408603,0.9346507807688469,0.8424954812674708,0.9937763101422364,0.8319182791599443,1.0,0.9074018751242477
s0031,colon,0.7536,digestive,0.7363953339253708,0.864182804182185,0.6772698045519813,0.9233083335555745,0.6952705816745274,0.9053075564330284,0.7710474339321562
s0031,duodenum,0.7427,digestive,0.3911049017235364,0.7405933121832176,0.33197937235014685,0.7997188415566071,0.34998014947269296,0.781718064434061,0.582055637493913
s0031,esophagus,0.8113,digestive,0.6899960393646226,0.7809963603220086,0.6308705099912331,0.8401218896953981,0.6488712871137792,0.822121112572852,0.8143830554730743
s0031,gallbladder,0.4285,solid_abdominal,0.0847189653566076,0.613733721074248,0.025593435983218046,0.6728592504476375,0.0,0.7985230078844303,0.24635832942198863
s0031,heart,0.965,heart,0.8765109701391254,0.945538874986612,0.8173854407657358,1.0,0.8173854407657358,1.0,0.9097350131500099
s0031,iliopsoas_left,0.8056,muscle,0.6964523691421349,0.8338920410791469,0.6373268397687454,0.8930175704525365,0.6267496376612189,0.9035947725600629,0.7974371675172112
s0031,iliopsoas_right,0.8211,muscle,0.6691692395238444,0.8418503756875392,0.6100437101504549,0.9009759050609287,0.5994665080429284,0.9115531071684552,0.7614546042669431
s0031,inferior_vena_cava,0.8208,great_vessel,0.753873410339252,0.8379341879401874,0.6947478809658625,0.8970597173135769,0.6228174152242891,0.9689901830551503,0.7813714978622369
s0031,intervertebral_discs,0.6666,vertebrae,0.7082751651843775,0.7664221915890668,0.649149635810988,0.8255477209624563,0.665307074837197,0.8093902819362473,0.7880459610117728
s0031,kidney_left,0.8995,urinary,0.8449482291255049,0.9163574876820845,0.7858226997521154,0.975483017055474,0.7243358025835425,1.0,0.877820127362765
s0031,kidney_right,0.8929,urinary,0.8138802804342734,0.905301682452568,0.7547547510608839,0.9644272118259576,0.6932678538923109,1.0,0.8648524536655364
s0031,liver,0.9265,solid_abdominal,0.8910527963319534,0.9274724613421954,0.8319272669585639,0.986597990715585,0.7062635095217711,1.0,0.9091661676237519
s0031,lung_left,0.9546,lung,0.934511383025806,0.9482384946279403,0.8753858536524165,1.0,0.9187172304896519,0.9640326471640944,0.9501749253440105
s0031,lung_right,0.9515,lung,0.9135836312610925,0.9375008828224148,0.854458101887703,0.9966264121958044,0.8977894787249384,0.953295035358569,0.9473564197235994
s0031,pancreas,0.6467,solid_abdominal,0.5911074764618527,0.8255196062868649,0.5319819470884631,0.8846451356602545,0.4063181896516703,1.0,0.6475034016504058
s0031,portal_vein_and_splenic_vein,0.6351,great_vessel,0.1746350374416548,0.5898182620901888,0.11550950806826524,0.6489437914635784,0.04357904232669188,0.7208742572051517,0.5265691631601036
s0031,small_bowel,0.7463,digestive,0.6453759831304369,0.8741678545098499,0.5862504537570473,0.9332933838832395,0.6042512308795934,0.9152926067606934,0.8435992792684238
s0031,spinal_cord,0.8838,neuro,0.7527753286729596,0.8925579980893299,0.69364979929957,0.9516835274627194,0.7143421000295331,0.9309912267327564,0.8596903888023177
s0031,spleen,0.9263,solid_abdominal,0.857223598343839,0.915578793552081,0.7980980689704494,0.9747043229254706,0.6724343115336566,1.0,0.8554775659914319
s0031,stomach,0.5511,digestive,0.638227558444862,0.8328892545927673,0.5791020290714725,0.8920147839661569,0.5971028061940186,0.8740140068436107,0.7056332167604079
s0031,vertebrae,0.8308,vertebrae,0.7523497194350328,0.8570066049275212,0.6932241900616433,0.9161321343009108,0.7093816290878523,0.8999746952747018,0.8490309445355907
s0414,aorta,0.185,great_vessel,0.14772231097470684,0.6139050036374901,0.03942772808729128,0.7221995865249057,0.0,0.843206677345373,0.44314377247904946
s0414,autochthon_left,0.443,muscle,0.061319338339496286,0.564540320374868,0.0,0.6728349032622836,0.0,0.7236576049426741,0.21435194153822143
s0414,autochthon_right,0.0253,muscle,0.0,0.5598782512532379,0.0,0.6681728341406534,0.0,0.7189955358210439,0.07616594450889237
s0414,esophagus,0.3294,digestive,0.03397430372243973,0.5035362134076145,0.0,0.61183079629503,0.008473844108572576,0.5290366730214816,0.07342197638413868
s0414,intervertebral_discs,0.7147,vertebrae,0.40959519755733365,0.7320115458893972,0.3013006146699181,0.8403061287768128,0.1643711944874483,0.9772355489592826,0.640441735445558
s0414,lung_right,0.1355,lung,0.0,0.4935584196675429,0.0,0.6018530025549584,0.0,0.666938607257628,0.07195135297399881
s0414,spinal_cord,0.8629,neuro,0.7806977566109059,0.8437399433992969,0.6724031737234903,0.9520345262867125,0.736195619308358,0.8882420807018448,0.7537989653722507
s0414,vertebrae,0.8299,vertebrae,0.5951665611995366,0.8390989722650126,0.48687197831212103,0.9473935551524282,0.34994255812965125,1.0,0.7871568189309115
s0056,femur_left,0.7736,pelvic_bone,0.7890976789220667,0.9412809361752127,0.7266221106941555,1.0,0.6603381331658982,1.0,0.7935478299237995
s0016,adrenal_gland_left,0.1858,urinary,0.36903794837845144,0.5292152489468799,0.3099124190050619,0.5883407783202694,0.24842552183648897,0.6498276754888423,0.49944772277848637
s0016,adrenal_gland_right,0.8149,urinary,0.0909313994055094,0.6428545103227609,0.03180587003211985,0.7019800396961504,0.0,0.7634669368647233,0.4538645966619333
s0016,aorta,0.8903,great_vessel,0.8337973529516399,0.8529181146601944,0.7746718235782504,0.912043644033584,0.702741357836677,0.9839741097751573,0.8175651878088334
s0016,autochthon_left,0.9488,muscle,0.9299685789684313,0.9434213346526152,0.8708430495950418,1.0,0.8602658474875153,1.0,0.9512763349214203
s0016,autochthon_right,0.9494,muscle,0.9244478053718588,0.9427697344244736,0.8653222759984692,1.0,0.8547450738909428,1.0,0.9478838720472674
s0016,colon,0.7869,digestive,0.6624304811838897,0.9056426724033448,0.6033049518105001,0.9647682017767344,0.6213057289330463,0.9467674246541883,0.8024239225404145
s0016,duodenum,0.38,digestive,0.4889316058282759,0.6978141764670638,0.42980607645488633,0.7569397058404533,0.44780685357743244,0.7389389287179072,0.4885786990925939
s0016,esophagus,0.5585,digestive,0.07400489154319213,0.5976240269288662,0.014879362169802582,0.6567495563022557,0.03288013929234869,0.6387487791797096,0.4094368708478353
s0016,gallbladder,0.6389,solid_abdominal,0.5802676677231848,0.7294049182578352,0.5211421383497953,0.7885304476312247,0.39547838091300247,0.9141942050680175,0.5974160515714723
s0016,gluteus_medius_left,0.7773,muscle,0.06447221225209201,0.7376702866801033,0.005346682878702463,0.7967958160534928,0.0,0.8073730181610193,0.6090297162060165
s0016,gluteus_medius_right,0.0,muscle,0.0010929855220619255,0.7086375733107841,0.0,0.7677631026841737,0.0,0.7783403047917001,0.05138343233855387
s0016,heart,0.4846,heart,0.5817314089974795,0.9071845552834734,0.52260587962409,0.966310084656863,0.52260587962409,0.966310084656863,0.7420066301309389
s0016,hip_left,0.7125,pelvic_bone,0.1879850016786648,0.8118660904766979,0.12885947230527525,0.8709916198500874,0.15205153056780615,0.8477995615875565,0.613419668984475
s0016,hip_right,0.558,pelvic_bone,0.015567606628793498,0.6152950030119528,0.0,0.6744205323853424,0.0,0.6512284741228115,0.5282826952681575
s0016,iliac_artery_left,0.8189,great_vessel,0.45400981797106305,0.7334473935578288,0.3948842885976735,0.7925729229312184,0.32295382285610014,0.8645033886727918,0.605197405244086
s0016,iliac_artery_right,0.6964,great_vessel,0.2607791392862256,0.646299826377166,0.20165360991283604,0.7054253557505555,0.12972314417126268,0.7773558214921289,0.6821571311347421
s0016,iliac_vena_left,0.4444,great_vessel,0.006821931566904139,0.6463598827076096,0.0,0.7054854120809991,0.0,0.7774158778225725,0.17058248613884885
s0016,iliac_vena_right,0.7368,great_vessel,0.006704253374093011,0.5805345634034828,0.0,0.6396600927768723,0.0,0.7115905585184457,0.33935414674562614
s0016,iliopsoas_left,0.663,muscle,0.8908660655904758,0.9242693075444803,0.8317405362170862,0.9833948369178699,0.8211633341095598,0.9939720390253963,0.8990694637542141
s0016,iliopsoas_right,0.7087,muscle,0.8828503121224017,0.8997090135403168,0.8237247827490122,0.9588345429137064,0.8131475806414857,0.9694117450212328,0.8993865409158768
s0016,inferior_vena_cava,0.8034,great_vessel,0.8623238406536661,0.8689193258476333,0.8031983112802765,0.9280448552210229,0.7312678455387032,0.9999753209625962,0.8387061057876783
s0016,intervertebral_discs,0.805,vertebrae,0.7042835068945015,0.839931238585892,0.6451579775211119,0.8990567679592816,0.661315416547321,0.8828993289330725,0.7913444038602557
s0016,kidney_left,0.6618,urinary,0.8533062810523867,0.9149901864132214,0.7941807516789972,0.9741157157866109,0.7326938545104242,1.0,0.85653180237662
s0016,kidney_right,0.7937,urinary,0.8511206714106354,0.9188061998906432,0.7919951420372459,0.9779317292640327,0.7305082448686729,1.0,0.920566603175012
s0016,liver,0.9403,solid_abdominal,0.7805661958624435,0.9558369661964056,0.7214406664890539,1.0,0.5957769090522611,1.0,0.8993206998859414
s0016,lung_left,0.7418,lung,0.6616737290259201,0.8144687910162938,0.6025481996525306,0.8735943203896833,0.645879576489766,0.8302629435524479,0.7465877185030602
s0016,lung_right,0.9371,lung,0.8958101050269309,0.9452986866109491,0.8366845756535414,1.0,0.8800159524907768,0.9610928391471032,0.9331547213299909
s0016,pancreas,0.5734,solid_abdominal,0.571504461138294,0.8243290947239209,0.5123789317649045,0.8834546240973105,0.38671517432811164,1.0,0.6018109908973771
s0016,portal_vein_and_splenic_vein,0.6254,great_vessel,0.3066929109886234,0.6389898632041621,0.24756738161523384,0.6981153925775516,0.17563691587366048,0.770045858319125,0.39036049661186667
s0016,small_bowel,0.7461,digestive,0.573880072704,0.8726011309142647,0.5147545433306104,0.9317266602876543,0.5327553204531565,0.9137258831651082,0.698543230570197
s0016,spinal_cord,0.8684,neuro,0.8249027171845751,0.8787116092657229,0.7657771878111855,0.9378371386391124,0.7864694885411486,0.9171448379091494,0.8678542074707908
s0016,spleen,0.8011,solid_abdominal,0.8351847902426943,0.9357875557526414,0.7760592608693048,0.9949130851260309,0.650395503432512,1.0,0.9230474944274806
s0016,stomach,0.5573,digestive,0.5296832212871471,0.8201528849720173,0.4705576919137575,0.8792784143454069,0.4885584690363036,0.8612776372228608,0.6185582676365036
s0016,vertebrae,0.8609,vertebrae,0.8082229974850279,0.8848815186750617,0.7490974681116384,0.9440070480484513,0.7652549071378474,0.9278496090222422,0.8486618486127732
s0145,clavicula_right,0.6099,shoulder_bone,0.2830045809012856,0.7610190985200331,0.23590283285941588,0.8081208465619029,0.2005588636267141,0.8434648157946046,0.34670291920197727
s0145,femur_right,0.0,pelvic_bone,0.3883567935127215,0.8059454251070929,0.3412550454708518,0.8530471731489626,0.3412550454708518,0.8530471731489626,0.662860991509027
s0145,humerus_right,0.6738,shoulder_bone,0.7851096841480346,0.8840207975665184,0.7380079361061649,0.9311225456083881,0.7026639668734631,0.9664665148410899,0.8058359477969842
s0145,scapula_left,0.0,shoulder_bone,6.039594296773565e-20,0.22185533935102933,0.0,0.26895708739289903,0.0,0.3043010566256008,0.10577460774942624
s0145,scapula_right,0.5076,shoulder_bone,0.2746843459245968,0.7353546804134447,0.22758259788272706,0.7824564284553144,0.19223862865002528,0.8178003976880162,0.5528503772962733
s0216,adrenal_gland_left,0.5421,urinary,0.4332573205167544,0.7515443303108653,0.32496273762933886,0.8598389131982809,0.25006727275921037,0.9347343780684094,0.5870384855379801
s0216,adrenal_gland_right,0.3657,urinary,0.0676638635905112,0.625560784414256,0.0,0.7338553673016716,0.0,0.8087508321718,0.3640055861585487
s0216,aorta,0.8753,great_vessel,0.6717820802277307,0.8328874355237343,0.5634874973403151,0.9411820184111499,0.4424804065198477,1.0,0.8028842306583085
s0216,autochthon_left,0.9283,muscle,0.8482789711341108,0.8991123294166449,0.7399843882466952,1.0,0.6891616865663047,1.0,0.9025345449447719
s0216,autochthon_right,0.9342,muscle,0.8391556573652775,0.901503071015794,0.730861074477862,1.0,0.6800383727974715,1.0,0.8784939006954264
s0216,colon,0.6729,digestive,0.5188350769635307,0.8516232031348685,0.41054049407611515,0.9599177860222841,0.49333461734966355,0.8771236627487357,0.7450217668185392
s0216,duodenum,0.5685,digestive,0.644684351289088,0.8100353539704236,0.5363897684016724,0.9183299368578391,0.6191838916752208,0.8355358135842907,0.7322936161956624
s0216,esophagus,0.7659,digestive,0.5312496066092459,0.8170146815086868,0.42295502372183036,0.9253092643961024,0.5057491469953788,0.842515141122554,0.8184582585600351
s0216,gallbladder,0.0,solid_abdominal,0.18382828903376772,0.4661842886645754,0.07553370614635216,0.574478871551991,0.0759959628489215,0.5740166148494216,0.4433723926042141
s0216,gluteus_maximus_left,0.5027,muscle,0.5817026675521109,0.8378944219843353,0.4734080846646953,0.9461890048717508,0.4225853829843048,0.9970117065521413,0.7715735741329703
s0216,gluteus_maximus_right,0.6469,muscle,0.5929703191867073,0.8497047489356057,0.4846757362992917,0.9579993318230212,0.43385303461890123,1.0,0.771994644216478
s0216,gluteus_medius_left,0.888,muscle,0.7241234749462936,0.9064533133575479,0.615828892058878,1.0,0.5650061903784875,1.0,0.835029422714531
s0216,gluteus_medius_right,0.8723,muscle,0.6727546130588551,0.8825627449130691,0.5644600301714395,0.9908573278004846,0.513637328491049,1.0,0.848629106694633
s0216,gluteus_minimus_left,0.8196,muscle,0.30732071731043853,0.8191233271982362,0.19902613442302297,0.9274179100856518,0.14820343274263248,0.9782406117660423,0.6480668005671226
s0216,gluteus_minimus_right,0.7589,muscle,0.4439645173247174,0.8259815988672494,0.33566993443730186,0.934276181754665,0.2848472327569114,0.9850988834350555,0.6978758517466913
s0216,heart,0.9192,heart,0.8613867730201044,0.9213282716886325,0.7530921901326888,1.0,0.7530921901326888,1.0,0.8938623387064022
s0216,hip_left,0.8427,pelvic_bone,0.6579928347226948,0.8150281400205098,0.5496982518352792,0.9233227229079254,0.6201385990659776,0.852882375677227,0.7976720319060419
s0216,hip_right,0.8681,pelvic_bone,0.7391702818108906,0.8200769961328978,0.6308756989234751,0.9283715790203133,0.7013160461541734,0.857931231789615,0.7743331322529002
s0216,humerus_left,0.792,shoulder_bone,0.13311140263182736,0.6985083233100106,0.0248168197444118,0.8068029061974261,0.14028885540791122,0.6913308705339267,0.5540041994679993
s0216,humerus_right,0.5283,shoulder_bone,0.08235810526759439,0.674795943181966,0.0,0.7830905260693816,0.08953555804367826,0.6676184904058822,0.5796022042619666
s0216,iliac_artery_right,0.1283,great_vessel,0.22552190662606575,0.5684577442739903,0.11722732373865019,0.6767523271614059,0.0,0.7977594179818732,0.47447238794491187
s0216,iliac_vena_left,0.3546,great_vessel,0.2998471801612745,0.6880588808314752,0.19155259727385893,0.7963534637188907,0.07054550645339153,0.9173605545393582,0.5389906163248988
s0216,iliac_vena_right,0.4269,great_vessel,0.10131647154969683,0.6920020961266008,0.0,0.8002966790140164,0.0,0.9213037698344837,0.5884651922892137
s0216,iliopsoas_left,0.6616,muscle,0.6730574414180981,0.7833989013480921,0.5647628585306825,0.8916934842355076,0.513940156850292,0.9425161859158981,0.7735348080416774
s0216,iliopsoas_right,0.7413,muscle,0.48183368326271153,0.7484137713315682,0.373539100375296,0.8567083542189837,0.3227163986949055,0.9075310558993742,0.7225356341813871
s0216,inferior_vena_cava,0.0,great_vessel,0.3838497775207313,0.7020619704763241,0.27555519463331574,0.8103565533637397,0.15454810381284834,0.931363644184207,0.5121396893052337
s0216,intervertebral_discs,0.7087,vertebrae,0.7666489312940755,0.8463321593482308,0.65835434840666,0.9546267422356464,0.5214249282241902,1.0,0.8241265664987439
s0216,kidney_left,0.5277,urinary,0.5108981096971067,0.8667646177440312,0.40260352680969114,0.9750592006314468,0.32770806193956264,1.0,0.7359223045381436
s0216,kidney_right,0.5634,urinary,0.6724283322105301,0.8664206342049001,0.5641337493231146,0.9747152170923157,0.48923828445298606,1.0,0.7581512114880082
s0216,liver,0.874,solid_abdominal,0.8211783784261056,0.9363151274755356,0.7128837955386901,1.0,0.7133460522412595,1.0,0.9284121476874614
s0216,lung_left,0.9739,lung,0.9189855945026143,0.9574151956509238,0.8106910116151987,1.0,0.7456054069125292,1.0,0.9403359823447245
s0216,lung_right,0.978,lung,0.8702981574482241,0.9584780609863106,0.7620035745608086,1.0,0.696917969858139,1.0,0.9382185824066448
s0216,pancreas,0.1064,solid_abdominal,0.32291688296664517,0.6518107884716533,0.2146223000792296,0.7601053713590689,0.21508455678179894,0.7596431146564995,0.551104978945559
s0216,portal_vein_and_splenic_vein,0.1056,great_vessel,0.29767952439695716,0.6042849666810375,0.1893849415095416,0.712579549568453,0.0683778506890742,0.8335866403889205,0.4368433600904231
s0216,sacrum,0.7429,pelvic_bone,0.7426294180813827,0.840913792757592,0.6343348351939672,0.9492083756450076,0.7047751824246655,0.8787680284143092,0.7994580571498268
s0216,scapula_left,0.0,shoulder_bone,0.2774171743383009,0.614153897323349,0.16912259145088532,0.7224484802107646,0.2845946271143847,0.6069764445472652,0.5690203575417511
s0216,scapula_right,0.0,shoulder_bone,0.2344999088671902,0.663301045644513,0.12620532597977463,0.7715956285319285,0.24167736164327405,0.6561235928684291,0.5982785389969221
s0216,small_bowel,0.3087,digestive,0.3781715115043943,0.816511351261813,0.26987692861697876,0.9248059341492285,0.35267105189052717,0.8420118108756801,0.6147577281641169
s0216,spinal_cord,0.7947,neuro,0.7883269965702451,0.8829512933892881,0.6800324136828295,0.9912458762767037,0.7438248592676971,0.9274534306918361,0.8045123831007356
s0216,spleen,0.7678,solid_abdominal,0.836386222275525,0.9263522764905151,0.7280916393881094,1.0,0.7285538960906788,1.0,0.9393399200059691
s0216,stomach,0.8339,digestive,0.6980272495533472,0.8822839766500954,0.5897326666659316,0.990578559537511,0.67252678993948,0.9077844362639625,0.8596313591483854
s0216,vertebrae,0.7805,vertebrae,0.8049616087951976,0.8896459524892004,0.6966670259077821,0.997940535376616,0.5597376057253123,1.0,0.8407835380286902
s0323,aorta,0.0,great_vessel,0.1675643918838441,0.5637552901610255,0.10508882365593286,0.6262308583889368,0.0706721689515456,0.660647513093324,0.4531965141119692
s0323,autochthon_left,0.4495,muscle,0.7020095171334217,0.8258583106301571,0.6395339489055105,0.8883338788580684,0.6441702032480108,0.8836976245155681,0.7898987400025772
s0323,autochthon_right,0.8018,muscle,0.704934039898677,0.8526988388710004,0.6424584716707658,0.9151744070989116,0.647094726013266,0.9105381527564114,0.8166211853261945
s0323,colon,0.4623,digestive,0.48007906917478804,0.7839983041075443,0.4176035009468768,0.8464738723354556,0.47593493641300966,0.7881424368693227,0.6649054148003326
s0323,duodenum,0.2692,digestive,0.06626306792655519,0.5324833559590377,0.003787499698643962,0.594958924186949,0.0621189351647768,0.5366274887208161,0.5391870739060871
s0323,esophagus,0.4415,digestive,0.12047070604667214,0.6779320285929916,0.05799513781876091,0.7404075968209028,0.11632657328489375,0.68207616135477,0.5689328981310028
s0323,femur_left,0.0,pelvic_bone,0.17773980860795,0.6991380158996479,0.11526424038003877,0.7616135841275591,0.04898026285178145,0.8278975616558164,0.47799702569994995
s0323,femur_right,0.0,pelvic_bone,0.06309174995305115,0.6577655690715392,0.0006161817251399276,0.7202411372994504,0.0,0.7865251148277077,0.604956432831619
s0323,gallbladder,0.0,solid_abdominal,0.17527238262544664,0.5908298706072544,0.11279681439753542,0.6533054388351657,0.05349172133770408,0.712610531894997,0.6145110652595224
s0323,gluteus_maximus_left,0.0,muscle,0.19233333213803563,0.6521902344908698,0.1298577639101244,0.714665802718781,0.13449401825262466,0.7100295483762807,0.44785750356067017
s0323,gluteus_medius_left,0.4816,muscle,0.6721133976430143,0.8117506225129181,0.609637829415103,0.8742261907408293,0.6142740837576033,0.869589936398329,0.7439603766703924
s0323,gluteus_medius_right,0.5932,muscle,0.7968225212925527,0.8372522824230421,0.7343469530646415,0.8997278506509533,0.7389832074071417,0.895091596308453,0.8048413038698455
s0323,gluteus_minimus_left,0.3303,muscle,0.3949666676235751,0.8166468136869549,0.33249109939566385,0.8791223819148661,0.3371273537381641,0.8744861275723659,0.7166805680861108
s0323,gluteus_minimus_right,0.6575,muscle,0.5334895195199848,0.7274352931056055,0.4710139512920736,0.7899108613335167,0.47565020563457383,0.7852746069910165,0.6685708658694748
s0323,heart,0.8002,heart,0.7909051838688222,0.9112810538147409,0.728429615640911,0.9737566220426521,0.6173875166113486,1.0,0.9016137056461728
s0323,hip_left,0.5893,pelvic_bone,0.6798771424084098,0.8706415475537239,0.6174015741804986,0.9331171157816351,0.5511175966522412,0.9994010933098925,0.7776831500539861
s0323,hip_right,0.6524,pelvic_bone,0.596670824139215,0.8288343420840502,0.5341952559113038,0.8913099103119614,0.46791127838304647,0.9575938878402187,0.6794758116906515
s0323,humerus_left,0.3796,shoulder_bone,0.06041103132510745,0.5696363414126836,0.0,0.6321119096405948,0.0,0.6336903376080665,0.4672236157415619
s0323,iliac_artery_right,0.0,great_vessel,0.3322663663159963,0.6421102973314927,0.2697907980880851,0.704585865559404,0.23537414338369783,0.7390025202637912,0.592642024825795
s0323,iliac_vena_left,0.0,great_vessel,0.15423841537041685,0.4767071682684146,0.09176284714250563,0.5391827364963258,0.057346192438118365,0.5735993912007131,0.3130267368415047
s0323,iliac_vena_right,0.0,great_vessel,0.15183256461656705,0.4506794349190262,0.08935699638865582,0.5131550031469374,0.05494034168426856,0.5475716578513247,0.33940556797728455
s0323,iliopsoas_left,0.8176,muscle,0.7957400092668636,0.9202318203317751,0.7332644410389524,0.9827073885596863,0.7379006953814526,0.9780711342171861,0.8941441933315433
s0323,iliopsoas_right,0.8281,muscle,0.7356432602234644,0.8782925181511254,0.6731676919955532,0.9407680863790366,0.6778039463380534,0.9361318320365364,0.8125141456658005
s0323,inferior_vena_cava,0.0,great_vessel,0.27706534933921906,0.6338751166196147,0.21458978111130783,0.6963506848475259,0.18017312640692057,0.7307673395519132,0.44865901151966325
s0323,intervertebral_discs,0.6703,vertebrae,0.5062499998881169,0.7764155626549112,0.4437744316602057,0.8388911308828224,0.4429619825729042,0.8397035799701239,0.6291005821086282
s0323,kidney_left,0.3466,urinary,0.6354991785603111,0.8306805384430537,0.5730236103323999,0.8931561066709649,0.4483287571747472,1.0,0.7199881025195217
s0323,kidney_right,0.0627,urinary,0.13821994641193666,0.5001135171011538,0.07574437818402543,0.562589085329065,0.0,0.6872839384867178,0.33703944054038054
s0323,liver,0.8076,solid_abdominal,0.8818583549217087,0.9359892521724253,0.8193827866937975,0.9984648204003366,0.7600776936339662,1.0,0.9546263363479682
s0323,lung_left,0.8764,lung,0.7716296402126853,0.8993000056288065,0.7091540719847741,0.9617755738567177,0.758394074744229,0.9125355710972628,0.8638976242274206
s0323,lung_right,0.896,lung,0.8686771622477106,0.9363303011200532,0.8062015940197994,0.9988058693479644,0.8554415967792544,0.9495658665885095,0.9206069570413008
s0323,pancreas,0.0,solid_abdominal,0.16874154751303888,0.5696197539943303,0.10626597928512765,0.6320953222222415,0.04696088622529632,0.6914004152820729,0.5246404162338502
s0323,portal_vein_and_splenic_vein,0.0,great_vessel,0.1088593773361275,0.5041645522501477,0.04638380910821627,0.5666401204780589,0.011967154403829006,0.6010567751824462,0.41724789136225604
s0323,sacrum,0.6116,pelvic_bone,0.7129742696311382,0.8345179420942895,0.650498701403227,0.8969935103222008,0.5842147238749696,0.9632774878504581,0.6955527561701619
s0323,small_bowel,0.3628,digestive,0.458158054499867,0.6832978732917633,0.3956824862719558,0.7457734415196745,0.45401392173808863,0.6874420060535417,0.564427678272015
s0323,spinal_cord,0.5459,neuro,0.5167743990678032,0.7327764137674089,0.454298830839892,0.7952519819953201,0.5058081008577281,0.743742711977484,0.5957207660455107
s0323,spleen,0.6635,solid_abdominal,0.6069058076058758,0.7906280311061907,0.5444302393779645,0.853103599334102,0.4851251463181332,0.9124086923939333,0.6860623908890408
s0323,stomach,0.7381,digestive,0.7347607980165024,0.8731394077444291,0.6722852297885912,0.9356149759723403,0.730616665254724,0.8772835405062075,0.8325923370746158
s0323,urinary_bladder,0.0,urinary,0.47163367737540274,0.7454249311030533,0.4091581091474915,0.8079004993309645,0.2844632559898388,0.9325953524886172,0.7010388495543702
s0323,vertebrae,0.7425,vertebrae,0.625157364877768,0.8474180713278274,0.5626817966498567,0.9098936395557387,0.5618693475625552,0.9107060886430401,0.7775567712412367
s0284,autochthon_left,0.9201,muscle,0.7790323624694603,0.8615023330861977,0.7319306144275906,0.9086040811280675,0.7121800883520717,0.9283546072035863,0.8439989025684579
s0284,autochthon_right,0.906,muscle,0.7220370593505028,0.8621737723654664,0.674935311308633,0.9092755204073362,0.6551847852331142,0.929026046482855,0.8434165624176359
s0284,colon,0.7995,digestive,0.607300344677485,0.8277647676917298,0.5601985966356152,0.8748665157335995,0.5666443434948034,0.8684207688744113,0.7871371284908603
s0284,femur_left,0.9317,pelvic_bone,0.6318277362708594,0.8939040371560337,0.5847259882289897,0.9410057851979035,0.5847259882289897,0.9410057851979035,0.8943325291594881
s0284,femur_right,0.9343,pelvic_bone,0.8028405552514831,0.8863248242491124,0.7557388072096134,0.9334265722909821,0.7557388072096134,0.9334265722909821,0.8862648997524827
s0284,gluteus_maximus_left,0.9445,muscle,0.8940023105832747,0.9480120866021627,0.846900562541405,0.9951138346440325,0.8271500364658861,1.0,0.9288478762500608
s0284,gluteus_maximus_right,0.9403,muscle,0.8914238270132971,0.9430872246456058,0.8443220789714274,0.9901889726874755,0.8245715528959086,1.0,0.9126668052483473
s0284,gluteus_medius_left,0.9174,muscle,0.648727075734042,0.9106489756520775,0.6016253276921723,0.9577507236939472,0.5818748016166534,0.9775012497694661,0.8599283404575341
s0284,gluteus_medius_right,0.9284,muscle,0.7717449648014645,0.9092209293159427,0.7246432167595948,0.9563226773578124,0.7048926906840759,0.9760732034333313,0.8513552291583049
s0284,gluteus_minimus_left,0.8943,muscle,0.5385934411035738,0.8591543166002632,0.49149169306170404,0.9062560646421329,0.4717411669861852,0.9260065907176518,0.8309344539457347
s0284,gluteus_minimus_right,0.903,muscle,0.7248252003607399,0.8671832830818135,0.6777234523188702,0.9142850311236832,0.6579729262433514,0.9340355571992021,0.8438804195084821
s0284,hip_left,0.895,pelvic_bone,0.7631890794876595,0.9090178962165366,0.7160873314457897,0.9561196442584063,0.7160873314457897,0.9561196442584063,0.8588026225648105
s0284,hip_right,0.8969,pelvic_bone,0.7164437720728289,0.9079414641408727,0.6693420240309592,0.9550432121827425,0.6693420240309592,0.9550432121827425,0.8691386197586531
s0284,iliac_artery_left,0.5415,great_vessel,0.04669130090321465,0.6339933810309877,0.0,0.6810951290728574,0.0,0.7754648155361727,0.4015064159787371
s0284,iliac_artery_right,0.4059,great_vessel,0.13802954387227753,0.623337647955963,0.0909277958304078,0.6704393959978328,0.0,0.7648090824611482,0.4936493949510337
s0284,iliac_vena_left,0.6042,great_vessel,0.2749485202009204,0.7310110117484645,0.2278467721590507,0.7781127597903342,0.1334770856957353,0.8724824462536496,0.6787324047248647
s0284,iliac_vena_right,0.462,great_vessel,0.19417136384613978,0.6652575884150684,0.14706961580427005,0.7123593364569382,0.05269992934095466,0.8067290229202535,0.5542593481922925
s0284,iliopsoas_left,0.8699,muscle,0.8002556718739703,0.909818765211422,0.7531539238321006,0.9569205132532917,0.7334033977565817,0.9766710393288106,0.8747711261400035
s0284,iliopsoas_right,0.8437,muscle,0.8129944740142145,0.9075295298244032,0.7658927259723448,0.9546312778662729,0.746142199896826,0.9743818039417917,0.8847149606327128
s0284,inferior_vena_cava,0.0,great_vessel,6.039594296773565e-20,0.3059345163476665,0.0,0.3530362643895362,0.0,0.4474059508528516,0.21036722814466058
s0284,intervertebral_discs,0.7401,vertebrae,0.5451312644453377,0.7943066294855857,0.49802951640346793,0.8414083775274555,0.5298647484178175,0.8095731455131059,0.8138451179895816
s0284,prostate,0.7309,reproductive,0.3895539232172925,0.7588315680294009,0.34245217517542276,0.8059333160712706,0.34245217517542276,0.8059333160712706,0.6019761974445226
s0284,sacrum,0.8225,pelvic_bone,0.8026661027594886,0.8889574028806129,0.7555643547176188,0.9360591509224826,0.7555643547176188,0.9360591509224826,0.8280982561430082
s0284,small_bowel,0.822,digestive,0.5939473356544402,0.8854522936665022,0.5468455876125705,0.932554041708372,0.5532913344717587,0.9261082948491838,0.7977353492705304
s0284,spinal_cord,0.7873,neuro,0.38805531452620073,0.7098142327652968,0.340953566484331,0.7569159808071665,0.3629508660945217,0.7349186811969758,0.6947960251375273
s0284,urinary_bladder,0.9047,urinary,0.6918813027848295,0.8950402423705893,0.6447795547429598,0.942141990412459,0.6514038350885525,0.9355177100668663,0.9136681238626612
s0284,vertebrae,0.8865,vertebrae,0.6662393706706641,0.7920701745049608,0.6191376226287943,0.8391719225468305,0.6509728546431439,0.8073366905324809,0.7393700811131376
s0545,femur_left,0.8046,pelvic_bone,0.7311160571472348,0.9189507723664864,0.6228214742598193,1.0,0.6932618214905176,0.9568050080232036,0.8538631662489928
s0286,aorta,0.8164,great_vessel,0.7908164961696854,0.8709670936479833,0.6825219132822699,0.9792616765353989,0.5615148224618025,1.0,0.8387887711491606
s0286,autochthon_left,0.8155,muscle,0.47254662319940766,0.7758799885271996,0.3642520403119921,0.8841745714146152,0.3134293386316016,0.9349972730950057,0.7803123304037896
s0286,autochthon_right,0.6902,muscle,0.46974729287825295,0.7679374074088562,0.3614527099908374,0.8762319902962717,0.3106300083104469,0.9270546919766622,0.7456778545048651
s0286,clavicula_left,0.5298,shoulder_bone,0.2542136456384493,0.6671051029651125,0.14591906275103372,0.775399685852528,0.2613910984145331,0.6599276501890287,0.5483051920014784
s0286,clavicula_right,0.5318,shoulder_bone,0.2833451530603094,0.6977801472424875,0.17505057017289383,0.806074730129903,0.2905226058363932,0.6906026944664037,0.555487294055494
s0286,esophagus,0.8075,digestive,0.6806058954383639,0.8167329997369139,0.5723113125509484,0.9250275826243295,0.6551054358244968,0.8422334593507811,0.791842733398377
s0286,heart,0.6251,heart,0.7231313677755354,0.7669938058832351,0.6148367848881199,0.8752883887706506,0.6148367848881199,0.8752883887706506,0.847771930186053
s0286,humerus_left,0.9077,shoulder_bone,0.6220639788593856,0.8435676594829605,0.51376939597197,0.9518622423703761,0.6292414316354694,0.8363902067068767,0.8056427900195854
s0286,humerus_right,0.9201,shoulder_bone,0.7182346888378257,0.856898818865507,0.6099401059504101,0.9651934017529226,0.7254121416139095,0.8497213660894232,0.7758489935221636
s0286,intervertebral_discs,0.7599,vertebrae,0.6524704253457521,0.7482509985611742,0.5441758424583365,0.8565455814485897,0.4072464222758667,0.9934750016310595,0.6404686046286305
s0286,lung_left,0.9697,lung,0.9371569897594066,0.964699926724356,0.8288624068719911,1.0,0.7637768021693215,1.0,0.9666310020366592
s0286,lung_right,0.9753,lung,0.9315647232566588,0.9633425831387902,0.8232701403692433,1.0,0.7581845356665737,1.0,0.9736149522024388
s0286,scapula_left,0.5418,shoulder_bone,0.4269267443865905,0.7048616512561053,0.31863216149917495,0.8131562341435209,0.43410419716267434,0.6976841984800215,0.6502379897294597
s0286,scapula_right,0.5602,shoulder_bone,0.4833328246379995,0.7769782599184152,0.3750382417505839,0.8852728428058307,0.4905102774140833,0.7698008071423313,0.6876436525038262
s0286,spinal_cord,0.8278,neuro,0.8184553388805135,0.845725483581152,0.7101607559930979,0.9540200664685675,0.7739532015779655,0.8902276208836999,0.8263551274355142
s0286,vertebrae,0.8007,vertebrae,0.6949775293521959,0.8041052427006181,0.5866829464647804,0.9123998255880337,0.4497535262823106,1.0,0.7661807709556641
s0447,adrenal_gland_left,0.5951,urinary,0.28843742513840465,0.7189397500093375,0.1801428422509891,0.8272343328967531,0.1052473773808606,0.9021297977668816,0.5842844713910794
s0447,adrenal_gland_right,0.7433,urinary,0.281747715583784,0.7050311819740424,0.17345313269636842,0.8133257648614579,0.09855766782623993,0.8882212297315863,0.4849155204415428
s0447,aorta,0.834,great_vessel,0.7005183920076634,0.8623185599378115,0.5922238091202479,0.970613142825227,0.47121671829978046,1.0,0.8418116098408809
s0447,autochthon_left,0.6957,muscle,0.30837533674894985,0.7902510538065087,0.2000807538615343,0.8985456366939243,0.1492580521811438,0.9493683383743148,0.7741053750785359
s0447,autochthon_right,0.7626,muscle,0.5434193048370105,0.7697893986629923,0.43512472194959495,0.8780839815504079,0.38430202026920446,0.9289066832307984,0.59637162963752
s0447,clavicula_left,0.7895,shoulder_bone,0.13295002069160433,0.7040959065063972,0.024655437804188773,0.8123904893938128,0.1401274734676882,0.6969184537303134,0.6082113373541939
s0447,clavicula_right,0.729,shoulder_bone,0.2180343033581968,0.7378723007061739,0.10973972047078123,0.8461668835935895,0.22521175613428066,0.7306948479300901,0.6321012734380156
s0447,colon,0.7734,digestive,0.5494225234533284,0.8298569730603561,0.44112794056591287,0.9381515559477717,0.5239220638394613,0.8553574326742233,0.7612737964903378
s0447,duodenum,0.7118,digestive,0.4024874680072724,0.7390427207853641,0.29419288511985686,0.8473373036727797,0.37698700839340527,0.7645431803992313,0.6446505757084982
s0447,esophagus,0.6292,digestive,0.30522554901505994,0.7068529921184077,0.19693096612764438,0.8151475750058232,0.2797250894011928,0.7323534517322748,0.6040961009799019
s0447,gallbladder,0.0,solid_abdominal,0.0,0.1853416644151323,0.0,0.2936362473025479,0.0,0.2931739905999785,0.08132906811670856
s0447,heart,0.8878,heart,0.8325958994173427,0.9451171117929368,0.7243013165299271,1.0,0.7243013165299271,1.0,0.9066286380076268
s0447,humerus_left,0.0154,shoulder_bone,0.339446865372965,0.8180394367018232,0.23115228248554942,0.9263340195892388,0.3466243181490488,0.8108619839257394,0.6588765816046099
s0447,humerus_right,0.0041,shoulder_bone,4.5354197488215456e-20,0.2567065603889618,0.0,0.36500114327637734,0.0071774527760838595,0.24952910761287792,0.021320469894084655
s0447,iliopsoas_left,0.8344,muscle,0.5961418158246871,0.86573337008358,0.4878472329372715,0.9740279529709955,0.437024531256881,1.0,0.7489780488388329
s0447,iliopsoas_right,0.7003,muscle,0.737008306331938,0.8572610792752462,0.6287137234445225,0.9655556621626618,0.577891021764132,1.0,0.7678637409149653
s0447,inferior_vena_cava,0.8355,great_vessel,0.604867707727031,0.8668204875215076,0.49657312483961547,0.9751150704089232,0.37556603401914807,1.0,0.7488636514989641
s0447,intervertebral_discs,0.6979,vertebrae,0.6544944164732283,0.8218880505193933,0.5461998335858127,0.9301826334068088,0.4092704134033429,1.0,0.7914422108422025
s0447,kidney_left,0.9106,urinary,0.8330963067903568,0.9077105335268654,0.7248017239029413,1.0,0.6499062590328128,1.0,0.8583272533541281
s0447,kidney_right,0.904,urinary,0.8219967278683786,0.8978497352738011,0.7137021449809631,1.0,0.6388066801108345,1.0,0.8406626277408633
s0447,liver,0.9428,solid_abdominal,0.7914178155985668,0.952561606632915,0.6831232327111513,1.0,0.6835854894137207,1.0,0.9157737356832231
s0447,lung_left,0.9434,lung,0.9555299619109563,0.9377426904483867,0.8472353790235407,1.0,0.7821497743208712,1.0,0.936449257500489
s0447,lung_right,0.9705,lung,0.8627085003179259,0.9748257452166951,0.7544139174305103,1.0,0.6893283127278408,1.0,0.9520729874809427
s0447,pancreas,0.7365,solid_abdominal,0.33023399270396386,0.7464185883140051,0.2219394098165483,0.8547131712014207,0.22240166651911764,0.8542509144988513,0.5697090594693689
s0447,portal_vein_and_splenic_vein,0.6282,great_vessel,0.25760948572311265,0.696223688174801,0.1493149028356971,0.8045182710622165,0.028307812015229694,0.925525361882684,0.566303160837848
s0447,scapula_left,0.6988,shoulder_bone,0.3192001942771409,0.7904861671215606,0.21090561138972536,0.8987807500089762,0.32637764705322475,0.7833087143454768,0.7091805114210824
s0447,scapula_right,0.4892,shoulder_bone,0.41780425677864313,0.7900152675608977,0.3095096738912276,0.8983098504483132,0.42498170955472697,0.7828378147848138,0.6843019497173294
s0447,small_bowel,0.7784,digestive,0.6737826214543946,0.8323653755515305,0.565488038566979,0.940659958438946,0.6482821618405274,0.8578658351653976,0.7311008234765112
s0447,spinal_cord,0.7757,neuro,0.5869921499706473,0.8012654716433909,0.47869756708323175,0.9095600545308065,0.5424900126680994,0.8457676089459388,0.6794405481859941
s0447,spleen,0.6772,solid_abdominal,0.7285520325500296,0.8586840838945905,0.6202574496626141,0.9669786667820061,0.6207197063651835,0.9665164100794367,0.8459177318607776
s0447,stomach,0.9285,digestive,0.8385435523206727,0.9229372921729904,0.7302489694332571,1.0,0.8130430927068055,0.9484377517868575,0.8893298296330926
s0447,vertebrae,0.8343,vertebrae,0.8112224389166214,0.8828133381801557,0.7029278560292058,0.9911079210675713,0.565998435846736,1.0,0.836614740960509
s0525,femur_left,0.6834,pelvic_bone,0.49267634397141924,0.8194593875980358,0.4455745959295495,0.8665611356399056,0.4455745959295495,0.8665611356399056,0.6470637804899655
s0525,femur_right,0.9147,pelvic_bone,0.8657313440871726,0.9079678769888169,0.8186295960453028,0.9550696250306866,0.8186295960453028,0.9550696250306866,0.8980152716314664
s0327,adrenal_gland_left,0.6802,urinary,0.32884856021954045,0.4877595947299223,0.2817468121776707,0.5348613427717921,0.28837109252326343,0.5282370624261994,0.5062049519291335
s0327,aorta,0.492,great_vessel,0.538858442048745,0.6865774725261344,0.4917566940068753,0.7336792205680042,0.3973870075435599,0.8280489070313195,0.5314807924726385
s0327,autochthon_left,0.4263,muscle,0.7267018979317719,0.8764584994144984,0.6796001498899021,0.9235602474563681,0.6598496238143833,0.943310773531887,0.8811149014539837
s0327,autochthon_right,0.5923,muscle,0.8398889970212056,0.911853513951384,0.7927872489793358,0.9589552619932538,0.773036722903817,0.9787057880687726,0.9015888619506621
s0327,colon,0.553,digestive,0.7044537925925934,0.832248575760793,0.6573520445507237,0.8793503238026628,0.6637977914099119,0.8729045769434746,0.7698670658308842
s0327,duodenum,0.393,digestive,0.36964981742471936,0.6350996137560407,0.32254806938284963,0.6822013617979105,0.32899381624203783,0.6757556149387223,0.5198635208089344
s0327,iliac_artery_left,0.0,great_vessel,6.039594296773565e-20,0.18559821190088704,0.0,0.23269995994275677,0.0,0.32706964640607217,0.06734619004103291
s0327,iliopsoas_left,0.0815,muscle,0.25819327908263057,0.5954120671946186,0.21109153104076084,0.6425138152364883,0.19134100496524198,0.6622643413120072,0.31884642407378894
s0327,inferior_vena_cava,0.2867,great_vessel,0.2920952665951493,0.6581413113069597,0.24499351855327955,0.7052430593488295,0.15062383208996416,0.7996127458121449,0.48137169280110964
s0327,intervertebral_discs,0.3491,vertebrae,0.6624127354233273,0.7538474540983663,0.6153109873814576,0.800949202140236,0.6471462193958072,0.7691139701258864,0.6999242855776128
s0327,kidney_left,0.7792,urinary,0.619969081710461,0.9111324556497942,0.5728673336685912,0.9582342036916639,0.5794916140141839,0.9516099233460712,0.8536466477039518
s0327,kidney_right,0.3473,urinary,0.4873000864131759,0.6627774630773323,0.4401983383713062,0.709879211119202,0.4468226187168989,0.7032549307736093,0.6268161530591486
s0327,liver,0.3771,solid_abdominal,0.6779497029919939,0.8324380019280688,0.6308479549501241,0.8795397499699386,0.6616230638528622,0.8487646410672005,0.7162467832557422
s0327,pancreas,0.3075,solid_abdominal,0.12551176877365017,0.5594641836122325,0.07841002073178044,0.6065659316541022,0.10918512963451849,0.5757908227513642,0.4339968837604399
s0327,portal_vein_and_splenic_vein,0.0,great_vessel,0.04137123905290779,0.26754503615260977,0.0,0.3146467841944795,0.0,0.4090164706577949,0.17124073898785616
s0327,small_bowel,0.4736,digestive,0.373179726821823,0.7506610857737855,0.32607797877995326,0.7977628338156553,0.33252372563914145,0.7913170869564671,0.5947918097083542
s0327,spinal_cord,0.3898,neuro,0.39510246255546305,0.697721908584074,0.3480007145135933,0.7448236566259437,0.369998014123784,0.722826357015753,0.5142438524336641
s0327,spleen,0.4134,solid_abdominal,0.7644435710719745,0.8398794349860056,0.7173418230301047,0.8869811830278753,0.7481169319328428,0.8562060741251373,0.8378259136880384
s0327,stomach,0.307,digestive,0.5114057625901329,0.6972803457943931,0.4643040145482632,0.7443820938362629,0.4707497614074514,0.7379363469770747,0.65706449443592
s0327,vertebrae,0.557,vertebrae,0.7742489758035844,0.7991306785934572,0.7271472277617147,0.8462324266353269,0.7589824597760643,0.8143971946209774,0.8483391759144315
s0398,autochthon_right,0.3839,muscle,6.039594296773565e-20,0.2988181585419288,0.0,0.3459199065837985,0.0,0.36567043265931737,0.1598479707760649
s0398,colon,0.7523,digestive,0.49425397946638894,0.7631870615071812,0.4471522314245192,0.8102888095490509,0.4535979782837074,0.8038430626898627,0.6525407398671589
s0398,femur_right,0.9204,pelvic_bone,0.809388461158186,0.9140195041617146,0.7622867131163162,0.9611212522035844,0.7622867131163162,0.9611212522035844,0.8813611287263902
s0398,gluteus_maximus_right,0.8823,muscle,0.8965597065357898,0.9258293088235049,0.84945795849392,0.9729310568653746,0.8297074324184012,0.9926815829408935,0.9127120863702746
s0398,gluteus_medius_left,0.0,muscle,6.039594296773565e-20,0.14432841115444264,0.0,0.19143015919631237,0.0,0.21118068527183123,0.0
s0398,gluteus_medius_right,0.8289,muscle,0.8060052338054756,0.9174909718043832,0.7589034857636059,0.9645927198462529,0.739152959688087,0.9843432459217718,0.878730325983027
s0398,gluteus_minimus_left,0.0,muscle,0.2716985202379093,0.752732724690409,0.22459677219603957,0.7998344727322787,0.20484624612052071,0.8195849988077976,0.7374518965241568
s0398,gluteus_minimus_right,0.6956,muscle,0.7564466882846704,0.8729847404437102,0.7093449402428007,0.92008648848558,0.6895944141672818,0.9398370145610988,0.8128089826598475
s0398,hip_left,0.7872,pelvic_bone,0.13820827896126592,0.7075253846000508,0.09110653091939619,0.7546271326419205,0.09110653091939619,0.7546271326419205,0.2886930309024036
s0398,hip_right,0.8925,pelvic_bone,0.7271024510117167,0.8651378538879732,0.6800007029698469,0.9122396019298429,0.6800007029698469,0.9122396019298429,0.7101037551952963
s0398,iliac_artery_right,0.6339,great_vessel,0.07193286369798968,0.612781538875966,0.02483111565611995,0.6598832869178357,0.0,0.7542529733811512,0.34157398028675773
s0398,iliac_vena_right,0.6687,great_vessel,0.24023616603230716,0.7150079132235776,0.19313441799043743,0.7621096612654473,0.09876473152712203,0.8564793477287627,0.6000302080111288
s0398,iliopsoas_right,0.9203,muscle,0.6880723650695528,0.8824525560484433,0.6409706170276831,0.929554304090313,0.6212200909521642,0.9493048301658319,0.7753001251135945
s0398,prostate,0.7936,reproductive,0.3916945621997124,0.7777174791599538,0.34459281415784265,0.8248192272018235,0.34459281415784265,0.8248192272018235,0.6328242116137763
s0398,sacrum,0.7042,pelvic_bone,0.49475580613039255,0.8169792013231046,0.4476540580885228,0.8640809493649744,0.4476540580885228,0.8640809493649744,0.7490082155095641
s0398,small_bowel,0.0,digestive,0.09865417354759075,0.6805210141980841,0.05155242550572102,0.7276227622399538,0.057998172364909215,0.7211770153807656,0.15287011799056702
s0398,urinary_bladder,0.5302,urinary,0.4549867602863437,0.8242303600009852,0.407885012244474,0.8713321080428549,0.4145092925900667,0.8647078276972622,0.6403042898144901
s0614,brain,0.9729,neuro,0.9195933884414778,0.9748938120877222,0.8112988055540622,1.0,0.8750912511389298,1.0,0.9671545765040805
s0614,intervertebral_discs,0.3741,vertebrae,0.1263436376535037,0.5716579781798522,0.018049054766088146,0.6799525610672678,0.0,0.8168819812497375,0.36923642077953855
s0614,spinal_cord,0.7525,neuro,0.3953979257411775,0.8191110587471893,0.28710334285376193,0.9274056416346048,0.35089578843862956,0.8636131960497372,0.6767506883898458
s0614,vertebrae,0.6427,vertebrae,0.220462176558886,0.7250762432866305,0.11216759367147044,0.833370826174046,0.0,0.9703002463565158,0.5600491185450194
s0501,brain,0.7842,neuro,0.6658625662530131,0.9257969706444081,0.6067370368796235,0.9849225000177977,0.6274293376095866,0.9642301992878346,0.7855982500025043
s0501,intervertebral_discs,0.778,vertebrae,0.16975962873490488,0.3329981651336023,0.11063409936151533,0.39212369450699186,0.12679153838772436,0.37596625548078283,0.32170393330648356
s0501,spinal_cord,0.8111,neuro,0.7279070704623174,0.8048705645229777,0.6687815410889278,0.8639960938963672,0.6894738418188909,0.8433037931664041,0.762495833532801
s0501,vertebrae,0.8042,vertebrae,0.38061783841071173,0.684756898540254,0.3214923090373222,0.7438824279136436,0.3376497480635312,0.7277249888874345,0.5738197773471261
s0129,brain,0.9478,neuro,0.868114037314915,0.9733176620320962,0.8056384690870038,1.0,0.8571477391048399,0.9842839602421714,0.9177007281456335
s0129,intervertebral_discs,0.0,vertebrae,0.07920573874615629,0.44702862842142355,0.01673017051824506,0.5095041966493348,0.01591772143094357,0.5103166457366363,0.0
s0129,spinal_cord,0.7014,neuro,0.5244486048282333,0.8558087373860574,0.4619730366003221,0.9182843056139687,0.5134823066181582,0.8667750355961326,0.7617435640932433
s0129,vertebrae,0.0,vertebrae,0.19098923678552043,0.6658748197871602,0.1285136685576092,0.7283503880150715,0.12770121947030771,0.729162837102373,0.22937571057321327
s0105,femur_right,0.794,pelvic_bone,0.8792927864204523,0.9272207661345072,0.7709982035330367,1.0,0.8414385507637351,0.9650750017912244,0.8949545673740107
s0114,autochthon_left,0.7663,muscle,0.5188278266044188,0.8051819831034066,0.4105332437170033,0.9134765659908222,0.3597105420366128,0.9642992676712127,0.7015487658317745
s0114,autochthon_right,0.8227,muscle,0.6212174010364959,0.8050414217566104,0.5129228181490804,0.913336004644026,0.46210011646868987,0.9641587063244165,0.6999878934248762
s0114,colon,0.4673,digestive,0.3959434853344435,0.7316658177718202,0.28764890244702795,0.8399604006592357,0.37044302572057636,0.7571662773856873,0.6151158103111353
s0114,femur_left,0.9125,pelvic_bone,0.6224030091180617,0.8676508729374641,0.5141084262306461,0.9759454558248797,0.5845487734613445,0.9055051085941813,0.8711881878527673
s0114,femur_right,0.9123,pelvic_bone,0.6338105813156802,0.882342564707249,0.5255159984282647,0.9906371475946646,0.595956345658963,0.9201968003639662,0.8574403538456234
s0114,gluteus_maximus_left,0.7519,muscle,0.8057828766697287,0.9219967276884175,0.6974882937823131,1.0,0.6466655921019226,1.0,0.8931067444116588
s0114,gluteus_maximus_right,0.7304,muscle,0.7837320965209778,0.9212132858048194,0.6754375136335622,1.0,0.6246148119531717,1.0,0.8784214620467672
s0114,gluteus_medius_left,0.8694,muscle,0.6273791548923364,0.8892485362569961,0.5190845720049209,0.9975431191444116,0.46826187032453037,1.0,0.8075182172682713
s0114,gluteus_medius_right,0.8742,muscle,0.6810539075907602,0.8975730484177061,0.5727593247033447,1.0,0.5219366230229542,1.0,0.8228997250426637
s0114,gluteus_minimus_left,0.8522,muscle,0.3778654135459426,0.8277399107394493,0.26957083065852705,0.9360344936268649,0.21874812897813656,0.9868571953072554,0.6384940983066235
s0114,gluteus_minimus_right,0.8285,muscle,0.4641318828030308,0.8220682668728663,0.35583729991561525,0.9303628497602818,0.30501459823522475,0.9811855514406723,0.6733208540854644
s0114,hip_left,0.8824,pelvic_bone,0.7001917788208439,0.8675120926142965,0.5918971959334284,0.9758066755017121,0.6623375431641267,0.9053663282710137,0.8352726139937753
s0114,hip_right,0.8914,pelvic_bone,0.7076973643612611,0.8254609815089392,0.5994027814738455,0.9337555643963548,0.6698431287045439,0.8633152171656564,0.7679860836556177
s0114,iliac_artery_left,0.0,great_vessel,0.012982294516930247,0.37842247004062013,0.0,0.4867170529280357,0.0,0.607724143748503,0.006424620843304227
s0114,iliac_vena_left,0.1148,great_vessel,0.025501253124613026,0.3632218080756257,0.0,0.47151639096304127,0.0,0.5925234817835087,0.0
s0114,iliac_vena_right,0.1851,great_vessel,0.034325167312142274,0.39044910253506754,0.0,0.4987436854224831,0.0,0.6197507762429505,0.1486442818439791
s0114,iliopsoas_left,0.8409,muscle,0.7512531082574203,0.9058250193867093,0.6429585253700048,1.0,0.5921358236896143,1.0,0.8250909719380739
s0114,iliopsoas_right,0.8058,muscle,0.7081433900766224,0.8961422117733684,0.5998488071892069,1.0,0.5490261055088164,1.0,0.7724095802121924
s0114,intervertebral_discs,0.5718,vertebrae,0.38803513112235055,0.6538765182731182,0.279740548234935,0.7621711011605338,0.1428111280524652,0.8991005213430036,0.5411011232511815
s0114,sacrum,0.824,pelvic_bone,0.7813990894003089,0.885168974111599,0.6731045065128933,0.9934635569990146,0.7435448537435917,0.9230232097683162,0.833544042151796
s0114,small_bowel,0.7325,digestive,0.6713020881854019,0.8935543257447089,0.5630075052979864,1.0,0.6458016285715348,0.9190547853585761,0.8171406861039189
s0114,spinal_cord,0.8536,neuro,0.43393885484431094,0.7624571322774423,0.3256442719568954,0.8707517151648578,0.389436717541763,0.8069592695799902,0.7501710969596503
s0114,urinary_bladder,0.8952,urinary,0.5318826325051956,0.8309289174816683,0.42358804961778007,0.9392235003690839,0.3486925847476516,1.0,0.7502836706653284
s0114,vertebrae,0.6551,vertebrae,0.5198254373340909,0.6990613803328537,0.41153085444667536,0.8073559632202693,0.2746014342642056,0.944285383402739,0.5701118539835457
s0537,brain,0.9734,neuro,0.8754898407192918,0.9766022441486001,0.8130142724913806,1.0,0.8645235425092167,0.9875685423586752,0.9724856700103961
s0348,adrenal_gland_left,0.0,urinary,6.039594296773565e-20,0.4777887692432705,0.0,0.5248905172851402,0.0,0.5182662369395475,0.38883469963593886
s0348,aorta,0.8362,great_vessel,0.6157019405207191,0.8631962411816118,0.5686001924788494,0.9102979892234815,0.474230506015534,1.0,0.7574686640843813
s0348,autochthon_left,0.9445,muscle,0.9238530118446526,0.9386081785922857,0.8767512638027829,0.9857099266341555,0.857000737727264,1.0,0.9514988996153125
s0348,autochthon_right,0.9376,muscle,0.9376460532270358,0.9436805853252044,0.890544305185166,0.9907823333670741,0.8707937791096472,1.0,0.9541552402514455
s0348,colon,0.7323,digestive,0.6364840291464963,0.8509120873116438,0.5893822811046265,0.8980138353535135,0.5958280279638147,0.8915680884943253,0.7769757871549445
s0348,duodenum,0.6759,digestive,0.3944054687033891,0.7330747672909435,0.3473037206615194,0.7801765153328132,0.3537494675207076,0.773730768473625,0.5208139145158451
s0348,gluteus_maximus_left,0.8723,muscle,0.40937184462052484,0.7728298528784888,0.3622700965786551,0.8199316009203585,0.34251957050313625,0.8396821269958774,0.6601930576904674
s0348,gluteus_maximus_right,0.8844,muscle,0.4500847140461399,0.8534387242286582,0.4029829660042702,0.9005404722705279,0.38323243992875133,0.9202909983460468,0.7416277332426371
s0348,gluteus_medius_left,0.9127,muscle,0.5092173733903348,0.8929535504133015,0.46211562534846506,0.9400552984551712,0.4423650992729462,0.9598058245306901,0.811792114101715
s0348,gluteus_medius_right,0.9214,muscle,0.5805948179332999,0.897644501444162,0.5334930698914302,0.9447462494860317,0.5137425438159113,0.9644967755615506,0.8114618981131441
s0348,gluteus_minimus_left,0.0,muscle,6.039594296773565e-20,0.4865902991091748,0.0,0.5336920471510445,0.0,0.5534425732265633,0.14998557185398312
s0348,gluteus_minimus_right,0.8192,muscle,0.2965283195918474,0.6630108086792266,0.24942657154997766,0.7101125567210963,0.2296760454744588,0.7298630827966152,0.4220821559292814
s0348,hip_left,0.8818,pelvic_bone,0.6961753800363012,0.8902412199932337,0.6490736319944315,0.9373429680351034,0.6490736319944315,0.9373429680351034,0.7680340162936719
s0348,hip_right,0.8818,pelvic_bone,0.6513331936035248,0.8909264001339985,0.6042314455616551,0.9380281481758682,0.6042314455616551,0.9380281481758682,0.7903992721100398
s0348,iliac_artery_left,0.7879,great_vessel,0.3546934070193925,0.7787346559715147,0.3075916589775228,0.8258364040133844,0.21322197251420738,0.9202060904766998,0.6024777696985631
s0348,iliac_artery_right,0.6346,great_vessel,0.3060366127257353,0.6400623917497705,0.25893486468386556,0.6871641397916403,0.16456517822055017,0.7815338262549556,0.4997131367899145
s0348,iliac_vena_left,0.5369,great_vessel,0.5090728038087005,0.6995034845232305,0.46197105576683073,0.7466052325651003,0.36760136930351534,0.8409749190284157,0.2951135100210177
s0348,iliac_vena_right,0.5875,great_vessel,0.44970658483613785,0.797925942544222,0.4026048367942681,0.8450276905860917,0.3082351503309527,0.9393973770494071,0.7106085170665336
s0348,iliopsoas_left,0.9073,muscle,0.7188330545555115,0.8678329712897018,0.6717313065136418,0.9149347193315716,0.6519807804381229,0.9346852454070904,0.8269552700722496
s0348,iliopsoas_right,0.9215,muscle,0.8085534585611699,0.8776519539218534,0.7614517105193002,0.9247537019637231,0.7417011844437813,0.9445042280392419,0.7271007702239148
s0348,inferior_vena_cava,0.3921,great_vessel,0.3200258511338556,0.7609285761679403,0.2729241030919859,0.80803032420981,0.1785544166286705,0.9024000106731254,0.6384337093547061
s0348,intervertebral_discs,0.8477,vertebrae,0.7939789061978924,0.8503830136660202,0.7468771581560226,0.8974847617078899,0.7787123901703722,0.8656495296935404,0.7690693325600041
s0348,kidney_left,0.8059,urinary,0.7011117283035182,0.8893132549760171,0.6540099802616485,0.9364150030178868,0.6606342606072412,0.9297907226722941,0.7730449419193605
s0348,kidney_right,0.654,urinary,0.6171787389409832,0.8964248643324146,0.5700769908991135,0.9435266123742844,0.5767012712447062,0.9369023320286917,0.7968068663792247
s0348,liver,0.4144,solid_abdominal,0.08342914793809385,0.5952745519106029,0.03632739989622412,0.6423762999524726,0.06710250879896217,0.6116011910497345,0.22631374138120236
s0348,pancreas,0.0,solid_abdominal,0.03976994744951399,0.5678267146547645,0.0,0.6149284626966343,0.023443308310382306,0.5841533537938962,0.2237512753161423
s0348,sacrum,0.7491,pelvic_bone,0.7235140332533538,0.8637910860051631,0.6764122852114841,0.9108928340470328,0.6764122852114841,0.9108928340470328,0.7983324893701246
s0348,small_bowel,0.5354,digestive,0.6779607507388388,0.8791037459601877,0.630859002696969,0.9262054940020574,0.6373047495561572,0.9197597471428692,0.770343182369443
s0348,spinal_cord,0.867,neuro,0.7547833535682693,0.8875095799805127,0.7076816055263996,0.9346113280223824,0.7296789051365903,0.9126140284121917,0.8588981680377117
s0348,spleen,0.0,solid_abdominal,0.09625903597071479,0.6882762324297783,0.049157287928845064,0.735377980471648,0.07993239683158311,0.70460287156891,0.4571511530682303
s0348,stomach,0.0489,digestive,0.054991780894508915,0.5870146966923957,0.007890032852639187,0.6341164447342654,0.014335779711827382,0.6276706978750772,0.20745288143959031
s0348,vertebrae,0.8999,vertebrae,0.812351115341917,0.8547369668175797,0.7652493673000472,0.9018387148594494,0.7970845993143968,0.8700034828450999,0.8314853826804008
s0100,aorta,0.0,great_vessel,0.12318281719047529,0.5785918571768089,0.06405728781708574,0.6377173865501985,0.0,0.7096478522917719,0.23531039701841097
s0100,autochthon_left,0.2155,muscle,0.4645422515049283,0.8706609840998374,0.40541672213153873,0.9297865134732269,0.3948395200240123,0.9403637155807534,0.6939460220270524
s0100,autochthon_right,0.1786,muscle,0.4323602063449593,0.7997616482799698,0.37323467697156976,0.8588871776533593,0.3626574748640433,0.8694643797608858,0.6139373993265501
s0100,colon,0.0,digestive,0.006423443279675338,0.2996947717708439,0.0,0.35882030114423347,0.0,0.34081952402168736,0.0744476092529484
s0100,iliac_artery_right,0.0,great_vessel,0.0034934637385460017,0.4018026271441849,0.0,0.46092815651757446,0.0,0.5328586222591478,0.0390959038901564
s0100,iliac_vena_left,0.0,great_vessel,0.004623171240186369,0.5567349770004969,0.0,0.6158605063738865,0.0,0.6877909721154598,0.0
s0100,iliopsoas_left,0.182,muscle,0.04395326946660584,0.6545889006960743,0.0,0.7137144300694639,0.0,0.7242916321769903,0.4667671495686438
s0100,iliopsoas_right,0.3905,muscle,0.3376188658338497,0.7272845618903245,0.27849333646046015,0.7864100912637141,0.2679161343529337,0.7969872933712405,0.5337671023664535
s0100,inferior_vena_cava,0.0,great_vessel,0.07755875203873569,0.6747838799357623,0.01843322266534614,0.7339094093091518,0.0,0.8058398750507252,0.17698166200212453
s0100,intervertebral_discs,0.8168,vertebrae,0.4780953673052554,0.8156413881043124,0.4189698379318659,0.874766917477702,0.4351272769580749,0.8586094784514929,0.6920779360044242
s0100,sacrum,0.8392,pelvic_bone,0.6877194465604946,0.8885192903814085,0.628593917187105,0.9476448197547981,0.6517859754496359,0.9244527614922672,0.8250808965148937
s0100,spinal_cord,0.8684,neuro,0.635272934866242,0.8571200223205685,0.5761474054928525,0.916245551693958,0.5968397062228156,0.895553250963995,0.7143735604159545
s0100,vertebrae,0.8717,vertebrae,0.7575138119806055,0.8834034314636424,0.698388282607216,0.942528960837032,0.714545721633425,0.9263715218108229,0.8027642553201584
s0038,adrenal_gland_right,0.5242,urinary,0.23071652166597761,0.6067084069369094,0.1682409534380664,0.6691839751648206,0.04354610028041367,0.7938788283224734,0.46353741366530055
s0038,autochthon_right,0.2732,muscle,0.2309196522726,0.798312868155671,0.16844408404468877,0.8607884363835823,0.17308033838718903,0.856152182041082,0.5998895574840142
s0038,colon,0.2792,digestive,0.39832823858616084,0.8575845944528778,0.3358526703582496,0.920060162680789,0.39418410582438246,0.8617287272146562,0.6924472585361208
s0038,duodenum,0.0,digestive,0.016404514307113857,0.4266820260833675,0.0,0.48915759431127875,0.012260381545335472,0.4308261588451459,0.23389488688836613
s0038,gallbladder,0.0,solid_abdominal,0.0,0.36806185127006086,0.0,0.4305374194979721,0.0,0.4898425125578034,0.0
s0038,iliopsoas_right,0.1376,muscle,0.264592676055531,0.8603822550204149,0.20211710782761977,0.9228578232483261,0.20675336217012003,0.9182215689058258,0.7296665338017505
s0038,inferior_vena_cava,0.0,great_vessel,0.21616951318159242,0.7385652115594515,0.1536939449536812,0.8010407797873628,0.11927729024929393,0.83545743449175,0.4969352473552214
s0038,intervertebral_discs,0.2954,vertebrae,0.14960956600944672,0.5578766356961417,0.0871339977815355,0.6203522039240529,0.086321548694234,0.6211646530113544,0.21143261824977214
s0038,kidney_right,0.8794,urinary,0.8099533239490865,0.9454817862541227,0.7474777557211753,1.0,0.6227829025635225,1.0,0.8329026104499553
s0038,liver,0.8418,solid_abdominal,0.7577981989394599,0.9400373568231073,0.6953226307115487,1.0,0.6360175376517173,1.0,0.8300002089927937
s0038,portal_vein_and_splenic_vein,0.0,great_vessel,0.1522862982435522,0.6464776144217169,0.08981073001564097,0.7089531826496281,0.055394075311253704,0.7433698373540154,0.5382879019060034
s0038,small_bowel,0.0,digestive,0.003468839100499547,0.3988471804858369,0.0,0.4613227487137481,0.0,0.4029913132476153,0.21713234620419797
s0038,vertebrae,0.2757,vertebrae,0.09877260122044648,0.5949944413970694,0.036297032992535255,0.6574700096249806,0.03548458390523376,0.6582824587122821,0.29212528796373033
s0024,adrenal_gland_left,0.2723,urinary,0.12397721200914039,0.5842873444141533,0.04723913212585143,0.6610254242974423,0.0,0.7180494426212556,0.3304755600415762
s0024,adrenal_gland_right,0.2791,urinary,0.1518474739196767,0.5479608065609386,0.07510939403638775,0.6246988864442276,0.01808537571257443,0.6817229047680409,0.48987124295227596
s0024,aorta,0.1297,great_vessel,0.6993918861112032,0.8158820845227935,0.6226538062279142,0.8926201644060825,0.536629219992307,0.9786447506416898,0.806495161016753
s0024,autochthon_left,0.788,muscle,0.7038001408827268,0.9027061076835533,0.6270620609994378,0.9794441875668423,0.6502123275274223,0.9562939210388578,0.8874420242716632
s0024,autochthon_right,0.8203,muscle,0.7024716223684352,0.9015248594060621,0.6257335424851462,0.978262939289351,0.6488838090131307,0.9551126727613666,0.8899628409393331
s0024,colon,0.6931,digestive,0.6615113207982806,0.8687431827896483,0.5847732409149916,0.9454812626729373,0.6162355258180929,0.914018977769836,0.7639254372417044
s0024,duodenum,0.5791,digestive,0.5375922834716282,0.7212052262859611,0.4608542035883393,0.79794330616925,0.49231648849144066,0.7664810212661486,0.7145456939641267
s0024,esophagus,0.6204,digestive,0.6370052075157611,0.7338213587772752,0.5602671276324721,0.8105594386605641,0.5917294125355734,0.7790971537574627,0.6240390920506605
s0024,heart,0.8115,heart,0.5930864962083244,0.8639576019486659,0.5163484163250355,0.9406956818319548,0.281543889858482,1.0,0.6995238885450654
s0024,iliopsoas_left,0.0,muscle,8.900611934638585e-20,0.39937523531639096,0.0,0.4761133151996799,0.0,0.45296304867169546,0.0
s0024,inferior_vena_cava,0.7257,great_vessel,0.567271092896499,0.7784752539039975,0.49053301301321006,0.8552133337872865,0.4045084267776028,0.9412379200228937,0.7169954903398683
s0024,intervertebral_discs,0.7189,vertebrae,0.5640106198701075,0.8115030400832534,0.4872725399868185,0.8882411199665423,0.48010730972982907,0.8954063502235318,0.7599723374357232
s0024,kidney_left,0.9094,urinary,0.7456340360796408,0.8813940287031305,0.6688959561963519,0.9581321085864195,0.6118719378725386,1.0,0.8910798824426149
s0024,kidney_right,0.9325,urinary,0.8062851309126222,0.9284017515370558,0.7295470510293333,1.0,0.6725230327055199,1.0,0.8806261633063497
s0024,liver,0.5973,solid_abdominal,0.935645069125114,0.9457316816772829,0.8589069892418251,1.0,0.802222521642282,1.0,0.9055655444589459
s0024,lung_left,0.8818,lung,0.7294397037811984,0.836983291978284,0.6527016238979094,0.913721371861573,0.7091855132410263,0.8572374825184561,0.8193031115366715
s0024,lung_right,0.8256,lung,0.47405229586421666,0.7777959316396459,0.3973142159809277,0.8545340115229348,0.4537981053240446,0.798050122179818,0.7118744922523734
s0024,pancreas,0.0,solid_abdominal,0.4156993713573614,0.6634060946332583,0.33896129147407245,0.7401441745165472,0.28227682387452946,0.7968286421160903,0.4995047094505025
s0024,portal_vein_and_splenic_vein,0.1825,great_vessel,0.20500433787998695,0.6204743028225949,0.128266257996698,0.6972123827058838,0.042241671761090754,0.7832369689414911,0.41399861304637015
s0024,small_bowel,0.0232,digestive,0.33808450743825164,0.6214902877806662,0.2613464275549627,0.6982283676639551,0.29280871245806406,0.6667660827608537,0.6303533157652532
s0024,spinal_cord,0.8916,neuro,0.7720871536486087,0.888006984472822,0.6953490737653197,0.964745064356111,0.7134101920991551,0.9466839460222756,0.9004364577894312
s0024,spleen,0.8051,solid_abdominal,0.8097576535488094,0.9254268923231391,0.7330195736655204,1.0,0.6763351060659774,1.0,0.9173258547576829
s0024,stomach,0.7102,digestive,0.7663160432698176,0.860346648933003,0.6895779633865287,0.937084728816292,0.7210402482896301,0.9056224439131906,0.8310094965435434
s0024,vertebrae,0.8118,vertebrae,0.6011042332099361,0.8514937841492554,0.5243661533266472,0.9282318640325443,0.5172009230696577,0.9353970942895338,0.7691595011018705
s0175,adrenal_gland_right,0.0,urinary,6.039594296773565e-20,0.290857424103399,0.0,0.3379591721452687,0.0,0.331334891799676,0.10954938698525567
s0175,aorta,0.8592,great_vessel,0.839476151948275,0.8910205572927248,0.7923744039064052,0.9381223053345945,0.6980047174430899,1.0,0.7989868710372559
s0175,autochthon_left,0.8994,muscle,0.7915960886640332,0.9223177905378785,0.7444943406221635,0.9694195385797483,0.7247438145466446,0.9891700646552671,0.8250378637250395
s0175,autochthon_right,0.9048,muscle,0.8029393556540471,0.9359975721494463,0.7558376076121773,0.9830993201913161,0.7360870815366585,1.0,0.866436939204238
s0175,brain,0.9648,neuro,0.907627649985231,0.9337945377095455,0.8605259019433613,0.9808962857514152,0.882523201553552,0.9588989861412245,0.9269434929309256
s0175,clavicula_left,0.6393,shoulder_bone,0.14662335795786158,0.6515339738015686,0.09952160991599185,0.6986357218434384,0.06417764068329007,0.7339796910761401,0.46649538174613825
s0175,clavicula_right,0.6036,shoulder_bone,0.3176624218327521,0.7144661308266672,0.2705606737908824,0.7615678788685369,0.2352167045581806,0.7969118481012387,0.567638348926763
s0175,colon,0.7939,digestive,0.6028954974485428,0.8439217090999388,0.555793749406673,0.8910234571418085,0.5622394962658612,0.8845777102826203,0.6955818571689294
s0175,duodenum,0.181,digestive,0.10103259912322325,0.3815346129606243,0.05393085108135352,0.428636361002494,0.06037659794054172,0.42219061414330583,0.19169521193493982
s0175,esophagus,0.7506,digestive,0.49951896821105246,0.8037793077358167,0.45241722016918273,0.8508810557776865,0.4588629670283709,0.8444353089184983,0.7309006766831287
s0175,femur_left,0.8693,pelvic_bone,0.6681786455574823,0.9112979678409187,0.6210768975156126,0.9583997158827884,0.6210768975156126,0.9583997158827884,0.8059698374441553
s0175,femur_right,0.8699,pelvic_bone,0.777460770504907,0.9158589348916427,0.7303590224630373,0.9629606829335124,0.7303590224630373,0.9629606829335124,0.8470629008665349
s0175,gluteus_maximus_left,0.9105,muscle,0.8343202230538888,0.9296543175681716,0.787218475012019,0.9767560656100414,0.7674679489365002,0.9965065916855602,0.8762603154917974
s0175,gluteus_maximus_right,0.8889,muscle,0.8288666222614551,0.9318031555701541,0.7817648742195854,0.9789049036120239,0.7620143481440665,0.9986554296875427,0.8694039220662633
s0175,gluteus_medius_left,0.9135,muscle,0.6015253669381844,0.8530371361429563,0.5544236188963146,0.900138884184826,0.5346730928207958,0.9198894102603449,0.8607171524224723
s0175,gluteus_medius_right,0.9245,muscle,0.7062408190256811,0.8540761076051502,0.6591390709838114,0.9011778556470199,0.6393885449082926,0.9209283817225388,0.8258232469034973
s0175,gluteus_minimus_left,0.8653,muscle,0.38493842219584307,0.8113927787665878,0.33783667415397334,0.8584945268084575,0.3180861480784545,0.8782450528839764,0.7865595756232303
s0175,gluteus_minimus_right,0.8845,muscle,0.5921777393312889,0.8303333282015513,0.5450759912894192,0.877435076243421,0.5253254652139003,0.8971856023189398,0.8293072046909289
s0175,heart,0.857,heart,0.9380996048159561,0.8984794469283424,0.8909978567740864,0.9455811949702121,0.8697862610952645,0.966792790649034,0.8957562426759186
s0175,hip_left,0.8271,pelvic_bone,0.7023170244076611,0.8786582836261742,0.6552152763657914,0.9257600316680439,0.6552152763657914,0.9257600316680439,0.7237629632122248
s0175,hip_right,0.8094,pelvic_bone,0.6751787066743838,0.8802418456032349,0.6280769586325141,0.9273435936451047,0.6280769586325141,0.9273435936451047,0.7217743613324917
s0175,humerus_left,0.6644,shoulder_bone,0.35822056012023096,0.7039035618636821,0.31111881207836123,0.7510053099055518,0.27577484284565945,0.7863492791382536,0.7025257894287229
s0175,humerus_right,0.611,shoulder_bone,0.5636076665424969,0.825206105057954,0.5165059185006272,0.8723078530998237,0.48116194926792544,0.9076518223325255,0.6687824672664989
s0175,iliac_artery_left,0.6176,great_vessel,0.02873661552874672,0.47928209240969893,0.0,0.5263838404515686,0.0,0.6207535269148841,0.48312270271624314
s0175,iliac_artery_right,0.5038,great_vessel,0.04129268477663461,0.4711993468625719,0.0,0.5183010949044417,0.0,0.612670781367757,0.39254489679461624
s0175,iliac_vena_left,0.5872,great_vessel,0.18548621044488803,0.5005696199802137,0.1383844624030183,0.5476713680220834,0.044014775939702905,0.6420410544853987,0.46094150508880355
s0175,iliac_vena_right,0.6978,great_vessel,0.3496723336734505,0.6277889612269081,0.3025705856315808,0.6748907092687778,0.2082008991682654,0.7692603957320931,0.7029059847214525
s0175,iliopsoas_left,0.8457,muscle,0.67891721893706,0.8401802765821054,0.6318154708951903,0.8872820246239751,0.6120649448196714,0.907032550699494,0.7097072380296319
s0175,iliopsoas_right,0.8673,muscle,0.7267444974944168,0.9022495941724418,0.6796427494525471,0.9493513422143115,0.6598922233770282,0.9691018682898304,0.7570470428534486
s0175,inferior_vena_cava,0.5495,great_vessel,0.6285712600058032,0.8625883192155916,0.5814695119639335,0.9096900672574614,0.4870998255006181,1.0,0.7842436477269661
s0175,intervertebral_discs,0.6503,vertebrae,0.5209588514389726,0.8165623014980744,0.47385710339710285,0.8636640495399441,0.5056923354114524,0.8318288175255946,0.6472527285505072
s0175,kidney_left,0.4413,urinary,0.7453373155808505,0.8221134493605294,0.6982355675389808,0.8692151974023992,0.7048598478845735,0.8625909170568065,0.8449619350938852
s0175,kidney_right,0.7272,urinary,0.7916914229447158,0.8617930408920315,0.7445896749028461,0.9088947889339012,0.7512139552484388,0.9022705085883085,0.8651856967078226
s0175,liver,0.8367,solid_abdominal,0.937609183138013,0.9073560444916251,0.8905074350961433,0.9544577925334948,0.9212825439988813,0.9236826836307568,0.8849320816564529
s0175,lung_left,0.9532,lung,0.9318973581246809,0.9323316572984546,0.8847956100828112,0.9794334053403243,0.924014617242457,0.9402143981806784,0.9624946819903
s0175,lung_right,0.9722,lung,0.9228196658991031,0.9716686453615166,0.8757179178572334,1.0,0.9149369250168793,0.9795513862437405,0.9753705328151592
s0175,pancreas,0.2684,solid_abdominal,0.34567588454020065,0.564401037755787,0.2985741364983309,0.6115027857976567,0.32934924540106897,0.5807276768949187,0.6236883693322322
s0175,portal_vein_and_splenic_vein,0.4541,great_vessel,0.1359076167649561,0.3992126949017352,0.08880586872308638,0.44631444294360495,0.0,0.5406841294069203,0.2390808175169876
s0175,prostate,0.463,reproductive,0.2887170381249836,0.6053103462773177,0.2416152900831139,0.6524120943191875,0.2416152900831139,0.6524120943191875,0.19132738022575732
s0175,sacrum,0.7508,pelvic_bone,0.7466621333052286,0.8320656842696075,0.6995603852633588,0.8791674323114772,0.6995603852633588,0.8791674323114772,0.8310129237706757
s0175,scapula_left,0.4791,shoulder_bone,0.32170568621890455,0.6313876603114283,0.2746039381770348,0.6784894083532981,0.23925996894433305,0.7138333775859999,0.5839526744715052
s0175,scapula_right,0.5072,shoulder_bone,0.4064981297655834,0.6201325551883745,0.3593963817237137,0.6672343032302442,0.3240524124910119,0.702578272462946,0.6304921096992724
s0175,small_bowel,0.5898,digestive,0.5316608292045816,0.8513327775352886,0.48455908116271185,0.8984345255771583,0.49100482802190004,0.8919887787179701,0.7661149263925414
s0175,spinal_cord,0.2912,neuro,0.6548419774641486,0.8568774556299465,0.6077402294222789,0.9039792036718163,0.6297375290324696,0.8819819040616256,0.6854102865738927
s0175,spleen,0.6291,solid_abdominal,0.7663142962271854,0.8765333357291232,0.7192125481853157,0.9236350837709929,0.7499876570880537,0.8928599748682549,0.8835497291734923
s0175,stomach,0.5285,digestive,0.7276285596125324,0.8457239703932784,0.6805268115706626,0.8928257184351481,0.6869725584298508,0.8863799715759599,0.8799649103183688
s0175,urinary_bladder,0.9218,urinary,0.7775583779521007,0.8647903357535464,0.730456629910231,0.9118920837954161,0.7370809102558237,0.9052678034498234,0.8681946479869852
s0175,vertebrae,0.7345,vertebrae,0.6257189771933768,0.8705881444087299,0.578617229151507,0.9176898924505996,0.6104524611658566,0.88585466043625,0.7333870715098865
s0505,aorta,0.9008,great_vessel,0.8584671035438544,0.8678754388121688,0.7959915353159431,0.93035100704008,0.7615748806115559,0.9647676617444673,0.8308918178135817
s0505,clavicula_left,0.5061,shoulder_bone,0.024535799382464692,0.5295844358196831,0.0,0.5920600040475943,0.0,0.5936384320150659,0.24932786318060327
s0505,clavicula_right,0.0,shoulder_bone,0.0,0.6136065498540472,0.0,0.6760821180819584,0.0,0.67766054604943,0.0915428303701404
s0505,esophagus,0.2489,digestive,0.0,0.5695814917842799,0.0,0.6320570600121911,0.0,0.5737256245460582,0.1584325372206669
s0505,heart,0.7668,heart,0.8150504578430076,0.9470642884811686,0.7525748896150963,1.0,0.6415327905855339,1.0,0.8535170665271977
s0505,inferior_vena_cava,0.729,great_vessel,0.6423248058901397,0.7714273780459008,0.5798492376622285,0.833902946273812,0.5454325829578412,0.8683196009781993,0.6274093973260323
s0505,intervertebral_discs,0.7102,vertebrae,0.4573742868452839,0.7410887769630018,0.3948987186173727,0.803564345190913,0.3940862695300712,0.8043767942782145,0.5706647495304459
s0505,kidney_right,0.0,urinary,0.0,0.6809502079983865,0.0,0.7434257762262977,0.0,0.8681206293839504,0.38658640258535765
s0505,liver,0.9169,solid_abdominal,0.7959206161665504,0.9487565691197062,0.7334450479386392,1.0,0.6741399548788078,1.0,0.9097635988461205
s0505,lung_left,0.9227,lung,0.8703248616340353,0.9675014959021353,0.8078492934061241,1.0,0.857089296165579,0.9807370613705916,0.9161094019063601
s0505,lung_right,0.9319,lung,0.821018566714942,0.9738779176270358,0.7585429984870308,1.0,0.8077830012464857,0.9871134830954921,0.9426789815923013
s0505,spinal_cord,0.7277,neuro,0.20978892489491352,0.6524202774167519,0.1473133566670023,0.7148958456446631,0.1988226266848384,0.663386575626827,0.3878254532515301
s0505,spleen,0.7819,solid_abdominal,0.42369863544288944,0.8458855385436731,0.3612230672149782,0.9083611067715843,0.3019179741551469,0.9676661998314157,0.7081060384625064
s0505,stomach,0.8769,digestive,0.729634392041254,0.921888001983517,0.6671588238133428,0.9843635702114282,0.7254902592794756,0.9260321347452953,0.8185793207952812
s0505,vertebrae,0.8092,vertebrae,0.7066424558936294,0.8501643862964988,0.6441668876657182,0.91263995452441,0.6433544385784167,0.9134524036117115,0.8134512555495576
s0309,adrenal_gland_left,0.6881,urinary,0.3326675757839091,0.6567209387081958,0.22437299289649354,0.7650155215956114,0.14947752802636505,0.8399109864657399,0.6634098474652855
s0309,adrenal_gland_right,0.2702,urinary,0.10262474154434839,0.4253443543421061,0.0,0.5336389372295216,0.0,0.6085344020996502,0.2660693256642542
s0309,aorta,0.9088,great_vessel,0.6807537782807538,0.8653964955115301,0.5724591953933382,0.9736910783989456,0.4514521045728708,1.0,0.8636411504257564
s0309,autochthon_left,0.931,muscle,0.9429927937064331,0.9464068625275945,0.8346982108190175,1.0,0.783875509138627,1.0,0.9361134129412245
s0309,autochthon_right,0.938,muscle,0.8988699475510568,0.9447712550176416,0.7905753646636412,1.0,0.7397526629832507,1.0,0.9365722972910162
s0309,colon,0.8557,digestive,0.6351942640803466,0.8435559530338285,0.5268996811929311,0.951850535921244,0.6096938044664795,0.8690564126476956,0.7250992037442224
s0309,duodenum,0.5391,digestive,0.3749767186612487,0.7165285678098987,0.26668213577383315,0.8248231506973143,0.34947625904738155,0.7420290274237659,0.5782215689000108
s0309,esophagus,0.6528,digestive,0.3893201156301453,0.6012827755315088,0.28102553274272973,0.7095773584189243,0.36381965601627814,0.6267832351453759,0.5147780847928406
s0309,gallbladder,0.9046,solid_abdominal,0.3336492728664782,0.8719000950901655,0.22535468997906266,0.9801946779775811,0.225816946681632,0.9797324212750117,0.6871325225688509
s0309,heart,0.9501,heart,0.8649521702417828,0.9519003723270935,0.7566575873543673,1.0,0.7566575873543673,1.0,0.9360785924736272
s0309,iliac_artery_left,0.0,great_vessel,4.5354197488215456e-20,0.4670796921341512,0.0,0.5753742750215667,0.0,0.6963813658420341,0.04815831878143647
s0309,iliac_artery_right,0.0,great_vessel,4.5354197488215456e-20,0.48035863039318344,0.0,0.588653213280599,0.0,0.7096603041010664,0.13619536111610267
s0309,iliopsoas_left,0.926,muscle,0.7778877061104551,0.8784896350424252,0.6695931232230395,0.9867842179298407,0.618770421542649,1.0,0.900872449199956
s0309,iliopsoas_right,0.8615,muscle,0.8523579412442612,0.8803096403155094,0.7440633583568457,0.988604223202925,0.6932406566764552,1.0,0.8863245240093389
s0309,inferior_vena_cava,0.8122,great_vessel,0.6957026290481193,0.8702501652031976,0.5874080461607037,0.9785447480906132,0.46640095534023635,1.0,0.8082939396930982
s0309,intervertebral_discs,0.8882,vertebrae,0.7107058897166094,0.8571744272090939,0.6024113068291939,0.9654690100965094,0.4654818866467241,1.0,0.8200856787803422
s0309,kidney_left,0.9311,urinary,0.886145644230708,0.9310788824931734,0.7778510613432924,1.0,0.702955596473164,1.0,0.8920710131111361
s0309,kidney_right,0.4049,urinary,0.4043758161590237,0.7503482483381788,0.2960812332716081,0.8586428312255944,0.22118576840147963,0.9335382960957228,0.5313502572832705
s0309,liver,0.9466,solid_abdominal,0.7341028893894245,0.9603945236305204,0.6258083065020089,1.0,0.6262705632045783,1.0,0.9237959341891935
s0309,lung_left,0.9353,lung,0.9396768946848776,0.9589278095904179,0.831382311797462,1.0,0.7662967070947925,1.0,0.9604859772884825
s0309,lung_right,0.9484,lung,0.8776990674731234,0.9551567889487105,0.7694044845857079,1.0,0.7043188798830383,1.0,0.9317158713066288
s0309,pancreas,0.8379,solid_abdominal,0.4473004146035723,0.8057616405714157,0.3390058317161567,0.9140562234588313,0.33946808841872606,0.9135939667562619,0.5976077021823052
s0309,portal_vein_and_splenic_vein,0.7402,great_vessel,0.26930334928138033,0.7006149686873786,0.16100876639396478,0.8089095515747942,0.040001675573497375,0.9299166423952616,0.6631389386393104
s0309,small_bowel,0.8137,digestive,0.7166449225096455,0.8752822193985215,0.60835033962223,0.983576802285937,0.6911444628957784,0.9007826790123886,0.8422532246521921
s0309,spinal_cord,0.8333,neuro,0.9276579165129568,0.8930994884588938,0.8193633336255413,1.0,0.8831557792104089,0.9376016257614417,0.8440932818730805
s0309,spleen,0.9131,solid_abdominal,0.8838347858347904,0.9261072026616353,0.7755402029473748,1.0,0.7760024596499442,1.0,0.8948953992038963
s0309,stomach,0.8929,digestive,0.7102946325549349,0.9177002117824201,0.6020000496675193,1.0,0.6847941729410677,0.9432006713962873,0.8944535425808494
s0309,vertebrae,0.8909,vertebrae,0.8165433725175947,0.8878925911866514,0.7082487896301791,0.996187174074067,0.5713193694477093,1.0,0.8741225503727417
s0459,autochthon_left,0.8046,muscle,0.8101032054155434,0.8827343841512024,0.7509776760421538,0.941859913524592,0.7404004739346274,0.9524371156321184,0.8632848925592231
s0459,autochthon_right,0.7203,muscle,0.8500535321409832,0.9096319631593902,0.7909280027675937,0.9687574925327798,0.7803508006600672,0.9793346946403062,0.8478643329530489
s0459,colon,0.1713,digestive,0.2858770923469907,0.6170124141647063,0.22675156297360116,0.6761379435380959,0.24475234009614727,0.6581371664155498,0.5407814301296902
s0459,gluteus_maximus_left,0.5124,muscle,0.615131146259951,0.8731624122687036,0.5560056168865615,0.9322879416420932,0.545428414779035,0.9428651437496196,0.8201567351426216
s0459,gluteus_maximus_right,0.7097,muscle,0.7397541870676018,0.8873489626321974,0.6806286576942122,0.946474492005587,0.6700514555866858,0.9570516941131134,0.8391301355337826
s0459,gluteus_medius_left,0.524,muscle,0.4144615092689212,0.8742612892127971,0.3553359798955317,0.9333868185861867,0.34475877778800523,0.9439640206937131,0.7895769710510879
s0459,gluteus_medius_right,0.3339,muscle,0.664484111401514,0.8786706027849769,0.6053585820281244,0.9377961321583664,0.594781379920598,0.9483733342658929,0.8531124472738713
s0459,gluteus_minimus_left,0.0,muscle,0.00010683502662494654,0.5194529108599181,0.0,0.5785784402333076,0.0,0.5891556423408341,0.0
s0459,hip_left,0.7297,pelvic_bone,0.6728123393677061,0.8502756890573608,0.6136868099943166,0.9094012184307504,0.6368788682568475,0.8862091601682195,0.8094903207437057
s0459,hip_right,0.78,pelvic_bone,0.7330894217963189,0.8383391458869919,0.6739638924229293,0.8974646752603814,0.6971559506854602,0.8742726169978505,0.7649512499916429
s0459,iliac_artery_left,0.0,great_vessel,0.15638986777814048,0.33582421772130516,0.09726433840475093,0.3949497470946947,0.025333872663177576,0.46688021283626807,0.17595047120330212
s0459,iliac_artery_right,0.0,great_vessel,0.0,0.4171031000883527,0.0,0.47622862946174227,0.0,0.5481590952033156,0.09867654681469125
s0459,iliac_vena_left,0.4927,great_vessel,0.28438420671644554,0.711770748821986,0.225258677343056,0.7708962781953755,0.15332821160148263,0.8428267439369489,0.45452988652279114
s0459,iliac_vena_right,0.4404,great_vessel,0.2906268878792264,0.7117277794546782,0.23150135850583686,0.7708533088280678,0.1595708927642635,0.8427837745696412,0.46556755806880856
s0459,iliopsoas_left,0.1797,muscle,0.6008471951518437,0.8790339298751163,0.5417216657784542,0.9381594592485059,0.5311444636709277,0.9487366613560323,0.8090552293157236
s0459,iliopsoas_right,0.2456,muscle,0.6765280092813116,0.7930411591964366,0.6174024799079221,0.8521666885698261,0.6068252778003956,0.8627438906773526,0.6576284517229667
s0459,intervertebral_discs,0.6864,vertebrae,0.5295952572053054,0.818871528280362,0.4704697278319159,0.8779970576537516,0.4866271668581249,0.8618396186275425,0.6738645839836872
s0459,sacrum,0.7176,pelvic_bone,0.8845732578479666,0.8823414276121213,0.825447728474577,0.9414669569855109,0.8486397867371079,0.91827489872298,0.8300609665314339
s0459,small_bowel,0.0,digestive,0.08009081246667599,0.6921317942560452,0.020965283093286435,0.7512573236294348,0.03896606021583254,0.7332565465068887,0.16900833768592863
s0459,spinal_cord,0.7139,neuro,0.5645535514804407,0.7871147388990001,0.5054280221070512,0.8462402682723896,0.5261203228370143,0.8255479675424265,0.6885805600185189
s0459,vertebrae,0.2476,vertebrae,0.23394834127137848,0.8102293794874131,0.17482281189798893,0.8693549088608027,0.19098025092419796,0.8531974698345937,0.523791870795745
s0342,adrenal_gland_left,0.742,urinary,0.2697512851184423,0.6638124227472539,0.19301320523515336,0.7405505026305429,0.13598918691134004,0.7975745209543562,0.6164035358847593
s0342,adrenal_gland_right,0.711,urinary,0.43143268866918894,0.7366102991637596,0.3546946087859,0.8133483790470486,0.29767059046208666,0.8703723973708619,0.6941958637566501
s0342,aorta,0.807,great_vessel,0.5694815174606008,0.8200268897717122,0.49274343757731187,0.8967649696550012,0.4067188513417046,0.9827895558906085,0.782422757540946
s0342,autochthon_left,0.9034,muscle,0.9005850288142045,0.941590060625012,0.8238469489309156,1.0,0.8469972154589,0.9951778739803165,0.9353252128082201
s0342,autochthon_right,0.8704,muscle,0.8598545026729326,0.9291554223418316,0.7831164227896437,1.0,0.8062666893176281,0.9827432356971361,0.9039141510310422
s0342,colon,0.8565,digestive,0.6746242773948355,0.8587659159598211,0.5978861975115466,0.9355039958431101,0.629348482414648,0.9040417109400087,0.722192850449109
s0342,duodenum,0.7484,digestive,0.4916057904608122,0.7726975305965673,0.41486771057752325,0.8494356104798563,0.44632999548062463,0.817973325576755,0.6447584389823562
s0342,esophagus,0.7799,digestive,0.40887769318927947,0.7593791535514834,0.3321396133059905,0.8361172334347724,0.3636018982090919,0.804654948531671,0.6369056616138674
s0342,gallbladder,0.8235,solid_abdominal,0.48224119027109724,0.8758844690613249,0.4055031103878083,0.9526225489446138,0.34881864278826524,1.0,0.6942727809086455
s0342,gluteus_maximus_left,0.0,muscle,0.5088813253219613,0.8099828234350381,0.43214324543867233,0.8867209033183271,0.4552935119666568,0.8635706367903426,0.6987299267753161
s0342,gluteus_maximus_right,0.0,muscle,0.4393688988119404,0.8742391487357346,0.36263081892865145,0.9509772286190236,0.3857810854566359,0.9278269620910391,0.5369983659944176
s0342,gluteus_medius_left,0.0,muscle,0.485208614889922,0.8477883129823146,0.40847053500663305,0.9245263928656036,0.4316208015346175,0.9013761263376191,0.7449922127033319
s0342,gluteus_medius_right,0.0,muscle,0.3977042817743077,0.8855635897149071,0.32096620189101877,0.9623016695981961,0.34411646841900323,0.9391514030702116,0.6866702490625197
s0342,heart,0.82,heart,0.8154135178119349,0.9247957471949989,0.738675437928646,1.0,0.5038709114620925,1.0,0.9024849277456477
s0342,hip_left,0.783,pelvic_bone,0.5997204616318474,0.8698923290893588,0.5229823817485585,0.9466304089726477,0.5420327820187244,0.9275800087024818,0.6930000640836316
s0342,hip_right,0.4736,pelvic_bone,0.45439535562343486,0.7551014412427864,0.3776572757401459,0.8318395211260754,0.3967076760103118,0.8127891208559095,0.5979350586658605
s0342,iliac_artery_left,0.871,great_vessel,0.4910936678792403,0.6064006895233869,0.41435558799595135,0.6831387694066758,0.32833100176034413,0.7691633556422831,0.47242717184968014
s0342,iliac_artery_right,0.7841,great_vessel,0.6235463195215334,0.6932343005552735,0.5468082396382444,0.7699723804385624,0.46078365340263716,0.8559969666741697,0.680636374328996
s0342,iliac_vena_left,0.789,great_vessel,0.4725677959191436,0.7024023514392586,0.39582971603585465,0.7791404313225475,0.30980512980024744,0.8651650175581548,0.6292491054618383
s0342,iliac_vena_right,0.755,great_vessel,0.48850253191094867,0.7860909017218336,0.4117644520276597,0.8628289816051226,0.3257398657920525,0.9488535678407298,0.7042122564792255
s0342,iliopsoas_left,0.9106,muscle,0.5771971029844164,0.8942439686739316,0.5004590231011274,0.9709820485572206,0.5236092896291119,0.9478317820292361,0.8570611040930967
s0342,iliopsoas_right,0.8805,muscle,0.7057942052143882,0.8816068773339929,0.6290561253310992,0.9583449572172819,0.6522063918590837,0.9351946906892974,0.8253915006828262
s0342,inferior_vena_cava,0.7164,great_vessel,0.5098094810269741,0.8654000283556638,0.43307140114368514,0.9421381082389527,0.34704681490807787,1.0,0.8190813105827133
s0342,intervertebral_discs,0.8057,vertebrae,0.7598168114189744,0.8391126622754264,0.6830787315356854,0.9158507421587153,0.675913501278696,0.9230159724157048,0.7655345538507948
s0342,kidney_left,0.9204,urinary,0.6970465804381586,0.9215400366757417,0.6203085005548696,0.9982781165590306,0.5632844822310563,1.0,0.9292156601609576
s0342,kidney_right,0.9412,urinary,0.7767884597374001,0.9139047254122805,0.7000503798541111,0.9906428052955695,0.6430263615302978,1.0,0.8481326783232004
s0342,liver,0.9635,solid_abdominal,0.8801697985573047,0.9593675394428539,0.8034317186740157,1.0,0.7467472510744727,1.0,0.9143382459575513
s0342,lung_left,0.8847,lung,0.8634163140320893,0.9392401337943131,0.7866782341488003,1.0,0.8431621234919172,0.9594943243344852,0.8992532290413268
s0342,lung_right,0.9183,lung,0.8756561244568849,0.9639010234356741,0.7989180445735959,1.0,0.8554019339167128,0.9841552139758462,0.963799518705768
s0342,pancreas,0.7685,solid_abdominal,0.5880190092021067,0.8666240422888924,0.5112809293188177,0.9433621221721814,0.4545964617192747,1.0,0.7499225731332999
s0342,portal_vein_and_splenic_vein,0.748,great_vessel,0.4702081644949732,0.6613018121662598,0.39347008461168426,0.7380398920495488,0.30744549837607704,0.824064478285156,0.6073581805163424
s0342,sacrum,0.6398,pelvic_bone,0.5982814478530152,0.8586171871749924,0.5215433679697262,0.9353552670582813,0.5405937682398921,0.9163048667881154,0.7511025799373201
s0342,small_bowel,0.7357,digestive,0.6025488630096296,0.9142316836815823,0.5258107831263407,0.9909697635648712,0.557273068029442,0.9595074786617699,0.733852217655972
s0342,spinal_cord,0.7374,neuro,0.6428460331933609,0.8698881796414438,0.5661079533100719,0.9466262595247328,0.5841690716439073,0.9285651411908974,0.6985049495561709
s0342,spleen,0.9217,solid_abdominal,0.5548226105342212,0.9033161441928623,0.47808453065093226,0.9800542240761513,0.4214000630513892,1.0,0.8592608984804073
s0342,stomach,0.9261,digestive,0.6339829447732498,0.9143566337927566,0.5572448648899608,0.9910947136760455,0.5887071497930623,0.9596324287729441,0.8965173460051441
s0342,vertebrae,0.8095,vertebrae,0.8681176290961672,0.8977650119764886,0.7913795492128782,0.9745030918597776,0.7842143189558888,0.981668322116767,0.8369511842746531
s0002,adrenal_gland_left,0.1,urinary,6.039594296773565e-20,0.21801025641819635,0.0,0.2651120044600661,0.0,0.2584877241144734,0.33102699286381265
s0002,adrenal_gland_right,0.4185,urinary,0.3666643557196441,0.7459474905891014,0.3195626076777744,0.7930492386309711,0.3261868880233671,0.7864249582853784,0.6118095520475356
s0002,aorta,0.6104,great_vessel,0.497497130754884,0.730446311530612,0.45039538271301427,0.7775480595724817,0.3560256962496989,0.8719177460357972,0.6281876836937523
s0002,autochthon_left,0.897,muscle,0.8320726617550201,0.9118758408784798,0.7849709137131504,0.9589775889203496,0.7652203876376316,0.9787281149958684,0.9149077734510144
s0002,autochthon_right,0.8303,muscle,0.8355846666322618,0.9121949184344141,0.7884829185903921,0.9592966664762839,0.7687323925148732,0.9790471925518027,0.9229871751661969
s0002,colon,0.5879,digestive,0.8483123416559536,0.8716995535480166,0.8012105936140839,0.9188013015898864,0.8076563404732721,0.9123555547306982,0.7892044791073648
s0002,duodenum,0.1013,digestive,0.28739200600400744,0.559662459993049,0.2402902579621377,0.6067642080349187,0.2467360048213259,0.6003184611757305,0.2666120963580901
s0002,esophagus,0.6136,digestive,0.5098451843871057,0.748456572274196,0.46274343634523596,0.7955583203160658,0.46918918320442415,0.7891125734568776,0.5380911579415754
s0002,heart,0.8789,heart,0.8845303139949471,0.9369894078937244,0.8374285659530774,0.9840911559355942,0.8162169702742554,1.0,0.9197178867082336
s0002,iliopsoas_left,0.6684,muscle,0.5636809936795055,0.8018610361529304,0.5165792456376358,0.8489627841948001,0.49682871956211694,0.868713310270319,0.7743967718938085
s0002,iliopsoas_right,0.6282,muscle,0.5909438603335685,0.8443753404072931,0.5438421122916988,0.8914770884491628,0.5240915862161799,0.9112276145246817,0.783798958606319
s0002,inferior_vena_cava,0.0854,great_vessel,0.2316562646430447,0.46199563146618083,0.18455451660117497,0.5090973795080506,0.09018483013785958,0.6034670659713659,0.20193833993083588
s0002,intervertebral_discs,0.7672,vertebrae,0.7046400618751183,0.8514510681552532,0.6575383138332486,0.8985528161971229,0.6893735458475981,0.8667175841827733,0.7251977819568708
s0002,kidney_left,0.9214,urinary,0.8065313629799568,0.9127588070746613,0.759429614938087,0.959860555116531,0.7660538952836797,0.9532362747709383,0.895997122965851
s0002,kidney_right,0.9128,urinary,0.7792194041353195,0.9147882439536925,0.7321176560934498,0.9618899919955622,0.7387419364390425,0.9552657116499695,0.8773929406177272
s0002,liver,0.8858,solid_abdominal,0.9167645266911125,0.9272326359810884,0.8696627786492428,0.9743343840229581,0.9004378875519808,0.9435592751202201,0.9474987080140173
s0002,lung_left,0.9291,lung,0.7756527662637668,0.9498588556485895,0.728551018221897,0.9969606036904592,0.7677700253815429,0.9577415965308134,0.9516645917974003
s0002,lung_right,0.911,lung,0.8978960756511661,0.9402222857677555,0.8507943276092964,0.9873240338096252,0.8900133347689423,0.9481050266499793,0.9478910757196197
s0002,pancreas,0.0363,solid_abdominal,0.49229540579320646,0.7202890500902561,0.44519365775133674,0.7673907981321259,0.4759687666540748,0.7366156892293878,0.6485825903436506
s0002,portal_vein_and_splenic_vein,0.0161,great_vessel,0.2905373822523903,0.730152310914737,0.24343563421052056,0.7772540589566067,0.14906594774720516,0.871623745419922,0.6500866361482682
s0002,small_bowel,0.2913,digestive,0.6052219701835463,0.8599652771108688,0.5581202221416766,0.9070670251527385,0.5645659690008648,0.9006212782935503,0.7640418836966655
s0002,spinal_cord,0.8977,neuro,0.8395013773541112,0.8821703138355975,0.7923996293122415,0.9292720618774672,0.8143969289224322,0.9072747622672765,0.8699818848397926
s0002,spleen,0.879,solid_abdominal,0.658562353833455,0.919633751701301,0.6114606057915852,0.9667354997431707,0.6422357146943233,0.9359603908404327,0.8742211707688656
s0002,stomach,0.2367,digestive,0.4255754734323746,0.7718029920403885,0.3784737253905049,0.8189047400822582,0.3849194722496931,0.81245899322307,0.6099901825461885
s0002,vertebrae,0.8333,vertebrae,0.7329524526344603,0.8399703628433576,0.6858507045925906,0.8870721108852273,0.7176859366069401,0.8552368788708777,0.7838883384681543
s0015,adrenal_gland_left,0.5708,urinary,0.5839783960636163,0.7825112347412635,0.5248528666902268,0.841636764114653,0.4633659695216539,0.903123661283226,0.8086760543668794
s0015,aorta,0.8417,great_vessel,0.811295645564399,0.8498156288555191,0.7521701161910095,0.9089411582289086,0.6802396504494361,0.980871623970482,0.7771760786078761
s0015,autochthon_left,0.9389,muscle,0.9207360137069015,0.9398306256713984,0.861610484333512,0.998956155044788,0.8510332822259855,1.0,0.9216745235078975
s0015,autochthon_right,0.9364,muscle,0.9088780699973358,0.9377335658803595,0.8497525406239462,0.996859095253749,0.8391753385164198,1.0,0.916787384216452
s0015,colon,0.818,digestive,0.6670518448541698,0.8968557647171325,0.6079263154807802,0.955981294090522,0.6259270926033264,0.9379805169679759,0.7776627108525809
s0015,duodenum,0.027,digestive,0.26456932221770857,0.5937712326695888,0.20544379284431902,0.6528967620429783,0.22344456996686513,0.6348959849204322,0.30381874111949925
s0015,gallbladder,0.7102,solid_abdominal,0.732480625456657,0.878923874099554,0.6733550960832675,0.9380494034729435,0.5476913386464747,1.0,0.8555079767199911
s0015,gluteus_medius_left,0.5899,muscle,0.05748233894265865,0.6946854180828044,0.0,0.7538109474561939,0.0,0.7643881495637204,0.3508086872494889
s0015,gluteus_medius_right,0.8879,muscle,0.3824932690228668,0.7993683187892724,0.32336773964947724,0.8584938481626619,0.3127905375419508,0.8690710502701884,0.7155572509805674
s0015,hip_left,0.6414,pelvic_bone,0.14744052699474516,0.7747980061469305,0.08831499762135561,0.8339235355203201,0.11150705588388651,0.8107314772577892,0.5890596973727884
s0015,hip_right,0.6625,pelvic_bone,0.407884652103819,0.8353615634948321,0.34875912273042947,0.8944870928682217,0.3719511809929604,0.8712950346056908,0.7506150371834409
s0015,iliac_artery_left,0.7332,great_vessel,0.39252586931469213,0.6632872456944522,0.3334003399413026,0.7224127750678417,0.2614698741997292,0.7943432408094151,0.6558610494760564
s0015,iliac_artery_right,0.4249,great_vessel,0.044706505389888296,0.303540638456145,0.0,0.36266616782953454,0.0,0.4345966335711079,0.054715584690329264
s0015,iliac_vena_left,0.5184,great_vessel,0.21788769137307773,0.6154504053031433,0.15876216199968818,0.6745759346765329,0.08683169625811482,0.7465064004181062,0.5364618496686592
s0015,iliac_vena_right,0.3973,great_vessel,0.2174644034206061,0.6492559847185726,0.15833887404721655,0.7083815140919622,0.0864084083056432,0.7803119798335355,0.5010181058519639
s0015,iliopsoas_left,0.7142,muscle,0.8121787959963835,0.8513237250129284,0.753053266622994,0.910449254386318,0.7424760645154675,0.9210264564938444,0.7535344084993978
s0015,iliopsoas_right,0.804,muscle,0.8401330460847672,0.881151494569146,0.7810075167113777,0.9402770239425355,0.7704303146038513,0.950854226050062,0.8614108188344165
s0015,inferior_vena_cava,0.322,great_vessel,0.6287890513677649,0.7607859286684893,0.5696635219943753,0.8199114580418788,0.49773305625280195,0.8918419237834522,0.7309641467930893
s0015,intervertebral_discs,0.8613,vertebrae,0.6925471168029143,0.8524270229440182,0.6334215874295247,0.9115525523174077,0.6495790264557337,0.8953951132911987,0.8074120665301047
s0015,kidney_left,0.2091,urinary,0.7705623329966055,0.8452679428215595,0.7114368036232159,0.904393472194949,0.649949906454643,0.965880369363522,0.7883814532769937
s0015,kidney_right,0.0,urinary,0.0,0.470349968616244,0.0,0.5294754979896336,0.0,0.5909623951582065,0.03139165198028979
s0015,liver,0.9133,solid_abdominal,0.9242901910150741,0.9675276510766737,0.8651646616416846,1.0,0.7395009042048918,1.0,0.9073888909476171
s0015,lung_left,0.7613,lung,0.7123770557315803,0.864300449424466,0.6532515263581907,0.9234259787978556,0.6965829031954262,0.8800946019606202,0.7315343179818663
s0015,lung_right,0.8318,lung,0.721373207230751,0.8539407333816481,0.6622476778573615,0.9130662627550377,0.7055790546945969,0.8697348859178022,0.6988471453345074
s0015,pancreas,0.3678,solid_abdominal,0.5586550197662316,0.8017964186305423,0.499529490392842,0.8609219480039318,0.3738657329560492,0.9865857054407247,0.7512807632806884
s0015,portal_vein_and_splenic_vein,0.4569,great_vessel,0.01983194947777578,0.4242564702993123,0.0,0.48338199967270185,0.0,0.5553124654142751,0.14095926485032556
s0015,small_bowel,0.6803,digestive,0.5218531365677355,0.8484818597908782,0.4627276071943459,0.9076073891642678,0.480728384316892,0.8896066120417216,0.7336914967425305
s0015,spinal_cord,0.888,neuro,0.82878482595385,0.8861597597472821,0.7696592965804604,0.9452852891206717,0.7903515973104235,0.9245929883907086,0.8521757345838864
s0015,spleen,0.9202,solid_abdominal,0.7971238855809097,0.9282202002327352,0.7379983562075202,0.9873457296061248,0.6123345987707274,1.0,0.9242767205309841
s0015,stomach,0.5614,digestive,0.6853599826078651,0.8527947271547871,0.6262344532344756,0.9119202565281767,0.6442352303570217,0.8939194794056305,0.8323713401766355
s0015,vertebrae,0.886,vertebrae,0.8198758201378387,0.8941901364220499,0.7607502907644491,0.9533156657954395,0.7769077297906581,0.9371582267692304,0.8504478132872596
s0143,adrenal_gland_left,0.6597,urinary,0.37112110064758164,0.7639063458750798,0.3086455324196704,0.826381914102991,0.1839506792620177,0.9510767672606437,0.6273417316745115
s0143,adrenal_gland_right,0.7535,urinary,0.24548633594645447,0.5830942993604417,0.18301076771854324,0.6455698675883529,0.058315914560890525,0.7702647207460056,0.5390096048137539
s0143,aorta,0.8597,great_vessel,0.8518436005429895,0.877700501000247,0.7893680323150782,0.9401760692281582,0.754951377610691,0.9745927239325455,0.8346964573243713
s0143,autochthon_left,0.9436,muscle,0.8654860886700207,0.9285283835489693,0.8030105204421095,0.9910039517768805,0.8076467747846098,0.9863676974343802,0.932358605432465
s0143,autochthon_right,0.9441,muscle,0.8724819900957478,0.9257182124555707,0.8100064218678366,0.988193780683482,0.8146426762103368,0.9835575263409817,0.8920528442945398
s0143,colon,0.9102,digestive,0.6394333618664122,0.8508756269967008,0.576957793638501,0.9133511952246121,0.6352892291046338,0.8550197597584792,0.8413394353058786
s0143,duodenum,0.8839,digestive,0.7610271049603557,0.8579463191554132,0.6985515367324445,0.9204218873833244,0.7568829721985774,0.8620904519171916,0.7553399949405413
s0143,esophagus,0.8358,digestive,0.708158622294118,0.7833501759115981,0.6456830540662067,0.8458257441395093,0.7040144895323396,0.7874943086733764,0.8025247204207432
s0143,gallbladder,0.891,solid_abdominal,0.6033766353737815,0.8244534844186672,0.5409010671458703,0.8869290526465784,0.48159597408603894,0.9462341457064097,0.8383604057924899
s0143,heart,0.9521,heart,0.7863577849662119,0.9446109092641829,0.7238822167383007,1.0,0.6128401177087383,1.0,0.920890758836458
s0143,iliopsoas_left,0.8679,muscle,0.7924180387519425,0.8999012397824919,0.7299424705240313,0.9623768080104032,0.7345787248665315,0.9577405536679029,0.8184199630810637
s0143,iliopsoas_right,0.8729,muscle,0.8465809446407443,0.8896961926775372,0.7841053764128331,0.9521717609054484,0.7887416307553333,0.9475355065629482,0.8429060064957151
s0143,inferior_vena_cava,0.8375,great_vessel,0.6651131816815506,0.8628073978470904,0.6026376134536394,0.9252829660750016,0.5682209587492522,0.9596996207793889,0.8468351399880649
s0143,intervertebral_discs,0.8809,vertebrae,0.6750613221378958,0.8077664547144647,0.6125857539099846,0.870242022942376,0.6117733048226831,0.8710544720296775,0.7683318460129731
s0143,kidney_left,0.8753,urinary,0.7321332315921308,0.895386297684965,0.6696576633642196,0.9578618659128763,0.5449628102065669,1.0,0.8580125921080994
s0143,kidney_right,0.8807,urinary,0.8195452973241928,0.8980535730288184,0.7570697290962816,0.9605291412567296,0.6323748759386288,1.0,0.8272371713959372
s0143,liver,0.9179,solid_abdominal,0.8115213362894002,0.9559582298964597,0.7490457680614889,1.0,0.6897406750016576,1.0,0.9495903896045201
s0143,lung_left,0.9521,lung,0.9477062077182998,0.9588838103158204,0.8852306394903886,1.0,0.9344706422498436,0.9721193757842767,0.9366837292022524
s0143,lung_right,0.9645,lung,0.9129660726707967,0.9571334051551275,0.8504905044428854,1.0,0.8997305072023404,0.9703689706235837,0.9345690334670603
s0143,pancreas,0.445,solid_abdominal,0.585742349619382,0.8630013631105524,0.5232667813914708,0.9254769313384636,0.4639616883316394,0.984782024398295,0.7513349153556704
s0143,portal_vein_and_splenic_vein,0.7235,great_vessel,0.36039672117433474,0.7692378702254168,0.2979211529464235,0.831713438453328,0.26350449824203626,0.8661300931577153,0.7415784720895033
s0143,small_bowel,0.8943,digestive,0.724913470072339,0.8467453345385283,0.6624379018444277,0.9092209027664395,0.7207693373105606,0.8508894673003067,0.81044663539821
s0143,spinal_cord,0.9055,neuro,0.7594571530245418,0.8957081849011534,0.6969815847966305,0.9581837531290647,0.7484908548144666,0.9066744831112286,0.8431300229963085
s0143,spleen,0.9058,solid_abdominal,0.7199428945468821,0.9174625017188673,0.6574673263189709,0.9799380699467786,0.5981622332591395,1.0,0.8741964900975444
s0143,stomach,0.9245,digestive,0.8619989039138689,0.8696829505538644,0.7995233356859577,0.9321585187817756,0.8578547711520905,0.8738270833156427,0.820247743266901
s0143,vertebrae,0.914,vertebrae,0.8264739881505788,0.87790769351076,0.7639984199226676,0.9403832617386713,0.7631859708353661,0.9411957108259728,0.8404022974838727
s0367,adrenal_gland_left,0.7913,urinary,0.32691156686619355,0.6339348979253316,0.2501734869829046,0.7106729778086206,0.19314946865909127,0.7676969961324339,0.7184618581160795
s0367,adrenal_gland_right,0.7748,urinary,0.3939457130387461,0.6076294579545903,0.31720763315545714,0.6843675378378793,0.2601836148316438,0.7413915561616926,0.6136688765134485
s0367,aorta,0.6712,great_vessel,0.4219915733651804,0.7292320831293875,0.34525349348189144,0.8059701630126764,0.2592289072462842,0.8919947492482837,0.5033386519318167
s0367,autochthon_left,0.9195,muscle,0.6068461915544202,0.930156580024437,0.5301081116711313,1.0,0.5532583781991157,0.9837443933797415,0.8630338863952559
s0367,autochthon_right,0.8819,muscle,0.6969506147709427,0.9375271484831641,0.6202125348876537,1.0,0.6433628014156382,0.9911149618384686,0.8886216461207439
s0367,colon,0.6437,digestive,0.47080141519394975,0.7189840360518096,0.3940633353106608,0.7957221159350986,0.42552562021376217,0.7642598310319972,0.4498954214600767
s0367,duodenum,0.8072,digestive,0.5810920736223554,0.8646453197324124,0.5043539937390664,0.9413833996157014,0.5358162786421679,0.9099211147126001,0.6126099782133976
s0367,esophagus,0.7885,digestive,0.6217594827566093,0.725753851183422,0.5450214028733203,0.8024919310667109,0.5764836877764217,0.7710296461636095,0.6615681193982589
s0367,heart,0.898,heart,0.7075019860827607,0.9415033283502411,0.6307639061994718,1.0,0.3959593797329183,1.0,0.8565357794522195
s0367,iliopsoas_left,0.6788,muscle,0.5251394425366229,0.6961888832995173,0.44840136265333397,0.7729269631828063,0.47155162918131843,0.7497766966548218,0.4893827798290949
s0367,iliopsoas_right,0.8705,muscle,0.7626346669660712,0.8214901075360656,0.6858965870827822,0.8982281874193545,0.7090468536107667,0.87507792089137,0.8033373536165614
s0367,inferior_vena_cava,0.52,great_vessel,0.46493125869568996,0.6543397366129364,0.388193178812401,0.7310778164962254,0.30216859257679374,0.8171024027318327,0.4456103617015598
s0367,intervertebral_discs,0.6903,vertebrae,0.49192435424410647,0.7440244889847433,0.4151862743608175,0.8207625688680322,0.40802104410382806,0.8279277991250217,0.5661236951939229
s0367,kidney_left,0.9192,urinary,0.5273761365287596,0.9053581219339747,0.45063805664547063,0.9820962018172636,0.3936140383216573,1.0,0.8330281090125109
s0367,kidney_right,0.9209,urinary,0.6728522281588758,0.9314293644911475,0.5961141482755868,1.0,0.5390901299517735,1.0,0.8361807558533602
s0367,liver,0.9373,solid_abdominal,0.824250466972318,0.9427195703918526,0.747512387089029,1.0,0.690827919489486,1.0,0.932752125078543
s0367,lung_left,0.915,lung,0.7277039516632262,0.8894052848655324,0.6509658717799373,0.9661433647488213,0.7074497611230541,0.9096594754057045,0.8204881789161064
s0367,lung_right,0.9245,lung,0.7591821914740404,0.9059605413827325,0.6824441115907515,0.9826986212660215,0.7389280009338683,0.9262147319229046,0.8373827405028758
s0367,pancreas,0.5803,solid_abdominal,0.4941205185016389,0.8160556176509436,0.41738243861834995,0.8927936975342325,0.36069797101880696,0.9494781651337756,0.6332729376950121
s0367,portal_vein_and_splenic_vein,0.4324,great_vessel,0.3465268523237351,0.5625388713230067,0.26978877244044613,0.6392769512062957,0.1837641862048389,0.725301537441903,0.3381323274971258
s0367,small_bowel,0.8171,digestive,0.3749132224408202,0.8591670154244576,0.29817514255753125,0.9359050953077466,0.3296374274606326,0.9044428104046451,0.6812807282859651
s0367,spinal_cord,0.8872,neuro,0.7839707689266037,0.8497900977590841,0.7072326890433147,0.926528177642373,0.7252938073771501,0.9084670593085377,0.791047113745223
s0367,spleen,0.9193,solid_abdominal,0.6594818411383396,0.9271579991929813,0.5827437612550507,1.0,0.5260592936555076,1.0,0.8128355793727232
s0367,stomach,0.866,digestive,0.5411519881665507,0.8679779824064141,0.4644139082832618,0.9447160622897031,0.49587619318636317,0.9132537773866016,0.6846415100373625
s0367,vertebrae,0.821,vertebrae,0.578771768196974,0.8722386258754689,0.502033688313685,0.9489767057587578,0.49486845805669555,0.9561419360157473,0.731643134463155
s0042,adrenal_gland_left,0.7463,urinary,0.2831026576379505,0.7913845821373342,0.22062708941003928,0.8538601503652454,0.09593223625238656,0.9785550035228981,0.6621549503152779
s0042,adrenal_gland_right,0.478,urinary,0.28554242682581477,0.7124723831491078,0.22306685859790354,0.774947951377019,0.09837200544025082,0.8996428045346717,0.5011735935039656
s0042,aorta,0.839,great_vessel,0.8305016229866943,0.8877280132238129,0.768026054758783,0.9502035814517241,0.7336094000543958,0.9846202361561114,0.8765708785222163
s0042,autochthon_left,0.9479,muscle,0.9586611505693855,0.9450726996643088,0.8961855823414743,1.0,0.9008218366839745,1.0,0.9322210721774312
s0042,autochthon_right,0.9443,muscle,0.9483495218600891,0.9433616733693398,0.8858739536321779,1.0,0.8905102079746782,1.0,0.9362629053460806
s0042,colon,0.8663,digestive,0.5785733491457327,0.8312924019470154,0.5160977809178214,0.8937679701749266,0.5744292163839543,0.8354365347087938,0.7251556783485191
s0042,duodenum,0.799,digestive,0.7383346332389303,0.8518453910470833,0.6758590650110191,0.9143209592749946,0.734190500477152,0.8559895238088617,0.7719872118203297
s0042,gallbladder,0.8056,solid_abdominal,0.46870633568482456,0.7826695297943322,0.40623076745691333,0.8451450980222435,0.346925674397082,0.9044501910820748,0.6236824771805878
s0042,iliac_artery_left,0.0,great_vessel,0.040381729212580555,0.5330192841171287,0.0,0.59549485234504,0.0,0.6299115070494272,0.0
s0042,iliopsoas_left,0.8753,muscle,0.7747289260954412,0.9010239184411293,0.71225335786753,0.9634994866690405,0.7168896122100302,0.9588632323265402,0.8604867621755796
s0042,iliopsoas_right,0.875,muscle,0.7812463490490363,0.9010813155534262,0.7187707808211251,0.9635568837813374,0.7234070351636254,0.9589206294388372,0.8262717647003743
s0042,inferior_vena_cava,0.8285,great_vessel,0.7037938767203539,0.8893736028571563,0.6413183084924426,0.9518491710850675,0.6069016537880554,0.9862658257894548,0.7429787797857305
s0042,intervertebral_discs,0.7289,vertebrae,0.6807558127829233,0.8063174769917292,0.6182802445550121,0.8687930452196404,0.6174677954677106,0.8696054943069419,0.7203210174191627
s0042,kidney_left,0.9158,urinary,0.8491691284659358,0.9344005612872097,0.7866935602380246,0.996876129515121,0.6619987070803719,1.0,0.8514637898710206
s0042,kidney_right,0.9061,urinary,0.847486378939228,0.9347030979652017,0.7850108107113167,0.9971786661931129,0.660315957553664,1.0,0.8432321688592225
s0042,liver,0.8435,solid_abdominal,0.8786845652070674,0.9311584299052063,0.8162089969791562,0.9936339981331175,0.7569039039193248,1.0,0.9087439133955489
s0042,lung_right,0.5993,lung,0.04527037859638324,0.5240079327434831,0.0,0.5864835009713943,0.03203481312792696,0.5372434982119394,0.4966154494075038
s0042,pancreas,0.594,solid_abdominal,0.6603189963439056,0.8392894543171346,0.5978434281159943,0.9017650225450459,0.538538335056163,0.9610701156048772,0.7110151949414955
s0042,portal_vein_and_splenic_vein,0.8329,great_vessel,0.39188701713027285,0.8026310250307129,0.3294114489023616,0.8651065932586242,0.29499479419797436,0.8995232479630114,0.6048063834110783
s0042,small_bowel,0.8894,digestive,0.7655163495211121,0.9051194749927893,0.7030407812932009,0.9675950432207006,0.7613722167593338,0.9092636077545677,0.8359810305851576
s0042,spinal_cord,0.8384,neuro,0.8461971361234056,0.8909101378507656,0.7837215678954944,0.9533857060786768,0.8352308379133305,0.9018764360608407,0.8656038327753403
s0042,spleen,0.8111,solid_abdominal,0.7642897078062526,0.9277252876959284,0.7018141395783414,0.9902008559238397,0.64250904651851,1.0,0.8304952856977345
s0042,stomach,0.7784,digestive,0.446415469511822,0.7946483569676707,0.38393990128391076,0.8571239251955819,0.4422713367500436,0.798792489729449,0.6695973190228375
s0042,vertebrae,0.8294,vertebrae,0.7923113389037557,0.8891077912476884,0.7298357706758445,0.9515833594755996,0.729023321588543,0.9523958085629011,0.8282632045499126
s0395,clavicula_left,0.3533,shoulder_bone,0.5440886892513741,0.6696462222271214,0.46735060936808515,0.7463843021104104,0.16263058558483662,1.0,0.3752432190119892
s0395,humerus_left,0.8318,shoulder_bone,0.5690090811851962,0.8578158960012755,0.49227100130190726,0.9345539758845645,0.18755097751865873,1.0,0.7239018300525171
s0395,scapula_left,0.4648,shoulder_bone,0.47568609327900674,0.7562292028955454,0.3989480133957178,0.8329672827788344,0.09422798961246925,1.0,0.5593118192647059
