subject,organ,iou,pred_iou_HistGB,pred_iou_RandomForest
s1417,brain,0.9823,0.9653386520615208,0.955337707142858
s1417,skull,0.9546,0.9446380630921966,0.9324079531746033
s1417,spinal_cord,0.8043,0.8828037072823187,0.7776384879629634
s1417,vertebrae_C1,0.9099,0.9925605607663637,0.8807278793650799
s1417,vertebrae_C2,0.8209,0.7650943197746429,0.6405625546296292
s1075,aorta,0.9865,0.9280768617060737,0.9377462797619055
s1075,autochthon_left,0.951,0.931113819910124,0.9125665797619049
s1075,autochthon_right,0.954,0.9435876031115864,0.9274900997354494
s1075,brachiocephalic_trunk,0.9535,0.8943109989694502,0.9134983341269839
s1075,brachiocephalic_vein_left,0.8935,0.7160456353807789,0.8119635750000002
s1075,brachiocephalic_vein_right,0.8439,0.7835763729263092,0.820744096428572
s1075,brain,0.9723,0.9486885493141426,0.940437142460318
s1075,clavicula_left,0.8539,0.92884834362962,0.9317015837301589
s1075,clavicula_right,0.9355,0.9576020316361341,0.9381373329365078
s1075,common_carotid_artery_left,0.8327,0.9077940241921222,0.8793222452380954
s1075,common_carotid_artery_right,0.8278,0.8906228184364645,0.888257947619048
s1075,costal_cartilages,0.8524,0.7418167297013591,0.7482260342592587
s1075,esophagus,0.8948,0.9009963515126806,0.8945180496031752
s1075,heart,0.0,0.8596772554118459,0.8338550055555551
s1075,lung_lower_lobe_left,0.96,0.9144926697146032,0.8719412841269841
s1075,lung_lower_lobe_right,0.8534,0.6701264837652703,0.660497164153439
s1075,lung_upper_lobe_left,0.9905,1.0,0.9804081177248671
s1075,lung_upper_lobe_right,0.9939,0.9845002148800932,0.9879166084656085
s1075,rib_left_1,0.9063,0.8343492880905038,0.8795997370370371
s1075,rib_left_2,0.9566,0.9747142388579039,0.8875332710317458
s1075,rib_left_3,0.9628,0.9660861474528503,0.936283478571429
s1075,rib_left_4,0.9721,0.8992654194275755,0.9388973633597878
s1075,rib_left_5,0.9787,0.9871386603956679,0.9115262769841267
s1075,rib_left_6,0.9142,0.8617577407806413,0.7740991772366526
s1075,rib_right_1,0.9287,0.8598417967161529,0.9403647656084655
s1075,rib_right_2,0.9536,0.9132148833928205,0.9376166512265517
s1075,rib_right_3,0.96,0.9552393374463529,0.9259564365079367
s1075,rib_right_4,0.9558,0.9687595196407464,0.8982201722222224
s1075,rib_right_5,0.9553,0.7931898295173541,0.7797737523809523
s1075,rib_right_6,0.9227,0.8163066556221521,0.9012027920634921
s1075,scapula_left,0.9307,0.8954105339359757,0.7405363917989424
s1075,scapula_right,0.9509,0.9325903082320609,0.9302000769841273
s1075,skull,0.9318,0.9158263268253751,0.9383788219576709
s1075,spinal_cord,0.9225,0.9400013125026526,0.9284177121693123
s1075,sternum,0.9187,0.7964335755924278,0.8149919928571431
s1075,subclavian_artery_left,0.8439,0.9048820830711541,0.9178375251322759
s1075,subclavian_artery_right,0.9144,0.9297194435947751,0.9221025846560853
s1075,superior_vena_cava,0.9009,0.8969965641045948,0.8654303772486772
s1075,thyroid_gland,0.8778,0.8320123226252498,0.8366755972222222
s1075,trachea,0.9694,0.9455304220020654,0.9023640670634925
s1075,vertebrae_C1,0.8654,0.8429992742438367,0.8414199267195767
s1075,vertebrae_C2,0.9639,0.9579827580317207,0.9555361198412701
s1075,vertebrae_C3,0.9539,0.8873619172578667,0.8419982969576717
s1075,vertebrae_C4,0.9478,0.9372138947318226,0.9446065957671957
s1075,vertebrae_C5,0.9337,0.8911232965475506,0.9310681973544975
s1075,vertebrae_C6,0.9346,0.7463674613974524,0.8100645714285708
s1075,vertebrae_C7,0.9547,0.8970687160341265,0.954962143518518
s1075,vertebrae_T1,0.9692,0.9268635839446882,0.9458827694444443
s1075,vertebrae_T2,0.9706,0.8715368069593734,0.9462920099206338
s1075,vertebrae_T3,0.979,0.9236421601021303,0.9502872000000006
s1075,vertebrae_T4,0.9814,0.9384779162451962,0.9373164126984127
s1075,vertebrae_T5,0.9784,0.9113713460205223,0.9336534678811931
s1075,vertebrae_T6,0.9295,0.6682923035774303,0.72803228531746
s0032,adrenal_gland_left,0.7403,0.6941667959082704,0.653310161904762
s0032,adrenal_gland_right,0.0633,0.45945896528661156,0.452474841269841
s0032,aorta,0.9763,0.9393485108220586,0.9500000466931213
s0032,atrial_appendage_left,0.8195,0.6960492944703291,0.7453222701058192
s0032,autochthon_left,0.9495,0.9621622831263801,0.9562998560846576
s0032,autochthon_right,0.9413,0.9586671393082761,0.9458550298941801
s0032,brachiocephalic_trunk,0.923,0.855957685024611,0.9014280428571431
s0032,brachiocephalic_vein_left,0.9006,0.8609149238968702,0.8144139224386725
s0032,brachiocephalic_vein_right,0.9043,0.8221432538637439,0.8544375944444444
s0032,clavicula_left,0.965,0.970935661645518,0.9629263523809521
s0032,clavicula_right,0.912,0.9522566223449598,0.9460953567460315
s0032,common_carotid_artery_left,0.921,0.7971451645734505,0.8809103642857139
s0032,common_carotid_artery_right,0.9377,0.7742218808061997,0.8824129485449735
s0032,costal_cartilages,0.7611,0.8038328732839154,0.799707883838384
s0032,esophagus,0.7328,0.891982412960679,0.9035370108465606
s0032,heart,0.8777,0.9607179418912432,0.9437687675925918
s0032,humerus_left,0.9549,0.9933484652628131,0.942916826851851
s0032,humerus_right,0.964,0.9916643695714259,0.938537224603174
s0032,iliopsoas_left,0.6608,0.69752190747178,0.691661607936508
s0032,iliopsoas_right,0.5119,0.6508155999510767,0.49024507063492034
s0032,inferior_vena_cava,0.6889,0.9223229697297844,0.8954283412698417
s0032,kidney_left,0.9636,0.8912249353510252,0.9275277083333328
s0032,kidney_right,0.0,0.2970859409483927,0.1947816380952381
s0032,liver,0.907,0.9167846378075765,0.942539876058201
s0032,lung_lower_lobe_left,0.8157,0.8321722665858424,0.9332452634920636
s0032,lung_lower_lobe_right,0.3701,0.8493531044708431,0.8726916208994708
s0032,lung_middle_lobe_right,0.5013,0.8665064342826538,0.8840718805555552
s0032,lung_upper_lobe_left,0.9073,0.8968710841199324,0.809718851190475
s0032,lung_upper_lobe_right,0.8549,0.9583511525817688,0.9495313146825399
s0032,pancreas,0.8333,0.35797021890632824,0.39536019502164477
s0032,pulmonary_vein,0.8147,0.8566619217066112,0.8505166582010582
s0032,rib_left_1,0.8873,0.9298525379861021,0.9175528136243385
s0032,rib_left_10,0.95,0.9156440859230804,0.9607549949134199
s0032,rib_left_11,0.963,0.9779154664608336,0.9469938522486772
s0032,rib_left_12,0.9035,0.876849248209656,0.8442394928571431
s0032,rib_left_2,0.9004,0.7500441965452008,0.7597816484126987
s0032,rib_left_3,0.9453,0.9776427898551984,0.9670153539682537
s0032,rib_left_4,0.9698,0.9421484379926791,0.9639356078042327
s0032,rib_left_5,0.9746,0.9233507876647024,0.9644178058201057
s0032,rib_left_6,0.9675,0.9366965306873688,0.9606571705026458
s0032,rib_left_7,0.9595,0.9323968737926887,0.9631773619047628
s0032,rib_left_8,0.9558,0.8911265319870166,0.9436384210317467
s0032,rib_left_9,0.9701,0.8318870329511177,0.9494964441086688
s0032,rib_right_1,0.8564,0.9133805845316164,0.914231373015873
s0032,rib_right_10,0.9367,0.8742785720812548,0.937431532744108
s0032,rib_right_11,0.904,0.9916718541422683,0.9561421239417995
s0032,rib_right_12,0.9113,1.0,0.9117762699735447
s0032,rib_right_2,0.9554,0.967829533598015,0.9645704603174607
s0032,rib_right_3,0.968,0.9762740259498015,0.9647810246031742
s0032,rib_right_4,0.9661,0.8788400679345372,0.9602010936507923
s0032,rib_right_5,0.9625,0.9035989004210223,0.9597632416666672
s0032,rib_right_6,0.9674,0.9132044815561181,0.9585054706349202
s0032,rib_right_7,0.9704,0.9570887106781534,0.9609793230158729
s0032,rib_right_8,0.972,0.9510461081736679,0.957312351587301
s0032,rib_right_9,0.9722,0.9294552917980543,0.952539806349206
s0032,scapula_left,0.9436,0.9762388303376482,0.9545790154761908
s0032,scapula_right,0.9294,0.9833741463710399,0.9529369075396825
s0032,skull,0.9697,0.9600304007106093,0.9327256519841269
s0032,spinal_cord,0.9106,0.9193591214982593,0.9315200003968258
s0032,spleen,0.8031,0.9473474142634511,0.9532913279100526
s0032,sternum,0.9223,0.9372975478274809,0.9333191396825395
s0032,stomach,0.7727,0.9047797139871809,0.9036483776455022
s0032,subclavian_artery_left,0.9155,0.9186311820312194,0.9131311627344874
s0032,subclavian_artery_right,0.9037,0.919467518867307,0.8954262939153441
s0032,superior_vena_cava,0.9001,0.926724644942756,0.8316040575396825
s0032,thyroid_gland,0.7381,0.7866104033574236,0.8076701272486771
s0032,trachea,0.9689,0.9443271838833791,0.951309004761904
s0032,vertebrae_C4,0.9231,0.9372923157758242,0.7681363249999998
s0032,vertebrae_C5,0.8818,0.9919652717446528,0.8850191105820095
s0032,vertebrae_C6,0.9317,0.9725913708291678,0.9231526817460317
s0032,vertebrae_C7,0.9465,0.9599021645802672,0.8993174835978838
s0032,vertebrae_L1,0.9817,0.9411232063938194,0.9182313957671954
s0032,vertebrae_T1,0.9696,0.9530131145479873,0.9586511900793655
s0032,vertebrae_T10,0.9791,0.9822734571592188,0.934215312698413
s0032,vertebrae_T11,0.9842,0.9729711138047706,0.9420752440957197
s0032,vertebrae_T12,0.9817,0.9664285071080577,0.9390358698412701
s0032,vertebrae_T2,0.9681,0.95151560850647,0.8523446261904762
s0032,vertebrae_T3,0.9776,0.9515494992763737,0.948124048544974
s0032,vertebrae_T4,0.9756,0.9549459848412446,0.9293030874338626
s0032,vertebrae_T5,0.9765,0.9692434203342687,0.9559033273809526
s0032,vertebrae_T6,0.9777,0.9724817308850557,0.9585367309523815
s0032,vertebrae_T7,0.9765,0.9604688613449027,0.9406017726190473
s0032,vertebrae_T8,0.9785,0.9423308402300764,0.9523610214285714
s0032,vertebrae_T9,0.9798,0.9811136541479792,0.9334387091269846
s0095,adrenal_gland_left,0.8539,0.8559393915930897,0.8645934988095239
s0095,adrenal_gland_right,0.7976,0.8611427658543868,0.8523135746031746
s0095,aorta,0.9788,0.9718148738909792,0.9655139287037042
s0095,atrial_appendage_left,0.9343,0.8815780532432701,0.9099748293650788
s0095,autochthon_left,0.9535,0.9264261099268415,0.9427441232804235
s0095,autochthon_right,0.9414,0.9405271700175311,0.9437305558201058
s0095,brachiocephalic_trunk,0.9301,0.9133461771287887,0.92247585
s0095,brachiocephalic_vein_left,0.9539,0.846247565296506,0.8779814604497354
s0095,brachiocephalic_vein_right,0.8915,0.8766559395824204,0.8828419109788361
s0095,clavicula_left,0.9712,0.9255406478605948,0.9557528116402113
s0095,clavicula_right,0.9638,0.9018685347028031,0.9511378071428567
s0095,colon,0.8942,0.8934117200086391,0.8936342568783071
s0095,common_carotid_artery_left,0.8212,0.7875411187682536,0.7490281432539683
s0095,common_carotid_artery_right,0.907,0.898483780073084,0.9058632174603171
s0095,costal_cartilages,0.8197,0.846724713571513,0.8313823185185188
s0095,duodenum,0.7673,0.8828091286860621,0.8543237976190475
s0095,esophagus,0.9224,0.876224396510025,0.9254556051587299
s0095,femur_left,0.9821,0.993798654867143,0.9619401825396826
s0095,femur_right,0.9612,0.9971924982653428,0.9639513869047621
s0095,gallbladder,0.4064,0.846782522703029,0.8342077900793654
s0095,gluteus_maximus_left,0.9541,0.871318555682556,0.9223999876984127
s0095,gluteus_maximus_right,0.9393,0.940263559277259,0.9240029337301591
s0095,gluteus_medius_left,0.9401,0.9093100997021574,0.9193118611111101
s0095,gluteus_medius_right,0.9194,0.9125778310959101,0.937691508597883
s0095,gluteus_minimus_left,0.94,0.881733906628299,0.890238574206349
s0095,gluteus_minimus_right,0.9348,0.9232398497431675,0.9268162862433859
s0095,heart,0.9307,0.9179464111190914,0.9380566992063494
s0095,hip_left,0.9725,0.9743507262287697,0.9681609634920634
s0095,hip_right,0.9753,0.9912707123119905,0.9745439095238099
s0095,humerus_left,0.9515,0.9414442109624113,0.8940190037037039
s0095,humerus_right,0.9233,0.9165903875419663,0.8634102199735452
s0095,iliac_artery_left,0.9206,0.9328189001817292,0.9304558867724868
s0095,iliac_artery_right,0.9353,0.9289521837561409,0.8923231140211635
s0095,iliac_vena_left,0.9031,0.839037337788719,0.9114679555555554
s0095,iliac_vena_right,0.9168,0.8890231058352759,0.9155760568783069
s0095,iliopsoas_left,0.9511,0.9332168715420753,0.9585640380952389
s0095,iliopsoas_right,0.9561,0.9592284551973121,0.9582673125661383
s0095,inferior_vena_cava,0.8334,0.9110284268301637,0.8983931667989418
s0095,kidney_left,0.9573,0.9431825123324258,0.9406521396825401
s0095,kidney_right,0.9761,0.9578834776604074,0.9486707190476192
s0095,liver,0.9629,0.9513615171586566,0.9726419189153436
s0095,lung_lower_lobe_left,0.9711,1.0,0.9530904437830683
s0095,lung_lower_lobe_right,0.9792,0.9806153477967466,0.963563120767196
s0095,lung_middle_lobe_right,0.9493,0.9663340055300397,0.9694593120370371
s0095,lung_upper_lobe_left,0.9909,0.988829736830435,0.9841372554232803
s0095,lung_upper_lobe_right,0.9851,0.9989006229627972,0.98516453505291
s0095,pancreas,0.8742,0.8655610699645906,0.8610756623015874
s0095,portal_vein_and_splenic_vein,0.7385,0.7389230947538686,0.7604807630952383
s0095,prostate,0.8152,0.7879691972521263,0.8297375129629633
s0095,pulmonary_vein,0.9243,0.9000258407611161,0.8744829615079358
s0095,rib_left_1,0.9183,0.944904180157918,0.9332460123015874
s0095,rib_left_10,0.9372,0.8438174011962429,0.8407062968253973
s0095,rib_left_11,0.6096,0.500911870086783,0.5994850182539686
s0095,rib_left_12,0.6074,0.6561414113228974,0.7033034215608468
s0095,rib_left_2,0.9442,0.9597224916722421,0.9576276794372296
s0095,rib_left_3,0.925,0.897380748671884,0.8947674996031738
s0095,rib_left_4,0.9479,0.9091791037556083,0.8988807671957666
s0095,rib_left_5,0.9457,0.8830878852664868,0.8226681796296295
s0095,rib_left_6,0.9431,0.9308726306394594,0.9299658830687833
s0095,rib_left_7,0.9477,0.9732595487511722,0.9467789924603176
s0095,rib_left_8,0.9371,0.7059562789104847,0.6751024231481483
s0095,rib_left_9,0.9185,0.7768648879290159,0.7950493075396831
s0095,rib_right_1,0.9274,0.9254248392951586,0.9479553816137563
s0095,rib_right_10,0.0034,0.8397781447277014,0.8598881436026943
s0095,rib_right_11,0.0,0.456914294034674,0.4962520003968259
s0095,rib_right_12,0.0699,0.47823970283706474,0.5116871208994712
s0095,rib_right_2,0.925,0.9533749299757645,0.93127900489418
s0095,rib_right_3,0.8899,0.9222893879495301,0.8984647232804229
s0095,rib_right_4,0.9155,0.8949688521860003,0.8312229238095238
s0095,rib_right_5,0.8196,0.8231736782397822,0.7428979833333337
s0095,rib_right_6,0.6027,0.5473454200158314,0.5402309297619043
s0095,rib_right_7,0.4865,0.5140695430586831,0.5335727166666663
s0095,rib_right_8,0.3716,0.4955180581876303,0.548314667063492
s0095,rib_right_9,0.1757,0.4412255852230957,0.4997556674603172
s0095,sacrum,0.9076,0.8602742393804634,0.8622474537037037
s0095,scapula_left,0.9045,0.9518680471849696,0.9450562599206346
s0095,scapula_right,0.8931,0.9693719755286088,0.9374317410052915
s0095,skull,0.9564,0.9632107227141603,0.9248906365079363
s0095,small_bowel,0.9178,0.8749563500735626,0.8919920579365082
s0095,spinal_cord,0.9273,0.9402517550740482,0.9297442830687834
s0095,spleen,0.9133,0.9297550293893402,0.9426945805555562
s0095,sternum,0.9208,0.9516929649692137,0.9327500511904765
s0095,stomach,0.9482,0.9273229377221904,0.9340288111111115
s0095,subclavian_artery_left,0.931,0.9176758099421964,0.9235372261904761
s0095,subclavian_artery_right,0.9338,0.923959835515496,0.9337000103174606
s0095,superior_vena_cava,0.9694,0.8953617102244644,0.9181378138888887
s0095,thyroid_gland,0.8499,0.8446571370859759,0.8041236863756617
s0095,trachea,0.9636,0.9930951697585807,0.9428542806878306
s0095,urinary_bladder,0.9488,0.8380742556831097,0.9122710416666664
s0095,vertebrae_C7,0.8975,0.934511373243464,0.9182208992063497
s0095,vertebrae_L1,0.0825,0.2769826099766598,0.5002825194444448
s0095,vertebrae_L2,0.4368,0.9389631463807905,0.9501277865079362
s0095,vertebrae_L3,0.7681,0.944508068135486,0.9535241099206346
s0095,vertebrae_L4,0.9655,0.948401805599118,0.9686889157407406
s0095,vertebrae_L5,0.9576,0.9561911748578594,0.967843655952381
s0095,vertebrae_S1,0.8994,0.9711640070725441,0.9677217870370377
s0095,vertebrae_T1,0.9399,0.9741582737650257,0.9575802742063491
s0095,vertebrae_T10,0.9428,0.9124906177033638,0.9583920777777778
s0095,vertebrae_T11,0.7106,0.9090567545823134,0.9534560785714286
s0095,vertebrae_T12,0.2888,0.9330274024285331,0.9548638074074071
s0095,vertebrae_T2,0.9666,0.9846185620429303,0.9573844775132274
s0095,vertebrae_T3,0.9567,0.9758124058322354,0.962204841402117
s0095,vertebrae_T4,0.952,0.9085420409039208,0.941933112698413
s0095,vertebrae_T5,0.9181,0.8677005323340583,0.9195605067460318
s0095,vertebrae_T6,0.9183,0.846464189388163,0.8817762162217417
s0095,vertebrae_T7,0.92,0.6661834184477896,0.7271551981481482
s0095,vertebrae_T8,0.8588,0.5992831544197879,0.7221499497354493
s0095,vertebrae_T9,0.829,0.7038079103931235,0.7654414798941797
s0991,adrenal_gland_left,0.9034,0.8437852390706595,0.8797695321428562
s0991,adrenal_gland_right,0.8958,0.8862931720213478,0.8709543273809518
s0991,aorta,0.9756,0.9722471808160024,0.9681242003968248
s0991,atrial_appendage_left,0.9371,0.9106232254423031,0.9022052972222224
s0991,autochthon_left,0.9692,0.9652738502545983,0.9678249859788364
s0991,autochthon_right,0.967,0.9663232116413076,0.960347566269841
s0991,brachiocephalic_trunk,0.9076,0.8220248646919438,0.8787532530423283
s0991,brachiocephalic_vein_left,0.9409,0.9147895330823158,0.9254404373015876
s0991,brachiocephalic_vein_right,0.9139,0.8526014507951892,0.843570688888889
s0991,clavicula_left,0.9728,0.967017628103377,0.9669291379629628
s0991,clavicula_right,0.9742,0.9591831889736947,0.9617003432539684
s0991,colon,0.8085,0.8879475774249751,0.8835460126984125
s0991,common_carotid_artery_left,0.9203,0.905980612006676,0.9196425042207801
s0991,common_carotid_artery_right,0.8517,0.8554659502767128,0.8708523390211639
s0991,costal_cartilages,0.9006,0.8887614027959302,0.8878120897306396
s0991,duodenum,0.7737,0.8636833262163229,0.8509856464405966
s0991,esophagus,0.9321,0.8998411048332814,0.8995745137445887
s0991,femur_left,0.9148,0.9364207854434721,0.9131198523809521
s0991,femur_right,0.9861,0.9692409964169286,0.9546046866402118
s0991,gallbladder,0.9085,0.8421771650922204,0.8996535547619046
s0991,gluteus_maximus_left,0.9667,0.9426226779147746,0.9557502599206341
s0991,gluteus_maximus_right,0.9677,0.9539162056129356,0.9620654334656082
s0991,gluteus_medius_left,0.9538,0.9555674098542971,0.9495499039682533
s0991,gluteus_medius_right,0.967,0.9633664912015412,0.9478255119047623
s0991,gluteus_minimus_left,0.9172,0.8399554116803526,0.884394138115588
s0991,gluteus_minimus_right,0.9493,0.9335144979765153,0.9022612988095237
s0991,heart,0.9431,0.9336391814711138,0.9362420736772487
s0991,hip_left,0.9707,0.9514889706524459,0.9448393761904768
s0991,hip_right,0.984,0.990297201912835,0.973869754232804
s0991,humerus_left,0.9665,0.9325767587363555,0.9337840773809511
s0991,humerus_right,0.9673,0.8651100149916201,0.869774894179894
s0991,iliac_artery_left,0.8791,0.9028241923267081,0.9142264480158732
s0991,iliac_artery_right,0.9096,0.9087433145816376,0.9129834478835978
s0991,iliac_vena_left,0.8875,0.8909166046722559,0.887933346560845
s0991,iliac_vena_right,0.9309,0.8810073811221495,0.8758780085978831
s0991,iliopsoas_left,0.9569,0.949937045627241,0.9530194148148141
s0991,iliopsoas_right,0.9676,0.9598060449471546,0.9590587865079364
s0991,inferior_vena_cava,0.951,0.93391537068941,0.9243491694444449
s0991,kidney_left,0.9861,0.9637942231806456,0.9773540685185182
s0991,kidney_right,0.987,0.9780428380362731,0.9787081173280417
s0991,liver,0.9867,0.9868863682437832,0.9837534994709
s0991,lung_lower_lobe_left,0.9924,0.9882739691440324,0.9871339812169322
s0991,lung_lower_lobe_right,0.9911,0.9814163168468418,0.9872584724867725
s0991,lung_middle_lobe_right,0.9774,0.9750378832711563,0.9720873314814812
s0991,lung_upper_lobe_left,0.9946,0.9891322020459756,0.9871186291005292
s0991,lung_upper_lobe_right,0.9879,0.9850746805336592,0.980814657840308
s0991,pancreas,0.9301,0.8990900841078597,0.8889459650793653
s0991,portal_vein_and_splenic_vein,0.8941,0.8640465943320876,0.8703151312169319
s0991,pulmonary_vein,0.9477,0.8650286593949433,0.9035119354497353
s0991,rib_left_1,0.9429,0.9319031044010935,0.9331087412698413
s0991,rib_left_10,0.9798,0.9696119790409432,0.9692831900312645
s0991,rib_left_11,0.9741,0.9691016821056113,0.966595439550265
s0991,rib_left_12,0.9426,0.9239717583278342,0.9327455805555555
s0991,rib_left_2,0.9742,0.9387760383239975,0.9590021460317454
s0991,rib_left_3,0.9665,0.9488961713402876,0.9514971914021166
s0991,rib_left_4,0.9715,0.9519031673535158,0.9661385603174606
s0991,rib_left_5,0.9737,0.9688201380078804,0.9673017059523804
s0991,rib_left_6,0.9741,0.9763105036491337,0.9665651341269847
s0991,rib_left_7,0.9722,0.9646151505796025,0.9657165189754687
s0991,rib_left_8,0.9738,0.9832388440165997,0.962955598737373
s0991,rib_left_9,0.9791,0.9676768863895489,0.9700570644901404
s0991,rib_right_1,0.9134,0.9259659431816122,0.9461857869047621
s0991,rib_right_10,0.9663,0.8584232253050029,0.9493267555555557
s0991,rib_right_11,0.9599,0.8742451405837416,0.9245952793650792
s0991,rib_right_12,0.9629,0.9369128045554186,0.9448098566137559
s0991,rib_right_2,0.9563,0.9523977961459247,0.9575444553751797
s0991,rib_right_3,0.9714,0.9598454502367545,0.9619444097883606
s0991,rib_right_4,0.9701,0.9593849824377542,0.9674043920634926
s0991,rib_right_5,0.9652,0.9532734656462873,0.9636523436507942
s0991,rib_right_6,0.9656,0.9263607332846568,0.9419597645502644
s0991,rib_right_7,0.9723,0.9757494736591691,0.9663608487373733
s0991,rib_right_8,0.9785,0.9791991113271695,0.9546519007215007
s0991,rib_right_9,0.9792,0.9700823887792538,0.9642961349206357
s0991,sacrum,0.9376,0.9224407316643817,0.9367062964285717
s0991,scapula_left,0.9698,0.9583143376078833,0.961486277777778
s0991,scapula_right,0.9696,0.9601417552170554,0.9596691952380952
s0991,small_bowel,0.8187,0.921502454899036,0.9030226246031744
s0991,spinal_cord,0.9629,0.9475039229195497,0.950115881746031
s0991,spleen,0.9866,0.9770029453126575,0.9795980619047617
s0991,sternum,0.9215,0.9372287118225501,0.9377487858465603
s0991,stomach,0.9678,0.9694116982044341,0.9358752537037035
s0991,subclavian_artery_left,0.893,0.919274029724355,0.8997907186507937
s0991,subclavian_artery_right,0.8854,0.8945243834324929,0.8884582241943237
s0991,superior_vena_cava,0.9532,0.9268470141990005,0.9244094694444444
s0991,thyroid_gland,0.8151,0.9225544774794588,0.8364086325396823
s0991,trachea,0.98,0.9435505963930447,0.9621307103174606
s0991,urinary_bladder,0.9215,0.7819635594627209,0.8646497211640211
s0991,vertebrae_C7,0.9739,1.0,0.8843290249999999
s0991,vertebrae_L1,0.9822,0.9804738045776616,0.9822277960317465
s0991,vertebrae_L2,0.9861,0.9830577140165986,0.9846036224867721
s0991,vertebrae_L3,0.9833,0.9769215957232324,0.9816051654761905
s0991,vertebrae_L4,0.9798,0.9773134590549962,0.9790373701058195
s0991,vertebrae_L5,0.9764,0.9724579033871434,0.9655015955026452
s0991,vertebrae_S1,0.9348,0.9789526216030667,0.9756608203102456
s0991,vertebrae_T1,0.9784,0.9576026194995991,0.9214630013227522
s0991,vertebrae_T10,0.9689,0.9737603029424143,0.976759749867724
s0991,vertebrae_T11,0.9761,0.9818274288704644,0.9684537773809522
s0991,vertebrae_T12,0.9804,0.9581479967132309,0.9681209686507933
s0991,vertebrae_T2,0.9833,0.9556121717598424,0.9655230166666666
s0991,vertebrae_T3,0.9855,0.9847955109691156,0.9645995743386238
s0991,vertebrae_T4,0.9808,0.9268774799063929,0.9645375230158734
s0991,vertebrae_T5,0.9831,0.9537010906219259,0.9543491863756614
s0991,vertebrae_T6,0.9811,0.951194421732961,0.9569302096560851
s0991,vertebrae_T7,0.977,0.9702109411184551,0.977969967063492
s0991,vertebrae_T8,0.9748,0.9595139122213246,0.9709504937830679
s0991,vertebrae_T9,0.9753,0.9651847291620199,0.9696654052910049
s0119,adrenal_gland_left,0.9136,0.8866165361228983,0.8908436313492065
s0119,adrenal_gland_right,0.8744,0.8898485591370403,0.8397296837301582
s0119,aorta,0.9611,0.9199893206633377,0.9161564882275127
s0119,atrial_appendage_left,0.8839,0.8671387629017377,0.7497581865079364
s0119,autochthon_left,0.9757,0.9617709764000721,0.9732295571428569
s0119,autochthon_right,0.975,0.9620302111554336,0.973159802777777
s0119,colon,0.9119,0.9253466392639137,0.9094524119047619
s0119,costal_cartilages,0.8946,0.9211428469101994,0.8944513956349213
s0119,duodenum,0.8443,0.8966126935844172,0.887782623941799
s0119,esophagus,0.9493,0.9363526847959337,0.8852985912698415
s0119,femur_left,0.9817,0.9797084709576502,0.9840313092592593
s0119,femur_right,0.9858,0.9858220452660755,0.9850457289682547
s0119,gallbladder,0.953,0.9445332486634259,0.8942085313492051
s0119,gluteus_maximus_left,0.9681,0.9723080540024952,0.9699239843915344
s0119,gluteus_maximus_right,0.9724,0.9798321520208277,0.9729318718253971
s0119,gluteus_medius_left,0.9656,0.9616727863697075,0.965832283333334
s0119,gluteus_medius_right,0.9699,0.9612090886611778,0.966102602248678
s0119,gluteus_minimus_left,0.9344,0.920421245903153,0.9360642968253969
s0119,gluteus_minimus_right,0.9561,0.9332796903791492,0.8946753744708995
s0119,heart,0.9473,0.9199194764169848,0.883478794708995
s0119,hip_left,0.9797,0.9821209326394785,0.9814962684583942
s0119,hip_right,0.9795,0.9824727847846159,0.9815313674603173
s0119,iliac_artery_left,0.8824,0.8806040344218157,0.8959831134920633
s0119,iliac_artery_right,0.9121,0.8408859749069104,0.8629701452380948
s0119,iliac_vena_left,0.9262,0.8971971909286751,0.9116671624338625
s0119,iliac_vena_right,0.9118,0.9038175584411916,0.8981888592592591
s0119,iliopsoas_left,0.9663,0.9606088174649243,0.9599991392857138
s0119,iliopsoas_right,0.9702,0.9577818207403132,0.9668468854497346
s0119,inferior_vena_cava,0.9367,0.9289649701098511,0.9221732134920637
s0119,kidney_cyst_left,0.5004,0.909102201474474,0.9319618986772478
s0119,kidney_cyst_right,0.0092,0.11484257837034423,0.2732849337301587
s0119,kidney_left,0.8679,0.9262244353040698,0.8969172121693126
s0119,kidney_right,0.9663,0.9643442457161349,0.9702528574074061
s0119,liver,0.9874,0.977264946384938,0.983266268121693
s0119,lung_lower_lobe_left,0.9838,0.9368608894873162,0.9737362611111111
s0119,lung_lower_lobe_right,0.9881,0.9827067159109617,0.9783045198412702
s0119,lung_middle_lobe_right,0.9732,0.975758304941444,0.9724619882275133
s0119,lung_upper_lobe_left,0.9817,0.9816622616982729,0.9605072076719584
s0119,lung_upper_lobe_right,0.7746,0.7721869930305676,0.8651239436507939
s0119,pancreas,0.9458,0.8633376341824169,0.8788662669312166
s0119,portal_vein_and_splenic_vein,0.8899,0.8738399883291247,0.8833999859788366
s0119,prostate,0.7689,0.7598839945108853,0.8221026638888888
s0119,pulmonary_vein,0.9157,0.8571695563848347,0.8789326920634918
s0119,rib_left_10,0.9733,0.9674931886868671,0.9638701399831647
s0119,rib_left_11,0.9623,0.9396852399848573,0.9612799444444441
s0119,rib_left_12,0.9394,0.9673516421610395,0.9606459129629628
s0119,rib_left_4,0.9571,0.808061682760641,0.9111498039682544
s0119,rib_left_5,0.9734,0.9589706478527974,0.966200133225109
s0119,rib_left_6,0.9798,0.9255110219149499,0.9661949778138537
s0119,rib_left_7,0.9805,0.951337429122885,0.9647304405122654
s0119,rib_left_8,0.9736,0.96781004955368,0.9692443121693124
s0119,rib_left_9,0.9658,0.9319620858257487,0.9673114457671959
s0119,rib_right_10,0.9773,0.9670756426030184,0.9668927630471373
s0119,rib_right_11,0.9419,0.9541426264029642,0.9599439404761898
s0119,rib_right_12,0.9564,0.9678949646908727,0.9618621740740739
s0119,rib_right_4,0.9358,0.8416050766652947,0.9054350690476184
s0119,rib_right_5,0.9704,0.9345210849481483,0.9619138531866279
s0119,rib_right_6,0.9741,0.9742774149808869,0.9686082110389619
s0119,rib_right_7,0.9824,0.9673184318847406,0.9697471429894174
s0119,rib_right_8,0.9797,0.9609847769413161,0.9702571698412701
s0119,rib_right_9,0.978,0.9634969452577824,0.9697707712962963
s0119,sacrum,0.956,0.9363097303077423,0.9420814567941326
s0119,scapula_left,0.9721,0.8955579523229892,0.9273094634920638
s0119,scapula_right,0.9544,0.9283198015871258,0.918545543121693
s0119,small_bowel,0.9119,0.894327835217864,0.8895646122655123
s0119,spinal_cord,0.9424,0.9585640992305096,0.9519546944444442
s0119,spleen,0.9861,0.9327900768226349,0.9284054955026462
s0119,sternum,0.8807,0.9190352275060117,0.9191213644179894
s0119,stomach,0.9814,0.9277896318099246,0.9578267523809529
s0119,superior_vena_cava,0.8174,0.7963452206483534,0.5096213164862912
s0119,urinary_bladder,0.9621,0.9123579398195981,0.9458582661375656
s0119,vertebrae_L1,0.9869,0.9727941186253471,0.9833892313492062
s0119,vertebrae_L2,0.9844,0.9867527933835256,0.9841391805555559
s0119,vertebrae_L3,0.9852,0.9665426767000295,0.9697728170634925
s0119,vertebrae_L4,0.9838,0.9808126202326872,0.9840778509259261
s0119,vertebrae_L5,0.9859,0.9651001148685168,0.9727747284391537
s0119,vertebrae_S1,0.9492,0.9693181304401204,0.9536488953703707
s0119,vertebrae_T10,0.9857,0.983029829265074,0.9788762669312167
s0119,vertebrae_T11,0.984,0.9799235230790329,0.9785590272486764
s0119,vertebrae_T12,0.9867,0.9848362777470773,0.9797144091269839
s0119,vertebrae_T7,0.9225,0.7394588828583878,0.8033995650673398
s0119,vertebrae_T8,0.985,0.9856396953907738,0.9654822244708985
s0119,vertebrae_T9,0.9833,0.9795300067361156,0.9721251037037028
s0244,adrenal_gland_left,0.9156,0.9150375875699037,0.8916456759259255
s0244,adrenal_gland_right,0.9227,0.9064047711797113,0.898094999603175
s0244,aorta,0.939,0.943903323947763,0.9403078986652236
s0244,autochthon_left,0.9746,0.9638831000017312,0.9658121706349203
s0244,autochthon_right,0.9699,0.9605192861505741,0.9681499535714289
s0244,colon,0.9116,0.9258509905765453,0.824930053571429
s0244,costal_cartilages,0.9039,0.8545763216063689,0.8752768930375191
s0244,duodenum,0.9131,0.8816609368357724,0.8768053936507934
s0244,esophagus,0.9588,0.9216499975356067,0.8741652840668597
s0244,femur_left,0.9874,0.9868541326766873,0.984964336243386
s0244,femur_right,0.9865,0.9854199379021167,0.9858990548941794
s0244,gallbladder,0.8954,0.9432117354650077,0.8761105166666667
s0244,gluteus_maximus_left,0.967,0.965598161854598,0.9657065781746036
s0244,gluteus_maximus_right,0.9686,0.964437487610466,0.9729472333333334
s0244,gluteus_medius_left,0.966,0.9583647140349356,0.9614340343915344
s0244,gluteus_medius_right,0.9685,0.9661986249896822,0.9650986626984127
s0244,gluteus_minimus_left,0.9446,0.9270048030268294,0.9352081265873022
s0244,gluteus_minimus_right,0.955,0.9535817976150168,0.9394571001322752
s0244,heart,0.8564,0.8793697525568922,0.923159820370371
s0244,hip_left,0.9837,0.9862540374414203,0.9804543910052911
s0244,hip_right,0.9829,0.984539135115416,0.9791621133597882
s0244,iliac_artery_left,0.9452,0.9130187256728685,0.9119872916666674
s0244,iliac_artery_right,0.9302,0.9118145982935977,0.9120106132635886
s0244,iliac_vena_left,0.9258,0.864100004967357,0.8930827608465607
s0244,iliac_vena_right,0.8959,0.8365412984330626,0.863934088492064
s0244,iliopsoas_left,0.9712,0.9467941206008557,0.9583222500360749
s0244,iliopsoas_right,0.9721,0.9620826026223132,0.9555584636243386
s0244,inferior_vena_cava,0.9605,0.9334110274787852,0.9259300378667629
s0244,kidney_cyst_right,0.0,0.3358636750350301,0.32863757976190494
s0244,kidney_left,0.9759,0.9517998041610017,0.9459704666666668
s0244,kidney_right,0.947,0.9511779604656043,0.9444551734487737
s0244,liver,0.9863,0.988297583397985,0.9801931731481481
s0244,lung_lower_lobe_left,0.9742,1.0,0.9525925952380955
s0244,lung_lower_lobe_right,0.9931,0.9993934562935274,0.9794923455026462
s0244,lung_middle_lobe_right,0.9781,0.9371956931642003,0.914475387469938
s0244,lung_upper_lobe_left,0.9888,0.8886111814059724,0.9055138441798942
s0244,pancreas,0.9302,0.8975414900970122,0.8976972611111108
s0244,portal_vein_and_splenic_vein,0.8948,0.8630335306867903,0.8346041197450697
s0244,prostate,0.8573,0.8367747423536909,0.7673079357142851
s0244,rib_left_10,0.9709,0.9776081816800725,0.9700822085978833
s0244,rib_left_11,0.9747,0.9546828747889129,0.9681566510582013
s0244,rib_left_12,0.9031,0.9550365537135656,0.9529610173280427
s0244,rib_left_7,0.9441,0.8912757173869262,0.8944164154761908
s0244,rib_left_8,0.9752,0.9626990996676964,0.9470920835978831
s0244,rib_left_9,0.956,1.0,0.9713433608465607
s0244,rib_right_10,0.9661,0.9648710573407002,0.9694345793650793
s0244,rib_right_11,0.9648,0.9559125070670088,0.955899766137566
s0244,rib_right_12,0.9581,0.9649055906428227,0.9345032878306871
s0244,rib_right_7,0.9605,1.0,0.9357813217291969
s0244,rib_right_8,0.9458,0.9693636202685812,0.9618485383597889
s0244,rib_right_9,0.9779,0.9738465581264961,0.9709751755290998
s0244,sacrum,0.9339,0.9389376237359525,0.9432451736772492
s0244,small_bowel,0.9279,0.8153282236033904,0.8649329988095237
s0244,spinal_cord,0.9561,0.9285244209266468,0.9282540538359789
s0244,spleen,0.9881,0.9638004083430735,0.9727029497354504
s0244,stomach,0.9605,0.9576416752137761,0.9394304373015868
s0244,urinary_bladder,0.9259,0.982084541107989,0.9329620568903317
s0244,vertebrae_L1,0.9838,0.9770369295196951,0.9852684666426171
s0244,vertebrae_L2,0.9879,0.9858175845650395,0.9848037048941806
s0244,vertebrae_L3,0.9874,0.9805236286108358,0.9830557133597885
s0244,vertebrae_L4,0.9841,0.9792165869931357,0.98109638941799
s0244,vertebrae_L5,0.9801,0.9908906938244729,0.981735229232804
s0244,vertebrae_S1,0.9411,0.9687871495646981,0.9505151620370372
s0244,vertebrae_T10,0.9801,0.9963234812719154,0.974706122486772
s0244,vertebrae_T11,0.9846,0.9843753767336618,0.9818175239417987
s0244,vertebrae_T12,0.9847,0.9802979224040432,0.978042058862434
s0244,vertebrae_T9,0.9813,0.9126049140998562,0.9081782792328045
s0675,adrenal_gland_left,0.9054,0.8247587661979807,0.7797937111111107
s0675,adrenal_gland_right,0.8071,0.7898612298707658,0.8170433623015875
s0675,aorta,0.9755,0.960068044683033,0.9586630429894183
s0675,atrial_appendage_left,0.9183,0.8393225727356335,0.8508679
s0675,autochthon_left,0.9615,0.9651371619779464,0.9504836875661374
s0675,autochthon_right,0.9643,0.9535745718967633,0.9447777288563297
s0675,brachiocephalic_trunk,0.8762,0.9147462181874289,0.8217347099206344
s0675,brachiocephalic_vein_left,0.8566,0.8846762887948272,0.8291915033068787
s0675,brachiocephalic_vein_right,0.7892,0.7675290763892838,0.814203418386243
s0675,clavicula_left,0.9515,0.8863450499552333,0.9474021428330929
s0675,clavicula_right,0.9679,0.9698262176385304,0.9603255115079364
s0675,colon,0.9348,0.8708604968258864,0.8546557262866755
s0675,common_carotid_artery_left,0.7554,0.7459111264570659,0.6837092092592597
s0675,common_carotid_artery_right,0.8914,0.7490898283446222,0.7973230261904761
s0675,costal_cartilages,0.8605,0.8212425532447246,0.8514717685185182
s0675,duodenum,0.7738,0.54400665333069,0.6743560492063494
s0675,esophagus,0.9293,0.9180366692645564,0.9211711275974028
s0675,gallbladder,0.9601,0.7886547241814184,0.7661147047619046
s0675,heart,0.9246,0.8188400229325893,0.8829243410052908
s0675,humerus_left,0.6724,0.8499907285793202,0.8220691828042329
s0675,humerus_right,0.918,0.9533751653497164,0.9317569607142857
s0675,iliopsoas_left,0.8885,0.7134804878160842,0.6872225341269839
s0675,iliopsoas_right,0.8523,0.9432362323057868,0.7866653345238096
s0675,inferior_vena_cava,0.9109,0.8899353709499049,0.8845847902116397
s0675,kidney_left,0.9796,0.9441208029680409,0.9197837358465616
s0675,kidney_right,0.9719,0.8302792979394434,0.800186039153439
s0675,liver,0.9832,0.973044781272153,0.9619192599206347
s0675,lung_lower_lobe_left,0.9734,0.9874591111741836,0.9812225144179894
s0675,lung_lower_lobe_right,0.9847,0.9877547060137768,0.9870737308201065
s0675,lung_middle_lobe_right,0.9695,0.977998973704782,0.9624891817460312
s0675,lung_upper_lobe_left,0.9902,0.991962294347917,0.9831739570105812
s0675,lung_upper_lobe_right,0.9857,0.9867318620944895,0.9820526916666662
s0675,pancreas,0.9251,0.8326945702125549,0.8537443420634921
s0675,portal_vein_and_splenic_vein,0.6827,0.5141885444600228,0.6544695281746029
s0675,pulmonary_vein,0.9376,0.8776548159064883,0.836498466895142
s0675,rib_left_1,0.9544,0.9222344255870886,0.9237733050264548
s0675,rib_left_10,0.7699,0.8208489668631599,0.6723533992063494
s0675,rib_left_11,0.9823,0.9577968270919759,0.9565005083333341
s0675,rib_left_12,0.9479,0.8703888820310866,0.9125764280423286
s0675,rib_left_2,0.9485,0.9608392171779745,0.9547757824314573
s0675,rib_left_3,0.9658,0.9296715522512422,0.9336766757936509
s0675,rib_left_4,0.9031,0.9112904458667541,0.9267941466931222
s0675,rib_left_5,0.6852,0.5937506369908991,0.6731957357142858
s0675,rib_left_6,0.4791,0.6325808671721204,0.6096110404040407
s0675,rib_left_7,0.4105,0.6110339473458858,0.5837858783670037
s0675,rib_left_8,0.43,0.6458060056905701,0.5814895216209719
s0675,rib_left_9,0.5476,0.4657185422726825,0.5315649382275136
s0675,rib_right_1,0.9497,0.7699393134323632,0.8579211911375653
s0675,rib_right_10,0.9745,0.9437069284788896,0.9585414181216927
s0675,rib_right_11,0.9774,0.9568501152564047,0.9571868107142851
s0675,rib_right_12,0.9773,0.9732081171157038,0.9161065062169313
s0675,rib_right_2,0.973,0.9297765427364869,0.9356629013227511
s0675,rib_right_3,0.9711,0.9555380868671619,0.9358294365440122
s0675,rib_right_4,0.9488,0.9118590803104879,0.8837068634920628
s0675,rib_right_5,0.9535,0.9435753485713079,0.9396205814814813
s0675,rib_right_6,0.8677,0.9599502964078279,0.961206675793651
s0675,rib_right_7,0.8049,0.6735257343159544,0.7128589538359781
s0675,rib_right_8,0.8971,0.7793367298329906,0.7339211910052903
s0675,rib_right_9,0.9741,0.9606624871019421,0.9624643061507938
s0675,scapula_left,0.9583,0.9616678570211639,0.9459196493386249
s0675,scapula_right,0.9663,0.9524876967631062,0.9484594236772491
s0675,small_bowel,0.9121,0.8586976845146733,0.8739360632275134
s0675,spinal_cord,0.9572,0.9446838981527794,0.9423777677008178
s0675,spleen,0.9761,0.9527018370736404,0.9463681907407409
s0675,sternum,0.8818,0.887913993066761,0.8601104661375663
s0675,stomach,0.9706,0.9503548151979029,0.9491132809523818
s0675,subclavian_artery_left,0.7389,0.7788026475672098,0.7666823562169317
s0675,subclavian_artery_right,0.9056,0.8207554827738599,0.8402736108465612
s0675,superior_vena_cava,0.9255,0.8433950113667775,0.8850478428571434
s0675,thyroid_gland,0.7829,0.7842893460528326,0.7349489400793655
s0675,trachea,0.9694,0.9581932825578771,0.9581640488095234
s0675,vertebrae_C7,0.9384,0.9587466558455828,0.9061366746031742
s0675,vertebrae_L1,0.9856,0.977705490845908,0.9515034595238093
s0675,vertebrae_L2,0.946,0.7531589496069707,0.7777780070105821
s0675,vertebrae_T1,0.9604,0.9371383942852974,0.9541725199735452
s0675,vertebrae_T10,0.9851,0.9806573107477954,0.9545827887566145
s0675,vertebrae_T11,0.9822,0.9497073342595074,0.9393880805555561
s0675,vertebrae_T12,0.9795,0.9198147624548417,0.953501724470899
s0675,vertebrae_T2,0.9708,0.955352084901681,0.9590030634920642
s0675,vertebrae_T3,0.9772,0.9663175856588524,0.9581322376984133
s0675,vertebrae_T4,0.98,0.9559614627715326,0.9586527750000002
s0675,vertebrae_T5,0.9767,0.9324567342881928,0.9304985939273699
s0675,vertebrae_T6,0.9556,0.9440542019565659,0.9317326513347761
s0675,vertebrae_T7,0.9585,0.9661391066997936,0.9406575722222225
s0675,vertebrae_T8,0.9783,0.8880280982374213,0.9275967100649359
s0675,vertebrae_T9,0.9823,0.9682992811975891,0.9379793214405971
s1413,adrenal_gland_left,0.895,0.9344178615149874,0.8947094794973555
s1413,adrenal_gland_right,0.7259,0.7723098237777121,0.8119942711640218
s1413,aorta,0.8806,0.9192676614841104,0.8955406551587303
s1413,autochthon_left,0.9734,0.9660446604255147,0.9601482634920634
s1413,autochthon_right,0.9715,0.9647463328897014,0.9591870720899478
s1413,colon,0.8626,0.8376009400862422,0.8415961728835972
s1413,costal_cartilages,0.8783,0.8965335186050221,0.8657117084295336
s1413,duodenum,0.7822,0.876294641928615,0.8731217329365082
s1413,esophagus,0.6797,0.8217145863551084,0.8123121433862441
s1413,femur_left,0.987,0.9552509932395143,0.9730349439153446
s1413,femur_right,0.987,0.9758899781591415,0.9679483690476197
s1413,gallbladder,0.8581,0.8372047703143198,0.8943730014550269
s1413,gluteus_maximus_left,0.9595,0.9370422597072068,0.9406762119047625
s1413,gluteus_maximus_right,0.9675,0.9370717200853051,0.9378001955988454
s1413,gluteus_medius_left,0.9608,0.928838921771103,0.95224611468254
s1413,gluteus_medius_right,0.9537,0.950505518350618,0.9450335388888887
s1413,gluteus_minimus_left,0.9464,0.9221531415921044,0.9292733226190473
s1413,gluteus_minimus_right,0.9538,0.9396213255934742,0.9231544664021163
s1413,heart,0.8998,0.9333681784828219,0.9123825910052904
s1413,hip_left,0.9824,0.9931937985845352,0.9777913722222223
s1413,hip_right,0.9843,0.9817697658315856,0.9798051728835988
s1413,humerus_left,0.9524,0.9611852504804157,0.9335809974627233
s1413,humerus_right,0.9551,0.9218543428664918,0.9355936386002885
s1413,iliac_artery_left,0.7295,0.3186828400990126,0.5433677008177004
s1413,iliac_artery_right,0.749,0.9070482677586347,0.8662060818783075
s1413,iliac_vena_left,0.7224,0.7295830851503671,0.772251691402116
s1413,iliac_vena_right,0.8519,0.8683518407463072,0.8656264103174605
s1413,iliopsoas_left,0.9508,0.9506129526626793,0.9498497541005296
s1413,iliopsoas_right,0.9588,0.9418342531487137,0.9424889050264551
s1413,inferior_vena_cava,0.8302,0.6781234665609644,0.6810770870370366
s1413,kidney_left,0.9533,0.9537612489150654,0.9161773611111111
s1413,kidney_right,0.9742,0.9708007600448995,0.9504509673280425
s1413,liver,0.972,0.9721802661355562,0.9561042341269839
s1413,lung_lower_lobe_left,0.5882,0.7579069461716457,0.813649971031746
s1413,lung_lower_lobe_right,0.7517,0.9369739057142336,0.9126308531746029
s1413,lung_middle_lobe_right,0.7008,0.844508227662183,0.8073481331168834
s1413,lung_upper_lobe_left,0.5407,0.9556526529305199,0.9226974531746026
s1413,pancreas,0.8334,0.9060745863472665,0.8930901900793653
s1413,portal_vein_and_splenic_vein,0.1375,0.6184684922292617,0.6064391734126979
s1413,prostate,0.7075,0.802370101581964,0.8040482207671957
s1413,pulmonary_vein,0.7881,0.5839602281782853,0.4771094076719576
s1413,rib_left_10,0.9719,0.9611126019175711,0.9613627501017504
s1413,rib_left_11,0.9722,0.9735125415932301,0.9604667252284743
s1413,rib_left_12,0.9547,0.9507058627581564,0.9222592099206359
s1413,rib_left_4,0.9426,0.8861504747516112,0.8930590437830686
s1413,rib_left_5,0.966,0.9516116784443865,0.8914192831048579
s1413,rib_left_6,0.9817,0.9579241613690576,0.9507661743386241
s1413,rib_left_7,0.9789,0.9597952881224313,0.9699441265873012
s1413,rib_left_8,0.9764,0.9550189042938951,0.9679381625661378
s1413,rib_left_9,0.9801,0.9493397595014572,0.9602658309218555
s1413,rib_right_10,0.9744,0.9524216205591638,0.9561595239112741
s1413,rib_right_11,0.9732,0.9553991847791036,0.9598843203342947
s1413,rib_right_12,0.9651,0.9564261991123814,0.9219955932539686
s1413,rib_right_4,0.963,0.8010643228884835,0.7955776694444449
s1413,rib_right_5,0.9791,0.9298284891463077,0.937881634920635
s1413,rib_right_6,0.9787,0.9238839300746293,0.9457400765873016
s1413,rib_right_7,0.9789,0.9436668841044895,0.955441052380952
s1413,rib_right_8,0.9744,0.9567854929269107,0.9669323349206356
s1413,rib_right_9,0.9685,0.9421872972782377,0.9679687035409036
s1413,sacrum,0.9638,0.9208554451026134,0.9439534534391533
s1413,small_bowel,0.8789,0.8510222250153462,0.8583976249999998
s1413,spinal_cord,0.951,0.9427250616510261,0.9297707722222219
s1413,spleen,0.9303,0.9678936248353657,0.9478902487133246
s1413,sternum,0.9464,0.8806692957493676,0.9058765464285714
s1413,stomach,0.9029,0.9402336672428406,0.9589768580687833
s1413,urinary_bladder,0.9298,0.8425707174081466,0.8618997198412692
s1413,vertebrae_L1,0.9864,0.9462409606175045,0.979109425793651
s1413,vertebrae_L2,0.9849,0.9610884411059057,0.9716321623015876
s1413,vertebrae_L3,0.9864,0.9762863635855422,0.98060858452381
s1413,vertebrae_L4,0.9861,0.9888857133471222,0.9722128621693115
s1413,vertebrae_L5,0.9887,0.9706431320241574,0.9737084261904765
s1413,vertebrae_S1,0.9437,0.9490514833257778,0.9283166009259264
s1413,vertebrae_T10,0.9843,0.985220589971691,0.9346083031746033
s1413,vertebrae_T11,0.9836,0.9500264773043194,0.9308644455026456
s1413,vertebrae_T12,0.986,0.9553885932344902,0.9324071439153444
s1413,vertebrae_T7,0.9129,0.8943446272905462,0.8682181400793655
s1413,vertebrae_T8,0.9868,0.9483775809675502,0.9526200698412705
s1413,vertebrae_T9,0.9821,0.9612344111545027,0.9568854674603174
s0123,adrenal_gland_left,0.9272,0.7961164238374016,0.8348977211640211
s0123,adrenal_gland_right,0.9051,0.9119139461250526,0.8703192571428569
s0123,aorta,0.9835,0.9709481050253029,0.9689691067460318
s0123,atrial_appendage_left,0.9125,0.8810077454604146,0.9031822662698412
s0123,autochthon_left,0.955,0.9604512935209124,0.9548969075396824
s0123,autochthon_right,0.9513,0.9694828833355164,0.9556868753968255
s0123,brachiocephalic_trunk,0.9324,0.9401214313280807,0.8923253534030787
s0123,brachiocephalic_vein_left,0.9148,0.9585121684788209,0.9323256187830696
s0123,brachiocephalic_vein_right,0.6111,0.8471401495466004,0.8518779144179891
s0123,clavicula_left,0.9568,0.957741017044499,0.9552033206349205
s0123,clavicula_right,0.9625,0.9046110871317558,0.9500587789682545
s0123,colon,0.8929,0.9325302402732158,0.8586793537638291
s0123,common_carotid_artery_left,0.8749,0.9136150364514237,0.9179044753246753
s0123,common_carotid_artery_right,0.9202,0.8486395280458839,0.8762353268037518
s0123,costal_cartilages,0.8923,0.8805681595035992,0.8772098092592587
s0123,duodenum,0.7075,0.8598553770552467,0.843847363888889
s0123,esophagus,0.9411,0.9129540171364171,0.9017179855699857
s0123,gallbladder,0.8921,0.9329758544544453,0.9104919626984121
s0123,heart,0.9313,0.9482700667711271,0.9381368154761912
s0123,humerus_left,0.9651,0.9463196755770792,0.9429301439153437
s0123,humerus_right,0.9309,0.9338634613553927,0.9367875150793649
s0123,iliopsoas_left,0.7845,0.21814443851419266,0.2626605362433865
s0123,iliopsoas_right,0.7916,0.5389238284364333,0.6092440199735448
s0123,inferior_vena_cava,0.9061,0.8749567426731734,0.8924243615079367
s0123,kidney_left,0.9625,0.8496149887266087,0.8735091207671951
s0123,kidney_right,0.9777,0.980877527715286,0.9049802142857138
s0123,liver,0.9851,0.9687977622796723,0.9789430298941799
s0123,lung_lower_lobe_left,0.987,0.9849921951277112,0.9835782535714284
s0123,lung_lower_lobe_right,0.9903,0.9963508115333785,0.9745859503968247
s0123,lung_middle_lobe_right,0.9603,0.9740545544940584,0.972928975793652
s0123,lung_upper_lobe_left,0.9933,0.9829257496626059,0.9888489701058203
s0123,lung_upper_lobe_right,0.9861,0.9869777682089613,0.983044453571429
s0123,pancreas,0.9156,0.8879482368649939,0.8632847732804236
s0123,portal_vein_and_splenic_vein,0.8207,0.7816334561772029,0.7440334564814814
s0123,pulmonary_vein,0.8974,0.881375409100541,0.898462885185185
s0123,rib_left_1,0.9283,0.8964828451027925,0.9031722329365075
s0123,rib_left_10,0.9205,0.9337034544673382,0.9399396374338627
s0123,rib_left_11,0.967,0.9053744453941249,0.9191741722222222
s0123,rib_left_12,0.9223,0.8761553680875777,0.9168087527777774
s0123,rib_left_2,0.9697,0.9339167823603437,0.952283634126983
s0123,rib_left_3,0.9717,0.9605529433105536,0.9548016869047624
s0123,rib_left_4,0.9664,0.9609513250789878,0.9546547434463688
s0123,rib_left_5,0.9565,0.9641489555635685,0.9611477797619047
s0123,rib_left_6,0.9575,0.9571655073696883,0.9642143460317466
s0123,rib_left_7,0.9745,0.9689295859470846,0.959505327645503
s0123,rib_left_8,0.9653,0.952068177411061,0.9553066781746018
s0123,rib_left_9,0.9407,0.8831200989546272,0.9457791638888885
s0123,rib_right_1,0.9337,0.9008330593385477,0.920505972354497
s0123,rib_right_10,0.9755,0.959764120572798,0.9368775079365084
s0123,rib_right_11,0.9681,0.9059400276008023,0.9301056653439154
s0123,rib_right_12,0.9392,0.8671569564570991,0.9122553633597882
s0123,rib_right_2,0.9662,0.9358452062292713,0.9534124841269835
s0123,rib_right_3,0.9739,0.9523409291292648,0.9512929206349205
s0123,rib_right_4,0.9572,0.9565954612759392,0.9570734734126982
s0123,rib_right_5,0.9703,0.9567296507857757,0.9552001071428567
s0123,rib_right_6,0.9757,0.9464773311171827,0.950778278439154
s0123,rib_right_7,0.9705,0.954903963246994,0.9575317852453107
s0123,rib_right_8,0.9819,0.9513189988909541,0.9503107086580079
s0123,rib_right_9,0.9732,0.880006243952974,0.9451130351851851
s0123,scapula_left,0.962,0.973989726110546,0.9614443599206353
s0123,scapula_right,0.9522,0.9617365943625452,0.9596219592592596
s0123,skull,0.7665,0.6414753893084795,0.6797186776455025
s0123,small_bowel,0.8195,0.8367989515572791,0.8689033325396821
s0123,spinal_cord,0.9338,0.9461795783336273,0.9420355317460314
s0123,spleen,0.9888,0.9677976661061618,0.9719705658730159
s0123,sternum,0.9354,0.9501792114572336,0.9291033592592599
s0123,stomach,0.9417,0.9502968689024825,0.9418653583333331
s0123,subclavian_artery_left,0.9115,0.9347289954195511,0.923421880555555
s0123,subclavian_artery_right,0.8747,0.9150765659023894,0.924660930555556
s0123,superior_vena_cava,0.9062,0.9473931776722565,0.9185736571428575
s0123,thyroid_gland,0.8571,0.9336962479608047,0.9196666952380957
s0123,trachea,0.9569,0.9476943819876198,0.9535470215608464
s0123,vertebrae_C6,0.7056,0.7919739456698047,0.7450279681216934
s0123,vertebrae_C7,0.9185,0.9689049890098633,0.9251858830687828
s0123,vertebrae_L1,0.9387,0.9291863703616465,0.9582185296296304
s0123,vertebrae_T1,0.9751,0.945638937501408,0.9621461476190476
s0123,vertebrae_T10,0.986,0.9576010391663909,0.9737333028499275
s0123,vertebrae_T11,0.981,0.9723115919186555,0.9760242539081291
s0123,vertebrae_T12,0.9851,0.9491470913527617,0.9746272380351132
s0123,vertebrae_T2,0.9462,0.9384611333992295,0.9582133567460318
s0123,vertebrae_T3,0.9184,0.9456374502181147,0.9601185501322762
s0123,vertebrae_T4,0.9454,0.9146099212185431,0.9459189161375665
s0123,vertebrae_T5,0.9722,0.9311991914541926,0.9545944361111123
s0123,vertebrae_T6,0.9789,0.9424853308127527,0.9540892550264554
s0123,vertebrae_T7,0.9818,0.944071622076673,0.9588087669312166
s0123,vertebrae_T8,0.9855,0.9389715161544753,0.9599542085978836
s0123,vertebrae_T9,0.983,0.9517368493052787,0.9616917472222222
s0794,adrenal_gland_left,0.9417,0.9166028754906281,0.8962033111111115
s0794,adrenal_gland_right,0.9329,0.9108118769050859,0.8901437449013946
s0794,aorta,0.9747,0.9656836549190356,0.9505682749999997
s0794,atrial_appendage_left,0.9389,0.8858203226139029,0.8692545764911012
s0794,autochthon_left,0.9713,0.9735138865970163,0.9614420515873014
s0794,autochthon_right,0.974,0.9786873656148126,0.963539055952381
s0794,brachiocephalic_trunk,0.9229,0.9442341653675171,0.9040591257936504
s0794,brachiocephalic_vein_left,0.9533,0.8871433253812456,0.8923159621693116
s0794,brachiocephalic_vein_right,0.86,0.914653239613567,0.8954390166666661
s0794,clavicula_left,0.985,0.9689032871464958,0.965128514285714
s0794,clavicula_right,0.9629,0.9664238083448943,0.9531313813492068
s0794,colon,0.9591,0.945520726718112,0.9335555535714288
s0794,common_carotid_artery_left,0.9403,0.9133291074090573,0.8744529101851852
s0794,common_carotid_artery_right,0.8915,0.902704723101632,0.8536911945526697
s0794,costal_cartilages,0.9154,0.8889833421772043,0.8885478943121694
s0794,duodenum,0.9034,0.8951842538774034,0.8792863477873986
s0794,esophagus,0.9572,0.9193409409279795,0.9095644337301587
s0794,femur_left,0.9875,0.9854212245689988,0.9755945243386241
s0794,femur_right,0.9885,0.9766739729306949,0.9832914042328038
s0794,gallbladder,0.8926,0.8654958229209271,0.8739389760582013
s0794,gluteus_maximus_left,0.9721,0.9650275676310366,0.9648763484126994
s0794,gluteus_maximus_right,0.9742,0.9716834227392958,0.964677942063492
s0794,gluteus_medius_left,0.9672,0.9691455946041516,0.9540148907407416
s0794,gluteus_medius_right,0.9686,0.9598286881194008,0.9615723129629629
s0794,gluteus_minimus_left,0.9516,0.9154631994328679,0.9099864316137566
s0794,gluteus_minimus_right,0.9563,0.9374765180362477,0.9410231273809524
s0794,heart,0.9429,0.9474759523285285,0.9331191511904766
s0794,hip_left,0.9863,0.9844514223820842,0.9810284158730157
s0794,hip_right,0.9853,0.9895994406018607,0.9827730611111117
s0794,humerus_left,0.9825,0.9602444545638189,0.9024284293650798
s0794,humerus_right,0.976,0.937361196862832,0.951321085978836
s0794,iliac_artery_left,0.8756,0.866497059544063,0.8787657415343917
s0794,iliac_artery_right,0.9351,0.8775105606679122,0.8800300353174603
s0794,iliac_vena_left,0.9466,0.9200500828519176,0.9018860830687834
s0794,iliac_vena_right,0.9343,0.8626849780058554,0.8781106046296299
s0794,iliopsoas_left,0.9627,0.9389857990962397,0.951971302994228
s0794,iliopsoas_right,0.967,0.9430523608332697,0.925809175396826
s0794,inferior_vena_cava,0.9542,0.9392605536873191,0.9280690902116397
s0794,kidney_left,0.9849,0.9622661239388254,0.959406173544974
s0794,kidney_right,0.9832,0.9663175719609999,0.9620926116402122
s0794,liver,0.9896,0.991874352879731,0.9732549912698418
s0794,lung_lower_lobe_left,0.9932,0.9844593608322827,0.9906919879629644
s0794,lung_lower_lobe_right,0.9906,0.986304289749908,0.9889242609788357
s0794,lung_middle_lobe_right,0.9802,0.9513436338586454,0.9667658579365079
s0794,lung_upper_lobe_left,0.9949,0.9901885804132078,0.9876533035714284
s0794,lung_upper_lobe_right,0.9894,0.9863859798706566,0.988508817989418
s0794,pancreas,0.9602,0.8984886010118808,0.915181696164021
s0794,portal_vein_and_splenic_vein,0.8984,0.8400898500357323,0.856299861507937
s0794,pulmonary_vein,0.9464,0.9085882054544664,0.8854770900793654
s0794,rib_left_1,0.948,0.9355321890614084,0.9366700313492059
s0794,rib_left_10,0.972,0.961292633916369,0.9656338760582017
s0794,rib_left_11,0.9647,0.973541957558173,0.9646006496031745
s0794,rib_left_12,0.9061,0.9517528761795523,0.922356247835498
s0794,rib_left_2,0.964,0.9505970312358144,0.9545590134920636
s0794,rib_left_3,0.9648,0.9659905883267255,0.9588917650793657
s0794,rib_left_4,0.961,0.9602037407645718,0.9544652564814818
s0794,rib_left_5,0.9802,0.9725105415178183,0.9632678091269852
s0794,rib_left_6,0.9716,0.9704199512002102,0.9629959121693112
s0794,rib_left_7,0.9807,0.9703450702250929,0.9644969316137563
s0794,rib_left_8,0.9702,0.9683971565584617,0.9664969171957675
s0794,rib_left_9,0.9676,0.9564072010392503,0.9665157264550267
s0794,rib_right_1,0.9265,0.9363093266358363,0.9273002351851841
s0794,rib_right_10,0.9738,0.9652673649082574,0.9680561841269836
s0794,rib_right_11,0.9574,0.9814918846662457,0.9330086101851852
s0794,rib_right_12,0.952,0.9797131147742628,0.9389906567460311
s0794,rib_right_2,0.9474,0.9499224472861175,0.9501466956349206
s0794,rib_right_3,0.9501,0.9544995709112827,0.954378460714286
s0794,rib_right_4,0.9418,0.959781699534755,0.9611613490740746
s0794,rib_right_5,0.9453,0.9639603822904684,0.9602563301587297
s0794,rib_right_6,0.9558,0.9577602032066849,0.9604418181216918
s0794,rib_right_7,0.9716,0.9651842919815229,0.9671692792328035
s0794,rib_right_8,0.975,0.9622041925510922,0.9680411379629629
s0794,rib_right_9,0.965,0.9666825651111629,0.9664372591269837
s0794,sacrum,0.9637,0.9234019888538608,0.9178404146825395
s0794,scapula_left,0.9701,0.9532916338105448,0.9608540986772482
s0794,scapula_right,0.9731,0.9332975236922184,0.9598815734126983
s0794,small_bowel,0.9574,0.9450787730403448,0.9302060197089946
s0794,spinal_cord,0.9469,0.9429118753190174,0.9454725900793651
s0794,spleen,0.9815,0.9285852564504872,0.9422215925925925
s0794,sternum,0.9286,0.9381015828205757,0.9311502298941804
s0794,stomach,0.9777,0.956248973416353,0.9549712471019728
s0794,subclavian_artery_left,0.9441,0.8659278983114007,0.8902558998677247
s0794,subclavian_artery_right,0.9264,0.8786417329266731,0.87282865453343
s0794,superior_vena_cava,0.9217,0.9414645981061942,0.9056692719576722
s0794,thyroid_gland,0.9417,0.9057326415952046,0.8482469714285719
s0794,trachea,0.9784,0.948789814195763,0.9083570396825393
s0794,urinary_bladder,0.9548,0.8311476631990654,0.8668403702380956
s0794,vertebrae_C6,0.9492,0.8531149075114128,0.8079754480038486
s0794,vertebrae_C7,0.9813,0.9235187110438441,0.8992158063492063
s0794,vertebrae_L1,0.9905,0.9880728434286247,0.9796144867724871
s0794,vertebrae_L2,0.9906,0.9922008137684268,0.9832492850529102
s0794,vertebrae_L3,0.9888,0.9911926289547619,0.9831303489417998
s0794,vertebrae_L4,0.9888,0.9846107105418445,0.9840094664021172
s0794,vertebrae_L5,0.99,0.9915703118813795,0.9826074501322758
s0794,vertebrae_S1,0.9625,0.9481509752492354,0.9401701123015865
s0794,vertebrae_T1,0.9844,0.9507485503711937,0.9603004698412705
s0794,vertebrae_T10,0.9856,0.982636401920827,0.9816824033068786
s0794,vertebrae_T11,0.9855,0.9837015725544427,0.9681003928571429
s0794,vertebrae_T12,0.9887,0.9710884879105915,0.9638874666666667
s0794,vertebrae_T2,0.9824,0.9712729452312835,0.9608447240740742
s0794,vertebrae_T3,0.9788,0.9500978756203338,0.9616357067460317
s0794,vertebrae_T4,0.9794,0.9626785116155501,0.9637888884920636
s0794,vertebrae_T5,0.9823,0.9743931537107318,0.9710456925925924
s0794,vertebrae_T6,0.9844,0.9901520641011159,0.9731196578042326
s0794,vertebrae_T7,0.9834,0.9809783095629224,0.9762799349567096
s0794,vertebrae_T8,0.9853,0.9864844097017885,0.9726235980519482
s0794,vertebrae_T9,0.9891,0.9880998003859334,0.9802716775132277
s0618,adrenal_gland_left,0.7644,0.844351762255273,0.8187245261904759
s0618,adrenal_gland_right,0.9124,0.8052630935926552,0.8544099157407411
s0618,aorta,0.979,0.9720966995321783,0.9509792039682545
s0618,atrial_appendage_left,0.9232,0.9031506124557468,0.8416543256613759
s0618,autochthon_left,0.9572,0.9445922798697468,0.9457162417989421
s0618,autochthon_right,0.9515,0.9589155168846817,0.9434841429894182
s0618,brachiocephalic_trunk,0.8757,0.8969504703389308,0.8903597253968252
s0618,brachiocephalic_vein_left,0.9254,0.8819849563420615,0.9088654972222217
s0618,brachiocephalic_vein_right,0.8327,0.8350090724435817,0.884382336231361
s0618,clavicula_left,0.9762,0.9705222439791041,0.9665314205026457
s0618,clavicula_right,0.971,0.9700043078222839,0.9579613773809519
s0618,colon,0.9385,0.8104532704724574,0.9184851198412701
s0618,common_carotid_artery_left,0.9312,0.9341901688707938,0.9189332398148152
s0618,common_carotid_artery_right,0.9181,0.8702319805205275,0.9067917824074072
s0618,costal_cartilages,0.8323,0.7691205890392825,0.7839220943722947
s0618,duodenum,0.7796,0.7768176551505664,0.7324545996031746
s0618,esophagus,0.9051,0.8993777695216908,0.9222254176166422
s0618,gallbladder,0.913,0.7478935101873551,0.6994171107142858
s0618,heart,0.9345,0.9376423997105132,0.9421034034391543
s0618,humerus_left,0.9605,0.9418262431359559,0.8975230939153445
s0618,humerus_right,0.9612,0.9636202437136436,0.9462935474867724
s0618,iliopsoas_left,0.8514,0.6805407127911086,0.6023636373015867
s0618,iliopsoas_right,0.873,0.6707030665395284,0.6805495043650798
s0618,inferior_vena_cava,0.9462,0.9422717723852609,0.9270096212962968
s0618,kidney_left,0.977,0.9599015114561525,0.8994594928571426
s0618,kidney_right,0.9698,0.9961364227868535,0.9390486645502646
s0618,liver,0.9854,0.9776072053839467,0.9764189021164024
s0618,lung_lower_lobe_left,0.9668,0.9568080991880671,0.9848605503968254
s0618,lung_lower_lobe_right,0.9935,0.9972526044668109,0.9877128338624349
s0618,lung_middle_lobe_right,0.9776,0.9216017912294281,0.961328790873016
s0618,lung_upper_lobe_left,0.9412,0.9944548116241879,0.9824493297619047
s0618,lung_upper_lobe_right,0.9533,0.9088323955475225,0.8373630861111101
s0618,pancreas,0.904,0.9881645410972769,0.8989774736772487
s0618,portal_vein_and_splenic_vein,0.8663,0.9351784410287798,0.8968722492063499
s0618,pulmonary_vein,0.8785,0.8023267921210469,0.8314233615079364
s0618,rib_left_1,0.9613,0.9516105336499917,0.9396852400793652
s0618,rib_left_10,0.0,0.9485321834923061,0.9642130404761898
s0618,rib_left_11,0.0,0.9752123583236953,0.9585324068783071
s0618,rib_left_12,0.0,0.9880685129475228,0.9286059138888892
s0618,rib_left_2,0.9801,0.9522864256851321,0.960763739021164
s0618,rib_left_3,0.9655,0.9708742607565717,0.9669340867724859
s0618,rib_left_4,0.5339,0.9199753505543274,0.9509322820105816
s0618,rib_left_5,0.3275,0.5129376323061888,0.5924882693121691
s0618,rib_left_6,0.2442,0.48765245201910473,0.5340280705026449
s0618,rib_left_7,0.0965,0.7092891590895966,0.7175022706349204
s0618,rib_left_8,0.0,0.9611276220448497,0.9500563505291004
s0618,rib_left_9,0.0,0.958508488523439,0.9648258011904761
s0618,rib_right_1,0.9784,0.9579646208626381,0.9397671818783067
s0618,rib_right_10,0.0002,0.7468854760503058,0.7797587634920634
s0618,rib_right_11,0.0,0.967716501899493,0.9479988552910057
s0618,rib_right_12,0.0,0.9862753700962802,0.9319418451058201
s0618,rib_right_2,0.9693,0.9621081880558344,0.9638321592592582
s0618,rib_right_3,0.9607,0.961228586309115,0.9630062555555551
s0618,rib_right_4,0.7699,0.9676804016192587,0.967015778174602
s0618,rib_right_5,0.4652,0.5038244575358631,0.6244730882275129
s0618,rib_right_6,0.2832,0.4002911283081598,0.5220004588624335
s0618,rib_right_7,0.102,0.6358812358975061,0.6325732494708992
s0618,rib_right_8,0.0,0.9572650700881119,0.9589908366642614
s0618,rib_right_9,0.042,0.7624157981625576,0.8201736664021164
s0618,scapula_left,0.9648,0.9576531981830945,0.9557806272486772
s0618,scapula_right,0.9585,0.9566756485457203,0.9530302055555556
s0618,skull,0.955,0.9311013347558578,0.9282015271164018
s0618,small_bowel,0.8019,0.5341345749826962,0.6080878333333337
s0618,spinal_cord,0.9467,0.9365970577369715,0.9358208837301586
s0618,spleen,0.9828,0.9281557494145979,0.9299559481481481
s0618,sternum,0.9429,0.9244646723073451,0.9105922707671957
s0618,stomach,0.9748,0.8214302120372916,0.9277597531746026
s0618,subclavian_artery_left,0.9222,0.9255487722647445,0.882637481613757
s0618,subclavian_artery_right,0.9092,0.932553860770828,0.9073346571428567
s0618,superior_vena_cava,0.9266,0.9673207778859758,0.9226720965608467
s0618,thyroid_gland,0.8968,0.8752063124249617,0.9170325982804227
s0618,trachea,0.961,0.9703753741567089,0.9344963925925924
s0618,vertebrae_C4,0.8977,0.6469491551393322,0.7912244694324199
s0618,vertebrae_C5,0.898,0.8938308627429064,0.9035313821428578
s0618,vertebrae_C6,0.8977,0.9620883614843434,0.9083162321789328
s0618,vertebrae_C7,0.9409,0.9698980432052957,0.9450745092592594
s0618,vertebrae_L1,0.9816,0.9167627141942342,0.9435029477513234
s0618,vertebrae_L2,0.9805,0.9189251977187968,0.895814433994709
s0618,vertebrae_T1,0.9668,0.9590920674170691,0.9656259440476187
s0618,vertebrae_T10,0.9831,0.9623119173732207,0.9629840369047625
s0618,vertebrae_T11,0.9843,0.955779323583119,0.9544987849206353
s0618,vertebrae_T12,0.9769,0.9424751435966389,0.9617606305555565
s0618,vertebrae_T2,0.9089,0.9681190573933028,0.9683370074074072
s0618,vertebrae_T3,0.3973,0.9424814829363937,0.9432054113756618
s0618,vertebrae_T4,0.1795,0.541550582042102,0.7728290103174603
s0618,vertebrae_T5,0.4107,0.39250265361244707,0.5203651876984132
s0618,vertebrae_T6,0.7333,0.7518832945028332,0.8303131819624819
s0618,vertebrae_T7,0.8728,0.9567903299108174,0.9489850828042327
s0618,vertebrae_T8,0.9735,0.9654245930705977,0.9544926013227513
s0618,vertebrae_T9,0.9809,0.9632269869828501,0.9644155551587299
s1287,adrenal_gland_left,0.7392,0.9254081097559006,0.9024217694444442
s1287,adrenal_gland_right,0.7973,0.9055809147709931,0.8978940516594516
s1287,aorta,0.9129,0.9718745816095418,0.9724334876984129
s1287,atrial_appendage_left,0.7555,0.9041464526559255,0.9093166970899467
s1287,autochthon_left,0.976,0.9632576595581693,0.9704093161375668
s1287,autochthon_right,0.9744,0.963612652095507,0.9651236813492073
s1287,brachiocephalic_trunk,0.7295,0.9321505007406463,0.9157198824074076
s1287,brachiocephalic_vein_left,0.8227,0.9235872173025439,0.9376243129629628
s1287,brachiocephalic_vein_right,0.7724,0.8756515238921493,0.8731745668109664
s1287,clavicula_left,0.924,0.9720666536738742,0.9587928486772487
s1287,clavicula_right,0.8976,0.9554062460259319,0.9350149091269833
s1287,colon,0.8911,0.8165724244481107,0.8595982059523816
s1287,common_carotid_artery_left,0.8057,0.9301486498769694,0.9123364485449734
s1287,common_carotid_artery_right,0.6306,0.8873007885234364,0.8822633788359786
s1287,costal_cartilages,0.8687,0.8975699922316187,0.8900489900793654
s1287,duodenum,0.9236,0.901469907187382,0.8929623440476189
s1287,esophagus,0.8937,0.9319403715980075,0.9252421970899474
s1287,femur_left,0.9572,0.9607184277439299,0.9768094867724877
s1287,femur_right,0.9627,0.97440560723244,0.9725365830687835
s1287,gallbladder,0.662,0.9067891235368569,0.8920144632275132
s1287,gluteus_maximus_left,0.9675,0.9749160806287199,0.9697979149711405
s1287,gluteus_maximus_right,0.9681,0.9686893645510039,0.9695258325396827
s1287,gluteus_medius_left,0.9427,0.9637280688867602,0.9542486744708987
s1287,gluteus_medius_right,0.9398,0.9637878816453148,0.9581890076719575
s1287,gluteus_minimus_left,0.9302,0.9248498097915004,0.936606142195767
s1287,gluteus_minimus_right,0.9309,0.9332572484776858,0.9414773175925923
s1287,heart,0.9478,0.9584668543737873,0.9343072779581539
s1287,hip_left,0.9828,0.9792846907864494,0.9757328742063487
s1287,hip_right,0.98,0.9784523547881252,0.9766767162698407
s1287,humerus_left,0.9435,0.9731331496327105,0.9262085876984126
s1287,humerus_right,0.9129,0.9547431614430684,0.9051168441798942
s1287,iliac_artery_left,0.926,0.9264574882918439,0.9235906928571423
s1287,iliac_artery_right,0.9302,0.9508423738080777,0.9181664136243389
s1287,iliac_vena_left,0.9084,0.9232348934838969,0.9091187432539685
s1287,iliac_vena_right,0.7396,0.8790766879732449,0.8901365732804227
s1287,iliopsoas_left,0.9441,0.9547985868114031,0.9540774916666661
s1287,iliopsoas_right,0.9614,0.9565644168161231,0.960124158597884
s1287,inferior_vena_cava,0.837,0.938454146900785,0.9165932347883593
s1287,kidney_left,0.9493,0.9677516705083818,0.9819549522486777
s1287,kidney_right,0.9386,0.9671277064800063,0.9807789689153439
s1287,liver,0.9635,0.9858163513748713,0.9829637195767191
s1287,lung_lower_lobe_left,0.9916,0.9900203414831021,0.9864556169312171
s1287,lung_lower_lobe_right,0.9239,0.9907503574453589,0.9893071615079367
s1287,lung_middle_lobe_right,0.7908,0.9767231419950572,0.9485440154761899
s1287,lung_upper_lobe_left,0.9936,0.9933576711145825,0.9911179686507938
s1287,lung_upper_lobe_right,0.9791,0.9864523934170215,0.9863611010582017
s1287,pancreas,0.8763,0.8948281689857278,0.8917735702380954
s1287,portal_vein_and_splenic_vein,0.7695,0.8949400887921711,0.8687762142736903
s1287,prostate,0.6861,0.746884831606311,0.7934828835978833
s1287,pulmonary_vein,0.7128,0.9428786318039454,0.923659021031746
s1287,rib_left_1,0.9362,0.9491298218525352,0.9229190962861217
s1287,rib_left_10,0.9574,0.9727608791005544,0.9655547052910045
s1287,rib_left_11,0.9545,0.9351756618727793,0.9339866937830686
s1287,rib_left_12,0.8567,0.9473381903110755,0.9620733300264551
s1287,rib_left_2,0.9428,0.9358340658679339,0.9450953261904762
s1287,rib_left_3,0.9108,0.944451899390447,0.9343903184704186
s1287,rib_left_4,0.9336,0.9418599812365621,0.9327948730158733
s1287,rib_left_5,0.9498,0.9541157934981324,0.9399311133116884
s1287,rib_left_6,0.9424,0.9416881892092501,0.9396443970418475
s1287,rib_left_7,0.9525,0.9519231300369674,0.9481785363756619
s1287,rib_left_8,0.9628,0.9531578869401784,0.9561456294973548
s1287,rib_left_9,0.9614,0.9688411844105465,0.9608976902116408
s1287,rib_right_1,0.9009,0.9319351176333742,0.9268072399470901
s1287,rib_right_10,0.5225,0.4333609424083586,0.496400241798942
s1287,rib_right_11,0.0839,0.5438728372220962,0.5957056494708994
s1287,rib_right_12,0.0554,0.7075411429747602,0.8088735019841268
s1287,rib_right_2,0.9439,0.8648578570563165,0.9175752162698414
s1287,rib_right_3,0.9104,0.9448401849831354,0.9246348671957668
s1287,rib_right_4,0.9252,0.9565391494752467,0.9430286626503128
s1287,rib_right_5,0.92,0.9630427149070707,0.9438360228354978
s1287,rib_right_6,0.9392,0.9591799944238433,0.9428511152477151
s1287,rib_right_7,0.9153,0.9683444591701309,0.9403787772366523
s1287,rib_right_8,0.8339,0.7977502235328968,0.7674816085978836
s1287,rib_right_9,0.7613,0.8158526541728548,0.7599374284391536
s1287,sacrum,0.8104,0.9205739691585634,0.9310958328042334
s1287,scapula_left,0.9072,0.9591625449011327,0.952730227380952
s1287,scapula_right,0.9047,0.9605455794453353,0.9488565236772483
s1287,small_bowel,0.9283,0.8842048575329777,0.8734181908730161
s1287,spinal_cord,0.8891,0.9573215550455895,0.9485508931216932
s1287,spleen,0.9256,0.9429011618745251,0.9438716957671951
s1287,sternum,0.8671,0.9260594837548853,0.9100249919312167
s1287,stomach,0.9166,0.9446140754895777,0.9605545432539682
s1287,subclavian_artery_left,0.716,0.920734832119049,0.9183089480158735
s1287,subclavian_artery_right,0.6661,0.9061000359203362,0.9185046369047624
s1287,superior_vena_cava,0.8509,0.9189889309197987,0.9226699567460314
s1287,thyroid_gland,0.7637,0.9068184305468195,0.9232584801587298
s1287,trachea,0.9484,0.9778672795841283,0.963245072222222
s1287,urinary_bladder,0.9538,0.8744439255307918,0.8582542516955262
s1287,vertebrae_C6,0.6397,0.829660378269393,0.8529707119047616
s1287,vertebrae_C7,0.4848,0.71706681032945,0.7654727775132275
s1287,vertebrae_L1,0.9722,0.9718432794850074,0.9786286382034636
s1287,vertebrae_L2,0.9762,0.9752811349038973,0.9800108798941799
s1287,vertebrae_L3,0.9792,0.9723460930793318,0.9784350986772488
s1287,vertebrae_L4,0.9805,0.9685644928213125,0.9780065538359781
s1287,vertebrae_L5,0.9787,0.970344277671063,0.9776515034391536
s1287,vertebrae_S1,0.6133,0.9332979655223795,0.9430424789682541
s1287,vertebrae_T1,0.4482,0.7409328610363409,0.7653000560846561
s1287,vertebrae_T10,0.9683,0.9558538769462102,0.9683110857142853
s1287,vertebrae_T11,0.974,0.9612310912157912,0.9666894563492061
s1287,vertebrae_T12,0.9732,0.954834634849772,0.9670541750000002
s1287,vertebrae_T2,0.5482,0.8800917505763477,0.8809772367243861
s1287,vertebrae_T3,0.6798,0.688440979297676,0.7684767626984125
s1287,vertebrae_T4,0.7987,0.7361154404749067,0.7670106918831168
s1287,vertebrae_T5,0.8491,0.8364843195214613,0.8320307604497349
s1287,vertebrae_T6,0.8461,0.8418236193310933,0.9106730259379516
s1287,vertebrae_T7,0.8833,0.8716368287932594,0.9352347031746044
s1287,vertebrae_T8,0.9647,0.9439597901655612,0.9422722440476199
s1287,vertebrae_T9,0.974,0.9727971700957214,0.9705848892857142
s0346,aorta,0.9781,0.9545963496237693,0.9435831773809528
s0346,autochthon_left,0.9616,0.9449435214369051,0.9445085349206344
s0346,autochthon_right,0.9564,0.9388881831628273,0.949434495502645
s0346,brachiocephalic_trunk,0.9537,0.8273093371980409,0.9009677832010581
s0346,brachiocephalic_vein_left,0.9571,0.9075018977592146,0.8928681248677252
s0346,brachiocephalic_vein_right,0.8511,0.8615754328236064,0.87188665978836
s0346,brain,0.9668,0.9296167820164611,0.9570824203703707
s0346,clavicula_left,0.968,0.956356947334394,0.9376233253968258
s0346,clavicula_right,0.9674,0.9427329185291633,0.9391373914021165
s0346,common_carotid_artery_left,0.9069,0.836705447744046,0.870611502777778
s0346,common_carotid_artery_right,0.7985,0.7843548431795837,0.8692701125661373
s0346,costal_cartilages,0.8757,0.8954069310459645,0.8254833066137561
s0346,esophagus,0.9281,0.8907773795249208,0.9144469990740741
s0346,humerus_left,0.9483,0.9627685799062334,0.9088926289682543
s0346,humerus_right,0.9794,0.9386655381167204,0.935918976587302
s0346,lung_lower_lobe_left,0.9347,0.9702343047213271,0.8918774728835975
s0346,lung_lower_lobe_right,0.9475,0.9819856576733332,0.8718362193121686
s0346,lung_upper_lobe_left,0.9948,0.9924470773116022,0.9888309208994709
s0346,lung_upper_lobe_right,0.9951,0.9542562642491632,0.9894058865079358
s0346,rib_left_1,0.9443,0.9287621411935478,0.9147428314574318
s0346,rib_left_2,0.9777,0.9596151505322204,0.9471999933862437
s0346,rib_left_3,0.9677,0.9553456971597452,0.9471966300264544
s0346,rib_left_4,0.9675,0.9544239056578792,0.9422334890211645
s0346,rib_left_5,0.9624,0.9800051846378451,0.929713365608465
s0346,rib_left_6,0.931,0.9532868837324411,0.9045178699735446
s0346,rib_right_1,0.9442,0.9267124543608409,0.9173559687590184
s0346,rib_right_2,0.9804,0.9418032604581065,0.9473589980158732
s0346,rib_right_3,0.9616,0.9704792287952194,0.9487467265873009
s0346,rib_right_4,0.9568,0.9391511384509542,0.9327850751322755
s0346,rib_right_5,0.9378,0.9135741732207212,0.9433320179894179
s0346,rib_right_6,0.9699,0.9051916843742727,0.9361352017195764
s0346,scapula_left,0.959,0.946537229649586,0.9455409076719576
s0346,scapula_right,0.9418,0.977560199881083,0.9481490666666673
s0346,skull,0.9539,0.9491740662957986,0.9452830775132276
s0346,spinal_cord,0.9343,0.9156745735063724,0.9244850175925933
s0346,sternum,0.9326,0.9791666590774335,0.8732627035714287
s0346,subclavian_artery_left,0.9342,0.8709921843052615,0.8831039951058198
s0346,subclavian_artery_right,0.9435,0.8713282564284818,0.8811234017195775
s0346,superior_vena_cava,0.916,0.9499271766390804,0.909341682275132
s0346,thyroid_gland,0.8323,0.866280399946245,0.8346830838624337
s0346,trachea,0.9724,0.9117075004061351,0.919497653968254
s0346,vertebrae_C1,0.9347,0.9126131980194729,0.9285021011904759
s0346,vertebrae_C2,0.9794,0.8882851497432499,0.950522681746032
s0346,vertebrae_C3,0.9725,0.9265796140642154,0.9205668018823769
s0346,vertebrae_C4,0.9627,0.9216772456088694,0.940434662698413
s0346,vertebrae_C5,0.9605,0.8650086992174346,0.9124233364357868
s0346,vertebrae_C6,0.9582,0.9362670455339123,0.930887529232804
s0346,vertebrae_C7,0.9708,0.954020052233129,0.9569568164021168
s0346,vertebrae_T1,0.9798,0.9564815971684123,0.9599630416666668
s0346,vertebrae_T2,0.9804,0.9455804171855745,0.9605595272486774
s0346,vertebrae_T3,0.9797,0.9604274228290836,0.9506608207551702
s0346,vertebrae_T4,0.9806,0.9538343644437818,0.9231750698412696
s0346,vertebrae_T5,0.9808,0.9880474386274827,0.9498309392857145
s0346,vertebrae_T6,0.9411,0.9277643992977795,0.8788200962962962
s1428,adrenal_gland_left,0.8495,0.9074301029608541,0.8198714313492067
s1428,adrenal_gland_right,0.8454,0.8813635121433694,0.7939666667388169
s1428,aorta,0.9592,0.8552467654515955,0.8459399755291008
s1428,autochthon_left,0.9627,0.9710959117796731,0.9550712510582019
s1428,autochthon_right,0.9695,0.9432149181809475,0.9579232933862435
s1428,colon,0.9141,0.8303799781644627,0.8475109681216925
s1428,costal_cartilages,0.8482,0.8599088538526357,0.8477381537999036
s1428,duodenum,0.9021,0.8624974516115121,0.8652858862433862
s1428,esophagus,0.89,0.9248991511838499,0.9046799519119776
s1428,gallbladder,0.7219,0.8992739902945918,0.9006392116402109
s1428,heart,0.9139,0.9033534507079066,0.8952934477513222
s1428,iliopsoas_left,0.9471,0.918276645944387,0.8863163358465609
s1428,iliopsoas_right,0.924,0.9060796308591459,0.905762634920635
s1428,inferior_vena_cava,0.9135,0.9444322618575123,0.9050172873015875
s1428,kidney_left,0.9674,0.927832113674126,0.8936214023809524
s1428,kidney_right,0.966,0.9714949961108976,0.9131877494708999
s1428,liver,0.9771,0.9538830776104517,0.9397029532051283
s1428,lung_lower_lobe_left,0.9805,0.9244622943376835,0.936499005627705
s1428,lung_lower_lobe_right,0.9818,0.9663043362020561,0.9560629495430485
s1428,lung_middle_lobe_right,0.9514,0.9449509625505802,0.9202470579365077
s1428,lung_upper_lobe_left,0.9678,0.9129633896643493,0.9133335941798938
s1428,lung_upper_lobe_right,0.7099,0.5911706863402215,0.6407047992063493
s1428,pancreas,0.9081,0.9055391952967761,0.8904346869047616
s1428,portal_vein_and_splenic_vein,0.7772,0.8472722727343965,0.7401445161375662
s1428,pulmonary_vein,0.8728,0.7428359763357106,0.7750662161375662
s1428,rib_left_10,0.9167,0.9603218754174303,0.9369977686507934
s1428,rib_left_11,0.9191,0.9498265737509697,0.9284653253968252
s1428,rib_left_12,0.9146,0.929988021673734,0.9151484488095237
s1428,rib_left_4,0.7803,0.6710298707709953,0.710880530555556
s1428,rib_left_5,0.8737,0.6148866807023462,0.7125169920634915
s1428,rib_left_6,0.8815,0.9465296675563307,0.9329726965608468
s1428,rib_left_7,0.9154,0.9095608824771847,0.9069022339947097
s1428,rib_left_8,0.9405,0.9738610964326654,0.9376216679413177
s1428,rib_left_9,0.929,0.9689712633700363,0.938952973496873
s1428,rib_right_10,0.949,0.9565452104068664,0.941494880952381
s1428,rib_right_11,0.9267,0.9525317435545302,0.9255278022486768
s1428,rib_right_12,0.9012,0.9563993646986056,0.8955415328042329
s1428,rib_right_4,0.8413,0.5427238207068259,0.6686043783068782
s1428,rib_right_5,0.9106,0.8927367005029943,0.9269311080687834
s1428,rib_right_6,0.9246,0.9297230571864288,0.9366647309523808
s1428,rib_right_7,0.9322,0.8762514752669742,0.9136850158730163
s1428,rib_right_8,0.9409,0.9378330078278412,0.9334130015873012
s1428,rib_right_9,0.893,0.9070110611275352,0.9227274466931222
s1428,scapula_left,0.9405,0.8547157138184077,0.8672555350529106
s1428,scapula_right,0.9352,0.8980303478937555,0.9260213518518513
s1428,small_bowel,0.9263,0.8487450224207719,0.826478923809524
s1428,spinal_cord,0.9287,0.9556915700047697,0.9353489453703707
s1428,spleen,0.9731,0.9619037624510177,0.9543541592592594
s1428,sternum,0.926,0.9783370326518944,0.9015514948412696
s1428,stomach,0.9528,0.9147153063940381,0.9155432847883592
s1428,superior_vena_cava,0.9315,0.6551468980198466,0.6080683910052914
s1428,vertebrae_L1,0.9531,0.9596659370185123,0.930648278968254
s1428,vertebrae_L2,0.9646,0.9484064731860911,0.9276943260582018
s1428,vertebrae_L3,0.9585,0.9656426022178833,0.9321444769841277
s1428,vertebrae_L4,0.8822,0.822088556067186,0.7319557230158731
s1428,vertebrae_T10,0.9608,0.9659272924777255,0.9382521753968253
s1428,vertebrae_T11,0.9619,0.9624684375132785,0.936847522222222
s1428,vertebrae_T12,0.9569,0.9635695367122058,0.934086247883598
s1428,vertebrae_T7,0.9384,0.9476884045894202,0.9054455048941806
s1428,vertebrae_T8,0.9505,0.9527598838106401,0.9324195985449734
s1428,vertebrae_T9,0.9562,0.9515997555306933,0.9330308923280423
s0308,adrenal_gland_left,0.9047,0.872964430711145,0.8785424485449734
s0308,adrenal_gland_right,0.8017,0.8818996474046553,0.8849203543049545
s0308,aorta,0.9677,0.8677897072518054,0.8794013351851845
s0308,atrial_appendage_left,0.9356,0.9033944504854552,0.8825653884920638
s0308,autochthon_left,0.9713,0.9656994290484447,0.9708065718494459
s0308,autochthon_right,0.9645,0.9779996568247258,0.9695059749999987
s0308,colon,0.8506,0.9407924332333057,0.873922961243386
s0308,costal_cartilages,0.8977,0.8066863766714155,0.8812880955026458
s0308,duodenum,0.8565,0.9188710555378505,0.9009817608465608
s0308,esophagus,0.9035,0.9270818614444117,0.9024815968253971
s0308,femur_left,0.9745,0.9843755884629376,0.9792009091269841
s0308,femur_right,0.9792,0.9877411045028497,0.9814039190476185
s0308,gallbladder,0.9083,0.9143688327490329,0.8795637083333339
s0308,gluteus_maximus_left,0.959,0.9496163934150109,0.9673273240740735
s0308,gluteus_maximus_right,0.9727,0.9728386079986943,0.9694431646825393
s0308,gluteus_medius_left,0.9631,0.9654732492199817,0.9612666348244341
s0308,gluteus_medius_right,0.9682,0.9688207052585409,0.9616904948412701
s0308,gluteus_minimus_left,0.9324,0.9427535594099773,0.9364493394179887
s0308,gluteus_minimus_right,0.9463,0.9129443509689134,0.9343218550264557
s0308,heart,0.9182,0.9529268319633787,0.9392650617724869
s0308,hip_left,0.9775,0.9622940665618674,0.9762090414021166
s0308,hip_right,0.9784,0.9702507488306664,0.9788919055675801
s0308,iliac_artery_left,0.877,0.8998737383272895,0.9006140261904767
s0308,iliac_artery_right,0.92,0.9053768446576307,0.9123704585978833
s0308,iliac_vena_left,0.9364,0.931331131956824,0.9170644596560847
s0308,iliac_vena_right,0.9026,0.907230612283477,0.9189782312169316
s0308,iliopsoas_left,0.9658,0.9660714427642055,0.9634475604016359
s0308,iliopsoas_right,0.9737,0.9586112825891098,0.9664140994709001
s0308,inferior_vena_cava,0.9249,0.9378194436341605,0.9446943882275131
s0308,kidney_left,0.9784,0.952598897480895,0.9735951908730164
s0308,kidney_right,0.9705,0.9720312986677095,0.972498061111112
s0308,liver,0.9798,0.9954637368611511,0.9686795384920635
s0308,lung_lower_lobe_left,0.9748,0.9907270818337957,0.9815265025132275
s0308,lung_lower_lobe_right,0.8521,0.850352738699956,0.8290507662698413
s0308,lung_middle_lobe_right,0.698,0.8767179012662625,0.8267772158730158
s0308,lung_upper_lobe_left,0.9679,0.9788281669063217,0.9819995182539679
s0308,lung_upper_lobe_right,0.7452,0.9690824191179668,0.9535194146825399
s0308,pancreas,0.9251,0.8933611356609348,0.8813263064814809
s0308,portal_vein_and_splenic_vein,0.8742,0.8621569030401495,0.8704411887566131
s0308,prostate,0.8601,0.910478087930768,0.7861522087301586
s0308,pulmonary_vein,0.894,0.8259578935178039,0.8588013900793644
s0308,rib_left_10,0.9749,0.9609915356718045,0.9575332392857138
s0308,rib_left_11,0.9624,0.9639393770840826,0.9570502817460322
s0308,rib_left_12,0.947,0.9769822987868404,0.9336678658730153
s0308,rib_left_2,0.6429,0.0656464691439045,0.19231725079365078
s0308,rib_left_3,0.9358,0.586656406572754,0.6025085825396822
s0308,rib_left_4,0.9532,0.929357130658513,0.9266222568783078
s0308,rib_left_5,0.9605,0.9150324624647861,0.9401036293650797
s0308,rib_left_6,0.9723,0.9627302378626229,0.9479767357142862
s0308,rib_left_7,0.9742,0.9631526972768654,0.9485261484126984
s0308,rib_left_8,0.9612,0.9529151542999544,0.9571776218253969
s0308,rib_left_9,0.9679,0.9618802404658398,0.9619916194444441
s0308,rib_right_10,0.9611,0.9855915383619266,0.9599197066137564
s0308,rib_right_11,0.9579,0.9713301338707098,0.9407028912698419
s0308,rib_right_12,0.9598,0.9272335489717246,0.9409626567460317
s0308,rib_right_3,0.9362,0.8918025218296775,0.8709321357142865
s0308,rib_right_4,0.949,0.9463304621993193,0.9292984842592599
s0308,rib_right_5,0.9702,0.932362836945093,0.9403091174603175
s0308,rib_right_6,0.9619,0.9705227246971782,0.9584669723544975
s0308,rib_right_7,0.9739,0.9700648183902061,0.9634329595238094
s0308,rib_right_8,0.9665,0.9679738840283317,0.9637872982804235
s0308,rib_right_9,0.974,0.9649862850308357,0.963778424867725
s0308,sacrum,0.9215,0.9746208417773224,0.9161194166666665
s0308,scapula_left,0.9558,0.961858104811411,0.9572087297619047
s0308,scapula_right,0.9057,0.9725944502106351,0.9606122781746035
s0308,small_bowel,0.8726,0.9156979083335282,0.8752978585978836
s0308,spinal_cord,0.9418,0.9325707667955088,0.9349239902116403
s0308,spleen,0.9837,0.9540178402219862,0.957240895238095
s0308,sternum,0.9199,0.8168686606702182,0.9122702601851856
s0308,stomach,0.9439,0.938374649257796,0.9464759772366527
s0308,superior_vena_cava,0.9578,0.9358097404954322,0.9113297777777776
s0308,trachea,0.9178,0.9681538760420594,0.8941471423280422
s0308,urinary_bladder,0.9161,0.8396582768152103,0.9129627457671955
s0308,vertebrae_L1,0.9865,0.9858666162547063,0.9814006480158725
s0308,vertebrae_L2,0.9882,0.9936802050135758,0.9839325853174603
s0308,vertebrae_L3,0.9859,0.9747636198005382,0.9831069224867726
s0308,vertebrae_L4,0.9848,0.978479949667551,0.9825093858465612
s0308,vertebrae_L5,0.9669,0.9200007387951163,0.949426952574277
s0308,vertebrae_S1,0.8922,0.9121592075366507,0.9486579091269843
s0308,vertebrae_T10,0.9839,0.9627042103192666,0.9778210064814807
s0308,vertebrae_T11,0.9813,1.0,0.9779310488095236
s0308,vertebrae_T12,0.983,0.9807702924050312,0.9750815572751321
s0308,vertebrae_T4,0.0,0.5268696417572849,0.5389670437830687
s0308,vertebrae_T5,0.9679,0.8809487076074706,0.912071175132275
s0308,vertebrae_T6,0.9768,0.9781357960202949,0.9618136179894181
s0308,vertebrae_T7,0.9788,0.9824843476718055,0.9643277052910048
s0308,vertebrae_T8,0.9821,0.9878243163319143,0.9635026666666664
s0308,vertebrae_T9,0.9827,0.9452670453941113,0.9400584130952391
s0441,adrenal_gland_left,0.8795,0.8772175888013469,0.8881533664021168
s0441,adrenal_gland_right,0.9179,0.8841230699474344,0.8833509533068786
s0441,aorta,0.9644,0.9597666449816965,0.9509929361111114
s0441,autochthon_left,0.9791,0.9722466993366831,0.9718175021404515
s0441,autochthon_right,0.9785,0.9642320406807394,0.9722534626984126
s0441,colon,0.8889,0.8915326906553325,0.8956477242063492
s0441,costal_cartilages,0.8929,0.8854718305153485,0.8823165132034624
s0441,duodenum,0.7625,0.898752667164911,0.8890029247354486
s0441,esophagus,0.9481,0.8756659743755321,0.9153478614357865
s0441,femur_left,0.986,0.9811795559666188,0.9821683929894169
s0441,femur_right,0.9884,0.9816416590796729,0.9825867294973538
s0441,gallbladder,0.9342,0.8911748416054902,0.8478851238095239
s0441,gluteus_maximus_left,0.969,0.9615299398194044,0.9709194317460316
s0441,gluteus_maximus_right,0.973,0.9704955037722769,0.9685061326719576
s0441,gluteus_medius_left,0.9615,0.9609831228401594,0.9570902662698414
s0441,gluteus_medius_right,0.9611,0.9595883621947342,0.9565080990740745
s0441,gluteus_minimus_left,0.9402,0.9091105833498917,0.9234710248797499
s0441,gluteus_minimus_right,0.9506,0.8884989243014326,0.929262976190476
s0441,heart,0.9291,0.8675564110230353,0.9141225896825398
s0441,hip_left,0.9834,0.9849076159791602,0.9842361672438672
s0441,hip_right,0.9845,0.9830413511286034,0.9827297265873018
s0441,iliac_artery_left,0.9151,0.9224510129012748,0.9139557980158722
s0441,iliac_artery_right,0.9128,0.9473288960508583,0.9246048871693121
s0441,iliac_vena_left,0.9406,0.9229017562639508,0.9122069758177006
s0441,iliac_vena_right,0.8824,0.9222242521464507,0.9121869670634919
s0441,iliopsoas_left,0.9524,0.9607535444704262,0.9610958924603172
s0441,iliopsoas_right,0.9631,0.9564127694324194,0.961817825793651
s0441,inferior_vena_cava,0.9294,0.9297655823287067,0.9370380424603174
s0441,kidney_left,0.981,0.9784851174417579,0.9782431185185186
s0441,kidney_right,0.9811,0.9771185328809224,0.9797762427248681
s0441,liver,0.99,0.984175840930542,0.9833701804232802
s0441,lung_lower_lobe_left,0.9944,0.9727318220221784,0.9833597595238092
s0441,lung_lower_lobe_right,0.9948,0.9803000252585926,0.9876129757936511
s0441,lung_middle_lobe_right,0.9873,0.9814697011079981,0.9637346398148147
s0441,lung_upper_lobe_left,0.9834,0.9197598121467025,0.9419379394179889
s0441,pancreas,0.9072,0.9015099424993123,0.9093066333333335
s0441,portal_vein_and_splenic_vein,0.863,0.89821340779602,0.8884718229557474
s0441,prostate,0.8295,0.7694562781493361,0.7663036603174614
s0441,pulmonary_vein,0.9176,0.9566793692844675,0.8591551589947086
s0441,rib_left_10,0.9745,0.9757028790574964,0.9705954027777777
s0441,rib_left_11,0.9647,0.9646049182484522,0.958836948051949
s0441,rib_left_12,0.9499,0.9321122721381104,0.9290539609788355
s0441,rib_left_6,0.8348,0.7247392497667997,0.8849737071428566
s0441,rib_left_7,0.9263,0.9645825625856161,0.8233646015392013
s0441,rib_left_8,0.9804,0.9880713206418182,0.9538238035714287
s0441,rib_left_9,0.9751,0.9796347324049622,0.9721936867243873
s0441,rib_right_10,0.972,0.9183732945186509,0.9687993440476195
s0441,rib_right_11,0.9591,0.9512683122579818,0.9554350846560845
s0441,rib_right_12,0.9457,0.8983996620310133,0.9123043986772493
s0441,rib_right_6,0.7941,0.28621567662985437,0.44338907791005294
s0441,rib_right_7,0.8995,0.9649898824008232,0.9346281263227509
s0441,rib_right_8,0.9824,0.9799023686078219,0.9588914642857145
s0441,rib_right_9,0.9683,0.9720236869251178,0.9715912447700457
s0441,sacrum,0.9567,0.9436112677352956,0.94784464500962
s0441,scapula_left,0.849,0.9071573123322954,0.7078796472222222
s0441,small_bowel,0.8966,0.9486848349646159,0.9226857812169311
s0441,spinal_cord,0.933,0.9467666028866394,0.9473435247354501
s0441,spleen,0.9842,0.9803608573189737,0.9599234070105825
s0441,sternum,0.5795,0.8729630230443758,0.8643835083333331
s0441,stomach,0.9641,0.9472703854538603,0.952479001587302
s0441,urinary_bladder,0.9274,0.8288798321984127,0.9209691648148146
s0441,vertebrae_L1,0.988,0.9773717731111327,0.9742922224627222
s0441,vertebrae_L2,0.989,0.9754779136046274,0.9861317982804233
s0441,vertebrae_L3,0.987,0.9856919090921407,0.9808080396825399
s0441,vertebrae_L4,0.9841,0.9820140386557356,0.9850754648027898
s0441,vertebrae_L5,0.9889,0.9871938754647901,0.9843322884920633
s0441,vertebrae_S1,0.9422,0.959431117806152,0.9617483547619052
s0441,vertebrae_T10,0.9848,0.9734114460284637,0.9742345920634913
s0441,vertebrae_T11,0.9863,0.9737814586053664,0.9811896292328047
s0441,vertebrae_T12,0.9862,0.97374825050708,0.9810818088624335
s0441,vertebrae_T7,0.9479,1.0,0.9112313309523813
s0441,vertebrae_T8,0.9722,0.9044351298207742,0.8455637298941799
s0441,vertebrae_T9,0.9875,0.9861646042644954,0.9704453583638594
s1260,brain,0.9789,0.9954594095303063,0.962293295105821
s1260,skull,0.9352,0.9364179184283932,0.9437695584656081
s1260,spinal_cord,0.6938,0.8829166627229518,0.7314210719576721
s1260,vertebrae_C1,0.9161,0.859356530208862,0.8652269900793652
s1260,vertebrae_C2,0.8789,0.8700008712430487,0.6840842916666668
s1184,aorta,0.9847,0.9397799964761117,0.9275347449735447
s1184,autochthon_left,0.921,0.9507419524832305,0.9056231513227512
s1184,autochthon_right,0.9447,0.9546230058123141,0.9302918744708993
s1184,brachiocephalic_trunk,0.83,0.9148882347064897,0.9275195272486771
s1184,brachiocephalic_vein_left,0.8239,0.8564114797890454,0.8452444523809522
s1184,brachiocephalic_vein_right,0.9289,0.8733833322547271,0.8982147395502645
s1184,brain,0.9513,0.953338589724673,0.9344207023809528
s1184,clavicula_left,0.9689,0.9193419048663559,0.926320478042328
s1184,clavicula_right,0.9027,0.9166705889770096,0.9271320142857143
s1184,common_carotid_artery_left,0.8611,0.9262616634212748,0.9122169581168826
s1184,common_carotid_artery_right,0.8668,0.9291805513794971,0.8987895837301585
s1184,costal_cartilages,0.8511,0.7642253566116376,0.8048230039923036
s1184,esophagus,0.9087,0.8746339822189682,0.8923840330687831
s1184,heart,0.8471,0.9756432435551856,0.9515203174603172
s1184,humerus_left,0.8593,0.9412921560434002,0.7931683805555558
s1184,humerus_right,0.9548,0.9374178611831057,0.8963476145502648
s1184,lung_lower_lobe_left,0.9827,0.9825920620586727,0.9547897365079363
s1184,lung_lower_lobe_right,0.9113,0.9643859275722965,0.8866590144179889
s1184,lung_upper_lobe_left,0.9926,0.9950865562434659,0.9853684646825404
s1184,lung_upper_lobe_right,0.9933,0.994005335136812,0.9902562440476191
s1184,rib_left_1,0.9279,0.8840059111512801,0.9287153502645515
s1184,rib_left_2,0.9553,0.9145637521957087,0.9563300919312172
s1184,rib_left_3,0.9761,0.934227228167753,0.9255490898148144
s1184,rib_left_4,0.9757,1.0,0.9493504637566139
s1184,rib_left_5,0.9763,0.9602297666448599,0.8958462275132282
s1184,rib_left_6,0.9635,0.8380076356595226,0.8071526205026457
s1184,rib_right_1,0.8251,0.8542947141028673,0.9138427964285711
s1184,rib_right_2,0.9542,0.9276284614402048,0.9516644873015879
s1184,rib_right_3,0.9611,0.9578633043651029,0.9434583958994704
s1184,rib_right_4,0.9799,0.9942564674517053,0.9426616507936508
s1184,rib_right_5,0.9706,0.7172435604597849,0.7726733929894184
s1184,rib_right_6,0.9528,0.8977068350994913,0.8988292490740745
s1184,scapula_left,0.9465,0.9446652863633309,0.8800992722222221
s1184,scapula_right,0.9524,0.9843992891270735,0.9301363482804229
s1184,skull,0.9389,0.9311971433849935,0.9419377889369883
s1184,spinal_cord,0.8644,0.9297325179935448,0.9267851814814818
s1184,sternum,0.9329,0.9223432297297551,0.9029210023809516
s1184,subclavian_artery_left,0.9324,0.9289941183093644,0.9413199431216928
s1184,subclavian_artery_right,0.9093,0.9387734776308767,0.9366824675925927
s1184,superior_vena_cava,0.9421,0.9433164091132391,0.8878676370370374
s1184,thyroid_gland,0.8255,0.8824504282360615,0.8894227711640212
s1184,trachea,0.956,0.8416356258003949,0.8240658334295337
s1184,vertebrae_C1,0.5992,0.8119679056821125,0.8714805468253973
s1184,vertebrae_C2,0.9654,0.9472503634124472,0.936031385714286
s1184,vertebrae_C3,0.9394,0.9303869706260013,0.9264502067460311
s1184,vertebrae_C4,0.9343,0.9228138365844056,0.9278214619047614
s1184,vertebrae_C5,0.9376,0.9114007744459774,0.9232269235449735
s1184,vertebrae_C6,0.9306,0.9581564581930835,0.932069969179894
s1184,vertebrae_C7,0.9404,0.9692468429797547,0.9391542955026445
s1184,vertebrae_T1,0.9631,0.9792231841556199,0.9636530084656082
s1184,vertebrae_T2,0.9252,0.9368567274614615,0.9594798529100526
s1184,vertebrae_T3,0.7914,1.0,0.9593795341269837
s1184,vertebrae_T4,0.7923,0.9781748337340452,0.9528928089947079
s1184,vertebrae_T5,0.8424,0.9805232258724286,0.9484826186507934
s1184,vertebrae_T6,0.7143,0.9058295325882356,0.7415861624338621
s0994,adrenal_gland_left,0.9348,0.8340143808787988,0.8813935611111106
s0994,adrenal_gland_right,0.9397,0.8553765270450466,0.8918737519841267
s0994,aorta,0.9839,0.971796897686946,0.9718127571669074
s0994,atrial_appendage_left,0.9203,0.8772685858171996,0.8831315755892261
s0994,autochthon_left,0.9719,0.9670524767919945,0.9709100253968255
s0994,autochthon_right,0.9733,0.9678318920414193,0.9707115452380957
s0994,brachiocephalic_trunk,0.9435,0.8794304955476873,0.9014387058201064
s0994,brachiocephalic_vein_left,0.9515,0.9218631339623575,0.9058019126984133
s0994,brachiocephalic_vein_right,0.8806,0.9103083312769513,0.8943534340909095
s0994,clavicula_left,0.986,0.9734349062555385,0.9664390634920632
s0994,clavicula_right,0.9737,0.9577210000002685,0.953037157936508
s0994,colon,0.9271,0.911598654768271,0.9305308353174602
s0994,common_carotid_artery_left,0.888,0.9103047398845098,0.9109359873015876
s0994,common_carotid_artery_right,0.9102,0.9169706121733088,0.8161650682539691
s0994,costal_cartilages,0.9193,0.9067865349527957,0.8966444876984125
s0994,duodenum,0.755,0.9015170884799809,0.873714587830687
s0994,esophagus,0.9251,0.9049195839034904,0.921182701455027
s0994,femur_left,0.9867,0.9835097372187994,0.9823675300264538
s0994,femur_right,0.9853,0.9851182373867577,0.9821323116402119
s0994,gallbladder,0.9361,0.86760499035882,0.8682571521164023
s0994,gluteus_maximus_left,0.9786,0.9807425589471919,0.9729548039321789
s0994,gluteus_maximus_right,0.9717,0.9749119711653997,0.970567238888889
s0994,gluteus_medius_left,0.9679,0.9661452700712155,0.9628212517195768
s0994,gluteus_medius_right,0.9633,0.9624661344218086,0.9612188898148145
s0994,gluteus_minimus_left,0.9443,0.9332479456700361,0.9272444822751326
s0994,gluteus_minimus_right,0.9499,0.9313807422769397,0.9313828603174604
s0994,heart,0.9432,0.9332436227424329,0.9306174742063495
s0994,hip_left,0.9865,0.9837965256931278,0.9816852400793654
s0994,hip_right,0.9845,0.9751656450553203,0.9820273027777777
s0994,humerus_left,0.9748,1.0,0.9496085749999997
s0994,humerus_right,0.9839,0.9534092309913718,0.9368919051587293
s0994,iliac_artery_left,0.9443,0.9015804376678798,0.9133631330687831
s0994,iliac_artery_right,0.9345,0.9124508396513704,0.9052039978835974
s0994,iliac_vena_left,0.9338,0.904002998753943,0.910510110233285
s0994,iliac_vena_right,0.9419,0.9110307488311594,0.8941046041486292
s0994,iliopsoas_left,0.9699,0.966025730921146,0.966098611507937
s0994,iliopsoas_right,0.9728,0.9639274534248699,0.9663031072751321
s0994,inferior_vena_cava,0.9391,0.9304550583277337,0.930312332804233
s0994,kidney_cyst_left,0.0,0.42691208825599747,0.6132299337301587
s0994,kidney_left,0.9661,0.9764666482857508,0.9816722250601246
s0994,kidney_right,0.9855,0.979063597948539,0.9805916407407407
s0994,liver,0.9885,0.9794425391094054,0.9803218664021165
s0994,lung_lower_lobe_left,0.9839,0.9636016816989946,0.9656931949735448
s0994,lung_lower_lobe_right,0.9816,0.9650793186176391,0.9621962572631073
s0994,lung_middle_lobe_right,0.9768,0.982339382210496,0.970241022763348
s0994,lung_upper_lobe_left,0.9937,0.9823495868356017,0.9749661035714293
s0994,lung_upper_lobe_right,0.9855,0.9761340123163309,0.9705782107142856
s0994,pancreas,0.932,0.9076304477795716,0.9112360989417984
s0994,portal_vein_and_splenic_vein,0.8551,0.8524882118732076,0.8647212513227516
s0994,prostate,0.8531,0.8409334689078272,0.8297818436507932
s0994,pulmonary_vein,0.9249,0.9190822380561973,0.9175625773809526
s0994,rib_left_1,0.959,0.9430256247252456,0.9355175923761425
s0994,rib_left_10,0.9698,0.9671196358624722,0.9738884452380955
s0994,rib_left_11,0.9641,0.9598115678897792,0.9687237804954311
s0994,rib_left_12,0.9644,0.9314479876250686,0.9486484578042323
s0994,rib_left_2,0.974,0.9515639192077838,0.9671286698412699
s0994,rib_left_3,0.9237,0.952571027734353,0.9459924726190474
s0994,rib_left_4,0.9634,0.9630265694574751,0.9654871984126984
s0994,rib_left_5,0.9453,0.9676155200364337,0.9572869068783071
s0994,rib_left_6,0.9563,0.9619234950220911,0.9358728236772484
s0994,rib_left_7,0.9445,0.966397048919899,0.9600817812169312
s0994,rib_left_8,0.9718,0.9744397201646748,0.9693105293650791
s0994,rib_left_9,0.9807,0.9779327986866987,0.9731592939153444
s0994,rib_right_1,0.9112,0.9274446598397651,0.9419113177248671
s0994,rib_right_10,0.9784,0.9714275035730312,0.9719780746031746
s0994,rib_right_11,0.9703,0.964873834369098,0.962405665608466
s0994,rib_right_12,0.9549,0.9589113094793785,0.9531151218253977
s0994,rib_right_2,0.9606,0.9491103833604715,0.9452043992063488
s0994,rib_right_3,0.9337,0.9491697616178371,0.9444526966931212
s0994,rib_right_4,0.9586,0.9525605228716645,0.9439252816137563
s0994,rib_right_5,0.9771,0.963230384219196,0.9492549564814812
s0994,rib_right_6,0.9484,0.9693465817496436,0.9550720105616599
s0994,rib_right_7,0.9534,0.9746103534208739,0.9721860224867718
s0994,rib_right_8,0.9793,0.9727328766347207,0.974017716269841
s0994,rib_right_9,0.9746,0.969175726672016,0.9749339773809531
s0994,sacrum,0.9452,0.941354842118089,0.9402411658730163
s0994,scapula_left,0.9617,0.9599556806147392,0.9643697328042329
s0994,scapula_right,0.9576,0.966458620282226,0.9508566691798941
s0994,small_bowel,0.9277,0.9147501489626361,0.9131634456349202
s0994,spinal_cord,0.9588,0.9413349667631163,0.9465811390211637
s0994,spleen,0.9878,0.9747545585831496,0.9804506837301589
s0994,sternum,0.9342,0.9151479837462898,0.9257623492063487
s0994,stomach,0.9633,0.9443035967529546,0.9424252035714288
s0994,subclavian_artery_left,0.9542,0.9006716165801895,0.9119413235449734
s0994,subclavian_artery_right,0.9422,0.8825642035647931,0.9003344214285711
s0994,superior_vena_cava,0.9536,0.8991234182446948,0.9071845218253963
s0994,thyroid_gland,0.8721,0.9076975362852506,0.9202505087301586
s0994,trachea,0.9499,0.9607389923403892,0.9189710423280426
s0994,urinary_bladder,0.9542,0.867334427440263,0.9061838861111109
s0994,vertebrae_C7,0.9676,0.8600282804418017,0.9097062753968259
s0994,vertebrae_L1,0.989,0.9862488321940477,0.9833491509259263
s0994,vertebrae_L2,0.9892,0.9801115743202586,0.9703523310485805
s0994,vertebrae_L3,0.9866,0.9860790951158177,0.9826153846560847
s0994,vertebrae_L4,0.9867,0.9875936580097366,0.982318101190477
s0994,vertebrae_L5,0.987,0.9770952806188623,0.9825096432539686
s0994,vertebrae_S1,0.9234,0.9567023426634398,0.9511042265873014
s0994,vertebrae_T1,0.9852,0.966618660153094,0.9641746477513228
s0994,vertebrae_T10,0.9866,0.9862316890745232,0.9819841469576713
s0994,vertebrae_T11,0.9891,0.9837119027917972,0.9832998870370365
s0994,vertebrae_T12,0.9869,0.9873059059315821,0.9814216164021171
s0994,vertebrae_T2,0.9824,0.9338029193481342,0.968994862301588
s0994,vertebrae_T3,0.982,0.9674311370581277,0.960725103703704
s0994,vertebrae_T4,0.9839,0.9717532723477673,0.9728835829365079
s0994,vertebrae_T5,0.9826,0.9734293000852359,0.9690608095238095
s0994,vertebrae_T6,0.9648,0.9722124873231289,0.969924225132274
s0994,vertebrae_T7,0.9728,0.9597853410518999,0.9674558013227511
s0994,vertebrae_T8,0.9867,0.9659345579903614,0.9758011445767198
s0994,vertebrae_T9,0.9858,0.9755159548967424,0.9833287111111111
s0572,autochthon_left,0.9142,0.934386728228842,0.9429353924603177
s0572,autochthon_right,0.9385,0.9472825826363478,0.9464997506613755
s0572,brachiocephalic_vein_left,0.0,0.5043260716348542,0.6162425865079365
s0572,brachiocephalic_vein_right,0.3763,0.6730459480543048,0.755110571861472
s0572,brain,0.7355,0.7234294456102197,0.7743288327561327
s0572,clavicula_left,0.9421,0.8718981858336383,0.9053035398148145
s0572,clavicula_right,0.9011,0.9790364062329852,0.9599919412698402
s0572,common_carotid_artery_left,0.8947,0.875812481591171,0.8647792480158726
s0572,common_carotid_artery_right,0.9036,0.8073983984661898,0.8429663329365082
s0572,esophagus,0.9159,0.924231286565961,0.8461163377344877
s0572,lung_lower_lobe_left,0.0,0.07431552283002262,0.0769413273809524
s0572,lung_upper_lobe_left,0.9778,1.0,0.9575595426406927
s0572,lung_upper_lobe_right,0.9775,0.969824291147004,0.9460643245189989
s0572,rib_left_1,0.9477,0.9508995565098926,0.9328604201058204
s0572,rib_left_2,0.9258,0.9430134126405382,0.9386404527777777
s0572,rib_left_3,0.9233,0.9410217100491238,0.90452903941799
s0572,rib_right_1,0.8482,0.960024291269376,0.9377807980158738
s0572,rib_right_2,0.9559,0.9724989651602484,0.9386752161375665
s0572,rib_right_3,0.8333,0.9518521454541191,0.921889621957672
s0572,scapula_left,0.8885,0.9780684450600302,0.941050627380953
s0572,scapula_right,0.9318,0.9248543082451901,0.9480680087301583
s0572,skull,0.9465,0.9449956762104683,0.9385298732804231
s0572,spinal_cord,0.9187,0.9290666969768777,0.9230467202380951
s0572,subclavian_artery_left,0.8959,0.8944327010919695,0.8352909992063495
s0572,subclavian_artery_right,0.7365,0.8303164953762253,0.8306643198412699
s0572,thyroid_gland,0.862,0.8430607370321831,0.850723289021164
s0572,trachea,0.9629,0.9475545310450489,0.9445867689153433
s0572,vertebrae_C1,0.8382,0.9233754710557952,0.9177571137566138
s0572,vertebrae_C2,0.9538,0.9697112762543354,0.95747582910053
s0572,vertebrae_C3,0.9367,0.9414107893698354,0.9171070876984128
s0572,vertebrae_C4,0.94,0.9501494097363671,0.9270992829365077
s0572,vertebrae_C5,0.9404,0.9663662593686254,0.9494337023809525
s0572,vertebrae_C6,0.9309,0.9572992836609997,0.915679957142858
s0572,vertebrae_C7,0.9081,0.9817976472461353,0.965699940343915
s0572,vertebrae_T1,0.5444,0.9725056302113305,0.9658149804232795
s0572,vertebrae_T2,0.1516,0.9856681736214109,0.9639324714285713
s0572,vertebrae_T3,0.1143,0.9782917529214114,0.9229656639971129
s0572,vertebrae_T4,0.01,0.2213334727788572,0.32738282791005285
s1286,aorta,0.343,0.7691662500231295,0.7756782865079369
s1286,autochthon_left,0.9636,0.9319738920487182,0.9143878623015871
s1286,autochthon_right,0.9633,0.8904861323258737,0.9119133638888892
s1286,colon,0.8793,0.9385469226782761,0.9292663078523327
s1286,costal_cartilages,0.7874,0.7913518006160821,0.814244447222222
s1286,duodenum,0.5138,0.7056807391234848,0.7730301046296304
s1286,gallbladder,0.896,0.953860194514803,0.8128252015873015
s1286,iliopsoas_left,0.9315,0.8126525026861333,0.8052259906084659
s1286,iliopsoas_right,0.9386,0.8679314197911535,0.8359804552910057
s1286,inferior_vena_cava,0.0857,0.6159276746511703,0.7193513408730161
s1286,kidney_left,0.8032,0.7671706209827431,0.7571527246031743
s1286,kidney_right,0.8351,0.9029751380591428,0.8949919257936504
s1286,liver,0.8789,0.9721994822938859,0.928315419576719
s1286,pancreas,0.0,0.0,0.3354733285714286
s1286,rib_left_10,0.5682,0.6827881895169504,0.699962325925926
s1286,rib_left_11,0.9125,0.8581881919241057,0.901286368650794
s1286,rib_left_12,0.9602,0.9775956157505494,0.9435489267195764
s1286,rib_left_8,0.8423,0.7359227756194906,0.7287294886002887
s1286,rib_left_9,0.377,0.7733105110958237,0.7080805195767197
s1286,rib_right_10,0.654,0.9066479623735552,0.7810440126984125
s1286,rib_right_11,0.7341,0.9555918405466561,0.9056638944444438
s1286,rib_right_12,0.9638,0.9750064469220013,0.9425479298941798
s1286,rib_right_8,0.7077,0.9397454097034675,0.7838155912698416
s1286,rib_right_9,0.8327,0.8117585142238212,0.7519359428571429
s1286,small_bowel,0.3705,0.6848375438119061,0.7196667997354497
s1286,spinal_cord,0.9641,0.8022873214729263,0.7455114554232808
s1286,vertebrae_L1,0.8436,0.8976354745476665,0.7791382202380954
s1286,vertebrae_L2,0.647,0.8412559660626427,0.7740099205026456
s1286,vertebrae_L3,0.5034,0.8374872995521713,0.7654093830687829
s1286,vertebrae_L4,0.0086,0.9078072555038661,0.8465635448412692
s0650,adrenal_gland_left,0.9178,0.8960493215574478,0.9021989030423279
s0650,adrenal_gland_right,0.9138,0.8937183887382519,0.8966075635040887
s0650,aorta,0.9652,0.9512975708222033,0.9577892173992669
s0650,atrial_appendage_left,0.9344,0.8006761744445552,0.8686756763347762
s0650,autochthon_left,0.9513,0.9678618991918169,0.9605027162698405
s0650,autochthon_right,0.9394,0.9587220395921815,0.9568016698412699
s0650,brachiocephalic_trunk,0.9266,0.9315004153941923,0.8506567043650793
s0650,brachiocephalic_vein_left,0.9425,0.8912027836709133,0.9045710582010579
s0650,brachiocephalic_vein_right,0.7069,0.7701339347714209,0.8300464698412694
s0650,clavicula_left,0.9764,0.9661599484347515,0.965671434151034
s0650,clavicula_right,0.9727,0.961550923400823,0.9523866692039443
s0650,colon,0.8996,0.9384335937138526,0.919079212301588
s0650,common_carotid_artery_left,0.9485,0.7906088196445041,0.8011742097883601
s0650,common_carotid_artery_right,0.9173,0.6333624028889522,0.7661813662698417
s0650,costal_cartilages,0.8981,0.8696554834112457,0.8465250313492062
s0650,duodenum,0.8771,0.8225150497365343,0.8586813904761903
s0650,esophagus,0.849,0.9126270679800934,0.8951459555555555
s0650,femur_left,0.9871,0.9917588098903658,0.9782713984126985
s0650,femur_right,0.9868,0.932758337887922,0.9677150486772484
s0650,gallbladder,0.932,0.965193183904163,0.8827236197089947
s0650,gluteus_maximus_left,0.9547,0.9382888139237267,0.9585616658730155
s0650,gluteus_maximus_right,0.9632,0.9319264138229502,0.961643366402116
s0650,gluteus_medius_left,0.9462,0.9321669718183776,0.9460903439153435
s0650,gluteus_medius_right,0.9476,0.9460023451917327,0.9476963142857143
s0650,gluteus_minimus_left,0.9342,0.8913442034812877,0.8814049166666661
s0650,gluteus_minimus_right,0.9203,0.9467955726205655,0.9230037437830687
s0650,heart,0.9348,0.9366357735627256,0.9448833111111111
s0650,hip_left,0.9797,0.9598777512629936,0.9688790728835981
s0650,hip_right,0.9809,0.9791288681108585,0.9721392070105825
s0650,humerus_left,0.9613,0.94808608379359,0.9574211207671958
s0650,humerus_right,0.9716,0.9611569537404502,0.8812171092592598
s0650,iliac_artery_left,0.9031,0.864392116117978,0.8962826690476191
s0650,iliac_artery_right,0.9348,0.8721723330789,0.8770236695767204
s0650,iliac_vena_left,0.9491,0.901434310753264,0.9080304414021166
s0650,iliac_vena_right,0.9339,0.8945276700554051,0.8792444518518516
s0650,iliopsoas_left,0.9321,0.9701471721139732,0.948546578703703
s0650,iliopsoas_right,0.9322,0.9508916569647636,0.9473247272486774
s0650,inferior_vena_cava,0.8994,0.8647974657670894,0.8775059975348726
s0650,kidney_cyst_left,0.0,0.34331054257921834,0.40859389444444444
s0650,kidney_left,0.9818,0.9577453252479193,0.9537365674603163
s0650,kidney_right,0.9742,0.9444178782050189,0.9605659116402118
s0650,liver,0.9804,0.9897597324433488,0.9800453239417986
s0650,lung_lower_lobe_left,0.3107,0.8101628690266416,0.8705589309523815
s0650,lung_lower_lobe_right,0.9854,0.9954630775006557,0.9823908063492064
s0650,lung_middle_lobe_right,0.9421,0.900955077769327,0.9634630267195763
s0650,lung_upper_lobe_left,0.8321,0.9336772676659703,0.8640895980158736
s0650,lung_upper_lobe_right,0.9703,0.9960751553879685,0.9835648226791733
s0650,pancreas,0.8786,0.9073332030572566,0.8966673932539684
s0650,portal_vein_and_splenic_vein,0.8339,0.8349943877641117,0.8513986305555561
s0650,prostate,0.839,0.7722344366841177,0.7354131186507938
s0650,pulmonary_vein,0.921,0.8519151224119721,0.8545477380952379
s0650,rib_left_1,0.9511,0.9438584137705632,0.9504129937590183
s0650,rib_left_10,0.3356,0.5075673094169519,0.5502652761904767
s0650,rib_left_11,0.4016,0.8013850041018806,0.7121513101851856
s0650,rib_left_12,0.3132,0.7672443154028428,0.7001213923280424
s0650,rib_left_2,0.9625,0.9517177574807434,0.9581304462962957
s0650,rib_left_3,0.9262,0.9642860230705443,0.9423770419672928
s0650,rib_left_4,0.9597,0.9635548973506067,0.9517061624338623
s0650,rib_left_5,0.9103,0.9633571630553377,0.9562218589947082
s0650,rib_left_6,0.5043,0.5851739394546235,0.6265935019841264
s0650,rib_left_7,0.1549,0.478440857158753,0.5783403784391532
s0650,rib_left_8,0.1258,0.4803252765339724,0.555979297089947
s0650,rib_left_9,0.2566,0.5085066127057408,0.5732925000000006
s0650,rib_right_1,0.8921,0.8599769769520862,0.7552494367724872
s0650,rib_right_10,0.554,0.4421383171022677,0.4695097482804233
s0650,rib_right_11,0.833,0.7648464814936563,0.7085576441798943
s0650,rib_right_12,0.9286,0.5554826069365901,0.6532964806878307
s0650,rib_right_2,0.8524,0.7807218408779121,0.7742729079365079
s0650,rib_right_3,0.908,0.8600894996091816,0.826466560846561
s0650,rib_right_4,0.8123,0.9645415107873292,0.9410879107142854
s0650,rib_right_5,0.6149,0.6684840084199983,0.6690876223544969
s0650,rib_right_6,0.4548,0.39290003895646697,0.47336423571428543
s0650,rib_right_7,0.4333,0.43605225178108853,0.5268187275132276
s0650,rib_right_8,0.2476,0.4000407178935218,0.4694085797619047
s0650,rib_right_9,0.3166,0.48210658216075564,0.505887521957672
s0650,sacrum,0.9412,0.89263434319844,0.9174979387566138
s0650,scapula_left,0.9531,0.9581841218328534,0.948634643915343
s0650,scapula_right,0.9389,0.9596525469399444,0.9454716969576714
s0650,small_bowel,0.8258,0.9490376428671614,0.9298486801587298
s0650,spinal_cord,0.9567,0.9436898593252029,0.9043872440476184
s0650,spleen,0.9524,0.9608852936582617,0.9712007966931215
s0650,sternum,0.9345,0.9101603113981416,0.9209780743386234
s0650,stomach,0.9471,0.934687142557569,0.9504115551587295
s0650,subclavian_artery_left,0.911,0.8588066787572725,0.8560257857142856
s0650,subclavian_artery_right,0.9269,0.8519157149721024,0.8521824983645984
s0650,superior_vena_cava,0.9001,0.8797449271484293,0.8835883570105822
s0650,thyroid_gland,0.9049,0.8636035586230266,0.8973951095238093
s0650,trachea,0.9514,0.9660215340818795,0.9134721316137562
s0650,urinary_bladder,0.958,0.9358510587463219,0.9173733229677733
s0650,vertebrae_C6,0.9421,0.9489940776064372,0.8598506641774891
s0650,vertebrae_C7,0.9485,0.9793245390874918,0.9501336948412694
s0650,vertebrae_L1,0.9854,0.9667576277142511,0.9695399023809521
s0650,vertebrae_L2,0.9876,0.9679608049215408,0.9686067486772488
s0650,vertebrae_L3,0.9865,0.9646714095084192,0.9719248764069272
s0650,vertebrae_L4,0.9857,0.9586203877242763,0.967145842460317
s0650,vertebrae_L5,0.9842,0.9703358400210182,0.9739245567460313
s0650,vertebrae_S1,0.9227,0.8128314106496445,0.8636801891534389
s0650,vertebrae_T1,0.9735,0.9518187790658658,0.9500471384920629
s0650,vertebrae_T10,0.9843,0.9708405520960359,0.9696090558201066
s0650,vertebrae_T11,0.9738,0.9512003464124973,0.9642418087301583
s0650,vertebrae_T12,0.9777,0.9532546752482651,0.9649515752645499
s0650,vertebrae_T2,0.9643,0.9536601810416135,0.9129646728835983
s0650,vertebrae_T3,0.9582,0.9572199917856936,0.9502156274771523
s0650,vertebrae_T4,0.9812,0.9266129986036077,0.9423037337301586
s0650,vertebrae_T5,0.9693,0.9597055463338218,0.9625539058201056
s0650,vertebrae_T6,0.9645,0.9172754077770275,0.9145790279100523
s0650,vertebrae_T7,0.9638,0.9140600911190414,0.9111204350529097
s0650,vertebrae_T8,0.974,0.9240519462761332,0.9187334836820584
s0650,vertebrae_T9,0.9817,0.969392261301111,0.9721545341269848
s0667,adrenal_gland_left,0.8977,0.8843770208722952,0.8817452095238096
s0667,adrenal_gland_right,0.9208,0.9013763186117156,0.9010709932539677
s0667,aorta,0.9609,0.9590334882665498,0.9677719154761901
s0667,atrial_appendage_left,0.8609,0.9217840154088115,0.8889997817821073
s0667,autochthon_left,0.9704,0.9747399532033062,0.9665209607142848
s0667,autochthon_right,0.959,0.9719657594228762,0.9668852519841262
s0667,brachiocephalic_trunk,0.9608,0.9070481998949234,0.9109245810846558
s0667,brachiocephalic_vein_left,0.9401,0.9389458487647192,0.9360700547619046
s0667,brachiocephalic_vein_right,0.9461,0.917791976509127,0.9000469509259265
s0667,clavicula_left,0.967,0.9613292092861719,0.9327723103174608
s0667,clavicula_right,0.9501,0.956160475866475,0.9326801916666673
s0667,colon,0.9001,0.88158760796676,0.8776536301587305
s0667,common_carotid_artery_left,0.9568,0.9308370720372683,0.9179848995310238
s0667,common_carotid_artery_right,0.9024,0.9185381770836797,0.8851281923280421
s0667,costal_cartilages,0.8624,0.9014466406879275,0.8690996058201063
s0667,duodenum,0.8433,0.8962086298558595,0.8777574798941803
s0667,esophagus,0.9266,0.9206794717783344,0.9126317551587299
s0667,femur_left,0.9877,0.9923830289460558,0.9805475060846565
s0667,femur_right,0.988,0.9583819193573736,0.9822388341269842
s0667,gallbladder,0.9571,0.9103382093965048,0.9129860862433867
s0667,gluteus_maximus_left,0.9718,0.9793128461781753,0.9664294445767196
s0667,gluteus_maximus_right,0.973,0.9700297471409318,0.9702855961640217
s0667,gluteus_medius_left,0.9655,0.9633865308139047,0.9636739870370377
s0667,gluteus_medius_right,0.9566,0.9671059887245929,0.9633052642857143
s0667,gluteus_minimus_left,0.9333,0.9420948469430235,0.9441101869047622
s0667,gluteus_minimus_right,0.9443,0.945055107011963,0.9506289440476193
s0667,heart,0.9246,0.9260944562182442,0.8949317976791727
s0667,hip_left,0.9846,0.9825513789073912,0.9758422066137562
s0667,hip_right,0.9837,0.9883299151696725,0.9756988129629631
s0667,humerus_left,0.9759,0.9463476445668724,0.7955138519841266
s0667,humerus_right,0.9852,0.9407123654256563,0.9580757630952377
s0667,iliac_artery_left,0.8945,0.9153639551411066,0.9046865469576724
s0667,iliac_artery_right,0.9183,0.9053176220135666,0.9013909115079364
s0667,iliac_vena_left,0.9252,0.9118024252239587,0.9104163083333336
s0667,iliac_vena_right,0.8934,0.9113910728868218,0.8988369646825402
s0667,iliopsoas_left,0.963,0.9651051096356705,0.9654601429894175
s0667,iliopsoas_right,0.9641,0.9623476854164519,0.9657802579365076
s0667,inferior_vena_cava,0.937,0.9509122181961612,0.9392866474867728
s0667,kidney_left,0.9791,0.9769996543101133,0.9563355261904761
s0667,kidney_right,0.9848,0.990746475672354,0.976578849386724
s0667,liver,0.9868,0.9672386863208509,0.9762095932539683
s0667,lung_lower_lobe_left,0.9866,0.9824754471406961,0.9874955378103389
s0667,lung_lower_lobe_right,0.9912,0.9847673935721152,0.9881677347883594
s0667,lung_middle_lobe_right,0.9723,0.9585301832253792,0.9574030783068791
s0667,lung_upper_lobe_left,0.9902,0.9921631009118175,0.9859247605699853
s0667,lung_upper_lobe_right,0.9861,0.9834283046497057,0.9850239265873026
s0667,pancreas,0.9244,0.8815403418741066,0.8783253199735448
s0667,portal_vein_and_splenic_vein,0.8711,0.8262173095055003,0.8218775449735446
s0667,prostate,0.8105,0.7800207048490427,0.8083857502645503
s0667,pulmonary_vein,0.8876,0.8950680575044861,0.8950884539682545
s0667,rib_left_1,0.9303,0.941350337208204,0.9349194374098126
s0667,rib_left_10,0.9627,0.953417243233971,0.9646891304232802
s0667,rib_left_11,0.9717,0.9464242507862778,0.9635096229797979
s0667,rib_left_12,0.926,0.8474716278774771,0.930063497222222
s0667,rib_left_2,0.9721,0.9223508338280352,0.9468694208994712
s0667,rib_left_3,0.9705,0.9585669799661501,0.9629210488095242
s0667,rib_left_4,0.9513,0.9667312061609867,0.9658855714285716
s0667,rib_left_5,0.9026,0.9045386451524112,0.9423208414021169
s0667,rib_left_6,0.8515,0.7723898176311835,0.7992075474506977
s0667,rib_left_7,0.8498,0.8490848136004421,0.7858052839947093
s0667,rib_left_8,0.9264,0.8588134962883117,0.9023278380952379
s0667,rib_left_9,0.9778,0.9622669349170067,0.9670732538359788
s0667,rib_right_1,0.9486,0.9326375025442573,0.9316525748436755
s0667,rib_right_10,0.9545,0.9319860955706001,0.9662191444083701
s0667,rib_right_11,0.9623,0.9475661090755937,0.9672631382275131
s0667,rib_right_12,0.9622,0.9009428647284753,0.9506388948412704
s0667,rib_right_2,0.9659,0.9535750267741155,0.9446271812169316
s0667,rib_right_3,0.9586,0.9513020122612854,0.9587504818783075
s0667,rib_right_4,0.9587,0.9456518213345078,0.957059749074074
s0667,rib_right_5,0.9535,0.972852207084793,0.9672121111111102
s0667,rib_right_6,0.9679,0.9702968752186449,0.9646544932539691
s0667,rib_right_7,0.9698,0.9701882910131735,0.9704158460317459
s0667,rib_right_8,0.9725,0.967443925102207,0.9679571067460316
s0667,rib_right_9,0.9615,0.9643517942247786,0.9703036523809525
s0667,sacrum,0.9468,0.9555613254050771,0.9456968244708992
s0667,scapula_left,0.9058,0.95313461732432,0.9347844367724868
s0667,scapula_right,0.9449,0.9691500900215271,0.9606298415945167
s0667,small_bowel,0.9113,0.9022147691109343,0.8738324255291006
s0667,spinal_cord,0.9439,0.951082366324713,0.9411586896825386
s0667,spleen,0.9807,0.9809398755266633,0.9731530269841278
s0667,sternum,0.9422,0.9296889644629089,0.9377239101851855
s0667,stomach,0.9675,0.9524414025911527,0.9555877314814816
s0667,subclavian_artery_left,0.9191,0.8989685122774811,0.9109174050264545
s0667,subclavian_artery_right,0.9376,0.8426364271786261,0.8899127767195777
s0667,superior_vena_cava,0.9388,0.9592016697325498,0.9377693321067818
s0667,thyroid_gland,0.8937,0.8645311061281391,0.829903996825397
s0667,trachea,0.9546,0.946676209157314,0.9586997846560851
s0667,urinary_bladder,0.8778,0.8372672310952071,0.9354301767195762
s0667,vertebrae_C5,0.9654,0.8903345141195131,0.7804326380952386
s0667,vertebrae_C6,0.9379,0.9483225460518151,0.8821863072751323
s0667,vertebrae_C7,0.9517,0.8681220601146246,0.8548365138888889
s0667,vertebrae_L1,0.9887,0.9739527353481915,0.9530157867724868
s0667,vertebrae_L2,0.9807,0.9876725612689555,0.9846372171957672
s0667,vertebrae_L3,0.9821,0.9882886322238355,0.9807167238095235
s0667,vertebrae_L4,0.9805,0.9830478222319043,0.9787614071428565
s0667,vertebrae_L5,0.9806,0.9654503838942877,0.9699015187830685
s0667,vertebrae_S1,0.9513,0.9294412318566736,0.9499473347883598
s0667,vertebrae_T1,0.9736,0.9476850297344199,0.9494098599206356
s0667,vertebrae_T10,0.9782,0.9719636550768949,0.9664341993386241
s0667,vertebrae_T11,0.9804,0.9546794163969234,0.9700478929894177
s0667,vertebrae_T12,0.9837,0.9831295694354555,0.9790218944444449
s0667,vertebrae_T2,0.9643,0.9533242100812419,0.9621972563492062
s0667,vertebrae_T3,0.9229,0.8875797386448113,0.8789757726190478
s0667,vertebrae_T4,0.8036,0.7827127664107807,0.7723146781746035
s0667,vertebrae_T5,0.4947,0.5267661391642284,0.6089392583694085
s0667,vertebrae_T6,0.3309,0.5364977712176319,0.5858324142857143
s0667,vertebrae_T7,0.4405,0.6142078917622674,0.761437763492064
s0667,vertebrae_T8,0.7087,0.9742063086797906,0.973511540608466
s0667,vertebrae_T9,0.9782,0.8893961083022516,0.9105160202380955
s0760,adrenal_gland_left,0.8954,0.9022332885947437,0.896499941269841
s0760,adrenal_gland_right,0.9254,0.9006149338852703,0.8832478100529105
s0760,aorta,0.9785,0.9490564016434838,0.9262014547619053
s0760,autochthon_left,0.9811,0.9668387631258066,0.9730707759259257
s0760,autochthon_right,0.978,0.974066921968937,0.9736014406084653
s0760,colon,0.8454,0.8583658688444128,0.8749325662698417
s0760,costal_cartilages,0.8778,0.8886954130347086,0.8643524994708985
s0760,duodenum,0.8667,0.8001947920789665,0.7816464591269837
s0760,esophagus,0.9144,0.8717282315095649,0.890644940199615
s0760,femur_left,0.9856,0.9862650604398664,0.9806578038359788
s0760,femur_right,0.9852,0.9782318410576079,0.9707472675925924
s0760,gallbladder,0.9296,0.9413747200146815,0.9166299436147185
s0760,gluteus_maximus_left,0.9788,0.9739558866631034,0.9712615845238097
s0760,gluteus_maximus_right,0.9796,0.969451528804274,0.9717787992063495
s0760,gluteus_medius_left,0.967,0.9842914479171955,0.9633961511784518
s0760,gluteus_medius_right,0.9714,0.9800184147341213,0.9650266688071197
s0760,gluteus_minimus_left,0.932,0.9245762504227217,0.9294402220418471
s0760,gluteus_minimus_right,0.9552,0.9479072410203815,0.9313634460317455
s0760,heart,0.9039,0.8622685479748722,0.8823630784632037
s0760,hip_left,0.9842,0.9842276063783101,0.9792092428571427
s0760,hip_right,0.9877,0.9831827036216525,0.9791737385762382
s0760,iliac_artery_left,0.8847,0.8480118209467514,0.8133896263227517
s0760,iliac_artery_right,0.9224,0.8675812729835016,0.8946185972222218
s0760,iliac_vena_left,0.9565,0.9205688113301558,0.9132045523809514
s0760,iliac_vena_right,0.9495,0.9250400584144961,0.890632489153439
s0760,iliopsoas_left,0.9678,0.9689412090013045,0.9609574838624337
s0760,iliopsoas_right,0.9723,0.9679192833064342,0.9622440515873014
s0760,inferior_vena_cava,0.9499,0.9130487477378976,0.9378337940476189
s0760,kidney_left,0.982,0.977639941308395,0.9797414300264558
s0760,kidney_right,0.9834,0.971080138134034,0.9764114035714286
s0760,liver,0.9801,0.9775095631108298,0.9806185492063494
s0760,lung_lower_lobe_left,0.9834,0.9676717507446595,0.9873695915343914
s0760,lung_lower_lobe_right,0.9557,0.9844655562037189,0.9844374388888895
s0760,lung_middle_lobe_right,0.7948,0.8882118476086914,0.8352805736772483
s0760,lung_upper_lobe_left,0.809,0.9824092287030325,0.9183656160052907
s0760,pancreas,0.8933,0.911086582487593,0.9185352189153438
s0760,portal_vein_and_splenic_vein,0.8844,0.9080127509247369,0.8992306615079366
s0760,rib_left_10,0.9789,0.9764245352105796,0.9602447686507929
s0760,rib_left_11,0.9724,0.9662679214664611,0.9544448805555555
s0760,rib_left_12,0.9438,0.9223149866663103,0.9543775892857143
s0760,rib_left_6,0.0,0.7579350997222272,0.7425840027777779
s0760,rib_left_7,0.7794,1.0,0.9274753219576712
s0760,rib_left_8,0.9765,0.909027904911706,0.9314759460317464
s0760,rib_left_9,0.9802,0.9765781310882725,0.9583351242063491
s0760,rib_right_10,0.9665,0.9608514505268445,0.9484107182539679
s0760,rib_right_11,0.9612,0.9229813323096603,0.9458756623015877
s0760,rib_right_12,0.9709,0.8828244206332414,0.9011850771164029
s0760,rib_right_6,0.8664,0.8985814202345508,0.7765303144179891
s0760,rib_right_7,0.9627,0.9662028795023045,0.9458204388888892
s0760,rib_right_8,0.982,0.9595717981235212,0.9564709202380955
s0760,rib_right_9,0.9742,0.9647629349530955,0.9645204884920634
s0760,sacrum,0.9646,0.9395418947988672,0.9504047579365077
s0760,small_bowel,0.8462,0.7854065244067876,0.8329954292328041
s0760,spinal_cord,0.9481,0.9460551874519897,0.9404288338624337
s0760,spleen,0.9792,0.9757093577490527,0.9665856494708991
s0760,stomach,0.9268,0.9683942316542692,0.9555608480158734
s0760,urinary_bladder,0.9672,0.9144533021232991,0.9333130304232803
s0760,vertebrae_L1,0.9896,0.9707183772823433,0.9853388017195768
s0760,vertebrae_L2,0.992,0.9831000511671412,0.9846983030423276
s0760,vertebrae_L3,0.9896,0.9900699200999371,0.9851187378306882
s0760,vertebrae_L4,0.9898,0.9868777945333559,0.9834500875661378
s0760,vertebrae_L5,0.9884,0.9881197489496881,0.9854428306878307
s0760,vertebrae_S1,0.9464,0.9700778519710319,0.9497343619047628
s0760,vertebrae_T10,0.9878,0.9480126991755091,0.9596868838624342
s0760,vertebrae_T11,0.9876,0.9413089934828941,0.9401622144179902
s0760,vertebrae_T12,0.9893,0.9529862966469862,0.9526852118686876
s0760,vertebrae_T9,0.98,0.997108525352504,0.9173155905363164
s0614,autochthon_left,0.9405,0.9016944707516511,0.9341540411172158
s0614,autochthon_right,0.9751,0.9611179997516137,0.9464673468253958
s0614,colon,0.9092,0.9033433889855017,0.8532840968253969
s0614,femur_left,0.9773,0.9677147255591327,0.9609037461640211
s0614,femur_right,0.9789,0.8989862237301903,0.9564564189153439
s0614,gluteus_maximus_left,0.9631,0.9442179674569162,0.9628359753968253
s0614,gluteus_maximus_right,0.9682,0.9570274811285283,0.9660038202380954
s0614,gluteus_medius_left,0.9667,0.9598266026571468,0.9435912117724864
s0614,gluteus_medius_right,0.9714,0.9486748182459864,0.924966423412699
s0614,gluteus_minimus_left,0.9543,0.923981558352499,0.9146599498677254
s0614,gluteus_minimus_right,0.9519,0.9432816895553336,0.910255952380952
s0614,hip_left,0.9796,0.9544752509612301,0.960915551587301
s0614,hip_right,0.9787,0.9558691029041435,0.9620199718855222
s0614,iliac_artery_left,0.827,0.8703764456749301,0.8743918972222224
s0614,iliac_artery_right,0.7656,0.682217762124418,0.6912386498677247
s0614,iliac_vena_left,0.9147,0.9113370922652982,0.8892295272486777
s0614,iliac_vena_right,0.8905,0.8716626672772237,0.8756012611111116
s0614,iliopsoas_left,0.9647,0.9531938261445823,0.9459350022486775
s0614,iliopsoas_right,0.9671,0.9523646458624687,0.9545802694444442
s0614,inferior_vena_cava,0.8318,0.5487884539731671,0.5954066638888884
s0614,prostate,0.8335,0.8316287600774148,0.8076855921957669
s0614,sacrum,0.9262,0.8902003045439558,0.8900221898148148
s0614,small_bowel,0.7764,0.8321242118292301,0.8169791611111105
s0614,spinal_cord,0.886,0.9016076411903684,0.8726939489417983
s0614,urinary_bladder,0.9602,0.9636942034397342,0.9348142420634925
s0614,vertebrae_L4,0.9751,0.9804333080479197,0.9554354519841267
s0614,vertebrae_L5,0.9852,0.9694858380952959,0.9671449293650789
s0614,vertebrae_S1,0.8798,0.9464790294469594,0.9240252158730163
s0291,adrenal_gland_left,0.9354,0.8987649404367034,0.9022609817340062
s0291,adrenal_gland_right,0.9199,0.9228535494608069,0.8897377908730157
s0291,aorta,0.9667,0.9502433894439866,0.9409311615079361
s0291,autochthon_left,0.9716,0.9661832976148339,0.9654067218855221
s0291,autochthon_right,0.9695,0.9695458360677561,0.9593618904040403
s0291,colon,0.9289,0.9135710684070996,0.9057183032708028
s0291,costal_cartilages,0.8391,0.7655510480761454,0.8541523864774114
s0291,duodenum,0.9023,0.8755705633109049,0.8853214567460314
s0291,esophagus,0.9255,0.9045575771521613,0.9162531980158723
s0291,femur_left,0.9831,0.9583789130683162,0.9677215257936514
s0291,femur_right,0.9796,0.9914076835102178,0.9681145337301592
s0291,gluteus_maximus_left,0.9726,0.9762540359313773,0.9497622502645502
s0291,gluteus_maximus_right,0.9755,0.9598916374056197,0.9657366009259255
s0291,gluteus_medius_left,0.9612,0.9653637736536376,0.9560641291005296
s0291,gluteus_medius_right,0.9626,0.9643958467880489,0.9573179755291007
s0291,gluteus_minimus_left,0.9515,0.9289260180181433,0.924598486652237
s0291,gluteus_minimus_right,0.9474,0.9307043348569083,0.9364650833333331
s0291,heart,0.884,0.9031333919806775,0.9175541629629637
s0291,hip_left,0.975,0.9744732649081509,0.9777425829365081
s0291,hip_right,0.9737,0.9736598379271046,0.9786147019841275
s0291,iliac_artery_left,0.8066,0.7860242469791092,0.7517587937830686
s0291,iliac_artery_right,0.849,0.9020007785246509,0.9039067100529098
s0291,iliac_vena_left,0.9395,0.9321897391908869,0.9259931637566136
s0291,iliac_vena_right,0.9383,0.9211757412951397,0.9029887509259263
s0291,iliopsoas_left,0.97,0.9548020860315909,0.9527113682539681
s0291,iliopsoas_right,0.9687,0.9611690481673197,0.9620474689874936
s0291,inferior_vena_cava,0.9465,0.9067298886083873,0.9191757723544978
s0291,kidney_cyst_left,0.0,0.10588795225957821,0.18402383015873014
s0291,kidney_left,0.981,0.978761093362323,0.9630097326109076
s0291,kidney_right,0.986,0.9567104849508907,0.9626486274521784
s0291,liver,0.9829,0.9792255664251241,0.9748668613516105
s0291,lung_lower_lobe_left,0.9572,0.9770754125301803,0.9863672929894184
s0291,lung_lower_lobe_right,0.9521,0.9784770691378332,0.976613183333333
s0291,lung_middle_lobe_right,0.6917,0.8633299747732104,0.8807343920634916
s0291,lung_upper_lobe_left,0.8042,0.8385740423539131,0.8628104925925927
s0291,pancreas,0.948,0.9051784407524402,0.9128159880952379
s0291,portal_vein_and_splenic_vein,0.8736,0.8797915409362939,0.8813709234126983
s0291,prostate,0.0,0.40285870512206445,0.46364427328042335
s0291,rib_left_10,0.9379,0.9599813015367481,0.9603758150793646
s0291,rib_left_11,0.9305,0.9476721785957444,0.9371902391534387
s0291,rib_left_12,0.9279,0.8997437583232554,0.9328305972582981
s0291,rib_left_6,0.9144,0.8613373271272917,0.8431438722222223
s0291,rib_left_7,0.9485,0.8755716740154362,0.8823756660256414
s0291,rib_left_8,0.9419,0.8511840861297104,0.8605064862433868
s0291,rib_left_9,0.943,0.9548471325828484,0.9412534611111113
s0291,rib_right_10,0.9298,0.9571036446237619,0.9608547421957663
s0291,rib_right_11,0.9105,0.9441076753917914,0.9429693002645497
s0291,rib_right_12,0.9326,0.9477964548173583,0.928642101851852
s0291,rib_right_6,0.7908,0.5127819096027267,0.6571272096560848
s0291,rib_right_7,0.9502,0.9209738051683635,0.9221103642857137
s0291,rib_right_8,0.9464,0.9203675316452684,0.8961610187830685
s0291,rib_right_9,0.9539,0.9503820816072457,0.940747653174603
s0291,sacrum,0.9425,0.9324870397541951,0.9353236313492056
s0291,small_bowel,0.9471,0.9306079769898324,0.9200378043650798
s0291,spinal_cord,0.9152,0.9467602559316394,0.924948265079365
s0291,spleen,0.9808,0.9619870737243034,0.9556564634920632
s0291,stomach,0.9718,0.9535170082824622,0.9535596317099571
s0291,urinary_bladder,0.9447,0.9656612236680556,0.9488851768518513
s0291,vertebrae_L1,0.9777,0.978898236983828,0.9813661773809523
s0291,vertebrae_L2,0.9787,0.9715099772503528,0.9742709691798939
s0291,vertebrae_L3,0.9822,0.978831643754673,0.9853643047619046
s0291,vertebrae_L4,0.9794,0.9802999230407101,0.9849055562169314
s0291,vertebrae_L5,0.9768,0.9808243490704768,0.983875138095238
s0291,vertebrae_S1,0.9225,0.9432465634191023,0.9513284230158727
s0291,vertebrae_T10,0.9557,0.9694336577137469,0.9685200018518518
s0291,vertebrae_T11,0.9674,0.9478275277729787,0.9703305675925924
s0291,vertebrae_T12,0.9741,0.9734460723334876,0.9701466660052913
s0291,vertebrae_T8,0.9048,0.5270725000275928,0.5221911571428568
s0291,vertebrae_T9,0.8733,0.8132803186727602,0.7974305162698424
s0655,aorta,0.9786,0.8867012417564569,0.8306321791005293
s0655,atrial_appendage_left,0.9369,0.9002037568647913,0.9065772841269848
s0655,costal_cartilages,0.444,0.775303601384898,0.8018464765873016
s0655,esophagus,0.9194,0.8521227706890064,0.8864347828042323
s0655,heart,0.9459,0.9254330911926429,0.920518340740741
s0655,inferior_vena_cava,0.9312,0.8665746997826778,0.8082320415343912
s0655,liver,0.9378,0.9133696676834064,0.9306578329365071
s0655,lung_lower_lobe_left,0.9892,0.9928816941324805,0.9725100259259257
s0655,lung_lower_lobe_right,0.9787,0.9920897551690105,0.9756250691798939
s0655,lung_middle_lobe_right,0.9085,0.9779819667094185,0.9369383009259266
s0655,lung_upper_lobe_left,0.9912,0.9891409140227015,0.967673583862434
s0655,lung_upper_lobe_right,0.9257,0.9706280777975965,0.9437363925925922
s0655,pulmonary_vein,0.9505,0.6592449038473602,0.7463368965608469
s0655,rib_left_3,0.0,0.1467232006765868,0.2752755735569985
s0655,rib_left_4,0.0,0.5404994166983657,0.5366222031746032
s0655,rib_left_5,0.0,0.23581606948275774,0.3007025247474746
s0655,spleen,0.5836,0.9281761006814472,0.88888360462963
s0655,sternum,0.4341,0.9098406197049168,0.6803122252886
s0655,stomach,0.6593,1.0,0.8944925690476185
s0655,superior_vena_cava,0.8215,0.825942446861787,0.9004341018518522
s0655,trachea,0.9213,0.9717073517267572,0.8812389948412697
s0655,vertebrae_T10,0.9262,0.9709512802357821,0.9542551732804236
s0655,vertebrae_T11,0.9651,0.9595904616811995,0.9492866743386246
s0655,vertebrae_T12,0.915,0.9851016901927585,0.8996388906084646
s0655,vertebrae_T6,0.9257,0.964914246335103,0.9264244837301586
s0655,vertebrae_T7,0.9592,0.9842608490119023,0.953098810185185
s0655,vertebrae_T8,0.889,0.9925429426174666,0.9522201109788362
s0655,vertebrae_T9,0.7894,1.0,0.9321337599206346
s1002,aorta,0.9828,0.9857031093633012,0.9630065903439153
s1002,atrial_appendage_left,0.9367,0.9199205218382747,0.9199122853174604
s1002,brachiocephalic_trunk,0.9768,0.9285650453427899,0.8937162431216941
s1002,brachiocephalic_vein_left,0.9716,0.9407568544484903,0.9170988658730163
s1002,brachiocephalic_vein_right,0.9266,0.9202944882858524,0.8553104917508418
s1002,common_carotid_artery_left,0.9433,0.8122285527008763,0.8736852712962965
s1002,costal_cartilages,0.8978,0.7906281642446047,0.8006009001322748
s1002,esophagus,0.96,0.9352445241398524,0.9202516153439156
s1002,heart,0.9458,0.9381871715500951,0.9451718995310239
s1002,inferior_vena_cava,0.9241,0.9121878125491983,0.8818451014550261
s1002,liver,0.9623,0.944824629081044,0.9452821503968258
s1002,lung_lower_lobe_left,0.9904,1.0,0.979510217724868
s1002,lung_lower_lobe_right,0.9886,1.0,0.974690389153439
s1002,lung_middle_lobe_right,0.9198,0.8661813202405905,0.8991716722222223
s1002,lung_upper_lobe_left,0.9935,0.9835705267337485,0.9768341486772484
s1002,lung_upper_lobe_right,0.9666,0.926428582977383,0.9511912916666659
s1002,pulmonary_vein,0.9586,0.8003225060021405,0.7675347449735449
s1002,rib_left_1,0.6962,0.5587769419028807,0.6164738547619046
s1002,rib_left_10,0.9743,0.8686740800899498,0.8196685369047616
s1002,rib_left_2,0.9631,0.9227927113960035,0.8972885785714285
s1002,rib_left_3,0.9739,0.9587765455790812,0.9369495293650797
s1002,rib_left_4,0.975,0.9058154440562217,0.9108783293650795
s1002,rib_left_5,0.9736,0.9022491657813179,0.9088599317460324
s1002,rib_left_6,0.9596,0.670712762247899,0.6754322469576721
s1002,rib_left_7,0.956,0.5729596089033523,0.647668939550264
s1002,rib_left_8,0.9826,0.7878217785976949,0.8707530703703706
s1002,rib_left_9,0.9858,0.7752325344801685,0.8914527609788362
s1002,rib_right_1,0.0,0.4922678229317981,0.512466949939875
s1002,rib_right_2,0.8796,0.8183453979634968,0.7751379884920634
s1002,spleen,0.9703,0.8350858359802442,0.7225984222222223
s1002,sternum,0.8916,0.9543729119406312,0.9450720246031746
s1002,stomach,0.947,0.9146353717831118,0.8747328002645507
s1002,subclavian_artery_left,0.9482,0.9358711961017688,0.8931104547619046
s1002,superior_vena_cava,0.9728,0.9623795233782564,0.9403194370851369
s1002,trachea,0.9768,0.9159568622772469,0.9393160640211642
s1002,vertebrae_T10,0.971,0.9008547984618087,0.9407376332010582
s1002,vertebrae_T11,0.9918,0.8777505851211842,0.9362354521164029
s1002,vertebrae_T12,0.9908,0.948958345024851,0.9007014841269846
s1002,vertebrae_T3,0.9777,0.9189507194610579,0.9252728072751324
s1002,vertebrae_T4,0.9878,0.9240921838520868,0.9240756969576719
s1002,vertebrae_T5,0.9836,0.8687468583176292,0.9070629938672442
s1002,vertebrae_T6,0.9794,0.860700243568707,0.8848736020683025
s1002,vertebrae_T7,0.9737,0.8072049385746782,0.8741372742905251
s1002,vertebrae_T8,0.9831,0.7871903247895107,0.9130862206349203
s1002,vertebrae_T9,0.9688,0.9043562966215721,0.9229720951058198
s1195,aorta,0.972,0.813200581132433,0.79178300515873
s1195,autochthon_left,0.9423,0.9216079557579621,0.9350631793650799
s1195,autochthon_right,0.9569,0.9361944954239719,0.9284643914021163
s1195,brachiocephalic_trunk,0.9517,0.8022173793144451,0.8074546861111109
s1195,brachiocephalic_vein_left,0.9426,0.8964199231400587,0.8547766205026456
s1195,brachiocephalic_vein_right,0.8026,0.8908252966541071,0.8904521781746038
s1195,brain,0.9134,0.7353784462749774,0.7023130621693119
s1195,clavicula_left,0.977,0.9575560189286959,0.954704536507937
s1195,clavicula_right,0.9744,0.948025294872464,0.9449517181216932
s1195,common_carotid_artery_left,0.8092,0.9031342640630823,0.8800194481481483
s1195,common_carotid_artery_right,0.7965,0.8795332710889385,0.8538343952380956
s1195,costal_cartilages,0.8574,0.7725856037079241,0.8035674777777778
s1195,esophagus,0.9479,0.8850631510848073,0.8889410988095242
s1195,lung_lower_lobe_left,0.9226,0.9391648794145762,0.9050799341269837
s1195,lung_lower_lobe_right,0.8302,0.6924160226823205,0.7646111441197696
s1195,lung_upper_lobe_left,0.9922,0.9800833602316007,0.9820687602665849
s1195,lung_upper_lobe_right,0.9948,0.9848834632408815,0.9868839523300766
s1195,rib_left_1,0.954,0.8453947279854249,0.896508746031746
s1195,rib_left_2,0.9684,0.9351886501567244,0.9292566773809526
s1195,rib_left_3,0.9762,0.9676346947575857,0.9257511734126983
s1195,rib_left_4,0.9622,0.957105924222559,0.9043843425925928
s1195,rib_left_5,0.9456,0.8144861153145069,0.7952301947089944
s1195,rib_right_1,0.8937,0.8830753325019067,0.9062170779100529
s1195,rib_right_2,0.9402,0.9478659411099282,0.9338895190476184
s1195,rib_right_3,0.9637,0.9676022060023407,0.932588766931217
s1195,rib_right_4,0.9729,0.9800907554451944,0.8985352085978842
s1195,rib_right_5,0.9399,1.0,0.8201457416666665
s1195,scapula_left,0.9562,0.9695527489340849,0.7623878099206347
s1195,scapula_right,0.9574,0.9404747206099726,0.9422928218253963
s1195,skull,0.945,0.9645705448218379,0.9410947768518518
s1195,spinal_cord,0.9277,0.9326997413007065,0.9246914314814817
s1195,sternum,0.927,0.9151105133663977,0.8636824330687832
s1195,subclavian_artery_left,0.9506,0.8495542352257138,0.8659689907407405
s1195,subclavian_artery_right,0.8565,0.8911737644517782,0.8387257985449739
s1195,thyroid_gland,0.8806,0.9136820285964964,0.8407795832010585
s1195,trachea,0.9855,0.9228491101201869,0.9042891924603184
s1195,vertebrae_C1,0.9133,0.9012589730406102,0.9224604792328046
s1195,vertebrae_C2,0.9802,0.9562020860268919,0.950379252777779
s1195,vertebrae_C3,0.968,0.9676114980611856,0.9406786764550261
s1195,vertebrae_C4,0.964,0.9609026118764786,0.9391335075396825
s1195,vertebrae_C5,0.9616,0.9660395684759776,0.9412276154761903
s1195,vertebrae_C6,0.959,0.9697732236415361,0.9324854283068782
s1195,vertebrae_C7,0.9604,0.9315877830111946,0.9618320275132273
s1195,vertebrae_T1,0.9684,0.9533061305729568,0.9572289589947087
s1195,vertebrae_T2,0.9742,0.965582136992342,0.9571947473544975
s1195,vertebrae_T3,0.9727,0.9437967115374758,0.9407934992063495
s1195,vertebrae_T4,0.9733,0.9330805486808221,0.9567919502645494
s1195,vertebrae_T5,0.9092,0.6770765626184416,0.6613531275132277
s1133,adrenal_gland_left,0.413,0.7900849340205718,0.7253893702380949
s1133,adrenal_gland_right,0.8492,0.7059234730443618,0.7047647261904763
s1133,aorta,0.9659,0.9743444761931757,0.9722442563011058
s1133,atrial_appendage_left,0.9444,0.9460029473282053,0.9036519854700851
s1133,autochthon_left,0.9372,0.9563943100220338,0.9504506900793653
s1133,autochthon_right,0.9443,0.9577804804876255,0.9440756892857144
s1133,brachiocephalic_trunk,0.8232,0.9102479506115473,0.9130791744708997
s1133,brachiocephalic_vein_left,0.8852,0.9275838036436784,0.9148341260582017
s1133,brachiocephalic_vein_right,0.9014,0.8909174258700591,0.9006303623015868
s1133,clavicula_left,0.9588,0.941122450659362,0.9415598410052917
s1133,clavicula_right,0.9346,0.9376771801268087,0.9593964300264535
s1133,colon,0.6708,0.5953860801015936,0.7428106197089944
s1133,common_carotid_artery_left,0.8959,0.8952960480091373,0.8958550230158733
s1133,common_carotid_artery_right,0.8772,0.9038452132313882,0.8948172488095237
s1133,costal_cartilages,0.8136,0.8517185646548088,0.8709207099206352
s1133,duodenum,0.0,0.3284846623303913,0.20191958982683983
s1133,esophagus,0.7524,0.7220547981830987,0.7111267823352566
s1133,heart,0.9232,0.9531751819285379,0.9434121727513227
s1133,humerus_left,0.7627,0.9316599395670795,0.9043942125661376
s1133,humerus_right,0.8934,0.8771940491971243,0.8845025107142853
s1133,iliopsoas_left,0.9011,0.7922391949343967,0.8093322302910056
s1133,iliopsoas_right,0.8147,0.8916557152234074,0.8718259876984128
s1133,inferior_vena_cava,0.7605,0.8621162110236075,0.8708728848124103
s1133,kidney_left,0.7177,0.9093119275082568,0.8757251989417987
s1133,kidney_right,0.9029,0.8600916286645339,0.8332121226190475
s1133,liver,0.9699,0.9713884321017907,0.9682933182539684
s1133,lung_lower_lobe_left,0.9829,0.9823161868961975,0.9763210969576716
s1133,lung_lower_lobe_right,0.99,0.9942648385084185,0.9890364357142858
s1133,lung_middle_lobe_right,0.9779,0.9770395693582681,0.9681024239417986
s1133,lung_upper_lobe_left,0.987,0.9863920466602061,0.9817029046777299
s1133,lung_upper_lobe_right,0.9869,0.9880874257186942,0.9890473941798943
s1133,pancreas,0.8852,0.9651284108046256,0.8895703681216935
s1133,portal_vein_and_splenic_vein,0.0,0.25517349789934496,0.2863145653439153
s1133,pulmonary_vein,0.9323,0.986649615641089,0.9040189224867718
s1133,rib_left_1,0.6552,0.9024672305494994,0.9271837156084659
s1133,rib_left_10,0.8872,0.890210308905778,0.9263071318783063
s1133,rib_left_11,0.9065,0.8871669532477865,0.9295897665343912
s1133,rib_left_12,0.8882,0.9008191261661258,0.8729991488095241
s1133,rib_left_2,0.8459,0.8914317641795859,0.9183398785714286
s1133,rib_left_3,0.6833,0.7273451715237287,0.6964937619047624
s1133,rib_left_4,0.8297,0.824029026337796,0.8769932219576722
s1133,rib_left_5,0.8699,0.8621395509078184,0.7569721634920634
s1133,rib_left_6,0.8883,0.8760505309479895,0.7932300158730163
s1133,rib_left_7,0.9166,0.9286268366794752,0.9178598735449729
s1133,rib_left_8,0.8689,0.8853013546646522,0.9217183789682537
s1133,rib_left_9,0.8986,0.8867615337661925,0.9065586044973547
s1133,rib_right_1,0.9253,0.9532034977649103,0.938449083008658
s1133,rib_right_10,0.8946,0.9110088923748065,0.9412919874338619
s1133,rib_right_11,0.9223,0.9330664430708816,0.9309697199735448
s1133,rib_right_12,0.9122,0.8828604362262314,0.8851785048941798
s1133,rib_right_2,0.9344,0.9240129441314848,0.9444998727513223
s1133,rib_right_3,0.8642,0.947012665312242,0.8925327993386245
s1133,rib_right_4,0.88,0.9314575563338868,0.9286163665343917
s1133,rib_right_5,0.8778,0.8864490925840421,0.834862186507937
s1133,rib_right_6,0.8809,0.9881956336823214,0.9135850255291007
s1133,rib_right_7,0.8671,0.9835061923139865,0.9134648980158733
s1133,rib_right_8,0.8823,0.9194922795542875,0.9052540751322751
s1133,rib_right_9,0.8056,0.9419429489429013,0.9457062440476187
s1133,scapula_left,0.9296,0.9655028298823474,0.9519461952380958
s1133,scapula_right,0.9332,0.963319615245657,0.9459376777777779
s1133,skull,0.5118,0.38403091371306375,0.47869026468253956
s1133,spinal_cord,0.9235,0.9100313429876664,0.9391426623015877
s1133,spleen,0.9536,0.9480654924277314,0.9386851259259261
s1133,sternum,0.8429,0.9381025994074844,0.9304943105579608
s1133,stomach,0.9361,0.9434015121132979,0.9216364603174599
s1133,subclavian_artery_left,0.7417,0.7296639716682634,0.7280701146825395
s1133,subclavian_artery_right,0.8289,0.7191218519056112,0.7416346238095235
s1133,superior_vena_cava,0.9166,0.9245442780969594,0.9149683556637804
s1133,thyroid_gland,0.3398,0.8644094402204934,0.8140333154761908
s1133,trachea,0.9101,0.9770059185232531,0.9475478916666661
s1133,vertebrae_C7,0.8512,0.8716954431688283,0.9033121456349203
s1133,vertebrae_L1,0.9742,0.96540768796678,0.9681716641414146
s1133,vertebrae_L2,0.9776,0.9757367498369017,0.9597895373015872
s1133,vertebrae_L3,0.963,0.7845037586894243,0.7706320519841269
s1133,vertebrae_T1,0.9339,0.9718776817139732,0.9412231522486775
s1133,vertebrae_T10,0.9618,0.9295418206069288,0.93500872116402
s1133,vertebrae_T11,0.9697,0.951957981612729,0.966542737950938
s1133,vertebrae_T12,0.9788,0.9445586599846981,0.9596839970899471
s1133,vertebrae_T2,0.9371,0.9899467507986173,0.9657214214285716
s1133,vertebrae_T3,0.8816,0.9708798953385532,0.9636714710437718
s1133,vertebrae_T4,0.882,0.9783000173048035,0.9677013084656089
s1133,vertebrae_T5,0.9184,0.9467525856038725,0.9526981246031749
s1133,vertebrae_T6,0.9158,0.9553432828970922,0.9595939244708993
s1133,vertebrae_T7,0.9292,0.9379497582336872,0.935091036640211
s1133,vertebrae_T8,0.9663,0.9510671897331928,0.9361852977513218
s1133,vertebrae_T9,0.9684,0.9516827898640248,0.9355800715608458
s0311,adrenal_gland_left,0.8994,0.8938473554820616,0.9080011968253967
s0311,adrenal_gland_right,0.8791,0.8999344656604723,0.8839981166666668
s0311,aorta,0.9594,0.9943550908432118,0.8960928473544969
s0311,autochthon_left,0.9752,0.9582773744486925,0.9665239519841259
s0311,autochthon_right,0.9748,0.9693742531835612,0.968400731349206
s0311,colon,0.8989,0.936249341820196,0.8425701350889847
s0311,costal_cartilages,0.9071,0.8540742468710545,0.8514022062169307
s0311,duodenum,0.8705,0.8987421341521654,0.8916198656084653
s0311,esophagus,0.9384,0.9104663399716125,0.8917515552789795
s0311,femur_left,0.9792,0.979118854685137,0.973545160714286
s0311,femur_right,0.98,0.9790436133243384,0.9735966547619057
s0311,gluteus_maximus_left,0.9607,0.910049481129509,0.9598342624579116
s0311,gluteus_maximus_right,0.9736,0.9608719281510171,0.9668597263227512
s0311,gluteus_medius_left,0.9704,0.9575535676418712,0.9541352956349199
s0311,gluteus_medius_right,0.9667,0.9618447217140322,0.9591941627825882
s0311,gluteus_minimus_left,0.9463,0.9697791155564653,0.9451439873015871
s0311,gluteus_minimus_right,0.9577,0.9463590626266642,0.9471764294973535
s0311,heart,0.9283,0.9603158023959161,0.9272047169312168
s0311,hip_left,0.9827,0.968927568948517,0.9824186755291009
s0311,hip_right,0.9851,0.9684868804398358,0.9816171941798945
s0311,iliac_artery_left,0.9104,0.9235979919221485,0.9116240195767193
s0311,iliac_artery_right,0.9353,0.9187886383638603,0.9085712308201064
s0311,iliac_vena_left,0.9188,0.9325432031177345,0.9201521482563734
s0311,iliac_vena_right,0.9018,0.9340574498322937,0.9048316015873017
s0311,iliopsoas_left,0.9664,0.9572952721048958,0.9660998803150552
s0311,iliopsoas_right,0.9693,0.9615114442192614,0.9651578880952388
s0311,inferior_vena_cava,0.9258,0.9182871041849323,0.8898768951539195
s0311,kidney_left,0.9821,0.9826320823146802,0.9819902002645507
s0311,kidney_right,0.9823,0.9804176596061629,0.9823964325396829
s0311,liver,0.9894,0.9949533893065488,0.9824071892857146
s0311,lung_lower_lobe_left,0.959,0.9838792136182775,0.9831553007936514
s0311,lung_lower_lobe_right,0.9494,0.9995607148381525,0.9809499703703705
s0311,lung_middle_lobe_right,0.9106,0.979734028613145,0.9713949051587292
s0311,lung_upper_lobe_left,0.9003,0.9423349046413909,0.9559825535714289
s0311,lung_upper_lobe_right,0.2193,0.22533444485334386,0.38480385026455016
s0311,pancreas,0.9406,0.9277448352472719,0.9296715951058199
s0311,portal_vein_and_splenic_vein,0.8399,0.914408807782619,0.8868232601851844
s0311,prostate,0.7237,0.7309271498197382,0.7367045939153432
s0311,rib_left_10,0.9635,0.9593569395114107,0.9599992052910049
s0311,rib_left_11,0.9594,0.9629930398444018,0.9587926029100534
s0311,rib_left_12,0.9669,0.9668886275030156,0.9500657678571427
s0311,rib_left_6,0.9413,0.8312062498459089,0.8213936937830688
s0311,rib_left_7,0.9719,0.9553699766839461,0.9309304507936512
s0311,rib_left_8,0.9779,0.9742989689166444,0.9361326593915338
s0311,rib_left_9,0.9676,0.9473179266476289,0.9508156451058195
s0311,rib_right_10,0.9671,0.9751429640382203,0.9574877119047617
s0311,rib_right_11,0.9524,0.9676889895653321,0.9561552014550271
s0311,rib_right_12,0.941,0.979597675622438,0.9523500277777777
s0311,rib_right_6,0.953,0.8998404276960368,0.8411013329365081
s0311,rib_right_7,0.9712,0.9593718532829861,0.9290063582010584
s0311,rib_right_8,0.9701,0.9683507288895647,0.9309582015873016
s0311,rib_right_9,0.9575,0.9527756014434449,0.9499640861111119
s0311,sacrum,0.9543,0.9601982945134662,0.9120834413419912
s0311,small_bowel,0.918,0.9008265595501416,0.8979299529100527
s0311,spinal_cord,0.9352,0.8530154542993906,0.934756707804233
s0311,spleen,0.9806,0.9691978044137969,0.9495947873015876
s0311,sternum,0.7026,0.7911276333983703,0.7627010039682546
s0311,stomach,0.9695,0.9342973778615143,0.961285229629629
s0311,urinary_bladder,0.9474,0.9329564413398628,0.939131758465608
s0311,vertebrae_L1,0.9875,0.9727904735471657,0.9800804658730156
s0311,vertebrae_L2,0.9879,0.9726113307994527,0.9834692617724865
s0311,vertebrae_L3,0.9869,0.966975028675189,0.9808462452380953
s0311,vertebrae_L4,0.9839,0.9841822324872587,0.9819223000000004
s0311,vertebrae_L5,0.9824,0.9758007643454949,0.9831505863756611
s0311,vertebrae_S1,0.9312,0.8619401217686007,0.8240998960317455
s0311,vertebrae_T10,0.9798,0.9577488848001995,0.9721368724867714
s0311,vertebrae_T11,0.9822,0.9401177307519551,0.9768762054232807
s0311,vertebrae_T12,0.9835,0.9460308154815283,0.9748852162698409
s0311,vertebrae_T8,0.9245,0.6111908910230388,0.5651933515873018
s0311,vertebrae_T9,0.9483,0.797506918481719,0.7597129498316495
s0923,adrenal_gland_left,0.8681,0.8928472062524917,0.8831649805555556
s0923,adrenal_gland_right,0.9178,0.8897111415623905,0.8796074603174596
s0923,aorta,0.9663,0.9535698140561516,0.9520298154521407
s0923,atrial_appendage_left,0.9361,0.8662559672228268,0.8861015870370363
s0923,autochthon_left,0.9689,0.9700618395620533,0.9617450198412693
s0923,autochthon_right,0.9627,0.9745957439218133,0.9592017034391537
s0923,brachiocephalic_trunk,0.935,0.918640066463342,0.889233504761905
s0923,brachiocephalic_vein_left,0.9527,0.894582426387584,0.8752357456349207
s0923,brachiocephalic_vein_right,0.7818,0.9081640166044099,0.8660122543650789
s0923,brain,0.6758,0.7791003837254962,0.7784311075396818
s0923,clavicula_left,0.9751,0.9553488021126468,0.9514060234126981
s0923,clavicula_right,0.9676,0.9617526545948017,0.961264932936508
s0923,colon,0.9585,0.9206480928905245,0.9243603289682542
s0923,common_carotid_artery_left,0.8726,0.9131258677121016,0.8800274082010581
s0923,common_carotid_artery_right,0.8651,0.8685458327978044,0.873610615343915
s0923,costal_cartilages,0.8796,0.8743161343623693,0.8692162458994707
s0923,duodenum,0.9148,0.885523941527901,0.8764272460437712
s0923,esophagus,0.9468,0.9209321546125875,0.9267847391414143
s0923,femur_left,0.9823,0.993323220625402,0.9792527182539676
s0923,femur_right,0.9811,0.9869814984838439,0.9764555761904755
s0923,gallbladder,0.8654,0.565027605071484,0.6187626190476189
s0923,gluteus_maximus_left,0.9647,0.9757930256549439,0.9621426948412697
s0923,gluteus_maximus_right,0.976,0.9776777763375666,0.9605222727513221
s0923,gluteus_medius_left,0.9611,0.9553098336437915,0.952917715343915
s0923,gluteus_medius_right,0.9688,0.9662570665617591,0.9559176156084661
s0923,gluteus_minimus_left,0.9439,0.9175590495897297,0.8963567797619045
s0923,gluteus_minimus_right,0.9542,0.9286576359009416,0.936902429232804
s0923,heart,0.9455,0.9418307057068837,0.9309684223544978
s0923,hip_left,0.9803,0.9854924850242359,0.9743114992664745
s0923,hip_right,0.9818,0.9884668648814781,0.9766368262506008
s0923,humerus_left,0.9674,0.9469779895579415,0.9298865481481488
s0923,humerus_right,0.9717,0.9644343772671412,0.9390623175925926
s0923,iliac_artery_left,0.7803,0.8473776950212435,0.838911559391535
s0923,iliac_artery_right,0.9084,0.871628612050533,0.8511117690476188
s0923,iliac_vena_left,0.9257,0.8967190398454744,0.9121812673280423
s0923,iliac_vena_right,0.9381,0.8857060988490058,0.8961438306878307
s0923,iliopsoas_left,0.9568,0.9536231796117024,0.9556181861111109
s0923,iliopsoas_right,0.9626,0.9459507069077792,0.9512059510582008
s0923,inferior_vena_cava,0.9338,0.9061775423412259,0.8856815826719573
s0923,kidney_left,0.9803,0.9480826546752414,0.9646516158730166
s0923,kidney_right,0.9736,0.9705403036451786,0.9745105980158729
s0923,liver,0.9849,0.9672093846335325,0.9777029359788357
s0923,lung_lower_lobe_left,0.9951,0.985254162824507,0.9891390406084658
s0923,lung_lower_lobe_right,0.994,0.9847124324499716,0.9905780576719585
s0923,lung_middle_lobe_right,0.9837,0.963923737973034,0.9680274792328043
s0923,lung_upper_lobe_left,0.9937,0.9876332042753591,0.98789741468254
s0923,lung_upper_lobe_right,0.99,0.9812885114535198,0.9853012046296294
s0923,pancreas,0.9223,0.8912304595622651,0.9055846843915331
s0923,portal_vein_and_splenic_vein,0.851,0.8465159771478593,0.8734140189153436
s0923,pulmonary_vein,0.9439,0.8971939931182071,0.8648103432539682
s0923,rib_left_1,0.939,0.931501119216427,0.9165732115079362
s0923,rib_left_10,0.9594,0.944513921119088,0.8828379932539684
s0923,rib_left_11,0.9694,0.937083967997314,0.9214607515873007
s0923,rib_left_12,0.9229,0.9189835832070176,0.9009817433862429
s0923,rib_left_2,0.9606,0.9571541944856266,0.9395488123015868
s0923,rib_left_3,0.9442,0.9525977383333855,0.9407540412698407
s0923,rib_left_4,0.966,0.9499995527797106,0.9466859384920637
s0923,rib_left_5,0.975,0.9618272880009467,0.95480521005291
s0923,rib_left_6,0.9748,0.9313631210766619,0.9155932928571424
s0923,rib_left_7,0.9582,0.9418873169122837,0.8736312829365083
s0923,rib_left_8,0.9559,0.9419444846561336,0.915006874603175
s0923,rib_left_9,0.9597,0.9273850248925566,0.9335292420033668
s0923,rib_right_1,0.96,0.9131747139286509,0.9141529234126984
s0923,rib_right_10,0.9694,0.9444001015974393,0.8956532978835977
s0923,rib_right_11,0.9548,0.9521063196044144,0.932298047222222
s0923,rib_right_12,0.9332,1.0,0.863347498941799
s0923,rib_right_2,0.9458,0.8761193568195308,0.9290209777777775
s0923,rib_right_3,0.9465,0.9545461236851307,0.9285780499999997
s0923,rib_right_4,0.9446,0.9548762113534557,0.8790427527777774
s0923,rib_right_5,0.9586,0.9603675340317243,0.8972353164021162
s0923,rib_right_6,0.954,0.9346998947062168,0.9421959524531026
s0923,rib_right_7,0.9651,0.9499084805334206,0.8876988658730156
s0923,rib_right_8,0.9709,0.9625009602129396,0.8908260682539684
s0923,rib_right_9,0.963,0.9605059909273074,0.9009020626984124
s0923,sacrum,0.9362,0.9313162404768915,0.9274208285714277
s0923,scapula_left,0.9528,0.9650779619955167,0.949115623412698
s0923,scapula_right,0.9665,0.9666509796014165,0.9568538263227517
s0923,skull,0.8637,0.8098319570393054,0.8362324945767199
s0923,small_bowel,0.9582,0.9334358482564984,0.9047990452380948
s0923,spinal_cord,0.906,0.9498419471642032,0.9407664432539682
s0923,spleen,0.9788,0.9633851361203182,0.9569085041005295
s0923,sternum,0.9423,0.9383493016500231,0.926112342592593
s0923,stomach,0.9716,0.9389107970370754,0.9370043232804236
s0923,subclavian_artery_left,0.9003,0.8716891281727135,0.8723897972222223
s0923,subclavian_artery_right,0.8927,0.8949558554264189,0.8625201369047619
s0923,superior_vena_cava,0.9344,0.907727632249707,0.8723948551587305
s0923,thyroid_gland,0.8917,0.9153423108255493,0.8897568048941807
s0923,trachea,0.9717,0.9546019192810227,0.937916061904762
s0923,urinary_bladder,0.8572,0.8982938410512395,0.8907107174603173
s0923,vertebrae_C1,0.9213,0.9566223572246626,0.878492563095238
s0923,vertebrae_C2,0.9794,0.9520767951574863,0.9339273998677242
s0923,vertebrae_C3,0.9518,0.9123562923538839,0.9175716458994716
s0923,vertebrae_C4,0.9016,0.9288053551747771,0.924082345899471
s0923,vertebrae_C5,0.9423,0.9218981190668093,0.9222796244708993
s0923,vertebrae_C6,0.9681,0.9292829551538662,0.9197083301587308
s0923,vertebrae_C7,0.9703,0.9479580543617246,0.9370329297619048
s0923,vertebrae_L1,0.9848,0.9651444625498315,0.9627823289682531
s0923,vertebrae_L2,0.9823,0.9784006123716631,0.9710184579365074
s0923,vertebrae_L3,0.9843,0.9736806318172689,0.9765313265873012
s0923,vertebrae_L4,0.9851,0.9673871486360968,0.9456545043650793
s0923,vertebrae_L5,0.9795,0.963279753926648,0.9709999710317451
s0923,vertebrae_S1,0.9295,0.9268069790722088,0.9253207805555557
s0923,vertebrae_T1,0.975,0.9426752823823794,0.9471316186507935
s0923,vertebrae_T10,0.9595,0.9741142579766324,0.9596176850529097
s0923,vertebrae_T11,0.9804,0.9756685534456562,0.9616629895502649
s0923,vertebrae_T12,0.9808,0.9544033193545812,0.9607751843915342
s0923,vertebrae_T2,0.9713,0.9500362033257005,0.939296575
s0923,vertebrae_T3,0.9704,0.9532194130448401,0.9234375944444446
s0923,vertebrae_T4,0.9747,0.9517219895083934,0.9535667589947091
s0923,vertebrae_T5,0.9788,0.9466899825443893,0.9410309135281377
s0923,vertebrae_T6,0.9762,0.9611206925636322,0.9522584347883593
s0923,vertebrae_T7,0.9741,0.954014611755023,0.9512710403799907
s0923,vertebrae_T8,0.9733,0.9621519564658514,0.9520766645502647
s0923,vertebrae_T9,0.9803,0.9763381724522543,0.9649352876984126
s1418,adrenal_gland_left,0.416,0.5290446720014935,0.546870855820106
s1418,adrenal_gland_right,0.8257,0.8292181399675845,0.7999270134920635
s1418,aorta,0.9456,0.9197438757954391,0.8677239428571426
s1418,autochthon_left,0.9747,0.9691001338558654,0.9630990380952379
s1418,autochthon_right,0.9706,0.9653066111107153,0.965476263227513
s1418,colon,0.9516,0.90874508435487,0.9330303682539683
s1418,costal_cartilages,0.9129,0.8768718429636836,0.8820006248677253
s1418,duodenum,0.826,0.8736166263226841,0.8904347269841268
s1418,esophagus,0.9178,0.9394169681239931,0.9156397080077325
s1418,femur_left,0.9852,0.9994473394689802,0.9719862521164017
s1418,femur_right,0.983,0.9921444688690428,0.9738195214285711
s1418,gluteus_maximus_left,0.9759,0.9359915928909918,0.9512488349206347
s1418,gluteus_maximus_right,0.9791,0.9324534139075834,0.9547821415343911
s1418,gluteus_medius_left,0.9722,0.9642992378493098,0.9657119658730159
s1418,gluteus_medius_right,0.9731,0.9594886360367337,0.952842074867724
s1418,gluteus_minimus_left,0.9541,0.9319138153534675,0.9228106555555547
s1418,gluteus_minimus_right,0.9443,0.9188537445625519,0.9242120756613754
s1418,heart,0.925,0.9007971525014511,0.9187365463443969
s1418,hip_left,0.9803,0.9734299967199047,0.9762188133597889
s1418,hip_right,0.9822,0.9859050137372318,0.9767361533068788
s1418,iliac_artery_left,0.8599,0.8037194462205732,0.7814707244949501
s1418,iliac_artery_right,0.8965,0.8399085342924348,0.7848629379870136
s1418,iliac_vena_left,0.9191,0.8985170893361225,0.8874311944444444
s1418,iliac_vena_right,0.8546,0.8616306379925633,0.847586624891775
s1418,iliopsoas_left,0.9574,0.9519000900628299,0.9585446738095241
s1418,iliopsoas_right,0.9699,0.9514014259219794,0.955233697089947
s1418,inferior_vena_cava,0.8754,0.904476808550982,0.904120913095238
s1418,kidney_left,0.8818,0.93733931397481,0.9286648767195771
s1418,kidney_right,0.9823,0.9384400090406095,0.9509323421115924
s1418,liver,0.9864,0.9598228158747258,0.9809629847883597
s1418,lung_lower_lobe_left,0.9688,0.919378333329906,0.9204999750000004
s1418,lung_lower_lobe_right,0.9886,0.9790854300196637,0.9752407949735439
s1418,lung_middle_lobe_right,0.9924,0.9902230206878149,0.9772972769841272
s1418,lung_upper_lobe_left,0.9837,0.9729875372886512,0.9654532990620487
s1418,lung_upper_lobe_right,0.0,0.009210959177839739,0.23390843968253971
s1418,pancreas,0.8742,0.8593140776899836,0.8828071845238088
s1418,portal_vein_and_splenic_vein,0.6423,0.6650781564330653,0.674005854761905
s1418,pulmonary_vein,0.8613,0.9174183241227093,0.7229359443722945
s1418,rib_left_10,0.9671,0.9687670935350595,0.9675285161375664
s1418,rib_left_11,0.9705,0.9602831866201061,0.9565965570105819
s1418,rib_left_12,0.9561,0.8784560358725362,0.9273837019841275
s1418,rib_left_5,0.9653,0.8601457603308135,0.8557157256613754
s1418,rib_left_6,0.9764,0.9553007778838774,0.941119483333334
s1418,rib_left_7,0.9818,0.9836492529148386,0.9673219454184696
s1418,rib_left_8,0.9736,0.9766700310275157,0.9691109326719567
s1418,rib_left_9,0.9713,0.971057966730432,0.9705276140211638
s1418,rib_right_10,0.9693,0.9602279975632882,0.9602239746031745
s1418,rib_right_11,0.9613,0.9479327918459476,0.947391736111111
s1418,rib_right_12,0.9683,0.9365411680040174,0.9459175146825402
s1418,rib_right_5,0.9707,0.8897292939543766,0.8147167510582012
s1418,rib_right_6,0.9741,0.9661053634044726,0.9372762202380954
s1418,rib_right_7,0.9784,0.98720864423787,0.9655371961640206
s1418,rib_right_8,0.9785,0.9653924359817408,0.9637422589947092
s1418,rib_right_9,0.9761,0.9603208716507288,0.966726108730159
s1418,sacrum,0.9562,0.9453448827606067,0.9453362097883601
s1418,scapula_left,0.949,0.9480138336529919,0.9327524281746032
s1418,scapula_right,0.9771,0.878081902376752,0.9161553182539681
s1418,small_bowel,0.9437,0.74748473121359,0.8045957719576727
s1418,spinal_cord,0.9638,0.946740458101231,0.9447663198412695
s1418,spleen,0.9621,0.8709831406606168,0.8637559956349211
s1418,sternum,0.9086,0.8534747310667178,0.8711264325396816
s1418,stomach,0.9672,0.9450859212127478,0.9466721724867726
s1418,urinary_bladder,0.928,0.8875686325773117,0.9005496888888888
s1418,vertebrae_L1,0.9826,0.9723719684506356,0.9776001739417993
s1418,vertebrae_L2,0.9862,0.9626187087410141,0.971284851587302
s1418,vertebrae_L3,0.9881,0.9787179206618397,0.9829566776455031
s1418,vertebrae_L4,0.9865,0.9860701716615766,0.9791009658730158
s1418,vertebrae_L5,0.9804,0.9692565968947802,0.9756339801587298
s1418,vertebrae_S1,0.9466,0.9653299017318648,0.9392237435185185
s1418,vertebrae_T10,0.9863,0.9571959821812283,0.9719390773809524
s1418,vertebrae_T11,0.9836,0.9693713633640988,0.9650382265873014
s1418,vertebrae_T12,0.9832,0.9726836198641573,0.9706405757936507
s1418,vertebrae_T6,0.9615,0.8582013300242737,0.7741815597883602
s1418,vertebrae_T7,0.9822,0.9396954730897374,0.9065378063492062
s1418,vertebrae_T8,0.9838,0.92122315606464,0.9657000703703702
s1418,vertebrae_T9,0.9831,0.9315541915425533,0.9731982496031748
s1240,adrenal_gland_left,0.71,0.8299850991790201,0.8318430484126976
s1240,adrenal_gland_right,0.8727,0.8481055310255078,0.8588800559523803
s1240,aorta,0.9791,0.9562413350010429,0.9631697734487735
s1240,atrial_appendage_left,0.9441,0.9004695942948583,0.8980325560846569
s1240,autochthon_left,0.9755,0.9684352844660061,0.9613141626984126
s1240,autochthon_right,0.973,0.9669039363672942,0.960689598809524
s1240,brachiocephalic_trunk,0.926,0.914382641115207,0.9122965585978839
s1240,brachiocephalic_vein_left,0.9595,0.9151851337042858,0.9276934177849928
s1240,brachiocephalic_vein_right,0.9424,0.9155733239996682,0.904699048941799
s1240,clavicula_left,0.9764,0.9463485356630023,0.9625684990740747
s1240,clavicula_right,0.9746,0.9659317240505734,0.9557381038359788
s1240,colon,0.9512,0.9333364446005777,0.9308181399470891
s1240,common_carotid_artery_left,0.9587,0.9180712158919045,0.9094912273809528
s1240,common_carotid_artery_right,0.8887,0.9059103487189252,0.8906883638888891
s1240,costal_cartilages,0.872,0.8888974276825224,0.8691368445767207
s1240,duodenum,0.8205,0.8386633534348611,0.8468370559523813
s1240,esophagus,0.9255,0.8982234730117542,0.8879180641534392
s1240,gallbladder,0.9247,0.8866890548923142,0.8792864714285716
s1240,gluteus_medius_left,0.8812,0.6401065380758336,0.48411405132275104
s1240,gluteus_medius_right,0.9178,0.7742879431154447,0.6534819083333335
s1240,heart,0.9486,0.9295831330642309,0.9319392246031751
s1240,hip_left,0.9741,0.9538986974820889,0.9328774462962967
s1240,hip_right,0.9711,0.936680202311565,0.9256706325396823
s1240,humerus_left,0.9728,0.9432698982081791,0.9037135648148148
s1240,humerus_right,0.9754,0.9277370859234844,0.8626230183862433
s1240,iliac_artery_left,0.9376,0.8643079894671988,0.7694806783068793
s1240,iliac_artery_right,0.9331,0.7054570531099807,0.8355632853174604
s1240,iliac_vena_left,0.8369,0.5912127971943562,0.7602113075396822
s1240,iliac_vena_right,0.9137,0.8203391056969723,0.7308210853535352
s1240,iliopsoas_left,0.9566,0.8644927335417909,0.9044813600529106
s1240,iliopsoas_right,0.9696,0.8628194755101376,0.8392859517195774
s1240,inferior_vena_cava,0.9406,0.9020390717231659,0.9232951855820107
s1240,kidney_left,0.5158,0.8931943639547761,0.9000451350529105
s1240,kidney_right,0.9777,0.9864264557916845,0.971714837698413
s1240,liver,0.9784,0.9562030246339824,0.9813346242063486
s1240,lung_lower_lobe_left,0.9877,0.9851660348146106,0.9846126334656082
s1240,lung_lower_lobe_right,0.9908,0.9828369089419687,0.9846970911375664
s1240,lung_middle_lobe_right,0.9677,0.9740498076663755,0.9635025345238097
s1240,lung_upper_lobe_left,0.9905,0.9808469466490985,0.9802688717893221
s1240,lung_upper_lobe_right,0.9885,0.9890007477901885,0.9840058499999996
s1240,pancreas,0.8686,0.9007178645062848,0.9095623245310249
s1240,portal_vein_and_splenic_vein,0.8463,0.842484085419004,0.8588574269841265
s1240,pulmonary_vein,0.9555,0.8928681271192876,0.8812531758297257
s1240,rib_left_1,0.9636,0.9422627122834306,0.9332384642857141
s1240,rib_left_10,0.9697,0.9757587919568077,0.9693256134920631
s1240,rib_left_11,0.9694,0.9495577438395059,0.9546952074074075
s1240,rib_left_12,0.962,0.9506735297206248,0.9537134136243378
s1240,rib_left_2,0.9521,0.946380172009969,0.9587501198412693
s1240,rib_left_3,0.94,0.9581851000600529,0.9643618091269841
s1240,rib_left_4,0.9643,0.9619738100809673,0.9648224095238095
s1240,rib_left_5,0.9675,0.9597642881360381,0.9599492367724867
s1240,rib_left_6,0.965,0.9622620328213345,0.9658787869047613
s1240,rib_left_7,0.9743,0.961204795889568,0.9667447329365079
s1240,rib_left_8,0.9646,0.9734524352160521,0.9678614690476193
s1240,rib_left_9,0.9783,0.9580570822839813,0.9690963427248679
s1240,rib_right_1,0.9442,0.94728627758033,0.932138193698894
s1240,rib_right_10,0.9601,0.9569947002095841,0.8800079522486773
s1240,rib_right_11,0.9631,0.980918220346708,0.9536045296296296
s1240,rib_right_12,0.9271,0.8655210305835652,0.8775848191798942
s1240,rib_right_2,0.9672,0.9563311665148123,0.9588268244708988
s1240,rib_right_3,0.9552,0.9593244464953615,0.9589503923280425
s1240,rib_right_4,0.957,0.9574202918674546,0.9640741469576721
s1240,rib_right_5,0.965,0.9518710443562531,0.961923426190476
s1240,rib_right_6,0.9621,0.9549892137405309,0.9635079661375658
s1240,rib_right_7,0.977,0.9555310265316267,0.9640803087301587
s1240,rib_right_8,0.976,0.9870892751932927,0.9660539177489179
s1240,rib_right_9,0.9623,0.9753458982342729,0.9706666665343913
s1240,sacrum,0.4736,0.8833668169048545,0.7931198128306879
s1240,scapula_left,0.963,0.972385993112516,0.9630708692760936
s1240,scapula_right,0.9674,0.9540079720547471,0.9623702400793646
s1240,small_bowel,0.9257,0.8781075990114937,0.854251510978836
s1240,spinal_cord,0.9624,0.9562438394030672,0.9384403696248191
s1240,spleen,0.9633,0.9579595673297095,0.9483003103174604
s1240,sternum,0.958,0.9101229759449945,0.9235351018518521
s1240,stomach,0.9553,0.9320017243355447,0.9272126866402116
s1240,subclavian_artery_left,0.9557,0.9277088295423076,0.9162451804232807
s1240,subclavian_artery_right,0.9418,0.8974218631137376,0.9170868305555556
s1240,superior_vena_cava,0.9662,0.9116126951463119,0.9221989845238089
s1240,thyroid_gland,0.909,0.8607801611606396,0.8919315464285721
s1240,trachea,0.9739,0.9565713354935066,0.9418633748436751
s1240,vertebrae_C7,0.966,0.90674266831287,0.9048200738095242
s1240,vertebrae_L1,0.9873,0.957097292326231,0.9803749224867723
s1240,vertebrae_L2,0.9852,0.9571619111018439,0.9501145234126981
s1240,vertebrae_L3,0.9866,0.9810918778132932,0.9717135853174608
s1240,vertebrae_L4,0.9858,0.9822539638433184,0.9708088396825404
s1240,vertebrae_L5,0.9788,0.9823074484908365,0.9636447424242425
s1240,vertebrae_S1,0.8372,0.9533930151045048,0.8547547952380949
s1240,vertebrae_T1,0.9759,0.9872025838917043,0.9625740838624347
s1240,vertebrae_T10,0.9861,0.9768655482639166,0.9804601349567101
s1240,vertebrae_T11,0.9866,0.9769340323386109,0.9828842109668108
s1240,vertebrae_T12,0.9846,0.9729609659376557,0.9644851612433869
s1240,vertebrae_T2,0.9776,0.9525854927529149,0.9612809505291008
s1240,vertebrae_T3,0.9785,0.9519831554044745,0.9685056898148147
s1240,vertebrae_T4,0.975,0.9523230237348275,0.9691396674603171
s1240,vertebrae_T5,0.9731,0.9281208722044335,0.9517887671957684
s1240,vertebrae_T6,0.9821,0.9631330142524863,0.9666676034391539
s1240,vertebrae_T7,0.9832,0.9616912443720403,0.9679850181216932
s1240,vertebrae_T8,0.9844,0.9633585250893166,0.9661051427248676
s1240,vertebrae_T9,0.9836,0.968006740173265,0.9720729261904755
s1106,aorta,0.9835,0.9615979544155742,0.860272869444445
s1106,atrial_appendage_left,0.9509,0.9346539712304063,0.9233923211640208
s1106,colon,0.908,0.6023630169114306,0.6720125194444446
s1106,costal_cartilages,0.8401,0.6705105281776095,0.7392292835016836
s1106,esophagus,0.9262,0.9044045708030084,0.9165463744709001
s1106,heart,0.9512,0.9464873564044356,0.9268049949735451
s1106,inferior_vena_cava,0.9297,0.9385953992159284,0.9174472642857144
s1106,liver,0.9304,0.9556522598374676,0.9359317457671964
s1106,lung_lower_lobe_left,0.976,0.9485112802140298,0.932781667772968
s1106,lung_lower_lobe_right,0.9822,0.9738173643046121,0.9580642105820101
s1106,lung_middle_lobe_right,0.9712,0.9139071141844253,0.924001666534392
s1106,lung_upper_lobe_left,0.9877,0.9750579210337739,0.9704411570105823
s1106,lung_upper_lobe_right,0.952,0.6819042128998842,0.7046180496031741
s1106,portal_vein_and_splenic_vein,0.0,0.737694127262881,0.7141243366402116
s1106,pulmonary_vein,0.9305,0.8692867700492947,0.8000547838624341
s1106,rib_left_3,0.0,0.178190418663713,0.23644355833333328
s1106,rib_left_4,0.2023,0.8687274559488382,0.715833871164021
s1106,rib_left_5,0.0,0.798268528962104,0.8093197925925931
s1106,spleen,0.6922,0.7180910954529405,0.5787542215608467
s1106,sternum,0.9048,0.8578293792659312,0.9121022249518992
s1106,stomach,0.9224,0.8882112742052782,0.7757654194444445
s1106,superior_vena_cava,0.9465,0.8895161805009701,0.8564078219576718
s1106,trachea,0.9216,0.5906149856682289,0.5329437210317458
s1106,vertebrae_T10,0.9891,0.9005728974366142,0.9137147164021161
s1106,vertebrae_T11,0.9859,0.9493775770469036,0.93781514484127
s1106,vertebrae_T12,0.961,0.892700292789507,0.737859597751323
s1106,vertebrae_T5,0.0,0.6928990142938644,0.6410036063492064
s1106,vertebrae_T6,0.0035,0.77411127212701,0.7716977867724873
s1106,vertebrae_T7,0.7369,0.9196224936153532,0.866213283152958
s1106,vertebrae_T8,0.9689,0.9032418475999188,0.8912018791847038
s1106,vertebrae_T9,0.9768,0.8161272698509092,0.910227807539682
s1276,adrenal_gland_left,0.917,0.8720876740018353,0.8783002357142857
s1276,adrenal_gland_right,0.8743,0.8778889411469788,0.8552081283068783
s1276,aorta,0.9626,0.9676586219136557,0.961405669576719
s1276,atrial_appendage_left,0.8895,0.8591528532359681,0.8465759345238097
s1276,autochthon_left,0.965,0.9708668359592153,0.9640136603174604
s1276,autochthon_right,0.9652,0.9667985737569856,0.964560467965368
s1276,brachiocephalic_trunk,0.9407,0.9777117815290831,0.9220456834656083
s1276,brachiocephalic_vein_left,0.9459,0.9220321085755118,0.921520486904762
s1276,brachiocephalic_vein_right,0.6589,0.9487287809997852,0.8854858103174602
s1276,clavicula_left,0.98,1.0,0.9474863559884562
s1276,clavicula_right,0.9683,0.9326414861462724,0.9436432153439162
s1276,colon,0.8229,0.7661817695128371,0.8238273574074078
s1276,common_carotid_artery_left,0.8771,0.8304905389405962,0.7980823558201063
s1276,common_carotid_artery_right,0.9183,0.798722446096043,0.80546600952381
s1276,costal_cartilages,0.8452,0.9061176109662646,0.8832759982202983
s1276,duodenum,0.8692,0.8720116547533439,0.8575946908730159
s1276,esophagus,0.8704,0.9048660157537526,0.9171242615079357
s1276,femur_left,0.984,0.974929084067855,0.9789920834656081
s1276,femur_right,0.983,0.9689041294975618,0.9813022351851847
s1276,gallbladder,0.9114,0.8185634579873203,0.8504376797619045
s1276,gluteus_maximus_left,0.9646,0.9464364190766903,0.9623218431216936
s1276,gluteus_maximus_right,0.9708,0.9474154002261653,0.9688404268518519
s1276,gluteus_medius_left,0.9602,0.9696164981579302,0.9644628425925926
s1276,gluteus_medius_right,0.9652,0.9644554774948519,0.9642224673280421
s1276,gluteus_minimus_left,0.9083,0.8655398345409411,0.9286577928571427
s1276,gluteus_minimus_right,0.9405,0.9355339742283847,0.9427892694444445
s1276,heart,0.9094,0.9577269726741667,0.9425054979076479
s1276,hip_left,0.9718,0.9715541580511604,0.9698024294733049
s1276,hip_right,0.9774,0.9786153293143341,0.9703110440476191
s1276,humerus_left,0.8975,0.8761087916448879,0.9001617488095238
s1276,humerus_right,0.9348,0.9311454079714778,0.9280247749999995
s1276,iliac_artery_left,0.8311,0.9085259184808844,0.8816650964285712
s1276,iliac_artery_right,0.7535,0.8963172830879742,0.8864686341269843
s1276,iliac_vena_left,0.7841,0.8639962722751472,0.78558931031746
s1276,iliac_vena_right,0.8422,0.9106363577100876,0.9083940361111109
s1276,iliopsoas_left,0.9633,0.9605776344153942,0.9610689680134676
s1276,iliopsoas_right,0.9662,0.9646219662710164,0.9632061333573828
s1276,inferior_vena_cava,0.9245,0.9357362943399534,0.9391128085978838
s1276,kidney_left,0.9784,0.982931517003648,0.9775554511904759
s1276,kidney_right,0.9814,0.985713427153709,0.9785928104497356
s1276,liver,0.983,0.9849126434212396,0.9849411851851859
s1276,lung_lower_lobe_left,0.9931,0.9900974948628262,0.99073612010582
s1276,lung_lower_lobe_right,0.939,0.9449248404816692,0.9736090738095229
s1276,lung_middle_lobe_right,0.7421,0.7714394546355684,0.8228830072751326
s1276,lung_upper_lobe_left,0.9921,0.9776350519133676,0.9765910746031741
s1276,lung_upper_lobe_right,0.8928,0.9515292832777666,0.9561323719576724
s1276,pancreas,0.8681,0.8742575235502454,0.8916889067460317
s1276,portal_vein_and_splenic_vein,0.8181,0.766653738334708,0.8189146003968254
s1276,pulmonary_vein,0.9396,0.9153861979032007,0.8903931878306872
s1276,rib_left_1,0.9015,0.9129107331280927,0.9305951398148155
s1276,rib_left_10,0.9529,0.9620705020417553,0.9556925547619051
s1276,rib_left_11,0.9495,0.9451765877107696,0.9427308507936505
s1276,rib_left_12,0.9329,0.9510588895704944,0.9416808365079364
s1276,rib_left_2,0.9488,0.9291137412211216,0.9385529494709001
s1276,rib_left_3,0.9258,0.9440734664325026,0.9433341891534394
s1276,rib_left_4,0.9542,0.9379768086394904,0.8151095214285716
s1276,rib_left_5,0.9389,0.9616986525942397,0.9562696896825394
s1276,rib_left_6,0.9356,0.9476052252793649,0.9548949886243399
s1276,rib_left_7,0.925,0.9650620515625543,0.9576618994708987
s1276,rib_left_8,0.9172,0.9702126466814122,0.9592965806878307
s1276,rib_left_9,0.9529,0.9636101695743817,0.9591952337301588
s1276,rib_right_1,0.9068,0.9114788205893953,0.9255103443121692
s1276,rib_right_10,0.9337,0.9579841288645885,0.919111667857143
s1276,rib_right_11,0.9131,0.9667036406726307,0.9537379899470898
s1276,rib_right_12,0.8921,0.9608598625915248,0.942898774074075
s1276,rib_right_2,0.944,0.901222896430368,0.9323477066137563
s1276,rib_right_3,0.9177,0.959523081957183,0.9420623650793648
s1276,rib_right_4,0.9336,0.9579130406778831,0.9467884453703697
s1276,rib_right_5,0.9498,0.9592286552499925,0.9434611544973553
s1276,rib_right_6,0.9551,0.9625028877132439,0.9472827078042327
s1276,rib_right_7,0.9356,0.9648766650488693,0.9517618756613754
s1276,rib_right_8,0.9356,0.9695227768412276,0.959167171296296
s1276,rib_right_9,0.9111,0.8486939140753624,0.7817252990740744
s1276,sacrum,0.9449,0.9380274426616022,0.9283767889610393
s1276,scapula_left,0.9599,0.9666361570109341,0.9605402748677244
s1276,scapula_right,0.9633,0.9317461714901097,0.9613626457671959
s1276,small_bowel,0.8213,0.912711497550616,0.9013146898388649
s1276,spinal_cord,0.9183,0.9440247002147922,0.9382136251322748
s1276,spleen,0.9773,0.9738460663705695,0.9746806395502635
s1276,sternum,0.9225,0.9232615788144036,0.9208067087301584
s1276,stomach,0.875,0.9454551308956495,0.9468925342592597
s1276,subclavian_artery_left,0.8471,0.9210911005511876,0.8746675851851847
s1276,subclavian_artery_right,0.8978,0.8262966276914545,0.851019240740741
s1276,superior_vena_cava,0.9129,0.9663447356433524,0.9275657411375655
s1276,thyroid_gland,0.9214,0.8983693732577487,0.8999617309523807
s1276,trachea,0.919,0.9710070673128641,0.9212585710317462
s1276,urinary_bladder,0.9016,0.7411448712752202,0.5859769408730157
s1276,vertebrae_C7,0.9562,0.9010889765486582,0.9033737181216925
s1276,vertebrae_L1,0.9823,0.9706293808523012,0.9738022592592604
s1276,vertebrae_L2,0.9819,0.9725956666413273,0.9794602316137576
s1276,vertebrae_L3,0.9804,0.9777374887266697,0.9797108189153437
s1276,vertebrae_L4,0.9841,0.9785227921022971,0.9755161349206349
s1276,vertebrae_L5,0.9759,0.9827310150507089,0.97806943068783
s1276,vertebrae_S1,0.9407,0.9023686465134416,0.9406258333333329
s1276,vertebrae_T1,0.9692,0.9753665740380467,0.947740127777778
s1276,vertebrae_T10,0.9779,0.9329708700998577,0.9561458517195777
s1276,vertebrae_T11,0.9705,0.9571848045698963,0.9649474546296305
s1276,vertebrae_T12,0.9785,0.9676178266278821,0.974401981481482
s1276,vertebrae_T2,0.9654,0.9500128127891322,0.9620730342111601
s1276,vertebrae_T3,0.9528,0.9308248452009904,0.9532878854016362
s1276,vertebrae_T4,0.9553,0.9419952194503693,0.9489748611111108
s1276,vertebrae_T5,0.9475,0.890605643920732,0.9595413965127466
s1276,vertebrae_T6,0.7523,0.9294551704260012,0.9597035456349198
s1276,vertebrae_T7,0.6003,0.9656081726466734,0.9586005179894176
s1276,vertebrae_T8,0.7745,0.9664638959970827,0.9674409989417982
s1276,vertebrae_T9,0.9622,0.9598571652956849,0.9580667738095235
s1112,aorta,0.9611,0.9458064477492586,0.9187996517195764
s1112,autochthon_left,0.8985,0.9205476598695455,0.9279247029100528
s1112,autochthon_right,0.9464,0.9391411363745393,0.9306669601851848
s1112,brachiocephalic_trunk,0.8864,0.8270716361043057,0.8876760903439153
s1112,brachiocephalic_vein_left,0.863,0.9585215109109408,0.8392184767195773
s1112,brachiocephalic_vein_right,0.8763,0.9334518949454648,0.912252638492063
s1112,brain,0.8896,0.9839295652170607,0.9609502178571426
s1112,clavicula_left,0.9671,0.9608277184773556,0.9503080623015882
s1112,clavicula_right,0.9532,0.9699523007972607,0.9431679284030787
s1112,common_carotid_artery_left,0.8156,0.8907334892495815,0.8924831465608473
s1112,common_carotid_artery_right,0.7228,0.8850121897704739,0.855948873015874
s1112,costal_cartilages,0.833,0.7372113583724192,0.8082007600529103
s1112,esophagus,0.8856,0.9088010960332686,0.8655628543650787
s1112,humerus_left,0.9796,0.951397349963286,0.919716284126984
s1112,humerus_right,0.9811,0.9706989804869967,0.9150159874338623
s1112,lung_lower_lobe_left,0.861,0.7653027071387039,0.7683292519841273
s1112,lung_lower_lobe_right,0.9055,0.9055386926679664,0.8700215858225103
s1112,lung_upper_lobe_left,0.9941,0.9979341086621514,0.9796544544973548
s1112,lung_upper_lobe_right,0.9922,0.9970963708590244,0.9830071369047623
s1112,rib_left_1,0.9114,0.9436447612366679,0.9046548115440117
s1112,rib_left_2,0.9636,0.9306024334853918,0.950501667857143
s1112,rib_left_3,0.8968,0.9485642322037309,0.9342097777777779
s1112,rib_left_4,0.9875,0.8717646966478444,0.8778920415343918
s1112,rib_left_5,0.9106,0.8472309961122321,0.8955876138888885
s1112,rib_right_1,0.9544,0.9289687769407534,0.9199730410052914
s1112,rib_right_2,0.9765,0.9454153036653669,0.9532860779100527
s1112,rib_right_3,0.9722,0.9471226840578777,0.9235178952380952
s1112,rib_right_4,0.9461,0.8327462192482539,0.8900649160052905
s1112,rib_right_5,0.9719,0.878074998792704,0.9041627584656086
s1112,scapula_left,0.9529,0.9628128335184711,0.9503309984126984
s1112,scapula_right,0.9521,0.9584757297007366,0.9536111785714287
s1112,skull,0.9638,0.9319629755678505,0.9278404174603175
s1112,spinal_cord,0.9505,0.9255527549535546,0.9300900915343916
s1112,sternum,0.9322,0.8615758110115185,0.9194287304834051
s1112,subclavian_artery_left,0.8676,0.9010450471236848,0.9116681685185192
s1112,subclavian_artery_right,0.8808,0.8849966623100276,0.9111048821428578
s1112,thyroid_gland,0.9086,0.9040594174649746,0.9089118947089946
s1112,trachea,0.9636,0.9881593950880749,0.9149283395502651
s1112,vertebrae_C1,0.8376,0.802576777913186,0.7777616865079361
s1112,vertebrae_C2,0.9635,0.9266216502129688,0.9458345526455029
s1112,vertebrae_C3,0.9521,0.9504289821201601,0.9347109302910052
s1112,vertebrae_C4,0.9338,0.9552689086011252,0.9364706714285711
s1112,vertebrae_C5,0.9381,0.9451222194554846,0.9239519215608467
s1112,vertebrae_C6,0.9547,0.8740279429374535,0.8907338358465614
s1112,vertebrae_C7,0.9681,0.9323082369484251,0.8018941157407407
s1112,vertebrae_T1,0.9716,0.8809205070586578,0.9274790489417993
s1112,vertebrae_T2,0.9742,0.9687097137317042,0.9456180074074081
s1112,vertebrae_T3,0.974,0.9581434913121812,0.9424919165343923
s1112,vertebrae_T4,0.9788,0.8396822315077116,0.9624777026455037
s1112,vertebrae_T5,0.9583,0.9319184814973389,0.9311132178571438
s1278,adrenal_gland_left,0.8985,0.7528955603090298,0.7958056107142852
s1278,adrenal_gland_right,0.9159,0.7970658182249819,0.8570049156084656
s1278,aorta,0.9674,0.9550511637272665,0.9665410305555562
s1278,atrial_appendage_left,0.909,0.8559182763533923,0.8721542501322752
s1278,autochthon_left,0.9678,0.9539118575928138,0.9570814805555561
s1278,autochthon_right,0.9616,0.954132764712278,0.9560515861111113
s1278,brachiocephalic_trunk,0.9087,0.7562284459547558,0.8262276638888892
s1278,brachiocephalic_vein_left,0.9452,0.8857203452168991,0.8916582437830682
s1278,brachiocephalic_vein_right,0.9494,0.8488549698497122,0.893358617328042
s1278,clavicula_left,0.9669,0.9672044811404695,0.9585169733645982
s1278,clavicula_right,0.9713,0.9705759353863783,0.9506079533068784
s1278,colon,0.9581,0.9100137776778856,0.8536281448773451
s1278,common_carotid_artery_left,0.9303,0.8843210883960146,0.8865204145502645
s1278,common_carotid_artery_right,0.7844,0.7089250773673805,0.6893956718253972
s1278,costal_cartilages,0.8689,0.8341604689014418,0.8304160531746028
s1278,duodenum,0.9066,0.7146260677112444,0.714183793650794
s1278,esophagus,0.9312,0.9036142670224822,0.8979002757936505
s1278,gallbladder,0.9191,0.5785502059145738,0.7256617276455027
s1278,heart,0.94,0.9620625708381133,0.9466933797498797
s1278,humerus_left,0.9779,0.9819411096610605,0.9409355623015876
s1278,humerus_right,0.9705,0.9952372813158566,0.9502128373015879
s1278,iliopsoas_left,0.8628,0.8636755414893408,0.880944469047619
s1278,iliopsoas_right,0.928,0.8049808609058376,0.8554391432539684
s1278,inferior_vena_cava,0.8953,0.8258543319845421,0.8800734146825395
s1278,kidney_cyst_right,0.0,0.34926674135389574,0.4982333460317463
s1278,kidney_left,0.9697,0.8983521942391883,0.9378532177248673
s1278,kidney_right,0.9545,0.9724818021003137,0.9417437970899465
s1278,liver,0.9894,0.9825035393506314,0.9707877894179889
s1278,lung_lower_lobe_left,0.9902,0.9860878560583707,0.988814681746032
s1278,lung_lower_lobe_right,0.9931,0.9903726068910921,0.9903789760582011
s1278,lung_middle_lobe_right,0.9811,0.9784226641659103,0.9614357509259255
s1278,lung_upper_lobe_left,0.9939,0.9908514222570731,0.9910133887566138
s1278,lung_upper_lobe_right,0.9895,0.9860442739092105,0.9870477416666662
s1278,pancreas,0.9182,0.8738809657373564,0.8787923658730161
s1278,portal_vein_and_splenic_vein,0.8008,0.6399623166753622,0.7156122910052907
s1278,pulmonary_vein,0.9098,0.8931315210498972,0.8360353495670994
s1278,rib_left_1,0.9165,0.9336178638377001,0.93432927962963
s1278,rib_left_10,0.9632,0.9615982533989854,0.9668519702380954
s1278,rib_left_11,0.9632,0.9571927881185107,0.9638228523809519
s1278,rib_left_12,0.9476,0.9447569248715194,0.9579207206349207
s1278,rib_left_2,0.96,0.9469235345082275,0.9471837861111114
s1278,rib_left_3,0.9598,0.9258757748701612,0.9501238833694076
s1278,rib_left_4,0.9645,0.9210914478040826,0.9349063985449739
s1278,rib_left_5,0.8754,0.9058275787645529,0.9364454041005288
s1278,rib_left_6,0.7259,0.7270399449669078,0.719385301587302
s1278,rib_left_7,0.5971,0.7050765532918273,0.6996928190476193
s1278,rib_left_8,0.548,0.5543939898650039,0.5278120919312168
s1278,rib_left_9,0.6724,0.5339035683076434,0.4734413609788362
s1278,rib_right_1,0.8906,0.9333658114620152,0.9317719027777778
s1278,rib_right_10,0.8216,0.4086886713750897,0.4391961492063489
s1278,rib_right_11,0.8187,0.9545572145255099,0.957995767195767
s1278,rib_right_12,0.9682,0.9389094171205323,0.9288543821428571
s1278,rib_right_2,0.9427,0.8853657487610469,0.942841777513228
s1278,rib_right_3,0.9663,0.9269084482414406,0.9373476920634918
s1278,rib_right_4,0.9742,0.958132327971445,0.9497561386604131
s1278,rib_right_5,0.9739,0.9318069707100146,0.9423869310846567
s1278,rib_right_6,0.9673,0.9210029564206574,0.9400837380952383
s1278,rib_right_7,0.789,0.7181925763133402,0.6991986305555553
s1278,rib_right_8,0.541,0.4784196167592398,0.5642032721861466
s1278,rib_right_9,0.5746,0.28612096865656267,0.32463496865079383
s1278,scapula_left,0.9554,0.9598346241561033,0.9577043562169312
s1278,scapula_right,0.9631,0.9661498148555464,0.9572232350529102
s1278,small_bowel,0.9431,0.8291906204225818,0.7581907601731603
s1278,spinal_cord,0.9475,0.9374504223174774,0.9428823804473306
s1278,spleen,0.9763,0.9663043199423847,0.9626343431216934
s1278,sternum,0.9021,0.9319153757198784,0.9247211396825397
s1278,stomach,0.9703,0.9137789349009487,0.943743481349206
s1278,subclavian_artery_left,0.946,0.914693624013393,0.8961558404761907
s1278,subclavian_artery_right,0.8665,0.8919844357912419,0.8871508226190478
s1278,superior_vena_cava,0.956,0.9269637932432478,0.9005412477513234
s1278,thyroid_gland,0.8657,0.8563640129578018,0.8885940233766241
s1278,trachea,0.8191,0.9513436580737316,0.946374574074074
s1278,urinary_bladder,0.0,0.0723965148644465,0.21752965753968265
s1278,vertebrae_C6,0.9557,0.9959714420890095,0.906856221428572
s1278,vertebrae_C7,0.9644,0.9721701063124862,0.936131527910053
s1278,vertebrae_L1,0.9819,0.9831233731296343,0.9758364529942276
s1278,vertebrae_L2,0.9808,1.0,0.8097850384920634
s1278,vertebrae_T1,0.9756,0.9712583072688104,0.9666430515873017
s1278,vertebrae_T10,0.9727,0.9777818857848095,0.9748252805555556
s1278,vertebrae_T11,0.9722,0.888244385779066,0.9588344513227516
s1278,vertebrae_T12,0.9758,0.9464962394478402,0.9667138557720062
s1278,vertebrae_T2,0.9801,0.9533412610474643,0.9667583158730167
s1278,vertebrae_T3,0.9753,0.9638619112966024,0.9622181309523806
s1278,vertebrae_T4,0.9762,0.9640725464162988,0.9635347507936513
s1278,vertebrae_T5,0.9724,0.9683959763597348,0.9693708706349203
s1278,vertebrae_T6,0.9733,0.982991281832528,0.9634890026455023
s1278,vertebrae_T7,0.971,0.9795273123299563,0.9524064091269842
s1278,vertebrae_T8,0.977,0.9785931609225366,0.9626794153439157
s1278,vertebrae_T9,0.9736,0.9596936400332112,0.9520490873015877
s1420,adrenal_gland_left,0.8602,0.5427612621590303,0.6491645727513226
s1420,adrenal_gland_right,0.9117,0.8214218480195331,0.784619251984127
s1420,aorta,0.9724,0.9726824519071774,0.9670845384920637
s1420,atrial_appendage_left,0.9176,0.9371784795192813,0.9240586023809522
s1420,autochthon_left,0.9496,0.9475758129734918,0.9479343261904762
s1420,autochthon_right,0.946,0.943551653493564,0.9458478167989419
s1420,brachiocephalic_trunk,0.854,0.9282735437020786,0.9113145825396823
s1420,brachiocephalic_vein_left,0.9211,0.8965593430291684,0.9093948526575277
s1420,brachiocephalic_vein_right,0.9521,0.79793498233262,0.8563462723544979
s1420,clavicula_left,0.9527,0.9262748759382021,0.9463306956349203
s1420,clavicula_right,0.9676,0.9814004359115925,0.9686904768759016
s1420,colon,0.9287,0.6972525241642458,0.7921552561808558
s1420,common_carotid_artery_left,0.7156,0.6460023531579464,0.708290738756614
s1420,common_carotid_artery_right,0.6845,0.6594117911452632,0.7166900421957668
s1420,costal_cartilages,0.8962,0.7572016169306588,0.7888726551587297
s1420,duodenum,0.7945,0.7202190447912312,0.7322459402116404
s1420,esophagus,0.7834,0.6670868463479681,0.7480534469576718
s1420,gallbladder,0.8856,0.8623113825612057,0.8199897185185182
s1420,heart,0.95,0.9640369218331685,0.9548927585978834
s1420,humerus_left,0.9719,0.9597202863252928,0.9426935439153442
s1420,humerus_right,0.9226,0.9887479014089754,0.9472792412698413
s1420,iliopsoas_left,0.859,0.9245589032404541,0.9195949288359792
s1420,iliopsoas_right,0.8914,0.9292750688936667,0.8969074449735448
s1420,inferior_vena_cava,0.8428,0.860423603347178,0.851182913095238
s1420,kidney_left,0.9507,0.7878878474304492,0.9013599670634919
s1420,kidney_right,0.4993,0.95852285210201,0.933180997222222
s1420,liver,0.9792,0.9050381640137262,0.9072500801587305
s1420,lung_lower_lobe_left,0.83,0.8279481693581059,0.8706640182539672
s1420,lung_lower_lobe_right,0.9611,0.8777585310630501,0.9345763523809519
s1420,lung_middle_lobe_right,0.9573,0.7137102986982422,0.6774855876984134
s1420,lung_upper_lobe_left,0.9423,0.902273422546137,0.8004804523809523
s1420,lung_upper_lobe_right,0.9857,0.9839883567667564,0.981543919047619
s1420,pancreas,0.8499,0.8258635757744625,0.8720163227873982
s1420,portal_vein_and_splenic_vein,0.6969,0.5962861972847259,0.6579717936507935
s1420,pulmonary_vein,0.909,0.8981625714478815,0.8763226962602219
s1420,rib_left_1,0.8423,0.8099030882550682,0.8796402730158726
s1420,rib_left_10,0.2563,0.3713615797937842,0.43319243822751324
s1420,rib_left_11,0.5323,0.7373061701241528,0.6874605962962963
s1420,rib_left_12,0.8169,0.5854252143543794,0.5975871492063493
s1420,rib_left_2,0.928,0.921766406257405,0.9535334305555553
s1420,rib_left_3,0.9654,0.9527899450660229,0.9678609948412694
s1420,rib_left_4,0.9755,0.9449571052996903,0.9637351403439159
s1420,rib_left_5,0.9799,0.9617619349421188,0.9581998621693129
s1420,rib_left_6,0.9797,0.9700263013376592,0.9685997383597877
s1420,rib_left_7,0.7835,0.7345658750226961,0.7354317396825399
s1420,rib_left_8,0.4508,0.6041256721256768,0.6782265511904763
s1420,rib_left_9,0.2127,0.3956512287586722,0.38113086679894165
s1420,rib_right_1,0.8975,0.9276735305696566,0.9243679059523815
s1420,rib_right_10,0.4411,0.5649017101470926,0.6029564902116401
s1420,rib_right_11,0.8286,0.9377323193199839,0.8922840492063493
s1420,rib_right_12,0.9723,0.9387034013482363,0.9258850818783071
s1420,rib_right_2,0.9612,0.9609347046190381,0.9546268817460316
s1420,rib_right_3,0.9535,0.9424195594337864,0.9413872537037039
s1420,rib_right_4,0.9671,0.9592543149660087,0.9539002395743145
s1420,rib_right_5,0.9734,0.9512774255547272,0.9459946439153437
s1420,rib_right_6,0.9178,0.8160371691303132,0.8228980821428573
s1420,rib_right_7,0.6831,0.4706627907831354,0.5047591796296298
s1420,rib_right_8,0.5084,0.40645818725158817,0.49803663743386245
s1420,rib_right_9,0.2625,0.2493458514430958,0.3433077678571429
s1420,scapula_left,0.9507,0.9670932500956564,0.9467972361111119
s1420,scapula_right,0.9522,0.9577288567947376,0.9557579277777777
s1420,skull,0.6741,0.7488986259502388,0.8323805273809519
s1420,small_bowel,0.9383,0.8481788197323447,0.8112597249999998
s1420,spinal_cord,0.9366,0.9388323226823295,0.9451849785714287
s1420,spleen,0.9703,0.962842329286613,0.9646310801587296
s1420,sternum,0.9355,0.9406066527468978,0.9255280637566135
s1420,stomach,0.943,0.93813647793178,0.9414549832010579
s1420,subclavian_artery_left,0.874,0.7837022483724987,0.7866423585978838
s1420,subclavian_artery_right,0.9009,0.8726066569047976,0.8812491660052915
s1420,superior_vena_cava,0.9677,0.8983702939233567,0.9176237976190478
s1420,thyroid_gland,0.2847,0.5029530700078719,0.6618845013227515
s1420,trachea,0.9064,0.6402267828677707,0.538992899074074
s1420,vertebrae_C6,0.8108,0.5397406365093007,0.6701376056878304
s1420,vertebrae_C7,0.927,0.972314537237444,0.915724017195767
s1420,vertebrae_L1,0.9569,0.983180662806362,0.9792437027777783
s1420,vertebrae_L2,0.9419,0.971664506790068,0.9809700376984131
s1420,vertebrae_L3,0.9476,0.8917272854677535,0.8495260857142851
s1420,vertebrae_L4,0.6821,0.506396122897489,0.5307621164021167
s1420,vertebrae_T1,0.9578,0.9844526789111107,0.9476272383597888
s1420,vertebrae_T10,0.9571,0.9777735291823055,0.9769663004810011
s1420,vertebrae_T11,0.963,0.9781557439135514,0.9658254896825395
s1420,vertebrae_T12,0.9626,0.9647602392255816,0.9707728719576724
s1420,vertebrae_T2,0.9766,0.9679750023568684,0.965155970105821
s1420,vertebrae_T3,0.9729,0.9656962327576114,0.9655667992063502
s1420,vertebrae_T4,0.9678,0.9660302642060451,0.9685093670634923
s1420,vertebrae_T5,0.9768,0.9673381688005392,0.9760828609307359
s1420,vertebrae_T6,0.9744,0.9783814166040976,0.9700404292328041
s1420,vertebrae_T7,0.9749,0.9831842803516484,0.9612990648148142
s1420,vertebrae_T8,0.9735,0.9740760425381514,0.9774472682539678
s1420,vertebrae_T9,0.9496,0.9767465112857556,0.9788577629148624
s1212,adrenal_gland_left,0.857,0.7918011289667962,0.7504704544973542
s1212,adrenal_gland_right,0.8378,0.7952889347306503,0.7444285124338624
s1212,aorta,0.9667,0.9453205305987327,0.9541762904761913
s1212,autochthon_left,0.9585,0.9406048404700491,0.9463269662698411
s1212,autochthon_right,0.9663,0.9607637633886073,0.9451554158730157
s1212,colon,0.8651,0.8649448991895318,0.8726755805555556
s1212,costal_cartilages,0.8789,0.8690047129128803,0.8691409772005769
s1212,duodenum,0.8847,0.8988880656540583,0.8937090570947568
s1212,esophagus,0.9334,0.8928334251656215,0.9164137593915346
s1212,femur_left,0.9792,1.0,0.9810560560846555
s1212,femur_right,0.981,1.0,0.9794161679894179
s1212,gallbladder,0.9224,0.9314566939151869,0.9090735415343907
s1212,gluteus_maximus_left,0.9701,0.9715892667725327,0.9690837998797505
s1212,gluteus_maximus_right,0.9706,0.9758056337157928,0.9340955238095243
s1212,gluteus_medius_left,0.946,0.9454720717903942,0.9401955712962958
s1212,gluteus_medius_right,0.9671,0.9611061012455528,0.9518159416666659
s1212,gluteus_minimus_left,0.9052,0.8635035726140009,0.9055516608465614
s1212,gluteus_minimus_right,0.9317,0.9301579412646162,0.9410095416666668
s1212,heart,0.9126,0.9689869732590011,0.9396983878306876
s1212,hip_left,0.9813,0.9286534983595496,0.9742203730158733
s1212,hip_right,0.9826,0.9690333469977419,0.9759875903439155
s1212,iliac_artery_left,0.9324,0.9475326164004662,0.9286270730158726
s1212,iliac_artery_right,0.9383,0.9606374162024867,0.9341773194444437
s1212,iliac_vena_left,0.9013,0.9144058728399506,0.9130706765873011
s1212,iliac_vena_right,0.898,0.856524476182354,0.8801634212962961
s1212,iliopsoas_left,0.9478,0.9598369473786077,0.9469069396825393
s1212,iliopsoas_right,0.9562,0.957186200824812,0.956248886111111
s1212,inferior_vena_cava,0.8906,0.9130971049040989,0.9213761218614712
s1212,kidney_left,0.9802,0.9381889483925718,0.965079367063492
s1212,kidney_right,0.9796,0.9540541396749449,0.9687223772486775
s1212,liver,0.9867,0.9819416417487901,0.9836607596560845
s1212,lung_lower_lobe_left,0.994,0.9961350942567857,0.9894127511904764
s1212,lung_lower_lobe_right,0.9938,1.0,0.9881665128815637
s1212,lung_middle_lobe_right,0.9723,0.9957426583173812,0.9163199837301592
s1212,lung_upper_lobe_left,0.9325,0.7230429289357518,0.6006973944444439
s1212,pancreas,0.9067,0.9123197972580538,0.9096623080687827
s1212,portal_vein_and_splenic_vein,0.7858,0.8303201714670537,0.8407356118807118
s1212,rib_left_10,0.9693,0.9554357514146792,0.9594790534391533
s1212,rib_left_11,0.9666,0.9632439552134785,0.9543100103174601
s1212,rib_left_12,0.9663,0.8893686948073218,0.9229564923280428
s1212,rib_left_7,0.9665,0.856964105361816,0.908046115873016
s1212,rib_left_8,0.9763,0.8432060434537471,0.8099409408730156
s1212,rib_left_9,0.9774,0.9085880167755574,0.8639462785714281
s1212,rib_right_10,0.9633,0.9734694749611703,0.959441744444445
s1212,rib_right_11,0.9565,0.921356839129372,0.933541557804233
s1212,rib_right_12,0.863,0.9327486501901399,0.9113412121693121
s1212,rib_right_7,0.9652,0.9541618823581124,0.9201407837301587
s1212,rib_right_8,0.9802,0.9583540711822064,0.9465424892857129
s1212,rib_right_9,0.9824,0.967193591728078,0.9509448174603174
s1212,sacrum,0.9267,0.9432912255021606,0.9376158702380951
s1212,small_bowel,0.8873,0.9149846401902749,0.9144097813492065
s1212,spinal_cord,0.9301,0.9308514313264052,0.9296909954064453
s1212,spleen,0.9845,0.9605538913727403,0.9644013992063504
s1212,sternum,0.6279,0.7473399722587216,0.753053211940837
s1212,stomach,0.9747,0.935256414686245,0.9405171551587294
s1212,urinary_bladder,0.9478,0.9548214552609735,0.9335752750000004
s1212,vertebrae_L1,0.975,0.9669112028284503,0.9689103349206346
s1212,vertebrae_L2,0.9661,0.9372253784036031,0.9692083321428566
s1212,vertebrae_L3,0.9294,0.8811182310079124,0.915671869708995
s1212,vertebrae_L4,0.9263,0.9561785997318938,0.9723162250000004
s1212,vertebrae_L5,0.9658,0.9660429402717644,0.9811678980158727
s1212,vertebrae_S1,0.9215,0.9512901506082364,0.936342808862434
s1212,vertebrae_T10,0.986,0.9549779489375477,0.9615643842592596
s1212,vertebrae_T11,0.9829,0.9547324220441523,0.9754225564814811
s1212,vertebrae_T12,0.9793,0.9354909301774176,0.9729483152116404
s1212,vertebrae_T9,0.9787,0.8930397679144484,0.8880491620370371
s0918,adrenal_gland_left,0.8494,0.879368462005591,0.8730019017195769
s0918,adrenal_gland_right,0.8603,0.9516247065874028,0.8676603223544975
s0918,aorta,0.9791,0.9716798555861578,0.9691707082251081
s0918,atrial_appendage_left,0.926,0.8215305616527586,0.8560874206349208
s0918,autochthon_left,0.9727,0.9683290281565444,0.9668197367724862
s0918,autochthon_right,0.9735,0.9627545898569814,0.9664471859788347
s0918,brachiocephalic_trunk,0.8202,0.9237508680215107,0.8951123661495912
s0918,brachiocephalic_vein_left,0.86,0.9235450744188667,0.8930005420634914
s0918,brachiocephalic_vein_right,0.9418,0.9035942539380242,0.9165631465608467
s0918,clavicula_left,0.9814,0.9715740255729014,0.9652772722222227
s0918,clavicula_right,0.9714,0.9589112779802438,0.965123180158731
s0918,colon,0.9466,0.9304397449892005,0.9178228075757581
s0918,common_carotid_artery_left,0.9317,0.8948695979439776,0.9040778604497363
s0918,common_carotid_artery_right,0.9165,0.8669966952755978,0.8943935965608463
s0918,costal_cartilages,0.9182,0.896169415515166,0.9034660579365072
s0918,duodenum,0.8724,0.8643639688733418,0.880354093386244
s0918,esophagus,0.9337,0.9207999088273696,0.9178883224146224
s0918,femur_left,0.9478,0.9160302290583467,0.9360848253968248
s0918,femur_right,0.9886,0.9636577330872391,0.9735614275132273
s0918,gallbladder,0.9354,1.0,0.8892678951058205
s0918,gluteus_maximus_left,0.9548,0.9744183866920326,0.9690932802910047
s0918,gluteus_maximus_right,0.9727,0.9734287866502227,0.9704668904761898
s0918,gluteus_medius_left,0.9429,0.9562666536981965,0.9524841223544968
s0918,gluteus_medius_right,0.9683,0.9537188713249651,0.9648918834656085
s0918,gluteus_minimus_left,0.9091,0.8958338146192872,0.9266370628306885
s0918,gluteus_minimus_right,0.9606,0.949583554354071,0.9476440469576718
s0918,heart,0.9382,0.9543294583941723,0.945152352777777
s0918,hip_left,0.9569,0.9664422728452438,0.9756378198412698
s0918,hip_right,0.9836,0.9712041939519114,0.9743200345238094
s0918,humerus_left,0.9775,0.932706070011459,0.8903521371693116
s0918,humerus_right,0.9723,0.9288247204234387,0.8595627051587303
s0918,iliac_artery_left,0.8969,0.9299884630774627,0.9269687158730161
s0918,iliac_artery_right,0.9272,0.9405285720372802,0.9243973330687834
s0918,iliac_vena_left,0.8678,0.9067967499642883,0.9100784948412699
s0918,iliac_vena_right,0.9167,0.8881598628133885,0.8868640912698419
s0918,iliopsoas_left,0.9654,0.9456629296214786,0.8855827991943244
s0918,iliopsoas_right,0.9703,0.9667524366703901,0.9651435636844633
s0918,inferior_vena_cava,0.9108,0.9325671740657673,0.9313016519841274
s0918,kidney_left,0.9848,0.9791805032134456,0.9782316014550264
s0918,kidney_right,0.983,0.9748155613385026,0.9779940911375666
s0918,liver,0.987,0.9862162241589411,0.9867036652837904
s0918,lung_lower_lobe_left,0.9323,0.9833403617822898,0.9877580156084652
s0918,lung_lower_lobe_right,0.9935,0.9960702322698002,0.9860121427248678
s0918,lung_middle_lobe_right,0.956,0.9618651544208381,0.9677121727513226
s0918,lung_upper_lobe_left,0.8353,0.9341764004435178,0.8803587937830687
s0918,lung_upper_lobe_right,0.98,0.9733327574385034,0.9688656477873984
s0918,pancreas,0.9218,0.8740620648890665,0.8890169121693122
s0918,portal_vein_and_splenic_vein,0.9157,0.8722683275040534,0.8642243592592597
s0918,prostate,0.82,0.7698840656767383,0.8308856039682544
s0918,pulmonary_vein,0.922,0.8902785391812277,0.8891799636243385
s0918,rib_left_1,0.9408,0.895681189029148,0.933883120274171
s0918,rib_left_10,0.9766,0.9743545559196348,0.9647495740740744
s0918,rib_left_11,0.98,0.9571934027378727,0.9628031591269842
s0918,rib_left_12,0.9586,0.9071325450843324,0.9092529914021162
s0918,rib_left_2,0.9755,0.9652659838596108,0.9634714771164018
s0918,rib_left_3,0.9767,0.9716930237772085,0.9640853154761903
s0918,rib_left_4,0.8346,0.7132116332480494,0.7130139521164021
s0918,rib_left_5,0.7035,0.7013334553982049,0.7157268398148147
s0918,rib_left_6,0.799,0.5853933955109543,0.6323458437830684
s0918,rib_left_7,0.9116,0.8358350164205984,0.8074575738095242
s0918,rib_left_8,0.984,0.9624693103562679,0.9684460099807604
s0918,rib_left_9,0.9853,0.9703650189210267,0.970113675
s0918,rib_right_1,0.9475,0.9384258520127967,0.9366346495069746
s0918,rib_right_10,0.9857,0.9675212584168706,0.9651239502886
s0918,rib_right_11,0.9754,0.9575793049220737,0.9616817039682538
s0918,rib_right_12,0.971,0.9116757679442532,0.9227620912698415
s0918,rib_right_2,0.9664,0.9592380215113712,0.9604131603174612
s0918,rib_right_3,0.9768,0.9555953803183195,0.9591028033068786
s0918,rib_right_4,0.974,0.9621868597421309,0.9563094603174602
s0918,rib_right_5,0.9734,0.9620061334848027,0.9583660674603169
s0918,rib_right_6,0.9869,0.9669283124532888,0.9598460632275134
s0918,rib_right_7,0.9866,0.9672118585726726,0.9636935572751328
s0918,rib_right_8,0.9857,0.9667960797205288,0.9659056922558926
s0918,rib_right_9,0.9828,0.9700333114688158,0.9666022595839343
s0918,sacrum,0.943,0.9327104503736051,0.9308385595238099
s0918,scapula_left,0.9728,0.9646245987464479,0.9492712082010584
s0918,scapula_right,0.9561,0.9666119404360433,0.9541717472222226
s0918,small_bowel,0.9401,0.9443414067163425,0.9375640773809526
s0918,spinal_cord,0.958,0.9558498105215597,0.9496741419312159
s0918,spleen,0.9901,0.9546684665790551,0.9791374338624337
s0918,sternum,0.9328,0.9446210578403028,0.9345721866161618
s0918,stomach,0.9278,0.941893720187895,0.9519089633597879
s0918,subclavian_artery_left,0.8463,0.9122107624171438,0.9071427628306884
s0918,subclavian_artery_right,0.9338,0.8943663351523276,0.8886328531746034
s0918,superior_vena_cava,0.9635,0.973973750721104,0.9383905981481481
s0918,thyroid_gland,0.9165,0.919560447046189,0.9210566884920636
s0918,trachea,0.9533,0.9477233136488963,0.9513527054232797
s0918,urinary_bladder,0.9112,0.8641809773034789,0.8875695452380955
s0918,vertebrae_C6,0.9708,0.944124535400225,0.8852557178571429
s0918,vertebrae_C7,0.9783,0.9766255265686837,0.9374673654761909
s0918,vertebrae_L1,0.9881,0.9938234496442842,0.9816435031746024
s0918,vertebrae_L2,0.9874,0.9846172520471768,0.9838791845238097
s0918,vertebrae_L3,0.9895,0.9894611864583023,0.9792372174603166
s0918,vertebrae_L4,0.9889,0.983553913488309,0.9792435210317457
s0918,vertebrae_L5,0.9889,0.9563938266209946,0.9782575309523807
s0918,vertebrae_S1,0.9397,0.9239856801226858,0.9489159940476187
s0918,vertebrae_T1,0.9768,0.9369178359141349,0.9495011126984118
s0918,vertebrae_T10,0.9906,0.9792465423505917,0.9786347401996149
s0918,vertebrae_T11,0.9869,0.9085574659250747,0.9551801494708995
s0918,vertebrae_T12,0.9866,0.98372808593041,0.9801507330687836
s0918,vertebrae_T2,0.982,0.947264672642293,0.9522350984126979
s0918,vertebrae_T3,0.9602,0.9176089393390285,0.9403904220899472
s0918,vertebrae_T4,0.9572,0.8968164536946686,0.9349322842592598
s0918,vertebrae_T5,0.975,0.9322412123937222,0.9499549695767193
s0918,vertebrae_T6,0.9327,0.9388527462075327,0.9655060735449736
s0918,vertebrae_T7,0.9457,0.9167460923532721,0.9322066621693119
s0918,vertebrae_T8,0.9881,0.9697194574123998,0.9641191551587309
s0918,vertebrae_T9,0.9884,0.9783658287377168,0.9694427730158734
s0684,aorta,0.9848,0.9690664268107181,0.9690049458994704
s0684,atrial_appendage_left,0.9168,0.9095589459792687,0.9169959177248679
s0684,autochthon_left,0.9168,0.9530280309607386,0.7106271829365092
s0684,autochthon_right,0.9459,0.8942067732267849,0.704701032936509
s0684,brachiocephalic_vein_left,0.8909,0.7954964582317704,0.7570028003727752
s0684,brachiocephalic_vein_right,0.2421,0.5034092702424937,0.57466234484127
s0684,costal_cartilages,0.8983,0.8521264921531484,0.8602496593915341
s0684,esophagus,0.9149,0.9150234503605457,0.9219197343915342
s0684,heart,0.9338,0.9460256206824466,0.9330679896825391
s0684,inferior_vena_cava,0.8076,0.8261967862863349,0.8016618251322746
s0684,liver,0.9783,0.9204734395973961,0.8801255105820104
s0684,lung_lower_lobe_left,0.9825,0.9457443186580432,0.9162687064814815
s0684,lung_lower_lobe_right,0.9888,0.9866852201332317,0.9860341149470903
s0684,lung_middle_lobe_right,0.9771,0.9606964370812843,0.9633200912698413
s0684,lung_upper_lobe_left,0.9915,0.9945911024287329,0.9857025986652233
s0684,lung_upper_lobe_right,0.982,0.9775593951608207,0.990015311507936
s0684,pulmonary_vein,0.9356,0.9241829395668804,0.8977225339947087
s0684,rib_left_2,0.8407,0.5503702775195464,0.3030141440476192
s0684,rib_left_3,0.9706,0.9617898830847202,0.8852383029100531
s0684,rib_left_4,0.9733,0.9423673013577791,0.9458011911856661
s0684,rib_left_5,0.9743,0.9476816078532782,0.919074588215488
s0684,rib_left_6,0.9693,0.8316034972486743,0.9248063812169312
s0684,rib_left_7,0.9697,0.8196043215276195,0.8246644428571431
s0684,rib_left_8,0.9267,0.5572801388976307,0.5336293878306881
s0684,rib_left_9,0.9263,0.819479233332059,0.8241890605940353
s0684,rib_right_2,0.8135,0.6727337318050712,0.6821789630952381
s0684,rib_right_3,0.9567,0.8573002578869701,0.8646489984126985
s0684,rib_right_4,0.9661,0.9471600950449508,0.9491331382756133
s0684,rib_right_5,0.9639,0.9577408154635307,0.9601924551587302
s0684,rib_right_6,0.9621,0.9738245710997155,0.9594193937830688
s0684,rib_right_7,0.9765,0.8697927377488517,0.9384526984126987
s0684,rib_right_8,0.9587,0.7005650761900054,0.7639745873015874
s0684,rib_right_9,0.9184,0.8913765410266068,0.914736417724867
s0684,scapula_right,0.8846,0.6557329595228581,0.7262517884920632
s0684,spinal_cord,0.8797,0.9544423869267046,0.8533461191798947
s0684,sternum,0.9194,0.9191542732545974,0.8863108611111103
s0684,superior_vena_cava,0.9377,0.9449973597165019,0.9111213825396832
s0684,trachea,0.9433,0.9260821476925569,0.9164218931938438
s0684,vertebrae_T10,0.7596,0.8054096559107365,0.6621564215007215
s0684,vertebrae_T4,0.9588,0.8572663247255802,0.8745414038600283
s0684,vertebrae_T5,0.9721,1.0,0.9505647746031743
s0684,vertebrae_T6,0.9681,0.9852519908493034,0.9476555682539678
s0684,vertebrae_T7,0.9658,0.9923798193787734,0.9364856035714282
s0684,vertebrae_T8,0.9714,1.0,0.9444467265873012
s0684,vertebrae_T9,0.9687,0.9990128598622172,0.9296413939153437
s0829,adrenal_gland_left,0.9047,0.8252131264555799,0.8461480518518516
s0829,adrenal_gland_right,0.8502,0.864565465443258,0.8675875857142858
s0829,aorta,0.981,0.9715221684520193,0.9646510663780659
s0829,atrial_appendage_left,0.9241,0.8938289632033166,0.8805705011904765
s0829,autochthon_left,0.9676,0.9675845800550475,0.95167746521164
s0829,autochthon_right,0.9641,0.9449776637467727,0.9533406997113999
s0829,brachiocephalic_trunk,0.9435,0.9283729626515481,0.8973138865079373
s0829,brachiocephalic_vein_left,0.967,0.9114762045887344,0.9258055125661367
s0829,brachiocephalic_vein_right,0.8888,0.8719776462571874,0.864198767592593
s0829,clavicula_left,0.9801,0.9671385085950233,0.9554661138888889
s0829,clavicula_right,0.9678,0.9040732915200702,0.9308037641534384
s0829,common_carotid_artery_left,0.9436,0.8995518949950843,0.8975068701058202
s0829,common_carotid_artery_right,0.9419,0.799366351255444,0.8493064022847523
s0829,costal_cartilages,0.8424,0.8260448101624094,0.8329662039682542
s0829,esophagus,0.9147,0.9313822794522669,0.906965362590188
s0829,heart,0.9477,0.92451014228847,0.9334251420634926
s0829,humerus_left,0.9599,0.9889081814749708,0.9237551931216931
s0829,humerus_right,0.8691,0.7024303909291416,0.741374780555555
s0829,iliopsoas_right,0.825,0.7623279698306415,0.720749062566138
s0829,inferior_vena_cava,0.9045,0.8685990804851356,0.8949494482804236
s0829,kidney_left,0.9725,0.9484018698507024,0.9208053627085871
s0829,kidney_right,0.9649,0.9435683439136728,0.9117181186507933
s0829,liver,0.9838,0.9532175343052458,0.9597205015873012
s0829,lung_lower_lobe_left,0.9942,1.0,0.9724890851851857
s0829,lung_lower_lobe_right,0.9895,0.9768865186286136,0.9749572093915354
s0829,lung_middle_lobe_right,0.9608,0.9641234756278564,0.9683293228835977
s0829,lung_upper_lobe_left,0.9927,0.9909860762943902,0.9831292353174605
s0829,lung_upper_lobe_right,0.9865,0.98669191709012,0.9782759880952384
s0829,pancreas,0.0,0.18817370613661957,0.2579063439153439
s0829,portal_vein_and_splenic_vein,0.7506,0.620445636680183,0.6527397814814813
s0829,pulmonary_vein,0.9239,0.9047320919303538,0.8684028997354506
s0829,rib_left_1,0.971,0.9073202646369689,0.9311495064093316
s0829,rib_left_10,0.9697,0.9394999555480497,0.8884903658730153
s0829,rib_left_11,0.9785,0.9573287708375757,0.9224160835978836
s0829,rib_left_12,0.9308,0.7491456488033357,0.7681613496753242
s0829,rib_left_2,0.972,0.8858931171318487,0.9514222003968249
s0829,rib_left_3,0.9671,0.9256332581677429,0.9518515789682539
s0829,rib_left_4,0.9793,0.8808458553584663,0.9224264646825401
s0829,rib_left_5,0.9786,0.883001085313933,0.8781497277777779
s0829,rib_left_6,0.9782,0.8162226526691325,0.8890747168831165
s0829,rib_left_7,0.9785,0.794298532994544,0.7990250107142856
s0829,rib_left_8,0.9758,0.7982122559603673,0.8002934781746031
s0829,rib_left_9,0.9747,0.7890607141909896,0.7252681507936506
s0829,rib_right_1,0.9684,0.9026461247469751,0.9175162869047616
s0829,rib_right_10,0.9818,1.0,0.9478046128306875
s0829,rib_right_11,0.9756,0.9416107643633633,0.9162645948412702
s0829,rib_right_12,0.938,0.8127830088310223,0.7558741985449738
s0829,rib_right_2,0.9693,0.9122643967941658,0.9534968620573873
s0829,rib_right_3,0.9718,0.9338366136290321,0.9440582150793648
s0829,rib_right_4,0.9719,0.8902875116003864,0.9038554111111116
s0829,rib_right_5,0.975,0.9163448798937573,0.9025628579365081
s0829,rib_right_6,0.9693,0.8918672027558022,0.8796308761904762
s0829,rib_right_7,0.9764,0.8793157311063475,0.870439552994228
s0829,rib_right_8,0.9477,0.7311864315784259,0.5921775108465603
s0829,rib_right_9,0.9775,0.8664920276506854,0.7975310021164019
s0829,scapula_left,0.9643,0.9382551008172691,0.9296793907407399
s0829,scapula_right,0.9505,0.9267439526923936,0.9531344125661377
s0829,spinal_cord,0.9296,0.938296807239957,0.9356798946886444
s0829,spleen,0.9834,0.9581869235389725,0.9583594044973542
s0829,sternum,0.9461,0.9207327745206662,0.9182473432539685
s0829,stomach,0.9348,0.8855611671780992,0.8508533809523812
s0829,subclavian_artery_left,0.9465,0.9182921805045665,0.9002523356421342
s0829,subclavian_artery_right,0.9276,0.897817479729843,0.888695923280423
s0829,superior_vena_cava,0.9458,0.9428105220429901,0.8851738214285714
s0829,thyroid_gland,0.682,0.7465150797241957,0.7806287678571431
s0829,trachea,0.965,0.9647018491143644,0.9579678935185181
s0829,vertebrae_C7,0.9594,0.7694836726259944,0.8619333498677247
s0829,vertebrae_L1,0.9878,0.9050490153617025,0.8844965968253964
s0829,vertebrae_T1,0.9762,0.9459367764799467,0.9496983544973555
s0829,vertebrae_T10,0.9852,0.9608412703617659,0.9484995219576717
s0829,vertebrae_T11,0.9865,0.9372844251961313,0.9391306649470893
s0829,vertebrae_T12,0.9868,0.9528175919719593,0.9432080011904761
s0829,vertebrae_T2,0.9563,0.9287533084724873,0.9468968152116397
s0829,vertebrae_T3,0.9082,0.8610896211459566,0.9025066273809523
s0829,vertebrae_T4,0.9371,0.9342437100204792,0.9302393306878302
s0829,vertebrae_T5,0.9753,0.9391269696910318,0.9417223170634911
s0829,vertebrae_T6,0.9798,0.9461877872759761,0.9484002054232797
s0829,vertebrae_T7,0.9856,0.922632242962075,0.9180865195767188
s0829,vertebrae_T8,0.9838,0.9592751060720981,0.9507604158730157
s0829,vertebrae_T9,0.9831,0.9647820030981269,0.9483648404761909
s1406,brain,0.9662,0.9518908106255111,0.9562524261904758
s1406,skull,0.9032,0.9301633780819615,0.9208524001322755
s1406,spinal_cord,0.8971,0.8068423425219561,0.7428642256613756
s1406,vertebrae_C1,0.9469,0.9080925784184921,0.8907893003968264
s1406,vertebrae_C2,0.9209,0.7535293323483174,0.8549030559523811
s0468,adrenal_gland_left,0.8438,0.787684182730249,0.8135531925925925
s0468,adrenal_gland_right,0.848,0.7173269648613487,0.7879837369047616
s0468,aorta,0.9413,0.9600722385276673,0.9582165694444439
s0468,autochthon_left,0.9681,0.9710578086012722,0.9667729500000002
s0468,autochthon_right,0.9686,0.9622683352743288,0.9697274370370376
s0468,colon,0.9157,0.9023063097656636,0.8764343394179891
s0468,costal_cartilages,0.8899,0.8796108580955276,0.8657323756613757
s0468,duodenum,0.8922,0.9105590838829282,0.8633987218253969
s0468,esophagus,0.9153,0.7281326777106357,0.7808337775132272
s0468,femur_left,0.9798,0.9700947809282051,0.9659682914021162
s0468,femur_right,0.9828,0.9746515680980047,0.9659166247955746
s0468,gallbladder,0.8872,0.778871339090014,0.8723656576719577
s0468,gluteus_maximus_left,0.9629,0.9278054601432035,0.9606300191798942
s0468,gluteus_maximus_right,0.9547,0.8435643535391724,0.9032930929894176
s0468,gluteus_medius_left,0.9646,0.9534500288182635,0.9541449607142864
s0468,gluteus_medius_right,0.9524,0.9628420836052795,0.9472885248677246
s0468,gluteus_minimus_left,0.9447,0.9580168967046377,0.935355390079366
s0468,gluteus_minimus_right,0.9418,0.9423080047534558,0.9290970325396832
s0468,heart,0.3629,0.9457344316149847,0.9073313126984122
s0468,hip_left,0.9791,0.9587732059074378,0.9482771869047616
s0468,hip_right,0.9775,0.9764147603391559,0.9754844261904759
s0468,iliac_artery_left,0.9009,0.9488367275236873,0.9385943003968251
s0468,iliac_artery_right,0.9308,0.9459611447455872,0.9374134603174603
s0468,iliac_vena_left,0.9375,0.8940807093051066,0.9020254350529107
s0468,iliac_vena_right,0.8459,0.8762444132016286,0.8915072611111111
s0468,iliopsoas_left,0.9579,0.965118046887972,0.9579361400793652
s0468,iliopsoas_right,0.9589,0.9620171169569528,0.9640843726911976
s0468,inferior_vena_cava,0.8892,0.8599221821828098,0.8676933325396825
s0468,kidney_cyst_right,0.0,0.14279376240595065,0.3261205539682541
s0468,kidney_left,0.9824,0.9689521067758183,0.9481765284391529
s0468,kidney_right,0.9221,0.9600210136797578,0.9585182800264552
s0468,liver,0.9808,0.9664044328542714,0.9715745346560848
s0468,lung_lower_lobe_left,0.809,0.9031962329880964,0.9208467070105818
s0468,lung_lower_lobe_right,0.9556,0.8951850648673514,0.9236139632275135
s0468,lung_middle_lobe_right,0.9405,0.7245769236481269,0.6516671198412697
s0468,lung_upper_lobe_left,0.228,0.8689861627142998,0.8669628588624342
s0468,pancreas,0.8448,0.8523490758150957,0.8595091539682536
s0468,portal_vein_and_splenic_vein,0.8388,0.8532841256437383,0.8659610918831169
s0468,prostate,0.8476,0.7546186251523268,0.7202807574074083
s0468,rib_left_10,0.9688,0.962917872275817,0.9668114734126994
s0468,rib_left_11,0.9602,0.9516068381463876,0.9560853158730168
s0468,rib_left_12,0.9639,0.9296355458353713,0.9331433305555548
s0468,rib_left_5,0.672,0.8443013935269011,0.7397601941798939
s0468,rib_left_6,0.9142,1.0,0.9155954126984127
s0468,rib_left_7,0.9702,0.9802437269681511,0.9522861277777779
s0468,rib_left_8,0.9745,0.9731955438734082,0.9590378966931218
s0468,rib_left_9,0.9716,0.976804309050302,0.9587860544973545
s0468,rib_right_10,0.9743,0.9729732563758254,0.9672801813492066
s0468,rib_right_11,0.9684,0.9004018850384881,0.9268480074074074
s0468,rib_right_12,0.966,0.9423467379633474,0.9312682506613752
s0468,rib_right_5,0.8415,0.7195614229657539,0.7320318293650796
s0468,rib_right_6,0.9376,0.9615012065733104,0.9362737654761908
s0468,rib_right_7,0.9696,0.9622085234706934,0.9494703346560851
s0468,rib_right_8,0.9773,0.9670347002962574,0.9537066542328038
s0468,rib_right_9,0.9738,0.974737848334347,0.9653429748677244
s0468,sacrum,0.9395,0.9224083215468684,0.9261701558201061
s0468,scapula_left,0.0,0.629037800286652,0.8201115813492066
s0468,small_bowel,0.9068,0.9344900805144923,0.9201018989417992
s0468,spinal_cord,0.9368,0.9362730858685637,0.9378708210012212
s0468,spleen,0.9757,0.9648409818091981,0.9473441712962964
s0468,sternum,0.697,0.9794684468516763,0.7653392793650798
s0468,stomach,0.9399,0.9055701381387417,0.9279805515873013
s0468,urinary_bladder,0.95,0.8312232070666534,0.9176404059523808
s0468,vertebrae_L1,0.9756,0.9602778529045382,0.9762994277777775
s0468,vertebrae_L2,0.9742,0.9966062398324532,0.9758365940476189
s0468,vertebrae_L3,0.9772,0.992061172741642,0.9700551960317463
s0468,vertebrae_L4,0.9786,1.0,0.9751473932539682
s0468,vertebrae_L5,0.9744,0.9859260994746686,0.9671416775132274
s0468,vertebrae_S1,0.9213,0.9784392580159692,0.9667988108465607
s0468,vertebrae_T10,0.9686,1.0,0.9769582503968249
s0468,vertebrae_T11,0.9726,0.9836103765203502,0.9707182190476186
s0468,vertebrae_T12,0.9764,0.9727373833031666,0.942589156746032
s0468,vertebrae_T8,0.9653,1.0,0.8615247708994719
s0468,vertebrae_T9,0.9527,1.0,0.8916966575396812
s0735,adrenal_gland_left,0.9074,0.892841693249734,0.863918694456469
s0735,adrenal_gland_right,0.8606,0.8278999597267953,0.8420909712962962
s0735,aorta,0.9798,0.9688372375462024,0.9701665091269842
s0735,atrial_appendage_left,0.7565,0.8780936561315918,0.834666345767196
s0735,autochthon_left,0.945,0.9728559041790427,0.9522456650793646
s0735,autochthon_right,0.9502,0.896705504670922,0.7609630575396825
s0735,brachiocephalic_trunk,0.9228,0.9404166841731234,0.9001625960317464
s0735,brachiocephalic_vein_left,0.9403,0.8986518198960891,0.9078377161375666
s0735,brachiocephalic_vein_right,0.7864,0.9393601128579094,0.9150378841269841
s0735,clavicula_left,0.9273,0.9410546369196641,0.9547606313492067
s0735,clavicula_right,0.9696,0.9243758322801462,0.9507707306878302
s0735,colon,0.0,0.18642247499300402,0.43656427619047594
s0735,common_carotid_artery_left,0.9223,0.9083198020474887,0.9176303407407405
s0735,common_carotid_artery_right,0.9191,0.9242316356461777,0.8974654567460323
s0735,costal_cartilages,0.8816,0.8816404363560935,0.8552010341269844
s0735,duodenum,0.4151,0.7276507992513338,0.7716551229196726
s0735,esophagus,0.8775,0.8973573159327093,0.9093294915343925
s0735,heart,0.9206,0.9167883631341043,0.9248245207671953
s0735,humerus_left,0.9646,0.895279719008387,0.9160305718253974
s0735,humerus_right,0.962,0.9464073230196486,0.8899188083333327
s0735,iliopsoas_left,0.5724,0.8675357879635309,0.8839400521164019
s0735,iliopsoas_right,0.8206,0.8977972052238414,0.8593094879629625
s0735,inferior_vena_cava,0.9256,0.8797258703956666,0.91213843505291
s0735,kidney_cyst_left,0.0641,0.20841308225716912,0.4344994373015871
s0735,kidney_left,0.7549,0.9334959176758053,0.9383246891534397
s0735,kidney_right,0.9612,0.9330722924433293,0.93449893452381
s0735,liver,0.9826,0.9706115869290372,0.956906442460317
s0735,lung_lower_lobe_left,0.9898,0.9957789435080823,0.9880170599206345
s0735,lung_lower_lobe_right,0.9861,0.9926893077761544,0.9864309047619041
s0735,lung_middle_lobe_right,0.9363,0.9707319378286073,0.9692116829365082
s0735,lung_upper_lobe_left,0.993,0.9838196612645089,0.9826777476190476
s0735,lung_upper_lobe_right,0.97,0.9773653021618566,0.9718275049062051
s0735,pancreas,0.8694,0.9007412779708497,0.884693043650794
s0735,portal_vein_and_splenic_vein,0.8775,0.8640800887914036,0.8753896297619042
s0735,pulmonary_vein,0.8394,0.9242341406154551,0.9105306986772487
s0735,rib_left_1,0.9265,0.9202143667862727,0.9233595091269841
s0735,rib_left_10,0.9647,0.9712061660672637,0.9056313123376619
s0735,rib_left_11,0.9383,0.7863632830333861,0.8394354519841268
s0735,rib_left_12,0.6883,0.7280927212514132,0.7730986993386244
s0735,rib_left_2,0.9283,0.9595187713676484,0.9487714863756612
s0735,rib_left_3,0.9408,0.9007705015216518,0.9206948350529096
s0735,rib_left_4,0.9555,0.9180121961920622,0.9473580338624333
s0735,rib_left_5,0.9685,0.9495186091489963,0.9175992309523802
s0735,rib_left_6,0.9594,0.966259299418913,0.9354034078042323
s0735,rib_left_7,0.8545,0.7310391253871666,0.7134638880952385
s0735,rib_left_8,0.7463,0.6129917876751461,0.6403880444444449
s0735,rib_left_9,0.794,0.9616828293087325,0.9562863306878305
s0735,rib_right_1,0.9488,0.9309897572950538,0.9161353216931208
s0735,rib_right_10,0.9637,0.9027790906690965,0.9086673164742668
s0735,rib_right_11,0.9384,0.7147799360477476,0.5312063263227512
s0735,rib_right_12,0.9037,0.7255383196104424,0.7926443190476195
s0735,rib_right_2,0.9531,0.9546935436976924,0.9424067690476186
s0735,rib_right_3,0.9549,0.91785832394191,0.935516627380953
s0735,rib_right_4,0.9339,0.918136960024602,0.9120705993386244
s0735,rib_right_5,0.8828,0.9262993539672187,0.9452050138888889
s0735,rib_right_6,0.8354,0.8521737151151998,0.9245559709716217
s0735,rib_right_7,0.879,0.8331051025047667,0.8580372250000003
s0735,rib_right_8,0.9448,0.9056913320128746,0.9168538507936507
s0735,rib_right_9,0.9721,0.8815268744788158,0.9218782651515155
s0735,scapula_left,0.9465,0.9106553810433741,0.9234385345238096
s0735,scapula_right,0.9469,0.9517434238721538,0.9575897376984128
s0735,spinal_cord,0.9559,0.913766881191743,0.934287976587302
s0735,spleen,0.9685,0.9733499026533803,0.9674325037037034
s0735,sternum,0.9268,0.9361682534870494,0.9062964470899466
s0735,stomach,0.943,0.9110659952268677,0.9079319395502652
s0735,subclavian_artery_left,0.867,0.9197039644508755,0.9048059579365079
s0735,subclavian_artery_right,0.8789,0.9093228129054849,0.9153538593915348
s0735,superior_vena_cava,0.9444,0.9416862465855559,0.9181746370370365
s0735,thyroid_gland,0.9082,0.8821958311847555,0.9103470828042329
s0735,trachea,0.9463,0.9480585586007262,0.9303082712962966
s0735,vertebrae_L1,0.9832,0.9686458673602789,0.9623298968253977
s0735,vertebrae_L2,0.9811,0.9720260582479621,0.9699383138888888
s0735,vertebrae_L3,0.9476,0.9176848135468763,0.9071410309523804
s0735,vertebrae_T1,0.9662,0.8700467726678444,0.9096197219576718
s0735,vertebrae_T10,0.982,0.9665442798048514,0.9661745767195776
s0735,vertebrae_T11,0.9812,0.9599892369777364,0.9536932033068783
s0735,vertebrae_T12,0.9835,0.9583693094866617,0.9522539234126991
s0735,vertebrae_T2,0.977,0.8924096708947178,0.9278382694444446
s0735,vertebrae_T3,0.9732,0.9176338565881696,0.9329809547619051
s0735,vertebrae_T4,0.9664,0.8820079704931305,0.9125796158730162
s0735,vertebrae_T5,0.9643,0.9366519369840838,0.9538925636243385
s0735,vertebrae_T6,0.9695,0.9330291108746388,0.9521643550264546
s0735,vertebrae_T7,0.9807,0.9689523977710031,0.9525074625661383
s0735,vertebrae_T8,0.9814,0.9636137292119664,0.9531875490740747
s0735,vertebrae_T9,0.9846,0.9737638501020214,0.9621612780423277
s0236,adrenal_gland_left,0.9099,0.8846657784774032,0.8915945695767196
s0236,adrenal_gland_right,0.9011,0.9013595709059788,0.8917609730158728
s0236,aorta,0.9483,0.9492117987607386,0.9262732365079368
s0236,autochthon_left,0.9691,0.9809539665604768,0.959056936507936
s0236,autochthon_right,0.9674,0.9729050932322585,0.9580883658730163
s0236,colon,0.8423,0.8465666169657693,0.8378748744708996
s0236,costal_cartilages,0.8417,0.916639263906636,0.895069031349206
s0236,duodenum,0.8547,0.838551060278349,0.8311290380952385
s0236,esophagus,0.9282,0.9008496140170005,0.8831145654761908
s0236,femur_left,0.9397,0.963110623460843,0.9205529396825398
s0236,femur_right,0.9222,0.9228201886435995,0.9084009511904765
s0236,gallbladder,0.9537,0.7956985165606953,0.8574243429894178
s0236,gluteus_maximus_left,0.9662,0.9507570074812305,0.941915961399711
s0236,gluteus_maximus_right,0.9729,0.9678386904534443,0.9699845661616164
s0236,gluteus_medius_left,0.9074,0.9380407826678092,0.9520615899470903
s0236,gluteus_medius_right,0.9445,0.9616556623374892,0.9576458301587297
s0236,gluteus_minimus_left,0.8777,0.8955288281444829,0.902902397883598
s0236,gluteus_minimus_right,0.9169,0.9286002225547929,0.9314704742063487
s0236,heart,0.9121,0.9568600741807504,0.9305066452380965
s0236,hip_left,0.9575,0.9739834930006789,0.9702100691798938
s0236,hip_right,0.949,0.9442382045683575,0.9647680342592589
s0236,iliac_artery_left,0.8374,0.9274728319222842,0.9136271554232807
s0236,iliac_artery_right,0.8917,0.925395281732798,0.9045562099206349
s0236,iliac_vena_left,0.9162,0.9194909893666815,0.9206817861111104
s0236,iliac_vena_right,0.9329,0.9177736161750956,0.9129377687830693
s0236,iliopsoas_left,0.95,0.9699050488011371,0.9676397525132271
s0236,iliopsoas_right,0.9623,0.9708535870763069,0.9676310095238088
s0236,inferior_vena_cava,0.8809,0.9235163508937275,0.9236351282948535
s0236,kidney_left,0.9858,0.9702867148660937,0.9750013799062056
s0236,kidney_right,0.985,0.9671915249450875,0.9763913179894179
s0236,liver,0.9892,0.9915247387453464,0.9853541818662812
s0236,lung_lower_lobe_left,0.9915,0.9773359118049925,0.9886091499999999
s0236,lung_lower_lobe_right,0.9913,0.9916101720916092,0.9884408121693113
s0236,lung_middle_lobe_right,0.9869,0.9577553827909785,0.9710700425925929
s0236,lung_upper_lobe_left,0.9776,0.9713018996258699,0.9511740276334772
s0236,pancreas,0.9414,0.9050344398053951,0.9103274695767202
s0236,portal_vein_and_splenic_vein,0.8657,0.8705757653738624,0.8602446783068783
s0236,prostate,0.6236,0.8790584189228731,0.8743669315656561
s0236,pulmonary_vein,0.0,0.6616675973387646,0.5530103729196727
s0236,rib_left_10,0.9496,0.8777005414256722,0.8701786117724869
s0236,rib_left_11,0.964,0.9487418792997889,0.954171576719577
s0236,rib_left_12,0.8885,0.9747387278241454,0.910237781746032
s0236,rib_left_6,0.7356,0.8892649622725509,0.8295373341269839
s0236,rib_left_7,0.9197,0.8622828795835655,0.9060539345238101
s0236,rib_left_8,0.947,0.9566592142715238,0.9590657449735442
s0236,rib_left_9,0.9508,0.9675465617575019,0.9606857078042323
s0236,rib_right_10,0.9575,0.9591432962211857,0.9639635742063496
s0236,rib_right_11,0.9557,0.9601580553309191,0.9382971259259257
s0236,rib_right_12,0.9614,0.9479017615050952,0.9262123632275131
s0236,rib_right_6,0.9203,0.9661223906351207,0.9115769119047628
s0236,rib_right_7,0.9177,0.9242529796675196,0.9401322817460319
s0236,rib_right_8,0.9418,0.9424740298512538,0.9344376010582011
s0236,rib_right_9,0.9537,0.9579605703759547,0.9651592978327229
s0236,sacrum,0.8914,0.9620177744114471,0.938093581878306
s0236,small_bowel,0.8675,0.9479872596702309,0.9385637493386241
s0236,spinal_cord,0.9153,0.9199114515309014,0.9357458706349208
s0236,spleen,0.9859,0.963058348187417,0.9709589554232804
s0236,sternum,0.7336,0.8952861758478808,0.8426253544973543
s0236,stomach,0.9675,0.9541282787927555,0.9424595751322752
s0236,urinary_bladder,0.9356,0.9484428196069207,0.9472501965608471
s0236,vertebrae_L1,0.9807,0.9872799331543589,0.9828017456349207
s0236,vertebrae_L2,0.9738,0.9852168984131687,0.9795227702380951
s0236,vertebrae_L3,0.9667,0.9785580991694515,0.981443641269841
s0236,vertebrae_L4,0.9341,0.9791923651948131,0.9794498115079368
s0236,vertebrae_L5,0.9351,0.9843078167723501,0.9807960742063493
s0236,vertebrae_S1,0.8866,0.9623205322312995,0.9664716994708997
s0236,vertebrae_T10,0.9807,0.9594791470445945,0.9757982410052902
s0236,vertebrae_T11,0.9754,0.9650566554473329,0.9822841915343911
s0236,vertebrae_T12,0.9717,0.9265338925004006,0.9630939642857148
s0236,vertebrae_T8,0.9094,0.9855507764807853,0.8989341674603178
s0236,vertebrae_T9,0.9737,0.9526086112021913,0.9403626087301584
s0907,aorta,0.8959,0.8998574349848635,0.7958587166666667
s0907,autochthon_left,0.9735,0.9356599050400479,0.9523453283068788
s0907,autochthon_right,0.9689,0.9071704157078812,0.943570813888889
s0907,colon,0.854,0.7783015728506426,0.8152017044973546
s0907,duodenum,0.6147,0.6878110627334567,0.7104099809523807
s0907,femur_left,0.9836,0.9724068082263665,0.9590650117724865
s0907,femur_right,0.9855,0.9655638779507223,0.9579049429894182
s0907,gluteus_maximus_left,0.9305,0.9306958870991411,0.9423362189153437
s0907,gluteus_maximus_right,0.9525,0.9476863118423506,0.9445337133597885
s0907,gluteus_medius_left,0.9394,0.9154974807384438,0.9307172710317456
s0907,gluteus_medius_right,0.9543,0.9420043549357996,0.9432880035714288
s0907,gluteus_minimus_left,0.9255,0.89436241365698,0.895226781481482
s0907,gluteus_minimus_right,0.9329,0.9030174200192782,0.9027334613960117
s0907,hip_left,0.9741,0.9652109234074155,0.9587555942640695
s0907,hip_right,0.9761,0.9893702898846652,0.9684855725468974
s0907,iliac_artery_left,0.9011,0.8953453512911126,0.8960801888888892
s0907,iliac_artery_right,0.871,0.8758970042367024,0.9020046579365087
s0907,iliac_vena_left,0.8666,0.906534186921787,0.8961015341630594
s0907,iliac_vena_right,0.8758,0.8822822535632572,0.8813900205868203
s0907,iliopsoas_left,0.9441,0.9462885533228909,0.9346006378306879
s0907,iliopsoas_right,0.9524,0.9462198915221293,0.9378054244708992
s0907,inferior_vena_cava,0.6559,0.6222519394500924,0.6694643054232805
s0907,kidney_right,0.7814,0.8757935426079739,0.7686180652116403
s0907,liver,0.4,0.8203856547350283,0.7020999911375662
s0907,prostate,0.845,0.8149991234687463,0.8236388341269847
s0907,sacrum,0.912,0.9245630710047448,0.8762805435185183
s0907,small_bowel,0.876,0.8291875319293252,0.8702208123015875
s0907,spinal_cord,0.8902,0.8950051756661835,0.9099777642135646
s0907,urinary_bladder,0.9588,0.9007080283811728,0.9213498658730163
s0907,vertebrae_L3,0.9723,0.9025121224673225,0.8637478453703704
s0907,vertebrae_L4,0.985,0.9593360261057384,0.9683027158730159
s0907,vertebrae_L5,0.9601,0.943303767561418,0.9646948456349201
s0907,vertebrae_S1,0.9264,0.9624930166802383,0.94875928558201
s0951,aorta,0.704,0.6807189986617419,0.8114019601851858
s0951,autochthon_left,0.9645,0.9501209839396366,0.9511330678571431
s0951,autochthon_right,0.9629,0.9382530939204273,0.9524695251322748
s0951,colon,0.8909,0.9564602865574539,0.9301638611111114
s0951,duodenum,0.486,0.7321716226349392,0.6173251150793649
s0951,femur_left,0.9833,0.9784212011019471,0.9615135135281387
s0951,femur_right,0.9686,0.9228323050373297,0.9259799977513236
s0951,gluteus_maximus_left,0.9515,0.9673350528834906,0.9642541444444449
s0951,gluteus_maximus_right,0.949,0.9411488072351155,0.9649033003968254
s0951,gluteus_medius_left,0.962,0.958734447809207,0.9641914096560846
s0951,gluteus_medius_right,0.9515,0.9693365424755774,0.957389727922077
s0951,gluteus_minimus_left,0.9234,0.9177921388181999,0.9047951157407413
s0951,gluteus_minimus_right,0.9499,0.9333387563850731,0.9188496011904762
s0951,hip_left,0.983,0.9793381955895065,0.9744422477513225
s0951,hip_right,0.9823,0.9721774421492665,0.9724220695767203
s0951,iliac_artery_left,0.6992,0.7450243918906487,0.6953374126623373
s0951,iliac_artery_right,0.8077,0.7853886177269671,0.8232437138888882
s0951,iliac_vena_left,0.8543,0.7145144123652821,0.673997550396826
s0951,iliac_vena_right,0.8489,0.8561264608618155,0.8486928195767195
s0951,iliopsoas_left,0.9566,0.9368312365820143,0.9524556275132274
s0951,iliopsoas_right,0.9432,0.9545505447956678,0.9483953334776334
s0951,inferior_vena_cava,0.9233,0.725809697251533,0.8081107281746036
s0951,kidney_left,0.9222,0.8233664626233957,0.7340483437830684
s0951,kidney_right,0.0,0.8344241805296574,0.7024958615079365
s0951,sacrum,0.9481,0.9195919760043867,0.9208563599206351
s0951,small_bowel,0.8772,0.9150006000597288,0.8883233285714285
s0951,spinal_cord,0.888,0.930224953564626,0.9096589563492057
s0951,urinary_bladder,0.7487,0.9045464587122153,0.8778884398148148
s0951,vertebrae_L4,0.987,0.9908349373353575,0.9773273591269844
s0951,vertebrae_L5,0.9835,0.9750195532674811,0.984150332539683
s0951,vertebrae_S1,0.9428,0.9679478214614758,0.976584546031746
s0625,adrenal_gland_left,0.9274,0.8666283078812348,0.8944227255291004
s0625,adrenal_gland_right,0.937,0.8820276056072197,0.8653199912698415
s0625,aorta,0.977,0.9749332572496446,0.9668742797619044
s0625,atrial_appendage_left,0.9192,0.86053024632629,0.8946334866402122
s0625,autochthon_left,0.9761,0.898370778677626,0.9658672382275133
s0625,autochthon_right,0.9765,0.9811233163706752,0.967946200396825
s0625,brachiocephalic_trunk,0.8788,0.8554250017330056,0.871997350132275
s0625,brachiocephalic_vein_left,0.9503,0.912531809646117,0.9360566755291001
s0625,brachiocephalic_vein_right,0.8401,0.8249033416975494,0.8935433865079365
s0625,clavicula_left,0.9768,0.9526335494940988,0.9468203562169311
s0625,clavicula_right,0.9573,0.9697269282699366,0.9544448599206358
s0625,colon,0.9085,0.9339619699960139,0.9345339087301585
s0625,common_carotid_artery_left,0.9197,0.9339736093622332,0.8706031812169308
s0625,common_carotid_artery_right,0.8778,0.897103394070152,0.876220815873016
s0625,costal_cartilages,0.9039,0.9147212907930576,0.8914484355459359
s0625,duodenum,0.8934,0.8922072015481148,0.8715442255291005
s0625,esophagus,0.939,0.9277784690072912,0.9239616543650796
s0625,femur_left,0.9822,0.9887730283401641,0.975656846428571
s0625,femur_right,0.9639,0.9654214355792277,0.9750817560846561
s0625,gallbladder,0.9186,0.8288852501211785,0.8185729480158734
s0625,gluteus_maximus_left,0.9694,0.93308983175396,0.9634447350529102
s0625,gluteus_maximus_right,0.9825,0.949262368501002,0.9636623507936508
s0625,gluteus_medius_left,0.972,0.9596878568513275,0.9632951690476186
s0625,gluteus_medius_right,0.9736,0.9677187303044656,0.9643967812169314
s0625,gluteus_minimus_left,0.9459,0.9340841269608837,0.9373388440476192
s0625,gluteus_minimus_right,0.9462,0.9462296558684298,0.9419627570105822
s0625,heart,0.917,0.9617601454594784,0.9291225650793653
s0625,hip_left,0.9823,1.0,0.9759832165343916
s0625,hip_right,0.9821,1.0,0.9763451019841267
s0625,humerus_left,0.8358,0.9381473195049717,0.8223831015873017
s0625,humerus_right,0.9629,0.9086364661214065,0.9413689038359792
s0625,iliac_artery_left,0.9041,0.8691375694239695,0.838692296031746
s0625,iliac_artery_right,0.9126,0.9142882460197493,0.9011643279100531
s0625,iliac_vena_left,0.9092,0.9159988197081196,0.9091516051587303
s0625,iliac_vena_right,0.9219,0.8670538701049527,0.8807489023809524
s0625,iliopsoas_left,0.9719,0.9664844151654383,0.9649521826719569
s0625,iliopsoas_right,0.9692,0.9580526022933767,0.9655505515873011
s0625,inferior_vena_cava,0.9464,0.9195779728977168,0.9214274071428569
s0625,kidney_left,0.9855,0.9826567791473007,0.9770101738095235
s0625,kidney_right,0.9857,0.9872621182415678,0.9759382924603173
s0625,liver,0.9876,0.9839636492369754,0.9811598210317457
s0625,lung_lower_lobe_left,0.9897,0.9910445302966836,0.9828973910052906
s0625,lung_lower_lobe_right,0.9923,0.9889282040139393,0.971230071957672
s0625,lung_middle_lobe_right,0.98,0.9764748171649547,0.9748606625661385
s0625,lung_upper_lobe_left,0.9925,0.9971791720530981,0.9902529195767211
s0625,lung_upper_lobe_right,0.988,0.9826684266403544,0.9872849011904754
s0625,pancreas,0.9554,0.9219117589466604,0.9224056869047629
s0625,portal_vein_and_splenic_vein,0.8627,0.8519720659937396,0.8636705240740742
s0625,prostate,0.8112,0.7253887094145224,0.765858997354497
s0625,pulmonary_vein,0.955,0.8870856410638563,0.8535744472222224
s0625,rib_left_1,0.919,0.881122370016408,0.9044079285714282
s0625,rib_left_10,0.9605,0.8585132858001794,0.8467392100529098
s0625,rib_left_11,0.9503,0.7830458669547739,0.8790834753968259
s0625,rib_left_12,0.9189,0.8305507554739079,0.8530742649591145
s0625,rib_left_2,0.9513,0.9310604475601005,0.9218552338624336
s0625,rib_left_3,0.9263,0.9300168873169704,0.9200058625661381
s0625,rib_left_4,0.9559,0.9557202003410058,0.9425891285714293
s0625,rib_left_5,0.9614,0.95593926938524,0.9486278706349212
s0625,rib_left_6,0.9647,0.9370783639650154,0.9405155956349215
s0625,rib_left_7,0.9673,0.9641134110246892,0.9557616765873015
s0625,rib_left_8,0.9596,0.953548905916319,0.9511068133597886
s0625,rib_left_9,0.9493,0.9240584549454987,0.9407184047619049
s0625,rib_right_1,0.9311,0.850614158459821,0.8934070312169318
s0625,rib_right_10,0.9726,0.9623330043577917,0.950448392989418
s0625,rib_right_11,0.9418,0.9636916340108028,0.9407922230158732
s0625,rib_right_12,0.9361,0.8717754306498431,0.9280936403559402
s0625,rib_right_2,0.9595,0.8506349955555268,0.8549158145502651
s0625,rib_right_3,0.9555,0.9404757032032517,0.9183347915343919
s0625,rib_right_4,0.9548,0.9543721973749217,0.9434111845238093
s0625,rib_right_5,0.949,0.9535717947690009,0.9418071321428575
s0625,rib_right_6,0.9664,0.9520952267390776,0.9542888611111114
s0625,rib_right_7,0.9759,0.9577928525349609,0.954769906216931
s0625,rib_right_8,0.9582,0.9502085007757689,0.9550731011904761
s0625,rib_right_9,0.9589,0.952609931560898,0.95634628042328
s0625,sacrum,0.9328,0.9716366747857733,0.9236497658730155
s0625,scapula_left,0.9658,0.9674807537989591,0.9339329527777788
s0625,scapula_right,0.9636,0.9604850877146888,0.9568931291005294
s0625,small_bowel,0.9316,0.9332985042359049,0.9017086601851849
s0625,spinal_cord,0.9425,0.9339234542599595,0.9381186828042322
s0625,spleen,0.9819,0.928007910447771,0.9384808855820113
s0625,sternum,0.9274,0.925244372632225,0.9267705025132267
s0625,stomach,0.9748,0.9562051836889105,0.9536484412698407
s0625,subclavian_artery_left,0.8378,0.8802510299439602,0.9142103623015869
s0625,subclavian_artery_right,0.8996,0.8818104922180263,0.8855236257575763
s0625,superior_vena_cava,0.9405,0.9532221214489486,0.9230755158730153
s0625,thyroid_gland,0.9292,0.860680810115404,0.8770363509259262
s0625,trachea,0.9634,0.9638341436728474,0.9542706521164022
s0625,urinary_bladder,0.9131,0.8990329505861744,0.9022807186507934
s0625,vertebrae_C6,0.9412,0.8377489145589972,0.7873211158730157
s0625,vertebrae_C7,0.9656,0.969384880572889,0.9117018856060601
s0625,vertebrae_L1,0.9839,0.9656281564479688,0.9763705093915348
s0625,vertebrae_L2,0.9788,0.9404116539010337,0.9782106103174605
s0625,vertebrae_L3,0.9823,0.9279453629169203,0.9763947551587305
s0625,vertebrae_L4,0.9818,0.9727522921877914,0.9750281404761906
s0625,vertebrae_L5,0.9802,0.9185110512645512,0.9726033996031753
s0625,vertebrae_S1,0.9013,0.9357426006228892,0.9490796358465604
s0625,vertebrae_T1,0.9735,0.934493547140515,0.9523545517195773
s0625,vertebrae_T10,0.9847,0.981437100580877,0.9718298003968251
s0625,vertebrae_T11,0.9834,0.9780208578184342,0.9709498645502638
s0625,vertebrae_T12,0.9809,0.9574259137046951,0.9681126718253968
s0625,vertebrae_T2,0.9782,0.8854044464199523,0.952230164550265
s0625,vertebrae_T3,0.9765,0.9524548081531936,0.9309727693121694
s0625,vertebrae_T4,0.9784,0.7753790461998046,0.9192097628306876
s0625,vertebrae_T5,0.9764,0.8852676807500351,0.9187354964285718
s0625,vertebrae_T6,0.9763,0.9204344664196019,0.9446217107142864
s0625,vertebrae_T7,0.9739,0.9524279710513607,0.9498275496031747
s0625,vertebrae_T8,0.9788,0.9498410489681471,0.9375743309523816
s0625,vertebrae_T9,0.982,0.9611175830278802,0.969110321957672
s1347,adrenal_gland_left,0.8828,0.9301349742002991,0.8885337392977395
s1347,adrenal_gland_right,0.751,0.6949728147052657,0.6972952653439154
s1347,aorta,0.9651,0.9106632369897618,0.9148400916666662
s1347,autochthon_left,0.973,0.9682733595167532,0.9654914869047618
s1347,autochthon_right,0.9713,0.9689388217714324,0.9659567256613755
s1347,colon,0.9434,0.9246048381110772,0.8988020253607503
s1347,costal_cartilages,0.8881,0.8581125010557304,0.8718536961640208
s1347,duodenum,0.9148,0.8491482486693261,0.8593699100529093
s1347,esophagus,0.9402,0.766302556568912,0.8790101391534396
s1347,femur_left,0.9865,0.9840404507030964,0.9823959534391525
s1347,femur_right,0.9873,0.9794002001962949,0.982872829894179
s1347,gluteus_maximus_left,0.9726,0.9775682641386695,0.9728261783068778
s1347,gluteus_maximus_right,0.976,0.9772586970544119,0.9744779464285714
s1347,gluteus_medius_left,0.966,0.9596560318615104,0.963397559920636
s1347,gluteus_medius_right,0.9583,0.9624115010523172,0.9597770142857153
s1347,gluteus_minimus_left,0.9119,0.915040326431573,0.9318693822751326
s1347,gluteus_minimus_right,0.8996,0.9356804937962832,0.9207072334656086
s1347,heart,0.891,0.8910377376567723,0.864405093253968
s1347,hip_left,0.9805,0.9742976618987982,0.976806515343915
s1347,hip_right,0.9807,0.9808285159870114,0.9792523310846563
s1347,iliac_artery_left,0.903,0.839252876708978,0.8362115888888889
s1347,iliac_artery_right,0.8589,0.8680737094123088,0.8577616047619049
s1347,iliac_vena_left,0.9314,0.880206997902494,0.8949433890211638
s1347,iliac_vena_right,0.8855,0.8923515518570485,0.8854100566137558
s1347,iliopsoas_left,0.9662,0.9655491846278925,0.9596446780423283
s1347,iliopsoas_right,0.9692,0.9609705904946487,0.963216561243386
s1347,inferior_vena_cava,0.9277,0.8812865385160811,0.8908617541005293
s1347,kidney_cyst_left,0.0,0.3604512678784261,0.5277833626984123
s1347,kidney_left,0.964,0.9458259753274519,0.9271349738095239
s1347,kidney_right,0.9628,0.9113152855927343,0.9255979968253971
s1347,liver,0.9792,0.9730973279350679,0.9805088839706589
s1347,lung_lower_lobe_left,0.994,0.9889538755827885,0.9857958319384316
s1347,lung_lower_lobe_right,0.9917,0.9409030629504312,0.9048985193121689
s1347,lung_middle_lobe_right,0.9768,0.877980949918508,0.9173835813492057
s1347,lung_upper_lobe_left,0.9772,0.9072277148059021,0.9221429738095246
s1347,pancreas,0.9223,0.8596706156045679,0.8643954789682535
s1347,portal_vein_and_splenic_vein,0.6392,0.6397309988084086,0.6877564097883597
s1347,prostate,0.8371,0.8531220164070179,0.8151966591269836
s1347,rib_left_10,0.9705,0.9731482784060601,0.9740362996031742
s1347,rib_left_11,0.9519,0.959558907916817,0.9706859839947088
s1347,rib_left_12,0.9473,0.9492827088034677,0.9439242074074083
s1347,rib_left_6,0.7895,0.7403931521967578,0.8343426236772483
s1347,rib_left_7,0.92,0.9777646531530981,0.9490133527777768
s1347,rib_left_8,0.9688,0.9622405285192629,0.9572054548941801
s1347,rib_left_9,0.9752,0.973294908829616,0.9707841490740734
s1347,rib_right_10,0.9716,0.9714250023923043,0.9713670871693115
s1347,rib_right_11,0.9695,0.9664786744793994,0.971291822126022
s1347,rib_right_12,0.9649,0.9520311991238248,0.9618906759259263
s1347,rib_right_6,0.8319,0.7396581304176845,0.647034459656085
s1347,rib_right_7,0.8823,0.9557208821235168,0.9460090259259263
s1347,rib_right_8,0.962,0.9582885727284541,0.9517511402116399
s1347,rib_right_9,0.975,0.9663090784256384,0.9627512596560839
s1347,sacrum,0.9448,0.9413144723976903,0.9383906317460321
s1347,small_bowel,0.9394,0.9394530999504553,0.926148120370371
s1347,spinal_cord,0.9474,0.9414487800209547,0.9414861911375662
s1347,spleen,0.9837,0.9698771056025207,0.9357690423280434
s1347,sternum,0.7474,0.5805803330833826,0.720991754761905
s1347,stomach,0.9648,0.9506587844849902,0.9586598976190472
s1347,urinary_bladder,0.9424,0.9224795159148983,0.9414701571428584
s1347,vertebrae_L1,0.986,0.9730313329434431,0.9824008146825397
s1347,vertebrae_L2,0.9868,0.9723272560235467,0.9781351154761903
s1347,vertebrae_L3,0.9804,0.9740972034377192,0.9791725578884076
s1347,vertebrae_L4,0.9797,0.980688854435536,0.9788599439153441
s1347,vertebrae_L5,0.9815,0.9776699451708227,0.9798571002164504
s1347,vertebrae_S1,0.9412,0.9587625999953479,0.9538563480158727
s1347,vertebrae_T10,0.9736,0.9798917252516665,0.9769146351851843
s1347,vertebrae_T11,0.9806,0.9828397032632544,0.9794483465367974
s1347,vertebrae_T12,0.9814,0.9730716493875351,0.9747801876984122
s1347,vertebrae_T9,0.9728,1.0,0.9131684421957665
s1046,adrenal_gland_left,0.9146,0.9426095759322124,0.8879723179894173
s1046,adrenal_gland_right,0.9147,0.8927712146558611,0.8582444571428571
s1046,aorta,0.9716,0.9743253850662809,0.9742056914021161
s1046,atrial_appendage_left,0.926,0.8519385263584116,0.872435205026455
s1046,autochthon_left,0.9748,0.9672648284163323,0.969213281746031
s1046,autochthon_right,0.9716,0.9825889703501876,0.968305366269841
s1046,brachiocephalic_trunk,0.8816,0.8875093861358457,0.8946811469576725
s1046,brachiocephalic_vein_left,0.965,0.9082146295323865,0.9195038940476193
s1046,brachiocephalic_vein_right,0.8672,0.8881011188734103,0.9175858679894187
s1046,clavicula_left,0.9711,0.9788986903658722,0.9533018047619061
s1046,clavicula_right,0.9502,0.9769089336069111,0.9517666329725838
s1046,colon,0.9098,0.8082454093356244,0.8605610316137565
s1046,common_carotid_artery_left,0.9431,0.934722948127161,0.8977359477513235
s1046,common_carotid_artery_right,0.8712,0.9165567992947463,0.8675622194444442
s1046,costal_cartilages,0.8943,0.9020022755686284,0.9063027062890806
s1046,duodenum,0.9219,0.8860376188116297,0.8806762608465607
s1046,esophagus,0.9481,0.9318071970650708,0.9252696247354498
s1046,femur_left,0.9418,0.9285655600669255,0.9367863345238089
s1046,femur_right,0.9777,0.9853152781127641,0.9808804415343914
s1046,gallbladder,0.9698,0.6341828123197245,0.7525083017195766
s1046,gluteus_maximus_left,0.9688,0.9751521175299895,0.9701643499398739
s1046,gluteus_maximus_right,0.9716,0.9612162647985871,0.9728439755771996
s1046,gluteus_medius_left,0.9594,0.9682643567302016,0.9643891944564693
s1046,gluteus_medius_right,0.9658,0.9735850194006226,0.9674987187830691
s1046,gluteus_minimus_left,0.939,0.9082064012188396,0.940526902910053
s1046,gluteus_minimus_right,0.9521,0.9467226442776547,0.9478884771164015
s1046,heart,0.9207,0.9527276239388307,0.9334540093915344
s1046,hip_left,0.9689,0.8758423401710995,0.959771167063492
s1046,hip_right,0.9828,0.984256086305056,0.9788355507936508
s1046,humerus_left,0.9316,0.9368192680759493,0.9561545687830687
s1046,humerus_right,0.9449,0.9444605357395334,0.9440192436507937
s1046,iliac_artery_left,0.8785,0.9210728043123505,0.9081715489417981
s1046,iliac_artery_right,0.7862,0.8855849725070147,0.861405732251082
s1046,iliac_vena_left,0.9196,0.90849140812543,0.9203073888888891
s1046,iliac_vena_right,0.9283,0.9190794749548042,0.8968335961640213
s1046,iliopsoas_left,0.9643,0.9659997078337722,0.9635784543650802
s1046,iliopsoas_right,0.972,0.9679944945160409,0.9686668973544973
s1046,inferior_vena_cava,0.9304,0.9381819877202049,0.9275066015873011
s1046,kidney_left,0.9823,0.9789600691764951,0.9773944764550268
s1046,kidney_right,0.9835,0.9819949657601644,0.9755920103174608
s1046,liver,0.9872,0.9885631999301095,0.9860265798941793
s1046,lung_lower_lobe_left,0.9922,0.99536300836029,0.9897852269841273
s1046,lung_lower_lobe_right,0.9924,0.9995001347857673,0.9910427138888888
s1046,lung_middle_lobe_right,0.9831,0.9654474821307706,0.9766796197089951
s1046,lung_upper_lobe_left,0.993,0.9879794389718091,0.9909804749999996
s1046,lung_upper_lobe_right,0.9908,0.9897929734931306,0.9858868514550263
s1046,pancreas,0.9317,0.9225844565587193,0.9239435021164016
s1046,portal_vein_and_splenic_vein,0.8943,0.8811510470217231,0.8559404858465611
s1046,prostate,0.8439,0.8061769939043512,0.7677417510582009
s1046,pulmonary_vein,0.9294,0.891120782789312,0.8995337937830684
s1046,rib_left_1,0.9277,0.9254421765856585,0.9371426317460319
s1046,rib_left_10,0.9494,0.9714996409420291,0.9626891793650789
s1046,rib_left_11,0.9609,0.9765459739308815,0.959263868518519
s1046,rib_left_12,0.9319,0.9215976271929461,0.9182194578042332
s1046,rib_left_2,0.9584,0.9528656326209621,0.9546727238696487
s1046,rib_left_3,0.9464,0.9601805608383586,0.9439240306878302
s1046,rib_left_4,0.9465,0.9595109143421356,0.9580120998677256
s1046,rib_left_5,0.9181,0.945857769634666,0.952277309126984
s1046,rib_left_6,0.9534,0.968234615390565,0.9597601310846559
s1046,rib_left_7,0.9626,0.9724891417167221,0.9650041619047617
s1046,rib_left_8,0.9634,0.9655181010374249,0.9655953029100516
s1046,rib_left_9,0.9556,0.974783521328236,0.9670826813492062
s1046,rib_right_1,0.9157,0.91850806687665,0.9397051996031744
s1046,rib_right_10,0.9558,0.9618802125286405,0.955890733609909
s1046,rib_right_11,0.9479,0.8685499857029646,0.7786709929894177
s1046,rib_right_12,0.9274,0.9315206104909226,0.9177160538359787
s1046,rib_right_2,0.9621,0.9534995225670392,0.9565393814814811
s1046,rib_right_3,0.9456,0.9583615931289147,0.9455261067460318
s1046,rib_right_4,0.9334,0.9621802678671586,0.9553536427248681
s1046,rib_right_5,0.9269,0.9597065961562585,0.9511517124458871
s1046,rib_right_6,0.9666,0.9600952688080767,0.944732741534392
s1046,rib_right_7,0.9769,0.9637461695517825,0.9617013067460319
s1046,rib_right_8,0.966,0.9627515980535972,0.967517634523809
s1046,rib_right_9,0.9677,0.9666724266864087,0.966315984523809
s1046,sacrum,0.9277,0.9687635433366935,0.9499926244708994
s1046,scapula_left,0.9735,0.9586982061815498,0.9576064886243394
s1046,scapula_right,0.9663,0.9682322323486812,0.9555388829365089
s1046,small_bowel,0.9126,0.8315813730178458,0.8654544585978834
s1046,spinal_cord,0.9478,0.9176759636286768,0.9295846089947087
s1046,spleen,0.9822,0.9247724031079508,0.9662553210317464
s1046,sternum,0.9368,0.9405027661557644,0.9348978079365085
s1046,stomach,0.9691,0.9358838821551287,0.9396667051587303
s1046,subclavian_artery_left,0.9134,0.9211032826244817,0.9070136318783072
s1046,subclavian_artery_right,0.9374,0.8863628330196363,0.8930531693121696
s1046,superior_vena_cava,0.9398,0.9459805269630496,0.9321235130952383
s1046,thyroid_gland,0.9233,0.8843511741262061,0.9103794337301581
s1046,trachea,0.966,0.9719482090725927,0.9623688653439149
s1046,urinary_bladder,0.9735,0.9520527352231448,0.935628171693122
s1046,vertebrae_C7,0.9228,0.9082280107976612,0.860832250132275
s1046,vertebrae_L1,0.9856,0.9327408074207735,0.9723628768518509
s1046,vertebrae_L2,0.9846,0.9340637114376701,0.974798903787878
s1046,vertebrae_L3,0.9817,0.9439081947541651,0.9714017328884078
s1046,vertebrae_L4,0.9811,0.9849240566737855,0.9732614281746028
s1046,vertebrae_L5,0.9712,0.9778978991704477,0.9732220996031744
s1046,vertebrae_S1,0.9343,0.862557336259255,0.9451932253968258
s1046,vertebrae_T1,0.9613,0.911437920477275,0.9495363152116411
s1046,vertebrae_T10,0.9797,0.9214827735224841,0.9701646394179883
s1046,vertebrae_T11,0.9794,0.8657754961814775,0.9497994011423754
s1046,vertebrae_T12,0.9815,0.9616312814382909,0.9749708211640215
s1046,vertebrae_T2,0.9723,0.8899102798109129,0.9615343403439154
s1046,vertebrae_T3,0.9754,0.9252567943715997,0.967312296031746
s1046,vertebrae_T4,0.9839,0.8549616874696148,0.9635312600529098
s1046,vertebrae_T5,0.9762,0.9299854071195696,0.9606200404761902
s1046,vertebrae_T6,0.972,0.9120936520706694,0.9653417138888882
s1046,vertebrae_T7,0.9799,0.9615103571835604,0.959788285846561
s1046,vertebrae_T8,0.98,0.9443672515044153,0.9573459779100519
s1046,vertebrae_T9,0.9798,0.9208473540863288,0.9696731744708992
s1427,adrenal_gland_left,0.7188,0.585355049303613,0.5539544113876861
s1427,adrenal_gland_right,0.8157,0.44945607285763556,0.5016960296296299
s1427,aorta,0.932,0.9472891477318538,0.9299661092592587
s1427,autochthon_left,0.9744,0.9536241750765257,0.9693400396825399
s1427,autochthon_right,0.9685,0.9523380622637284,0.9600404904761909
s1427,colon,0.778,0.898990267595863,0.900772805291005
s1427,costal_cartilages,0.818,0.8653128462849463,0.8401058948172203
s1427,duodenum,0.6921,0.8847109579062092,0.8601744720899472
s1427,esophagus,0.8492,0.9031906085538824,0.8743269710317463
s1427,gallbladder,0.9022,0.7948362245217068,0.7698934063492058
s1427,gluteus_medius_left,0.9481,0.8594356694799207,0.8308150420634918
s1427,gluteus_medius_right,0.8902,0.7796498587565854,0.7835674333333331
s1427,heart,0.8954,0.9175017799780306,0.9083870670634927
s1427,hip_left,0.9835,0.9055935659721583,0.8940819364237614
s1427,hip_right,0.9817,0.81439032680033,0.8294466605820103
s1427,iliac_artery_left,0.791,0.7272860206786822,0.6520418136123144
s1427,iliac_artery_right,0.9116,0.7860035278571563,0.7452384183862437
s1427,iliac_vena_left,0.7598,0.7875966666181557,0.7689102435185191
s1427,iliac_vena_right,0.8759,0.7696469490236763,0.7453591899470899
s1427,iliopsoas_left,0.9648,0.8600786161302497,0.8368811148148146
s1427,iliopsoas_right,0.9641,0.9660211346005104,0.9241364740740746
s1427,inferior_vena_cava,0.8294,0.8481353834457621,0.8966849644179892
s1427,kidney_left,0.8735,0.9468126117014383,0.9223576031746027
s1427,kidney_right,0.7843,0.9107974290272448,0.922135711904762
s1427,liver,0.978,0.9792262206207857,0.9621789804473307
s1427,lung_lower_lobe_left,0.9947,0.9972579518761823,0.9893857003968252
s1427,lung_lower_lobe_right,0.9934,0.9924355224761237,0.9888602756613752
s1427,lung_middle_lobe_right,0.9736,0.9296686135933456,0.9432408162698421
s1427,lung_upper_lobe_left,0.9684,0.9394379591938578,0.9419728007936515
s1427,pancreas,0.8501,0.884513535592773,0.8937471376984119
s1427,portal_vein_and_splenic_vein,0.622,0.5413727586981453,0.6332565440476191
s1427,rib_left_10,0.8338,0.9803560076846871,0.8892225855579604
s1427,rib_left_11,0.9666,0.967711570365347,0.9463275293650792
s1427,rib_left_12,0.9642,0.9718885913260717,0.9513573426647429
s1427,rib_left_5,0.681,0.6399598960833832,0.7474541332010584
s1427,rib_left_6,0.941,0.901910003498146,0.8030546289682552
s1427,rib_left_7,0.6995,0.62480543904235,0.6564873966931214
s1427,rib_left_8,0.5129,0.7735327677201607,0.7346613944444441
s1427,rib_left_9,0.6745,0.8293430198118651,0.7255878273809528
s1427,rib_right_10,0.9444,0.9959895846639344,0.9567134994227993
s1427,rib_right_11,0.9777,0.9480077819619207,0.9470050341269842
s1427,rib_right_12,0.9661,0.9936715177610834,0.9460982920634926
s1427,rib_right_5,0.941,0.7750520616834874,0.7423665825396826
s1427,rib_right_6,0.9656,0.9431831919299504,0.9386079198412707
s1427,rib_right_7,0.8876,0.9124322346371191,0.7984631067460319
s1427,rib_right_8,0.8439,0.8913254208571976,0.7646097138888887
s1427,rib_right_9,0.8964,0.9190087891894576,0.7858989505291002
s1427,small_bowel,0.6026,0.7506787025983326,0.8311691074675326
s1427,spinal_cord,0.9694,0.8920377945313249,0.9063998879629628
s1427,spleen,0.9707,0.9439223783264513,0.9440281896825387
s1427,sternum,0.8456,0.701976225502722,0.7259860837301585
s1427,stomach,0.9478,0.921232692202345,0.9173326547619054
s1427,vertebrae_L1,0.9878,0.915218023816403,0.9559368335978834
s1427,vertebrae_L2,0.9882,0.9912012805724412,0.9793044170634926
s1427,vertebrae_L3,0.9852,0.9795820278801916,0.9847565599206346
s1427,vertebrae_L4,0.9873,0.9719690143119835,0.981051273015874
s1427,vertebrae_L5,0.9833,0.9131223603238006,0.9423763455026455
s1427,vertebrae_S1,0.0,0.5021885706142943,0.5315272944444445
s1427,vertebrae_T10,0.983,0.968093294795232,0.9679883566137566
s1427,vertebrae_T11,0.9886,0.9204602828627779,0.9517630321428573
s1427,vertebrae_T12,0.982,0.9459075707751572,0.965812109259259
s1427,vertebrae_T8,0.9714,0.9720686062349956,0.8835491985449742
s1427,vertebrae_T9,0.9798,0.9125101631114114,0.9538128157407414
s0235,adrenal_gland_left,0.8846,0.8978909383474941,0.8830488797619047
s0235,adrenal_gland_right,0.9088,0.913805696958609,0.8818460055555555
s0235,aorta,0.9643,0.9357326450393106,0.9346563652116405
s0235,autochthon_left,0.9766,0.9739513526079684,0.9727337784632039
s0235,autochthon_right,0.9757,0.9795782480501858,0.9716889940476188
s0235,colon,0.8914,0.9442369220240089,0.8819253955026447
s0235,costal_cartilages,0.8621,0.8681734144230998,0.8370332037037029
s0235,duodenum,0.8046,0.7204150852691439,0.811720996428571
s0235,esophagus,0.9011,0.9051612774288572,0.9105170480158732
s0235,femur_left,0.986,0.9681648676312369,0.9591490857142859
s0235,femur_right,0.9817,0.9622401228405246,0.962140401719577
s0235,gallbladder,0.302,0.14533028918978655,0.2015957936507937
s0235,gluteus_maximus_left,0.9757,0.9904562918537241,0.960427965079365
s0235,gluteus_maximus_right,0.9738,0.9810699738758886,0.9620817285714285
s0235,gluteus_medius_left,0.9753,0.9649003642358864,0.9539909530423278
s0235,gluteus_medius_right,0.9676,0.9628436083123633,0.957396176322752
s0235,gluteus_minimus_left,0.9464,0.8934726092616138,0.9182306522607022
s0235,gluteus_minimus_right,0.9529,0.9093663114711629,0.934256308862434
s0235,heart,0.8892,0.8432837299285713,0.9159273863756613
s0235,hip_left,0.978,0.9798756059219382,0.9753634707671963
s0235,hip_right,0.9819,0.9870113382023703,0.9769311580687836
s0235,iliac_artery_left,0.8922,0.9005442355266683,0.9123235276455026
s0235,iliac_artery_right,0.9195,0.8914339916174555,0.9148838630952385
s0235,iliac_vena_left,0.8399,0.9163356127728393,0.9106768119047615
s0235,iliac_vena_right,0.9009,0.9223402052025595,0.9025724350529104
s0235,iliopsoas_left,0.9595,0.9672178413855439,0.9630964395502645
s0235,iliopsoas_right,0.9652,0.9592091279175022,0.9587221960317465
s0235,inferior_vena_cava,0.9272,0.9228405958328424,0.9242692678571431
s0235,kidney_left,0.9827,0.981599165530606,0.9774534582010588
s0235,kidney_right,0.9842,0.9813762111163619,0.9775047502645505
s0235,liver,0.9877,0.9909555667558292,0.979404451455027
s0235,lung_lower_lobe_left,0.9569,0.9609403180082482,0.9823943003968257
s0235,lung_lower_lobe_right,0.9847,0.9655958031134195,0.9775202687830695
s0235,lung_middle_lobe_right,0.9768,0.9360273416759718,0.9586045588624338
s0235,lung_upper_lobe_left,0.7528,0.9701992602879342,0.9592523588624334
s0235,pancreas,0.8799,0.9120328330250805,0.9096337149470901
s0235,portal_vein_and_splenic_vein,0.903,0.9074290885706211,0.8997012219576724
s0235,rib_left_10,0.9463,0.9820488042459998,0.9432252203703697
s0235,rib_left_11,0.9505,0.9509432076590866,0.9570908862433863
s0235,rib_left_12,0.9417,0.8971970927362869,0.9187507078042326
s0235,rib_left_6,0.8276,0.6020834890443436,0.6237490809523809
s0235,rib_left_7,0.9655,0.8763751887109478,0.8870363690476195
s0235,rib_left_8,0.9571,0.9272393988644343,0.8789350347883595
s0235,rib_left_9,0.9332,0.9284897471772501,0.9053579739417992
s0235,rib_right_10,0.9531,0.9905725295866422,0.8889371894179895
s0235,rib_right_11,0.9507,0.9295803996683776,0.8965339978835984
s0235,rib_right_12,0.9438,0.9359648990171691,0.8776054869047615
s0235,rib_right_6,0.8235,0.7777849166270997,0.6684822738095237
s0235,rib_right_7,0.9481,0.9154411445639122,0.9101055949735455
s0235,rib_right_8,0.9475,0.9406771824041567,0.8968246488095241
s0235,rib_right_9,0.9441,0.9649759408960386,0.8618758977513232
s0235,sacrum,0.944,0.9508085514043431,0.9390758711640219
s0235,small_bowel,0.8772,0.8823878201518549,0.924968201455026
s0235,spinal_cord,0.9439,0.9550547201267936,0.9402232361712367
s0235,spleen,0.9686,0.9805904070412204,0.9732192037037042
s0235,stomach,0.9394,0.95557177990291,0.9514748363756605
s0235,urinary_bladder,0.8593,0.8509477615590773,0.894868447222222
s0235,vertebrae_L1,0.9792,0.9329415857201948,0.9757433607142855
s0235,vertebrae_L2,0.9821,0.9810781971349563,0.981933222486772
s0235,vertebrae_L3,0.983,0.9518656024709619,0.9421733683510936
s0235,vertebrae_L4,0.9863,0.9840846973272177,0.982549718783068
s0235,vertebrae_L5,0.986,0.9404030703494272,0.979737507936508
s0235,vertebrae_S1,0.9449,0.9829354554236913,0.9676947642857152
s0235,vertebrae_T10,0.9804,0.9538577489745498,0.9557736999999995
s0235,vertebrae_T11,0.9824,0.9293733489000453,0.9226585259259266
s0235,vertebrae_T12,0.9775,0.920348559453582,0.9634059601851845
s0235,vertebrae_T9,0.962,0.9415616073411485,0.9318633045093798
s0295,autochthon_left,0.9297,0.9286561933167626,0.8983055115079361
s0295,autochthon_right,0.9188,0.905552576347921,0.8754035107142856
s0295,brachiocephalic_trunk,0.8493,0.7390207868146978,0.7050977165343917
s0295,brachiocephalic_vein_left,0.8792,0.7004243268311988,0.6413341093915345
s0295,brachiocephalic_vein_right,0.9104,0.7565249009510223,0.6566710400793655
s0295,brain,0.7614,0.8241597769668323,0.8475439996031743
s0295,clavicula_left,0.9745,0.9234052314695573,0.8515999084656084
s0295,clavicula_right,0.9626,0.9363459039876193,0.8810127928571425
s0295,common_carotid_artery_left,0.8321,0.7622310501934864,0.7945420109584859
s0295,common_carotid_artery_right,0.7215,0.7952019516863216,0.8153197302910051
s0295,esophagus,0.8897,0.825595401037491,0.8339754853174607
s0295,lung_lower_lobe_left,0.8654,0.8140623939444332,0.741125663492064
s0295,lung_upper_lobe_left,0.9721,0.8877705765640754,0.889575545935546
s0295,lung_upper_lobe_right,0.9648,0.8446021518524289,0.9119589314814819
s0295,rib_left_1,0.9336,0.8521862374036497,0.8854555538359796
s0295,rib_left_2,0.9574,0.812091800616348,0.8476007088624337
s0295,rib_left_3,0.9331,0.7548308787741533,0.8401955779100526
s0295,rib_right_1,0.9496,0.9006762324707765,0.896764284259259
s0295,rib_right_2,0.9326,0.8451810126882157,0.8887129108465608
s0295,rib_right_3,0.8314,0.7062143225197569,0.6963121412698412
s0295,skull,0.9272,0.9388637900339674,0.9135745148148152
s0295,spinal_cord,0.9241,0.9226369427297814,0.9129122248677245
s0295,sternum,0.8976,0.7616641110341222,0.7948364853174597
s0295,subclavian_artery_left,0.829,0.8402585420752456,0.8421024834452583
s0295,subclavian_artery_right,0.8298,0.7711539008850383,0.8171062670634921
s0295,thyroid_gland,0.8549,0.8074152607814966,0.7796236825396822
s0295,trachea,0.9344,0.8040228006873725,0.6172808706349202
s0295,vertebrae_C1,0.9376,0.8064809404652837,0.812345635582011
s0295,vertebrae_C2,0.9786,0.9407158861451491,0.9064338023809523
s0295,vertebrae_C3,0.9662,0.8472060499814916,0.8844503146825394
s0295,vertebrae_C4,0.9548,0.8757962702375603,0.8941850869047617
s0295,vertebrae_C5,0.9648,0.8549990333462105,0.883807078968254
s0295,vertebrae_C6,0.961,0.8705964846184115,0.904329824206349
s0295,vertebrae_C7,0.9786,0.9492923691677108,0.917999723809524
s0295,vertebrae_T1,0.9788,0.9164417816128476,0.8958818853174603
s0295,vertebrae_T2,0.9765,0.9460187548040968,0.8946465067460319
s0295,vertebrae_T3,0.8083,0.6732956084853442,0.6556741746031747
s0450,adrenal_gland_left,0.9214,0.8810694680836039,0.8762869514550268
s0450,adrenal_gland_right,0.8987,0.8955547832548946,0.8642304957671949
s0450,aorta,0.9475,0.9278144884947434,0.9267014424603178
s0450,autochthon_left,0.9769,0.9745783133253995,0.9751959242886733
s0450,autochthon_right,0.9756,0.972896013929305,0.9745099335479336
s0450,colon,0.9431,0.75017525362973,0.8374938188311687
s0450,costal_cartilages,0.8306,0.7320701649525456,0.7853147751803748
s0450,duodenum,0.9367,0.8810321781583463,0.882414213624339
s0450,femur_left,0.987,0.972442772873304,0.9761621698412697
s0450,femur_right,0.9864,0.9845882426785699,0.9761114880952382
s0450,gallbladder,0.9028,0.8290195870514853,0.8692326740740742
s0450,gluteus_maximus_left,0.9773,0.9772701132934831,0.970853165740741
s0450,gluteus_maximus_right,0.9814,0.9772619517831668,0.9680010743386244
s0450,gluteus_medius_left,0.9699,0.9597778287719696,0.9630617177248681
s0450,gluteus_medius_right,0.966,0.9719762895756021,0.9583729261904756
s0450,gluteus_minimus_left,0.9506,0.9467303228784161,0.9497076026455018
s0450,gluteus_minimus_right,0.9487,0.9552861165612273,0.9364303329365083
s0450,hip_left,0.9841,0.9798593672244978,0.9777900064814814
s0450,hip_right,0.9858,0.9837290102043103,0.9780279964285713
s0450,iliac_artery_left,0.8959,0.8481680264792509,0.8504825711640209
s0450,iliac_artery_right,0.9272,0.850766722429015,0.8371706287037034
s0450,iliac_vena_left,0.9449,0.9152174998070378,0.9104029891534388
s0450,iliac_vena_right,0.9431,0.9060099505075705,0.8951389681216938
s0450,iliopsoas_left,0.9666,0.9695411358902944,0.9633151018518518
s0450,iliopsoas_right,0.9698,0.9713329997082393,0.9651057353174597
s0450,inferior_vena_cava,0.937,0.8869702295979414,0.8735489492063493
s0450,kidney_left,0.9763,0.9442546545995172,0.951516627380952
s0450,kidney_right,0.9746,0.94769896567419,0.9501118376984128
s0450,liver,0.9897,0.9746809932537689,0.9766434948412702
s0450,lung_lower_lobe_left,0.9908,1.0,0.9059389289682531
s0450,lung_lower_lobe_right,0.9882,0.9834149624537951,0.8978818527777775
s0450,pancreas,0.9243,0.9000593079135105,0.9015883051587295
s0450,portal_vein_and_splenic_vein,0.7892,0.8595939688422588,0.8536788099206352
s0450,prostate,0.8191,0.8577127069183496,0.821175551455027
s0450,rib_left_10,0.9362,0.9603492270963749,0.9104009488095238
s0450,rib_left_11,0.9784,0.9814117731464957,0.9513753627705631
s0450,rib_left_12,0.9195,0.9298655977398835,0.8816502285714288
s0450,rib_left_8,0.6727,0.6239225347456437,0.7421876698412698
s0450,rib_left_9,0.9438,0.7960121714089006,0.8815762567460316
s0450,rib_right_10,0.9093,0.9420122864469372,0.829216109391535
s0450,rib_right_11,0.9829,0.9752129149310875,0.9471931005291009
s0450,rib_right_12,0.951,0.9123728682026979,0.9247929285714287
s0450,rib_right_8,0.7938,0.661211571850054,0.581855819047619
s0450,rib_right_9,0.83,0.897044623501251,0.9213965034271288
s0450,sacrum,0.9467,0.9288948305570276,0.9318311781746023
s0450,small_bowel,0.95,0.9401286632328074,0.8641342047619046
s0450,spinal_cord,0.9499,0.9459624288648721,0.9365146708994719
s0450,spleen,0.988,0.9693362934793086,0.9513282142857145
s0450,stomach,0.9777,0.9548486542031953,0.939787008597883
s0450,urinary_bladder,0.9671,0.9711313513607586,0.9396449894179888
s0450,vertebrae_L1,0.9902,0.9845909691314495,0.9794630028619531
s0450,vertebrae_L2,0.9867,0.9836041384600789,0.9805650030423281
s0450,vertebrae_L3,0.9877,0.9809277045139364,0.9793531048941805
s0450,vertebrae_L4,0.9881,0.9812759847368153,0.9830331346560842
s0450,vertebrae_L5,0.9847,0.9826183740936705,0.978934090343915
s0450,vertebrae_S1,0.9318,0.9559616287155657,0.9633613066137566
s0450,vertebrae_T12,0.9873,0.982923682858477,0.9732505374338623
s0013,adrenal_gland_left,0.9364,0.8896306172595232,0.8864893781746029
s0013,adrenal_gland_right,0.8998,0.8457883921046893,0.826528353306878
s0013,aorta,0.9692,0.9425337543258127,0.9465493210317458
s0013,autochthon_left,0.9779,0.9675417364913195,0.9724835806878304
s0013,autochthon_right,0.9757,0.9838890764025059,0.9723361997354489
s0013,colon,0.9321,0.8949284123974406,0.8776647199013953
s0013,costal_cartilages,0.889,0.916447168639478,0.8941039794612794
s0013,duodenum,0.9294,0.880645054084305,0.8721354321428576
s0013,esophagus,0.9429,0.9698404913857062,0.907987379629629
s0013,femur_left,0.9873,0.997374219615387,0.9807940603174607
s0013,femur_right,0.9866,1.0,0.9799136988095241
s0013,gluteus_maximus_left,0.9769,0.9694146374439129,0.9562427964285719
s0013,gluteus_maximus_right,0.981,0.9785837382397413,0.958824577777778
s0013,gluteus_medius_left,0.9716,0.9643073042610434,0.9626014130952385
s0013,gluteus_medius_right,0.9687,0.9512464730821986,0.9599340420634921
s0013,gluteus_minimus_left,0.9555,0.9564300619536361,0.945395999771525
s0013,gluteus_minimus_right,0.959,0.9551881417797654,0.94656997516835
s0013,heart,0.9074,0.9368510537617877,0.9140920453703698
s0013,hip_left,0.9809,0.9787798785430731,0.9816941629629622
s0013,hip_right,0.9816,0.9864577750819341,0.9819283242063487
s0013,iliac_artery_left,0.9453,0.9232432088913878,0.9127260685185186
s0013,iliac_artery_right,0.9407,0.9180900151766761,0.8961596412457915
s0013,iliac_vena_left,0.9469,0.9142917881931771,0.9205745566137572
s0013,iliac_vena_right,0.9333,0.8689295551646419,0.8808289412698417
s0013,iliopsoas_left,0.9685,0.9687213314151766,0.9637217493386244
s0013,iliopsoas_right,0.9666,0.9674564975780645,0.961529619047619
s0013,inferior_vena_cava,0.9268,0.9357672202039097,0.929109589021164
s0013,kidney_left,0.931,0.980484567997711,0.9774739412698413
s0013,kidney_right,0.9808,0.9901688689023687,0.9810994291005284
s0013,liver,0.9889,0.9630092976422128,0.9795444630952377
s0013,lung_lower_lobe_left,0.9904,0.9936867722106302,0.9783371332824576
s0013,lung_lower_lobe_right,0.9924,1.0,0.975621076719576
s0013,lung_middle_lobe_right,0.9787,0.9413224333301706,0.9329327719576721
s0013,lung_upper_lobe_left,0.96,0.8733450798382598,0.9168484634920634
s0013,pancreas,0.9443,0.8932172843976542,0.9155915079365081
s0013,portal_vein_and_splenic_vein,0.8617,0.8408771431428388,0.8158667179894183
s0013,prostate,0.82,0.8717971266995472,0.7951649996031742
s0013,rib_left_10,0.9542,0.9226741839262946,0.957368018518519
s0013,rib_left_11,0.9413,0.938603164073252,0.9103556666666665
s0013,rib_left_12,0.8919,0.906319133051614,0.9107931149591146
s0013,rib_left_6,0.9481,0.9481856745667062,0.9020741964285713
s0013,rib_left_7,0.9576,0.9264756439375109,0.9490883160052916
s0013,rib_left_8,0.9656,0.9381063774535167,0.9489113560846567
s0013,rib_left_9,0.9608,0.9373956596617521,0.932370797486772
s0013,rib_right_10,0.9524,0.9935424146541298,0.9371919861111115
s0013,rib_right_11,0.956,0.8966553060997916,0.8668655162698413
s0013,rib_right_12,0.9413,0.9221458861797646,0.9129404269841268
s0013,rib_right_6,0.914,0.9773330752871897,0.9066111190476193
s0013,rib_right_7,0.9466,0.9319246082871364,0.9473499715608472
s0013,rib_right_8,0.9663,0.9896985477589594,0.9633906912698413
s0013,rib_right_9,0.9657,0.9661815790505064,0.949420524999999
s0013,sacrum,0.9464,0.9360575991292092,0.9407740724867724
s0013,small_bowel,0.93,0.8794480948363496,0.8830224027777772
s0013,spinal_cord,0.9343,0.9448630016512843,0.9369360966931217
s0013,spleen,0.9855,0.9867973109180733,0.9633527529100532
s0013,sternum,0.638,0.8498265422200472,0.8501877714285708
s0013,stomach,0.9668,0.9655303474267709,0.9507365435185189
s0013,urinary_bladder,0.966,0.9583746410326119,0.9524822925925934
s0013,vertebrae_L1,0.9855,0.9816893846555832,0.9808725007936514
s0013,vertebrae_L2,0.987,0.9755921553873232,0.9810805720899471
s0013,vertebrae_L3,0.9872,0.9835774703972092,0.9830851007936512
s0013,vertebrae_L4,0.9835,0.9896035050156936,0.984255774999999
s0013,vertebrae_L5,0.9794,0.9833721544774242,0.9831474421957671
s0013,vertebrae_S1,0.9442,0.9749230324407839,0.962419116269841
s0013,vertebrae_T10,0.9785,0.9764866766994216,0.9636788933862432
s0013,vertebrae_T11,0.98,0.8275541804018658,0.9537006243386243
s0013,vertebrae_T12,0.9797,0.9521169217707753,0.9766657797619047
s0013,vertebrae_T9,0.9661,1.0,0.8501162984126984
s1323,adrenal_gland_left,0.5541,0.5577754267529544,0.6150596817460317
s1323,adrenal_gland_right,0.0,0.04956167231942138,0.19016189788359775
s1323,aorta,0.9743,0.9734534994424908,0.9717633894420394
s1323,atrial_appendage_left,0.9044,0.887280269757439,0.903790769045769
s1323,autochthon_left,0.9529,0.9483654867072032,0.9544377560846558
s1323,autochthon_right,0.9553,0.9645724837186408,0.9543937882275128
s1323,brachiocephalic_trunk,0.9158,0.9237340094696808,0.9083341233405491
s1323,brachiocephalic_vein_left,0.94,0.948593300789272,0.9298696925925924
s1323,brachiocephalic_vein_right,0.7942,0.9109481517949145,0.9023328086580092
s1323,clavicula_left,0.9728,0.9471431909401116,0.9648553402116403
s1323,clavicula_right,0.9732,0.968247704904722,0.9681096855820105
s1323,colon,0.0549,0.652101531550548,0.7108431783910535
s1323,common_carotid_artery_left,0.9067,0.9723748294349206,0.920444708790284
s1323,common_carotid_artery_right,0.8268,0.7969756388721987,0.861524111772487
s1323,costal_cartilages,0.84,0.8501561955399275,0.8350498917989416
s1323,esophagus,0.9282,0.8888564965142426,0.9129928639369898
s1323,gallbladder,0.0,0.09203133189822671,0.2427524320105819
s1323,heart,0.9481,0.9476353030007786,0.9376812269841274
s1323,humerus_left,0.9529,0.9422439104981108,0.8694192789682547
s1323,humerus_right,0.9676,0.9477899920685926,0.928309777513227
s1323,inferior_vena_cava,0.788,0.9329034483877184,0.9320175949735441
s1323,kidney_left,0.8882,0.9360186285401186,0.7507912297619052
s1323,liver,0.9725,0.9187114801779779,0.9467667464285711
s1323,lung_lower_lobe_left,0.9877,0.9808425395070979,0.9836554014550267
s1323,lung_lower_lobe_right,0.989,0.9878046202202821,0.9837056907407403
s1323,lung_middle_lobe_right,0.9744,0.9830152498044431,0.966336652116403
s1323,lung_upper_lobe_left,0.9914,0.9654731142553039,0.9240833154761902
s1323,lung_upper_lobe_right,0.9886,0.9937068814108799,0.9849788056878308
s1323,pancreas,0.6499,0.8287944032925936,0.6696261198412695
s1323,portal_vein_and_splenic_vein,0.3365,0.46478291722544973,0.5178367966931217
s1323,pulmonary_vein,0.9138,0.8681611871993197,0.8991003654040408
s1323,rib_left_1,0.8225,0.9464461855599241,0.9345080436507939
s1323,rib_left_10,0.9792,0.9013582250078453,0.9493562587301589
s1323,rib_left_11,0.9666,0.7881546994393335,0.9214663177128423
s1323,rib_left_12,0.5897,0.8163524346666196,0.8291550499999991
s1323,rib_left_2,0.9608,0.8562669114091002,0.9390077099206352
s1323,rib_left_3,0.9288,0.9509976055635292,0.9597536789682537
s1323,rib_left_4,0.976,0.9796235410791125,0.9648739063492067
s1323,rib_left_5,0.9634,0.9665580288798142,0.9174864982804235
s1323,rib_left_6,0.9601,0.9289046754272164,0.926953643109668
s1323,rib_left_7,0.9642,0.9807435370052505,0.948186883730158
s1323,rib_left_8,0.9804,0.888364726529507,0.958898684656085
s1323,rib_left_9,0.9845,0.8737478390460278,0.9559137690476183
s1323,rib_right_1,0.8701,0.9280524319279646,0.9276886107142862
s1323,rib_right_10,0.9799,0.7818584207799515,0.9522172814814817
s1323,rib_right_11,0.9317,0.6108840725399594,0.8249112617604616
s1323,rib_right_12,0.7975,0.6832284009335443,0.7904532551587296
s1323,rib_right_2,0.9725,0.8990246808441477,0.9411347400793652
s1323,rib_right_3,0.9437,0.9649646110722548,0.9607668813492065
s1323,rib_right_4,0.9663,0.9632153165260684,0.9587433043650795
s1323,rib_right_5,0.9597,0.9671286252130004,0.9554114883597886
s1323,rib_right_6,0.9666,0.940100526088291,0.9524708149470901
s1323,rib_right_7,0.9591,0.8563954102302491,0.954075037566137
s1323,rib_right_8,0.9841,0.8988559867416273,0.9660795244708993
s1323,rib_right_9,0.9761,0.9458190349821834,0.9611411396825397
s1323,scapula_left,0.9521,0.9698468723097515,0.9483423156084657
s1323,scapula_right,0.9601,0.8627249521232772,0.9010058257936506
s1323,skull,0.9685,0.814913197916028,0.8277648408730157
s1323,small_bowel,0.0,0.3717543482584079,0.5082841431216933
s1323,spinal_cord,0.9518,0.9194633040420809,0.9326900801587296
s1323,spleen,0.9512,0.9141229174208153,0.9420002625661376
s1323,sternum,0.8969,0.943934488674115,0.9337344156084654
s1323,stomach,0.6536,0.6220556866375696,0.7237840800505047
s1323,subclavian_artery_left,0.8582,0.917584659475558,0.8462487548941795
s1323,subclavian_artery_right,0.9223,0.9145525322342536,0.9128890937830682
s1323,superior_vena_cava,0.9317,0.9417500223351207,0.9342719408730162
s1323,thyroid_gland,0.7625,0.6362471467153494,0.7428192416666669
s1323,trachea,0.97,0.9414602127728772,0.9518891555555554
s1323,vertebrae_C6,0.7949,0.4156563096448252,0.5175492924603172
s1323,vertebrae_C7,0.9368,0.8885063284553503,0.9126649380952384
s1323,vertebrae_T1,0.9703,0.9274424114927945,0.948446067724868
s1323,vertebrae_T10,0.9797,0.9751841511592984,0.9659544107142852
s1323,vertebrae_T11,0.9813,0.9736921127790551,0.9694333218253964
s1323,vertebrae_T12,0.982,1.0,0.9632247575396823
s1323,vertebrae_T2,0.9776,0.9406690123770479,0.9476051833333334
s1323,vertebrae_T3,0.973,0.8994255081111664,0.9386327351851855
s1323,vertebrae_T4,0.9731,0.9717736501984117,0.9690835404761903
s1323,vertebrae_T5,0.9767,0.9494223425342957,0.9524497884920633
s1323,vertebrae_T6,0.9764,0.9718026648349625,0.9650108892857147
s1323,vertebrae_T7,0.9766,0.9693467239737023,0.970664201719577
s1323,vertebrae_T8,0.9793,0.9785972732758125,0.9712785288359792
s1323,vertebrae_T9,0.9792,0.9793942608008738,0.97043992526455
s1223,adrenal_gland_left,0.2667,0.2580666495489033,0.2960653985569984
s1223,adrenal_gland_right,0.8881,0.7434627558077433,0.8254259052910052
s1223,aorta,0.9743,0.9764207739058837,0.9673897822751316
s1223,atrial_appendage_left,0.8732,0.9434224664572746,0.8984982068783065
s1223,autochthon_left,0.9658,0.9740140654637871,0.9685551482804239
s1223,autochthon_right,0.9631,0.9753425741536239,0.9675300579365078
s1223,brachiocephalic_trunk,0.939,0.7893683985091702,0.841116927777778
s1223,brachiocephalic_vein_left,0.9452,0.9198524240921087,0.8903304793650791
s1223,brachiocephalic_vein_right,0.9086,0.8254914541465871,0.8547673227513232
s1223,clavicula_left,0.9616,0.9395227312920773,0.967510999603175
s1223,clavicula_right,0.9531,0.9561093978346807,0.9659385464165473
s1223,colon,0.8836,0.9105163758483865,0.8315676784391535
s1223,common_carotid_artery_left,0.9406,0.8974732499966238,0.8859399980158726
s1223,common_carotid_artery_right,0.8044,0.8862812380875297,0.8450138910052911
s1223,costal_cartilages,0.8665,0.8968648329092258,0.8919674507094756
s1223,duodenum,0.6212,0.662786802931335,0.7087888255291006
s1223,esophagus,0.8986,0.9191158009638858,0.8988244870370377
s1223,femur_left,0.9753,0.9892940345510682,0.9523126633597879
s1223,femur_right,0.9787,0.981963459855609,0.9659928804232801
s1223,gallbladder,0.6773,0.9053879227745847,0.7441880690476188
s1223,gluteus_maximus_left,0.9747,0.9773919175474051,0.969190357936507
s1223,gluteus_maximus_right,0.9729,0.9777411538851786,0.9718228390211637
s1223,gluteus_medius_left,0.9666,0.9612153920778064,0.9540423276455031
s1223,gluteus_medius_right,0.9683,0.9622625572839016,0.9585548550264548
s1223,gluteus_minimus_left,0.9441,0.9539467157123372,0.9241982578042335
s1223,gluteus_minimus_right,0.9549,0.9601011723179749,0.929797277116402
s1223,heart,0.9189,0.956740366004529,0.9393429714285714
s1223,hip_left,0.9803,0.9767143507612429,0.9712450105820107
s1223,hip_right,0.982,0.984670905346925,0.9739409138888889
s1223,humerus_left,0.9761,0.9287442848549643,0.917347157539682
s1223,humerus_right,0.962,0.9782174563493717,0.9416370841269837
s1223,iliac_artery_left,0.9274,0.9133586988201785,0.8924304648148156
s1223,iliac_artery_right,0.9262,0.8471322100970563,0.8835347202380958
s1223,iliac_vena_left,0.901,0.9244949277380774,0.896979518386243
s1223,iliac_vena_right,0.921,0.8933311409789975,0.8959524871693121
s1223,iliopsoas_left,0.9605,0.9691552482174082,0.9557655214285711
s1223,iliopsoas_right,0.962,0.9500467092257128,0.9556469644179892
s1223,inferior_vena_cava,0.9369,0.944683391104387,0.9184277162698419
s1223,kidney_cyst_left,0.0,0.0,0.19765354166666663
s1223,kidney_left,0.0,0.6440712644226632,0.7771342048941801
s1223,kidney_right,0.9728,0.963391767519619,0.9785664011904756
s1223,liver,0.9595,0.9809608627657666,0.9742695867724865
s1223,lung_lower_lobe_left,0.9929,0.981642202043353,0.9799914851851855
s1223,lung_lower_lobe_right,0.9937,0.9986137989366802,0.9899694676527173
s1223,lung_middle_lobe_right,0.9864,1.0,0.9708068898148152
s1223,lung_upper_lobe_left,0.9918,0.9963538085256313,0.9876544496031744
s1223,lung_upper_lobe_right,0.9916,0.962966883923227,0.9761166527777783
s1223,pancreas,0.4383,0.9334826099472335,0.910504836772488
s1223,portal_vein_and_splenic_vein,0.831,0.8972284444948846,0.8907073458994706
s1223,pulmonary_vein,0.9247,0.9038358399185827,0.8892417384920641
s1223,rib_left_1,0.949,0.9474245916155924,0.9414347915343914
s1223,rib_left_10,0.9321,0.9572358091947136,0.9561445035714291
s1223,rib_left_11,0.8992,0.9536513065607112,0.9391188043650798
s1223,rib_left_12,0.9333,0.9056329629745427,0.9255234099206353
s1223,rib_left_2,0.9401,0.958276404112804,0.961268818783069
s1223,rib_left_3,0.9324,0.9520197531606345,0.9615604986772487
s1223,rib_left_4,0.9301,0.9351453857161497,0.943164527513228
s1223,rib_left_5,0.9445,0.8430962786281665,0.8763438023809523
s1223,rib_left_6,0.9417,0.9517944838364728,0.9534249584656089
s1223,rib_left_7,0.9417,0.9586329262172045,0.961216997222222
s1223,rib_left_8,0.9283,0.9614119502213251,0.9647159373015878
s1223,rib_left_9,0.9417,0.96016063548841,0.9616040813492066
s1223,rib_right_1,0.9497,0.9422987529966383,0.9406188587301595
s1223,rib_right_10,0.9574,0.9633013777526992,0.956113256746032
s1223,rib_right_11,0.9467,0.9621257322521197,0.9412370349206354
s1223,rib_right_12,0.9113,0.9092413854810855,0.9240887567460321
s1223,rib_right_2,0.912,0.9542757685148813,0.9632529514550265
s1223,rib_right_3,0.9057,0.9571458734622769,0.961586173412698
s1223,rib_right_4,0.9217,0.9578972777469706,0.960626128174603
s1223,rib_right_5,0.895,0.9479442369028743,0.9483168083333338
s1223,rib_right_6,0.9302,0.9535550482039993,0.9597737175925923
s1223,rib_right_7,0.9627,0.9573581539885598,0.9627825154761905
s1223,rib_right_8,0.96,0.9632297373756101,0.9612086478835983
s1223,rib_right_9,0.9701,0.9546361838644306,0.9618384527777772
s1223,sacrum,0.9412,0.9518075577308889,0.9291244301587301
s1223,scapula_left,0.9662,0.9615387901176939,0.9585466277777785
s1223,scapula_right,0.9597,0.9640995692724732,0.9600326287037044
s1223,small_bowel,0.7236,0.8468571051839083,0.8607042412698417
s1223,spinal_cord,0.9231,0.9240947526152467,0.9360972534391538
s1223,spleen,0.8379,0.9853879013147363,0.9805884108465612
s1223,sternum,0.8962,0.9431694899533983,0.9298106208994704
s1223,stomach,0.8392,0.8732303790361257,0.9275054287037043
s1223,subclavian_artery_left,0.8809,0.9145493379288817,0.905364571428572
s1223,subclavian_artery_right,0.8741,0.7742415565658577,0.7388350437830694
s1223,superior_vena_cava,0.9396,0.8756146177499662,0.9091134235449736
s1223,thyroid_gland,0.8873,0.7616488186923729,0.8097202728835975
s1223,trachea,0.947,0.9406707195035706,0.9666231452380959
s1223,urinary_bladder,0.736,0.9293230863860293,0.9290908120370375
s1223,vertebrae_C6,0.7711,0.8167759885310378,0.8657338050264557
s1223,vertebrae_C7,0.8787,0.9412723356714144,0.9470319407407409
s1223,vertebrae_L1,0.9829,0.9860229963836975,0.9833886010582016
s1223,vertebrae_L2,0.9834,0.9822034840170403,0.9827960317460316
s1223,vertebrae_L3,0.9826,0.9761180223699623,0.9775853087301583
s1223,vertebrae_L4,0.9798,0.97531076519805,0.9622616964285718
s1223,vertebrae_L5,0.9772,0.9795346749652124,0.9786018296296296
s1223,vertebrae_S1,0.9435,0.9475711402384686,0.9276379646825397
s1223,vertebrae_T1,0.8253,0.9865475094894937,0.9679842070105819
s1223,vertebrae_T10,0.9757,0.9838003352043951,0.9731223921957678
s1223,vertebrae_T11,0.9791,0.9849681050134256,0.976346627777778
s1223,vertebrae_T12,0.977,0.9876641010571617,0.9770417378306885
s1223,vertebrae_T2,0.5193,0.9542169415763027,0.9601508396825403
s1223,vertebrae_T3,0.1197,0.9658248000879872,0.9549515261904759
s1223,vertebrae_T4,0.0642,0.9245373329051368,0.9499120941798938
s1223,vertebrae_T5,0.1617,0.8680809614467502,0.8799731671957678
s1223,vertebrae_T6,0.1791,0.4603654756129188,0.5213798976190479
s1223,vertebrae_T7,0.2598,0.5369325666074958,0.5306608326719581
s1223,vertebrae_T8,0.4363,0.9866574642365344,0.9795781615079369
s1223,vertebrae_T9,0.8363,0.7427269976479361,0.6620887634920641
s1377,adrenal_gland_left,0.8627,0.9031851073128383,0.9031932735449739
s1377,adrenal_gland_right,0.8915,0.884904536688115,0.8912748772486775
s1377,aorta,0.9393,0.9645227831525368,0.9685728853174599
s1377,atrial_appendage_left,0.9213,0.9408306717228533,0.9088866400072161
s1377,autochthon_left,0.971,0.9638137588326896,0.9621209964285709
s1377,autochthon_right,0.9696,0.9656446894376762,0.9576899793650798
s1377,brachiocephalic_trunk,0.9181,0.9056756599347893,0.8992294182539685
s1377,brachiocephalic_vein_left,0.7095,0.8140901957217951,0.843525224206349
s1377,brachiocephalic_vein_right,0.6908,0.8088244010309403,0.8085674207671963
s1377,clavicula_left,0.9751,0.8545001402053157,0.8966027501082257
s1377,clavicula_right,0.9684,0.8630614444498073,0.9077655167748927
s1377,colon,0.938,0.9003640547301268,0.8734394384920638
s1377,common_carotid_artery_left,0.8158,0.9294044498690598,0.9149443365079368
s1377,common_carotid_artery_right,0.8428,0.814035521205411,0.865517942857143
s1377,costal_cartilages,0.9245,0.8748882772740246,0.8954356003968248
s1377,duodenum,0.7857,0.879817293027628,0.8842897652116399
s1377,esophagus,0.8918,0.9379977996364149,0.9280027907407405
s1377,femur_left,0.9874,1.0,0.9846976219576721
s1377,femur_right,0.9855,0.9989290320967817,0.98457814484127
s1377,gallbladder,0.9269,0.9010778553355433,0.8790810917989421
s1377,gluteus_maximus_left,0.9654,0.9580529523918843,0.9620354963684467
s1377,gluteus_maximus_right,0.9711,0.9752454869459277,0.9702776080687838
s1377,gluteus_medius_left,0.9546,0.954746330552555,0.9513947462962963
s1377,gluteus_medius_right,0.9616,0.961839178586969,0.9569215772486774
s1377,gluteus_minimus_left,0.9375,0.9461123799917404,0.9330627977513226
s1377,gluteus_minimus_right,0.9396,0.9460910649221744,0.940299508201058
s1377,heart,0.9401,0.9611293873259259,0.9537214378306875
s1377,hip_left,0.9845,0.9667163751303692,0.9717255087301585
s1377,hip_right,0.9817,0.9759068136940037,0.9783381805555551
s1377,humerus_left,0.8366,0.9207856823319678,0.9234714992063493
s1377,iliac_artery_left,0.7244,0.8981484041503935,0.867379698412699
s1377,iliac_artery_right,0.9103,0.9698204764299498,0.9510076124338628
s1377,iliac_vena_left,0.8523,0.8801619439542903,0.8560235574074073
s1377,iliac_vena_right,0.8888,0.9048870682277811,0.8989625441798942
s1377,iliopsoas_left,0.9591,0.9674859980627541,0.9628447411375661
s1377,iliopsoas_right,0.9582,0.9649396450679222,0.9636986325396826
s1377,inferior_vena_cava,0.7809,0.7249847937616024,0.7721311903439161
s1377,kidney_cyst_left,0.0,0.013912051652328016,0.0935626900793651
s1377,kidney_left,0.9573,0.9590508125284675,0.9697632788359787
s1377,kidney_right,0.9568,0.9130520920618528,0.9403297973544973
s1377,liver,0.9814,0.9722944277863509,0.9794096804232798
s1377,lung_lower_lobe_left,0.9705,0.9371044531520247,0.8123295444444448
s1377,lung_lower_lobe_right,0.9772,0.9289843139647893,0.9503540113756611
s1377,lung_middle_lobe_right,0.9801,0.9804877653751829,0.9665987345238094
s1377,lung_upper_lobe_left,0.9899,0.9981676304151882,0.985091529629629
s1377,lung_upper_lobe_right,0.9879,0.9708530928019345,0.9848288351851854
s1377,pancreas,0.9207,0.9168549009420369,0.9111675809523806
s1377,portal_vein_and_splenic_vein,0.811,0.8639629325587768,0.8667107007936508
s1377,prostate,0.6735,0.8513958359054739,0.8223489206349206
s1377,pulmonary_vein,0.9272,0.9111387963245375,0.9162759935185187
s1377,rib_left_1,0.9415,0.9529457085087518,0.9457533829365073
s1377,rib_left_10,0.9799,0.9538264472059677,0.9683808079365084
s1377,rib_left_11,0.9767,0.9019822079330069,0.9597220575396814
s1377,rib_left_12,0.9732,0.9328813681682357,0.9578450433862442
s1377,rib_left_2,0.9718,0.9718335053436256,0.9505767703703702
s1377,rib_left_3,0.9282,0.8938562734286402,0.899522914550264
s1377,rib_left_4,0.9494,0.9743353768567762,0.9631780641774892
s1377,rib_left_5,0.9668,0.9583278168818269,0.9437978371693123
s1377,rib_left_6,0.9784,0.9694753039501559,0.9588343206349208
s1377,rib_left_7,0.9801,0.9686186610960049,0.9599293371693114
s1377,rib_left_8,0.9795,0.9737491247046843,0.9647302083333337
s1377,rib_left_9,0.9711,0.9600460223503259,0.9558275026455029
s1377,rib_right_1,0.9403,0.9276857635987691,0.9319922361111102
s1377,rib_right_10,0.2572,0.45019893239014924,0.4528951071428572
s1377,rib_right_11,0.4559,0.594087167301426,0.4801893914021163
s1377,rib_right_12,0.8118,0.9559591479656863,0.9426048380952382
s1377,rib_right_2,0.9505,0.9497243296202224,0.9398992055555548
s1377,rib_right_3,0.9676,0.966380434924921,0.9643723384920639
s1377,rib_right_4,0.9622,0.9688912213213984,0.9657348354256855
s1377,rib_right_5,0.9634,0.967142945733829,0.9640344749999995
s1377,rib_right_6,0.7878,0.7175665711575382,0.7240705773809525
s1377,rib_right_7,0.4948,0.5443119625163696,0.5418320947089948
s1377,rib_right_8,0.2169,0.44916556398507795,0.3715572378306877
s1377,rib_right_9,0.1038,0.4077130572192896,0.3671202009259259
s1377,sacrum,0.9493,0.8102637427934698,0.70939184021164
s1377,scapula_left,0.9645,0.9444655957508322,0.9490065936507942
s1377,scapula_right,0.9591,0.9373993691988765,0.954461035834536
s1377,small_bowel,0.928,0.8463302748219622,0.8252669301587298
s1377,spinal_cord,0.9621,0.9300875454620252,0.9431317784391534
s1377,spleen,0.9788,0.973583616963342,0.9790716699735443
s1377,sternum,0.9489,0.9265247644220531,0.9343028378306885
s1377,stomach,0.9777,0.9402906531556379,0.9368966821428573
s1377,subclavian_artery_left,0.8625,0.8659789090139847,0.8835835781746033
s1377,subclavian_artery_right,0.9441,0.8598818353544959,0.8743337634920632
s1377,superior_vena_cava,0.9288,0.9486295597606517,0.9421209205026444
s1377,thyroid_gland,0.9465,0.9016476265543995,0.9076946880952378
s1377,trachea,0.9672,0.9781502056459097,0.9560960399470891
s1377,urinary_bladder,0.9045,0.919554953317299,0.9166831706349196
s1377,vertebrae_L1,0.989,0.9773104016897646,0.9815084222222218
s1377,vertebrae_L2,0.9882,0.9741392908152219,0.9825951843915349
s1377,vertebrae_L3,0.9869,0.9860985620766021,0.985132675396825
s1377,vertebrae_L4,0.9848,0.989396777666563,0.9846614308201058
s1377,vertebrae_L5,0.9872,0.9856648420785122,0.982423998677249
s1377,vertebrae_S1,0.9417,0.9257836405157329,0.9252935162698412
s1377,vertebrae_T10,0.9864,0.9724340418731428,0.9816804552910056
s1377,vertebrae_T11,0.9841,0.9731405164874307,0.9806185428571423
s1377,vertebrae_T12,0.9898,0.9759270021309588,0.978862491666666
s1377,vertebrae_T2,0.9638,1.0,0.8261004031746033
s1377,vertebrae_T3,0.9788,0.9314334127850643,0.9038744629629631
s1377,vertebrae_T4,0.9795,0.9315014947759436,0.9569622308201062
s1377,vertebrae_T5,0.9801,0.9365940586423515,0.9697212312169305
s1377,vertebrae_T6,0.983,0.94418035400529,0.9654454943121694
s1377,vertebrae_T7,0.9855,0.9490593030552784,0.9666734346560846
s1377,vertebrae_T8,0.9865,0.9506723930697998,0.9696164775132274
s1377,vertebrae_T9,0.9878,0.9546886973995574,0.9536416088624352
s1192,aorta,0.9725,0.9588480968739681,0.9525496679292926
s1192,autochthon_left,0.9321,0.9268252336956239,0.9272275611111109
s1192,autochthon_right,0.9259,0.9108516876076307,0.9238140978835975
s1192,brachiocephalic_trunk,0.9495,0.8654343426584283,0.9107987084656086
s1192,brachiocephalic_vein_left,0.8961,0.8870941174228368,0.8628251427248677
s1192,brachiocephalic_vein_right,0.8571,0.8547012668483022,0.8220871039682544
s1192,brain,0.9687,0.9519088482823302,0.9517989582130832
s1192,clavicula_left,0.9685,0.96068622094738,0.9482945962962962
s1192,clavicula_right,0.9644,0.9491835676666833,0.9466578575396815
s1192,common_carotid_artery_left,0.8801,0.9209541726882254,0.8952366251322746
s1192,common_carotid_artery_right,0.8866,0.8674090593910319,0.8920123157647913
s1192,costal_cartilages,0.7603,0.7549955086864513,0.7737216916666672
s1192,esophagus,0.9068,0.8797748770310156,0.9002345488095229
s1192,humerus_left,0.9727,0.9536314311592181,0.9508088813492073
s1192,humerus_right,0.9572,0.9023620020092361,0.9112233013227516
s1192,lung_lower_lobe_left,0.9498,0.7983604732648634,0.8138514203703701
s1192,lung_lower_lobe_right,0.88,0.773271795908378,0.832881953643579
s1192,lung_upper_lobe_left,0.9933,1.0,0.9718466310846562
s1192,lung_upper_lobe_right,0.994,0.9763770385744099,0.9842377822751318
s1192,rib_left_1,0.7564,0.9256039970063397,0.9024108150793656
s1192,rib_left_2,0.9293,0.9469070809169523,0.9507144980158729
s1192,rib_left_3,0.9273,0.9574190067029018,0.9279460789682531
s1192,rib_left_4,0.9502,0.9166902798227604,0.950005202910053
s1192,rib_left_5,0.9419,0.8969447718775917,0.89582021984127
s1192,rib_right_1,0.9214,0.8854905954427849,0.8985819203703708
s1192,rib_right_2,0.9145,0.9280157870464893,0.9369495813492059
s1192,rib_right_3,0.912,0.9637174410646046,0.916389453571428
s1192,rib_right_4,0.908,1.0,0.9359068108465607
s1192,rib_right_5,0.9059,0.7945505438649665,0.8833149447089951
s1192,scapula_left,0.9253,0.9182151165668399,0.9067071929894166
s1192,scapula_right,0.9263,0.9608421280402458,0.9274231642857131
s1192,skull,0.955,0.9527379523383629,0.9259592321428566
s1192,spinal_cord,0.9283,0.9152927035251225,0.9220936003968253
s1192,sternum,0.8744,0.86789289126849,0.8593442104497357
s1192,subclavian_artery_left,0.9404,0.9167172014923486,0.8915446765873016
s1192,subclavian_artery_right,0.9299,0.906910408684469,0.8948068572751328
s1192,superior_vena_cava,0.878,0.797303486382491,0.7840279765873014
s1192,thyroid_gland,0.8936,0.8922776579279207,0.7868537626984126
s1192,trachea,0.6422,0.6463493704360695,0.7398168070105821
s1192,vertebrae_C1,0.8854,0.8854815675336749,0.8810015210317466
s1192,vertebrae_C2,0.9718,0.9442497328691473,0.9104434305555558
s1192,vertebrae_C3,0.9493,0.9305460178671661,0.9355613239417985
s1192,vertebrae_C4,0.9555,0.9392293051222678,0.9340552757936503
s1192,vertebrae_C5,0.9474,0.9345348379845896,0.9314402382275125
s1192,vertebrae_C6,0.9252,0.9133593362059642,0.906918767592593
s1192,vertebrae_C7,0.9521,0.9379858722162642,0.9516267481481488
s1192,vertebrae_T1,0.9656,0.9554875112980096,0.9567556574555071
s1192,vertebrae_T2,0.965,0.9491611904984907,0.9381305711640217
s1192,vertebrae_T3,0.9645,0.9337876032719162,0.9367132548941793
s1192,vertebrae_T4,0.9599,0.9225178050416438,0.9303306813492062
s1192,vertebrae_T5,0.9502,0.8775791707653166,0.8993526043650797
s1119,adrenal_gland_left,0.7626,0.9001979799138089,0.8306491616402114
s1119,adrenal_gland_right,0.8825,0.8178186706149856,0.8417502380952385
s1119,aorta,0.9763,0.9675548847880324,0.9677693015873012
s1119,atrial_appendage_left,0.8855,0.8409472347768385,0.880785417857143
s1119,autochthon_left,0.9672,0.9657797814960579,0.956053726587301
s1119,autochthon_right,0.9682,0.9616949654378792,0.9545410129629625
s1119,brachiocephalic_trunk,0.9479,0.8717743559251613,0.8878538031746035
s1119,brachiocephalic_vein_left,0.9595,0.9253235305834666,0.914935818253969
s1119,brachiocephalic_vein_right,0.9648,0.894652635157977,0.8759185047619046
s1119,clavicula_left,0.9795,0.9523839014487759,0.9673174837301589
s1119,clavicula_right,0.9686,0.9570465772470107,0.9568943082010579
s1119,colon,0.9545,0.8336680171305371,0.8343025491341989
s1119,common_carotid_artery_left,0.9513,0.9120739111248235,0.8740713793650788
s1119,common_carotid_artery_right,0.9248,0.8014166963733126,0.8679858293650794
s1119,costal_cartilages,0.8494,0.8425553931102909,0.8295440173280424
s1119,duodenum,0.9265,0.8267407676771829,0.7911914404761903
s1119,esophagus,0.9459,0.9105163995312777,0.9110208267195765
s1119,gallbladder,0.9292,0.8513071629396863,0.7675374951058201
s1119,heart,0.9328,0.9443112179450143,0.9389958285714289
s1119,humerus_left,0.9671,0.9829394737591356,0.9330098932539673
s1119,humerus_right,0.9709,1.0,0.956579511640211
s1119,iliopsoas_left,0.8397,0.880818567242715,0.788359109126984
s1119,iliopsoas_right,0.8875,0.8743445021869003,0.8188216876984132
s1119,inferior_vena_cava,0.9234,0.88370883904025,0.886244101587301
s1119,kidney_cyst_left,0.0,0.890860543025752,0.9083175555555556
s1119,kidney_cyst_right,0.0,0.5287902027146263,0.6298129656084658
s1119,kidney_left,0.0005,0.7707677250502035,0.8831193629629625
s1119,kidney_right,0.955,0.9445669179642924,0.9185677317460316
s1119,liver,0.9882,0.979346948158772,0.9798299005291013
s1119,lung_lower_lobe_left,0.9863,0.9831909920527389,0.9828273847883603
s1119,lung_lower_lobe_right,0.9909,0.9904495935258517,0.9873943853174597
s1119,lung_middle_lobe_right,0.9781,0.9639832922259729,0.9578733543650797
s1119,lung_upper_lobe_left,0.9934,0.992446744842297,0.9895276227513229
s1119,lung_upper_lobe_right,0.989,0.9845201929278112,0.9792686953703704
s1119,pancreas,0.7672,0.8297600988818444,0.8802748199013952
s1119,portal_vein_and_splenic_vein,0.8517,0.8586500854798994,0.8687313412698412
s1119,pulmonary_vein,0.926,0.9034380834524867,0.8753276234126985
s1119,rib_left_1,0.9346,0.9290569213027344,0.9241111396825396
s1119,rib_left_10,0.9709,0.9512329206470062,0.9601602948412701
s1119,rib_left_11,0.97,0.9847274346355237,0.9377912953703696
s1119,rib_left_12,0.9219,1.0,0.84567731511544
s1119,rib_left_2,0.9456,0.9344934874120415,0.9616402507215004
s1119,rib_left_3,0.9473,0.9448595299376715,0.9297854963564216
s1119,rib_left_4,0.9643,0.9864616072309034,0.9535571936507944
s1119,rib_left_5,0.9645,0.98824656628673,0.9502091972222227
s1119,rib_left_6,0.9649,0.9964599090773035,0.9529812813492066
s1119,rib_left_7,0.9736,1.0,0.9498626150793653
s1119,rib_left_8,0.955,0.9920199940269849,0.922639996825398
s1119,rib_left_9,0.97,0.9776466557035254,0.951347617724868
s1119,rib_right_1,0.8463,0.8731892231249806,0.8922651039682539
s1119,rib_right_10,0.974,0.9446809489925608,0.9578283585978835
s1119,rib_right_11,0.9749,1.0,0.9372729969576717
s1119,rib_right_12,0.9034,1.0,0.8424158674603177
s1119,rib_right_2,0.9468,0.9630091755402472,0.9458482190476193
s1119,rib_right_3,0.9633,0.9846110123128512,0.9578285601851855
s1119,rib_right_4,0.9587,0.990309355369441,0.9630074706349205
s1119,rib_right_5,0.9533,0.9756226170036293,0.959362594444445
s1119,rib_right_6,0.9623,0.9812492430708257,0.9468217083333345
s1119,rib_right_7,0.9652,1.0,0.9464281964285719
s1119,rib_right_8,0.9522,0.9822214568483493,0.9348678253968254
s1119,rib_right_9,0.9655,0.9553422812803655,0.9561738042328042
s1119,scapula_left,0.9513,0.9644127373945669,0.9464061853174606
s1119,scapula_right,0.9592,0.9389224054696191,0.94782123531746
s1119,small_bowel,0.9462,0.7641170847080435,0.7449599833333338
s1119,spinal_cord,0.926,0.9250165270147521,0.936071521031746
s1119,spleen,0.9809,0.946587066083657,0.9563328078042334
s1119,sternum,0.9385,0.9502858870872453,0.9247292400793651
s1119,stomach,0.9738,0.9460243582808018,0.9495463062169318
s1119,subclavian_artery_left,0.9332,0.8627898547581305,0.8734246514550267
s1119,subclavian_artery_right,0.9235,0.8884575569683506,0.882425902248677
s1119,superior_vena_cava,0.9678,0.9454046081500973,0.9299579398148147
s1119,thyroid_gland,0.9176,0.8100343389765154,0.7597981677248676
s1119,trachea,0.9757,0.9422173995276089,0.9607485133116885
s1119,vertebrae_C6,0.9592,0.967273088885354,0.8461126097883594
s1119,vertebrae_C7,0.964,0.9764906475723866,0.86701711441799
s1119,vertebrae_L1,0.9854,0.9447827904725865,0.9611003544973535
s1119,vertebrae_L2,0.9389,0.6029584258910189,0.6035600617724866
s1119,vertebrae_T1,0.9763,0.9395088235650964,0.9457546702380957
s1119,vertebrae_T10,0.9803,0.9559838336872305,0.9363705821428575
s1119,vertebrae_T11,0.9798,0.966075051577792,0.9309717611111118
s1119,vertebrae_T12,0.9814,0.9410480990028082,0.9391363358465613
s1119,vertebrae_T2,0.9831,0.9598426457937649,0.9547250563492061
s1119,vertebrae_T3,0.9822,0.9423263204571658,0.9490856620370376
s1119,vertebrae_T4,0.9793,0.9031337083730353,0.9238365989417991
s1119,vertebrae_T5,0.9799,0.9615286304362183,0.951692872619047
s1119,vertebrae_T6,0.9797,0.9271441670893502,0.9514750234126984
s1119,vertebrae_T7,0.9812,0.967336166662899,0.9417117119047618
s1119,vertebrae_T8,0.9788,0.9602569447741335,0.9380342682539682
s1119,vertebrae_T9,0.9704,0.9650679307700653,0.9489371470899473
s1423,adrenal_gland_left,0.9219,0.9084926468570399,0.8999916178571423
s1423,adrenal_gland_right,0.9192,0.903639706888664,0.8884565366402114
s1423,aorta,0.9406,0.9443105517806062,0.9447949376984122
s1423,autochthon_left,0.9689,0.9741198562455279,0.9728420968253964
s1423,autochthon_right,0.9609,0.9763436465933338,0.9726671156084653
s1423,colon,0.8059,0.8942293433631943,0.8719322171957677
s1423,costal_cartilages,0.893,0.9127398578750414,0.8722873150312654
s1423,duodenum,0.5799,0.8143956113567217,0.7999819448051949
s1423,esophagus,0.921,0.9266151031613226,0.9191097984126979
s1423,femur_left,0.9854,0.9763722457239742,0.9731185712962958
s1423,femur_right,0.9812,1.0,0.9778852232804233
s1423,gallbladder,0.9585,0.8071989692551631,0.9101084013347764
s1423,gluteus_maximus_left,0.9679,0.9743725193950473,0.9681409251322751
s1423,gluteus_maximus_right,0.9676,0.97293024375694,0.9694494695045692
s1423,gluteus_medius_left,0.9633,0.9664622626725314,0.96025649563492
s1423,gluteus_medius_right,0.9622,0.967993790285259,0.965166657936507
s1423,gluteus_minimus_left,0.9383,0.9488205941148458,0.9425296071428574
s1423,gluteus_minimus_right,0.9602,0.9395442349780867,0.9446581880952384
s1423,heart,0.9233,0.9030715913308819,0.8928877954184702
s1423,hip_left,0.9804,0.9728767512447907,0.9696951719576729
s1423,hip_right,0.9828,0.9926241707614036,0.9772563584656081
s1423,iliac_artery_left,0.9069,0.8555068432450433,0.8531957259259263
s1423,iliac_artery_right,0.8104,0.8214147054789126,0.801325958068783
s1423,iliac_vena_left,0.9131,0.896966730914006,0.8793652309523804
s1423,iliac_vena_right,0.9156,0.9066516711104812,0.8573053578042328
s1423,iliopsoas_left,0.9579,0.9531388953699805,0.9592671765873017
s1423,iliopsoas_right,0.9578,0.9647629660281993,0.9634213678571424
s1423,inferior_vena_cava,0.9093,0.9080363288547431,0.8897256924603175
s1423,kidney_left,0.8473,0.7495969590865215,0.8725599113275613
s1423,kidney_right,0.1176,0.6608741282623891,0.6709775845238097
s1423,liver,0.9356,0.9550316609077789,0.954087144444444
s1423,lung_lower_lobe_left,0.9609,0.8280810772667015,0.9015435468253963
s1423,lung_lower_lobe_right,0.9399,0.8346089630133713,0.8977916440476194
s1423,lung_middle_lobe_right,0.958,0.9065482318342707,0.8963927042328044
s1423,lung_upper_lobe_left,0.9514,0.8878059529196268,0.8248604743746989
s1423,pancreas,0.9104,0.8771437086365554,0.8984055006613759
s1423,portal_vein_and_splenic_vein,0.5437,0.5317638597204052,0.6054907452380953
s1423,rib_left_10,0.6669,0.6840689366361594,0.585172969179894
s1423,rib_left_11,0.5163,0.6152450385129009,0.6223440952380955
s1423,rib_left_12,0.0,0.8821128476608247,0.9059998421957673
s1423,rib_left_6,0.6271,0.8321683514899032,0.8000143178571427
s1423,rib_left_7,0.6148,0.786613046775042,0.72942806521164
s1423,rib_left_8,0.7992,0.796147157913415,0.7513118757936506
s1423,rib_left_9,0.7598,0.7879729397140239,0.8316582746031748
s1423,rib_right_10,0.7732,0.7534991539197752,0.712545327645503
s1423,rib_right_11,0.8866,0.7554365474623014,0.7883171183862434
s1423,rib_right_12,0.8762,0.6936525158775602,0.8417955780423287
s1423,rib_right_5,0.8949,0.9457856986392565,0.9130900751526251
s1423,rib_right_6,0.9429,0.9745985808670603,0.9524216289682539
s1423,rib_right_7,0.9743,0.9775074179593234,0.9250423624338615
s1423,rib_right_8,0.8725,0.9797491326474206,0.9655443444444441
s1423,rib_right_9,0.7847,0.8199092499953962,0.7944654846560844
s1423,sacrum,0.9568,0.9612542530921967,0.956988133201058
s1423,scapula_right,0.9803,0.8846622536134467,0.9079165701058207
s1423,small_bowel,0.8993,0.8430705433236311,0.8321281398148153
s1423,spinal_cord,0.9576,0.9465174552508268,0.9439773338624343
s1423,spleen,0.973,0.9604138141368391,0.9696187026455025
s1423,sternum,0.3375,0.8567777518564296,0.6926235288119285
s1423,stomach,0.9699,0.95005405271325,0.9444941226190477
s1423,urinary_bladder,0.9514,0.970610364661732,0.9569302666666668
s1423,vertebrae_L1,0.7948,0.8215943687204317,0.8236389408730159
s1423,vertebrae_L2,0.9338,0.528093835535269,0.6218973075396825
s1423,vertebrae_L3,0.9811,0.925801924149272,0.8869488075396824
s1423,vertebrae_L4,0.9868,0.9707123610794101,0.979925347222222
s1423,vertebrae_L5,0.988,0.9531069521073513,0.9356286917989418
s1423,vertebrae_S1,0.9368,0.972462111704019,0.9502530023809529
s1423,vertebrae_T10,0.9709,0.9504659689180558,0.9642599097883595
s1423,vertebrae_T11,0.9139,0.985645390396531,0.9559548584656079
s1423,vertebrae_T12,0.7594,0.7543863034864521,0.8573471809523808
s1423,vertebrae_T7,0.9489,0.8567932237962774,0.7412159693121688
s1423,vertebrae_T8,0.9762,0.9976969251546518,0.9669517702380951
s1423,vertebrae_T9,0.9734,0.9617419527326636,0.9662667017195768
s0824,adrenal_gland_left,0.3438,0.7537874850897366,0.7596113246031742
s0824,adrenal_gland_right,0.7103,0.7547762687882238,0.6105459029100531
s0824,aorta,0.9802,0.9631998283026465,0.9679964431216932
s0824,atrial_appendage_left,0.8976,0.8184918736767057,0.852045730555556
s0824,autochthon_left,0.9595,0.9638099562116013,0.9408190715608468
s0824,autochthon_right,0.9545,0.9570709738333046,0.945818585449736
s0824,brachiocephalic_trunk,0.9457,0.8788449666354264,0.8980640197089952
s0824,brachiocephalic_vein_left,0.9377,0.9275372184974873,0.9121742769841276
s0824,brachiocephalic_vein_right,0.8756,0.7666558299414666,0.8044989781746038
s0824,clavicula_left,0.9725,0.9177385676461414,0.9566251092592603
s0824,clavicula_right,0.9728,0.9425916981033662,0.9555803033068785
s0824,common_carotid_artery_left,0.9238,0.9011745666646369,0.8878205650793649
s0824,common_carotid_artery_right,0.8542,0.6720936448990547,0.694280699470899
s0824,costal_cartilages,0.8697,0.8654516930105214,0.8348787753246752
s0824,esophagus,0.8898,0.9164702166720102,0.9117175961640208
s0824,heart,0.9257,0.8837564371851304,0.9348251781746039
s0824,humerus_left,0.9744,0.972617642413792,0.9430896232804232
s0824,humerus_right,0.9741,0.9523298941718057,0.9309960460317458
s0824,iliopsoas_right,0.0,0.11564597565099159,0.2576331935185186
s0824,inferior_vena_cava,0.8595,0.8840535622735975,0.8954349095959594
s0824,liver,0.9856,0.9783037685488896,0.9707426082010583
s0824,lung_lower_lobe_left,0.9751,0.9819910349446231,0.9801112068783072
s0824,lung_lower_lobe_right,0.9875,0.9900683821054286,0.9787324194444447
s0824,lung_middle_lobe_right,0.9774,0.9626154958933832,0.957705446969697
s0824,lung_upper_lobe_left,0.9861,0.9608393774444822,0.9648202571669076
s0824,lung_upper_lobe_right,0.991,0.9799672187724526,0.9795218072751323
s0824,portal_vein_and_splenic_vein,0.7997,0.6746900373382788,0.5857374066498319
s0824,pulmonary_vein,0.9174,0.8844214267721122,0.8624482537638289
s0824,rib_left_1,0.9425,0.9276988233148825,0.9198847769841266
s0824,rib_left_10,0.9755,0.9045782075012948,0.9494460590909085
s0824,rib_left_11,0.969,0.9088367912706543,0.9166980415343915
s0824,rib_left_12,0.9636,0.810537031754205,0.815456637169312
s0824,rib_left_2,0.9448,0.9014160312971713,0.8442589935185182
s0824,rib_left_3,0.9476,0.9301395669189229,0.9464815492063496
s0824,rib_left_4,0.965,0.9151626342467372,0.956404310714286
s0824,rib_left_5,0.9538,0.8829063563389012,0.9555603964285712
s0824,rib_left_6,0.9645,0.9128259056581092,0.9424677703703698
s0824,rib_left_7,0.9704,0.8930226033964808,0.9463879525132279
s0824,rib_left_8,0.9689,0.8713581978525403,0.9461224076719579
s0824,rib_left_9,0.9703,0.9383702997279977,0.9562037988095244
s0824,rib_right_1,0.9405,0.9079095462627099,0.9140491631313129
s0824,rib_right_10,0.963,0.9398696497429042,0.9442752557840302
s0824,rib_right_11,0.9516,0.9021918298581753,0.8906533212962955
s0824,rib_right_12,0.9485,0.8231117685185321,0.8204017253968257
s0824,rib_right_2,0.9374,0.9276409069830153,0.9387976496031746
s0824,rib_right_3,0.9341,0.926097112826186,0.951518978968254
s0824,rib_right_4,0.9548,0.9536540652080306,0.9556572642857145
s0824,rib_right_5,0.9478,0.9110714880386943,0.9610178363756613
s0824,rib_right_6,0.955,0.9030386065545538,0.9405721370370372
s0824,rib_right_7,0.9447,0.917315356345678,0.953372535846561
s0824,rib_right_8,0.97,0.9395973366734968,0.9596731816137569
s0824,rib_right_9,0.9567,0.9788664117554695,0.9561342488095235
s0824,scapula_left,0.9579,0.9891886285050162,0.954034170502645
s0824,scapula_right,0.9543,0.9697407413459956,0.9459253722222222
s0824,spinal_cord,0.9531,0.9398226309957961,0.9348635947089948
s0824,spleen,0.9685,0.9778521339243492,0.9609416825396825
s0824,sternum,0.9395,0.9033262824736074,0.8976644808201061
s0824,stomach,0.9664,0.9000559826729532,0.931919239153439
s0824,subclavian_artery_left,0.9246,0.8986558678250116,0.8921022904761903
s0824,subclavian_artery_right,0.9354,0.8849099011597582,0.8929356960317463
s0824,superior_vena_cava,0.9312,0.9013823742633736,0.9080430345238094
s0824,thyroid_gland,0.3415,0.7574611884561692,0.7610661185185186
s0824,trachea,0.9652,0.9656497599135248,0.9557179408730158
s0824,vertebrae_C5,0.9478,0.7442821111697815,0.8277650279100528
s0824,vertebrae_C6,0.9315,0.845562406323384,0.860195976190476
s0824,vertebrae_C7,0.9342,0.945134853369795,0.9321548228835977
s0824,vertebrae_L1,0.9771,0.9177035334593231,0.9113267513227512
s0824,vertebrae_T1,0.9705,0.9496960534799799,0.9572554202380956
s0824,vertebrae_T10,0.9805,0.7837305196439986,0.9223012613756614
s0824,vertebrae_T11,0.9811,0.9438341365002066,0.9356666272486767
s0824,vertebrae_T12,0.9831,0.8927999535351097,0.9301963191798941
s0824,vertebrae_T2,0.9777,0.9775255541551603,0.9648645578042331
s0824,vertebrae_T3,0.9725,0.9707212850832805,0.9628133415343918
s0824,vertebrae_T4,0.965,0.9465165786777888,0.9591584396825397
s0824,vertebrae_T5,0.9671,0.9653214510332524,0.9624447231481482
s0824,vertebrae_T6,0.9481,0.9728927193442582,0.9656387886243382
s0824,vertebrae_T7,0.9599,0.923787815485431,0.9661624923280425
s0824,vertebrae_T8,0.9764,0.8953398128105098,0.9599405857142852
s0824,vertebrae_T9,0.9731,0.8729922250419628,0.935319829761905
s0324,adrenal_gland_left,0.7025,0.7561829564331086,0.8142236738095239
s0324,adrenal_gland_right,0.7685,0.7935334735009216,0.753659178174603
s0324,aorta,0.8888,0.9291386390334652,0.9325076349687355
s0324,autochthon_left,0.976,0.9572790493361168,0.9651560198412699
s0324,autochthon_right,0.9755,0.9451068716407128,0.9645643615079363
s0324,colon,0.7919,0.77551958720815,0.8350821702380952
s0324,costal_cartilages,0.8751,0.8875412157142046,0.8522002160052912
s0324,duodenum,0.643,0.8722890120388606,0.8601931961640219
s0324,esophagus,0.8962,0.9017420391940043,0.8916021663179409
s0324,femur_left,0.9774,0.9868898389769365,0.9584226061087068
s0324,femur_right,0.9805,0.9604417844773013,0.9638434411375658
s0324,gallbladder,0.7665,0.8234013202018439,0.8588472272486772
s0324,gluteus_maximus_left,0.9728,0.9511775545009902,0.9646510152116394
s0324,gluteus_maximus_right,0.9721,0.9549291841010861,0.96750918452381
s0324,gluteus_medius_left,0.9571,0.9543100111529916,0.9486023623015878
s0324,gluteus_medius_right,0.9662,0.9470974272196335,0.9497692601851848
s0324,gluteus_minimus_left,0.928,0.8916573429090644,0.9098277493867245
s0324,gluteus_minimus_right,0.9404,0.8877191255850081,0.9139644144660892
s0324,heart,0.8806,0.9068524790849912,0.8962518563492067
s0324,hip_left,0.978,0.9693244014587145,0.9675664879629629
s0324,hip_right,0.9809,0.9767733745544276,0.9689411030423283
s0324,iliac_artery_left,0.7081,0.8756553584676694,0.8715330398148141
s0324,iliac_artery_right,0.7396,0.8516032067606866,0.8706154208994711
s0324,iliac_vena_left,0.8331,0.8836031699995852,0.7778019666666665
s0324,iliac_vena_right,0.8246,0.864044747225237,0.8619400982804232
s0324,iliopsoas_left,0.9613,0.9538824552981654,0.950685895105819
s0324,iliopsoas_right,0.9512,0.9602091326741662,0.9591434972222226
s0324,inferior_vena_cava,0.7971,0.6983123432604348,0.7402686376984126
s0324,kidney_left,0.8631,0.8908844766859213,0.9024017302910049
s0324,kidney_right,0.8244,0.8599258400393698,0.8969488560846556
s0324,liver,0.9716,0.972457177469011,0.9717512507936504
s0324,lung_lower_lobe_left,0.9913,0.9817167585330335,0.9644357570105823
s0324,lung_lower_lobe_right,0.9929,0.9868704128175856,0.976781807356532
s0324,lung_middle_lobe_right,0.9693,0.7585734362880426,0.8240634414021167
s0324,lung_upper_lobe_left,0.9751,0.9365803622673028,0.8477833895743149
s0324,pancreas,0.8818,0.892290984756868,0.8927805654761907
s0324,portal_vein_and_splenic_vein,0.4136,0.3895245827326881,0.6032669187830688
s0324,rib_left_10,0.9727,0.961734380771694,0.9505464527777775
s0324,rib_left_11,0.9611,0.9199508607201906,0.9480610726190487
s0324,rib_left_12,0.939,0.8185881666954463,0.7210543873015879
s0324,rib_left_5,0.0,0.8654491324888619,0.850062528042328
s0324,rib_left_6,0.0,0.9032690511369742,0.8716938440476192
s0324,rib_left_7,0.0487,0.9334279637267997,0.8669852358465613
s0324,rib_left_8,0.1829,0.9483253785536478,0.8884713904761901
s0324,rib_left_9,0.6375,0.9370559347055868,0.8672626999999996
s0324,rib_right_10,0.9744,0.9728888825782128,0.9201016526455027
s0324,rib_right_11,0.972,0.9267330106435384,0.9105550125661375
s0324,rib_right_12,0.9454,0.8765703527222454,0.8880567908730158
s0324,rib_right_5,0.737,0.8034512180465974,0.7702874382154882
s0324,rib_right_6,0.8856,0.9298147567697865,0.898679165079365
s0324,rib_right_7,0.982,0.9564489698779755,0.9238731425925923
s0324,rib_right_8,0.9714,0.9628044373319673,0.912311246825397
s0324,rib_right_9,0.9795,0.9755075430877643,0.8906709980158726
s0324,sacrum,0.9022,0.8710173663988678,0.9032644410052914
s0324,small_bowel,0.6747,0.8671986455429803,0.8639880083333338
s0324,spinal_cord,0.9291,0.9021225197669801,0.93432950952381
s0324,spleen,0.923,0.9577014177841,0.9618396628306883
s0324,sternum,0.766,0.5702089466605139,0.6451821051587303
s0324,stomach,0.8861,0.9578917425064141,0.9438667183862429
s0324,urinary_bladder,0.7894,0.8249493984759683,0.8680476457875455
s0324,vertebrae_L1,0.9855,0.9761469988447223,0.9701849345238092
s0324,vertebrae_L2,0.979,0.9436885950931867,0.9486980933862433
s0324,vertebrae_L3,0.9814,0.9782733390928781,0.9767203269841267
s0324,vertebrae_L4,0.9823,0.9855981013237122,0.9764454033068785
s0324,vertebrae_L5,0.9842,0.9770382149607842,0.9773232037037034
s0324,vertebrae_S1,0.8955,0.9436679415372048,0.9514419527777782
s0324,vertebrae_T10,0.9841,0.9519471976433412,0.9491649172438673
s0324,vertebrae_T11,0.9836,0.9566964459747133,0.8996640579365085
s0324,vertebrae_T12,0.9792,0.9602356380151144,0.9561190898148143
s0324,vertebrae_T9,0.9583,0.9428125043828623,0.8410294027777779
s1357,aorta,0.7915,0.8280363775557601,0.8213012492063493
s1357,autochthon_left,0.9648,0.9514131628254947,0.940296264285715
s1357,autochthon_right,0.9624,0.9755891747430779,0.9425786678090441
s1357,colon,0.8734,0.7751712425126462,0.8242810420634925
s1357,duodenum,0.9131,0.8339368962512124,0.7724248969576717
s1357,femur_left,0.9449,0.9892079821387119,0.9756946662698418
s1357,femur_right,0.8036,0.9424237424449848,0.9398691235449729
s1357,gallbladder,0.9207,0.6865228642638767,0.6164400006613756
s1357,gluteus_maximus_left,0.9685,0.9513804502197211,0.958135728174603
s1357,gluteus_maximus_right,0.9581,0.9453050968919224,0.9643269899470899
s1357,gluteus_medius_left,0.9632,0.9561717290500908,0.9505990882275133
s1357,gluteus_medius_right,0.9551,0.9553770159162435,0.9452215861111104
s1357,gluteus_minimus_left,0.94,0.9260549487119101,0.9073859804232804
s1357,gluteus_minimus_right,0.9402,0.9185356096466927,0.932870027777778
s1357,hip_left,0.9739,0.9823298954284082,0.9779935177248683
s1357,hip_right,0.9746,0.9839149513217992,0.977510028306879
s1357,iliac_artery_left,0.9199,0.8635426612323326,0.8776551239417995
s1357,iliac_artery_right,0.9315,0.8809427711853611,0.8624771530423284
s1357,iliac_vena_left,0.9398,0.9116570655441121,0.8992920189153445
s1357,iliac_vena_right,0.9367,0.9043946668723333,0.8971787305555563
s1357,iliopsoas_left,0.9647,0.9503647660026006,0.9502914060846562
s1357,iliopsoas_right,0.9581,0.9643487723980522,0.9556811972222221
s1357,inferior_vena_cava,0.71,0.8690897368802164,0.7618670460317467
s1357,kidney_left,0.972,0.908104379309194,0.850600132142858
s1357,kidney_right,0.9702,0.9179976388686857,0.912710219708995
s1357,liver,0.9681,0.6184807766254741,0.6857336206349206
s1357,pancreas,0.4222,0.22421464058510923,0.16727668306878313
s1357,sacrum,0.852,0.9285146809350878,0.9238720951058201
s1357,small_bowel,0.8887,0.8477509563883721,0.812395826322751
s1357,spinal_cord,0.9103,0.9199894228619775,0.9025501936507935
s1357,stomach,0.4203,0.5369615109755903,0.6375094374338627
s1357,urinary_bladder,0.9048,0.8092595370626798,0.8398601116402116
s1357,vertebrae_L2,0.7867,0.9363445707396331,0.884159445767195
s1357,vertebrae_L3,0.9518,0.9855473123265553,0.9724460686507937
s1357,vertebrae_L4,0.9353,0.98504446365277,0.9566841656084658
s1357,vertebrae_L5,0.695,0.7633067187683437,0.8580785403439157
s1357,vertebrae_S1,0.4996,0.9566699737052742,0.963194323412699
s0040,adrenal_gland_left,0.8888,0.8979555003705482,0.8855583394179901
s0040,adrenal_gland_right,0.9084,0.8816956673515882,0.8774836025132277
s0040,aorta,0.9792,0.9711979142578467,0.9681253749999998
s0040,atrial_appendage_left,0.9512,0.9008236036967775,0.9034020214285721
s0040,autochthon_left,0.9758,0.961706389571956,0.9655873361111107
s0040,autochthon_right,0.9732,0.9724894570739683,0.9701688210317456
s0040,brachiocephalic_trunk,0.9635,0.8902709747550969,0.9011365706349206
s0040,brachiocephalic_vein_left,0.9533,0.9391913899718715,0.9296434642857146
s0040,brachiocephalic_vein_right,0.947,0.8579183905527495,0.8653741441798949
s0040,clavicula_left,0.98,0.9694339518497702,0.9544844683862435
s0040,clavicula_right,0.9677,0.9588549024820042,0.8928740126984125
s0040,colon,0.9099,0.9322517003680951,0.9202107944444445
s0040,common_carotid_artery_left,0.9613,0.8966392124639795,0.8973357314814814
s0040,common_carotid_artery_right,0.9251,0.9197775905858528,0.8365137888888889
s0040,costal_cartilages,0.9047,0.8677291508782927,0.8709752732804238
s0040,duodenum,0.886,0.9088672030208074,0.9240595548941809
s0040,esophagus,0.9354,0.9214205495899936,0.9051497496031745
s0040,femur_left,0.9882,0.9950865667595176,0.9825051646825398
s0040,femur_right,0.9876,1.0,0.9806084007936507
s0040,gallbladder,0.9571,0.644932975850122,0.8412099667989416
s0040,gluteus_maximus_left,0.9735,0.9742293529240421,0.9725992895502643
s0040,gluteus_maximus_right,0.9808,0.9745269677777921,0.9719527670634911
s0040,gluteus_medius_left,0.9697,0.9680602288903882,0.9633709370370366
s0040,gluteus_medius_right,0.9698,0.9601000544393731,0.9651035002164502
s0040,gluteus_minimus_left,0.9524,0.9354089360258828,0.9423586203102456
s0040,gluteus_minimus_right,0.9564,0.9515196652272672,0.9433357127705635
s0040,heart,0.9406,0.9408774238292998,0.9375464291366042
s0040,hip_left,0.9853,0.9865893197402319,0.9722215200577197
s0040,hip_right,0.9857,0.9872061121984381,0.9758007839466081
s0040,humerus_left,0.9497,0.8076131378480071,0.8761592830687831
s0040,humerus_right,0.978,0.962290521417824,0.915725945406445
s0040,iliac_artery_left,0.9463,0.9106238360033766,0.9027275720899477
s0040,iliac_artery_right,0.9441,0.9115234051332872,0.908866765211641
s0040,iliac_vena_left,0.9075,0.9434978677288387,0.9196677085978837
s0040,iliac_vena_right,0.8709,0.9347981851490338,0.9155624949735452
s0040,iliopsoas_left,0.9726,0.9655953844340268,0.9651618365079372
s0040,iliopsoas_right,0.9702,0.9679010985556515,0.9653044748556999
s0040,inferior_vena_cava,0.9583,0.9304082210210014,0.9343374325396837
s0040,kidney_left,0.9858,0.9914715041201372,0.9771992687830685
s0040,kidney_right,0.9838,0.9697611785806229,0.9705088350529102
s0040,liver,0.9859,0.9797697007314204,0.9831227046296295
s0040,lung_lower_lobe_left,0.9936,0.9929717322208245,0.9843674984126983
s0040,lung_lower_lobe_right,0.9901,0.9809790811337471,0.987781657142857
s0040,lung_middle_lobe_right,0.9676,0.9766248052441566,0.9639404055555559
s0040,lung_upper_lobe_left,0.9944,0.991648792441355,0.9872987086940841
s0040,lung_upper_lobe_right,0.9896,0.9877875596929085,0.9829850883597887
s0040,pancreas,0.926,0.9114265121991113,0.9212121496031749
s0040,portal_vein_and_splenic_vein,0.8381,0.8349837256718893,0.8511715567460313
s0040,prostate,0.8627,0.8312267672771558,0.8112248654761909
s0040,pulmonary_vein,0.9368,0.9232370820937242,0.9103413235449744
s0040,rib_left_1,0.9164,0.9423599903298892,0.9410393419552667
s0040,rib_left_10,0.8519,0.9684384718813888,0.9704026380952382
s0040,rib_left_11,0.9619,0.9471081808734699,0.9639090845238091
s0040,rib_left_12,0.9358,0.9770281573795522,0.9383567123015872
s0040,rib_left_2,0.9668,0.9679553965837641,0.9606981511904757
s0040,rib_left_3,0.9748,0.963756104140255,0.9552802298941799
s0040,rib_left_4,0.9746,0.9744288736980791,0.9681123698412697
s0040,rib_left_5,0.9745,0.972783737643679,0.9665163058201063
s0040,rib_left_6,0.9726,0.9811857424515961,0.9668145853174597
s0040,rib_left_7,0.7131,0.7057677504721177,0.5979579510582008
s0040,rib_left_8,0.3973,0.8272377139038029,0.8199547362433864
s0040,rib_left_9,0.5718,0.8714213140724008,0.8385031292328043
s0040,rib_right_1,0.9284,0.9339458075213465,0.9394684386483887
s0040,rib_right_10,0.9661,0.9742698744660137,0.9682949543650794
s0040,rib_right_11,0.971,0.968058902040604,0.96585260462963
s0040,rib_right_12,0.9676,0.9554475708725567,0.9424862892857149
s0040,rib_right_2,0.9594,0.9574920195113925,0.9622920227513228
s0040,rib_right_3,0.9698,0.963495233560765,0.9654685359788361
s0040,rib_right_4,0.9708,0.9733252943049722,0.9665145722222231
s0040,rib_right_5,0.9671,0.9725308697565129,0.9620356518518521
s0040,rib_right_6,0.9767,0.9667260062979187,0.9608094873015871
s0040,rib_right_7,0.98,0.9752239581196305,0.9674999282708029
s0040,rib_right_8,0.9739,0.9673521496513318,0.9671845575396821
s0040,rib_right_9,0.9782,0.9698925358515852,0.9650812152116394
s0040,sacrum,0.9483,0.9442277216021511,0.9513001006613754
s0040,scapula_left,0.961,0.9823912027466618,0.9602622052549304
s0040,scapula_right,0.95,0.9673815779611823,0.9617907010582005
s0040,small_bowel,0.9028,0.8961350539052998,0.9011528170634919
s0040,spinal_cord,0.9552,0.9451249459463616,0.9441085559523811
s0040,spleen,0.9793,0.9711098552620478,0.9713610345238097
s0040,sternum,0.9477,0.9428665752393077,0.9315208973544978
s0040,stomach,0.9626,0.9478935114161762,0.9512572082010585
s0040,subclavian_artery_left,0.9447,0.9044388772390106,0.8979650886243395
s0040,subclavian_artery_right,0.9219,0.8894970012938819,0.8831125781746035
s0040,superior_vena_cava,0.9611,0.9221169406803535,0.9108613861471868
s0040,thyroid_gland,0.9468,0.8852878372153445,0.8669403616402117
s0040,trachea,0.9681,0.9760294304667358,0.957745864526214
s0040,urinary_bladder,0.9395,0.9770694907112332,0.9372083674723425
s0040,vertebrae_C6,0.875,0.7639337463232646,0.7392396004689759
s0040,vertebrae_C7,0.9668,0.901247722828218,0.9055835429894177
s0040,vertebrae_L1,0.9883,0.9568377602253576,0.9835896931216932
s0040,vertebrae_L2,0.9879,0.9718121426146984,0.9840554394179899
s0040,vertebrae_L3,0.9907,0.9880403577799304,0.9827403542328047
s0040,vertebrae_L4,0.9877,0.9900990827470836,0.9829526843915349
s0040,vertebrae_L5,0.9866,0.9859386697460182,0.9825658523809525
s0040,vertebrae_S1,0.9045,0.9545746780402206,0.9403854976190473
s0040,vertebrae_T1,0.9793,0.9636261845888838,0.9608925023809525
s0040,vertebrae_T10,0.9867,0.9715431275538845,0.9625745616402115
s0040,vertebrae_T11,0.9851,0.9692286338661538,0.9640258576719576
s0040,vertebrae_T12,0.9869,0.9388054247791636,0.974418439814814
s0040,vertebrae_T2,0.9784,0.965741435540274,0.9463364021164019
s0040,vertebrae_T3,0.9775,0.9614147238085085,0.9599181510582008
s0040,vertebrae_T4,0.9808,0.9647894858070863,0.957991751058201
s0040,vertebrae_T5,0.9836,0.978390188510443,0.9653335870370364
s0040,vertebrae_T6,0.983,0.9819741469409156,0.9662981242063491
s0040,vertebrae_T7,0.9852,0.9649290036732942,0.9617896776455027
s0040,vertebrae_T8,0.9856,0.9672420967405281,0.9654607391534391
s0040,vertebrae_T9,0.985,0.9720476758374507,0.975310438708514
s0832,aorta,0.9842,0.9439718615229394,0.9042456845238095
s0832,atrial_appendage_left,0.9004,0.9514546904385407,0.9254767937830684
s0832,autochthon_left,0.9696,0.9682973411138873,0.9465750138888891
s0832,autochthon_right,0.9632,0.9722753935836145,0.9333103797619049
s0832,colon,0.9099,0.9041160436178513,0.8844538488095239
s0832,costal_cartilages,0.8488,0.8656608585741034,0.8396472437830685
s0832,esophagus,0.9155,0.8961380465548621,0.8983782043650793
s0832,heart,0.9367,0.9493265343390436,0.9340080253968254
s0832,inferior_vena_cava,0.8595,0.9176772830273888,0.896022908730158
s0832,liver,0.9825,0.9864243045509036,0.9643647674603174
s0832,lung_lower_lobe_left,0.9885,0.993781827972495,0.9540005858465601
s0832,lung_lower_lobe_right,0.9921,0.9986260414188034,0.989040258068783
s0832,lung_middle_lobe_right,0.977,0.9594418918664208,0.9688429085978836
s0832,lung_upper_lobe_left,0.9903,0.9706793723213385,0.9739180955026455
s0832,lung_upper_lobe_right,0.9761,0.9664138944124805,0.9643755284391532
s0832,pancreas,0.8154,0.7008461849106937,0.7247910873376625
s0832,portal_vein_and_splenic_vein,0.4194,0.7944980338261778,0.7924902084656086
s0832,pulmonary_vein,0.9495,0.9421476376192347,0.8875977468253965
s0832,rib_left_10,0.9667,0.967711577221637,0.967400475396826
s0832,rib_left_11,0.9513,0.9369736755286844,0.8365394591269841
s0832,rib_left_12,0.4905,0.7188418294794082,0.7675092358465606
s0832,rib_left_4,0.9402,0.9145228570872534,0.9381204632756127
s0832,rib_left_5,0.9731,0.9672208692447956,0.9593264010582012
s0832,rib_left_6,0.9766,0.9752273838683738,0.9625301630110632
s0832,rib_left_7,0.9763,0.9626724791404869,0.9616953380952379
s0832,rib_left_8,0.9791,0.9815450648918489,0.9654428002645505
s0832,rib_left_9,0.9747,0.9322160638275214,0.9354457829365083
s0832,rib_right_10,0.0929,0.7658949382455393,0.7508341322751327
s0832,rib_right_11,0.1068,0.676787328572165,0.7332742485449737
s0832,rib_right_12,0.6479,0.6468985487410539,0.5085438417989413
s0832,rib_right_3,0.0,0.7713212218224403,0.7921152179894176
s0832,rib_right_4,0.2859,0.7656254795316185,0.7517466616402113
s0832,rib_right_5,0.2193,0.6586256171413922,0.6898472190476196
s0832,rib_right_6,0.202,0.710627895774198,0.7048008882275135
s0832,rib_right_7,0.257,0.715465975665201,0.7206429325396829
s0832,rib_right_8,0.1798,0.6603594319554812,0.5585069227513226
s0832,rib_right_9,0.0931,0.7659688029849192,0.7302043759259261
s0832,scapula_left,0.9643,0.967493076487694,0.9529622251322752
s0832,scapula_right,0.9661,0.9520657376576364,0.9539886353174599
s0832,spinal_cord,0.9591,0.9518551349115919,0.9154152375661376
s0832,spleen,0.9755,0.9394214936178786,0.9316301455026449
s0832,sternum,0.9569,0.8853923900293447,0.8845685888047131
s0832,stomach,0.9528,0.9254676485091198,0.9131286466931217
s0832,superior_vena_cava,0.9312,0.8780236932860999,0.8598441834656084
s0832,trachea,0.9486,0.9747429831511036,0.904434205555556
s0832,vertebrae_T10,0.9754,0.9802664538210302,0.9629322630952385
s0832,vertebrae_T11,0.9763,0.8926848101763072,0.960130340079365
s0832,vertebrae_T12,0.9819,0.9428244587898575,0.9586647472222218
s0832,vertebrae_T5,0.9189,0.4109165124775077,0.5247293411375659
s0832,vertebrae_T6,0.9512,0.9146465090761022,0.9014399999999997
s0832,vertebrae_T7,0.9526,0.9757549710543614,0.9470762025132273
s0832,vertebrae_T8,0.9825,0.965906199455409,0.944199354761905
s0832,vertebrae_T9,0.9792,0.9683548929080626,0.9499337198412692
s0867,aorta,0.5809,0.7079143468871072,0.861271622486773
s0867,autochthon_left,0.9465,0.9082215563684136,0.9163867791005286
s0867,autochthon_right,0.928,0.9181960133190946,0.9179850350529093
s0867,brachiocephalic_trunk,0.8919,0.8473760124582734,0.8891491743265996
s0867,brachiocephalic_vein_left,0.817,0.8210651295536323,0.8797175624458873
s0867,brachiocephalic_vein_right,0.9312,0.8471932717734523,0.8376367787037033
s0867,brain,0.8853,0.9194034724203825,0.9254665208994715
s0867,clavicula_left,0.9663,0.9215770307122796,0.9229370756613753
s0867,clavicula_right,0.9516,0.9217281004853942,0.9158448620610867
s0867,common_carotid_artery_left,0.9222,0.8741754198098372,0.8618942238095232
s0867,common_carotid_artery_right,0.8883,0.835267622799312,0.8854380571428574
s0867,costal_cartilages,0.7771,0.7300864855522328,0.7327497064814821
s0867,esophagus,0.9117,0.9056749660316816,0.8807174129629631
s0867,lung_lower_lobe_left,0.0912,0.3895855076190806,0.3806098636243387
s0867,lung_upper_lobe_left,0.9455,0.9795691900650044,0.9448193289682542
s0867,lung_upper_lobe_right,0.9552,0.9702042785945001,0.9521665858465604
s0867,rib_left_1,0.8856,0.9287542853913179,0.9320072443121696
s0867,rib_left_2,0.8941,0.7853634807336941,0.7351414634920636
s0867,rib_left_3,0.8358,0.821288058132134,0.875778071296296
s0867,rib_right_1,0.9027,0.943025036927015,0.9443626522486772
s0867,rib_right_2,0.6054,0.7603123109453007,0.6914841238095237
s0867,rib_right_3,0.5494,0.8969007742216071,0.8352510055555555
s0867,rib_right_4,0.0,0.5316440472914149,0.36804903333333333
s0867,scapula_left,0.7927,0.8443293337014787,0.8915768753968257
s0867,scapula_right,0.7486,0.8803438281335986,0.9287328567460317
s0867,skull,0.9227,0.8890354304809548,0.8229665576719578
s0867,spinal_cord,0.9035,0.9309783316689727,0.9304472916666666
s0867,sternum,0.8864,0.9035373249443929,0.8717096297619045
s0867,subclavian_artery_left,0.8946,0.8941762069392928,0.8714561277777777
s0867,subclavian_artery_right,0.8568,0.8931376208579347,0.8893859093915343
s0867,thyroid_gland,0.8991,0.8586791686627506,0.8648941095478595
s0867,trachea,0.9655,0.9891200808567001,0.9260972439153441
s0867,vertebrae_C1,0.9323,0.942626827067442,0.8828703511904761
s0867,vertebrae_C2,0.9689,0.9592851657015763,0.9237110465608458
s0867,vertebrae_C3,0.9551,0.9306647773784777,0.9234043753968257
s0867,vertebrae_C4,0.9473,0.9077283627597639,0.8887217597171345
s0867,vertebrae_C5,0.9309,0.9032810979707254,0.8935674829365076
s0867,vertebrae_C6,0.9128,0.9082642867871588,0.9223871178571431
s0867,vertebrae_C7,0.9289,0.9420666421206754,0.9397840149470897
s0867,vertebrae_T1,0.9679,0.9320017597412812,0.9480112825396831
s0867,vertebrae_T2,0.8141,0.9464203004257378,0.9093999674603166
s0867,vertebrae_T3,0.5749,0.7978159297538256,0.7602234719576718
s0802,adrenal_gland_left,0.8299,0.6386020974011718,0.6525916757936507
s0802,adrenal_gland_right,0.8589,0.7988121312944396,0.7853100588624339
s0802,aorta,0.9657,0.9644691649201855,0.9553117652116405
s0802,atrial_appendage_left,0.8012,0.8270909399362073,0.848629604761905
s0802,autochthon_left,0.9541,0.954299399000342,0.949640299206349
s0802,autochthon_right,0.9539,0.9505675583253416,0.9507471444444445
s0802,brachiocephalic_trunk,0.9109,0.8877950626920245,0.8904914830808084
s0802,brachiocephalic_vein_left,0.9361,0.9045295922977645,0.8966463484126986
s0802,brachiocephalic_vein_right,0.7314,0.873960412161608,0.8853337789682544
s0802,clavicula_left,0.9752,0.9724183518059429,0.9437923833333334
s0802,clavicula_right,0.9626,0.9593212757200323,0.9472743373015872
s0802,common_carotid_artery_left,0.9298,0.893439793858185,0.8817309863756617
s0802,common_carotid_artery_right,0.852,0.6672331239509922,0.8124729242063493
s0802,costal_cartilages,0.8488,0.7886678839794037,0.8059214000000003
s0802,esophagus,0.9145,0.9078632770549542,0.8988089973544974
s0802,heart,0.9284,0.9389928290754894,0.9297406857142854
s0802,humerus_left,0.8603,0.821851119619618,0.8599029773809529
s0802,humerus_right,0.9619,0.8944366180148204,0.9432472214285719
s0802,inferior_vena_cava,0.8884,0.8639032154079971,0.8601130238095237
s0802,kidney_left,0.9526,0.8036358485443977,0.831132855820105
s0802,liver,0.9865,0.9915937495871016,0.9785064966931223
s0802,lung_lower_lobe_left,0.9842,0.9639814608077761,0.971905507010581
s0802,lung_lower_lobe_right,0.9737,0.9668887865059742,0.9606116596560842
s0802,lung_middle_lobe_right,0.9582,0.9663088796442605,0.9633903473544977
s0802,lung_upper_lobe_left,0.9905,0.9835091190796088,0.9873370198412698
s0802,lung_upper_lobe_right,0.98,0.9737735703732344,0.9722911157407403
s0802,portal_vein_and_splenic_vein,0.7988,0.5179185212322804,0.6832851730158729
s0802,pulmonary_vein,0.8787,0.8924846839665203,0.8789051427248681
s0802,rib_left_1,0.9133,0.955806968839907,0.9409053130952384
s0802,rib_left_10,0.7852,0.6239004599609528,0.6199513886243392
s0802,rib_left_11,0.8873,0.8618364553845735,0.7312103630952378
s0802,rib_left_2,0.9731,0.8967742912749262,0.9566144945767193
s0802,rib_left_3,0.9621,0.7470054147890149,0.752102681349207
s0802,rib_left_4,0.9419,0.7329968469809265,0.7007205555555548
s0802,rib_left_5,0.8054,0.6241178159197925,0.5801224853174604
s0802,rib_left_6,0.5583,0.6576548754540404,0.5951042833333329
s0802,rib_left_7,0.5143,0.48379868628121847,0.6307279404761904
s0802,rib_left_8,0.6135,0.6300206680747653,0.602203466269841
s0802,rib_left_9,0.6977,0.6403798965972347,0.5712780162698414
s0802,rib_right_1,0.9402,0.9422509874434908,0.9426880776455028
s0802,rib_right_10,0.9629,0.8486993892130084,0.8887442343915346
s0802,rib_right_11,0.8578,0.8597062109931821,0.7479323073953822
s0802,rib_right_2,0.9724,0.9722212864599883,0.9558067693121696
s0802,rib_right_3,0.9431,0.9490177289039594,0.9579409543650803
s0802,rib_right_4,0.9176,0.9736238525893911,0.962292013492064
s0802,rib_right_5,0.9444,0.9793922109086938,0.9416461621693116
s0802,rib_right_6,0.9495,0.9357644213697395,0.941885043121693
s0802,rib_right_7,0.9862,0.9338184163036268,0.9607356081529582
s0802,rib_right_8,0.9842,0.9733430179239715,0.9547235286556035
s0802,rib_right_9,0.9656,0.9149507853449739,0.9280720904761899
s0802,scapula_left,0.9567,0.9691142306955158,0.9404222749999999
s0802,scapula_right,0.9542,0.9890223429457098,0.949294188756614
s0802,spinal_cord,0.92,0.9255765147379656,0.9322281246031743
s0802,spleen,0.9692,0.964172257339488,0.9562662138888891
s0802,sternum,0.9306,0.9322876077807412,0.9248588357142858
s0802,stomach,0.8752,0.9700675855955582,0.9448720670634917
s0802,subclavian_artery_left,0.9181,0.9134964540327826,0.8932972332251078
s0802,subclavian_artery_right,0.8788,0.912902680370543,0.8959282810846557
s0802,superior_vena_cava,0.9096,0.9134754193550229,0.9286605166666672
s0802,thyroid_gland,0.8549,0.9221618895117957,0.9109051791005297
s0802,trachea,0.97,0.9587694892515602,0.9593691128186634
s0802,vertebrae_C6,0.9439,0.9122016522969348,0.9275830609788359
s0802,vertebrae_C7,0.9665,0.9771302186768164,0.9588214175685431
s0802,vertebrae_T1,0.9793,0.9549777077733852,0.9608678002765753
s0802,vertebrae_T10,0.9823,0.8925463020141484,0.9295709324074081
s0802,vertebrae_T11,0.9444,1.0,0.9520368203703703
s0802,vertebrae_T2,0.9813,0.9673809584029245,0.9626235476190476
s0802,vertebrae_T3,0.9754,0.9729046796988803,0.9597073449735452
s0802,vertebrae_T4,0.9796,0.9853161108649667,0.9473529261904761
s0802,vertebrae_T5,0.9805,0.9286900027688159,0.931617155026455
s0802,vertebrae_T6,0.9864,0.9679610790656916,0.9526696273929771
s0802,vertebrae_T7,0.9815,0.9684478200882021,0.9441990445767195
s0802,vertebrae_T8,0.9829,0.9755236859133888,0.9298010206349206
s0802,vertebrae_T9,0.9803,0.9452754932384254,0.9272212489417991
s0440,adrenal_gland_left,0.9083,0.8772507358951331,0.8355481218253966
s0440,adrenal_gland_right,0.8731,0.8885549191926106,0.8590839539682542
s0440,aorta,0.9783,0.9741688460636173,0.9633044793650796
s0440,atrial_appendage_left,0.8491,0.9001620092756848,0.9169681949735449
s0440,autochthon_left,0.9747,0.9718706108659513,0.9671658580687835
s0440,autochthon_right,0.9717,0.9662749464889954,0.9641616132275135
s0440,brachiocephalic_trunk,0.9088,0.9256617459834792,0.9192860584656084
s0440,brachiocephalic_vein_left,0.9398,0.9229150713438111,0.9199196499999995
s0440,brachiocephalic_vein_right,0.8156,0.8832953094911921,0.8887473840067336
s0440,clavicula_left,0.9854,0.9487763981906486,0.9568042146584895
s0440,clavicula_right,0.9739,0.9349590515252462,0.9408069384920638
s0440,colon,0.9346,0.8476309484003317,0.8643460275132278
s0440,common_carotid_artery_left,0.8919,0.9355379047563764,0.9236450966931213
s0440,common_carotid_artery_right,0.8351,0.926238647531939,0.9049807228835977
s0440,costal_cartilages,0.885,0.8821523884168977,0.8901993257936512
s0440,duodenum,0.9341,0.8216258515699965,0.8299875769841277
s0440,esophagus,0.9553,0.9287214443530708,0.9145625347883595
s0440,femur_left,0.9826,0.99042896667286,0.9799292657407409
s0440,femur_right,0.9863,0.9802475915535516,0.9803841870370366
s0440,gallbladder,0.9582,0.7607464916368883,0.7803937174603175
s0440,gluteus_maximus_left,0.9732,0.9771133669458919,0.9700078837301596
s0440,gluteus_maximus_right,0.9732,0.9772651947663976,0.9689470174603176
s0440,gluteus_medius_left,0.9644,0.9638996444986804,0.9538660567460315
s0440,gluteus_medius_right,0.9557,0.9513458968661432,0.9374242448412705
s0440,gluteus_minimus_left,0.9463,0.9223556805854406,0.9307144013347772
s0440,gluteus_minimus_right,0.9448,0.9504671751047101,0.9321297388888897
s0440,heart,0.9424,0.9476348861847954,0.9373151018518516
s0440,hip_left,0.9822,0.9638467069147547,0.9723984980158732
s0440,hip_right,0.9822,0.9729888804553125,0.9773309783068789
s0440,humerus_left,0.9738,0.9584262877248028,0.9536162873015877
s0440,humerus_right,0.9681,1.0,0.9607100130952375
s0440,iliac_artery_left,0.8648,0.896856195276981,0.9090875889971144
s0440,iliac_artery_right,0.8894,0.9116426460176777,0.9207513409812407
s0440,iliac_vena_left,0.8839,0.9071336008186803,0.9115798809523805
s0440,iliac_vena_right,0.9189,0.9046670012030582,0.887081771957672
s0440,iliopsoas_left,0.9508,0.9629162548766264,0.9597756849206343
s0440,iliopsoas_right,0.9629,0.9655175389270167,0.9592597572751318
s0440,inferior_vena_cava,0.9464,0.9237702271446686,0.926402498015873
s0440,kidney_left,0.9856,0.9628401033074442,0.96633196494709
s0440,kidney_right,0.9833,0.9653850081072064,0.9717624066137565
s0440,liver,0.9879,0.9769614107625619,0.9808992275132279
s0440,lung_lower_lobe_left,0.9932,0.9866579038026456,0.9898248769841274
s0440,lung_lower_lobe_right,0.9938,0.9890209469823945,0.9896178293650796
s0440,lung_middle_lobe_right,0.9761,0.9838607953024899,0.9759392463083207
s0440,lung_upper_lobe_left,0.9936,0.9901741688743694,0.9892368240740742
s0440,lung_upper_lobe_right,0.9861,0.980370004063803,0.9797343944444439
s0440,pancreas,0.9273,0.8640123698338824,0.8752800809523802
s0440,portal_vein_and_splenic_vein,0.8622,0.8562585936473562,0.8954030448412692
s0440,pulmonary_vein,0.9442,0.9195872060133063,0.9297045988095236
s0440,rib_left_1,0.9368,0.9356690035080243,0.9409882485209234
s0440,rib_left_10,0.9761,0.9630403205482957,0.9649337611111112
s0440,rib_left_11,0.9679,0.9556005652699614,0.9499724578042332
s0440,rib_left_12,0.9551,0.8830492703734502,0.925110958333334
s0440,rib_left_2,0.9662,0.9553843388245143,0.9617793345238094
s0440,rib_left_3,0.9601,0.9647567088375034,0.9470440965608469
s0440,rib_left_4,0.9776,0.9554170447800429,0.9595417761904759
s0440,rib_left_5,0.9793,0.9562700142427202,0.9618457781746025
s0440,rib_left_6,0.9692,0.9500706434332153,0.9646555424603173
s0440,rib_left_7,0.9721,0.9549800310173062,0.9645628854497348
s0440,rib_left_8,0.9748,0.9497677114524201,0.9641926760582011
s0440,rib_left_9,0.9755,0.9623363714228791,0.9669586443121692
s0440,rib_right_1,0.9467,0.9313618957712694,0.9363462579365079
s0440,rib_right_10,0.9759,0.9420247417414267,0.9642451294011543
s0440,rib_right_11,0.9603,0.9639503897088865,0.9554694043650801
s0440,rib_right_12,0.9476,0.9428264299644101,0.9167097480158732
s0440,rib_right_2,0.9645,0.9578691501924493,0.9621395928571427
s0440,rib_right_3,0.9672,0.9584290584445074,0.961875469047619
s0440,rib_right_4,0.9626,0.9606715221668433,0.9609585416666672
s0440,rib_right_5,0.9621,0.9605695111932929,0.9649661111111106
s0440,rib_right_6,0.973,0.9459462112968994,0.964694429100529
s0440,rib_right_7,0.984,0.9508340214860791,0.970090630026455
s0440,rib_right_8,0.9745,0.965863182520069,0.9701624260582002
s0440,rib_right_9,0.9733,0.9625367808341857,0.9686129817460312
s0440,sacrum,0.9483,0.9334483096692772,0.8985312808201066
s0440,scapula_left,0.9657,0.9507894162638386,0.9599062369047621
s0440,scapula_right,0.9661,0.9603949169241707,0.9618859993386243
s0440,small_bowel,0.9381,0.9430080544201636,0.9316606329365078
s0440,spinal_cord,0.9408,0.9174798038774651,0.8982254876984118
s0440,spleen,0.9832,0.975533424265451,0.9795798548941794
s0440,sternum,0.9305,0.9130116263063469,0.9309567095238093
s0440,stomach,0.976,0.9576590850092207,0.9195119239417988
s0440,subclavian_artery_left,0.7231,0.9253497383464319,0.9111638059523807
s0440,subclavian_artery_right,0.9188,0.8630507382634827,0.8107892910052918
s0440,superior_vena_cava,0.9444,0.9431806096044822,0.9289630854497348
s0440,thyroid_gland,0.9115,0.831017599856155,0.8605196055555551
s0440,trachea,0.9713,0.967276227158873,0.9666601451058201
s0440,urinary_bladder,0.9477,0.9277765844208736,0.9204539484126989
s0440,vertebrae_C7,0.9499,0.9304060412387296,0.8928732367845119
s0440,vertebrae_L1,0.9884,0.9857766529889761,0.975505162830687
s0440,vertebrae_L2,0.988,0.9774081413295254,0.9712311276455025
s0440,vertebrae_L3,0.9878,0.9781429798141118,0.9806137193121693
s0440,vertebrae_L4,0.9894,0.9808045428577952,0.9751791755291002
s0440,vertebrae_L5,0.9839,0.9816437057032142,0.9633229480158729
s0440,vertebrae_S1,0.9241,0.9068353222030304,0.9064771087301593
s0440,vertebrae_T1,0.9781,0.974129870832096,0.9515094900793652
s0440,vertebrae_T10,0.9843,0.9748467841964011,0.9717841283068782
s0440,vertebrae_T11,0.9868,0.9578909810709417,0.9645889481481483
s0440,vertebrae_T12,0.9868,0.9621076423554685,0.9573402761904763
s0440,vertebrae_T2,0.9793,0.9702114816413979,0.9611811484126982
s0440,vertebrae_T3,0.9756,0.9597308448437571,0.9643516457671966
s0440,vertebrae_T4,0.9778,0.9550082531977373,0.9291432177248674
s0440,vertebrae_T5,0.9727,0.9643520244729097,0.9699622261904758
s0440,vertebrae_T6,0.9749,0.9636196404019283,0.9669606156084652
s0440,vertebrae_T7,0.9836,0.9661755612488487,0.9697120269841266
s0440,vertebrae_T8,0.9833,0.9747770965952909,0.970629981481482
s0440,vertebrae_T9,0.9841,0.9804293663313726,0.9745377747354494
s0470,adrenal_gland_left,0.8631,0.8123201410170848,0.8499861027777772
s0470,adrenal_gland_right,0.8726,0.8548851500316683,0.8487080452380948
s0470,aorta,0.9842,0.9701844109949831,0.9736777859788354
s0470,atrial_appendage_left,0.9413,0.9267409229009061,0.9315428850529103
s0470,autochthon_left,0.9689,0.9531388986349045,0.9472152182539683
s0470,autochthon_right,0.9699,0.9548088622122598,0.9582345570105821
s0470,brachiocephalic_trunk,0.9276,0.9531617637976988,0.8989029925925928
s0470,brachiocephalic_vein_left,0.9178,0.8799516339214652,0.8948528391534389
s0470,brachiocephalic_vein_right,0.9152,0.759011602676746,0.8353703900793652
s0470,clavicula_left,0.9808,0.9645791291301649,0.9516277813492064
s0470,clavicula_right,0.9751,0.9613980294198365,0.9550425305555552
s0470,colon,0.9473,0.926707800104932,0.8458232035714284
s0470,common_carotid_artery_left,0.934,0.8935061531066001,0.8923153334656083
s0470,common_carotid_artery_right,0.9147,0.8951283150309047,0.8954495232804232
s0470,costal_cartilages,0.8871,0.8547200928819808,0.8650605123015873
s0470,duodenum,0.0,0.02475273689728387,0.24929626587301584
s0470,esophagus,0.9276,0.9080085306898175,0.8917018226310724
s0470,gallbladder,0.4641,0.525254360627,0.4325026234126984
s0470,heart,0.9548,0.9503149915888957,0.9404257548941799
s0470,humerus_left,0.9744,0.9540518001440149,0.9634780485449731
s0470,humerus_right,0.9654,0.956629406886763,0.9260801433862429
s0470,iliopsoas_left,0.7866,0.8139287854979241,0.6745621936507934
s0470,iliopsoas_right,0.8345,0.5646991163808577,0.3854152338624341
s0470,inferior_vena_cava,0.8315,0.9252375865197695,0.928082881216931
s0470,kidney_left,0.9831,0.8598808344624894,0.8685632702380951
s0470,kidney_right,0.9818,0.8733978564676952,0.8544541095238094
s0470,liver,0.9709,0.9791254121811231,0.9667139222222226
s0470,lung_lower_lobe_left,0.9944,0.9931776626544353,0.9893719321428567
s0470,lung_lower_lobe_right,0.9948,0.9963287361986403,0.988834082936508
s0470,lung_middle_lobe_right,0.9729,0.9630101030081292,0.9626205496031749
s0470,lung_upper_lobe_left,0.9946,0.9869929046502536,0.9905956817460312
s0470,lung_upper_lobe_right,0.9867,0.9893155284818147,0.9814735719215971
s0470,pancreas,0.888,0.8300793039026344,0.7964856320105829
s0470,portal_vein_and_splenic_vein,0.4171,0.6790765359764881,0.7239574767195766
s0470,pulmonary_vein,0.9303,0.9245564105629336,0.8929541281746028
s0470,rib_left_1,0.8885,0.6992792227635851,0.745524834523809
s0470,rib_left_10,0.9783,0.9176428038022333,0.9604990473544969
s0470,rib_left_11,0.9839,0.9842061929502772,0.9439521083333337
s0470,rib_left_12,0.9827,1.0,0.8957007298941797
s0470,rib_left_2,0.3826,0.6674588750048407,0.7103093810846561
s0470,rib_left_3,0.2384,0.724483372792368,0.7556348964285712
s0470,rib_left_4,0.4047,0.5353559571794577,0.5216755373015871
s0470,rib_left_5,0.6442,0.7709559501749358,0.7484213116402116
s0470,rib_left_6,0.6893,0.7748342418395845,0.6624706138888895
s0470,rib_left_7,0.8449,0.8625507331626471,0.8321234578042322
s0470,rib_left_8,0.9057,0.880398033348035,0.906174242857143
s0470,rib_left_9,0.9813,0.8629788392883387,0.9634463951058208
s0470,rib_right_1,0.8977,0.9500802111585835,0.9050612623015881
s0470,rib_right_10,0.9712,0.843342174244276,0.9510907366402119
s0470,rib_right_11,0.9763,0.8977912391465577,0.9313350750000008
s0470,rib_right_12,0.9768,1.0,0.9237048187830688
s0470,rib_right_2,0.947,0.9666126132629603,0.9654166829365081
s0470,rib_right_3,0.9729,0.9702411054896873,0.9686858551587297
s0470,rib_right_4,0.9801,0.9499290071840257,0.9669409158730158
s0470,rib_right_5,0.9737,0.9108752333841299,0.9646397926406922
s0470,rib_right_6,0.968,0.9134651741129007,0.9636245531746038
s0470,rib_right_7,0.8699,0.6476228314733442,0.656464188359788
s0470,rib_right_8,0.8253,0.859289484668261,0.8181771523809519
s0470,rib_right_9,0.9127,0.9578393529333097,0.9621239718253972
s0470,scapula_left,0.968,0.9770364288595865,0.9556509264550266
s0470,scapula_right,0.9695,0.9772219931559756,0.9524061671957678
s0470,small_bowel,0.8284,0.7038951348657776,0.7218772711640212
s0470,spinal_cord,0.9504,0.9281678683830897,0.9368358384920638
s0470,spleen,0.9833,0.9393555813710726,0.9525948940476199
s0470,sternum,0.929,0.9476977054372068,0.9260390567460318
s0470,stomach,0.9502,0.932617619047027,0.9384014198412702
s0470,subclavian_artery_left,0.9513,0.927323085756729,0.9221648693121693
s0470,subclavian_artery_right,0.9507,0.8948880940547478,0.901384093650794
s0470,superior_vena_cava,0.9475,0.8889781836133358,0.9051202125180373
s0470,thyroid_gland,0.9374,0.9076182474171688,0.9148429211640208
s0470,trachea,0.9702,0.9501253966308482,0.9587154235449731
s0470,vertebrae_C7,0.898,0.8857218860372811,0.8912212974146225
s0470,vertebrae_L1,0.9892,0.9849868392060601,0.9760437457671954
s0470,vertebrae_L2,0.9843,0.7997653716426752,0.9130949440476197
s0470,vertebrae_T1,0.8531,0.7892938646434258,0.7116099515873014
s0470,vertebrae_T10,0.9871,0.960714396471721,0.9671698935185187
s0470,vertebrae_T11,0.989,0.9518575505614483,0.9599401873015876
s0470,vertebrae_T12,0.9883,0.9446716814101312,0.9650913867243864
s0470,vertebrae_T2,0.8566,0.6738384547676138,0.7504304497354494
s0470,vertebrae_T3,0.7201,0.5824350070340023,0.6349629396825399
s0470,vertebrae_T4,0.5235,0.48855321145358027,0.6152845920634916
s0470,vertebrae_T5,0.4815,0.4959737340441148,0.5321651837301585
s0470,vertebrae_T6,0.485,0.5558071647676057,0.5333439437830689
s0470,vertebrae_T7,0.6705,0.7382630598662162,0.9156645457671954
s0470,vertebrae_T8,0.9372,0.9624158138451975,0.9743154010582012
s0470,vertebrae_T9,0.9888,0.9598125148568443,0.9710222984126993
s1096,adrenal_gland_left,0.8155,0.778105483705524,0.7251444791005289
s1096,adrenal_gland_right,0.5663,0.3412805652407843,0.4381144755291005
s1096,aorta,0.9389,0.8839632807152448,0.8444859187830689
s1096,atrial_appendage_left,0.7523,0.6427092833888248,0.7243922822751324
s1096,autochthon_left,0.9088,0.9127154580175403,0.9307522870370364
s1096,autochthon_right,0.8567,0.9124131364353969,0.9314844272486761
s1096,colon,0.6879,0.737795953332097,0.6798657263227509
s1096,costal_cartilages,0.4233,0.8268509358363794,0.8328545624338624
s1096,esophagus,0.8096,0.8741798098791689,0.8627863507936505
s1096,gallbladder,0.182,0.4894055576265055,0.4081438955026456
s1096,heart,0.7888,0.9845968568378297,0.9713600574074074
s1096,humerus_left,0.4153,0.8023414972109015,0.8059641162698414
s1096,inferior_vena_cava,0.8532,0.9172477771282079,0.926210216137566
s1096,kidney_left,0.9661,0.6916233795308111,0.6449176047619049
s1096,liver,0.9816,0.9520617274969745,0.9687299859788354
s1096,lung_lower_lobe_left,0.9056,0.9817577959868614,0.9688406530423284
s1096,lung_lower_lobe_right,0.9734,0.8931525158518341,0.9020289075396821
s1096,lung_middle_lobe_right,0.9118,0.9731197957387869,0.9498479732804233
s1096,lung_upper_lobe_left,0.4776,0.9097591071932466,0.8868641186507934
s1096,lung_upper_lobe_right,0.7846,0.9460198089409638,0.9011218321428576
s1096,portal_vein_and_splenic_vein,0.6628,0.7425788898682271,0.7803393533068776
s1096,pulmonary_vein,0.7384,0.7492297757182169,0.7402316734126985
s1096,rib_left_10,0.9765,0.954079196952181,0.9526640518518519
s1096,rib_left_11,0.9664,0.911520527208348,0.9512727420634917
s1096,rib_left_12,0.8182,0.7701370085538655,0.7009665332010576
s1096,rib_left_3,0.8227,0.9525829036358294,0.9332938698532959
s1096,rib_left_4,0.8942,0.9252475964844401,0.9305816435185189
s1096,rib_left_5,0.8868,0.8870290732723478,0.9210676154761904
s1096,rib_left_6,0.9333,0.9785663150173419,0.9308998739417984
s1096,rib_left_7,0.9738,0.9642213472997921,0.9602058706349212
s1096,rib_left_8,0.8867,0.7294665948871479,0.736188926719577
s1096,rib_left_9,0.9623,0.9472315023296978,0.9550203071428571
s1096,rib_right_10,0.9688,0.9579527535983564,0.9503430016585263
s1096,rib_right_11,0.9744,0.9164207810206956,0.9433387824074078
s1096,rib_right_3,0.0323,0.6555984694533836,0.6722692587301586
s1096,rib_right_4,0.4476,0.5973746984162255,0.669637865740741
s1096,rib_right_5,0.7249,0.7906522581859121,0.7068227015873016
s1096,rib_right_6,0.6571,0.944926620924949,0.9337110009259264
s1096,rib_right_7,0.8275,0.8198490309881797,0.7151032888888887
s1096,rib_right_8,0.9101,0.7557850979815288,0.7639882563492061
s1096,rib_right_9,0.9512,0.9628382528215718,0.9567585531746031
s1096,scapula_left,0.7955,0.7288665994136296,0.6404585531746033
s1096,scapula_right,0.9514,0.9070757107685985,0.920325798280423
s1096,spinal_cord,0.9493,0.8119734728733309,0.7416977099206351
s1096,spleen,0.9588,0.9098655140404903,0.948017821296297
s1096,sternum,0.7676,0.9360076563766152,0.9213916920634925
s1096,stomach,0.9064,0.9268027609383817,0.9331014437830683
s1096,superior_vena_cava,0.8871,0.7188774935863576,0.7583113031746032
s1096,trachea,0.0,0.14443634564105753,0.31824594206349205
s1096,vertebrae_L1,0.653,0.7388485665311093,0.6720945806878305
s1096,vertebrae_T10,0.9369,0.8972089433328267,0.9404869507936502
s1096,vertebrae_T11,0.9524,0.9788114077145179,0.9666977884920631
s1096,vertebrae_T12,0.9524,0.9588179618666189,0.9625439023809526
s1096,vertebrae_T6,0.0,0.9179723688240361,0.7467233171957669
s1096,vertebrae_T7,0.6789,0.7197042758358939,0.754714997198172
s1096,vertebrae_T8,0.8341,0.7955299199304939,0.8824215507936505
s1096,vertebrae_T9,0.9054,0.9077059795557929,0.9228310675925923
s1426,adrenal_gland_left,0.9523,0.7429158051499888,0.8017086121693121
s1426,adrenal_gland_right,0.9288,0.9093126228309034,0.8666150439153442
s1426,aorta,0.9736,0.9468893563483373,0.9438586214285711
s1426,autochthon_left,0.9756,0.9807288013748707,0.9652094043650786
s1426,autochthon_right,0.9761,0.9770528510650097,0.9639025460317462
s1426,colon,0.8913,0.8401537820121764,0.8755466404761902
s1426,costal_cartilages,0.8698,0.9005159191953831,0.887161273015873
s1426,duodenum,0.8933,0.9317377859234087,0.9155542034992783
s1426,esophagus,0.9485,0.9609932172104122,0.9072385609788355
s1426,gallbladder,0.9452,0.8071508857283753,0.8465827419312166
s1426,heart,0.8414,0.9081363070352377,0.8207377095238093
s1426,hip_left,0.9749,0.893328604306795,0.9128159127104374
s1426,hip_right,0.9819,0.9133219209490778,0.9241120826719572
s1426,iliopsoas_left,0.9715,0.9488520440152197,0.9369687917989418
s1426,iliopsoas_right,0.9713,0.9490493323227961,0.9528687949735448
s1426,inferior_vena_cava,0.9409,0.8789036619485127,0.9285913886243385
s1426,kidney_left,0.9849,0.9494486122537726,0.952712671031746
s1426,kidney_right,0.9822,0.9240566780226392,0.9302787625661381
s1426,liver,0.9892,0.9771181655594631,0.9723975813492065
s1426,lung_lower_lobe_left,0.9292,0.8940564486738041,0.8970830976190475
s1426,lung_lower_lobe_right,0.9471,0.8888754002725944,0.8764899952380951
s1426,lung_middle_lobe_right,0.9302,0.9290184251156978,0.9594152800264556
s1426,lung_upper_lobe_left,0.558,0.8691276838691615,0.9400756968253968
s1426,pancreas,0.935,0.9295488720354307,0.9153931972222226
s1426,portal_vein_and_splenic_vein,0.826,0.8769781355570458,0.8770291988095241
s1426,rib_left_10,0.9737,0.9454318888096638,0.9486969428571437
s1426,rib_left_11,0.9658,0.932301362776102,0.8236667851611351
s1426,rib_left_12,0.959,0.9109534619194221,0.8835133927248683
s1426,rib_left_6,0.9309,0.8777080209325662,0.8272088134920633
s1426,rib_left_7,0.9648,0.8806403532373589,0.8829034332010584
s1426,rib_left_8,0.9728,0.9355212363245832,0.9396838230158733
s1426,rib_left_9,0.978,0.9429399862577127,0.9609366309523811
s1426,rib_right_10,0.9732,0.9590934875789247,0.96196583015873
s1426,rib_right_11,0.9718,0.8889853139900079,0.8845888928571431
s1426,rib_right_12,0.9584,0.901621627283339,0.8930153523809528
s1426,rib_right_6,0.957,0.8908294639199762,0.9161760941798942
s1426,rib_right_7,0.9556,0.9407354966384455,0.9343804510582006
s1426,rib_right_8,0.9669,0.9413554201207955,0.9455375124338623
s1426,rib_right_9,0.9687,0.9408690965681373,0.9558238666666671
s1426,small_bowel,0.9165,0.944396191799768,0.9202205636243385
s1426,spinal_cord,0.965,0.9534989906111433,0.9239605095238096
s1426,spleen,0.9877,0.9601231828747637,0.9661511998797494
s1426,sternum,0.6746,0.6833940574046562,0.7096164818181816
s1426,stomach,0.9575,0.9485843289442271,0.9438430690476189
s1426,vertebrae_L1,0.9862,0.9712725948574525,0.9755375497354503
s1426,vertebrae_L2,0.9815,0.9717618669111964,0.9748076838624344
s1426,vertebrae_L3,0.9833,0.9610808540966364,0.9681642701058198
s1426,vertebrae_L4,0.9687,0.9716840084238698,0.9710397060365549
s1426,vertebrae_L5,0.8296,0.8887606742813134,0.844248303835979
s1426,vertebrae_T10,0.9416,0.9471806187254225,0.8682962630952377
s1426,vertebrae_T11,0.9801,0.9879737364771406,0.9720753059523806
s1426,vertebrae_T12,0.9826,0.9753651454918041,0.9744505671957675
s1426,vertebrae_T9,0.9561,0.9828202671049986,0.8553385112433868
s1053,autochthon_left,0.7171,0.273700395256597,0.39435713492063484
s1053,autochthon_right,0.6556,0.4141084926684967,0.5943060400793649
s1053,colon,0.8275,0.8666166636294387,0.6743942952380951
s1053,femur_left,0.9633,0.9620483244760529,0.9460936456349208
s1053,femur_right,0.0,0.27793235496505736,0.4382966666666665
s1053,gluteus_maximus_left,0.9085,0.9228265150591182,0.9258226869047625
s1053,gluteus_maximus_right,0.8769,0.8864782114847638,0.8277428845238104
s1053,gluteus_medius_left,0.9031,0.8868795876787016,0.9148429607142858
s1053,gluteus_minimus_left,0.8708,0.8521281233558119,0.9031322194444448
s1053,hip_left,0.9694,0.9740422134124787,0.959821469817219
s1053,hip_right,0.9658,0.8899065084283481,0.87507859047619
s1053,iliac_artery_left,0.6551,0.7341888163005937,0.6683548644179893
s1053,iliac_vena_left,0.7417,0.9156865608234721,0.9315963906806157
s1053,iliopsoas_left,0.8929,0.9314519986798012,0.931268182142857
s1053,sacrum,0.9102,0.9742252719940808,0.9282345053317046
s1053,small_bowel,0.6297,0.9120674842690855,0.9330146126984125
s1053,urinary_bladder,0.8475,0.9031170526832772,0.873567650264551
s0045,adrenal_gland_left,0.8392,0.8893582816917998,0.882577590343915
s0045,adrenal_gland_right,0.9416,0.8330437087287734,0.8688510468253969
s0045,aorta,0.9466,0.8994464623241555,0.8760348384920629
s0045,autochthon_left,0.9792,0.9679981109608908,0.9730510075396824
s0045,autochthon_right,0.9734,0.9734207501994705,0.9729172547619044
s0045,colon,0.945,0.9241349067435579,0.9146935705026451
s0045,costal_cartilages,0.9239,0.9230131768326582,0.8935625435185185
s0045,duodenum,0.841,0.8676365283743824,0.8704468105820101
s0045,esophagus,0.9496,0.8976971814628129,0.9249646666666672
s0045,femur_left,0.9851,0.9751891753417683,0.9827220021164017
s0045,femur_right,0.987,0.973830746108219,0.9835617345238096
s0045,gallbladder,0.9028,0.9150932052345714,0.8825722550264553
s0045,gluteus_maximus_left,0.9745,0.9803391992962274,0.9664975158730158
s0045,gluteus_maximus_right,0.979,0.9764132086622719,0.9732493203703698
s0045,gluteus_medius_left,0.97,0.9789716860163531,0.9662835414021168
s0045,gluteus_medius_right,0.9725,0.9652033108542107,0.9656386470899476
s0045,gluteus_minimus_left,0.9534,0.9375829800203487,0.9360913396825398
s0045,gluteus_minimus_right,0.9571,0.9364098346433836,0.9409641059523803
s0045,heart,0.9429,0.9247634246697657,0.9251521912698416
s0045,hip_left,0.9857,0.9756738709198325,0.9739566788359787
s0045,hip_right,0.9845,0.982632679916607,0.9819075039682537
s0045,iliac_artery_left,0.929,0.9253306325130877,0.9009294900793651
s0045,iliac_artery_right,0.9244,0.9375692407278843,0.9245259099206357
s0045,iliac_vena_left,0.9157,0.8780146990812123,0.9041690642857145
s0045,iliac_vena_right,0.8984,0.8852202097650008,0.8867041711640208
s0045,iliopsoas_left,0.9648,0.9639817922060149,0.9576946461640207
s0045,iliopsoas_right,0.9714,0.9596203947198093,0.964617737566137
s0045,inferior_vena_cava,0.9256,0.8851246029868282,0.8894127158730157
s0045,kidney_left,0.9855,0.9697774205241381,0.9717947449735448
s0045,kidney_right,0.9875,0.9699725054188076,0.9640123333333341
s0045,liver,0.9862,0.9708897608544955,0.9815424415103419
s0045,lung_lower_lobe_left,0.9908,0.9769639568072743,0.9858861968253967
s0045,lung_lower_lobe_right,0.9936,0.9798729778878634,0.986900956084656
s0045,lung_middle_lobe_right,0.9906,0.9972276585419347,0.9711679522366523
s0045,lung_upper_lobe_left,0.9833,0.9674800203236528,0.9605170588624353
s0045,lung_upper_lobe_right,0.0,0.48073025864353897,0.2804021121693121
s0045,pancreas,0.9262,0.8873519407234922,0.8640957489417982
s0045,portal_vein_and_splenic_vein,0.8162,0.8159518017734805,0.8564586190476187
s0045,prostate,0.8923,0.8483453500181545,0.8136730591269838
s0045,pulmonary_vein,0.9129,0.8988212734141581,0.9231264018518514
s0045,rib_left_10,0.9672,0.9691873384272252,0.970650506349207
s0045,rib_left_11,0.9701,0.9621842737939365,0.966732608333333
s0045,rib_left_12,0.878,0.916618854983299,0.92325567936508
s0045,rib_left_5,0.9534,0.840313482322824,0.8555145895502644
s0045,rib_left_6,0.9644,0.9405861702777693,0.9467263111111115
s0045,rib_left_7,0.966,0.9710639133877672,0.9573532199735454
s0045,rib_left_8,0.9691,0.9930731025529497,0.9712374404761906
s0045,rib_left_9,0.9771,0.9956911464094307,0.9671731194444444
s0045,rib_right_10,0.9721,0.9735083776623868,0.9700917526455025
s0045,rib_right_11,0.9692,0.9702962679654894,0.9640111433862434
s0045,rib_right_12,0.9548,0.9160569771615735,0.9323401417989423
s0045,rib_right_5,0.8914,0.9098623516570394,0.8812310015873015
s0045,rib_right_6,0.9733,0.9054755123371625,0.9337630298941804
s0045,rib_right_7,0.9669,0.9722884824517721,0.961921447222223
s0045,rib_right_8,0.9822,0.9850477463826958,0.9694040612313624
s0045,rib_right_9,0.9717,0.9596147934666933,0.9706280142857143
s0045,sacrum,0.9501,0.9338630089775194,0.9260834408730164
s0045,small_bowel,0.9414,0.9280330203696141,0.9173437604497352
s0045,spinal_cord,0.9613,0.9648753237477677,0.9503509460317457
s0045,spleen,0.9878,0.9802347925421031,0.9717451892857148
s0045,sternum,0.8777,0.8631069332073408,0.7935274679894175
s0045,stomach,0.966,0.96350529659478,0.9414967099206355
s0045,urinary_bladder,0.9424,0.9269342144574234,0.9104201591269848
s0045,vertebrae_L1,0.9885,0.9712426756523401,0.982891258333334
s0045,vertebrae_L2,0.9876,0.9801613371782395,0.9829742190476191
s0045,vertebrae_L3,0.9884,0.9820992785713677,0.9822264957671956
s0045,vertebrae_L4,0.9874,0.9651646618007687,0.9829843816137563
s0045,vertebrae_L5,0.9875,0.9686177301975168,0.9814463714285708
s0045,vertebrae_S1,0.9503,0.9750438211916921,0.9587409395502646
s0045,vertebrae_T10,0.9839,0.9817890108796553,0.9827828908730147
s0045,vertebrae_T11,0.9872,0.985485220713558,0.9815957198412694
s0045,vertebrae_T12,0.9903,0.9866137566109389,0.9818735599206351
s0045,vertebrae_T9,0.9574,0.9435244660042046,0.9304671173280421
s0687,adrenal_gland_left,0.8662,0.7308839237229675,0.7692957146825399
s0687,adrenal_gland_right,0.833,0.9130163278197967,0.8123301357142854
s0687,aorta,0.9796,0.97880425469521,0.9666833603174607
s0687,atrial_appendage_left,0.9397,0.9350272328835206,0.9109252198412698
s0687,autochthon_left,0.9705,0.9678094516108241,0.9674908464285717
s0687,autochthon_right,0.9695,0.9706861168794992,0.9680095535714287
s0687,brachiocephalic_trunk,0.9133,0.9615548656176802,0.9194984318783069
s0687,brachiocephalic_vein_left,0.8581,0.888421799797233,0.8912483452380953
s0687,brachiocephalic_vein_right,0.5772,0.8869695773587765,0.9009949202380955
s0687,clavicula_left,0.964,0.9452927457565438,0.9578036705026455
s0687,clavicula_right,0.9752,0.9520498052707426,0.9607381305555551
s0687,colon,0.8905,0.9335529782798572,0.9386152398148152
s0687,common_carotid_artery_left,0.937,0.89417286890429,0.9157473091269842
s0687,common_carotid_artery_right,0.9457,0.9048366849254179,0.8960265728835977
s0687,costal_cartilages,0.8905,0.8916330865716465,0.8928081494708991
s0687,duodenum,0.8047,0.8403204398309576,0.8112858419312163
s0687,esophagus,0.9031,0.9092263610915974,0.9088452120370368
s0687,femur_left,0.9848,0.9883503329301089,0.97993048015873
s0687,femur_right,0.9856,0.9815529907162569,0.9821930156084647
s0687,gluteus_maximus_left,0.9776,0.9833411031694562,0.9598927968253963
s0687,gluteus_maximus_right,0.9773,0.9739809366853531,0.9609332998677244
s0687,gluteus_medius_left,0.9662,0.9653173433860139,0.9529462863756614
s0687,gluteus_medius_right,0.9689,0.9625613104041044,0.9633948896825405
s0687,gluteus_minimus_left,0.9468,0.9441132638499355,0.9349808250000002
s0687,gluteus_minimus_right,0.9514,0.9540551326153668,0.9408623339947093
s0687,heart,0.9507,0.9588125303335279,0.942110830555556
s0687,hip_left,0.9815,0.9596258308987179,0.9806299884920636
s0687,hip_right,0.983,0.9611000770007395,0.9801967888888891
s0687,humerus_left,0.9753,0.9325604832846472,0.9565185329365081
s0687,humerus_right,0.9786,0.974454926169031,0.9542097007936508
s0687,iliac_artery_left,0.9437,0.8627707788082567,0.8345400932539677
s0687,iliac_artery_right,0.9614,0.9248612461067656,0.9320870677248679
s0687,iliac_vena_left,0.8991,0.8921966506567277,0.9042659285714283
s0687,iliac_vena_right,0.8722,0.8952686253666625,0.911926131216931
s0687,iliopsoas_left,0.9572,0.9738939136936818,0.9603054883477631
s0687,iliopsoas_right,0.9509,0.9778959479512229,0.962524462301588
s0687,inferior_vena_cava,0.9129,0.9389235062589998,0.9376055035714287
s0687,kidney_left,0.9791,0.9793662684079754,0.9741800810846563
s0687,kidney_right,0.9807,0.9763731583930405,0.9790838555555562
s0687,liver,0.9794,0.9902732806516356,0.9817584349206345
s0687,lung_lower_lobe_left,0.9591,0.9816814288101697,0.9783377972222218
s0687,lung_lower_lobe_right,0.9815,0.9824563597745402,0.9909408584656088
s0687,lung_middle_lobe_right,0.9141,0.9656066545106216,0.9538271646825394
s0687,lung_upper_lobe_left,0.9769,0.9891710024000356,0.9902487370268623
s0687,lung_upper_lobe_right,0.9744,0.9682540466734867,0.9781433337301572
s0687,pancreas,0.8485,0.9201663810277281,0.9076622925925932
s0687,portal_vein_and_splenic_vein,0.8713,0.8950891070438171,0.9025566481481487
s0687,prostate,0.0,0.05474982421142888,0.15386570079365075
s0687,pulmonary_vein,0.9306,0.9269891040547115,0.9105146326719582
s0687,rib_left_1,0.9418,0.9210371995097876,0.9010351616402119
s0687,rib_left_10,0.9844,0.9597983320683516,0.9666534515873015
s0687,rib_left_11,0.9676,0.9769698914576394,0.9603308579365082
s0687,rib_left_12,0.9611,1.0,0.9564845018518514
s0687,rib_left_2,0.9777,0.9611081367549145,0.952813613217339
s0687,rib_left_3,0.9657,0.969460010015235,0.9578224973544969
s0687,rib_left_4,0.9778,0.973880727375108,0.9613057350529095
s0687,rib_left_5,0.9794,0.9725364860511702,0.9683119838624334
s0687,rib_left_6,0.9775,0.9560850490056979,0.9675659776455026
s0687,rib_left_7,0.9797,0.9691699808066604,0.966981729232805
s0687,rib_left_8,0.9263,0.6696851272235643,0.6415404579365084
s0687,rib_left_9,0.9116,0.9430649894913165,0.9231035129629621
s0687,rib_right_1,0.9484,0.9357734494701971,0.9306175547619046
s0687,rib_right_10,0.9619,0.9662615387863817,0.9580657625661375
s0687,rib_right_11,0.9787,0.97602020522381,0.9545736876984133
s0687,rib_right_12,0.9648,0.9946535338984492,0.9565783431216928
s0687,rib_right_2,0.972,0.9588570186108428,0.9495303010582005
s0687,rib_right_3,0.9724,0.9654172928319513,0.9574571600529102
s0687,rib_right_4,0.9666,0.9637376242904218,0.9639711693121704
s0687,rib_right_5,0.9627,0.955527347776731,0.9667552794973542
s0687,rib_right_6,0.9819,0.9629931260644181,0.9672434141534396
s0687,rib_right_7,0.9795,0.9810875129934284,0.9703433595238103
s0687,rib_right_8,0.9123,0.7234524119963713,0.7350586465608464
s0687,rib_right_9,0.9007,0.9757595329807961,0.9129765888888892
s0687,sacrum,0.9563,0.9201191333359698,0.9411122407407405
s0687,scapula_left,0.9599,0.9181975005133964,0.9449406149711399
s0687,scapula_right,0.9616,0.9729222030196774,0.9611837850649345
s0687,small_bowel,0.7666,0.9138454958937486,0.9173508332611833
s0687,spinal_cord,0.9366,0.9477588900580601,0.947529616666666
s0687,spleen,0.9803,0.9878102030188363,0.9806263109788363
s0687,sternum,0.9482,0.9190892376661646,0.9363665813492064
s0687,stomach,0.9002,0.9480906005469907,0.9553442700937955
s0687,subclavian_artery_left,0.9035,0.908858505789906,0.9238418336219335
s0687,subclavian_artery_right,0.9433,0.902099943243456,0.9060456171957677
s0687,superior_vena_cava,0.897,0.9328277699265742,0.9344807051587296
s0687,thyroid_gland,0.924,0.9497538362817187,0.9140360162698412
s0687,trachea,0.9743,0.9711013827750222,0.9589514677128428
s0687,urinary_bladder,0.9429,0.9768965133084853,0.9386075309523803
s0687,vertebrae_C6,0.9063,0.7873454253153573,0.8902798042328041
s0687,vertebrae_C7,0.9315,0.8408001960743203,0.8315977447089942
s0687,vertebrae_L1,0.9873,0.9891795410632512,0.9848444041005285
s0687,vertebrae_L2,0.9884,0.9827591726216638,0.9847427334535825
s0687,vertebrae_L3,0.9894,0.980339934076087,0.9850470566137571
s0687,vertebrae_L4,0.987,0.9856638297433438,0.9837968600529098
s0687,vertebrae_L5,0.9819,0.9715053244882704,0.9844403718253973
s0687,vertebrae_S1,0.9331,0.8720223009572251,0.879921230952381
s0687,vertebrae_T1,0.9387,0.8697634431765991,0.8614779920634915
s0687,vertebrae_T10,0.226,0.6710848285781904,0.6921187503968248
s0687,vertebrae_T11,0.9016,0.9730300044458888,0.9775013444444445
s0687,vertebrae_T12,0.9833,0.9778241431923851,0.9738485313492065
s0687,vertebrae_T2,0.9553,0.9773927100827899,0.9624213773809527
s0687,vertebrae_T3,0.9771,0.9354545980364115,0.921181426322752
s0687,vertebrae_T4,0.8885,0.9184862255273419,0.9350351560846567
s0687,vertebrae_T5,0.5332,0.8538312662628442,0.8339817126984121
s0687,vertebrae_T6,0.2539,0.6436503959965488,0.6806412600529098
s0687,vertebrae_T7,0.1462,0.9384466470541346,0.9485980120490622
s0687,vertebrae_T8,0.1908,0.8661370681124144,0.7934190765873006
s0687,vertebrae_T9,0.2824,0.8130248096775319,0.8982349908730165
s0561,adrenal_gland_left,0.9095,0.8264603918742128,0.8180074686507937
s0561,adrenal_gland_right,0.9105,0.9034070334751959,0.866742296693122
s0561,aorta,0.9823,0.9677690421737799,0.9745950044973538
s0561,atrial_appendage_left,0.94,0.927681751666451,0.9118150140211645
s0561,autochthon_left,0.97,0.9744374519723317,0.9624242514550254
s0561,autochthon_right,0.9722,0.9234676557079503,0.9567542291005295
s0561,brachiocephalic_trunk,0.9692,0.9002316365635789,0.9184418945767198
s0561,brachiocephalic_vein_left,0.9718,0.9132849856328313,0.9186569980158731
s0561,brachiocephalic_vein_right,0.9266,0.9173075573299324,0.8998025476190474
s0561,clavicula_left,0.9732,0.9183827960700763,0.9280208350649353
s0561,clavicula_right,0.9618,0.9185064368452769,0.9302445100529102
s0561,colon,0.9191,0.8974498617262394,0.9072474705026453
s0561,common_carotid_artery_left,0.9674,0.9268070128542513,0.923176912433862
s0561,common_carotid_artery_right,0.9464,0.9060467544601626,0.9007675654761903
s0561,costal_cartilages,0.8969,0.9024719468949475,0.882700923412699
s0561,duodenum,0.8633,0.8648662468507544,0.8693568732804227
s0561,esophagus,0.9508,0.9092896843753548,0.9232823804232805
s0561,femur_left,0.9773,0.9526903625850892,0.9731827849206348
s0561,femur_right,0.9719,0.9646516593651366,0.978305788492063
s0561,gallbladder,0.9683,0.8884899612155029,0.8653820981481486
s0561,gluteus_maximus_left,0.9722,0.9777962971788134,0.9587047654761908
s0561,gluteus_maximus_right,0.9626,0.9466225013188823,0.9478692892857148
s0561,gluteus_medius_left,0.9649,0.9410050683910783,0.9450493839947088
s0561,gluteus_medius_right,0.9611,0.9555527975168333,0.960367232539683
s0561,gluteus_minimus_left,0.9539,0.9498204872301111,0.9348389423280418
s0561,gluteus_minimus_right,0.9314,0.9190669664932997,0.9388086257936504
s0561,heart,0.9306,0.9424165605698949,0.9329541997354505
s0561,hip_left,0.9802,0.9738273585136331,0.9802340623015866
s0561,hip_right,0.979,0.9752704039382326,0.9782305916666663
s0561,humerus_left,0.7934,0.7828490942717012,0.8551605452380945
s0561,humerus_right,0.8118,0.8706585741140852,0.8711180171957666
s0561,iliac_artery_left,0.9181,0.9549173061420224,0.9426848748677249
s0561,iliac_artery_right,0.933,0.9425005977429289,0.9280340582010584
s0561,iliac_vena_left,0.9208,0.9031772294613319,0.9038879883597878
s0561,iliac_vena_right,0.9025,0.8616867906127835,0.8814655152116404
s0561,iliopsoas_left,0.9654,0.9670415812568647,0.9610106809523815
s0561,iliopsoas_right,0.9619,0.967937125896095,0.9619510116161609
s0561,inferior_vena_cava,0.9581,0.9201036388237424,0.924068439009139
s0561,kidney_cyst_right,0.0,0.08392684639497044,0.2507182579365079
s0561,kidney_left,0.9776,0.9717244383984459,0.9733996549543051
s0561,kidney_right,0.9367,0.9595332385903577,0.9664697260582011
s0561,liver,0.9904,0.9842629297901127,0.981875363756613
s0561,lung_lower_lobe_left,0.9893,0.9908776968498317,0.9898145116402115
s0561,lung_lower_lobe_right,0.9927,0.9931281439641678,0.9913765419312163
s0561,lung_middle_lobe_right,0.9799,0.9694151840021785,0.9751486572871572
s0561,lung_upper_lobe_left,0.9811,0.9812804054235521,0.99077846504329
s0561,lung_upper_lobe_right,0.982,0.9688723218212643,0.9610186342712836
s0561,pancreas,0.931,0.8957999373902577,0.9107875744708995
s0561,portal_vein_and_splenic_vein,0.8683,0.8918184002787702,0.8832545101851847
s0561,prostate,0.581,0.7988932671428411,0.8311717715007211
s0561,pulmonary_vein,0.9415,0.9082999285101665,0.9135685670634918
s0561,rib_left_1,0.9426,0.8899066093139032,0.9270986383597876
s0561,rib_left_10,0.9496,0.9605001592957394,0.9348934712962961
s0561,rib_left_11,0.9632,0.9587768482708111,0.9245038108465604
s0561,rib_left_12,0.9454,0.9136435456656598,0.9091675916666672
s0561,rib_left_2,0.9551,0.9167854259204702,0.8941392576719576
s0561,rib_left_3,0.9373,0.9239404982946073,0.8942471969576722
s0561,rib_left_4,0.9603,0.9367338118968803,0.938019990476191
s0561,rib_left_5,0.9573,0.9477567670276864,0.9461630333333336
s0561,rib_left_6,0.966,0.9447313065314666,0.9561690412698414
s0561,rib_left_7,0.9776,0.9513585932800044,0.9413364369047611
s0561,rib_left_8,0.9713,0.9384267202053365,0.941178683730158
s0561,rib_left_9,0.9681,0.9513913778297807,0.9546502305555548
s0561,rib_right_1,0.9459,0.8909568995382466,0.9256697048100051
s0561,rib_right_10,0.9417,0.9300208739613577,0.9236761523809526
s0561,rib_right_11,0.9513,0.9553665843601395,0.9097420916666666
s0561,rib_right_12,0.9309,0.8800757569933773,0.8915253038961043
s0561,rib_right_2,0.9628,0.949211599980168,0.8952304775132269
s0561,rib_right_3,0.9669,0.9066903781994624,0.8932385162698413
s0561,rib_right_4,0.9585,0.9332366845245484,0.8997770677248679
s0561,rib_right_5,0.9681,0.9324882798910074,0.9481305342352095
s0561,rib_right_6,0.9699,0.9565009988134539,0.9571425363756615
s0561,rib_right_7,0.972,0.9589898235016585,0.9563756701058201
s0561,rib_right_8,0.9703,0.9531051368672798,0.9566122764041516
s0561,rib_right_9,0.9706,0.9505005469722316,0.9547082876984124
s0561,sacrum,0.9347,0.8648389950427476,0.9103591600529097
s0561,scapula_left,0.9635,0.9740453639758501,0.9519678337301586
s0561,scapula_right,0.9628,0.9667132388739973,0.9523839353174609
s0561,skull,0.8054,0.8843816213473121,0.6016665543650793
s0561,small_bowel,0.9215,0.9176111952262215,0.880843953968254
s0561,spinal_cord,0.9281,0.9304268101355637,0.9380987325396829
s0561,spleen,0.9865,0.9878570804308098,0.9791523953703707
s0561,sternum,0.9325,0.9253642519941258,0.9181513121693127
s0561,stomach,0.9668,0.9488937986687036,0.952619730291006
s0561,subclavian_artery_left,0.9353,0.9135667530543979,0.9159020421957674
s0561,subclavian_artery_right,0.9506,0.9026489387214758,0.9136016671957672
s0561,superior_vena_cava,0.9497,0.9131541396748519,0.9202741197089948
s0561,thyroid_gland,0.8726,0.8906849017574195,0.8508393156084658
s0561,trachea,0.9605,0.9458349123047242,0.943654690343915
s0561,urinary_bladder,0.9148,0.8223362824962084,0.8853812257936501
s0561,vertebrae_C7,0.9255,0.8655107380740638,0.8870404981481479
s0561,vertebrae_L1,0.9818,0.9696320491754081,0.9792676996031747
s0561,vertebrae_L2,0.9808,0.9559573489689902,0.980087450132274
s0561,vertebrae_L3,0.9813,0.9496582246621791,0.9598166678571433
s0561,vertebrae_L4,0.978,0.9827335556445808,0.9765327095238094
s0561,vertebrae_L5,0.978,0.97413758459189,0.9759387608465612
s0561,vertebrae_S1,0.9434,0.9179330265976997,0.9394665879629626
s0561,vertebrae_T1,0.9663,0.8569761735068053,0.9195766158730163
s0561,vertebrae_T10,0.9705,0.9885978220983487,0.9790280083333329
s0561,vertebrae_T11,0.9724,0.8491999546873819,0.7884898582010572
s0561,vertebrae_T12,0.9771,0.8813418130278434,0.961841036243386
s0561,vertebrae_T2,0.9729,0.8211297465278119,0.9056235738095243
s0561,vertebrae_T3,0.972,0.7650759401107359,0.9070940496031749
s0561,vertebrae_T4,0.968,0.9157051017122582,0.9530387219576704
s0561,vertebrae_T5,0.9653,0.9475906526077875,0.9218605526963781
s0561,vertebrae_T6,0.9725,0.953579818584238,0.9395617560846569
s0561,vertebrae_T7,0.975,0.9566826128380606,0.9500640104497354
s0561,vertebrae_T8,0.9711,0.9519051467795375,0.9495080359788354
s0561,vertebrae_T9,0.9733,0.9866956810577233,0.9204535604497354
s1161,adrenal_gland_left,0.9211,0.8678963488055169,0.8818807436507937
s1161,adrenal_gland_right,0.9243,0.9030436792439037,0.8848165587301583
s1161,aorta,0.977,0.9653510766169313,0.9718306916666675
s1161,atrial_appendage_left,0.9046,0.855001660870635,0.8854986620370369
s1161,autochthon_left,0.9632,0.9653945792564378,0.9586767227513228
s1161,autochthon_right,0.9501,0.9525028951501711,0.9498931916666661
s1161,brachiocephalic_trunk,0.8884,0.9200518867910374,0.9067871473424727
s1161,brachiocephalic_vein_left,0.9293,0.9197178273085354,0.9310455754208756
s1161,brachiocephalic_vein_right,0.9162,0.9080079220228381,0.9005441105820104
s1161,brain,0.9814,0.9886485445570274,0.9604708822751312
s1161,clavicula_left,0.9728,0.969524189082178,0.9472996880952382
s1161,clavicula_right,0.8287,0.9433861652031998,0.9412199158730156
s1161,colon,0.925,0.848613617315851,0.8465424235449736
s1161,common_carotid_artery_left,0.866,0.9188633752778281,0.9145071477513227
s1161,common_carotid_artery_right,0.7678,0.7543178629408129,0.8219077630952383
s1161,costal_cartilages,0.9155,0.9193107158763371,0.8840572056878309
s1161,duodenum,0.8913,0.9040307639520262,0.8977135043650797
s1161,esophagus,0.9257,0.9475391581954742,0.938066232010582
s1161,femur_left,0.1447,1.0,0.7785194691798942
s1161,gallbladder,0.9417,0.9295583966811274,0.902597455026455
s1161,gluteus_maximus_left,0.9096,0.6200685089287968,0.6241091425925928
s1161,gluteus_maximus_right,0.9466,0.9606016499996839,0.9432290817460313
s1161,gluteus_medius_left,0.9386,0.9583583383964076,0.9496905912698405
s1161,gluteus_medius_right,0.952,0.9528512078546973,0.9487579123015871
s1161,gluteus_minimus_left,0.9006,0.7631031568050607,0.8448069484126984
s1161,gluteus_minimus_right,0.948,0.955820946740544,0.9153555050264551
s1161,heart,0.938,0.936474669541236,0.9418169287037047
s1161,hip_left,0.9501,0.9632776534782617,0.957260564814815
s1161,hip_right,0.9829,0.97336939667463,0.9688162057359309
s1161,humerus_left,0.9733,0.9205054722757294,0.9469862187830693
s1161,humerus_right,0.9811,0.994490943874375,0.9398100599206345
s1161,iliac_artery_left,0.9672,0.9078062351556987,0.8941249605820101
s1161,iliac_artery_right,0.9389,0.9016446807750118,0.8985320509259259
s1161,iliac_vena_left,0.9498,0.9066411827976314,0.8891680165343909
s1161,iliac_vena_right,0.9372,0.8916771752198325,0.880500233597884
s1161,iliopsoas_left,0.8827,0.9398039518064412,0.9367682453703706
s1161,iliopsoas_right,0.9711,0.957344976421921,0.9593070264550272
s1161,inferior_vena_cava,0.9532,0.9186322218902715,0.9219764193121703
s1161,kidney_left,0.9837,0.9701706816014217,0.9764000285714286
s1161,kidney_right,0.9847,0.9709419158130939,0.9733698908730164
s1161,liver,0.9893,0.9843978910853421,0.9794533974867731
s1161,lung_lower_lobe_left,0.9725,0.9404297080908993,0.9398169174603167
s1161,lung_lower_lobe_right,0.9824,0.9697656652683342,0.9822570048941793
s1161,lung_middle_lobe_right,0.9552,0.9413285324305815,0.9538407011904764
s1161,lung_upper_lobe_left,0.9835,0.9764282140639801,0.9859995130952373
s1161,lung_upper_lobe_right,0.9776,0.9847151479417804,0.983237372486772
s1161,pancreas,0.8904,0.9167547562135122,0.908618867989418
s1161,portal_vein_and_splenic_vein,0.8781,0.8404880090282209,0.8740578423280423
s1161,pulmonary_vein,0.9331,0.8517116033493818,0.842280130387205
s1161,rib_left_1,0.9389,0.9423493513601424,0.9170726315295811
s1161,rib_left_10,0.8878,0.6035553254294208,0.6682661613756614
s1161,rib_left_11,0.9302,0.6885474157991103,0.7760888874338628
s1161,rib_left_12,0.9521,0.8950088504129332,0.9170253206349207
s1161,rib_left_2,0.9645,0.9170693148709024,0.8864281597883599
s1161,rib_left_3,0.9734,0.9474499091052357,0.9417028476190472
s1161,rib_left_4,0.9583,0.9667656091018212,0.9566228783068783
s1161,rib_left_5,0.966,0.9303134003967491,0.9256957623015878
s1161,rib_left_6,0.9673,0.9647588955807932,0.9588296662698416
s1161,rib_left_7,0.9258,0.966456346602174,0.9619880284391535
s1161,rib_left_8,0.8617,0.6497981770057815,0.6524100712962968
s1161,rib_left_9,0.8692,0.7689325768262981,0.7262776970177967
s1161,rib_right_1,0.9794,0.9217319188999807,0.9230724785714289
s1161,rib_right_10,0.9742,0.9654410665930958,0.958215404761904
s1161,rib_right_11,0.9725,0.9498232851807926,0.9365390992063495
s1161,rib_right_12,0.9491,0.49898828692588965,0.6513288474867726
s1161,rib_right_2,0.9767,0.9506003240709644,0.9548020093915338
s1161,rib_right_3,0.9744,0.9603947593933789,0.955558557539682
s1161,rib_right_4,0.9768,0.945447670535641,0.949221702380952
s1161,rib_right_5,0.9755,0.9305226447525463,0.9460421365079367
s1161,rib_right_6,0.9722,0.961375838495352,0.9567614332010588
s1161,rib_right_7,0.9706,0.9661354979521797,0.9552781189153446
s1161,rib_right_8,0.9684,0.9499850462765133,0.9637391984126981
s1161,rib_right_9,0.9666,0.9652487868983314,0.9001495650793649
s1161,sacrum,0.9422,0.8898848736743955,0.786744432539683
s1161,scapula_left,0.9334,0.9683337778764335,0.9572200379629624
s1161,scapula_right,0.944,0.963454904610427,0.9532677451058197
s1161,skull,0.9533,0.962804078586867,0.9480065802910054
s1161,small_bowel,0.928,0.8523604181881796,0.8359901063492066
s1161,spinal_cord,0.944,0.9461929306384272,0.9341454026455023
s1161,spleen,0.9872,0.9747725305523423,0.9706722603174607
s1161,sternum,0.9114,0.939839205411928,0.926484741269841
s1161,stomach,0.9744,0.8895794403036912,0.9435136329244828
s1161,subclavian_artery_left,0.8607,0.9107079732892525,0.9052524433862432
s1161,subclavian_artery_right,0.8785,0.9127036732061214,0.8666035100529104
s1161,superior_vena_cava,0.9366,0.912770292055316,0.9284639238095235
s1161,thyroid_gland,0.9215,0.8954370727724924,0.8905893711640213
s1161,trachea,0.9047,0.5674337005713718,0.4995061892857141
s1161,urinary_bladder,0.9796,0.9640894721200768,0.8884614791005286
s1161,vertebrae_C1,0.8928,0.9203511991919183,0.8544033810846562
s1161,vertebrae_C2,0.9729,0.9163878298933793,0.9102087526455028
s1161,vertebrae_C3,0.9587,0.8870211416255757,0.9035855276455028
s1161,vertebrae_C4,0.9644,0.905482047354387,0.910252659391535
s1161,vertebrae_C5,0.9685,0.9266142270573707,0.924640276455026
s1161,vertebrae_C6,0.952,0.9095215734938066,0.9117455321428571
s1161,vertebrae_C7,0.9103,0.9502276973772059,0.9482753248917752
s1161,vertebrae_L1,0.981,0.9587088108157292,0.9651466894179896
s1161,vertebrae_L2,0.9849,0.9717478029591535,0.9681441200216453
s1161,vertebrae_L3,0.9876,0.976567454878211,0.9739569547619057
s1161,vertebrae_L4,0.9859,0.969725819994547,0.9638942101851857
s1161,vertebrae_L5,0.9885,0.9772056886553923,0.9704894335978839
s1161,vertebrae_S1,0.9242,0.9148621113658351,0.9120964670634921
s1161,vertebrae_T1,0.8993,0.854583756406895,0.8518107998677243
s1161,vertebrae_T10,0.9887,0.8956655362679489,0.9174649421957666
s1161,vertebrae_T11,0.9864,0.9345902541431425,0.9180848884920632
s1161,vertebrae_T12,0.9812,0.9374405495160718,0.9456005060846568
s1161,vertebrae_T2,0.9494,0.854402827101299,0.8484980325396821
s1161,vertebrae_T3,0.9597,0.9699579554176677,0.8934848055555557
s1161,vertebrae_T4,0.9656,0.9914094225737499,0.9348322256613758
s1161,vertebrae_T5,0.9824,0.9695981911579259,0.9337753559523808
s1161,vertebrae_T6,0.9841,0.9676199898968857,0.9353960749999999
s1161,vertebrae_T7,0.9872,0.9762470562006099,0.9442785982804238
s1161,vertebrae_T8,0.9904,0.9771552547649073,0.9637451837301586
s1161,vertebrae_T9,0.9879,0.9838004316664283,0.9643464875661372
s0466,aorta,0.9256,0.6859257637603892,0.653406315608466
s0466,autochthon_left,0.9411,0.9040131650312626,0.905851884920635
s0466,autochthon_right,0.9283,0.9040474366187169,0.9106750055555557
s0466,brachiocephalic_trunk,0.9199,0.7564367593255062,0.7296150591269845
s0466,brachiocephalic_vein_left,0.868,0.7751614645264476,0.8184822701058203
s0466,brachiocephalic_vein_right,0.9409,0.9075663728708476,0.8479849380952377
s0466,brain,0.0,0.9047901006199363,0.796720874074074
s0466,clavicula_left,0.9695,0.9612693604357488,0.9558084724867729
s0466,clavicula_right,0.9545,0.9360226183723133,0.9390145866402114
s0466,common_carotid_artery_left,0.747,0.563014793075596,0.6511886314814817
s0466,common_carotid_artery_right,0.6819,0.5933770963447901,0.6415615253968254
s0466,costal_cartilages,0.7157,0.41085145071989965,0.5430416548941799
s0466,esophagus,0.9393,0.8819919534713089,0.8630865186507943
s0466,humerus_left,0.8571,0.5972968506026014,0.6640906873015876
s0466,humerus_right,0.9691,0.9084977481451678,0.853033462830688
s0466,lung_lower_lobe_left,0.5047,0.4707309678609354,0.4413514363756614
s0466,lung_lower_lobe_right,0.0,0.43538166446405036,0.45836136097883573
s0466,lung_upper_lobe_left,0.9903,0.998065161540822,0.9860753841269849
s0466,lung_upper_lobe_right,0.9919,0.9879106065363925,0.9873982325998079
s0466,rib_left_1,0.8778,0.8680620406819365,0.876642111904762
s0466,rib_left_2,0.9482,0.9758997998718776,0.9491795923280425
s0466,rib_left_3,0.9362,0.9448155329428483,0.9633379007936501
s0466,rib_left_4,0.9255,0.9031421862171185,0.9118262174603177
s0466,rib_left_5,0.9388,0.9285346484291895,0.8838673916666664
s0466,rib_right_1,0.8904,0.869595230997611,0.8892927468253976
s0466,rib_right_2,0.9375,0.9722307868073593,0.9569646166666672
s0466,rib_right_3,0.9312,0.9736331263029041,0.9606863420634917
s0466,rib_right_4,0.9452,0.9887065161656151,0.9190066801587301
s0466,rib_right_5,0.9495,0.9381198044579533,0.9254643797619045
s0466,scapula_left,0.9417,0.939653275448281,0.9249624399470895
s0466,scapula_right,0.9338,0.9667357499755647,0.9379226549422804
s0466,skull,0.9303,0.8809862788354549,0.9485594199494943
s0466,spinal_cord,0.9309,0.9006049172160278,0.9136855550264552
s0466,sternum,0.9318,0.7784764241391352,0.8377975697089942
s0466,subclavian_artery_left,0.7912,0.6032703321487519,0.655459053535354
s0466,subclavian_artery_right,0.8325,0.6433588023192126,0.7077350906084655
s0466,thyroid_gland,0.7598,0.8213114895154757,0.8144795174603175
s0466,trachea,0.978,0.9907398287514915,0.9470999678571427
s0466,vertebrae_C1,0.9217,0.9018711636588305,0.9258223567460323
s0466,vertebrae_C2,0.9721,0.9536542213173498,0.9374490380952384
s0466,vertebrae_C3,0.9525,0.9593858819221454,0.9162015449735448
s0466,vertebrae_C4,0.9195,0.9561323001345975,0.9184948091269847
s0466,vertebrae_C5,0.901,0.9427064722360395,0.9226319059523809
s0466,vertebrae_C6,0.9323,0.9487680830437609,0.9350649313492062
s0466,vertebrae_C7,0.9587,0.9418087481105799,0.9159168031746026
s0466,vertebrae_T1,0.9686,0.8695846085356264,0.8786415037037038
s0466,vertebrae_T2,0.9757,0.8547756251653479,0.7973155749999999
s0466,vertebrae_T3,0.9676,0.9029572577770869,0.9015878288359791
s0466,vertebrae_T4,0.9682,0.8446002825211123,0.9041291478835974
s0466,vertebrae_T5,0.9655,0.8454154123602806,0.8709017273809531
s0839,aorta,0.9787,0.8452386680647082,0.7414218793650794
s0839,atrial_appendage_left,0.9248,0.9592462953912241,0.9187861218253975
s0839,costal_cartilages,0.8299,0.7828721322888916,0.8169919447089948
s0839,esophagus,0.9367,0.8217794444357546,0.8651388343915348
s0839,heart,0.9386,0.9326942273915092,0.8821843033068785
s0839,inferior_vena_cava,0.8572,0.9097235389445674,0.8645385694444442
s0839,liver,0.9496,0.9562067201238348,0.9531795916666659
s0839,lung_lower_lobe_left,0.9637,0.9763913258874258,0.9677061410052905
s0839,lung_lower_lobe_right,0.9859,0.958747308552081,0.9717130769841262
s0839,lung_middle_lobe_right,0.96,0.9820390293350392,0.9662679099206349
s0839,lung_upper_lobe_left,0.9353,0.9756451688867461,0.9578568626984126
s0839,lung_upper_lobe_right,0.9293,1.0,0.9495188544973547
s0839,pulmonary_vein,0.9244,0.7498925975996028,0.7468329630711878
s0839,rib_left_3,0.0,0.23138703355773196,0.3215972394300142
s0839,rib_left_4,0.8179,0.5083341733969524,0.4925616271164019
s0839,rib_left_5,0.8759,0.43365753887872166,0.4295900894179896
s0839,rib_left_6,0.7528,0.5976296184313336,0.586038344047619
s0839,rib_right_3,0.4769,0.39545174304645103,0.49888208968253933
s0839,rib_right_4,0.0,0.500942906737868,0.580117977248677
s0839,rib_right_5,0.0,0.08858403139435746,0.26259338492063494
s0839,spinal_cord,0.0,0.27034974384096966,0.34629458055555534
s0839,spleen,0.9525,0.9234441418983423,0.8930446035714289
s0839,sternum,0.9472,0.9030306882808015,0.7518880638888894
s0839,stomach,0.8252,0.9017197454679994,0.8785674781746028
s0839,superior_vena_cava,0.9403,0.9284420032757341,0.9174045829365076
s0839,vertebrae_T10,0.9908,0.9745347294058367,0.9344682264550257
s0839,vertebrae_T11,0.9855,0.968834098193838,0.9282415027777783
s0839,vertebrae_T12,0.9831,0.9707902678957578,0.9197312214285712
s0839,vertebrae_T7,0.9689,0.9290372347973044,0.9387792515873024
s0839,vertebrae_T8,0.9649,0.9808846812415807,0.9547986212962968
s0839,vertebrae_T9,0.9842,1.0,0.9464116379629629
s0029,adrenal_gland_left,0.9165,0.9225004348452235,0.8918049865079364
s0029,adrenal_gland_right,0.9261,0.9215361763581897,0.8874852246031744
s0029,aorta,0.9752,0.9755237750703218,0.9717937869047614
s0029,atrial_appendage_left,0.8478,0.9101217042032788,0.853958001322751
s0029,autochthon_left,0.9744,0.9795931956604078,0.9710536218253968
s0029,autochthon_right,0.974,0.9773546600528924,0.9659774531746026
s0029,brachiocephalic_trunk,0.931,0.890210594769558,0.8971925966931226
s0029,brachiocephalic_vein_left,0.9509,0.9137156333409936,0.9191116740500244
s0029,brachiocephalic_vein_right,0.7928,0.8529512777764153,0.9195125097883592
s0029,clavicula_left,0.9804,0.932111996322295,0.9563093838624345
s0029,clavicula_right,0.9796,0.9350462000378906,0.9618875527777782
s0029,colon,0.8099,0.7707000787874706,0.8209219730158738
s0029,common_carotid_artery_left,0.9544,0.9218518346538215,0.9200627284391529
s0029,common_carotid_artery_right,0.9127,0.8054306331686604,0.8512845472222217
s0029,costal_cartilages,0.8613,0.8844007855553795,0.894381792063493
s0029,duodenum,0.8396,0.8873669405546202,0.8834752861111114
s0029,esophagus,0.9005,0.918876059712427,0.9282059201058204
s0029,femur_left,0.9492,0.9425410559536713,0.9276313779100525
s0029,femur_right,0.917,0.9020461465933697,0.9183778064814815
s0029,gallbladder,0.7038,0.7669752932821453,0.808442984391534
s0029,gluteus_maximus_left,0.9654,0.9534209418913461,0.969916168253968
s0029,gluteus_maximus_right,0.9723,0.9488511613227925,0.9726237251322752
s0029,gluteus_medius_left,0.9486,0.9754656513757461,0.9629368494588738
s0029,gluteus_medius_right,0.9623,0.9656697796050974,0.9584607761904766
s0029,gluteus_minimus_left,0.9235,0.9310558527119616,0.9384126858465616
s0029,gluteus_minimus_right,0.9461,0.9430416612729009,0.9426040105820097
s0029,heart,0.9184,0.9475943744799844,0.9389617448412704
s0029,hip_left,0.9525,0.9841649774247377,0.981611526515152
s0029,hip_right,0.9416,0.9713329712785912,0.9649457097883595
s0029,humerus_left,0.9704,0.9737334882673525,0.9578610760582016
s0029,humerus_right,0.9412,0.9722464903054463,0.9498028158730165
s0029,iliac_artery_left,0.9304,0.9237674239492635,0.9296062003968255
s0029,iliac_artery_right,0.919,0.9203932229984507,0.9295298936507936
s0029,iliac_vena_left,0.9191,0.893345467767967,0.9110786905603662
s0029,iliac_vena_right,0.909,0.9108965002533659,0.9064610162698411
s0029,iliopsoas_left,0.9618,0.9581133729976252,0.965359313095238
s0029,iliopsoas_right,0.9713,0.9614751968879415,0.9653190678571426
s0029,inferior_vena_cava,0.9486,0.9209467152542734,0.9280942619047621
s0029,kidney_left,0.969,0.9690122550274343,0.9776585920634928
s0029,kidney_right,0.9767,0.9685517446899107,0.9814569189153434
s0029,liver,0.9313,0.9719001483490282,0.9734653447089939
s0029,lung_lower_lobe_left,0.9909,0.9962340727650877,0.9922922568422325
s0029,lung_lower_lobe_right,0.9898,1.0,0.9911715735449739
s0029,lung_middle_lobe_right,0.9569,0.9794752641878712,0.9798952748677249
s0029,lung_upper_lobe_left,0.9924,0.9954926374265114,0.9925334124338625
s0029,lung_upper_lobe_right,0.9657,0.9905383742091113,0.987521188492063
s0029,pancreas,0.8702,0.8942477666127389,0.8879201996031759
s0029,portal_vein_and_splenic_vein,0.8192,0.8706264292789604,0.8656705392857141
s0029,prostate,0.3697,0.8036606558727002,0.8354815464285714
s0029,pulmonary_vein,0.9206,0.920500737558951,0.9258542272486768
s0029,rib_left_1,0.9388,0.9417359365478661,0.9409479056998559
s0029,rib_left_10,0.973,0.9601359656362636,0.9607555556878307
s0029,rib_left_11,0.9725,0.954444936142244,0.9545346482804237
s0029,rib_left_12,0.9625,0.9201412900470224,0.9283758626984118
s0029,rib_left_2,0.9571,0.9478743211403688,0.9300061613756617
s0029,rib_left_3,0.8526,0.944749540643889,0.9383428682539682
s0029,rib_left_4,0.734,0.8226764368672632,0.7522070592592589
s0029,rib_left_5,0.7149,0.7408016000514321,0.7543605845238096
s0029,rib_left_6,0.7276,0.8360690313434385,0.8078134464285718
s0029,rib_left_7,0.8212,0.8227954342501774,0.7776055670634924
s0029,rib_left_8,0.9704,0.9434608955669568,0.9451097964646471
s0029,rib_left_9,0.9712,0.9665656264644497,0.9670348629629628
s0029,rib_right_1,0.9286,0.9348776320271819,0.9343481822871575
s0029,rib_right_10,0.9709,0.9579629373661076,0.9605502587301588
s0029,rib_right_11,0.9797,0.9535284148334503,0.9539681302910048
s0029,rib_right_12,0.9574,0.9410558507280515,0.9291611746031746
s0029,rib_right_2,0.9245,0.948885257357228,0.9261189269841267
s0029,rib_right_3,0.953,0.9471430035408008,0.9365793829365084
s0029,rib_right_4,0.9422,0.948572891420939,0.944679820634921
s0029,rib_right_5,0.9535,0.9488738478939337,0.945593688227514
s0029,rib_right_6,0.9575,0.9453763368465422,0.9487830637566139
s0029,rib_right_7,0.9545,0.9638052220176542,0.9621567029100533
s0029,rib_right_8,0.9587,0.9311381412182343,0.9395976994708997
s0029,rib_right_9,0.9752,0.9681019623843572,0.9653298492063497
s0029,sacrum,0.9164,0.9176430937252393,0.9259318689153446
s0029,scapula_left,0.9565,0.954895047617197,0.957372940608466
s0029,scapula_right,0.9554,0.9579091979534032,0.9586312583333335
s0029,small_bowel,0.8706,0.9014189654715924,0.8674767158730159
s0029,spinal_cord,0.9493,0.9692734518910655,0.9460548103415097
s0029,spleen,0.9659,0.8107545041471608,0.8654228666666661
s0029,sternum,0.9545,0.9366574129588723,0.9286948539682538
s0029,stomach,0.7983,0.8100322043451631,0.8448653366402116
s0029,subclavian_artery_left,0.9234,0.8863994524517961,0.9210617186507939
s0029,subclavian_artery_right,0.9223,0.9099203687211526,0.911276563359789
s0029,superior_vena_cava,0.9227,0.9304955484101656,0.912628765079365
s0029,thyroid_gland,0.8864,0.9525474632360967,0.8498048059523814
s0029,trachea,0.9617,0.9802180229577718,0.908629930555555
s0029,urinary_bladder,0.8753,0.8540254121447459,0.8935554662698413
s0029,vertebrae_C7,0.91,0.9120216613028571,0.9032592441678692
s0029,vertebrae_L1,0.9812,0.9750629508454013,0.9839087791005288
s0029,vertebrae_L2,0.9779,0.9776135117102638,0.985441282010582
s0029,vertebrae_L3,0.9797,0.9733667524851612,0.9852089805555554
s0029,vertebrae_L4,0.9799,0.9764287983822535,0.9791344285714287
s0029,vertebrae_L5,0.9689,0.9707056807637965,0.9820042790764787
s0029,vertebrae_S1,0.8103,0.9336794543382326,0.9451731097883601
s0029,vertebrae_T1,0.9413,0.9596595720118287,0.953715197619048
s0029,vertebrae_T10,0.9674,0.9733693134597134,0.9786210800264551
s0029,vertebrae_T11,0.9747,0.9743161928290389,0.9803769249999995
s0029,vertebrae_T12,0.9783,0.9766797883214507,0.9808132357142844
s0029,vertebrae_T2,0.8899,0.9695277282947866,0.9655452291005291
s0029,vertebrae_T3,0.887,0.9685613676382822,0.972494312037037
s0029,vertebrae_T4,0.8748,0.9451233769644523,0.9232021638888892
s0029,vertebrae_T5,0.7995,0.9689320445839738,0.9587455759259252
s0029,vertebrae_T6,0.8299,0.9352449436073969,0.949661031349206
s0029,vertebrae_T7,0.8883,0.9647180569309973,0.9575888615079361
s0029,vertebrae_T8,0.8926,0.967005436136011,0.9551458198412702
s0029,vertebrae_T9,0.9316,0.9735479210763088,0.9600501604497353
s0420,adrenal_gland_left,0.8375,0.9119611293953667,0.8638108673280424
s0420,adrenal_gland_right,0.8094,0.837219824009563,0.7579992846921594
s0420,aorta,0.9645,0.9784970872079896,0.9749495075396817
s0420,atrial_appendage_left,0.9068,0.8963229618714786,0.9136392821428573
s0420,autochthon_left,0.9594,0.9675235708638918,0.9601202751322743
s0420,autochthon_right,0.9596,0.9664114232506296,0.9608386369047612
s0420,brachiocephalic_trunk,0.8925,0.9110141124089045,0.9079260955507458
s0420,brachiocephalic_vein_left,0.83,0.8431397291309792,0.8280769850529095
s0420,brachiocephalic_vein_right,0.8524,0.8820986428741667,0.8803296948412702
s0420,clavicula_left,0.9657,0.9798961051207287,0.9589996972222218
s0420,clavicula_right,0.9716,0.9670575338594619,0.9575517484126992
s0420,colon,0.432,0.8793533996179099,0.8159051277777778
s0420,common_carotid_artery_left,0.9546,0.9346245746123671,0.9091704899470894
s0420,common_carotid_artery_right,0.8842,0.9266019981192365,0.8763609457431462
s0420,costal_cartilages,0.8508,0.858055568622114,0.8577428940476185
s0420,duodenum,0.405,0.24215634466753128,0.4331449095238096
s0420,esophagus,0.8438,0.9038072271455911,0.9026483244708987
s0420,heart,0.9411,0.9451737997417022,0.937205323809524
s0420,humerus_left,0.975,0.976496290414292,0.952481363888888
s0420,humerus_right,0.9542,0.9677608554648747,0.9523352126984121
s0420,iliopsoas_left,0.8011,0.848111697068723,0.8489214369047619
s0420,iliopsoas_right,0.7734,0.8522336976024724,0.8024438943121696
s0420,inferior_vena_cava,0.8657,0.8870232175874696,0.8758049767195769
s0420,kidney_left,0.9664,0.9110201227283701,0.8740729329365083
s0420,liver,0.9614,0.9638980583983975,0.9693781666666669
s0420,lung_lower_lobe_left,0.9905,0.9961616532241995,0.9876668201058197
s0420,lung_lower_lobe_right,0.988,0.9866121862589167,0.986988970502645
s0420,lung_middle_lobe_right,0.9712,0.9691178201049194,0.9685822777777777
s0420,lung_upper_lobe_left,0.9925,0.9819636184120791,0.990282488095238
s0420,lung_upper_lobe_right,0.9855,0.9882303171626425,0.9832155785714283
s0420,pancreas,0.8761,0.889845392700931,0.7904181149470908
s0420,portal_vein_and_splenic_vein,0.8062,0.6758456190795333,0.7653448246031749
s0420,pulmonary_vein,0.9252,0.8738968858679023,0.8754472804232798
s0420,rib_left_1,0.854,0.8851715041954229,0.9069995075396831
s0420,rib_left_10,0.8923,0.6985704810076955,0.7332697887566135
s0420,rib_left_11,0.9818,0.9491856380788211,0.947390174338624
s0420,rib_left_12,0.9401,0.7765218024717172,0.798202721164021
s0420,rib_left_2,0.9735,0.9343961938605607,0.9442210123015875
s0420,rib_left_3,0.9191,0.9809870174013564,0.9643571178571434
s0420,rib_left_4,0.9686,0.9150739985961844,0.9634812657407411
s0420,rib_left_5,0.9736,0.9038859536446543,0.9617151325396831
s0420,rib_left_6,0.978,0.8449922758329229,0.9612455007936505
s0420,rib_left_7,0.9101,0.8970855940636248,0.9580480532467532
s0420,rib_left_8,0.7799,0.7429820091289964,0.8014354650793649
s0420,rib_left_9,0.7865,0.66175944094846,0.7548045519841268
s0420,rib_right_1,0.7551,0.848196529654734,0.911521064682539
s0420,rib_right_10,0.9752,0.9627076464013946,0.9378634217893226
s0420,rib_right_11,0.9612,0.9907414644060911,0.9539691777777773
s0420,rib_right_12,0.9648,0.9556487180745364,0.9279542476190475
s0420,rib_right_2,0.9587,0.9389618523997569,0.9607236785714283
s0420,rib_right_3,0.9705,0.963801360255871,0.9612515599446851
s0420,rib_right_4,0.9707,0.9607067899378886,0.9590335988095249
s0420,rib_right_5,0.9717,0.9191059010051925,0.957167316738817
s0420,rib_right_6,0.9785,0.9433821435972887,0.9612113063492056
s0420,rib_right_7,0.9789,0.8570785031320184,0.9520534212481956
s0420,rib_right_8,0.9745,0.9723867105493587,0.9578310234126983
s0420,rib_right_9,0.9752,0.9205754021928287,0.9621933765873014
s0420,scapula_left,0.9626,0.9420070417349841,0.941394342592593
s0420,scapula_right,0.9544,0.9637973938497226,0.9554288251322753
s0420,spinal_cord,0.9357,0.9406428083345181,0.9348767613756613
s0420,spleen,0.9864,0.9590302598213801,0.9471057547619047
s0420,sternum,0.9287,0.9496481777934974,0.9290146121693116
s0420,stomach,0.8606,0.9151989152059697,0.9215643513227514
s0420,subclavian_artery_left,0.8836,0.9179583726234043,0.911543524098124
s0420,subclavian_artery_right,0.873,0.9151911405472358,0.8737195279100525
s0420,superior_vena_cava,0.9158,0.9088495088331463,0.9351573304232804
s0420,thyroid_gland,0.8349,0.9000094300174475,0.8525667287037041
s0420,trachea,0.9553,0.9371992200888285,0.9601272683862434
s0420,vertebrae_C7,0.8911,0.9452855626891074,0.8359979046296303
s0420,vertebrae_L1,0.9863,0.966825940398555,0.9628648013227509
s0420,vertebrae_L2,0.7143,0.6426735052549646,0.6152302155483401
s0420,vertebrae_T1,0.9756,0.9967669431691619,0.9545000548701301
s0420,vertebrae_T10,0.9833,0.9904151493998036,0.9675741449374691
s0420,vertebrae_T11,0.9812,0.9806352817910933,0.9771601121332365
s0420,vertebrae_T12,0.9864,0.9824481872952425,0.9766090479797978
s0420,vertebrae_T2,0.9777,0.9520481256691553,0.9699619007649759
s0420,vertebrae_T3,0.9854,0.9539525691266233,0.9569894153559403
s0420,vertebrae_T4,0.9748,0.9760939216995245,0.9685248488696485
s0420,vertebrae_T5,0.9738,0.9201629920358606,0.9172672561447814
s0420,vertebrae_T6,0.984,0.9482039235359011,0.9654417104497354
s0420,vertebrae_T7,0.9864,0.9254229511974691,0.9616032393819156
s0420,vertebrae_T8,0.9901,0.9487403961454017,0.9731558985449749
s0420,vertebrae_T9,0.9819,0.9425859499720681,0.967056861640211
s0874,aorta,0.9688,0.8700942696646881,0.8764718666666662
s0874,autochthon_left,0.9383,0.9468726975266148,0.9419875289682534
s0874,autochthon_right,0.9492,0.9376468309266097,0.9410294564814812
s0874,brachiocephalic_trunk,0.9195,0.8595167059272839,0.8644356603174608
s0874,brachiocephalic_vein_left,0.9527,0.811182274500797,0.835533920899471
s0874,brachiocephalic_vein_right,0.9235,0.8834929928090971,0.8838495230158733
s0874,brain,0.9773,0.9440788365386602,0.9535388855699852
s0874,clavicula_left,0.9819,0.9512677622462594,0.9379421373015879
s0874,clavicula_right,0.9723,0.9588911832256258,0.9542521294973537
s0874,common_carotid_artery_left,0.9024,0.8702237314731357,0.8859214424603173
s0874,common_carotid_artery_right,0.8698,0.7945181773343948,0.8314704314814815
s0874,costal_cartilages,0.6132,0.6368924009376339,0.6911302760582009
s0874,esophagus,0.8929,0.7898288997126008,0.8263883899470901
s0874,lung_lower_lobe_left,0.9461,0.9342675582822643,0.8825241058201055
s0874,lung_lower_lobe_right,0.2491,0.3410366058003255,0.4282527365079369
s0874,lung_upper_lobe_left,0.9915,0.9852982999711032,0.9582259619047617
s0874,lung_upper_lobe_right,0.9752,0.9304316000013343,0.8317708341269846
s0874,rib_left_1,0.8484,0.9673540955513658,0.9534679202380952
s0874,rib_left_2,0.9325,0.9562543792527418,0.9589365592592592
s0874,rib_left_3,0.8933,0.980290027317871,0.8701188211640217
s0874,rib_left_4,0.9344,0.9010214387783569,0.9313766865079365
s0874,rib_right_1,0.9126,0.9782947415415486,0.951623826190476
s0874,rib_right_2,0.9609,0.9509450225664492,0.9512327230158718
s0874,rib_right_3,0.9424,0.5353636731894389,0.6249231511904758
s0874,rib_right_4,0.9426,0.9160282478735852,0.930682876058201
s0874,scapula_left,0.9061,0.9456914569201355,0.864662500793651
s0874,scapula_right,0.9039,0.9627554826315301,0.9293870420634922
s0874,skull,0.961,0.9630777857754267,0.9522126367724856
s0874,spinal_cord,0.922,0.937558317971854,0.926952662037037
s0874,sternum,0.8774,0.9233542228366634,0.9237960902116403
s0874,subclavian_artery_left,0.9282,0.8637734450674839,0.8569209039682542
s0874,subclavian_artery_right,0.8719,0.8616348866501387,0.8822067590187591
s0874,superior_vena_cava,0.9364,0.8754248177179348,0.8761596884920629
s0874,thyroid_gland,0.9009,0.85925421115692,0.8899702654761906
s0874,trachea,0.9314,0.9468030921616543,0.9038370932539687
s0874,vertebrae_C1,0.8916,0.8655906098661401,0.8301366677248669
s0874,vertebrae_C2,0.9751,0.983006249727729,0.9462649410052913
s0874,vertebrae_C3,0.9692,0.9628825680207893,0.9462502677489175
s0874,vertebrae_C4,0.9311,0.9478683404975805,0.9105138908730159
s0874,vertebrae_C5,0.9278,0.9502013502790386,0.9115827026455026
s0874,vertebrae_C6,0.9459,0.9494510027131718,0.9483674085978828
s0874,vertebrae_C7,0.9494,0.9207408262532293,0.9467833888888882
s0874,vertebrae_T1,0.9496,0.8327492729545615,0.9374699486772493
s0874,vertebrae_T2,0.9803,0.8937203906838973,0.9553166443121698
s0874,vertebrae_T3,0.9747,0.8962338182074552,0.8679463769841269
s0874,vertebrae_T4,0.9599,0.93990083556584,0.9587952103174602
s0874,vertebrae_T5,0.8077,0.6882732201666444,0.6600295097883598
s1059,aorta,0.9361,0.8717371685732905,0.8554684350529097
s1059,autochthon_left,0.9432,0.8826503299810555,0.9173924594516588
s1059,autochthon_right,0.9143,0.8407563192301004,0.9130908480158727
s1059,brachiocephalic_trunk,0.9251,0.8098461841749232,0.8306100776455032
s1059,brachiocephalic_vein_left,0.9443,0.848095238469902,0.8591827813492067
s1059,brachiocephalic_vein_right,0.9593,0.787814376854577,0.7989076993386244
s1059,brain,0.8408,0.7861282855733934,0.8064483365079362
s1059,clavicula_left,0.9809,0.8985353643612171,0.9473705701418947
s1059,clavicula_right,0.9437,0.9373895069429685,0.9402811171957676
s1059,common_carotid_artery_left,0.9401,0.8844238898399486,0.8791477742063493
s1059,common_carotid_artery_right,0.8598,0.8418499667995533,0.8564627219576715
s1059,costal_cartilages,0.8084,0.8315923490159152,0.8007550075396824
s1059,esophagus,0.8866,0.8845855444538488,0.849425891269841
s1059,humerus_left,0.9671,1.0,0.943235555820106
s1059,humerus_right,0.9679,0.9558757489225708,0.8949111309523816
s1059,lung_upper_lobe_left,0.9827,0.9383254602597398,0.956694125132275
s1059,lung_upper_lobe_right,0.9866,0.9181333636614085,0.9546737365079364
s1059,rib_left_1,0.9475,0.9204016103070621,0.9280617275613275
s1059,rib_left_2,0.9647,0.9450008979184316,0.9598283194444446
s1059,rib_left_3,0.9225,0.8900294640196597,0.9154835589947089
s1059,rib_left_4,0.8365,0.9895291846725423,0.9442438326719582
s1059,rib_right_1,0.9312,0.9420012387733046,0.9434996361111115
s1059,rib_right_2,0.9625,0.9561791214865412,0.9526059519841266
s1059,rib_right_3,0.9356,0.8054360982190802,0.9274296886243377
s1059,rib_right_4,0.9428,0.9477183827913264,0.9340596388888888
s1059,scapula_left,0.9284,0.962023263321128,0.9537806435185175
s1059,scapula_right,0.9507,0.8796552852082674,0.8948695505291001
s1059,skull,0.9569,0.9621053042306975,0.9485697702380954
s1059,spinal_cord,0.9114,0.9418783039778769,0.9120174454064456
s1059,sternum,0.9437,0.9427735934076278,0.9407112951058201
s1059,subclavian_artery_left,0.8507,0.8097185274759496,0.8680557382275133
s1059,subclavian_artery_right,0.9,0.8622002796052619,0.8707926436507932
s1059,thyroid_gland,0.9137,0.8549391102511299,0.8579844304232805
s1059,trachea,0.4032,0.38012926571518096,0.52219028015873
s1059,vertebrae_C1,0.8966,0.948834759629951,0.9403799378306877
s1059,vertebrae_C2,0.9782,0.9602813712411292,0.949707535834536
s1059,vertebrae_C3,0.9752,0.9452797703098257,0.9530874257936511
s1059,vertebrae_C4,0.9708,0.9557531101157721,0.9448604230158734
s1059,vertebrae_C5,0.9657,0.9690119578393689,0.9519891404761913
s1059,vertebrae_C6,0.9668,0.9467020705884851,0.9569652322751322
s1059,vertebrae_C7,0.9651,0.9411375110052648,0.9632793752525252
s1059,vertebrae_T1,0.9686,0.9270569858234609,0.9682208917508413
s1059,vertebrae_T2,0.9737,0.9196531380518318,0.9653362820827317
s1059,vertebrae_T3,0.969,0.9288922859225245,0.9431301763107265
s1059,vertebrae_T4,0.9232,0.9139669608047416,0.9144541183862439
s1415,adrenal_gland_left,0.9186,0.8641496731702479,0.8992140719576722
s1415,adrenal_gland_right,0.9293,0.9120609934305387,0.8939692306878303
s1415,aorta,0.9638,0.9439430882194594,0.9317746312169318
s1415,atrial_appendage_left,0.9429,0.9106553772416947,0.893214150432901
s1415,autochthon_left,0.9744,0.9716667617508664,0.9585232568783071
s1415,autochthon_right,0.966,0.9708256155175121,0.9545394201058192
s1415,colon,0.9023,0.9510213358178066,0.9371761511904756
s1415,costal_cartilages,0.8516,0.8751279902476999,0.8550879507936509
s1415,duodenum,0.8719,0.8961342409817776,0.8804640001202504
s1415,esophagus,0.821,0.8789729036126115,0.9233381839947089
s1415,femur_left,0.9864,0.9829672855736826,0.9728794277777775
s1415,femur_right,0.9815,0.9865817399043407,0.9573853380952378
s1415,gallbladder,0.892,0.9475179847025543,0.9399316865079362
s1415,gluteus_maximus_left,0.9692,0.9250972695953409,0.95825422037037
s1415,gluteus_maximus_right,0.971,0.9666026847151223,0.966719525925926
s1415,gluteus_medius_left,0.959,0.9736670425586946,0.959698740343915
s1415,gluteus_medius_right,0.9615,0.9588356361574059,0.9541772059523808
s1415,gluteus_minimus_left,0.9387,0.9446593168422441,0.9447731189153442
s1415,gluteus_minimus_right,0.9565,0.9412268351026453,0.9451485383597876
s1415,heart,0.9393,0.9353725163346769,0.9088692055555551
s1415,hip_left,0.9772,0.9781550685781332,0.9788915917989421
s1415,hip_right,0.9792,0.983449674007225,0.9785642533068772
s1415,humerus_left,0.9561,0.8069910807222221,0.7413386422799422
s1415,iliac_artery_left,0.9274,0.8521884017087692,0.8523296801587303
s1415,iliac_artery_right,0.9079,0.8645477416184726,0.8288400499999999
s1415,iliac_vena_left,0.9149,0.9093089132128795,0.8946782956349199
s1415,iliac_vena_right,0.8826,0.8816638155521086,0.8883056353174601
s1415,iliopsoas_left,0.9572,0.9678673421633551,0.9600904993386242
s1415,iliopsoas_right,0.9705,0.9646527458747438,0.9596961165343915
s1415,inferior_vena_cava,0.9636,0.9341604124468512,0.9328896513227518
s1415,kidney_cyst_right,0.0,0.8058529009815857,0.8993528369047626
s1415,kidney_left,0.9863,0.9394465112841491,0.9605464174603173
s1415,kidney_right,0.942,0.9677392152814375,0.9301107996031743
s1415,liver,0.9827,0.9723374885695645,0.9769849099206346
s1415,lung_lower_lobe_left,0.8553,0.9407788749800093,0.9432826701058197
s1415,lung_lower_lobe_right,0.9504,0.8328826093400212,0.8585431979141233
s1415,lung_middle_lobe_right,0.9601,0.9308328447478058,0.8727917288359784
s1415,lung_upper_lobe_left,0.8749,0.952260361949232,0.8887944437830687
s1415,lung_upper_lobe_right,0.9261,0.9553987637605728,0.8658108933982679
s1415,pancreas,0.9072,0.9113294876021156,0.9073126723063981
s1415,portal_vein_and_splenic_vein,0.8746,0.8454341908659538,0.8589724444444446
s1415,prostate,0.0,0.3258402609553589,0.3321326957671957
s1415,pulmonary_vein,0.8746,0.9344995687935636,0.8960812141053388
s1415,rib_left_10,0.9624,0.9574089229071627,0.9507971023809528
s1415,rib_left_11,0.9631,0.9166034301404733,0.9475517982804237
s1415,rib_left_12,0.9405,0.9188071957123045,0.8992331443121687
s1415,rib_left_3,0.8879,0.6675811200330243,0.6829650855820106
s1415,rib_left_4,0.9638,0.9434306328454957,0.9173329281746034
s1415,rib_left_5,0.9626,0.9789633080678918,0.9390896235449736
s1415,rib_left_6,0.9749,0.9618721136827966,0.9703525670634915
s1415,rib_left_7,0.9743,0.9636474518677658,0.9559753407407408
s1415,rib_left_8,0.964,0.9721776674338879,0.949291154232804
s1415,rib_left_9,0.97,0.950743214060421,0.9516708603174605
s1415,rib_right_10,0.8853,0.9629149335691567,0.950892660449735
s1415,rib_right_11,0.9644,0.9356235762993742,0.9369033346560843
s1415,rib_right_12,0.9658,0.854820110140332,0.8861982382275134
s1415,rib_right_4,0.9511,0.8080785297510304,0.9040705682659941
s1415,rib_right_5,0.9648,0.9462261243762498,0.9341726845238092
s1415,rib_right_6,0.9695,0.9683414670331443,0.95562178558201
s1415,rib_right_7,0.9694,0.9640617074123827,0.9554886742063494
s1415,rib_right_8,0.9684,0.949702403000032,0.9571903776455021
s1415,rib_right_9,0.9742,0.973562928193595,0.9510985562169312
s1415,sacrum,0.9547,0.9539593668795824,0.9348830706349202
s1415,small_bowel,0.9143,0.9289032245259287,0.8850782391534389
s1415,spinal_cord,0.9393,0.9488524896974145,0.9438424179894177
s1415,spleen,0.97,0.9600912796495571,0.9710553882275127
s1415,sternum,0.9054,0.9517049130300338,0.9251338060846558
s1415,stomach,0.9437,0.9382516928930847,0.934856928150553
s1415,superior_vena_cava,0.9598,0.8032676140827615,0.7941150437830689
s1415,trachea,0.6132,0.611853226848676,0.26929796984126964
s1415,urinary_bladder,0.666,0.8416067928917977,0.8109117124338628
s1415,vertebrae_L1,0.9852,0.9876129639241077,0.9793332768518513
s1415,vertebrae_L2,0.9856,0.9701295536378213,0.974950363492063
s1415,vertebrae_L3,0.99,0.9710789810593469,0.9791559124338627
s1415,vertebrae_L4,0.9883,0.9734272017614028,0.9731676935185188
s1415,vertebrae_L5,0.9861,0.9680519365356296,0.9773696089947087
s1415,vertebrae_S1,0.9418,0.945782231761409,0.9332974130952382
s1415,vertebrae_T10,0.9834,0.9689600802755636,0.9423735332010582
s1415,vertebrae_T11,0.9864,0.983794621815088,0.9128563332010586
s1415,vertebrae_T12,0.9829,0.9809270431576942,0.9408489301587305
s1415,vertebrae_T5,0.9167,0.932295060346146,0.7144786203703697
s1415,vertebrae_T6,0.9701,0.9816685069266237,0.9056756969576717
s1415,vertebrae_T7,0.9835,0.9310404592511212,0.9403052341269845
s1415,vertebrae_T8,0.9782,0.8515892920102852,0.9401013759259259
s1415,vertebrae_T9,0.9846,0.8857656360093061,0.9334135234126991
s1176,adrenal_gland_left,0.0,0.40473161141684844,0.470736759920635
s1176,adrenal_gland_right,0.3364,0.27221784313471015,0.44056343235930756
s1176,aorta,0.9321,0.9597248394884149,0.9533493361111115
s1176,atrial_appendage_left,0.8479,0.7152120382067415,0.8081378567460313
s1176,autochthon_left,0.9555,0.9811153612853326,0.9678951712842719
s1176,autochthon_right,0.9498,0.9754986206197135,0.9649043608465607
s1176,brachiocephalic_trunk,0.9223,0.7292295148434709,0.7752375182539682
s1176,brachiocephalic_vein_left,0.9103,0.8488721217121852,0.8380342515873017
s1176,brachiocephalic_vein_right,0.9676,0.8389442240305206,0.8486362067580571
s1176,clavicula_left,0.9783,0.9655835477981501,0.9675999301587302
s1176,clavicula_right,0.9709,0.9591043269783872,0.9648478186387686
s1176,colon,0.9304,0.9021296993924762,0.9286345777417023
s1176,common_carotid_artery_left,0.8802,0.6946459221665217,0.8030263948412701
s1176,common_carotid_artery_right,0.7243,0.6121941584529721,0.6717090690476192
s1176,costal_cartilages,0.8766,0.8933417161125246,0.8851162349206354
s1176,duodenum,0.5075,0.8558836327799,0.8664187903439161
s1176,esophagus,0.8969,0.9188840069428478,0.9218894948412704
s1176,gallbladder,0.9328,0.8858372096587691,0.9039444941798943
s1176,heart,0.9199,0.9526374653719876,0.9416020863756605
s1176,humerus_left,0.9749,0.952642328319932,0.9573628564574321
s1176,humerus_right,0.9696,0.9442726055519788,0.9306132842352087
s1176,iliopsoas_left,0.9036,0.8199196444079457,0.8273370976190477
s1176,iliopsoas_right,0.9366,0.8063941660999079,0.8228096960317465
s1176,inferior_vena_cava,0.7778,0.9175616946009545,0.9102191715608479
s1176,kidney_left,0.8283,0.9243676397501273,0.9733470732804229
s1176,kidney_right,0.9546,0.9492221145817532,0.9737081924603168
s1176,liver,0.9682,0.991325416686284,0.9817390955026447
s1176,lung_lower_lobe_left,0.9808,0.986125576877465,0.9843138119047613
s1176,lung_lower_lobe_right,0.9868,0.9887739670678203,0.9897637806878309
s1176,lung_middle_lobe_right,0.9573,0.9738551720675533,0.9653793727513222
s1176,lung_upper_lobe_left,0.988,0.9911241376876949,0.9883225079365081
s1176,lung_upper_lobe_right,0.9819,0.9884216601033797,0.9823476966931218
s1176,pancreas,0.5029,0.8021615285969599,0.8093374523809529
s1176,portal_vein_and_splenic_vein,0.473,0.6149740447786942,0.6976683486772488
s1176,pulmonary_vein,0.9097,0.8666764284053392,0.8517928985449731
s1176,rib_left_1,0.9453,0.9584713046771215,0.9276144824175826
s1176,rib_left_10,0.9702,0.9672166879145666,0.9602952756613757
s1176,rib_left_11,0.9529,0.8878939905418928,0.884130594444445
s1176,rib_left_12,0.9539,0.954423465829295,0.9489130054232813
s1176,rib_left_2,0.9746,0.9631568834968506,0.9621994103174605
s1176,rib_left_3,0.9771,0.9554125758932082,0.9633404698412701
s1176,rib_left_4,0.9779,0.97002847324385,0.9706527317460315
s1176,rib_left_5,0.9762,0.9697409579270628,0.97004774510582
s1176,rib_left_6,0.961,0.9574226177709504,0.9699151515873015
s1176,rib_left_7,0.9737,0.9558886303972292,0.9731400448412704
s1176,rib_left_8,0.9641,0.9756455841981146,0.9678547034391539
s1176,rib_left_9,0.9758,0.9779941419738831,0.9654521494708992
s1176,rib_right_1,0.9551,0.9376197430906414,0.9228531813492062
s1176,rib_right_10,0.9717,0.9847259211929855,0.9609627529100531
s1176,rib_right_11,0.9693,0.9527125372326769,0.941500467063492
s1176,rib_right_12,0.9701,0.9469265932025926,0.9443058899470909
s1176,rib_right_2,0.9633,0.9670817845477218,0.9610813305555559
s1176,rib_right_3,0.9737,0.9706250627157693,0.964982713876864
s1176,rib_right_4,0.9761,0.9689636235102749,0.9685238556878312
s1176,rib_right_5,0.9792,0.9664602646849882,0.9698314320105815
s1176,rib_right_6,0.9775,0.968532516017345,0.9715298407407401
s1176,rib_right_7,0.9731,0.9606773590002775,0.9690877669312166
s1176,rib_right_8,0.9812,0.9797184764094464,0.9650924078042334
s1176,rib_right_9,0.9778,0.9736766690355324,0.9641755552068302
s1176,scapula_left,0.9727,0.9665409250502153,0.9588722224867722
s1176,scapula_right,0.9651,0.9567842289556522,0.9553905399470902
s1176,skull,0.9613,0.895144469731689,0.8142839104497359
s1176,small_bowel,0.7181,0.8510645114920444,0.8382211892857143
s1176,spinal_cord,0.9426,0.9640748865425971,0.9458966953944203
s1176,spleen,0.9408,0.9871056334033577,0.9761243955026462
s1176,sternum,0.951,0.9321722301658307,0.9333249611111109
s1176,stomach,0.9066,0.9080505462781336,0.9233171646825397
s1176,subclavian_artery_left,0.9306,0.7386480055120273,0.7281790752645502
s1176,subclavian_artery_right,0.8108,0.8206703001777056,0.8295224485449734
s1176,superior_vena_cava,0.9499,0.8509680942591227,0.871775736111111
s1176,thyroid_gland,0.8769,0.7751572818665611,0.7974487484126985
s1176,trachea,0.9712,0.9701576284056312,0.9262890320105819
s1176,vertebrae_C7,0.9651,0.9413755339997425,0.8763665082010582
s1176,vertebrae_L1,0.9864,0.9788384589039353,0.9798652306878307
s1176,vertebrae_L2,0.9892,0.975733039520043,0.9803685288359787
s1176,vertebrae_L3,0.9906,0.9814168094484684,0.9743218431216935
s1176,vertebrae_L4,0.9493,0.6049991517547922,0.6660886582491578
s1176,vertebrae_T1,0.9809,0.9644030609180317,0.9635941436507932
s1176,vertebrae_T10,0.9892,0.9146315315125033,0.9698454838624335
s1176,vertebrae_T11,0.9904,0.9246476944324107,0.9499713551587302
s1176,vertebrae_T12,0.9876,0.9640926841558183,0.9685512702380957
s1176,vertebrae_T2,0.9833,0.8961879994212404,0.9623632123015878
s1176,vertebrae_T3,0.9834,0.8781444758998284,0.9481218816137558
s1176,vertebrae_T4,0.9869,0.8992443554669268,0.957703647486772
s1176,vertebrae_T5,0.9842,0.9168241720141854,0.9613305394179893
s1176,vertebrae_T6,0.9852,0.9100199487856736,0.9593215575396828
s1176,vertebrae_T7,0.9884,0.8977434159035413,0.9620578029100536
s1176,vertebrae_T8,0.9878,0.846549593279509,0.9585636432780182
s1176,vertebrae_T9,0.9916,0.9112473195974466,0.9663860884920635
s1386,adrenal_gland_left,0.9328,0.9083757972841894,0.8932037873015874
s1386,adrenal_gland_right,0.9066,0.8586047547035388,0.8861643383597881
s1386,aorta,0.9393,0.9576062460685767,0.9687865761904763
s1386,autochthon_left,0.9696,0.9734673554312863,0.9692972182539673
s1386,autochthon_right,0.9699,0.9680208854099871,0.9683927667989417
s1386,colon,0.9525,0.9509315639135604,0.9268173039682535
s1386,costal_cartilages,0.9174,0.8825078838986264,0.8931094851851852
s1386,duodenum,0.9329,0.8869727227356159,0.865283244708995
s1386,esophagus,0.6307,0.9264091793495713,0.9302722632275123
s1386,femur_left,0.9861,0.973098935107979,0.9812963654761906
s1386,femur_right,0.9888,0.9860951241008493,0.9831989365079361
s1386,gallbladder,0.9515,0.9488376264815503,0.913890657142857
s1386,gluteus_maximus_left,0.9728,0.981085659897911,0.9663019355098604
s1386,gluteus_maximus_right,0.978,0.9754965343544374,0.9714234675925913
s1386,gluteus_medius_left,0.9684,0.9687669472878434,0.9647611275132277
s1386,gluteus_medius_right,0.9577,0.9684179994092345,0.966378922619048
s1386,gluteus_minimus_left,0.9471,0.9494399559530884,0.9419725088624339
s1386,gluteus_minimus_right,0.9518,0.948949297410042,0.9429753994708993
s1386,heart,0.9117,0.8894674025072783,0.9259217035714281
s1386,hip_left,0.9855,0.9718478197934319,0.9721881440476194
s1386,hip_right,0.9848,0.9757658064941305,0.975457252645504
s1386,iliac_artery_left,0.9374,0.8909356600878692,0.8466248197089946
s1386,iliac_artery_right,0.9308,0.9331045331354724,0.9374709539682542
s1386,iliac_vena_left,0.937,0.9023012749741072,0.9146884304232805
s1386,iliac_vena_right,0.9271,0.904874360761392,0.8941146123015873
s1386,iliopsoas_left,0.9594,0.9543703915927283,0.9598712962962965
s1386,iliopsoas_right,0.9593,0.9654631452754662,0.9604195547619047
s1386,inferior_vena_cava,0.9098,0.9212661272808419,0.9019180297739301
s1386,kidney_cyst_right,0.0,0.884066064022789,0.9025185320105823
s1386,kidney_left,0.983,0.9750639438973501,0.9667343640572398
s1386,kidney_right,0.7644,0.9696202040169627,0.9225592124098121
s1386,liver,0.9862,0.9669541289253287,0.9764015740740746
s1386,lung_lower_lobe_left,0.9726,0.9920553054653326,0.9828000277777776
s1386,lung_lower_lobe_right,0.9912,0.978634272063111,0.9170150333934589
s1386,lung_middle_lobe_right,0.9793,0.9897034172234714,0.9767642175925928
s1386,lung_upper_lobe_left,0.9087,0.9853979098555843,0.975426936904762
s1386,lung_upper_lobe_right,0.2481,0.5851804515657438,0.5553678456349206
s1386,pancreas,0.9432,0.9031365867404746,0.8849570439153442
s1386,portal_vein_and_splenic_vein,0.848,0.88842321216495,0.8791504568783068
s1386,prostate,0.8514,0.8252561255625793,0.8052337292328045
s1386,pulmonary_vein,0.7977,0.8698461250842302,0.7824395980158736
s1386,rib_left_10,0.9842,0.9541976833125846,0.9599222133116884
s1386,rib_left_11,0.9845,0.9114439609876513,0.9357759294973547
s1386,rib_left_12,0.9807,0.9298838440893162,0.9223716002645498
s1386,rib_left_6,0.9569,0.9297571836426297,0.898811328571428
s1386,rib_left_7,0.9811,0.9527298704230218,0.9462967985449734
s1386,rib_left_8,0.988,0.92210687000662,0.88969219510582
s1386,rib_left_9,0.9854,0.9647901812199278,0.9595295682539683
s1386,rib_right_10,0.9821,0.9686025756478273,0.9615833505291013
s1386,rib_right_11,0.9715,0.9397416761475467,0.9554760976190481
s1386,rib_right_12,0.9715,0.9604208510424985,0.9408071051587297
s1386,rib_right_6,0.955,0.9343465418700055,0.9027069126984127
s1386,rib_right_7,0.9799,0.9756966097329843,0.9577721665343921
s1386,rib_right_8,0.9848,0.9476795410235085,0.9393713124338632
s1386,rib_right_9,0.9798,0.9649957003935055,0.9601308798941798
s1386,sacrum,0.9388,0.9103585152144567,0.8978734227513223
s1386,small_bowel,0.9485,0.9105820092779441,0.893517509656085
s1386,spinal_cord,0.943,0.9592441621506855,0.944662903835979
s1386,spleen,0.9839,0.9767914990216481,0.976989412433862
s1386,sternum,0.7622,0.7805475460165058,0.811811933730159
s1386,stomach,0.8005,0.9006264842005212,0.8931558900793658
s1386,urinary_bladder,0.9292,0.9528420594326834,0.9265416976190475
s1386,vertebrae_L1,0.9893,0.9640610133318216,0.9734382472222216
s1386,vertebrae_L2,0.9888,0.9666197498314273,0.9630957626984126
s1386,vertebrae_L3,0.989,0.9702367389760543,0.9659859440476195
s1386,vertebrae_L4,0.9886,0.9718430016688201,0.9705633825396819
s1386,vertebrae_L5,0.9837,0.9780843420951484,0.9751654968253963
s1386,vertebrae_S1,0.9509,0.948131376742585,0.9562592226190477
s1386,vertebrae_T10,0.9843,0.9758757041807432,0.9721826996031744
s1386,vertebrae_T11,0.9841,0.9612111702487995,0.9728485777777774
s1386,vertebrae_T12,0.9894,0.9413831277450524,0.9737255186507936
s1386,vertebrae_T8,0.9864,1.0,0.8679679261904757
s1386,vertebrae_T9,0.9838,1.0,0.9611572440476177
s0808,adrenal_gland_left,0.826,0.8517295108066949,0.8358655846560844
s0808,adrenal_gland_right,0.8997,0.8708135067953988,0.8632929469576714
s0808,aorta,0.9717,0.9719110803196842,0.9681394681216932
s0808,atrial_appendage_left,0.8268,0.8622844237613431,0.8826781527777778
s0808,autochthon_left,0.9495,0.9378412439560933,0.9498983563492068
s0808,autochthon_right,0.9525,0.9473025181385264,0.9457671904761905
s0808,brachiocephalic_trunk,0.9346,0.9381263862357951,0.9162920001322747
s0808,brachiocephalic_vein_left,0.9446,0.9190142131641508,0.9335372448412702
s0808,brachiocephalic_vein_right,0.7735,0.9194081409018664,0.8834383186507938
s0808,clavicula_left,0.9544,0.9499854048431237,0.9611193623015869
s0808,clavicula_right,0.9608,0.9643541878705599,0.9214577985449731
s0808,colon,0.7567,0.7767945693826843,0.809081596825397
s0808,common_carotid_artery_left,0.9043,0.9341263948671197,0.899685800396825
s0808,common_carotid_artery_right,0.8395,0.9126362056540691,0.9080496566137563
s0808,costal_cartilages,0.7827,0.7649993675406545,0.7909822328643581
s0808,esophagus,0.9197,0.8824367003627926,0.9141115312409814
s0808,heart,0.9337,0.944821689198858,0.9459645942881197
s0808,humerus_left,0.9626,0.8688666925240393,0.9060356711640215
s0808,humerus_right,0.9721,0.9793133703913646,0.938960242460318
s0808,iliopsoas_right,0.7048,0.9438646817491839,0.707467825925926
s0808,inferior_vena_cava,0.908,0.88199076870938,0.8875507449134207
s0808,kidney_left,0.9725,1.0,0.9129228543650793
s0808,kidney_right,0.5613,0.9281581880397805,0.8859266169312169
s0808,liver,0.9819,0.9899244816190951,0.9796837705026459
s0808,lung_lower_lobe_left,0.9887,0.9858726979484026,0.9815760048941795
s0808,lung_lower_lobe_right,0.9884,0.9764077479858054,0.9794988753968251
s0808,lung_middle_lobe_right,0.9535,0.9281327159768565,0.9569654743386239
s0808,lung_upper_lobe_left,0.9938,0.9848823267135065,0.9854679354978357
s0808,lung_upper_lobe_right,0.9773,0.989354805450455,0.9804539447089949
s0808,pancreas,0.8233,0.7855117996138744,0.7663500714285714
s0808,portal_vein_and_splenic_vein,0.8057,0.8134126627677577,0.7587753273809528
s0808,pulmonary_vein,0.924,0.9057555114591748,0.8644633761904765
s0808,rib_left_1,0.873,0.9411479235389241,0.9242887378306879
s0808,rib_left_10,0.9347,0.9367150561921721,0.9472433793650792
s0808,rib_left_11,0.8298,0.923206682845753,0.8082336334656084
s0808,rib_left_12,0.6954,0.8925323807948746,0.900115425793651
s0808,rib_left_2,0.9376,0.9697456602367278,0.9533319227513223
s0808,rib_left_3,0.9295,0.9807449926627341,0.9558988314814809
s0808,rib_left_4,0.9375,0.9585716082431083,0.9589756212962964
s0808,rib_left_5,0.9617,0.9165874449158665,0.9604558082251081
s0808,rib_left_6,0.9583,0.9643667651352565,0.9618810136483883
s0808,rib_left_7,0.9544,0.9627733252239711,0.9651238436507932
s0808,rib_left_8,0.9399,0.9637696163951994,0.964338319444444
s0808,rib_left_9,0.9421,0.9431504672267907,0.9589067531746036
s0808,rib_right_1,0.9174,0.9162944730691964,0.9239698793650784
s0808,rib_right_10,0.9332,0.9627937022165417,0.9481178003968254
s0808,rib_right_11,0.9403,0.9486534733372287,0.8540124507936504
s0808,rib_right_12,0.9096,0.7613449145309837,0.7877715150793656
s0808,rib_right_2,0.9503,0.9669161990276408,0.9518163322751321
s0808,rib_right_3,0.943,0.9613745437658917,0.9545553288359787
s0808,rib_right_4,0.9659,0.9540001208477751,0.9590208363756616
s0808,rib_right_5,0.9534,0.9555032344862875,0.9618049379870128
s0808,rib_right_6,0.9731,0.9537029531122497,0.963538685714286
s0808,rib_right_7,0.9615,0.9382881392348861,0.9661487341269839
s0808,rib_right_8,0.9556,0.9612591554889368,0.961522378968254
s0808,rib_right_9,0.9518,0.9370110153266153,0.9557581599206355
s0808,scapula_left,0.9544,0.924201870328439,0.9435954828042327
s0808,scapula_right,0.9587,0.9486519681608515,0.9504362124338631
s0808,skull,0.9258,0.7731326546469338,0.7762121634920638
s0808,spinal_cord,0.9411,0.9252370883457445,0.9289266116402121
s0808,spleen,0.9835,0.956822668881792,0.9574770043650792
s0808,sternum,0.916,0.9376109510596872,0.9225996542568538
s0808,stomach,0.975,0.8853868350296488,0.9326986234126987
s0808,subclavian_artery_left,0.8386,0.9072375764683519,0.9182862256613756
s0808,subclavian_artery_right,0.9113,0.9194774618353158,0.9090963888888896
s0808,superior_vena_cava,0.8957,0.9596634563110303,0.9256528535714275
s0808,thyroid_gland,0.6045,0.4348382966364653,0.5322496935185189
s0808,trachea,0.9726,0.9769588054902197,0.9540430679894177
s0808,vertebrae_C5,0.7805,0.8445905432667472,0.8778426642736891
s0808,vertebrae_C6,0.8833,0.9495270094900478,0.9165741570105825
s0808,vertebrae_C7,0.9403,0.9179911619314353,0.9452910572751321
s0808,vertebrae_L1,0.9635,0.8667373460375416,0.8825017686507934
s0808,vertebrae_T1,0.9687,0.9572083434707307,0.9622080198412696
s0808,vertebrae_T10,0.9797,0.9470709892876018,0.9635149497354493
s0808,vertebrae_T11,0.8837,0.7745618909439134,0.8061566949735443
s0808,vertebrae_T12,0.8704,0.8066122263564232,0.9072041600529095
s0808,vertebrae_T2,0.9736,0.9496999069475534,0.9611039876984129
s0808,vertebrae_T3,0.9718,0.9383678452139564,0.9584036257936503
s0808,vertebrae_T4,0.9738,0.8974743050535018,0.9478050222222222
s0808,vertebrae_T5,0.9639,0.8113472851836573,0.8927796738095238
s0808,vertebrae_T6,0.9756,0.9283195342879966,0.9501127555555559
s0808,vertebrae_T7,0.9733,0.9353356180943241,0.954893128571429
s0808,vertebrae_T8,0.9796,0.9538641866338203,0.9501780138888892
s0808,vertebrae_T9,0.9778,0.9132471700563133,0.9418573083333329
s1121,adrenal_gland_left,0.8653,0.8139749581117943,0.7207560617724869
s1121,adrenal_gland_right,0.7479,0.7942340479215967,0.7662834047619056
s1121,aorta,0.9489,0.9271929088131008,0.9086375228835974
s1121,autochthon_left,0.9433,0.9662168889397011,0.962078130952381
s1121,autochthon_right,0.9349,0.9769605356893587,0.965595489021164
s1121,colon,0.8426,0.8511864642716971,0.808618416666667
s1121,costal_cartilages,0.6718,0.850670920508305,0.7492618142857147
s1121,duodenum,0.4909,0.6837050175538615,0.7279977116402119
s1121,femur_left,0.9778,0.9677871243123183,0.9517521145502641
s1121,femur_right,0.9813,0.9577571653971069,0.9658945938071181
s1121,gallbladder,0.9331,0.9783268834254982,0.8963325250000003
s1121,gluteus_maximus_left,0.9458,0.9690069444454404,0.9632339093073593
s1121,gluteus_maximus_right,0.937,0.9166703704168303,0.9084738782865277
s1121,gluteus_medius_left,0.9538,0.9759791686912314,0.9560657274891768
s1121,gluteus_medius_right,0.9459,0.9677516944575194,0.9483946708994707
s1121,gluteus_minimus_left,0.9319,0.9257301904395211,0.9198143833333335
s1121,gluteus_minimus_right,0.9222,0.9353397383222106,0.9267509059523809
s1121,hip_left,0.9801,0.9539239399749732,0.9482585253968258
s1121,hip_right,0.9811,0.9836725568974344,0.9724636720899478
s1121,iliac_artery_left,0.8348,0.8219756196905001,0.827074996296296
s1121,iliac_artery_right,0.8564,0.858405541260878,0.8400373669312172
s1121,iliac_vena_left,0.2141,0.8049927311022081,0.8195331537037033
s1121,iliac_vena_right,0.7258,0.9106435947236641,0.9171813851851853
s1121,iliopsoas_left,0.9476,0.9465117817343108,0.9488783424603181
s1121,iliopsoas_right,0.9491,0.9331149136663538,0.9357744031746027
s1121,inferior_vena_cava,0.9324,0.8655414216241422,0.9171295054232809
s1121,kidney_left,0.9688,0.9616395092923865,0.9647102207671954
s1121,kidney_right,0.9821,0.9672129675965123,0.9740084253968252
s1121,liver,0.9835,0.9478405136144386,0.9658591464285717
s1121,lung_lower_lobe_left,0.9511,0.5325759535168378,0.47127423002645524
s1121,lung_lower_lobe_right,0.9743,0.9050551012630588,0.8336080328042329
s1121,pancreas,0.7923,0.8421337013734619,0.8909258449735442
s1121,portal_vein_and_splenic_vein,0.8364,0.8372030797099246,0.8440739170634923
s1121,rib_left_10,0.9503,0.8138433161583252,0.8074826287037039
s1121,rib_left_11,0.9487,0.880534989887279,0.9029383349206355
s1121,rib_left_12,0.9515,0.9494950874275797,0.9364688402116398
s1121,rib_left_8,0.9201,0.7540223356524176,0.7979700398148148
s1121,rib_left_9,0.8975,0.8380674037941055,0.8329438972222228
s1121,rib_right_10,0.9565,0.9794916325210364,0.8884853264550266
s1121,rib_right_11,0.9612,0.8815708698628535,0.9241571313492067
s1121,rib_right_12,0.9723,0.9862498471163115,0.9470715285714287
s1121,rib_right_8,0.9178,0.9444757032829814,0.8973819126984127
s1121,rib_right_9,0.9726,0.9710295064545084,0.9240693273809526
s1121,sacrum,0.941,0.9255433983972696,0.9371400276455021
s1121,small_bowel,0.6673,0.8308468356241133,0.8593262962962958
s1121,spinal_cord,0.9009,0.9485055587431245,0.9272367388888892
s1121,spleen,0.8712,0.9477442620678116,0.9435354555555563
s1121,stomach,0.8107,0.9268461315774598,0.9085514871693122
s1121,urinary_bladder,0.9162,0.9344426813010288,0.9131476269841269
s1121,vertebrae_L1,0.926,0.6979846601859925,0.7818887035714288
s1121,vertebrae_L2,0.8229,0.8562062737858482,0.7142972915343915
s1121,vertebrae_L3,0.8657,0.7007395546300785,0.7401599646825393
s1121,vertebrae_L4,0.9877,0.9518186567746688,0.9626220629629632
s1121,vertebrae_L5,0.9864,0.940617214392755,0.9670538001322752
s1121,vertebrae_S1,0.9197,0.9583499390966154,0.9594189551587308
s1121,vertebrae_T12,0.9549,0.8186599309397421,0.8917643214285718
s1408,brain,0.9806,0.9946606990991201,0.9572198613756618
s1408,skull,0.9641,0.9694865042027133,0.956366542724868
s1408,spinal_cord,0.884,0.9099132783784964,0.8471284977513228
s1408,vertebrae_C1,0.9499,0.9217361713171522,0.882223054365079
s1408,vertebrae_C2,0.934,0.5973670042808389,0.7479753078042322
s1057,aorta,0.4793,0.43259722431378234,0.5537576227513223
s1057,autochthon_left,0.9527,0.8841176316780497,0.9117641186507939
s1057,autochthon_right,0.9483,0.905169550837267,0.937655196031746
s1057,colon,0.7523,0.851019114082609,0.8481761058201058
s1057,duodenum,0.1224,0.18905820697625936,0.21517359682539686
s1057,femur_left,0.9828,0.9768388781863232,0.9664262208994715
s1057,femur_right,0.9844,0.9684175878813328,0.9764195146825397
s1057,gluteus_maximus_left,0.9268,0.9636115678366793,0.9632060452380952
s1057,gluteus_maximus_right,0.9367,0.9659841027108713,0.9637224718253966
s1057,gluteus_medius_left,0.949,0.9540390683907883,0.9575274714285718
s1057,gluteus_medius_right,0.9103,0.9648298148630203,0.9556657350529101
s1057,gluteus_minimus_left,0.9273,0.8955901699153549,0.9063256363756621
s1057,gluteus_minimus_right,0.9192,0.9200444393836428,0.9090612728835977
s1057,hip_left,0.9777,0.9812415110504121,0.9777601976190474
s1057,hip_right,0.9756,0.9737689152538033,0.9747990674603172
s1057,iliac_artery_left,0.7087,0.6922071163803394,0.7047365958994714
s1057,iliac_artery_right,0.6687,0.6412014303047715,0.6772873030062528
s1057,iliac_vena_left,0.8542,0.88161782492531,0.8833862815776816
s1057,iliac_vena_right,0.7148,0.7246892552075613,0.6917573693121682
s1057,iliopsoas_left,0.923,0.944867343671083,0.9332805231481478
s1057,iliopsoas_right,0.9451,0.9469301879376966,0.9352046780423285
s1057,inferior_vena_cava,0.0651,0.7364789217453915,0.7795493296296304
s1057,kidney_right,0.8824,0.0865797409226321,0.2023950150793651
s1057,sacrum,0.9322,0.9262690674449907,0.9326307434583928
s1057,small_bowel,0.6596,0.7337723637560278,0.8081649373015876
s1057,spinal_cord,0.8871,0.880812614320938,0.8880402797619047
s1057,urinary_bladder,0.8285,0.8995671624564224,0.9341014970899475
s1057,vertebrae_L4,0.9512,0.9472102263426702,0.9520445285714286
s1057,vertebrae_L5,0.9637,0.9766017324206332,0.9687609623015876
s1057,vertebrae_S1,0.9287,0.9587718941630287,0.9382761214285709
s0482,adrenal_gland_left,0.8928,0.8041564326681127,0.7813245489417986
s0482,adrenal_gland_right,0.6783,0.7069424485944363,0.7782212570105822
s0482,aorta,0.9714,0.9539454031118609,0.9513860543650795
s0482,atrial_appendage_left,0.8384,0.3932913631471175,0.5844684552910053
s0482,autochthon_left,0.9328,0.9380992083157169,0.9307590162698423
s0482,autochthon_right,0.9306,0.9484658504778629,0.9386064063492067
s0482,brachiocephalic_trunk,0.9182,0.8019800227186519,0.8454416047619053
s0482,brachiocephalic_vein_left,0.8563,0.6498821322069765,0.7507917910894663
s0482,brachiocephalic_vein_right,0.8873,0.8941495682109896,0.8791648190476189
s0482,brain,0.9406,0.9153658607457433,0.9216413182539681
s0482,clavicula_left,0.9643,0.955909752096385,0.9562615642857146
s0482,clavicula_right,0.9529,0.9676472898669881,0.940607532407408
s0482,colon,0.2782,0.490133994080531,0.6758682451058207
s0482,common_carotid_artery_left,0.8757,0.8794108459214859,0.8483577330687836
s0482,common_carotid_artery_right,0.7799,0.8277420549655553,0.8157597452982205
s0482,costal_cartilages,0.8686,0.8115633177740201,0.8090160669312169
s0482,duodenum,0.5316,0.8764883905538764,0.8896755801587299
s0482,esophagus,0.9096,0.9183230734683847,0.92129736547619
s0482,gallbladder,0.7672,0.6939723528625837,0.7851665280423281
s0482,heart,0.9323,0.9264553754727247,0.9251155396825397
s0482,humerus_left,0.9552,0.9492482395036539,0.9560645384920641
s0482,humerus_right,0.9627,0.8816480303783948,0.8617618726190476
s0482,iliopsoas_right,0.9,0.403829653574619,0.2117051777777778
s0482,inferior_vena_cava,0.6771,0.6821184278190322,0.5418617553751808
s0482,kidney_left,0.9705,0.8278446645293229,0.7238729158730163
s0482,kidney_right,0.9775,0.7692998546584676,0.7566410624338624
s0482,liver,0.9753,0.9703411201184708,0.9652212023809519
s0482,lung_lower_lobe_left,0.9792,0.9707937946887977,0.9756610279100522
s0482,lung_lower_lobe_right,0.9787,0.9887125515455704,0.9768219506613752
s0482,lung_middle_lobe_right,0.9547,0.9140017017930033,0.9516408579365075
s0482,lung_upper_lobe_left,0.9863,0.9842495324273406,0.9771724488095233
s0482,lung_upper_lobe_right,0.9838,0.9841796192116984,0.9758465085978837
s0482,pancreas,0.463,0.5768836905449363,0.6092510249999996
s0482,portal_vein_and_splenic_vein,0.4938,0.3158600022010159,0.4791996646825392
s0482,pulmonary_vein,0.8912,0.8501259101178082,0.8452982829365073
s0482,rib_left_1,0.9489,0.7947612757049659,0.8895611293650798
s0482,rib_left_10,0.9631,0.9749811826723405,0.9494099035714281
s0482,rib_left_11,0.9756,0.980765176388697,0.9483421210317469
s0482,rib_left_12,0.9448,0.8156806072778313,0.8911370424603176
s0482,rib_left_2,0.9669,0.9457597556237817,0.9428396650793653
s0482,rib_left_3,0.9733,0.9553070345022517,0.9547329484126982
s0482,rib_left_4,0.9619,0.9514310206588784,0.9579501399470903
s0482,rib_left_5,0.9639,0.956391648506674,0.9427373610750357
s0482,rib_left_6,0.961,0.9528485561358588,0.9550751477513224
s0482,rib_left_7,0.9724,0.9285010488164411,0.9516039873015875
s0482,rib_left_8,0.9766,0.9531940623874459,0.948173837169313
s0482,rib_left_9,0.9795,0.9457397984631282,0.9432830251322764
s0482,rib_right_1,0.921,0.8944788387430826,0.914377309656085
s0482,rib_right_10,0.9631,0.9520281534554121,0.957843146031746
s0482,rib_right_11,0.9656,0.9427459397887517,0.9171108022486768
s0482,rib_right_12,0.9541,0.6572117824763378,0.7219223408730157
s0482,rib_right_2,0.9742,0.9548645683186857,0.945077808730158
s0482,rib_right_3,0.9683,0.9576856707328122,0.9516259541005284
s0482,rib_right_4,0.9626,0.9559497219503248,0.9546450439153435
s0482,rib_right_5,0.9607,0.9545782895050829,0.948815613492063
s0482,rib_right_6,0.9591,0.972033075525126,0.9593223099206345
s0482,rib_right_7,0.9604,0.94205736688546,0.9450411097883591
s0482,rib_right_8,0.9694,0.9601820998316026,0.9268390095238099
s0482,rib_right_9,0.9683,0.9561729764137714,0.9500081035714283
s0482,scapula_left,0.9465,0.9268669877640139,0.9476213255772008
s0482,scapula_right,0.8853,0.9392414721351089,0.9394188197089947
s0482,skull,0.9196,0.960868021746069,0.9441210798941804
s0482,small_bowel,0.0,0.7338047562855466,0.7173831630952384
s0482,spinal_cord,0.9519,0.9169571419230811,0.9357509488095239
s0482,spleen,0.9656,0.8620410137549076,0.8744252611111112
s0482,sternum,0.9233,0.8744286428257101,0.8995895873015869
s0482,stomach,0.9076,0.8834681903931823,0.8926840559523816
s0482,subclavian_artery_left,0.8871,0.8564645655087061,0.8858435430976425
s0482,subclavian_artery_right,0.9148,0.8449775448624093,0.8699396587301585
s0482,superior_vena_cava,0.9338,0.8911215698240191,0.9027451765873015
s0482,thyroid_gland,0.8818,0.9250609618700815,0.9077986375661375
s0482,trachea,0.9643,0.9703039278692517,0.9567792474867736
s0482,vertebrae_C1,0.9272,0.936064322205195,0.9300784880952375
s0482,vertebrae_C2,0.9718,0.9135251992251544,0.928163995899471
s0482,vertebrae_C3,0.9581,0.9251106825492372,0.9238177845238098
s0482,vertebrae_C4,0.9553,0.9253787923192852,0.9248603206349202
s0482,vertebrae_C5,0.9426,0.8993932382817803,0.8691771761904763
s0482,vertebrae_C6,0.9556,0.9362786202653204,0.9334063551587299
s0482,vertebrae_C7,0.9519,0.9547414877854841,0.9173434484126991
s0482,vertebrae_L1,0.9803,0.8962164271569939,0.8260630119047625
s0482,vertebrae_T1,0.9731,0.9302198393448092,0.9275439910052912
s0482,vertebrae_T10,0.9767,0.947886121350894,0.9389804113275617
s0482,vertebrae_T11,0.9786,0.8603057387422542,0.9108722943121687
s0482,vertebrae_T12,0.9827,0.9128655804212343,0.9275422170634913
s0482,vertebrae_T2,0.9725,0.932864104925825,0.9298963394179893
s0482,vertebrae_T3,0.9738,0.9370767886788804,0.9372105477513228
s0482,vertebrae_T4,0.9679,0.9268842949914676,0.9131715503968255
s0482,vertebrae_T5,0.9761,0.9288209024859828,0.9295668734126984
s0482,vertebrae_T6,0.9752,0.9397543171987709,0.9437007624939879
s0482,vertebrae_T7,0.9809,0.9395074451902558,0.9402085688431938
s0482,vertebrae_T8,0.981,0.9484525030490746,0.9365456600649353
s0482,vertebrae_T9,0.9799,0.9419313395477744,0.9381014642857148
s1233,adrenal_gland_left,0.7759,0.8995297059594541,0.8901891801587302
s1233,adrenal_gland_right,0.7774,0.8494213310832963,0.8877242597883603
s1233,aorta,0.9711,0.9669517518864186,0.9642192166666661
s1233,atrial_appendage_left,0.7737,0.850484199310762,0.8938240273809525
s1233,autochthon_left,0.9465,0.9580582538316065,0.9619163936507937
s1233,autochthon_right,0.9475,0.9631927085911368,0.9616660644179899
s1233,brachiocephalic_trunk,0.8913,0.8715840746380139,0.8655473466089465
s1233,brachiocephalic_vein_left,0.8883,0.8896384753215669,0.9146872953703699
s1233,brachiocephalic_vein_right,0.9133,0.860497318784858,0.8975129535714289
s1233,clavicula_left,0.9617,0.9816973266816617,0.970857230687831
s1233,clavicula_right,0.9172,0.9823182733070646,0.9638612888888894
s1233,colon,0.9139,0.8585528810589784,0.853480560978836
s1233,common_carotid_artery_left,0.8721,0.9118678951854302,0.8974549265873016
s1233,common_carotid_artery_right,0.8128,0.8681775334724182,0.8808300498677252
s1233,costal_cartilages,0.8583,0.8743464937501166,0.878158202248677
s1233,duodenum,0.9311,0.8580113064361695,0.8939534800264556
s1233,esophagus,0.9103,0.9265005119713914,0.9277500567460316
s1233,femur_left,0.972,0.9837815124037701,0.9660395380952377
s1233,femur_right,0.9801,0.981361971034706,0.9715893976190472
s1233,gallbladder,0.8284,0.8539184127901462,0.8603386794973553
s1233,gluteus_maximus_left,0.936,0.9704564188919862,0.9697377407407418
s1233,gluteus_maximus_right,0.9638,0.9809624053391434,0.972344509391534
s1233,gluteus_medius_left,0.9232,0.9581707024311602,0.960346616798942
s1233,gluteus_medius_right,0.9448,0.9674018335209765,0.9636944042207788
s1233,gluteus_minimus_left,0.8362,0.8697778627680703,0.9088313910052911
s1233,gluteus_minimus_right,0.9107,0.9196084981704955,0.9322180063492062
s1233,heart,0.9128,0.9467717103665355,0.9314531367724874
s1233,hip_left,0.9686,0.9609644989961609,0.9774466202380948
s1233,hip_right,0.9703,0.9652471721400254,0.9746722469576726
s1233,humerus_left,0.8615,0.9426929845266946,0.9571822804232801
s1233,humerus_right,0.9614,0.963153138549777,0.9577526489417992
s1233,iliac_artery_left,0.8256,0.8837226895879021,0.8753588091269838
s1233,iliac_artery_right,0.9255,0.8677913536570012,0.8768882037037035
s1233,iliac_vena_left,0.8624,0.8806484993048576,0.8883418982804233
s1233,iliac_vena_right,0.8708,0.8431057042900268,0.8590047398148145
s1233,iliopsoas_left,0.9378,0.9465663735693429,0.959249929761905
s1233,iliopsoas_right,0.9396,0.9521039211602149,0.9528105527417027
s1233,inferior_vena_cava,0.8636,0.9192132817887857,0.8993672138888889
s1233,kidney_left,0.9236,0.9352589605244199,0.9417499956349208
s1233,kidney_right,0.9362,0.9540592518131498,0.9479518892857146
s1233,liver,0.9631,0.971710705326715,0.9856147944444444
s1233,lung_lower_lobe_left,0.9899,0.9922786980831525,0.991724895899471
s1233,lung_lower_lobe_right,0.9872,0.9837742941321953,0.9898743440476189
s1233,lung_middle_lobe_right,0.97,0.9650454072243267,0.9737995576719569
s1233,lung_upper_lobe_left,0.9908,0.9879555380937127,0.9897165300264551
s1233,lung_upper_lobe_right,0.9835,0.9860982353884364,0.9856337817460326
s1233,pancreas,0.8312,0.8855386171103489,0.880493639814815
s1233,portal_vein_and_splenic_vein,0.6685,0.8281879132339016,0.8606918428571426
s1233,pulmonary_vein,0.9019,0.8435695847111175,0.8901691482804235
s1233,rib_left_1,0.9276,0.9483682677441203,0.9338802480158722
s1233,rib_left_10,0.9571,0.9664590925167151,0.959988402910053
s1233,rib_left_11,0.7903,0.9428194410519131,0.9478653843915347
s1233,rib_left_12,0.8233,0.819682935025259,0.917751713227514
s1233,rib_left_2,0.9546,0.95504701198917,0.9529526436507939
s1233,rib_left_3,0.9482,0.9436334342150178,0.9427843751322758
s1233,rib_left_4,0.9611,0.9592658688018069,0.9562502093915338
s1233,rib_left_5,0.9461,0.9654430441645303,0.9600757718253973
s1233,rib_left_6,0.945,0.9576741602011327,0.961694922751322
s1233,rib_left_7,0.9518,0.9633277254950321,0.9682054666666668
s1233,rib_left_8,0.9506,0.9646321899178236,0.9523788121693123
s1233,rib_left_9,0.9617,0.9684219814588471,0.9606728392857139
s1233,rib_right_1,0.9112,0.9281894911526071,0.9306547757936509
s1233,rib_right_10,0.9256,0.9661274140746124,0.966341455687831
s1233,rib_right_11,0.8665,0.9473876577153933,0.9498019374338614
s1233,rib_right_12,0.9098,0.9251990200595839,0.9236765339947092
s1233,rib_right_2,0.9507,0.9460500091733997,0.9398748314814815
s1233,rib_right_3,0.9214,0.957004256309088,0.9450893325396827
s1233,rib_right_4,0.9425,0.9519565961598122,0.9590383629629627
s1233,rib_right_5,0.9145,0.9661927187686494,0.959815147354497
s1233,rib_right_6,0.9548,0.9685952028795128,0.9664953174603171
s1233,rib_right_7,0.9345,0.9667753106749456,0.9637908317460314
s1233,rib_right_8,0.9496,0.9698338085965598,0.9698434285714287
s1233,rib_right_9,0.9636,0.969931825632891,0.9729212123015871
s1233,sacrum,0.9219,0.9553941516048418,0.9164947932539677
s1233,scapula_left,0.9213,0.9274679253557915,0.9456311414021172
s1233,scapula_right,0.9402,0.949597359193776,0.9571367921957671
s1233,skull,0.8929,0.8996055847574094,0.9217020104497351
s1233,small_bowel,0.9269,0.9102022096860998,0.9009981338624335
s1233,spinal_cord,0.9393,0.9376687281460411,0.9436405878306878
s1233,spleen,0.9267,0.9505594452825877,0.9613383153439158
s1233,sternum,0.9204,0.919817664450397,0.921892064285714
s1233,stomach,0.8817,0.9030337372044565,0.9001800658730158
s1233,subclavian_artery_left,0.8794,0.9005481179284041,0.8791780269841273
s1233,subclavian_artery_right,0.8229,0.9235046061550556,0.8882656775132283
s1233,superior_vena_cava,0.9419,0.912388298288782,0.9096504153439149
s1233,thyroid_gland,0.5519,0.5996942263367349,0.6757522571428576
s1233,trachea,0.93,0.9586064921408085,0.947309467700817
s1233,urinary_bladder,0.869,0.7581114537552197,0.8551517087301577
s1233,vertebrae_C5,0.8953,0.8804255132020781,0.8704993472222227
s1233,vertebrae_C6,0.817,0.9364524930968707,0.9229499923280419
s1233,vertebrae_C7,0.8143,0.949226757329399,0.9561871600529107
s1233,vertebrae_L1,0.9692,0.9802245804911942,0.9810770817460311
s1233,vertebrae_L2,0.9662,0.9698920263699619,0.9791022936507936
s1233,vertebrae_L3,0.9608,0.9555521452278745,0.9755130075036073
s1233,vertebrae_L4,0.9622,0.9655207294279108,0.9771278182178935
s1233,vertebrae_L5,0.9594,0.9865684230800736,0.9802166273809523
s1233,vertebrae_S1,0.8671,0.895698030903187,0.9327839136243383
s1233,vertebrae_T1,0.8852,0.9414603869854409,0.9176450041005298
s1233,vertebrae_T10,0.9486,0.9813015000285585,0.9837485202380947
s1233,vertebrae_T11,0.9578,0.9827733604985579,0.9823840011904762
s1233,vertebrae_T12,0.9611,0.975838767368945,0.9839403195767191
s1233,vertebrae_T2,0.9511,0.9482374654950894,0.9689086048941802
s1233,vertebrae_T3,0.9424,0.972257991662783,0.9698547488095244
s1233,vertebrae_T4,0.9444,0.9611753123897199,0.9701227820105817
s1233,vertebrae_T5,0.9371,0.9604605084018912,0.9429626214285717
s1233,vertebrae_T6,0.9475,0.976222126663437,0.9709147134920636
s1233,vertebrae_T7,0.9486,0.9776459704997259,0.9748295686507934
s1233,vertebrae_T8,0.9439,0.9577580216429024,0.9750662281746018
s1233,vertebrae_T9,0.9326,0.9810596561853239,0.9819824673280423
s0216,aorta,0.9505,0.8869659656655459,0.8878022394179894
s0216,autochthon_left,0.9731,0.9714297281541392,0.9594360571428575
s0216,autochthon_right,0.9766,0.969372095534129,0.9592528948412704
s0216,colon,0.9024,0.8616365562226783,0.8463775027777779
s0216,duodenum,0.72,0.8971405277974759,0.8226811710317462
s0216,femur_left,0.9872,0.9958405766642259,0.9669965933381426
s0216,femur_right,0.9852,0.9601321286474594,0.960012627777778
s0216,gluteus_maximus_left,0.9757,0.9676795224968398,0.9662992227513223
s0216,gluteus_maximus_right,0.9791,0.9680048847486912,0.9702985088624335
s0216,gluteus_medius_left,0.9694,0.9631211622154303,0.958762544312169
s0216,gluteus_medius_right,0.9634,0.9552316798926309,0.9564864095238104
s0216,gluteus_minimus_left,0.9463,0.9264306709324981,0.9219485596560851
s0216,gluteus_minimus_right,0.9335,0.9102664286246256,0.9105283302549309
s0216,hip_left,0.9832,1.0,0.9749789041005298
s0216,hip_right,0.9823,0.9946718370132444,0.9742949855820112
s0216,iliac_artery_left,0.9242,0.923404740292418,0.905666196464646
s0216,iliac_artery_right,0.8953,0.9222348186261781,0.87905292089947
s0216,iliac_vena_left,0.8361,0.8752634782734104,0.8248055845238095
s0216,iliac_vena_right,0.8112,0.8608751220493329,0.7994424630952383
s0216,iliopsoas_left,0.9594,0.9491348209342663,0.9535925898148149
s0216,iliopsoas_right,0.9615,0.9405103174887375,0.9442254849206347
s0216,inferior_vena_cava,0.5574,0.9261478911986368,0.8997718772486775
s0216,kidney_right,0.9682,0.9594505440769148,0.923607586507936
s0216,liver,0.9868,0.941383904241746,0.9163830671957672
s0216,sacrum,0.9328,0.9484663355885807,0.944969236075036
s0216,small_bowel,0.8901,0.8998683334838801,0.9124607246031744
s0216,spinal_cord,0.9516,0.9446294081418187,0.9244060896825399
s0216,stomach,0.0,0.35208821991510536,0.3490666063492064
s0216,urinary_bladder,0.8861,0.9241078873655622,0.9015469753968259
s0216,vertebrae_L2,0.9879,1.0,0.9252131019841267
s0216,vertebrae_L3,0.9904,0.9694236823609751,0.98088467526455
s0216,vertebrae_L4,0.9908,0.9719804149349013,0.9819548153439155
s0216,vertebrae_L5,0.9785,0.9848746038639548,0.9818763066137561
s0216,vertebrae_S1,0.9401,0.9525320510657995,0.9447336193121689
s0747,adrenal_gland_left,0.7088,0.8450548827063671,0.8553044838624337
s0747,adrenal_gland_right,0.6967,0.9138771802765562,0.8735546785714283
s0747,aorta,0.9565,0.9127924266213341,0.9143885966931219
s0747,atrial_appendage_left,0.8228,0.8956791310257004,0.8980059439153445
s0747,autochthon_left,0.9337,0.9573393636441087,0.9447945341269836
s0747,autochthon_right,0.9254,0.9571217918752546,0.9447254043650789
s0747,brachiocephalic_trunk,0.6711,0.8768356962807784,0.894411515873016
s0747,brachiocephalic_vein_left,0.0006,0.8939900382804467,0.8771152751322753
s0747,brachiocephalic_vein_right,0.0867,0.8032210110203337,0.7855125414021167
s0747,clavicula_left,0.9395,0.9463686285910247,0.9506592496031745
s0747,clavicula_right,0.955,0.9717263443132724,0.9657937796296288
s0747,colon,0.8606,0.864299750873555,0.8663451679172676
s0747,common_carotid_artery_left,0.8097,0.9129442755044179,0.9178710096560849
s0747,common_carotid_artery_right,0.5342,0.5703687375752811,0.6538604464285714
s0747,costal_cartilages,0.8762,0.8638990984891644,0.8551216801587297
s0747,duodenum,0.7035,0.7859943343786481,0.7917642248677246
s0747,esophagus,0.8589,0.9148742225284476,0.9237296752645507
s0747,heart,0.9478,0.9441492156543058,0.9476936611111109
s0747,humerus_left,0.5854,0.8032620099837964,0.7035100480158734
s0747,humerus_right,0.9634,0.9388203967407065,0.9447734555555555
s0747,iliopsoas_left,0.856,0.8756206820526897,0.7521005791005297
s0747,iliopsoas_right,0.8628,0.8921595056043635,0.8522598694444447
s0747,inferior_vena_cava,0.8351,0.8928538062499434,0.8937056064333814
s0747,kidney_left,0.9212,0.9146852072872849,0.9514341341269839
s0747,kidney_right,0.9081,0.9327918302222136,0.9082971666666659
s0747,liver,0.9569,0.9696121870457106,0.9739464510582005
s0747,lung_lower_lobe_left,0.9824,0.9959314597161989,0.9903392179894179
s0747,lung_lower_lobe_right,0.988,0.9966461844917632,0.9915194630952381
s0747,lung_middle_lobe_right,0.961,0.962874489871564,0.9609708605820108
s0747,lung_upper_lobe_left,0.9854,0.9920180661958725,0.9903271365079371
s0747,lung_upper_lobe_right,0.9794,0.9825653971226429,0.9782730203703704
s0747,pancreas,0.635,0.8641863540144046,0.8597772990740734
s0747,portal_vein_and_splenic_vein,0.378,0.7524917889822891,0.7711166284391537
s0747,pulmonary_vein,0.8267,0.8928479998997478,0.8657938257936509
s0747,rib_left_1,0.8861,0.921130137963569,0.9109741957671963
s0747,rib_left_10,0.8958,0.9729800386222794,0.9644235612433864
s0747,rib_left_11,0.9375,0.9834939671124159,0.9527397599206349
s0747,rib_left_12,0.6985,0.9660885681538725,0.9341744871693127
s0747,rib_left_2,0.9429,0.9516739964037445,0.9573204563492068
s0747,rib_left_3,0.9025,0.9581499188684355,0.9582106293650796
s0747,rib_left_4,0.9538,0.9637325124866294,0.9600841072751335
s0747,rib_left_5,0.938,0.957128827644998,0.9433311623015868
s0747,rib_left_6,0.9277,0.9487603847356029,0.9381937228835971
s0747,rib_left_7,0.9204,0.9661362616603231,0.9521403753246742
s0747,rib_left_8,0.9417,0.9674171141227998,0.9628239992063493
s0747,rib_left_9,0.9455,0.9584587225089147,0.9673659511904763
s0747,rib_right_1,0.8616,0.9286230000670234,0.9091525247354497
s0747,rib_right_10,0.963,0.9628658434915698,0.9640648760582009
s0747,rib_right_11,0.951,0.9617053045279063,0.9555466052910052
s0747,rib_right_12,0.906,0.9365710702190965,0.9142789333333335
s0747,rib_right_2,0.938,0.9001530729157388,0.8638323780423277
s0747,rib_right_3,0.9019,0.9455141296564324,0.943844500793651
s0747,rib_right_4,0.9478,0.9538039510002868,0.9575194396825395
s0747,rib_right_5,0.9227,0.9342836136277641,0.9402584403439155
s0747,rib_right_6,0.9371,0.9529923970370009,0.9410226646825388
s0747,rib_right_7,0.9452,0.9644550304138767,0.954555704401154
s0747,rib_right_8,0.962,0.9717637195318264,0.9598935873376623
s0747,rib_right_9,0.9474,0.9649811823885612,0.9639753234126984
s0747,scapula_left,0.9188,0.9595512402237268,0.9532075434583934
s0747,scapula_right,0.9487,0.9583225596445314,0.9484519588383834
s0747,small_bowel,0.8474,0.7106676873321822,0.7324208224867721
s0747,spinal_cord,0.9439,0.9363220065643586,0.937644295502645
s0747,spleen,0.9446,0.9593826834155464,0.9573351527777785
s0747,sternum,0.907,0.9160252043978481,0.9207074992063493
s0747,stomach,0.9161,0.946619878768364,0.9497457595238094
s0747,subclavian_artery_left,0.857,0.8617895786884131,0.8428802401875906
s0747,subclavian_artery_right,0.8705,0.8376174715984573,0.8363836281746033
s0747,superior_vena_cava,0.7831,0.9039374390520197,0.9045456419312168
s0747,thyroid_gland,0.1869,0.48769564414971467,0.5185155551587302
s0747,trachea,0.9396,0.9632613174549661,0.9562135515873013
s0747,vertebrae_C5,0.4661,0.9649812143854575,0.8414413053631551
s0747,vertebrae_C6,0.7681,0.9267193389778418,0.9245212477513227
s0747,vertebrae_C7,0.8876,0.9089351622347452,0.9437984702140448
s0747,vertebrae_L1,0.9702,0.9656168819318419,0.9605110935786443
s0747,vertebrae_L2,0.9832,0.8798347543830869,0.8408261464045216
s0747,vertebrae_T1,0.9528,0.9623645502034123,0.9564522789682536
s0747,vertebrae_T10,0.954,0.9967864023662136,0.9697563852258851
s0747,vertebrae_T11,0.9682,0.9522760464651367,0.9601525281746038
s0747,vertebrae_T12,0.9652,0.9696171546594136,0.9448312351851857
s0747,vertebrae_T2,0.911,0.9657101829162535,0.9685675734126985
s0747,vertebrae_T3,0.9104,0.9579319387228393,0.960836566534392
s0747,vertebrae_T4,0.8874,0.9712929269376029,0.9634335009259267
s0747,vertebrae_T5,0.9015,0.966237294651031,0.9654771048941797
s0747,vertebrae_T6,0.9379,0.9626179101263896,0.9674750129629628
s0747,vertebrae_T7,0.9582,0.9598289686717629,0.9484796243386245
s0747,vertebrae_T8,0.9658,0.9663775185964784,0.9524486291245796
s0747,vertebrae_T9,0.948,0.9748272443948602,0.9622198688431939
s1094,adrenal_gland_left,0.8322,0.36070821329734487,0.2878467043650796
s1094,adrenal_gland_right,0.5785,0.22981271876500087,0.28061193293650777
s1094,aorta,0.9844,0.9543905438131162,0.965310165343915
s1094,atrial_appendage_left,0.9081,0.9213241182475034,0.9315570297619049
s1094,autochthon_left,0.9431,0.9690070374422706,0.9489420078042327
s1094,autochthon_right,0.9529,0.9618241835188194,0.9510499550264543
s1094,brachiocephalic_trunk,0.8881,0.830665265886873,0.8815690603174602
s1094,brachiocephalic_vein_left,0.8932,0.9037409367585597,0.8908519949735455
s1094,brachiocephalic_vein_right,0.5633,0.6036453783796144,0.7717650145502651
s1094,clavicula_left,0.9541,0.9663819855509483,0.9607642148148146
s1094,clavicula_right,0.9289,0.9480379212732896,0.9577020820105817
s1094,colon,0.8766,0.8666185905922508,0.8842284119047619
s1094,common_carotid_artery_left,0.7965,0.792184440180444,0.7760748138888891
s1094,common_carotid_artery_right,0.9108,0.802047448899988,0.8691838441798942
s1094,costal_cartilages,0.8545,0.801982978892593,0.822410863095238
s1094,esophagus,0.869,0.8973311689263658,0.866059087830688
s1094,heart,0.9467,0.9528238400346767,0.9421509179894179
s1094,humerus_left,0.9738,0.945488427133803,0.9228988705026446
s1094,humerus_right,0.9494,0.9148227423664314,0.90006533994709
s1094,inferior_vena_cava,0.6154,0.8343702069668996,0.8493109990740737
s1094,kidney_left,0.9744,0.9015982586125219,0.9237843080687831
s1094,liver,0.9812,0.9457758119478369,0.9651260246031749
s1094,lung_lower_lobe_left,0.9311,0.9752132272715262,0.9697839061568055
s1094,lung_lower_lobe_right,0.9867,0.9743172407933677,0.9766223446488692
s1094,lung_middle_lobe_right,0.9804,0.9604572691626138,0.9593628326719573
s1094,lung_upper_lobe_left,0.9552,0.9745161335639108,0.9745743473544972
s1094,lung_upper_lobe_right,0.9902,0.9826582013974366,0.9721685793650795
s1094,pancreas,0.59,0.8245684402820962,0.8872083222222223
s1094,portal_vein_and_splenic_vein,0.5353,0.6288292758000699,0.7633095539682541
s1094,pulmonary_vein,0.9527,0.9163475567957449,0.8783889210317462
s1094,rib_left_1,0.8224,0.817597440263045,0.8678935513227515
s1094,rib_left_10,0.972,0.9580470052298972,0.937553966402117
s1094,rib_left_11,0.9493,0.8678171077082422,0.9049570498677251
s1094,rib_left_2,0.932,0.875804055956205,0.8969895900793646
s1094,rib_left_3,0.9623,0.8815743097476249,0.8842889919312169
s1094,rib_left_4,0.9563,0.9063407353696962,0.7892551292328037
s1094,rib_left_5,0.9594,0.9648894079728649,0.9615861115079369
s1094,rib_left_6,0.7303,0.8548737797827437,0.8532954355459352
s1094,rib_left_7,0.6046,0.724835034226193,0.6987520175925924
s1094,rib_left_8,0.6867,0.6617123107559081,0.6971273507936508
s1094,rib_left_9,0.8619,0.8586810053038363,0.7948819404761905
s1094,rib_right_1,0.8961,0.9083484494635857,0.9292293912698413
s1094,rib_right_10,0.9445,0.8800437186179458,0.8461292142857147
s1094,rib_right_11,0.8631,0.5544597653452674,0.7336198761904766
s1094,rib_right_2,0.9674,0.9507174215177835,0.9612997302910048
s1094,rib_right_3,0.9617,0.7935673640740728,0.8517862936507936
s1094,rib_right_4,0.9654,0.9619178131463741,0.9583115141534396
s1094,rib_right_5,0.9756,0.9655497590951341,0.9581503429894184
s1094,rib_right_6,0.974,0.9528113626377726,0.9611576228835986
s1094,rib_right_7,0.9786,0.9287614975524535,0.9551883064814818
s1094,rib_right_8,0.7141,0.9371761187947413,0.9529771146825394
s1094,rib_right_9,0.6927,0.627306107732103,0.5789110851851851
s1094,scapula_left,0.9585,0.9649442765951295,0.9590525634920628
s1094,scapula_right,0.9099,0.9483161413623905,0.9343498466931215
s1094,skull,0.9591,0.9504143063522253,0.9383079992063498
s1094,small_bowel,0.0,0.00586971690449751,0.2613970466931217
s1094,spinal_cord,0.9674,0.929498434563603,0.9271207673280422
s1094,spleen,0.9782,0.9255352633024613,0.9607337821428573
s1094,sternum,0.8985,0.8964858195149324,0.8853647595238098
s1094,stomach,0.8741,0.7743780529413505,0.8867256980158728
s1094,subclavian_artery_left,0.8849,0.9403565361986287,0.9031892452380955
s1094,subclavian_artery_right,0.8689,0.925885264968994,0.8952456138888893
s1094,superior_vena_cava,0.8965,0.8935957320787518,0.8875938158730158
s1094,thyroid_gland,0.8625,0.8379539260873072,0.8181268048941803
s1094,trachea,0.9715,0.9396368868724212,0.9575858320105823
s1094,vertebrae_C5,0.697,0.6247922605870642,0.709300067279943
s1094,vertebrae_C6,0.8904,0.8286272554115375,0.803523348809524
s1094,vertebrae_C7,0.9027,0.7856362534400319,0.8582008793650787
s1094,vertebrae_T1,0.9475,0.9068740957619859,0.9443203900793651
s1094,vertebrae_T10,0.9846,0.928602247432738,0.9617607633597879
s1094,vertebrae_T11,0.9832,0.9424480066019274,0.9332365146825395
s1094,vertebrae_T12,0.9745,0.8900306406781335,0.7147710773809521
s1094,vertebrae_T2,0.9631,0.9662816293455937,0.9537641066137572
s1094,vertebrae_T3,0.9603,0.9216198212561146,0.9064582719576721
s1094,vertebrae_T4,0.9527,0.9761736279257325,0.9431861830687832
s1094,vertebrae_T5,0.9715,0.9576107772577364,0.9635650341269837
s1094,vertebrae_T6,0.9441,0.9636751950656199,0.9643134664021166
s1094,vertebrae_T7,0.9528,0.9545485048135586,0.9610219332010583
s1094,vertebrae_T8,0.9802,0.94567916828113,0.9537016519841268
s1094,vertebrae_T9,0.981,0.9512382634451751,0.9566070956349212
s1199,adrenal_gland_left,0.8421,0.8782555785788259,0.8428912591269843
s1199,adrenal_gland_right,0.8486,0.8686664358914269,0.8573400857142854
s1199,aorta,0.9785,0.9656292586167898,0.9552168496031741
s1199,atrial_appendage_left,0.9426,0.8636070807282822,0.8575434425925922
s1199,autochthon_left,0.9621,0.9611706133787773,0.9442793386243388
s1199,autochthon_right,0.9586,0.9522915988434559,0.9435749833333336
s1199,brachiocephalic_trunk,0.9481,0.8883197251014905,0.8845808997354504
s1199,brachiocephalic_vein_left,0.9426,0.8758094578026688,0.8838564042328038
s1199,brachiocephalic_vein_right,0.8586,0.9246255098029631,0.8608891642857143
s1199,clavicula_left,0.9677,0.9554395022672156,0.9478561857142848
s1199,clavicula_right,0.9636,0.9480238144082246,0.9521304751082249
s1199,colon,0.8941,0.8609163234459869,0.853073077248677
s1199,common_carotid_artery_left,0.9168,0.8891561614934709,0.8687710472222229
s1199,common_carotid_artery_right,0.8571,0.8464917171967581,0.8470986992063495
s1199,costal_cartilages,0.7796,0.8459406037654225,0.7998574063492064
s1199,duodenum,0.8552,0.7315244286782169,0.7175612834656083
s1199,esophagus,0.9237,0.9085055116781954,0.9178309526455027
s1199,gallbladder,0.861,0.791694881982199,0.825501730291005
s1199,heart,0.9404,0.9425398357672657,0.936063897619048
s1199,humerus_left,0.9552,0.8738211067828917,0.8608099287037037
s1199,humerus_right,0.9474,0.9535931483791481,0.9470078146825406
s1199,iliopsoas_left,0.7642,0.7313959874092716,0.6808147503968252
s1199,iliopsoas_right,0.8267,0.8258967365505052,0.8140930797619054
s1199,inferior_vena_cava,0.8856,0.9056331940132036,0.8887020448412699
s1199,kidney_left,0.9678,0.9473769176292531,0.9318700039682541
s1199,kidney_right,0.9646,0.9576724547699483,0.9411939043650788
s1199,liver,0.9835,0.9772364127889889,0.9735501066137556
s1199,lung_lower_lobe_left,0.989,0.9866315390075424,0.9826265527777771
s1199,lung_lower_lobe_right,0.9875,0.9835074201769441,0.983914516245791
s1199,lung_middle_lobe_right,0.9675,0.9752199510382555,0.9698439301587304
s1199,lung_upper_lobe_left,0.9929,0.9866011160078298,0.9835852638888894
s1199,lung_upper_lobe_right,0.9842,0.9747602436369405,0.9731804550264546
s1199,pancreas,0.9248,0.8723590966746617,0.8510938600529098
s1199,portal_vein_and_splenic_vein,0.7309,0.8646698982233777,0.8736638293650794
s1199,pulmonary_vein,0.9329,0.8672007505374251,0.8784399017195765
s1199,rib_left_1,0.9184,0.9379354136085282,0.9193114083333328
s1199,rib_left_10,0.9578,0.9634238220260739,0.9108539373015878
s1199,rib_left_11,0.8496,0.9765287510164663,0.9594075761904761
s1199,rib_left_12,0.9076,0.9366050499613953,0.8895674194444443
s1199,rib_left_2,0.9386,0.9096235722995607,0.9020805194444451
s1199,rib_left_3,0.8696,0.9265834169626834,0.9232738551587304
s1199,rib_left_4,0.9457,0.9498530607596137,0.9432451757936506
s1199,rib_left_5,0.8924,0.9391887531488989,0.878948900132275
s1199,rib_left_6,0.9254,0.9567917852609872,0.879390035978836
s1199,rib_left_7,0.9505,0.9603177351189659,0.9581380674603177
s1199,rib_left_8,0.9505,0.9851801785870372,0.9532154156926406
s1199,rib_left_9,0.9368,0.9576119537266836,0.9666425928571427
s1199,rib_right_1,0.8817,0.9540241997180393,0.9134826972222225
s1199,rib_right_10,0.9623,0.9533270365308749,0.9651839166666669
s1199,rib_right_11,0.9286,0.9779843358874301,0.9572645984126983
s1199,rib_right_12,0.9333,0.8320298230283386,0.8777342115079366
s1199,rib_right_2,0.9557,0.9700738550312327,0.9477194710317457
s1199,rib_right_3,0.9397,0.9722933217361773,0.947225894973544
s1199,rib_right_4,0.9522,0.9690790629748584,0.9549297301587302
s1199,rib_right_5,0.9388,0.9689940805128477,0.9458161912698417
s1199,rib_right_6,0.9278,0.9169719828910823,0.9074315846560845
s1199,rib_right_7,0.9324,0.9252521864964299,0.9192977088985093
s1199,rib_right_8,0.9121,0.9573062325076114,0.9647907865079365
s1199,rib_right_9,0.9524,0.8934706197240486,0.7652367603174599
s1199,scapula_left,0.886,0.93986642426571,0.8695551327200578
s1199,scapula_right,0.8865,0.9441033209766524,0.9222459491221737
s1199,small_bowel,0.5962,0.509584556451217,0.7002433984126981
s1199,spinal_cord,0.9257,0.9378875314093226,0.9286812247354493
s1199,spleen,0.9147,0.9395462610228283,0.9608417400793652
s1199,sternum,0.9098,0.9495173750178154,0.9194351992063488
s1199,stomach,0.9566,0.9570611732142105,0.9378554563492055
s1199,subclavian_artery_left,0.8776,0.8495297522839454,0.8138096105820105
s1199,subclavian_artery_right,0.9208,0.8701694545217656,0.8820862809523805
s1199,superior_vena_cava,0.9418,0.9120901719135368,0.8983323940476188
s1199,thyroid_gland,0.9126,0.9345961557458086,0.8958692146825395
s1199,trachea,0.9714,0.9902310670929677,0.9550268297619044
s1199,vertebrae_C7,0.9523,0.7613427902792916,0.70713586521164
s1199,vertebrae_L1,0.9804,0.9521889122438736,0.9484576570105809
s1199,vertebrae_L2,0.7464,0.876527332690192,0.6403499226190472
s1199,vertebrae_T1,0.9556,0.9218539470984253,0.9201309388888887
s1199,vertebrae_T10,0.9709,0.8963378153830199,0.9592087554232805
s1199,vertebrae_T11,0.9752,0.8978858062394992,0.9647783296296293
s1199,vertebrae_T12,0.9768,0.9362838659918284,0.9626029689153435
s1199,vertebrae_T2,0.9671,0.9703056129651054,0.9618976259259258
s1199,vertebrae_T3,0.957,1.0,0.9585658428571427
s1199,vertebrae_T4,0.9393,0.9048486780342239,0.8885082539682543
s1199,vertebrae_T5,0.945,0.9637085412211045,0.9481598174603175
s1199,vertebrae_T6,0.9492,0.9747893909076334,0.9441376783068777
s1199,vertebrae_T7,0.9632,0.948849247045028,0.9524011902116403
s1199,vertebrae_T8,0.9712,0.9337468183755554,0.944102806349206
s1199,vertebrae_T9,0.9729,0.9157482266143685,0.9495296251322743
s1410,brain,0.965,0.9628471145529712,0.9351352653439161
s1410,skull,0.9354,0.8921430112956205,0.8414875691798934
s1410,spinal_cord,0.907,0.8437986857957557,0.7503644779100533
s1410,vertebrae_C1,0.8695,0.8557805330960434,0.919246096296296
s1410,vertebrae_C2,0.8866,0.8105392162559993,0.8930561456349202
s0546,adrenal_gland_left,0.8961,0.9040331311099654,0.8807125214285715
s0546,adrenal_gland_right,0.8938,0.8988312017810418,0.8814194781746032
s0546,aorta,0.9761,0.9696410002446783,0.9715605423280421
s0546,atrial_appendage_left,0.9062,0.9025405079910181,0.9004596765873016
s0546,autochthon_left,0.9682,0.9724062756003141,0.9671754630952377
s0546,autochthon_right,0.9653,0.9714586697686421,0.9659036056878305
s0546,brachiocephalic_trunk,0.9444,0.9227038398729855,0.9190756167989416
s0546,brachiocephalic_vein_left,0.9126,0.9192274910097773,0.906666643783068
s0546,brachiocephalic_vein_right,0.8205,0.9274266086301871,0.9048846903439156
s0546,clavicula_left,0.9854,0.9929792323391998,0.9615228718253966
s0546,clavicula_right,0.9095,0.931788449167143,0.8606004740740741
s0546,colon,0.8593,0.9034080844038215,0.8899289480158731
s0546,common_carotid_artery_left,0.9574,0.9104973161429648,0.9222354169312171
s0546,common_carotid_artery_right,0.9019,0.8781055420726035,0.9015173611111108
s0546,costal_cartilages,0.8731,0.8284478098074378,0.8090333579365072
s0546,duodenum,0.8264,0.9111228473094697,0.8978896538359786
s0546,esophagus,0.952,0.9174056993944184,0.9223885119047622
s0546,femur_left,0.9843,0.9819233992941628,0.9832370134920632
s0546,femur_right,0.9876,0.9520752401796707,0.974027767063492
s0546,gallbladder,0.9266,0.8225029072305255,0.8855743312169312
s0546,gluteus_maximus_left,0.9718,0.967977371935923,0.9646864374939876
s0546,gluteus_maximus_right,0.9688,0.9651009158415724,0.9693497092592592
s0546,gluteus_medius_left,0.9575,0.9644967509012219,0.9344674072751322
s0546,gluteus_medius_right,0.9634,0.9572240245593929,0.9565998138888883
s0546,gluteus_minimus_left,0.9377,0.9372770824861592,0.9358988160052911
s0546,gluteus_minimus_right,0.944,0.9452436326623085,0.9470714551587301
s0546,heart,0.9505,0.9634896313467248,0.9545971751322755
s0546,hip_left,0.9831,0.980958240230002,0.9808295667989415
s0546,hip_right,0.9811,0.9725195959627688,0.9806997296296291
s0546,humerus_left,0.9621,0.8842739610953559,0.9139994506493503
s0546,humerus_right,0.9651,1.0,0.9458925071428573
s0546,iliac_artery_left,0.9098,0.9223739619142056,0.9050683297619041
s0546,iliac_artery_right,0.9298,0.9206063699188045,0.9001216412698403
s0546,iliac_vena_left,0.924,0.9134381780818706,0.9213083722222217
s0546,iliac_vena_right,0.8946,0.900783158907812,0.9145602353174599
s0546,iliopsoas_left,0.9531,0.9633886516550204,0.9608868262145269
s0546,iliopsoas_right,0.9496,0.9598007729931617,0.9585758022486776
s0546,inferior_vena_cava,0.943,0.9379719028489494,0.9461834800264554
s0546,kidney_left,0.9856,0.9720489852583067,0.9802555503968255
s0546,kidney_right,0.9861,0.9869171491219728,0.9794457917989416
s0546,liver,0.9906,0.9813553790154528,0.9809452633718138
s0546,lung_lower_lobe_left,0.9939,0.9938766090803213,0.9911376116402113
s0546,lung_lower_lobe_right,0.9906,0.986600731203279,0.9902986476190474
s0546,lung_middle_lobe_right,0.9777,0.9789069785002666,0.9697488984126983
s0546,lung_upper_lobe_left,0.9946,0.9954710363527497,0.9903780746031752
s0546,lung_upper_lobe_right,0.9903,0.9782572977394287,0.990497588095238
s0546,pancreas,0.9572,0.9355246836591896,0.9195357616402117
s0546,portal_vein_and_splenic_vein,0.8915,0.8873392294015825,0.8800305904761903
s0546,prostate,0.868,0.8306301908997049,0.8074774158730165
s0546,pulmonary_vein,0.9392,0.9070760992103339,0.925826980820106
s0546,rib_left_1,0.9122,0.9356141763986601,0.9426383232804231
s0546,rib_left_10,0.9711,0.9566669023581531,0.9650897996031752
s0546,rib_left_11,0.9782,0.9596191234682924,0.9608730643217895
s0546,rib_left_12,0.9524,0.8814236625603286,0.9309428376984118
s0546,rib_left_2,0.9445,0.9411530128553343,0.9552117272486769
s0546,rib_left_3,0.9707,0.9586612236664072,0.9588287928571424
s0546,rib_left_4,0.9606,0.9607614434419957,0.9610277418091177
s0546,rib_left_5,0.9432,0.9634760686212136,0.9643344641636147
s0546,rib_left_6,0.9618,0.9770143715100436,0.966646845238095
s0546,rib_left_7,0.9761,0.9795130888338904,0.9725975283068787
s0546,rib_left_8,0.9628,0.9782774693311896,0.9701528641654638
s0546,rib_left_9,0.9675,0.9815272822967046,0.969551059656085
s0546,rib_right_1,0.9067,0.9114594055506724,0.9382937088624334
s0546,rib_right_10,0.9753,0.9739843796676632,0.964752725529101
s0546,rib_right_11,0.9779,0.9445970762527217,0.9623016940476194
s0546,rib_right_12,0.9574,0.9104702222678555,0.9404210253968254
s0546,rib_right_2,0.9482,0.8856441304754723,0.9469475325396822
s0546,rib_right_3,0.9523,0.9575277981280138,0.9590187746031743
s0546,rib_right_4,0.9708,0.965517277843817,0.9631314087301589
s0546,rib_right_5,0.9623,0.9654303144654369,0.9638781551587294
s0546,rib_right_6,0.9539,0.9766039085761239,0.9647512837301582
s0546,rib_right_7,0.9701,0.980117582359593,0.968906439153439
s0546,rib_right_8,0.968,0.9814040643841764,0.9693407256734008
s0546,rib_right_9,0.9553,0.9786923109166091,0.9680932898148156
s0546,sacrum,0.943,0.9543933231585606,0.9289301007936503
s0546,scapula_left,0.9545,0.9424273600444775,0.9577816301587299
s0546,scapula_right,0.9542,0.9640807359065741,0.9515504325396826
s0546,skull,0.5455,0.3630320244402549,0.4519265722222222
s0546,small_bowel,0.8296,0.8242979559110684,0.8730842369047623
s0546,spinal_cord,0.9461,0.9574340478772365,0.9455061736772484
s0546,spleen,0.9806,0.9469281183840201,0.9672669396825396
s0546,sternum,0.9305,0.9531805397815503,0.9370295691798943
s0546,stomach,0.9737,0.9435365895042851,0.9512533854497349
s0546,subclavian_artery_left,0.9434,0.9203953509739258,0.8932635666666672
s0546,subclavian_artery_right,0.9302,0.8997783959768386,0.8939703623015871
s0546,superior_vena_cava,0.8431,0.9364161732346966,0.9283936431216933
s0546,thyroid_gland,0.9306,0.8729862057024488,0.9243428978835976
s0546,trachea,0.9483,0.9739230437732173,0.9416197220899473
s0546,urinary_bladder,0.9345,0.9326788930482155,0.9360607494709001
s0546,vertebrae_C6,0.9584,0.968038370871171,0.8757300667989409
s0546,vertebrae_C7,0.9738,0.9894049090733759,0.9424784992544498
s0546,vertebrae_L1,0.9902,0.9828120631490507,0.980232371548822
s0546,vertebrae_L2,0.9884,0.9897065720897298,0.9769843442279939
s0546,vertebrae_L3,0.9859,0.9886809716677638,0.9764856420634915
s0546,vertebrae_L4,0.9812,0.9757893185594758,0.9756325857623864
s0546,vertebrae_L5,0.9849,0.9664392504110046,0.9763919620370376
s0546,vertebrae_S1,0.9228,0.9478144118762114,0.9468324093915343
s0546,vertebrae_T1,0.9785,0.9757590700628175,0.9279395735449738
s0546,vertebrae_T10,0.9882,0.9382011611768607,0.9664421933862428
s0546,vertebrae_T11,0.986,0.9623148968215712,0.973497227910053
s0546,vertebrae_T12,0.9889,0.9505525488343572,0.9754124535714277
s0546,vertebrae_T2,0.9494,0.9284903378330513,0.9518530430375178
s0546,vertebrae_T3,0.9493,0.9269357239864568,0.9524660585978834
s0546,vertebrae_T4,0.9627,0.8560821298970493,0.8941362670634923
s0546,vertebrae_T5,0.9495,0.863903736727501,0.9112127084656085
s0546,vertebrae_T6,0.9166,0.9243111821746216,0.9604931519841269
s0546,vertebrae_T7,0.941,0.9336532909970019,0.9626518111111111
s0546,vertebrae_T8,0.988,0.9550784022316119,0.9688336194444438
s0546,vertebrae_T9,0.9865,0.9545502163302411,0.9792926504810003
s0505,adrenal_gland_left,0.9519,0.9149820266100561,0.9131466161375662
s0505,adrenal_gland_right,0.9405,0.92155214020388,0.9135386648148146
s0505,aorta,0.9443,0.8693097559472557,0.8404417524531024
s0505,atrial_appendage_left,0.9281,0.794079353391509,0.8058307555555554
s0505,autochthon_left,0.9316,0.9743855267914999,0.9486079916666669
s0505,autochthon_right,0.8972,0.9746156364671859,0.9514985361111116
s0505,colon,0.9012,0.8776579265115864,0.866270765343915
s0505,costal_cartilages,0.9232,0.8980221377620912,0.8957192124338621
s0505,duodenum,0.8426,0.8924952096186093,0.8966050293650794
s0505,esophagus,0.8863,0.9229830196708412,0.9165757551587298
s0505,femur_left,0.9808,0.982555247666713,0.9787100098364605
s0505,femur_right,0.9802,0.9806457246277881,0.9746834531746036
s0505,gluteus_maximus_left,0.9543,0.9440000187727663,0.9494709999999992
s0505,gluteus_maximus_right,0.9563,0.9661043717130137,0.945437286375661
s0505,gluteus_medius_left,0.9487,0.9631631319322979,0.9656443634920641
s0505,gluteus_medius_right,0.9321,0.9696998351554308,0.9648805317460324
s0505,gluteus_minimus_left,0.8745,0.9143411933018105,0.9287681603174597
s0505,gluteus_minimus_right,0.8704,0.9392299464345938,0.9164244886243383
s0505,heart,0.9238,0.9601119881910292,0.93407911984127
s0505,hip_left,0.9811,0.9654672123130936,0.9757039305555566
s0505,hip_right,0.9821,0.9824539867187078,0.976316408994709
s0505,iliac_artery_left,0.5545,0.927369446842397,0.9432656317460318
s0505,iliac_artery_right,0.3151,0.9457365613770305,0.9211958095238091
s0505,iliac_vena_left,0.8612,0.8276124114991918,0.7928698211640214
s0505,iliac_vena_right,0.699,0.9189405052701481,0.924169234788359
s0505,iliopsoas_left,0.9646,0.9633121871501368,0.9661237131192879
s0505,iliopsoas_right,0.9659,0.9696539244996477,0.9662871071428576
s0505,inferior_vena_cava,0.9429,0.9360607461393221,0.9262542287037041
s0505,kidney_cyst_left,0.0,0.771600218357975,0.8508343447089944
s0505,kidney_cyst_right,0.0,0.4439352397629286,0.6425485707671955
s0505,kidney_left,0.9656,0.9648678851850749,0.9691713055555554
s0505,kidney_right,0.9706,0.8741951888062445,0.9344171900793655
s0505,liver,0.9871,0.9439637850116861,0.9467244374338626
s0505,lung_lower_lobe_left,0.9692,0.9873151751778506,0.9620127585978838
s0505,lung_lower_lobe_right,0.9879,0.9878543321417922,0.9886701908730159
s0505,lung_middle_lobe_right,0.9751,0.9736102085940338,0.970436924314574
s0505,lung_upper_lobe_left,0.9687,0.974309751757787,0.9490866662698411
s0505,lung_upper_lobe_right,0.949,0.9571879553039193,0.9378460972222217
s0505,pancreas,0.8828,0.9333175066799617,0.9247438063251557
s0505,portal_vein_and_splenic_vein,0.8476,0.8985160562189946,0.8905369996031745
s0505,prostate,0.8334,0.6909055866247933,0.8032560421957671
s0505,pulmonary_vein,0.8997,0.9753138223661285,0.9006731257936502
s0505,rib_left_10,0.7623,0.7054029238559256,0.6277808536315533
s0505,rib_left_11,0.9193,0.9505620523031577,0.9569607687830688
s0505,rib_left_12,0.9554,0.9481576790803069,0.9463841592592598
s0505,rib_left_5,0.9051,0.7175244548778213,0.7839130705026452
s0505,rib_left_6,0.8191,0.848760861723798,0.7405982476190481
s0505,rib_left_7,0.7286,0.5422805286784999,0.6548435511904759
s0505,rib_left_8,0.7128,0.5370207797149119,0.5728606901394897
s0505,rib_left_9,0.6957,0.6237458943530337,0.6121767347162096
s0505,rib_right_10,0.9284,0.9617635050267215,0.9630655392135651
s0505,rib_right_11,0.9566,0.9591934773302143,0.9610034906084659
s0505,rib_right_12,0.9239,0.9713460325889456,0.940727484920635
s0505,rib_right_5,0.927,0.937535107948264,0.9111671009259263
s0505,rib_right_6,0.9634,0.9755235184587819,0.952136931349207
s0505,rib_right_7,0.9688,0.9499570818225572,0.9500213345238099
s0505,rib_right_8,0.9619,0.9335639779324648,0.9402615485449735
s0505,rib_right_9,0.9573,0.96639923040268,0.9535508140211639
s0505,sacrum,0.9533,0.9489178428174445,0.9418267267195773
s0505,scapula_right,0.9536,1.0,0.9484805507335256
s0505,small_bowel,0.8999,0.8454790368519877,0.8671959924603171
s0505,spinal_cord,0.9134,0.9372691677414791,0.9459748743386238
s0505,spleen,0.9895,0.9822532412284645,0.9615483029100528
s0505,sternum,0.9184,0.9271575944444744,0.9155558337301593
s0505,stomach,0.9765,0.9229663058468097,0.9638149948412701
s0505,superior_vena_cava,0.9176,0.8771628235242499,0.8496203813492058
s0505,trachea,0.847,0.6369996760839921,0.6159804671957667
s0505,urinary_bladder,0.9452,0.9239790394322549,0.9447617940476191
s0505,vertebrae_L1,0.9836,0.9755131022993018,0.9791795728835977
s0505,vertebrae_L2,0.9796,0.9008959034608396,0.9559998712962959
s0505,vertebrae_L3,0.9756,0.973326867537584,0.9792187676767677
s0505,vertebrae_L4,0.9724,0.8769863907319652,0.9470522230158733
s0505,vertebrae_L5,0.9665,0.9797362080186042,0.9771118527777773
s0505,vertebrae_S1,0.9284,0.9379962870410151,0.9472183945767201
s0505,vertebrae_T10,0.9821,0.9626896517221788,0.9720471379629625
s0505,vertebrae_T11,0.9795,0.9729420295896467,0.9750215096079845
s0505,vertebrae_T12,0.977,0.9615020647570404,0.9765922980158731
s0505,vertebrae_T5,0.9186,0.8704176016333536,0.9099420814814817
s0505,vertebrae_T6,0.91,1.0,0.9465139613997116
s0505,vertebrae_T7,0.93,1.0,0.9570985906084648
s0505,vertebrae_T8,0.9779,0.9733253783121475,0.9693938343915346
s0505,vertebrae_T9,0.9796,0.941197078312096,0.954358527777777
s0698,adrenal_gland_left,0.8704,0.8772960786898856,0.817389744444444
s0698,adrenal_gland_right,0.8743,0.8831190818127862,0.8271719346560847
s0698,aorta,0.981,0.9716762637415601,0.9726158711640219
s0698,atrial_appendage_left,0.8893,0.7987630553978945,0.8532755787037035
s0698,autochthon_left,0.9503,0.9549306871456026,0.9381175825396819
s0698,autochthon_right,0.9514,0.9549245651472196,0.9373940896825396
s0698,brachiocephalic_trunk,0.8971,0.9316042161997428,0.917431122354498
s0698,brachiocephalic_vein_left,0.9104,0.8895439269602623,0.8930424553751803
s0698,brachiocephalic_vein_right,0.9252,0.855091234320624,0.8721915380952384
s0698,clavicula_left,0.9792,0.9568849175564542,0.9614027956469446
s0698,clavicula_right,0.9659,0.9572028376139051,0.9415205296296295
s0698,common_carotid_artery_left,0.9527,0.9365035285038992,0.9258409610028864
s0698,common_carotid_artery_right,0.957,0.8632305042832723,0.8887805123015875
s0698,costal_cartilages,0.9086,0.8508715608975156,0.8671613107142857
s0698,duodenum,0.5776,0.771741869299848,0.7976773715608466
s0698,esophagus,0.9311,0.9219853433605326,0.9231804222222231
s0698,gallbladder,0.2143,0.0760174574977581,0.207946896031746
s0698,heart,0.9253,0.958044190546295,0.9415273946608949
s0698,humerus_left,0.9559,0.948425906272482,0.9303329834656091
s0698,humerus_right,0.9491,0.9254334119920788,0.9437864202380957
s0698,iliopsoas_right,0.8571,0.39961245646688,0.28377325317460317
s0698,inferior_vena_cava,0.7957,0.8717348258777117,0.8729114064814812
s0698,kidney_left,0.9593,0.8798917226024042,0.88479846468254
s0698,kidney_right,0.9798,0.9612637307597909,0.9346023358465605
s0698,liver,0.9811,0.974310508478015,0.9746641571428565
s0698,lung_lower_lobe_left,0.958,0.9800425886883528,0.9605837140211629
s0698,lung_lower_lobe_right,0.9846,0.9694365674277309,0.983231028306879
s0698,lung_middle_lobe_right,0.9613,0.9686022844313645,0.9615933088143341
s0698,lung_upper_lobe_left,0.9851,0.9941098568818446,0.9887915014550269
s0698,lung_upper_lobe_right,0.9857,0.9874676625788608,0.9873833826719575
s0698,pancreas,0.8316,0.6382176807234337,0.6961397083333328
s0698,portal_vein_and_splenic_vein,0.6688,0.7053940043235885,0.7403305096560848
s0698,pulmonary_vein,0.9253,0.9472539177764226,0.9220598773809521
s0698,rib_left_1,0.9075,0.9066274325881502,0.9026370934704189
s0698,rib_left_10,0.9743,0.93477265532692,0.9165369043650795
s0698,rib_left_11,0.9623,0.9546780002518994,0.9401014966931228
s0698,rib_left_12,0.8303,0.8139298340214568,0.881012263492064
s0698,rib_left_2,0.9407,0.9301616963425025,0.9176858555555558
s0698,rib_left_3,0.9603,0.9187915440687652,0.9295805880952386
s0698,rib_left_4,0.9605,0.915000610204024,0.9242516757936511
s0698,rib_left_5,0.9446,0.91439899315883,0.9132800298941796
s0698,rib_left_6,0.9515,0.8812199776143304,0.926539472089947
s0698,rib_left_7,0.9624,0.9461012376506162,0.9511627808201056
s0698,rib_left_8,0.9627,0.9453182986976305,0.949565007936508
s0698,rib_left_9,0.9646,0.9420667348320679,0.9503590854497357
s0698,rib_right_1,0.8345,0.9304132724485994,0.9291250460317458
s0698,rib_right_10,0.971,0.9581493142335163,0.9622360821428564
s0698,rib_right_11,0.9624,0.9708296631259149,0.9435702088624345
s0698,rib_right_12,0.8552,0.8648333951388395,0.91634226878307
s0698,rib_right_2,0.9549,0.9341963644143748,0.9287865497354504
s0698,rib_right_3,0.9456,0.9348827479529637,0.9318457412698415
s0698,rib_right_4,0.9571,0.940043851665293,0.9355374694444443
s0698,rib_right_5,0.9527,0.9461606889439291,0.9406421371693123
s0698,rib_right_6,0.9237,0.9077351995724114,0.9281494393217895
s0698,rib_right_7,0.9423,0.9295544040362035,0.9468340876984133
s0698,rib_right_8,0.9582,0.9514546501078892,0.9556425369047619
s0698,rib_right_9,0.9697,0.9287078996979553,0.952221024206349
s0698,scapula_left,0.9699,0.9575246062546555,0.9556062981481489
s0698,scapula_right,0.9581,0.968451714618008,0.9597097570105819
s0698,spinal_cord,0.9532,0.9366157544860264,0.9370494740740751
s0698,spleen,0.9843,0.9455675294233802,0.9513635927489171
s0698,sternum,0.9283,0.9456063317417749,0.928392599206349
s0698,stomach,0.9828,0.8950056920031512,0.8453949746031746
s0698,subclavian_artery_left,0.9409,0.9203052555898525,0.9267361042568542
s0698,subclavian_artery_right,0.9335,0.9158554675435242,0.9232725011544013
s0698,superior_vena_cava,0.974,0.927919267314655,0.918644676984127
s0698,thyroid_gland,0.9284,0.9049357275350105,0.9125523805675809
s0698,trachea,0.9588,0.9654822069676663,0.9580437178571418
s0698,vertebrae_C6,0.8724,0.7143841725817303,0.7519077779100528
s0698,vertebrae_C7,0.9405,0.7702929019807795,0.7982762126984134
s0698,vertebrae_L1,0.9649,0.9906662801619074,0.9709949236772483
s0698,vertebrae_L2,0.9136,0.5090179137088086,0.5530918353174604
s0698,vertebrae_T1,0.9578,0.950142068489369,0.9435288462962965
s0698,vertebrae_T10,0.9535,0.9776157374013165,0.9732218908730168
s0698,vertebrae_T11,0.9514,0.977882969818401,0.9735445146825399
s0698,vertebrae_T12,0.9512,0.9655892974055811,0.9736716862433866
s0698,vertebrae_T2,0.9544,0.9713449840946038,0.9625998646825394
s0698,vertebrae_T3,0.9413,0.9711802377851254,0.9660981579365081
s0698,vertebrae_T4,0.9309,0.9701062315114022,0.9666797396825403
s0698,vertebrae_T5,0.9232,0.9703020197620016,0.9720199412698424
s0698,vertebrae_T6,0.9153,0.9798248109584264,0.968927902116402
s0698,vertebrae_T7,0.9095,0.9769019180177577,0.9689925507936509
s0698,vertebrae_T8,0.9433,0.9870842821797151,0.9647931457671955
s0698,vertebrae_T9,0.9553,0.965495660933363,0.9736112706654461
s0423,adrenal_gland_left,0.9102,0.8250349349540617,0.8610437880952385
s0423,adrenal_gland_right,0.8764,0.8976590038570285,0.8893640214285709
s0423,aorta,0.9816,0.9622826863788778,0.9625155049959303
s0423,atrial_appendage_left,0.9153,0.8997438747540095,0.9061312806878316
s0423,autochthon_left,0.965,0.9658188924204454,0.9583838724867727
s0423,autochthon_right,0.9618,0.9656682664759367,0.9550725721981721
s0423,brachiocephalic_trunk,0.9225,0.9204820502587321,0.8811823384920628
s0423,brachiocephalic_vein_left,0.9595,0.9360861557307706,0.931405240740741
s0423,brachiocephalic_vein_right,0.9295,0.9336863091561517,0.8810217915343916
s0423,clavicula_left,0.9746,0.9788223859895148,0.9610399072751329
s0423,clavicula_right,0.9721,0.979214560466938,0.967161839021164
s0423,colon,0.891,0.815946342839944,0.8573095373015868
s0423,common_carotid_artery_left,0.9461,0.8942684359321791,0.909958040668591
s0423,common_carotid_artery_right,0.7972,0.6896873899555592,0.6617125903439152
s0423,costal_cartilages,0.872,0.8446979759065322,0.86843580952381
s0423,duodenum,0.8494,0.8773394718702071,0.8609499412698411
s0423,esophagus,0.9225,0.9183390681742102,0.9014938725468972
s0423,femur_left,0.9816,0.9705112264042405,0.9804078616402118
s0423,femur_right,0.9809,0.9862368740999353,0.9800292115740734
s0423,gallbladder,0.94,0.8697140210824567,0.8749434496031747
s0423,gluteus_maximus_left,0.972,0.9570964807714296,0.9686923112433858
s0423,gluteus_maximus_right,0.9771,0.9729716954841626,0.9624032166666666
s0423,gluteus_medius_left,0.9639,0.9663213200061405,0.9630138148148146
s0423,gluteus_medius_right,0.9639,0.9661463555446009,0.9648914886243383
s0423,gluteus_minimus_left,0.9312,0.9394473574383649,0.9294509894179894
s0423,gluteus_minimus_right,0.9353,0.9359262770129254,0.9326333966931213
s0423,heart,0.9455,0.9423957435460365,0.937243680026455
s0423,hip_left,0.9808,0.9766770034225158,0.9749413678571428
s0423,hip_right,0.9834,0.9368224516703505,0.9715696769841267
s0423,humerus_left,0.9739,0.900304488624588,0.9259584804232807
s0423,humerus_right,0.9714,0.9950293380014472,0.9281812847883596
s0423,iliac_artery_left,0.9481,0.9146342800746604,0.9169425448412705
s0423,iliac_artery_right,0.9298,0.9255106044396977,0.9283602899470901
s0423,iliac_vena_left,0.9229,0.9084415341289094,0.9117853892857145
s0423,iliac_vena_right,0.9197,0.9024293691600823,0.8976109455026451
s0423,iliopsoas_left,0.9546,0.9398124801266139,0.948564142195767
s0423,iliopsoas_right,0.9547,0.9604819799751576,0.9471125600834349
s0423,inferior_vena_cava,0.9307,0.9401326971394514,0.9271665087301582
s0423,kidney_left,0.9842,0.981968098890576,0.9697734645502645
s0423,kidney_right,0.9859,0.9644494401777008,0.953922478571429
s0423,liver,0.9835,0.9588921975586734,0.9591484742063502
s0423,lung_lower_lobe_left,0.9847,0.9850457759544556,0.9903225634920636
s0423,lung_lower_lobe_right,0.9872,0.9916853182715492,0.9679031720899474
s0423,lung_middle_lobe_right,0.9601,0.9609043839920703,0.9592553989417987
s0423,lung_upper_lobe_left,0.9828,0.9950932929673298,0.9880569479196739
s0423,lung_upper_lobe_right,0.9831,0.9716605490717484,0.9791846006613755
s0423,pancreas,0.8631,0.8711148310460044,0.887592053968253
s0423,portal_vein_and_splenic_vein,0.8207,0.8287520729906844,0.8131699697089948
s0423,prostate,0.8415,0.8412459506997547,0.785501236111111
s0423,pulmonary_vein,0.9412,0.8803804732643661,0.8703722215608474
s0423,rib_left_1,0.9066,0.9448229282878552,0.940681353439154
s0423,rib_left_10,0.9687,0.938238997613907,0.932909719179894
s0423,rib_left_11,0.979,0.9514560007681143,0.9638668105820107
s0423,rib_left_12,0.9523,0.9443809095770472,0.9157037085978832
s0423,rib_left_2,0.9682,0.9599562320980646,0.9595522584656088
s0423,rib_left_3,0.9362,0.9582890469360719,0.9569129390211646
s0423,rib_left_4,0.9498,0.9654664247474525,0.9570512851851855
s0423,rib_left_5,0.9664,0.9412126251064185,0.9377545206349208
s0423,rib_left_6,0.9596,0.9491221990457431,0.9501389724867723
s0423,rib_left_7,0.9816,0.9748756272915371,0.9633055337301588
s0423,rib_left_8,0.9615,0.9592283962437362,0.9607730812650317
s0423,rib_left_9,0.969,0.9621944172502594,0.9684988294973544
s0423,rib_right_1,0.9524,0.8975392841198513,0.9341360440476196
s0423,rib_right_10,0.972,0.9327711335209741,0.9455751312169305
s0423,rib_right_11,0.963,0.961180253010204,0.9627793346560852
s0423,rib_right_12,0.973,0.9242692909058087,0.9365464706349202
s0423,rib_right_2,0.9723,0.956906373030547,0.961638062698413
s0423,rib_right_3,0.9636,0.8980346074773874,0.9428890424603182
s0423,rib_right_4,0.9339,0.9559733697949605,0.9580867652116399
s0423,rib_right_5,0.927,0.9467862925823035,0.9520097458994706
s0423,rib_right_6,0.9376,0.9524469237613162,0.9596373457671958
s0423,rib_right_7,0.8742,0.9619980606704344,0.9615394103174606
s0423,rib_right_8,0.8942,0.9600646928702256,0.9603429976190482
s0423,rib_right_9,0.9709,0.9443410958960786,0.9570010768518521
s0423,sacrum,0.9381,0.9097694269411936,0.8973898883597885
s0423,scapula_left,0.965,0.9509078304795457,0.9593455062770556
s0423,scapula_right,0.9618,0.9646623243190856,0.9595270031746035
s0423,skull,0.929,0.8589334600343026,0.6976507380952378
s0423,small_bowel,0.9223,0.9248460131482733,0.915860629365079
s0423,spinal_cord,0.9494,0.9449346565278628,0.9439485645502638
s0423,spleen,0.9871,0.9576466322607422,0.9421423478835984
s0423,sternum,0.9462,0.9378390155389571,0.9216792722222222
s0423,stomach,0.9508,0.9439776983230725,0.9276875046296303
s0423,subclavian_artery_left,0.9278,0.8836393775686471,0.8349362018518511
s0423,subclavian_artery_right,0.9231,0.8955203446217468,0.9096934418350168
s0423,superior_vena_cava,0.9614,0.9468537331230694,0.9304156674603176
s0423,thyroid_gland,0.9091,0.9325527623897055,0.9254310810846555
s0423,trachea,0.9691,0.9430448813540269,0.9316289917989415
s0423,urinary_bladder,0.9203,0.9457040581382158,0.8782445294973545
s0423,vertebrae_C6,0.9573,0.8793410113167274,0.914460207142857
s0423,vertebrae_C7,0.9685,0.9517535530293726,0.9215353679894185
s0423,vertebrae_L1,0.986,0.9630114467815424,0.9779344289682539
s0423,vertebrae_L2,0.9883,0.9568505291485874,0.9616771869047613
s0423,vertebrae_L3,0.9879,0.9655108810607684,0.9454326850529103
s0423,vertebrae_L4,0.9799,0.9575479864494921,0.9530557414021165
s0423,vertebrae_L5,0.9806,0.9689856816902174,0.9538982207671961
s0423,vertebrae_S1,0.8887,0.9588717760676854,0.9569491369047616
s0423,vertebrae_T1,0.9733,0.9571973336064855,0.9563454055194808
s0423,vertebrae_T10,0.9811,0.9858306260362835,0.9766512666666661
s0423,vertebrae_T11,0.9805,0.9781758137632031,0.9808076826719578
s0423,vertebrae_T12,0.987,0.9778860542606734,0.980169264417989
s0423,vertebrae_T2,0.9757,0.9572390721900321,0.9573727908369405
s0423,vertebrae_T3,0.9744,0.9176135545301887,0.9564347920274168
s0423,vertebrae_T4,0.9787,0.9664907353180457,0.9598928723544966
s0423,vertebrae_T5,0.9793,0.9734731244505851,0.9615619875661378
s0423,vertebrae_T6,0.9854,0.9698511392532133,0.9562233216931224
s0423,vertebrae_T7,0.9807,0.9690909589321429,0.9578259391534393
s0423,vertebrae_T8,0.979,0.9636886843923039,0.9690581853174601
s0423,vertebrae_T9,0.9796,0.9533483049208195,0.9758229739417992
s1337,adrenal_gland_left,0.7518,0.8369287985640236,0.8658370123015874
s1337,adrenal_gland_right,0.758,0.8891993470761039,0.8768321216931222
s1337,aorta,0.9763,0.9691882413652081,0.9632233284391536
s1337,atrial_appendage_left,0.8102,0.85227604764792,0.8386145169312171
s1337,autochthon_left,0.9562,0.9609080958616506,0.9666811202380959
s1337,autochthon_right,0.9458,0.9669845953029498,0.9659296776455024
s1337,brachiocephalic_trunk,0.9265,0.878151371823828,0.8801888476070235
s1337,brachiocephalic_vein_left,0.9271,0.9097131693165728,0.9243942130952373
s1337,brachiocephalic_vein_right,0.9296,0.8458983638699977,0.8783447195887449
s1337,clavicula_left,0.9657,0.9383389745627017,0.9322391419312178
s1337,clavicula_right,0.9613,0.9675317557955184,0.9583776488095238
s1337,colon,0.7977,0.8702920390194615,0.8039858756613752
s1337,common_carotid_artery_left,0.886,0.9114306075971257,0.8866666123015867
s1337,common_carotid_artery_right,0.6891,0.7851992933331352,0.771400029894179
s1337,costal_cartilages,0.8583,0.8722680761388479,0.8801071970899469
s1337,duodenum,0.7727,0.7345946956797258,0.8040246793650797
s1337,esophagus,0.8878,0.9294394743510045,0.9047676714285713
s1337,gallbladder,0.8545,0.7530863814339007,0.8125771039682539
s1337,heart,0.9392,0.9506930954850998,0.9483012107142855
s1337,humerus_left,0.8178,0.820085802519583,0.8926695205026457
s1337,humerus_right,0.9537,0.9671708656450357,0.9527308242063494
s1337,iliopsoas_left,0.889,0.8281538227516347,0.8500148667989417
s1337,iliopsoas_right,0.8632,0.8902591312144998,0.8631235656084655
s1337,inferior_vena_cava,0.8752,0.8761705900151107,0.8851301055555545
s1337,kidney_left,0.9392,0.963038440751023,0.9438207865079361
s1337,kidney_right,0.8503,0.7395879660859401,0.6872288714285711
s1337,liver,0.958,0.983746962050153,0.9755729474867721
s1337,lung_lower_lobe_left,0.9882,0.9885995851252206,0.9894402043891294
s1337,lung_lower_lobe_right,0.987,0.9910665470590562,0.9903927781746042
s1337,lung_middle_lobe_right,0.9224,0.9207796582450823,0.9635475603174606
s1337,lung_upper_lobe_left,0.9907,0.9949167405902928,0.990717194708995
s1337,lung_upper_lobe_right,0.9657,0.984407969319312,0.9693016671957669
s1337,pancreas,0.843,0.8451713435120388,0.8837349322751319
s1337,portal_vein_and_splenic_vein,0.689,0.7990032766810741,0.8528927369047616
s1337,pulmonary_vein,0.8824,0.8367478487065767,0.8110888743386238
s1337,rib_left_1,0.8508,0.9422977801883665,0.9118987867724875
s1337,rib_left_10,0.9637,0.9618834528857945,0.9691559272847518
s1337,rib_left_11,0.943,0.9332994395879851,0.9646394912698417
s1337,rib_left_12,0.9442,0.9296950369839959,0.9452185986772488
s1337,rib_left_2,0.9374,0.9602026830947961,0.9578005565295814
s1337,rib_left_3,0.9454,0.9674458354974025,0.9397184488095238
s1337,rib_left_4,0.9624,0.9555649323476306,0.9595586222222223
s1337,rib_left_5,0.9534,0.9589689970770308,0.9531581038359789
s1337,rib_left_6,0.9521,0.972917874448277,0.9542710112433862
s1337,rib_left_7,0.9429,0.9670905625146954,0.9579400743386244
s1337,rib_left_8,0.9647,0.9527345379121153,0.9670572981481479
s1337,rib_left_9,0.9485,0.9518712862078416,0.9636390017195767
s1337,rib_right_1,0.8554,0.9368156821440019,0.9279836837301594
s1337,rib_right_10,0.9649,0.9574731323503428,0.9701928599206341
s1337,rib_right_11,0.9455,0.9140826958547357,0.9573963674603179
s1337,rib_right_12,0.95,0.940470343002735,0.9485628727513231
s1337,rib_right_2,0.9286,0.9121225598328577,0.9419623433862436
s1337,rib_right_3,0.9482,0.9599524282468533,0.9247588075396824
s1337,rib_right_4,0.7563,0.6722642611127002,0.6691175874338626
s1337,rib_right_5,0.6096,0.6206896293278842,0.643191308068783
s1337,rib_right_6,0.6133,0.5599616285891877,0.6053676936147186
s1337,rib_right_7,0.6871,0.7386247252212176,0.7300136788359786
s1337,rib_right_8,0.8311,0.9527371410791965,0.9690267423520915
s1337,rib_right_9,0.9683,0.961378928640907,0.9694684960317452
s1337,scapula_left,0.913,0.9730304109388997,0.9582726926332928
s1337,scapula_right,0.9522,0.9472776651766607,0.9494135892376138
s1337,small_bowel,0.9191,0.9293667765246745,0.853592201587302
s1337,spinal_cord,0.9324,0.9369894987770705,0.9387186515873013
s1337,spleen,0.9566,0.9544998910351884,0.9713338871693118
s1337,sternum,0.9396,0.9313785638141351,0.9271265206349208
s1337,stomach,0.9187,0.9408923716284326,0.9549513712962966
s1337,subclavian_artery_left,0.8579,0.8762343700560306,0.8831114949735449
s1337,subclavian_artery_right,0.8514,0.8987726728751658,0.8763721210317457
s1337,superior_vena_cava,0.9261,0.8902013176921325,0.8739436965608463
s1337,thyroid_gland,0.7772,0.9091244465773101,0.9085094538359789
s1337,trachea,0.9264,0.9538105626717609,0.9478377230158729
s1337,vertebrae_C6,0.8846,1.0,0.8261216303030304
s1337,vertebrae_C7,0.9325,0.9630770555446436,0.9275200944564695
s1337,vertebrae_L1,0.9875,0.9425638523947066,0.9645834382034629
s1337,vertebrae_L2,0.983,1.0,0.9526553661375664
s1337,vertebrae_T1,0.9699,0.9520784912017469,0.9735392710317461
s1337,vertebrae_T10,0.9836,0.9777885622113841,0.9728884412457902
s1337,vertebrae_T11,0.9833,0.9709123467386527,0.9729525896825405
s1337,vertebrae_T12,0.9854,0.9574578106260977,0.9656109285714287
s1337,vertebrae_T2,0.9749,0.9681812585689784,0.9749352283068781
s1337,vertebrae_T3,0.9742,0.9829723182360774,0.9746021851851848
s1337,vertebrae_T4,0.9735,0.9516341237054383,0.9744501584656085
s1337,vertebrae_T5,0.9756,0.9706987860467247,0.9739329894179891
s1337,vertebrae_T6,0.9787,0.9686387239750348,0.9710454531746037
s1337,vertebrae_T7,0.9806,0.9757433783009436,0.9715442634920638
s1337,vertebrae_T8,0.9814,0.9696748564124807,0.9785325731481483
s1337,vertebrae_T9,0.9835,0.9787912485405075,0.9743740469336213
s0458,adrenal_gland_left,0.9347,0.8653726505661166,0.8713686325396829
s0458,adrenal_gland_right,0.9199,0.8951122966762702,0.8878285117724872
s0458,aorta,0.9554,0.9056749729096114,0.9006562120370369
s0458,atrial_appendage_left,0.861,0.6801442508664992,0.626594999206349
s0458,autochthon_left,0.9637,0.9556455907884845,0.9521906396825398
s0458,autochthon_right,0.9697,0.961120662572379,0.950871227777778
s0458,colon,0.6669,0.8918783123978448,0.8497272436507944
s0458,costal_cartilages,0.8894,0.8793545173676162,0.8680444342592591
s0458,duodenum,0.8432,0.8974669982876498,0.8948664660052911
s0458,esophagus,0.9384,0.9421750536676715,0.9158410410052908
s0458,femur_left,0.9319,0.9435564390373061,0.9362864050264562
s0458,femur_right,0.9802,0.9593128786727663,0.9816569774891779
s0458,gallbladder,0.868,0.9326738896455657,0.9160036619047622
s0458,gluteus_maximus_left,0.9453,0.9677670127976615,0.9682005070105818
s0458,gluteus_maximus_right,0.9712,0.9728131472964838,0.9703113965608463
s0458,gluteus_medius_left,0.8857,0.9448872377482608,0.9364649007696019
s0458,gluteus_medius_right,0.947,0.9527746828394874,0.9481855708994716
s0458,gluteus_minimus_left,0.8537,0.8683456413854803,0.8753492760582009
s0458,gluteus_minimus_right,0.9315,0.8899087795279355,0.9179304325396819
s0458,heart,0.9402,0.9490782542019356,0.92274436468254
s0458,hip_left,0.9535,0.9731145924281043,0.9652580601972098
s0458,hip_right,0.9813,0.9726660636692999,0.9737706697210198
s0458,iliac_artery_left,0.8916,0.9197816046079922,0.9076952588624334
s0458,iliac_artery_right,0.8458,0.8371848368631037,0.7859146888888888
s0458,iliac_vena_left,0.8734,0.8822867033811297,0.9022849167628672
s0458,iliac_vena_right,0.7782,0.9238851312734204,0.9075025798941804
s0458,iliopsoas_left,0.9221,0.9568375419527254,0.9571103861111118
s0458,iliopsoas_right,0.9595,0.9603286195174161,0.9614258369047621
s0458,inferior_vena_cava,0.9572,0.9337580881047003,0.9257781119047618
s0458,kidney_left,0.9828,0.9737285220684967,0.9781681145502641
s0458,kidney_right,0.9624,0.9615557951605934,0.9701410941798938
s0458,liver,0.99,0.9779648377423942,0.98520153015873
s0458,lung_lower_lobe_left,0.9922,0.9919796463133529,0.9805532444444441
s0458,lung_lower_lobe_right,0.9886,0.997183743786092,0.9904443547619045
s0458,lung_middle_lobe_right,0.9839,0.9878895265901134,0.9763343214285707
s0458,lung_upper_lobe_left,0.9886,0.9675030717251989,0.976258636904761
s0458,lung_upper_lobe_right,0.4558,0.48238519645256317,0.5343418734126986
s0458,pancreas,0.8978,0.9053760219057384,0.9079731810846556
s0458,portal_vein_and_splenic_vein,0.8871,0.8863840707546763,0.8904539138888897
s0458,pulmonary_vein,0.944,0.9396672972627295,0.8988499070105818
s0458,rib_left_10,0.9668,0.9580563385317737,0.9674198559163055
s0458,rib_left_11,0.954,0.9674228624053277,0.951386669047619
s0458,rib_left_12,0.91,0.8811364493689762,0.8286976657407409
s0458,rib_left_5,0.9116,0.7638670838490695,0.8671716695767199
s0458,rib_left_6,0.9387,0.9487848873125273,0.9561557242063492
s0458,rib_left_7,0.9632,0.9496742861630323,0.9580171730158726
s0458,rib_left_8,0.9443,0.9880645146870858,0.9584056635642139
s0458,rib_left_9,0.9589,0.968439770483118,0.9570991496031748
s0458,rib_right_10,0.9522,0.9240914708178144,0.9405365207671965
s0458,rib_right_11,0.9684,0.9590429910065102,0.9592258075396827
s0458,rib_right_12,0.9133,0.9130958172742637,0.9232809515873018
s0458,rib_right_5,0.9184,0.9426811443245495,0.9313532313492067
s0458,rib_right_6,0.9479,0.966845534358369,0.9697048313492058
s0458,rib_right_7,0.9457,0.9629719053812338,0.9372803414021159
s0458,rib_right_8,0.699,0.928944189626556,0.9453737530423276
s0458,rib_right_9,0.7181,0.9127967034876237,0.9399782625661383
s0458,sacrum,0.933,0.9265621727838379,0.9149735313492067
s0458,scapula_left,0.8901,0.760150857850521,0.690440503174603
s0458,scapula_right,0.9709,0.9410578904056728,0.9202149007936505
s0458,small_bowel,0.7495,0.828289616417565,0.7981235564814817
s0458,spinal_cord,0.9582,0.9510851531321972,0.9407783944444447
s0458,spleen,0.988,0.9835938386501256,0.9751803607142855
s0458,sternum,0.9045,0.8531229750274921,0.8693732753968246
s0458,stomach,0.9779,0.9324215556372555,0.9474856488095239
s0458,superior_vena_cava,0.9466,0.7483178344843973,0.8172207853174605
s0458,urinary_bladder,0.6781,0.7722553721279961,0.858604610016835
s0458,vertebrae_L1,0.9797,0.9743880027946015,0.982838731878307
s0458,vertebrae_L2,0.9776,0.97565374250288,0.9860718814814818
s0458,vertebrae_L3,0.9751,0.9771503926461768,0.9807492126984135
s0458,vertebrae_L4,0.9634,0.9668421242607744,0.9814146496031756
s0458,vertebrae_L5,0.9567,0.9700159803284992,0.9543222458994698
s0458,vertebrae_S1,0.9055,0.9724083541386999,0.9204632646825399
s0458,vertebrae_T10,0.9813,0.9645196920345332,0.9673357726190477
s0458,vertebrae_T11,0.9747,0.981094326304049,0.9777089383597882
s0458,vertebrae_T12,0.9783,0.9648644506693421,0.9803294747354502
s0458,vertebrae_T7,0.928,0.7668914506265634,0.8199646748677247
s0458,vertebrae_T8,0.9821,1.0,0.9458422128306876
s0458,vertebrae_T9,0.9786,0.9667048283183596,0.9650022317460318
s1174,adrenal_gland_left,0.9218,0.8501989536668279,0.866430557275132
s1174,adrenal_gland_right,0.8995,0.8991829473794128,0.8907058719576719
s1174,aorta,0.9791,0.9758134255120336,0.9739259072751323
s1174,atrial_appendage_left,0.941,0.869377228227211,0.8892415205026455
s1174,autochthon_left,0.9763,0.9714658050249405,0.9693018927970172
s1174,autochthon_right,0.9735,0.9704555293975884,0.9697649564213561
s1174,brachiocephalic_trunk,0.9494,0.9714802714116118,0.9272126084656083
s1174,brachiocephalic_vein_left,0.9482,0.9298762113841683,0.9215395531746039
s1174,brachiocephalic_vein_right,0.7742,0.8903159963169045,0.9148132784391539
s1174,clavicula_left,0.9809,0.9636744216269945,0.950422341269842
s1174,clavicula_right,0.9655,0.9580934243804655,0.9557533474867725
s1174,colon,0.9538,0.8969264160439889,0.9238165488455993
s1174,common_carotid_artery_left,0.86,0.8885206187580698,0.8825780059523817
s1174,common_carotid_artery_right,0.8692,0.8628901029959488,0.8793804678571435
s1174,costal_cartilages,0.9014,0.9152317127427524,0.9071960087301585
s1174,duodenum,0.9155,0.8984891313947158,0.8889691596560846
s1174,esophagus,0.9314,0.9251099649105596,0.923652161111111
s1174,femur_left,0.9838,0.988853599608431,0.9788663342592584
s1174,femur_right,0.9861,0.9789266039394766,0.977973666666667
s1174,gallbladder,0.9613,0.9476280648356574,0.8847551824434818
s1174,gluteus_maximus_left,0.9716,0.9872569845609251,0.9687104781144782
s1174,gluteus_maximus_right,0.9726,0.9828771709332765,0.9703958158730156
s1174,gluteus_medius_left,0.9676,0.9759987749035589,0.9669557944444447
s1174,gluteus_medius_right,0.9663,0.9702558428216319,0.9662993880952376
s1174,gluteus_minimus_left,0.9496,0.9498918913649357,0.943221532010582
s1174,gluteus_minimus_right,0.9382,0.9499527005208056,0.9472730224867716
s1174,heart,0.9342,0.9462672771490042,0.9372642956349206
s1174,hip_left,0.9841,0.968771507223667,0.9798758198412696
s1174,hip_right,0.9844,0.991095634526325,0.9798785734487733
s1174,humerus_left,0.9072,0.9283644968180709,0.9138600256613755
s1174,humerus_right,0.9317,0.9404326682962013,0.9430087738095235
s1174,iliac_artery_left,0.9318,0.8960327861350156,0.9013933238095236
s1174,iliac_artery_right,0.9412,0.9114826525769215,0.9192324517195765
s1174,iliac_vena_left,0.9558,0.9169636885203247,0.9209699244708992
s1174,iliac_vena_right,0.9405,0.8975204529276731,0.9096345546296296
s1174,iliopsoas_left,0.9708,0.9660487887074627,0.9682525038359777
s1174,iliopsoas_right,0.9698,0.9521335653806372,0.9679532662698404
s1174,inferior_vena_cava,0.9389,0.934036923766336,0.9398809678571426
s1174,kidney_cyst_left,0.0,0.5534281060233638,0.4211787872895625
s1174,kidney_left,0.983,0.9725887850577599,0.9794215568783079
s1174,kidney_right,0.983,0.9802951671952639,0.9786842996031747
s1174,liver,0.989,0.9792329026156879,0.9843736454425207
s1174,lung_lower_lobe_left,0.9934,0.9988685408521937,0.9900262615079367
s1174,lung_lower_lobe_right,0.9934,0.9921664016895347,0.9907670689153433
s1174,lung_middle_lobe_right,0.9834,0.9750198986071065,0.9753914406084666
s1174,lung_upper_lobe_left,0.994,0.9907821592467596,0.9896277980158722
s1174,lung_upper_lobe_right,0.9909,0.9973375828194598,0.9858781384920635
s1174,pancreas,0.9207,0.9147104837837633,0.9005963034391531
s1174,portal_vein_and_splenic_vein,0.877,0.8912838300117548,0.856272032539683
s1174,prostate,0.8302,0.8308354432963078,0.7024950903439158
s1174,pulmonary_vein,0.9258,0.9298036106849703,0.9131393108104855
s1174,rib_left_1,0.9556,0.9302524055895818,0.93541617420635
s1174,rib_left_10,0.9643,0.9605333888409678,0.9513832927248683
s1174,rib_left_11,0.9592,0.959584402807447,0.9420535871693113
s1174,rib_left_12,0.9301,0.942265009169461,0.9309535138888888
s1174,rib_left_2,0.9663,0.9587598461582724,0.9406984369047624
s1174,rib_left_3,0.9451,0.9531568992241183,0.94438785515873
s1174,rib_left_4,0.953,0.9545265751075316,0.9461899727513232
s1174,rib_left_5,0.9398,0.9359113848916799,0.9423548092592593
s1174,rib_left_6,0.9519,0.9447181709109266,0.9502668711640213
s1174,rib_left_7,0.9632,0.9559402967386386,0.9566864370370373
s1174,rib_left_8,0.9727,0.9675546920187392,0.9507677240740744
s1174,rib_left_9,0.9669,0.9642019324697125,0.9558259400793655
s1174,rib_right_1,0.9467,0.9055928744929986,0.9416575849206352
s1174,rib_right_10,0.9686,0.9638473932838534,0.95044491415344
s1174,rib_right_11,0.9462,0.9405934567755381,0.9425606354497346
s1174,rib_right_12,0.9488,0.9488260427573402,0.9409087773809514
s1174,rib_right_2,0.9683,0.9628399532979572,0.941574416269841
s1174,rib_right_3,0.962,0.9415095972751325,0.9393912334656087
s1174,rib_right_4,0.9596,0.9537344929269318,0.9449530047619049
s1174,rib_right_5,0.9639,0.9338000054942732,0.937108331084657
s1174,rib_right_6,0.9615,0.9498359133340731,0.9581290683862437
s1174,rib_right_7,0.9672,0.9453647549771502,0.9554569187830692
s1174,rib_right_8,0.9653,0.953077914882973,0.9515818537037036
s1174,rib_right_9,0.9642,0.9523177758445027,0.9620080984126986
s1174,sacrum,0.9552,0.9568042969174366,0.9496695119047616
s1174,scapula_left,0.9612,0.9636188852932946,0.9594089485930741
s1174,scapula_right,0.9716,0.9656408357004713,0.9592975210317455
s1174,small_bowel,0.9519,0.9452318044131539,0.9406672571428576
s1174,spinal_cord,0.9425,0.9243371014381935,0.9243376146825397
s1174,spleen,0.8136,0.9693463261010661,0.9695822869047626
s1174,sternum,0.9451,0.9565212282164997,0.9300505357142862
s1174,stomach,0.9706,0.9511084209609922,0.95150287473545
s1174,subclavian_artery_left,0.9046,0.9272322438793146,0.9066693510582009
s1174,subclavian_artery_right,0.8811,0.9310838619468802,0.9085076513227516
s1174,superior_vena_cava,0.9083,0.9528524765106269,0.9436772650793642
s1174,thyroid_gland,0.8954,0.9161243803889773,0.9094553153439151
s1174,trachea,0.9678,0.959862457087358,0.9622096455026455
s1174,urinary_bladder,0.9663,0.9138603402383345,0.9224768261904759
s1174,vertebrae_C6,0.0,0.5740578201687652,0.5755706711640213
s1174,vertebrae_C7,0.9196,0.9126190864861393,0.8957104976190463
s1174,vertebrae_L1,0.9838,0.9561719305997071,0.9755714006613752
s1174,vertebrae_L2,0.9857,0.9513834497528222,0.9653287452621456
s1174,vertebrae_L3,0.9858,0.9438496347856776,0.9808050563492052
s1174,vertebrae_L4,0.9842,0.9755163482462761,0.9812789183862429
s1174,vertebrae_L5,0.9834,0.969815210873643,0.980422068386243
s1174,vertebrae_S1,0.9457,0.8408026005854001,0.9246613260582011
s1174,vertebrae_T1,0.9765,0.905223627694672,0.8687613071428567
s1174,vertebrae_T10,0.9695,0.8921685473496673,0.9511709701058201
s1174,vertebrae_T11,0.9745,0.8305206429938391,0.6962031791005292
s1174,vertebrae_T12,0.9836,0.8714156265639761,0.9632325695767198
s1174,vertebrae_T2,0.9812,0.83312215053694,0.9431149793650796
s1174,vertebrae_T3,0.9747,0.7453222878123995,0.9265356041005294
s1174,vertebrae_T4,0.9673,0.8233000008678618,0.9207476678571435
s1174,vertebrae_T5,0.9637,0.9177576252191418,0.9221342787037039
s1174,vertebrae_T6,0.9682,0.9042922572341873,0.9333037451058199
s1174,vertebrae_T7,0.9749,0.9215559973493394,0.9304863220899466
s1174,vertebrae_T8,0.9767,0.8856590123320821,0.9304052429894173
s1174,vertebrae_T9,0.9756,0.855511497562319,0.9289181194444438
s1416,brain,0.9816,0.9924169634942669,0.95544031984127
s1416,skull,0.9478,0.9447386971588008,0.9370505115079362
s1416,spinal_cord,0.6525,0.46145766669281313,0.48345949788359793
s1416,vertebrae_C1,0.4525,0.6890061250024899,0.5562581295815302
s1416,vertebrae_C2,0.7253,0.7106737803079998,0.6776171511904762
s1017,adrenal_gland_left,0.6521,0.6061074077249048,0.7183659466931219
s1017,adrenal_gland_right,0.6221,0.39138494041257627,0.5797811777777773
s1017,aorta,0.9535,0.9378758534450505,0.9477763764670514
s1017,atrial_appendage_left,0.8683,0.5887710427752202,0.7535220105820106
s1017,autochthon_left,0.9358,0.9243579455368446,0.9318826208273215
s1017,autochthon_right,0.9519,0.927531250654916,0.941490696224146
s1017,brachiocephalic_trunk,0.8611,0.6543416214292394,0.7931208755291012
s1017,brachiocephalic_vein_left,0.7911,0.5875927470821445,0.6547117583694084
s1017,brachiocephalic_vein_right,0.8822,0.6563624310043917,0.7670225150793655
s1017,brain,0.9321,0.9085065413943995,0.9273795571428565
s1017,clavicula_left,0.9694,0.8781877974787536,0.9372122623015877
s1017,clavicula_right,0.9406,0.9398250435336117,0.9435145198412698
s1017,colon,0.8576,0.6946691766175015,0.55569624484127
s1017,common_carotid_artery_left,0.7093,0.34902709798699727,0.5712516091269836
s1017,common_carotid_artery_right,0.7914,0.6549779895765281,0.749854976984127
s1017,costal_cartilages,0.8399,0.7438012755948241,0.7357050210317465
s1017,duodenum,0.8235,0.7484753449489642,0.7891157107142858
s1017,esophagus,0.8801,0.8901783293536244,0.9023675861111113
s1017,gallbladder,0.552,0.7023034491984188,0.7148201511904761
s1017,heart,0.9085,0.7950942374991344,0.8145576913299664
s1017,humerus_right,0.9584,0.8928700922611671,0.9175626034391534
s1017,inferior_vena_cava,0.6909,0.797609787091033,0.7906921788359792
s1017,kidney_left,0.9427,0.7558283954847226,0.754116991269841
s1017,kidney_right,0.9602,0.9030328606258198,0.8606432833333334
s1017,liver,0.9747,0.909822324261026,0.8746138779100526
s1017,lung_lower_lobe_left,0.9714,0.9401581658290599,0.9329795350529104
s1017,lung_lower_lobe_right,0.8683,0.871644478769546,0.9294014727513229
s1017,lung_middle_lobe_right,0.8453,0.959706197114579,0.926858533333333
s1017,lung_upper_lobe_left,0.9829,0.9574287656797535,0.931759351190477
s1017,lung_upper_lobe_right,0.8346,0.9086446962363802,0.8635454904280903
s1017,pancreas,0.7433,0.5236914725066572,0.670799311640212
s1017,portal_vein_and_splenic_vein,0.3869,0.4879813176581763,0.6679165636363644
s1017,pulmonary_vein,0.8251,0.5369701531907145,0.7122479426286673
s1017,rib_left_1,0.9388,0.923062212042051,0.9379250691798956
s1017,rib_left_10,0.9417,0.7129650718784134,0.7961236621693116
s1017,rib_left_11,0.9725,0.6519062796143993,0.7885467829365082
s1017,rib_left_2,0.9624,0.6697941343539734,0.6937251126984124
s1017,rib_left_3,0.9625,0.8572219734836299,0.8397215571428568
s1017,rib_left_4,0.9735,0.8028153872146089,0.8490804849206349
s1017,rib_left_5,0.9769,0.7903251307649091,0.8830875337301588
s1017,rib_left_6,0.9724,0.8102271957918297,0.8888811781746038
s1017,rib_left_7,0.6674,0.7304585820140027,0.8251939448412698
s1017,rib_left_8,0.4344,0.5381411008393795,0.6561321332010587
s1017,rib_left_9,0.6702,0.5464042577845951,0.7071605804232806
s1017,rib_right_1,0.9536,0.8926663026600912,0.9350058145502652
s1017,rib_right_10,0.9298,0.6930705486866622,0.7172590502765759
s1017,rib_right_11,0.9661,0.839878585920595,0.8835343772486772
s1017,rib_right_12,0.8156,0.6465200532945095,0.7217117063492064
s1017,rib_right_2,0.9563,0.8358175783287217,0.9383492902116398
s1017,rib_right_3,0.9625,0.7875336585363711,0.9330620706349209
s1017,rib_right_4,0.9807,0.8140214803202109,0.9196322817460316
s1017,rib_right_5,0.9803,0.7905645594023674,0.9116298162698409
s1017,rib_right_6,0.8056,0.8454637029283946,0.8874349142857145
s1017,rib_right_7,0.626,0.5350859112574231,0.6056247980278985
s1017,rib_right_8,0.6108,0.5252125558143891,0.5927000317460319
s1017,rib_right_9,0.7765,0.6319699851874246,0.6065917788359789
s1017,scapula_left,0.8996,0.8343249076664757,0.9097628341269842
s1017,scapula_right,0.9473,0.9519003760435165,0.9339234071428572
s1017,skull,0.9518,0.8736730742746606,0.8758738678691674
s1017,spinal_cord,0.9131,0.9036221606469987,0.9034269785714286
s1017,spleen,0.9583,0.7087258297998,0.7679282683140928
s1017,sternum,0.861,0.7548449116377098,0.61334246468254
s1017,stomach,0.9158,0.4897838035976465,0.7219658757936509
s1017,subclavian_artery_left,0.76,0.8437208933288286,0.840080202116402
s1017,subclavian_artery_right,0.8418,0.717626656111918,0.7419604845238094
s1017,superior_vena_cava,0.9251,0.8188390361850729,0.8637236526455028
s1017,thyroid_gland,0.9109,0.8366383491547296,0.8463240472222218
s1017,trachea,0.9253,0.8665458683077791,0.8829020964285715
s1017,vertebrae_C1,0.9309,0.9059107292693895,0.9054446476190479
s1017,vertebrae_C2,0.9569,0.8988077251245588,0.9189545697089939
s1017,vertebrae_C3,0.9385,0.8897304780301577,0.8962284761904761
s1017,vertebrae_C4,0.9481,0.8536630482001424,0.9155314825396833
s1017,vertebrae_C5,0.9206,0.7947118038880756,0.8342889710317459
s1017,vertebrae_C6,0.9037,0.8684163641618796,0.8987288310846564
s1017,vertebrae_C7,0.9373,0.9284084518078197,0.8891364789682541
s1017,vertebrae_L1,0.9473,0.8963203033062449,0.8756141642857148
s1017,vertebrae_L2,0.0,0.1677313582529769,0.32898272804232787
s1017,vertebrae_T1,0.97,0.9222411902574319,0.8880640809523813
s1017,vertebrae_T10,0.9405,0.945168275733674,0.9287398094516597
s1017,vertebrae_T11,0.9384,0.7140477610577634,0.796579551984127
s1017,vertebrae_T12,0.943,0.9029285151248062,0.8611345917989417
s1017,vertebrae_T2,0.9533,0.9352179955336719,0.8891122371693124
s1017,vertebrae_T3,0.3554,0.9078054058173274,0.8835153134199135
s1017,vertebrae_T4,0.023,0.9264334618820298,0.9403251521164017
s1017,vertebrae_T5,0.0517,0.9627807709549872,0.9311347994708994
s1017,vertebrae_T6,0.2738,0.7430248369463327,0.6972914469576718
s1017,vertebrae_T7,0.8116,0.7290182618041096,0.8421687746031746
s1017,vertebrae_T8,0.9555,0.9126494202803666,0.9129085939754689
s1017,vertebrae_T9,0.9636,0.9231213508211913,0.928948334583935
s1414,adrenal_gland_left,0.624,0.8124985784149703,0.8071301638888889
s1414,adrenal_gland_right,0.7802,0.889172007430019,0.8840239847883596
s1414,aorta,0.9741,0.955075742182263,0.9465708142857142
s1414,autochthon_left,0.9774,0.9647348787677108,0.9661235115079362
s1414,autochthon_right,0.9744,0.9652016767896731,0.9732083033068786
s1414,colon,0.898,0.876671934924167,0.867587301587302
s1414,costal_cartilages,0.7769,0.8688223017864638,0.8024856174603185
s1414,duodenum,0.861,0.8961411215317259,0.898848149603174
s1414,esophagus,0.9139,0.8876129832575168,0.9051848125661375
s1414,femur_left,0.9827,1.0,0.9810935916666669
s1414,femur_right,0.9821,0.9755214445733421,0.97868406031746
s1414,gallbladder,0.693,0.8860137639745811,0.8892102486772486
s1414,gluteus_maximus_left,0.9747,0.9706035769282443,0.9708997791245796
s1414,gluteus_maximus_right,0.9694,0.9686069902230019,0.969745590764791
s1414,gluteus_medius_left,0.9649,0.958008749855484,0.9494643994708997
s1414,gluteus_medius_right,0.9645,0.9728179175716697,0.9521242662698417
s1414,gluteus_minimus_left,0.9526,0.9284300535041906,0.9383580808201053
s1414,gluteus_minimus_right,0.9622,0.943115959913088,0.9198391265873018
s1414,heart,0.9416,0.9302731345004772,0.9255352772486777
s1414,hip_left,0.9822,0.9813127071364997,0.970990308465609
s1414,hip_right,0.9833,0.990959624804987,0.976723376322752
s1414,iliac_artery_left,0.9221,0.8749267897157144,0.8636781087301586
s1414,iliac_artery_right,0.9456,0.891760482638502,0.9094479341269839
s1414,iliac_vena_left,0.9247,0.9199296736818607,0.9168467908730155
s1414,iliac_vena_right,0.9567,0.912970251807727,0.9189290370370367
s1414,iliopsoas_left,0.9432,0.9617876184319782,0.9609430968253956
s1414,iliopsoas_right,0.9649,0.9615022996552808,0.9599987097883599
s1414,inferior_vena_cava,0.9249,0.927117802683283,0.9255021476190483
s1414,kidney_left,0.9469,0.9325841564991435,0.9206170545334296
s1414,kidney_right,0.9677,0.963654256023754,0.972953277561327
s1414,liver,0.9605,0.9809812422584745,0.9645222996031743
s1414,lung_lower_lobe_left,0.9776,0.9566558249542061,0.9728493875661374
s1414,lung_lower_lobe_right,0.9875,0.9909655540755018,0.9875263978835981
s1414,lung_middle_lobe_right,0.9756,0.9761172164625246,0.9557477047619051
s1414,lung_upper_lobe_left,0.9116,0.9489983151239065,0.9587037472222215
s1414,pancreas,0.9272,0.885314276696011,0.9071820341871092
s1414,portal_vein_and_splenic_vein,0.7738,0.8202433883978071,0.8416287780423272
s1414,pulmonary_vein,0.9382,0.8575960358581498,0.8641774686507938
s1414,rib_left_10,0.9658,0.9473058891766347,0.8318684619047616
s1414,rib_left_11,0.9681,0.978536234554485,0.9722501017195765
s1414,rib_left_12,0.9611,0.9655397685946493,0.9528116496031741
s1414,rib_left_4,0.4773,0.7778687849629062,0.8445910678571427
s1414,rib_left_5,0.6948,0.9050740883859231,0.9351357063492065
s1414,rib_left_6,0.7055,0.7543003307857905,0.7930301005291004
s1414,rib_left_7,0.6589,0.8751762790256664,0.9163968162698414
s1414,rib_left_8,0.9712,0.9466264561610009,0.9692298285714285
s1414,rib_left_9,0.9688,0.9556457085618363,0.9431178914021157
s1414,rib_right_10,0.9649,0.9610790116078006,0.86963439047619
s1414,rib_right_11,0.9687,0.978960537041176,0.9679760547619041
s1414,rib_right_12,0.9659,0.9620142463177387,0.9511008293650792
s1414,rib_right_5,0.9055,0.9333631312788093,0.8991808522486777
s1414,rib_right_6,0.957,0.9378183924646873,0.9398652821428569
s1414,rib_right_7,0.9658,0.9829352503953904,0.968485223556998
s1414,rib_right_8,0.9703,0.9768605436852226,0.9200221452380947
s1414,rib_right_9,0.9682,0.9668519904279629,0.9456516474867727
s1414,sacrum,0.9621,0.9547046167378622,0.9487662435185183
s1414,small_bowel,0.8535,0.8404715566277388,0.8586506285714283
s1414,spinal_cord,0.9633,0.9505891534737378,0.9474066091269839
s1414,spleen,0.9687,0.9691879367486366,0.9621101309523812
s1414,sternum,0.8879,0.9065417899152011,0.8863308587301585
s1414,stomach,0.9658,0.9498819072963776,0.9489249257936508
s1414,urinary_bladder,0.4362,0.887617747674208,0.8929030502645505
s1414,vertebrae_L1,0.9818,0.9782220121554794,0.9826719124338615
s1414,vertebrae_L2,0.9874,0.9978183404601744,0.9837331972222224
s1414,vertebrae_L3,0.9868,0.9903246987117209,0.9877990354497359
s1414,vertebrae_L4,0.988,0.9958964838644604,0.9880263051587301
s1414,vertebrae_L5,0.9876,0.9959615247458469,0.9879653903439157
s1414,vertebrae_S1,0.9552,0.9525184894188305,0.9505359661375661
s1414,vertebrae_T10,0.26,0.5234395538763211,0.6390238265873014
s1414,vertebrae_T11,0.2706,0.7468574076942301,0.7886749293650791
s1414,vertebrae_T12,0.8945,0.9805132614115885,0.9709057898148156
s1414,vertebrae_T6,0.92,0.863598991427825,0.7865252231481483
s1414,vertebrae_T7,0.9418,1.0,0.8753134769841268
s1414,vertebrae_T8,0.8925,0.9803308507784515,0.961536615295815
s1414,vertebrae_T9,0.638,0.9507578309670399,0.9755853498196253
s0933,adrenal_gland_left,0.9067,0.8785255727538044,0.858128348809524
s0933,adrenal_gland_right,0.7615,0.8902212859530934,0.8529319559523805
s0933,aorta,0.9588,0.8776189529499364,0.8995087133597889
s0933,atrial_appendage_left,0.9278,0.8647654694563692,0.8892198789682543
s0933,autochthon_left,0.9677,0.9688988141024295,0.9684396560245309
s0933,autochthon_right,0.9586,0.9599340170427562,0.9650876851250602
s0933,brachiocephalic_trunk,0.9671,0.9320728939022763,0.9281671436507929
s0933,brachiocephalic_vein_left,0.966,0.9476596037492148,0.9349565486772485
s0933,brachiocephalic_vein_right,0.8837,0.8893057223239156,0.91455934973545
s0933,brain,0.9774,0.9457540213277518,0.962394588756614
s0933,clavicula_left,0.9727,0.9648256068319995,0.955560174206349
s0933,clavicula_right,0.9487,0.9575565100812212,0.9539983304232802
s0933,colon,0.891,0.8816609577740904,0.8781813892857139
s0933,common_carotid_artery_left,0.9403,0.9310360958072331,0.9131178868927371
s0933,common_carotid_artery_right,0.909,0.8870946853202264,0.9111700785714288
s0933,costal_cartilages,0.9048,0.8627739534883955,0.8747103849206352
s0933,duodenum,0.8322,0.9027102892832192,0.9169517988095237
s0933,esophagus,0.9304,0.9381318477139933,0.9242878408730155
s0933,femur_left,0.9836,0.9595343222107833,0.974633954365079
s0933,femur_right,0.9825,0.9823834668939888,0.9748259896825401
s0933,gallbladder,0.9507,0.7914125317113526,0.8361095489417988
s0933,gluteus_maximus_left,0.9592,0.9713359244608388,0.9668821749398755
s0933,gluteus_maximus_right,0.9563,0.97789017776811,0.9663697994708995
s0933,gluteus_medius_left,0.9583,0.9623098510864684,0.9576656003968254
s0933,gluteus_medius_right,0.9593,0.9581432656417143,0.9625828084656086
s0933,gluteus_minimus_left,0.9269,0.9454657756154458,0.942585050925926
s0933,gluteus_minimus_right,0.9421,0.931222320706977,0.9422306137566135
s0933,heart,0.933,0.9571615891858407,0.9535964167989416
s0933,hip_left,0.9708,0.9760623821538734,0.9763094560606066
s0933,hip_right,0.9721,0.9761748227851773,0.976508967857143
s0933,humerus_left,0.9617,0.9610670798088051,0.9587032671957668
s0933,humerus_right,0.9746,0.9526865206848665,0.9558647746031745
s0933,iliac_artery_left,0.9362,0.9240292685888712,0.914889413095237
s0933,iliac_artery_right,0.9526,0.8825909294067553,0.9119458898148143
s0933,iliac_vena_left,0.9459,0.8876139194019811,0.9076727329365074
s0933,iliac_vena_right,0.9225,0.884079204321293,0.9015886460317457
s0933,iliopsoas_left,0.9467,0.9402124694632304,0.9550039369047617
s0933,iliopsoas_right,0.9586,0.9499587722366571,0.9559719611111105
s0933,inferior_vena_cava,0.9183,0.9425270220595691,0.9447199257936508
s0933,kidney_left,0.9786,0.9760563143644009,0.9715316387973136
s0933,kidney_right,0.972,0.9534940049338532,0.9714558955026458
s0933,liver,0.9834,0.9927667137952757,0.9678709181216929
s0933,lung_lower_lobe_left,0.9747,0.9402116898739036,0.967387513492064
s0933,lung_lower_lobe_right,0.9886,0.9969281294010368,0.986999271825397
s0933,lung_middle_lobe_right,0.9575,0.9677128238675548,0.9715436175925924
s0933,lung_upper_lobe_left,0.9826,0.9895699188226752,0.990479667857143
s0933,lung_upper_lobe_right,0.9821,0.9904949711378553,0.9863446960317458
s0933,pancreas,0.825,0.9321979237832125,0.9298832043650788
s0933,portal_vein_and_splenic_vein,0.8576,0.7863092827903871,0.8376837108465609
s0933,pulmonary_vein,0.9496,0.8689471123822444,0.8442365884920636
s0933,rib_left_1,0.8953,0.8882439960981665,0.9095798294973543
s0933,rib_left_10,0.9359,0.9555318260982428,0.9524199419312179
s0933,rib_left_11,0.9572,0.9404205460382482,0.941619427248678
s0933,rib_left_12,0.9653,0.9599042856674678,0.9149999694444445
s0933,rib_left_2,0.9617,0.8932354303955283,0.9237938455026456
s0933,rib_left_3,0.9468,0.9053747912421825,0.9497510654761909
s0933,rib_left_4,0.9657,0.9384379975971266,0.9553545321428576
s0933,rib_left_5,0.9578,0.9538319198054788,0.9611023492165242
s0933,rib_left_6,0.9651,0.9681385702527983,0.9652071825498574
s0933,rib_left_7,0.9518,0.9358954938815193,0.9619394570207578
s0933,rib_left_8,0.9414,0.942261188893132,0.9625830967032971
s0933,rib_left_9,0.9524,0.9289272552968283,0.9578774775493033
s0933,rib_right_1,0.9579,0.9194148353036568,0.9230326132275133
s0933,rib_right_10,0.7235,0.39364082884837476,0.4706425511904766
s0933,rib_right_11,0.92,0.7311690242369943,0.6735486031746041
s0933,rib_right_12,0.9551,0.9147243344263783,0.9167258793650789
s0933,rib_right_2,0.9643,0.9788556941920455,0.9495109339947099
s0933,rib_right_3,0.9546,0.9402032416120387,0.9571132129629639
s0933,rib_right_4,0.9674,0.9475109705744512,0.9561133920634926
s0933,rib_right_5,0.9435,0.9736805185694449,0.9634044026575278
s0933,rib_right_6,0.6668,0.6646572861575398,0.6442464936507942
s0933,rib_right_7,0.4049,0.5115601142846299,0.5518876757936513
s0933,rib_right_8,0.4801,0.5129465980578426,0.5544268853174608
s0933,rib_right_9,0.6245,0.49279127094519715,0.5352421996753253
s0933,sacrum,0.9368,0.9588455203345999,0.9457068523809519
s0933,scapula_left,0.9482,0.9625082858653794,0.9503647698412692
s0933,scapula_right,0.9481,0.9580535118099082,0.949643971031745
s0933,skull,0.9561,0.9272847189181742,0.9045733582010579
s0933,small_bowel,0.8004,0.8827128799509913,0.8825348342592588
s0933,spinal_cord,0.9362,0.9193769363599498,0.9315503342592586
s0933,spleen,0.9735,0.9533753205295504,0.974189210978836
s0933,sternum,0.9308,0.9471120268269709,0.9263397507936514
s0933,stomach,0.8534,0.8835016918969878,0.891629081673882
s0933,subclavian_artery_left,0.932,0.9155783669592383,0.9093012603174604
s0933,subclavian_artery_right,0.9429,0.9185886468610519,0.8816508103174602
s0933,superior_vena_cava,0.9434,0.906731053772957,0.9365869940476188
s0933,thyroid_gland,0.8752,0.8665259179630393,0.9166945616402116
s0933,trachea,0.9635,0.9215527661213234,0.9332984789682545
s0933,urinary_bladder,0.8264,0.8541186443628624,0.8683000998677247
s0933,vertebrae_C1,0.8333,0.7561066381018668,0.8322445194444439
s0933,vertebrae_C2,0.9684,0.8965844353392002,0.9254871940476185
s0933,vertebrae_C3,0.9476,0.8702059589606042,0.9130915227513215
s0933,vertebrae_C4,0.9442,0.8921728405459831,0.9163115215608455
s0933,vertebrae_C5,0.9588,0.8887384599221931,0.9142383628306877
s0933,vertebrae_C6,0.9651,0.8941799550921896,0.9248762129629627
s0933,vertebrae_C7,0.971,0.8983753000045144,0.935064441979317
s0933,vertebrae_L1,0.9822,0.9729692473924602,0.9534843230158725
s0933,vertebrae_L2,0.9784,0.9432881187472356,0.9564173376984123
s0933,vertebrae_L3,0.9811,0.9699679616717455,0.9593185773809523
s0933,vertebrae_L4,0.9845,0.9710787678761796,0.9575274912698416
s0933,vertebrae_L5,0.9822,0.9735702840963462,0.968106436772487
s0933,vertebrae_S1,0.9385,0.9096737378156081,0.9202799896825394
s0933,vertebrae_T1,0.9762,0.9066488757979141,0.9352055408730162
s0933,vertebrae_T10,0.98,0.9644304758017096,0.9604021386243388
s0933,vertebrae_T11,0.9789,0.9903285710500294,0.9378994240740733
s0933,vertebrae_T12,0.9792,0.9251568392056274,0.9252435757936504
s0933,vertebrae_T2,0.9739,0.9432244831407813,0.9443592083333332
s0933,vertebrae_T3,0.9641,0.9715424956916675,0.9592858246392495
s0933,vertebrae_T4,0.9666,0.972015081040542,0.958591511904761
s0933,vertebrae_T5,0.9654,0.964368732697152,0.9455107824675326
s0933,vertebrae_T6,0.9408,0.9626461927583942,0.9365615535714288
s0933,vertebrae_T7,0.9499,0.9856079488487083,0.9487961261183263
s0933,vertebrae_T8,0.9745,0.9762074731287809,0.937350007599808
s0933,vertebrae_T9,0.976,0.9835638401359683,0.9617903474867721
s0021,aorta,0.9741,0.9536582480975155,0.953263520105819
s0021,atrial_appendage_left,0.895,0.8346308492759009,0.8675868708994714
s0021,autochthon_left,0.9387,0.9716193685685341,0.9617309196969696
s0021,autochthon_right,0.9423,0.9675467800552332,0.9603436880952375
s0021,brachiocephalic_trunk,0.8448,0.8291183289309644,0.8637785855820109
s0021,brachiocephalic_vein_left,0.7964,0.7445599648490405,0.7122571941798939
s0021,brachiocephalic_vein_right,0.939,0.9012964036355992,0.8642318984126984
s0021,brain,0.9272,0.9536889919923095,0.9390935117243872
s0021,clavicula_left,0.9803,0.9463985791571502,0.9404570664021157
s0021,clavicula_right,0.9754,0.9460333985288268,0.949982862566137
s0021,common_carotid_artery_left,0.8768,0.844970296698295,0.8335507231962479
s0021,common_carotid_artery_right,0.9165,0.7361066796703418,0.7296313358465613
s0021,costal_cartilages,0.886,0.9197229351097946,0.8091614070105823
s0021,esophagus,0.93,0.9076175253798542,0.8931425206349206
s0021,heart,0.8751,0.848192296292347,0.8068427620268618
s0021,humerus_left,0.9655,0.9609820796227966,0.910356794444445
s0021,lung_lower_lobe_left,0.9,0.9422625264844161,0.9437930697691197
s0021,lung_lower_lobe_right,0.9397,0.9516170713220747,0.9455127712962961
s0021,lung_middle_lobe_right,0.7502,0.9888463675120561,0.9167895650793647
s0021,lung_upper_lobe_left,0.9841,0.9802918085510816,0.9782786783068779
s0021,lung_upper_lobe_right,0.9657,0.9814278687235023,0.9688936534391533
s0021,pulmonary_vein,0.8981,0.8288443527862072,0.8339082293650787
s0021,rib_left_1,0.9288,0.9474766910689577,0.9456447552910059
s0021,rib_left_2,0.9551,0.9366627373647581,0.9497453116402113
s0021,rib_left_3,0.9744,0.9696239177320571,0.952983829629631
s0021,rib_left_4,0.9759,0.975032600764548,0.9433708908730157
s0021,rib_left_5,0.9671,0.9610152495888084,0.9569778182539691
s0021,rib_left_6,0.9594,0.945237526512067,0.8618016965608469
s0021,rib_left_7,0.9632,0.9323502919512996,0.9098284371693116
s0021,rib_left_8,0.8442,0.18945550910869446,0.679908028354978
s0021,rib_right_1,0.9017,0.9254161415011796,0.9252437047619049
s0021,rib_right_2,0.9699,0.9617776658794918,0.9538735010582009
s0021,rib_right_3,0.9697,0.9681429038860979,0.9588523187830691
s0021,rib_right_4,0.9713,0.9333251982281046,0.9456204698412705
s0021,rib_right_5,0.9652,0.8827597568027008,0.9407127665343923
s0021,rib_right_6,0.974,0.9083688480451412,0.8991019363756616
s0021,rib_right_7,0.947,0.9787362065068522,0.9370198589947093
s0021,scapula_left,0.951,0.9991973090591123,0.9542393374338624
s0021,scapula_right,0.9183,0.962418243266183,0.9048898202380953
s0021,skull,0.9385,0.9603310509183433,0.9428358748677239
s0021,spinal_cord,0.9324,0.921148273195921,0.9369728447089951
s0021,sternum,0.9642,0.9364390536149062,0.9067605546536798
s0021,subclavian_artery_left,0.9218,0.8725327750982138,0.8680908821428578
s0021,subclavian_artery_right,0.9292,0.812619152550972,0.7355011890211643
s0021,superior_vena_cava,0.9651,0.8649220357954732,0.8614394951058201
s0021,thyroid_gland,0.9197,0.8145861371806904,0.775934575
s0021,trachea,0.975,0.9532255184821425,0.9525282757936508
s0021,vertebrae_C1,0.8364,0.9105983443454431,0.8923649702380954
s0021,vertebrae_C2,0.9816,0.9209222813144454,0.9404005527777776
s0021,vertebrae_C3,0.9642,0.9224424327112759,0.9363495689393941
s0021,vertebrae_C4,0.9633,0.9479292947628465,0.9355589871933624
s0021,vertebrae_C5,0.9734,0.9549886015684431,0.9398960084656088
s0021,vertebrae_C6,0.9752,0.8974569796884609,0.9313698814814816
s0021,vertebrae_C7,0.9771,0.9386972532863106,0.9319915793650794
s0021,vertebrae_T1,0.9798,0.9201576390394088,0.9583217469576714
s0021,vertebrae_T2,0.9839,0.9459410765068382,0.9676788011904758
s0021,vertebrae_T3,0.9806,0.9088148700634948,0.9566878257936499
s0021,vertebrae_T4,0.9833,0.9335162637148824,0.9757362513227507
s0021,vertebrae_T5,0.9825,0.9682253113822902,0.9550429682539675
s0021,vertebrae_T6,0.98,0.9705933622723717,0.9401792384920636
s0021,vertebrae_T7,0.9825,0.91372548876181,0.9659702851851847
s0021,vertebrae_T8,0.8908,0.7675511643094293,0.6517517819264067
s1152,adrenal_gland_left,0.9183,0.861519357548017,0.8482409148148147
s1152,adrenal_gland_right,0.9112,0.8462301834004197,0.8611265958994708
s1152,aorta,0.9763,0.9610674055366596,0.9470543703703703
s1152,atrial_appendage_left,0.9085,0.8658440354722673,0.9007548559523807
s1152,autochthon_left,0.9671,0.9548021446720742,0.9432457494708999
s1152,autochthon_right,0.9608,0.956006548532873,0.9448878022486773
s1152,brachiocephalic_trunk,0.9656,0.9517545184870253,0.9323971837421839
s1152,brachiocephalic_vein_left,0.9633,0.9174264030653626,0.9192826031746026
s1152,brachiocephalic_vein_right,0.8133,0.9559330481182079,0.9310888885040884
s1152,brain,0.9742,0.9585023633068286,0.9673954107142871
s1152,clavicula_left,0.9708,0.8858076329218801,0.9480439654761903
s1152,clavicula_right,0.9336,0.895624694883377,0.9390767999999999
s1152,colon,0.8147,0.918373256064267,0.8700674574074073
s1152,common_carotid_artery_left,0.8925,0.974028166159288,0.92625074047619
s1152,common_carotid_artery_right,0.8594,0.8954549809032414,0.9138324001442997
s1152,costal_cartilages,0.8657,0.8747499793689212,0.8322227166666664
s1152,duodenum,0.9096,0.8703308168267087,0.8681451792328041
s1152,esophagus,0.9449,0.9243503617412359,0.9250539727513228
s1152,femur_left,0.7828,0.6641242736542146,0.7494218760582011
s1152,femur_right,0.8498,0.6854923280365586,0.7080891006613756
s1152,gallbladder,0.0,0.09718909723008506,0.35603985634920626
s1152,gluteus_maximus_left,0.9728,0.9372333521869942,0.9524106951058199
s1152,gluteus_maximus_right,0.978,0.9400524559657693,0.9551135537758535
s1152,gluteus_medius_left,0.9545,0.9299032134537842,0.9481554984126981
s1152,gluteus_medius_right,0.9571,0.9510941041525591,0.950297799603174
s1152,gluteus_minimus_left,0.8964,0.8951084120432998,0.8640925203703709
s1152,gluteus_minimus_right,0.9278,0.9257801265204717,0.8979256337301584
s1152,heart,0.9469,0.9438906345065581,0.9411547937830685
s1152,hip_left,0.9267,0.9034971929452654,0.8896910888888886
s1152,hip_right,0.9456,0.9687049071985417,0.8991720833333329
s1152,humerus_left,0.9569,0.9580370993284109,0.9605821076719578
s1152,humerus_right,0.6616,0.7056452340466107,0.7121089691798942
s1152,iliac_artery_left,0.9487,0.9056043199497655,0.9163563619047619
s1152,iliac_artery_right,0.9105,0.9146595087524095,0.9144320887566143
s1152,iliac_vena_left,0.9497,0.9183914334286214,0.897907338492064
s1152,iliac_vena_right,0.9338,0.9146796254228924,0.8759104128306873
s1152,iliopsoas_left,0.9435,0.9338502433193371,0.9403501206349211
s1152,iliopsoas_right,0.966,0.9497257683231448,0.9393085039682537
s1152,inferior_vena_cava,0.9462,0.9012184749340538,0.9226884067460319
s1152,kidney_cyst_right,0.0,0.7934461061270361,0.9069491325396826
s1152,kidney_left,0.9858,0.9423507576048961,0.9555638652116403
s1152,kidney_right,0.8142,0.8541176609941976,0.8931045648860398
s1152,liver,0.9844,0.9652198018599255,0.980981906735856
s1152,lung_lower_lobe_left,0.9807,0.8630546241320852,0.9418028634920631
s1152,lung_lower_lobe_right,0.9907,0.9854460503914937,0.9837788365079371
s1152,lung_middle_lobe_right,0.9729,0.9450083174659208,0.9555894726190483
s1152,lung_upper_lobe_left,0.9914,0.9859023522244912,0.9837335305555551
s1152,lung_upper_lobe_right,0.9887,0.9883061300306877,0.9833822443121695
s1152,pancreas,0.9389,0.8847382346595246,0.8776496100529094
s1152,portal_vein_and_splenic_vein,0.8437,0.8579311931677438,0.886431898941799
s1152,prostate,0.0,0.5637864105783271,0.5144097661375663
s1152,pulmonary_vein,0.9388,0.8913482070969978,0.8805152531746032
s1152,rib_left_1,0.9543,0.8857056424579627,0.9118651142857145
s1152,rib_left_10,0.9676,0.9520414524517224,0.9590732544011548
s1152,rib_left_11,0.9746,0.9272113607112789,0.9474820380952385
s1152,rib_left_12,0.9593,0.920534004676741,0.9349047075036075
s1152,rib_left_2,0.952,0.9362312200548965,0.931636845238095
s1152,rib_left_3,0.9699,0.9535555699720072,0.9525813832010582
s1152,rib_left_4,0.9706,0.9239048561607164,0.9546664968253962
s1152,rib_left_5,0.9658,0.8716202632628951,0.9390693835978828
s1152,rib_left_6,0.9612,0.944622547322152,0.9550134015873016
s1152,rib_left_7,0.9673,0.9484761133586909,0.9529817917989419
s1152,rib_left_8,0.9674,0.9416983945873476,0.9600242354497358
s1152,rib_left_9,0.9709,0.9389408100681644,0.9591304035714294
s1152,rib_right_1,0.9475,0.9224747532180981,0.9155946960317454
s1152,rib_right_10,0.9657,0.9491122835221916,0.9539565292688805
s1152,rib_right_11,0.9648,0.9323656457034807,0.9443632710317466
s1152,rib_right_12,0.948,0.8185869679346373,0.7750255771164024
s1152,rib_right_2,0.9511,0.9544133441532858,0.933379968253968
s1152,rib_right_3,0.9502,0.9403286664142846,0.9228530649470896
s1152,rib_right_4,0.9772,0.9322095176778079,0.93949278001443
s1152,rib_right_5,0.9652,0.9361985312581244,0.9456219551587298
s1152,rib_right_6,0.9651,0.9312933705222787,0.9404103186507939
s1152,rib_right_7,0.9688,0.9384008025612189,0.9522200087301588
s1152,rib_right_8,0.9654,0.9514970186864,0.9530374369047614
s1152,rib_right_9,0.9736,0.9274532367297026,0.956566652248678
s1152,sacrum,0.9323,0.8871007269088783,0.7894763714285715
s1152,scapula_left,0.9483,0.9418810104878381,0.9411750526455014
s1152,scapula_right,0.914,0.9473940520862185,0.9404974518518507
s1152,skull,0.9506,0.9655161571648095,0.9184504617724868
s1152,small_bowel,0.8258,0.7854768979194372,0.8039798317460323
s1152,spinal_cord,0.9192,0.9435598071465321,0.9389949999999989
s1152,spleen,0.9838,0.9653666075514934,0.9601747851731605
s1152,sternum,0.897,0.8976650562560579,0.9152684813492067
s1152,stomach,0.9549,0.9355058828460113,0.9279932671957674
s1152,subclavian_artery_left,0.9275,0.9384183053913147,0.9164760492063497
s1152,subclavian_artery_right,0.9267,0.937915865730608,0.9204405048941804
s1152,superior_vena_cava,0.9353,0.9379730754883816,0.933160570779221
s1152,thyroid_gland,0.9032,0.8478893785766395,0.852305018253968
s1152,trachea,0.9719,0.9869251013168453,0.9460633515752761
s1152,urinary_bladder,0.9005,0.8699990079040496,0.8680815420153923
s1152,vertebrae_C1,0.8053,0.9581689975336772,0.9061777170634925
s1152,vertebrae_C2,0.9507,0.9302868477869259,0.9319708230158735
s1152,vertebrae_C3,0.9155,0.9388076083369327,0.9235464647907653
s1152,vertebrae_C4,0.9178,0.9411854796683645,0.9286187814814819
s1152,vertebrae_C5,0.8966,0.9242937326188811,0.9094132841269843
s1152,vertebrae_C6,0.9145,0.928424274716555,0.9266314691798937
s1152,vertebrae_C7,0.953,0.9467263024319991,0.960372791666667
s1152,vertebrae_L1,0.9761,0.9588379221991358,0.9540275874338623
s1152,vertebrae_L2,0.9815,0.9561616352287806,0.95289603478836
s1152,vertebrae_L3,0.9774,0.9828228201928982,0.9592734252645508
s1152,vertebrae_L4,0.9735,0.9662114302658512,0.9490846772486773
s1152,vertebrae_L5,0.9535,0.9624316027361334,0.9439644637566144
s1152,vertebrae_S1,0.8959,0.9128786931684348,0.8989862520923524
s1152,vertebrae_T1,0.9484,0.924992409038519,0.9615950661375661
s1152,vertebrae_T10,0.9636,0.9202735257288677,0.9267727674603173
s1152,vertebrae_T11,0.9553,0.9090342337677664,0.9263332260582005
s1152,vertebrae_T12,0.9566,0.9477994143888135,0.9466188156084647
s1152,vertebrae_T2,0.9469,0.9633723352602349,0.9620455309523802
s1152,vertebrae_T3,0.9428,0.9448425491561526,0.9436239869047615
s1152,vertebrae_T4,0.9487,0.9610307346277257,0.9354748035714272
s1152,vertebrae_T5,0.9522,0.93779858242424,0.9046271892857141
s1152,vertebrae_T6,0.951,0.9311440733926081,0.942034331349206
s1152,vertebrae_T7,0.9531,0.9270738010549873,0.9413601505291002
s1152,vertebrae_T8,0.965,0.9308252868861746,0.9403244105820103
s1152,vertebrae_T9,0.9688,0.9316465439797278,0.9248126636243381
s0506,autochthon_left,0.9732,0.959168365785697,0.9597512412698418
s0506,autochthon_right,0.9664,0.9682690024174407,0.9565897570105826
s0506,colon,0.8552,0.7483365949987353,0.7829898492063497
s0506,duodenum,0.3026,0.27461104104416256,0.30106703042328065
s0506,femur_left,0.9726,0.9894889443416631,0.9783537171957687
s0506,femur_right,0.9877,0.9831705541229904,0.9761649079365087
s0506,gluteus_maximus_left,0.9649,0.9629125347843942,0.9713962480158731
s0506,gluteus_maximus_right,0.9738,0.9646000754677015,0.9701485060846559
s0506,gluteus_medius_left,0.9487,0.9613473442424515,0.9523559440476195
s0506,gluteus_medius_right,0.9354,0.9627958733167622,0.9568809840187585
s0506,gluteus_minimus_left,0.9047,0.9327960148223899,0.9201899871693127
s0506,gluteus_minimus_right,0.9369,0.9382436928440497,0.936638601587302
s0506,hip_left,0.9816,0.9863746304625499,0.9777999955387213
s0506,hip_right,0.9776,0.9611048580048412,0.972419846897547
s0506,iliac_artery_left,0.6917,0.8461245856466825,0.8332423353174602
s0506,iliac_artery_right,0.8579,0.8012771502597783,0.8102838658730158
s0506,iliac_vena_left,0.8732,0.8364481010790817,0.8980242768518519
s0506,iliac_vena_right,0.8674,0.816492135434932,0.8635021181577681
s0506,iliopsoas_left,0.9614,0.9567831332608763,0.9575562533910539
s0506,iliopsoas_right,0.9694,0.9585000465751218,0.9619811466931217
s0506,inferior_vena_cava,0.6416,0.5164821102229463,0.5861066503968253
s0506,prostate,0.7263,0.918120490407391,0.8627454583333334
s0506,sacrum,0.9614,0.9582704576670905,0.9402805399470899
s0506,small_bowel,0.6222,0.7789555559579783,0.8240190869047617
s0506,spinal_cord,0.9382,0.9572891557582834,0.9133340662698411
s0506,urinary_bladder,0.9662,0.925193035493591,0.9172101423280423
s0506,vertebrae_L4,0.9868,0.9867924500727722,0.9583312685185185
s0506,vertebrae_L5,0.9855,0.9879051652255512,0.9816526629629632
s0506,vertebrae_S1,0.9524,0.9699377367768357,0.9732166454906206
s0000,colon,0.905,0.9484147262204848,0.9260841175925925
s0000,femur_left,0.9837,0.9772003521576947,0.95133678941799
s0000,femur_right,0.9778,0.948452884617598,0.960446612698412
s0000,gluteus_maximus_left,0.9385,0.9728574360243544,0.9662837138888898
s0000,gluteus_maximus_right,0.9306,0.9466592717144158,0.9622104525132275
s0000,gluteus_medius_left,0.9171,0.9788392219044091,0.903723453306878
s0000,gluteus_medius_right,0.9007,0.9744016633040845,0.9487335135161145
s0000,gluteus_minimus_left,0.8897,0.9211965486414916,0.8616062353896106
s0000,gluteus_minimus_right,0.9095,0.9555162264863803,0.9076206019841268
s0000,hip_left,0.9694,0.9134380028739975,0.9588334226190482
s0000,hip_right,0.9779,0.9512302078104993,0.960096866666667
s0000,iliac_artery_left,0.8876,0.9728075252023624,0.8686199138888882
s0000,iliac_artery_right,0.4594,0.8654172485301534,0.8531350928571432
s0000,iliac_vena_left,0.7866,0.7301562663394163,0.7855894419312173
s0000,iliac_vena_right,0.6303,0.7028574455347725,0.7155749055555557
s0000,iliopsoas_left,0.9564,0.9433096303353725,0.9119276617724869
s0000,iliopsoas_right,0.8117,0.9454532717518209,0.9233795912698411
s0000,prostate,0.0,0.21523457810209892,0.1770414626984127
s0000,sacrum,0.8476,0.9286051324578828,0.7909745357142857
s0000,small_bowel,0.1836,0.7772936850558358,0.6953041054232799
s0000,urinary_bladder,0.8789,0.9526436795430168,0.9325419626984124
s1419,brain,0.9821,0.9639285713110549,0.9479577299182306
s1419,skull,0.9438,0.9615145889527507,0.9529711044973548
s1419,spinal_cord,0.5977,0.6854882538959836,0.6923665867724872
s1419,vertebrae_C1,0.8964,0.9580206156415191,0.8167493513227517
s1419,vertebrae_C2,0.8208,0.7288447476194974,0.7165473343915351
s0673,aorta,0.414,0.7239883305499253,0.6951889870370368
s0673,autochthon_left,0.9649,0.9168532926263648,0.9430943794973545
s0673,autochthon_right,0.9693,0.9376782700921513,0.9482091173280424
s0673,colon,0.9151,0.8360866026125849,0.8660489567460322
s0673,femur_left,0.969,0.8835706190853774,0.9166700103174602
s0673,femur_right,0.9849,0.9788783028526284,0.9571447355820109
s0673,gluteus_maximus_left,0.9288,0.9104368176622518,0.9523645156084655
s0673,gluteus_maximus_right,0.95,0.9445023510987072,0.9567037052910052
s0673,gluteus_medius_left,0.9601,0.944588890582418,0.9408726674603178
s0673,gluteus_medius_right,0.9677,0.9467656714216677,0.949122612566138
s0673,gluteus_minimus_left,0.9293,0.9230382666931791,0.9107213162698408
s0673,gluteus_minimus_right,0.9587,0.9311472249279268,0.9037275845238095
s0673,hip_left,0.9711,0.9509468758190844,0.9375731000000002
s0673,hip_right,0.9806,0.9694751155765701,0.9675632988095229
s0673,iliac_artery_left,0.8005,0.8616808730884425,0.840194814153439
s0673,iliac_artery_right,0.8442,0.843371897778649,0.8427711853174604
s0673,iliac_vena_left,0.9016,0.8862473697803617,0.8676821466931222
s0673,iliac_vena_right,0.8793,0.8162232005405737,0.8511271789682544
s0673,iliopsoas_left,0.9313,0.9501624613428915,0.9526228072751327
s0673,iliopsoas_right,0.9556,0.9515025310136757,0.955932708994709
s0673,inferior_vena_cava,0.6355,0.8049637887887056,0.7168868936507938
s0673,prostate,0.7103,0.7600775022710691,0.7817164761904759
s0673,sacrum,0.9585,0.9045698444547249,0.9260239027777779
s0673,small_bowel,0.9152,0.8541038237368019,0.8532788318783066
s0673,spinal_cord,0.9076,0.8622999237219918,0.8968092949735444
s0673,urinary_bladder,0.9668,0.9103203661227768,0.9341049268518522
s0673,vertebrae_L4,0.9884,0.9185519087943683,0.8716284699735449
s0673,vertebrae_L5,0.9816,0.9501337307221465,0.9633862309523806
s0673,vertebrae_S1,0.9392,0.9660395934705075,0.9691751259259261
s0544,adrenal_gland_left,0.3792,0.8938322656615856,0.8300512391654644
s0544,adrenal_gland_right,0.7718,0.8141664966182749,0.8233321531746035
s0544,aorta,0.9062,0.9273680908072509,0.9377939788359794
s0544,autochthon_left,0.9536,1.0,0.940947556349206
s0544,autochthon_right,0.934,1.0,0.8928165724867726
s0544,colon,0.8345,0.8192184116039624,0.6828508359788358
s0544,costal_cartilages,0.8929,0.8718966181990385,0.8290587941798941
s0544,duodenum,0.0,0.8498509037600162,0.8389664976190477
s0544,esophagus,0.8421,0.9259696475025971,0.9066118132275136
s0544,gallbladder,0.6074,0.916216432580124,0.795087075
s0544,heart,0.9263,0.9602961330905817,0.9285426716931219
s0544,iliopsoas_right,0.7632,0.5229271598845778,0.5739040490740737
s0544,inferior_vena_cava,0.8477,0.9017443366288043,0.8898988880952381
s0544,kidney_left,0.8981,0.9086307671365468,0.8882480144179891
s0544,liver,0.9583,0.9685853758415699,0.9747954406565653
s0544,lung_lower_lobe_left,0.9955,0.9994673279250552,0.9761452634920641
s0544,lung_lower_lobe_right,0.9934,0.9963092459195934,0.98349957989418
s0544,lung_middle_lobe_right,0.9878,0.9142360494845493,0.9355537222222228
s0544,lung_upper_lobe_left,0.99,0.9652056548094629,0.9526699316137568
s0544,lung_upper_lobe_right,0.6875,0.05340459594126713,0.11167946349206351
s0544,pancreas,0.3812,0.8457516794756273,0.8626930920634918
s0544,portal_vein_and_splenic_vein,0.2892,0.386993553877225,0.4402158972222221
s0544,rib_left_10,0.9814,0.8423676777528335,0.9517013726190485
s0544,rib_left_11,0.968,0.9011448445459403,0.9372119944805193
s0544,rib_left_12,0.9179,0.902376829705828,0.9136644902116402
s0544,rib_left_6,0.9477,0.7485960755241877,0.928143463431939
s0544,rib_left_7,0.9695,0.9319228327418762,0.9467576535714287
s0544,rib_left_8,0.9786,0.836144243886094,0.9414298480158724
s0544,rib_left_9,0.965,0.839838231593546,0.9089124603174603
s0544,rib_right_10,0.9695,0.8927845402857828,0.9489634146825396
s0544,rib_right_11,0.9605,0.9458701307208387,0.9397598469576718
s0544,rib_right_12,0.9551,0.9035136159371358,0.9190278883597892
s0544,rib_right_6,0.9271,0.8582989036147202,0.8619439019841271
s0544,rib_right_7,0.964,0.8983449787007243,0.9346752392857138
s0544,rib_right_8,0.9507,0.877099557058403,0.9476026718253969
s0544,rib_right_9,0.9724,0.8867574340958949,0.8519111731481485
s0544,small_bowel,0.6161,0.9537867349556552,0.8336064239417986
s0544,spinal_cord,0.9457,0.9341697850062034,0.9033893682539686
s0544,spleen,0.9466,0.9543980540582221,0.9428362884920629
s0544,sternum,0.7587,0.7707396611823698,0.8040211777777782
s0544,stomach,0.8333,0.943431522209343,0.9429777792328037
s0544,vertebrae_L1,0.9721,0.9229034636677932,0.9355405492063492
s0544,vertebrae_L2,0.4018,0.5340917395993873,0.47144564087301566
s0544,vertebrae_T10,0.9787,0.9579613171459813,0.9634201154761903
s0544,vertebrae_T11,0.9813,0.9718670810130384,0.9629000934343434
s0544,vertebrae_T12,0.9728,0.953688415009783,0.9432841099206345
s0544,vertebrae_T9,0.8789,0.9149010816495992,0.7855956394179896
s1425,adrenal_gland_left,0.8852,0.892041723720122,0.8831238157407417
s1425,adrenal_gland_right,0.9027,0.7942375827383001,0.7809201750000002
s1425,aorta,0.953,0.9160724238676167,0.916575801322752
s1425,autochthon_left,0.9796,0.9781236131754693,0.9705169386844644
s1425,autochthon_right,0.9752,0.9707704588266493,0.9697083486050995
s1425,colon,0.9563,0.8828594243386542,0.9011942605820102
s1425,costal_cartilages,0.8666,0.8900450259559949,0.8582963916666667
s1425,duodenum,0.8265,0.9365431538870649,0.8596899484126984
s1425,esophagus,0.967,0.9244883801417239,0.9237600388888887
s1425,gluteus_medius_left,0.6951,0.3383152899077073,0.3027843497354497
s1425,heart,0.9147,0.8484176133407327,0.8823150828162579
s1425,hip_left,0.9767,0.9522521591140206,0.9060489653439153
s1425,hip_right,0.9467,0.9136744622977453,0.8321471715608469
s1425,iliac_artery_right,0.6308,0.9144795105379832,0.7519773359668114
s1425,iliopsoas_left,0.9765,0.9592203415914767,0.9526654460317459
s1425,iliopsoas_right,0.9647,0.948381743645664,0.9505438916666666
s1425,inferior_vena_cava,0.9639,0.944730623357732,0.912803728751803
s1425,kidney_cyst_left,0.5155,0.5171694479586271,0.5632813189153439
s1425,kidney_cyst_right,0.0381,0.553700131979154,0.44985073346560833
s1425,kidney_left,0.8687,0.9686950429186195,0.9538235067460312
s1425,kidney_right,0.8866,0.9726868157326604,0.9767035242063493
s1425,liver,0.9878,0.9809744580283423,0.980121514021165
s1425,lung_lower_lobe_left,0.9901,0.9941095831336165,0.9820218193121691
s1425,lung_lower_lobe_right,0.9909,0.9994621451575098,0.9631363066137565
s1425,lung_middle_lobe_right,0.9824,0.9655489344440148,0.9703602046296298
s1425,lung_upper_lobe_left,0.9761,0.9141828287445204,0.9273670892857138
s1425,pancreas,0.9269,0.9144870543592353,0.9032147929894181
s1425,portal_vein_and_splenic_vein,0.8712,0.8943453508905583,0.9053715780423279
s1425,pulmonary_vein,0.7782,0.5465517474338057,0.6100388060846562
s1425,rib_left_10,0.9599,0.9801992835017096,0.9638347753968258
s1425,rib_left_11,0.9675,0.9665109284369756,0.959003845238095
s1425,rib_left_12,0.9791,0.9686246810301732,0.9308081142857149
s1425,rib_left_5,0.7642,0.5661138623444777,0.6565318021164016
s1425,rib_left_6,0.8797,0.9284440338402126,0.9348319332010586
s1425,rib_left_7,0.954,0.9765035287840581,0.9594430697089943
s1425,rib_left_8,0.9699,0.9706104045304658,0.9624909527777783
s1425,rib_left_9,0.9619,0.9721079215617441,0.9666219687830685
s1425,rib_right_10,0.9722,0.96795368189745,0.9593704166426162
s1425,rib_right_11,0.9664,0.9801816907397752,0.9604813063492064
s1425,rib_right_12,0.9481,0.9446187488827107,0.9282625079365087
s1425,rib_right_5,0.7886,0.8712718983958441,0.8435767514550263
s1425,rib_right_6,0.9343,0.9663713628336632,0.9615075730158739
s1425,rib_right_7,0.9559,0.9619019541096272,0.9529124277777776
s1425,rib_right_8,0.9637,0.9658325363608106,0.9615266855820104
s1425,rib_right_9,0.9623,0.9552867463804733,0.964113001190477
s1425,small_bowel,0.9455,0.9164042163369316,0.9045307693121695
s1425,spinal_cord,0.964,0.9383512125430931,0.9393940916666664
s1425,spleen,0.9878,0.980003090989214,0.9738519142857142
s1425,sternum,0.7936,0.7801725247603502,0.8945984341269838
s1425,stomach,0.9569,0.9421635601470453,0.9434992768823776
s1425,urinary_bladder,0.0,0.6282905509633797,0.44524025489417973
s1425,vertebrae_L1,0.9841,0.9842018084790076,0.9714586769841272
s1425,vertebrae_L2,0.9841,0.9838646806449536,0.9741987916666665
s1425,vertebrae_L3,0.9829,0.8983728426609193,0.9576448025132278
s1425,vertebrae_L4,0.9732,0.9883497987499127,0.9732489170634917
s1425,vertebrae_L5,0.9512,0.7383794334438276,0.7757845874338622
s1425,vertebrae_T10,0.9794,0.9781442069966393,0.9686748128306872
s1425,vertebrae_T11,0.98,0.971579569706025,0.9757224664021167
s1425,vertebrae_T12,0.9792,0.974448822087125,0.9756915249999996
s1425,vertebrae_T7,0.9841,0.8275659048828633,0.7918398234126981
s1425,vertebrae_T8,0.9593,0.8338613684355326,0.8606000353174605
s1425,vertebrae_T9,0.9792,0.9412660133930446,0.9698864247354493
s1197,adrenal_gland_right,0.0,0.2929229509961616,0.2685780706349204
s1197,aorta,0.9698,0.9593315414728754,0.9623409757936516
s1197,atrial_appendage_left,0.9408,0.9080466123804483,0.9109755134920637
s1197,autochthon_left,0.9068,0.9509946090016658,0.9459846574074074
s1197,autochthon_right,0.9162,0.9408611973566385,0.9454283271164028
s1197,brachiocephalic_trunk,0.9052,0.8726928992838962,0.8790085888888893
s1197,brachiocephalic_vein_left,0.939,0.8933598404649439,0.892794146031746
s1197,brachiocephalic_vein_right,0.9143,0.7858367623618813,0.773842823148147
s1197,clavicula_left,0.9668,0.9615725481570034,0.9678356079365077
s1197,clavicula_right,0.9563,0.9347422809830681,0.952538909920634
s1197,common_carotid_artery_left,0.9295,0.9047063710462199,0.8862322544973544
s1197,common_carotid_artery_right,0.8047,0.7942749313223763,0.8075527238095228
s1197,costal_cartilages,0.8341,0.7445857901805015,0.772003288227513
s1197,esophagus,0.7461,0.687482032970824,0.726120937698413
s1197,heart,0.9395,0.9458427736094734,0.934490142063492
s1197,humerus_left,0.9582,0.9646322123874086,0.9508231628066371
s1197,humerus_right,0.9421,0.9880097954898154,0.9543350814814812
s1197,inferior_vena_cava,0.5569,0.8253097265114009,0.8197220003968247
s1197,kidney_right,0.7122,0.4974770942417931,0.8051741039682536
s1197,liver,0.9463,0.8382040670873249,0.7132434578643586
s1197,lung_lower_lobe_left,0.9903,0.9872690624601406,0.9868558023809522
s1197,lung_lower_lobe_right,0.9856,0.9780070973155551,0.9847314429894175
s1197,lung_middle_lobe_right,0.9645,0.953079994671846,0.9609590839947083
s1197,lung_upper_lobe_left,0.992,0.9719436491469196,0.9848102281746033
s1197,lung_upper_lobe_right,0.9866,0.9854133829320989,0.9821900308201058
s1197,pulmonary_vein,0.8705,0.9199141293272057,0.8807814611111113
s1197,rib_left_1,0.9313,0.9104485879725877,0.9361970842592594
s1197,rib_left_10,0.9605,0.9132992106962216,0.9465524564814818
s1197,rib_left_11,0.9165,0.891147373909852,0.9185179939153443
s1197,rib_left_2,0.9645,0.9542005145743429,0.9577603853174605
s1197,rib_left_3,0.9651,0.9625451548252694,0.9574703116402122
s1197,rib_left_4,0.9763,0.9591424597200409,0.9595112507936505
s1197,rib_left_5,0.9749,0.9393931087689199,0.9376043605098607
s1197,rib_left_6,0.9719,0.9719663241243139,0.9579818646825394
s1197,rib_left_7,0.9812,0.9528219264162582,0.9590179220899469
s1197,rib_left_8,0.971,0.9722649395230916,0.9627037743386238
s1197,rib_left_9,0.9546,0.9864591363298755,0.9644732141534382
s1197,rib_right_1,0.9235,0.8432649543004808,0.9043280092592593
s1197,rib_right_10,0.9775,0.9427251533922852,0.9327889706349212
s1197,rib_right_11,0.8232,0.8276129767046445,0.7911182563492055
s1197,rib_right_2,0.9443,0.9417042365672603,0.9559185496031747
s1197,rib_right_3,0.9535,0.9620625085452257,0.9550006191798953
s1197,rib_right_4,0.9633,0.96881958575552,0.9639137165038668
s1197,rib_right_5,0.96,0.9753000019326493,0.9638064206349207
s1197,rib_right_6,0.9678,0.9755102310361108,0.9631526751322752
s1197,rib_right_7,0.9821,0.96628938517113,0.9605340837301585
s1197,rib_right_8,0.9804,0.964389228210523,0.9651999038359782
s1197,rib_right_9,0.9743,0.9197814805203668,0.958984486375662
s1197,scapula_left,0.9718,0.947308290236403,0.9609562260582013
s1197,scapula_right,0.9567,0.9492238606147673,0.956842298677249
s1197,spinal_cord,0.9407,0.9335119501430686,0.9219090185185181
s1197,spleen,0.9054,0.8717682706444609,0.8187011070105824
s1197,sternum,0.9319,0.9457360399123884,0.8421980912698402
s1197,stomach,0.3286,0.8028430529885534,0.776910456084656
s1197,subclavian_artery_left,0.8466,0.8365038155626534,0.8267114816137561
s1197,subclavian_artery_right,0.8731,0.8486090019050302,0.8329888628306883
s1197,superior_vena_cava,0.9217,0.8920995701880465,0.9110603387566133
s1197,thyroid_gland,0.8489,0.8932377761554897,0.922956066005291
s1197,trachea,0.9577,0.9605982065083901,0.9581387654761901
s1197,vertebrae_C5,0.7931,0.23801936724783312,0.5248350547619047
s1197,vertebrae_C6,0.8343,0.9529795320778192,0.909372258730159
s1197,vertebrae_C7,0.8585,0.8856988215262392,0.9384138600529106
s1197,vertebrae_T1,0.9269,0.9615591869338252,0.9614050640211641
s1197,vertebrae_T10,0.9809,0.973714176165165,0.9641827244708983
s1197,vertebrae_T11,0.9755,0.9929679978812727,0.965175158333333
s1197,vertebrae_T12,0.9073,0.8495915563824772,0.8261457003968257
s1197,vertebrae_T2,0.9519,0.9475585809149967,0.9587319328042329
s1197,vertebrae_T3,0.9688,0.9476018060387373,0.9571931150793647
s1197,vertebrae_T4,0.9739,0.9526083596567261,0.9520108650793643
s1197,vertebrae_T5,0.9707,0.9584179007036019,0.9465888455026457
s1197,vertebrae_T6,0.9713,0.9643046086713414,0.9568586437830678
s1197,vertebrae_T7,0.9786,0.9631234349868958,0.9564634957671946
s1197,vertebrae_T8,0.9737,0.9649046579983683,0.963662323412698
s1197,vertebrae_T9,0.9745,0.9643330952449451,0.9628710722222221
s1409,brain,0.9837,0.9869914297773795,0.9706708546296291
s1409,skull,0.9505,0.9537323623391811,0.9253812718253965
s1409,spinal_cord,0.8002,0.764168046605933,0.7964593177248678
s1409,vertebrae_C1,0.8234,0.9207189319880789,0.9037553705387205
s1409,vertebrae_C2,0.6742,0.8516484117866716,0.6871133699735447
s1051,autochthon_left,0.9156,0.9214704938131959,0.86633572936508
s1051,autochthon_right,0.9351,0.9440067174787226,0.8977155558201061
s1051,brachiocephalic_trunk,0.5214,0.22596430666047132,0.2590557388888889
s1051,brachiocephalic_vein_left,0.8635,0.5225907421552062,0.44642753730158724
s1051,brachiocephalic_vein_right,0.5362,0.14021708295324586,0.22217265859788374
s1051,brain,0.9707,0.8656749388162467,0.9312274846560852
s1051,clavicula_left,0.9642,0.9493902559091566,0.9465284665343916
s1051,clavicula_right,0.9026,0.9138607969587124,0.9424712964285716
s1051,common_carotid_artery_left,0.8746,0.8336815625839189,0.8189185800264548
s1051,common_carotid_artery_right,0.821,0.6809176721901795,0.7563826373015867
s1051,esophagus,0.9272,0.9068072025556251,0.8069133768518514
s1051,humerus_left,0.0,0.21382278442842767,0.3422249186507935
s1051,lung_lower_lobe_left,0.0,0.06992335489197596,0.1905346555555555
s1051,lung_upper_lobe_left,0.9761,0.9397840470933229,0.9458564965608459
s1051,lung_upper_lobe_right,0.9523,0.963935206509523,0.9247719763227504
s1051,rib_left_1,0.9507,0.9023463605754504,0.9085576119047617
s1051,rib_left_2,0.9193,0.9115030674276976,0.92701543095238
s1051,rib_left_3,0.8711,0.9774021554819925,0.9100206962962964
s1051,rib_right_1,0.9603,0.8804919308896944,0.9125687107142856
s1051,rib_right_2,0.9135,0.9186304776353937,0.9305094698412698
s1051,rib_right_3,0.8798,0.9034687449452931,0.9366263953703706
s1051,scapula_left,0.9347,0.9162491844575025,0.7593413871693121
s1051,scapula_right,0.9416,0.8898005246360033,0.8661607170634915
s1051,skull,0.9522,0.9426391954138155,0.9429572683862436
s1051,spinal_cord,0.9421,0.8787496551522006,0.9010005214285716
s1051,subclavian_artery_left,0.7991,0.8171816988183043,0.7635648149470904
s1051,subclavian_artery_right,0.8372,0.8349819995241126,0.8494416322751318
s1051,thyroid_gland,0.8699,0.7124676390849602,0.6980268182539683
s1051,trachea,0.9808,0.9943728275033598,0.8748232747354505
s1051,vertebrae_C1,0.9342,0.9689534413238087,0.9483604693121686
s1051,vertebrae_C2,0.9547,0.972861844091005,0.9572757162698423
s1051,vertebrae_C3,0.9317,0.9711263703323445,0.9547384903439143
s1051,vertebrae_C4,0.9253,0.9662543106187638,0.951259361411736
s1051,vertebrae_C5,0.894,0.9413181157018485,0.9311199747354499
s1051,vertebrae_C6,0.8692,0.9311009521480504,0.9286257620971622
s1051,vertebrae_C7,0.8945,0.9648352938440098,0.9547169190476185
s1051,vertebrae_T1,0.829,0.9447531299351556,0.9575706500000005
s1051,vertebrae_T2,0.3879,0.9272453963288797,0.9598336182780186
s1051,vertebrae_T3,0.0804,0.7821343461865432,0.733811653571429
s0543,adrenal_gland_left,0.887,0.9188498057088631,0.9167009689153441
s0543,adrenal_gland_right,0.9176,0.912260749182709,0.905126180158731
s0543,aorta,0.9773,0.9732232782269206,0.9738960332010583
s0543,atrial_appendage_left,0.9453,0.9196315924717847,0.9200816431216934
s0543,autochthon_left,0.9655,0.955188732278986,0.9564264305555554
s0543,autochthon_right,0.9635,0.9500755570073347,0.9526776748677249
s0543,brachiocephalic_trunk,0.8673,0.8142626889776081,0.8821655615079366
s0543,brachiocephalic_vein_left,0.9653,0.9379566149450227,0.9236941798941793
s0543,brachiocephalic_vein_right,0.9691,0.8279073594118062,0.832364456878307
s0543,clavicula_left,0.974,0.9263601784073855,0.9281825183862434
s0543,clavicula_right,0.979,0.9199095854062052,0.9359200199735447
s0543,colon,0.8137,0.8748605352176313,0.8754893478835981
s0543,common_carotid_artery_left,0.9429,0.8766216570881779,0.9003015661375654
s0543,common_carotid_artery_right,0.9123,0.9507467810865068,0.8703820234126987
s0543,costal_cartilages,0.8949,0.8857299681654671,0.8736311628306879
s0543,duodenum,0.7632,0.8880373596873107,0.8852186280423283
s0543,esophagus,0.9387,0.9123026723543224,0.9228799341269847
s0543,femur_left,0.9838,0.9884381371095702,0.9733929993867245
s0543,femur_right,0.9861,0.9931536523196055,0.9768510070105821
s0543,gallbladder,0.9571,0.7466339580976313,0.821949034126984
s0543,gluteus_maximus_left,0.9533,0.9296617758793744,0.9486168821428567
s0543,gluteus_maximus_right,0.9523,0.9465870879733973,0.9576049527777774
s0543,gluteus_medius_left,0.9536,0.9663417995569025,0.9554285066137567
s0543,gluteus_medius_right,0.9573,0.9651169038863817,0.9577255063492064
s0543,gluteus_minimus_left,0.9469,0.9504695020100248,0.9374209826719571
s0543,gluteus_minimus_right,0.9402,0.9265263666962744,0.9252832272486772
s0543,heart,0.9399,0.97173597601917,0.9358842855820101
s0543,hip_left,0.9814,0.9785228683867129,0.9800182912698416
s0543,hip_right,0.9826,0.9791429574602162,0.9812645501442999
s0543,humerus_right,0.9046,0.6881634549122545,0.6846260615079363
s0543,iliac_artery_left,0.9464,0.9302495415779943,0.9192688091269842
s0543,iliac_artery_right,0.9226,0.8826352356706736,0.8864307265873013
s0543,iliac_vena_left,0.9385,0.9214915894951349,0.9276291108465609
s0543,iliac_vena_right,0.8714,0.9192709684342956,0.9182939595238093
s0543,iliopsoas_left,0.9642,0.9507051895904765,0.9591506494468499
s0543,iliopsoas_right,0.952,0.9586037212987158,0.9592946890211635
s0543,inferior_vena_cava,0.9535,0.9369263795136166,0.9202283551587306
s0543,kidney_cyst_left,0.0,0.44413263951448095,0.45593780291005276
s0543,kidney_left,0.5315,0.9523966162051467,0.9420643329365082
s0543,kidney_right,0.9853,0.9790511381285781,0.9804908230158738
s0543,liver,0.9698,0.9288459369849869,0.7899962932539678
s0543,lung_lower_lobe_left,0.9905,0.9682068922670063,0.9726650034391536
s0543,lung_lower_lobe_right,0.9884,0.9810429188613208,0.9804846793650802
s0543,lung_middle_lobe_right,0.9493,0.9631402888072816,0.9653537809523806
s0543,lung_upper_lobe_left,0.9935,0.9711704898423047,0.9811266338624337
s0543,lung_upper_lobe_right,0.9776,0.9691545318183308,0.9848401966931223
s0543,pancreas,0.9307,0.9206883146275799,0.9172907564814814
s0543,portal_vein_and_splenic_vein,0.8937,0.8807552916164338,0.8648228424603173
s0543,pulmonary_vein,0.9495,0.9550818794387416,0.9247027310846562
s0543,rib_left_1,0.9607,0.9573017732194097,0.9574228131673888
s0543,rib_left_10,0.97,0.9562708266121771,0.9623815873015867
s0543,rib_left_11,0.9768,0.9627198527608698,0.9514487305555556
s0543,rib_left_12,0.9676,0.9910792911208199,0.8347836310846564
s0543,rib_left_2,0.9649,0.9520815774599575,0.9448131448412699
s0543,rib_left_3,0.9542,0.9516263705111849,0.9492075134920634
s0543,rib_left_4,0.964,0.9551640894147229,0.9550642781746027
s0543,rib_left_5,0.9684,0.9453870399445325,0.9394541452380946
s0543,rib_left_6,0.9606,0.9582030128473265,0.9417886523809521
s0543,rib_left_7,0.9738,0.9577669854263609,0.9571084637566138
s0543,rib_left_8,0.973,0.9647416979798699,0.9604779861111119
s0543,rib_left_9,0.9778,0.9590927505394303,0.9603270876984127
s0543,rib_right_1,0.9635,0.9473133198242091,0.9388086613756614
s0543,rib_right_10,0.9801,0.9601110343577239,0.9551896126984128
s0543,rib_right_11,0.9721,0.9488244632258293,0.9432662466931215
s0543,rib_right_12,0.831,0.7712194815563006,0.7153596948412695
s0543,rib_right_2,0.9691,0.9285607146261468,0.9283816789682544
s0543,rib_right_3,0.9229,0.9546625773236795,0.9455315656084656
s0543,rib_right_4,0.8864,0.8699078882171329,0.8698551279100525
s0543,rib_right_5,0.8848,0.8459820934827078,0.8546804878306883
s0543,rib_right_6,0.9573,0.9554591748709547,0.9338443345238102
s0543,rib_right_7,0.9827,0.9625556922757695,0.9586679954365079
s0543,rib_right_8,0.9818,0.9650728389402735,0.9624025450396817
s0543,rib_right_9,0.9758,0.9681067154055069,0.9622601488095229
s0543,sacrum,0.9367,0.9672705912715356,0.9462096683862434
s0543,scapula_left,0.9611,0.9579080485609776,0.9494973896825392
s0543,scapula_right,0.9688,0.9600057797116112,0.9513662277777775
s0543,small_bowel,0.8475,0.8581314796857968,0.8498483816137572
s0543,spinal_cord,0.9552,0.9392300767591377,0.9439939424603178
s0543,spleen,0.9823,0.96997636582036,0.9671968873015883
s0543,sternum,0.9373,0.9288449268992495,0.9361310715848961
s0543,stomach,0.969,0.9404413657824242,0.9496880011784515
s0543,subclavian_artery_left,0.956,0.9301992599091187,0.9087255940476192
s0543,subclavian_artery_right,0.9115,0.9090766317151083,0.9199763137566136
s0543,superior_vena_cava,0.9712,0.9248979984074742,0.937457721957671
s0543,thyroid_gland,0.9012,0.9342793472633757,0.9125873041005298
s0543,trachea,0.9726,0.9588334820667962,0.9408004338624336
s0543,urinary_bladder,0.6854,0.900306535583404,0.8550614208994705
s0543,vertebrae_C7,0.9855,0.9281678409084281,0.8916852695767195
s0543,vertebrae_L1,0.9804,0.9823750783697385,0.9836580621693118
s0543,vertebrae_L2,0.9781,0.9912306673592375,0.9797910812169316
s0543,vertebrae_L3,0.9716,0.9886814587752907,0.9833778989417986
s0543,vertebrae_L4,0.9581,0.9897150853051913,0.9826300115079359
s0543,vertebrae_L5,0.957,0.9911303605370017,0.9838912005291004
s0543,vertebrae_S1,0.9194,0.9816064468623076,0.9612889007936509
s0543,vertebrae_T1,0.9808,0.952869989890132,0.9605071697089937
s0543,vertebrae_T10,0.9767,0.9806176275971827,0.9800596297619046
s0543,vertebrae_T11,0.9775,0.9761901385429527,0.9798069309523801
s0543,vertebrae_T12,0.9796,0.9746940479668549,0.9759561693121691
s0543,vertebrae_T2,0.9504,0.9578623396371739,0.9464965158730161
s0543,vertebrae_T3,0.947,0.9861916430015125,0.9624398057118808
s0543,vertebrae_T4,0.9611,0.9243541693525489,0.7764052242063489
s0543,vertebrae_T5,0.9652,0.9371589889826161,0.9561442440716701
s0543,vertebrae_T6,0.9643,0.9570499013502207,0.9746454543891286
s0543,vertebrae_T7,0.9645,0.9484519361757161,0.9710974895502636
s0543,vertebrae_T8,0.9709,0.9398431836257117,0.95754435
s0543,vertebrae_T9,0.9782,0.9030960017878898,0.9425809814814824
s1412,adrenal_gland_left,0.7168,0.7705112040923716,0.8243696534391534
s1412,adrenal_gland_right,0.901,0.8195110027428477,0.7938706343915347
s1412,aorta,0.9626,0.9318539392993622,0.9272529275132277
s1412,autochthon_left,0.9735,0.9699895133367098,0.965458680026455
s1412,autochthon_right,0.9763,0.9635086061967155,0.9658568560846564
s1412,colon,0.9455,0.9397194186645437,0.9339937126984131
s1412,costal_cartilages,0.9,0.8755223266163741,0.8545975186507939
s1412,duodenum,0.8189,0.7374137245674415,0.7517204138528134
s1412,esophagus,0.9498,0.8750508569803949,0.9053303039682536
s1412,femur_left,0.9878,0.9719522282703197,0.9646622068783072
s1412,femur_right,0.9868,0.9357366771567132,0.967794689021164
s1412,gallbladder,0.923,0.929023957663406,0.8700071523809527
s1412,gluteus_maximus_left,0.9733,0.9681758631957879,0.9653982083333329
s1412,gluteus_maximus_right,0.9739,0.9706194388263277,0.9469160634920635
s1412,gluteus_medius_left,0.9695,0.9622735838309446,0.9568563067460307
s1412,gluteus_medius_right,0.966,0.9568616591062186,0.9603784519841273
s1412,gluteus_minimus_left,0.9537,0.9405007115334382,0.9338425981361244
s1412,gluteus_minimus_right,0.9425,0.9423640605323181,0.9487685601851852
s1412,heart,0.8796,0.9661822519779516,0.9156773843915342
s1412,hip_left,0.9841,0.9652575290772658,0.9765662277777778
s1412,hip_right,0.9833,0.9693788728308826,0.9743453904761903
s1412,iliac_artery_left,0.7037,0.8423995768447882,0.8392667250000001
s1412,iliac_artery_right,0.6407,0.7311096799753155,0.7100455448412691
s1412,iliac_vena_left,0.8771,0.8930029332770926,0.8985076029100534
s1412,iliac_vena_right,0.7996,0.842197068436999,0.8351265080687831
s1412,iliopsoas_left,0.9604,0.9563674620154898,0.9595392002645508
s1412,iliopsoas_right,0.9567,0.9640069264346023,0.9586810984126987
s1412,inferior_vena_cava,0.7581,0.9162829133521562,0.8932563457671955
s1412,kidney_left,0.9653,0.9330335144849655,0.9411904410052904
s1412,kidney_right,0.9723,0.8844897487020857,0.952336610714285
s1412,liver,0.964,0.9790145174168892,0.9725401496031746
s1412,lung_lower_lobe_left,0.9371,0.9477049120795159,0.9373171253968252
s1412,lung_lower_lobe_right,0.992,0.8668104418228072,0.9471564439153438
s1412,lung_middle_lobe_right,0.9894,0.9802767199246293,0.973871356481481
s1412,lung_upper_lobe_left,0.9687,0.8043119415246773,0.8663095927248681
s1412,pancreas,0.8654,0.874822754387427,0.8724460415343914
s1412,portal_vein_and_splenic_vein,0.73,0.6101895391662948,0.6679516084656084
s1412,prostate,0.8337,0.633589964455051,0.7640396870370373
s1412,pulmonary_vein,0.8293,0.5045589302220691,0.3588757403439153
s1412,rib_left_10,0.9712,0.9399206405332259,0.9675408988196988
s1412,rib_left_11,0.9664,0.9490934341537055,0.9670482740500248
s1412,rib_left_12,0.9724,0.9751667523853813,0.9594768591269851
s1412,rib_left_4,0.9217,0.591908596019347,0.7325461317460317
s1412,rib_left_5,0.9551,0.9353945043163718,0.9226885043650788
s1412,rib_left_6,0.9527,0.9358600726512718,0.9348459386243383
s1412,rib_left_7,0.9624,0.9864316494674843,0.9549645976190463
s1412,rib_left_8,0.9647,0.9337950474385557,0.9587579408730165
s1412,rib_left_9,0.9741,0.9333176834238028,0.9653603464646467
s1412,rib_right_10,0.9744,0.9557456178548875,0.9636907131673886
s1412,rib_right_11,0.9699,0.9460483536484244,0.9589585477513235
s1412,rib_right_12,0.9698,0.9606909272917902,0.9553164206349208
s1412,rib_right_4,0.855,0.6248743940758031,0.6462580026455027
s1412,rib_right_5,0.9548,0.837959526148741,0.8073162261904765
s1412,rib_right_6,0.9711,0.9349836864862962,0.9054583650793648
s1412,rib_right_7,0.9796,0.9382741253602668,0.9316429190476195
s1412,rib_right_8,0.9755,0.9606163433102661,0.9494509940836944
s1412,rib_right_9,0.9667,0.936093285056573,0.9637794553631552
s1412,sacrum,0.952,0.9275775057238491,0.920494409920635
s1412,small_bowel,0.8957,0.9472090496399665,0.9006095082010578
s1412,spinal_cord,0.9627,0.9397600542561353,0.9396641169312178
s1412,spleen,0.9699,0.953350728482384,0.9594873007936512
s1412,sternum,0.9246,0.7888554716638206,0.8339848572751319
s1412,stomach,0.967,0.9429682775650006,0.9529523207671949
s1412,urinary_bladder,0.946,0.9720772725273557,0.9317124593915346
s1412,vertebrae_L1,0.9858,0.9754154347905278,0.9343577551587295
s1412,vertebrae_L2,0.9875,0.9713602206573466,0.9848999308201056
s1412,vertebrae_L3,0.9867,0.9645492401237268,0.9829634759259267
s1412,vertebrae_L4,0.9888,0.968954273658553,0.9789689873015875
s1412,vertebrae_L5,0.9853,0.9746209560263185,0.9818637845238093
s1412,vertebrae_S1,0.9443,0.9693250905270943,0.9645246316137562
s1412,vertebrae_T10,0.9851,0.9663209236885342,0.9733782107142862
s1412,vertebrae_T11,0.9837,0.963561911580392,0.9734718253968255
s1412,vertebrae_T12,0.9872,0.9586271309295631,0.9742806265873012
s1412,vertebrae_T8,0.9659,1.0,0.8976681222222228
s1412,vertebrae_T9,0.9849,0.9832853980176672,0.9688257294973552
s1411,adrenal_gland_left,0.9271,0.8654208868034472,0.8437029876984128
s1411,adrenal_gland_right,0.9319,0.8433995208795372,0.8309003215608467
s1411,aorta,0.9688,0.9303389221185261,0.940533599603174
s1411,autochthon_left,0.9727,0.9719292396593772,0.9659877771164016
s1411,autochthon_right,0.974,0.9681980442383502,0.964606372089947
s1411,colon,0.93,0.917534450130879,0.8706594291005287
s1411,costal_cartilages,0.9119,0.9195339390299692,0.8899678788359786
s1411,duodenum,0.9154,0.8889113881544017,0.8829061493386244
s1411,esophagus,0.964,0.9404110285901232,0.9082745965608455
s1411,femur_left,0.9887,0.989801599168577,0.9797057502645505
s1411,femur_right,0.9885,0.9884431630512477,0.9794908470899475
s1411,gallbladder,0.9692,0.879016074253886,0.8688553719576718
s1411,gluteus_maximus_left,0.9784,0.9745679936861774,0.9718071496031744
s1411,gluteus_maximus_right,0.9835,0.9791888507222103,0.9721191660052901
s1411,gluteus_medius_left,0.9631,0.9600597917129177,0.9596346015873016
s1411,gluteus_medius_right,0.9762,0.9628939208969711,0.960281128174603
s1411,gluteus_minimus_left,0.9567,0.9467208333584907,0.9402260769841266
s1411,gluteus_minimus_right,0.9613,0.9381748167541955,0.9400607011904765
s1411,heart,0.8891,0.7880239366304126,0.7554552526455022
s1411,hip_left,0.9864,0.9859961204090489,0.9798806576479071
s1411,hip_right,0.9848,0.9874932105607678,0.9814025445767192
s1411,iliac_artery_left,0.9168,0.8478256128317512,0.8641341611111113
s1411,iliac_artery_right,0.9015,0.8589725360486093,0.8587313130952382
s1411,iliac_vena_left,0.929,0.899095521105803,0.8962882887566143
s1411,iliac_vena_right,0.8578,0.8909799864536192,0.8821471785714289
s1411,iliopsoas_left,0.9725,0.9617230502515878,0.9577021720899472
s1411,iliopsoas_right,0.9646,0.9660790203175784,0.9603132476190478
s1411,inferior_vena_cava,0.9423,0.9162159301333356,0.9137703742063491
s1411,kidney_left,0.9769,0.9703167340645465,0.9575101791005286
s1411,kidney_right,0.9834,0.9593350131551517,0.9588461301587309
s1411,liver,0.9905,0.9759582643587409,0.9823874375661367
s1411,lung_lower_lobe_left,0.9904,0.9738831455823103,0.9810610005291005
s1411,lung_lower_lobe_right,0.9903,0.9901589696923355,0.9848040568783064
s1411,lung_middle_lobe_right,0.9758,0.9782141746282669,0.9612236658730168
s1411,lung_upper_lobe_left,0.9848,0.945300112202926,0.9669925211640213
s1411,pancreas,0.8392,0.7814888798893351,0.8337369063371814
s1411,portal_vein_and_splenic_vein,0.8056,0.6998757375807835,0.770995472871573
s1411,prostate,0.8674,0.8039437372385277,0.816401507671958
s1411,rib_left_10,0.9847,0.9668369400030504,0.9647140866041358
s1411,rib_left_11,0.9782,0.9611537305296831,0.9611054123015871
s1411,rib_left_12,0.9736,0.9394673566035396,0.9362231287397785
s1411,rib_left_5,0.6176,0.7205296937121222,0.6429136870370374
s1411,rib_left_6,0.9411,0.8978085721609037,0.916118492857143
s1411,rib_left_7,0.9821,0.9351724336782514,0.9379681730158727
s1411,rib_left_8,0.9804,0.9713892135158044,0.9615561306878303
s1411,rib_left_9,0.9825,0.9691923486766545,0.9641983076358824
s1411,rib_right_10,0.9762,0.9658886612139214,0.9661206912698412
s1411,rib_right_11,0.9795,0.9610143117413343,0.9631470511904757
s1411,rib_right_12,0.9782,0.9681531710048532,0.9479792779100525
s1411,rib_right_6,0.9479,0.9268798387389735,0.9194018894179895
s1411,rib_right_7,0.9749,0.9415489469993079,0.9405458539682536
s1411,rib_right_8,0.9841,0.9592649386040205,0.9588122535714283
s1411,rib_right_9,0.977,0.9773567996644642,0.9670456661014909
s1411,sacrum,0.9585,0.9501621682103352,0.9443267769841274
s1411,small_bowel,0.9341,0.9453554662695858,0.914237151984127
s1411,spinal_cord,0.9608,0.9503937770629717,0.941600708201059
s1411,spleen,0.9748,0.9654844028310493,0.9591757066137565
s1411,sternum,0.7865,0.8093623707491164,0.843156270238095
s1411,stomach,0.9765,0.9510407451980103,0.9520407636243385
s1411,urinary_bladder,0.96,0.9594699632812557,0.9511925047619048
s1411,vertebrae_L1,0.9892,0.9734458127143483,0.9790190172799424
s1411,vertebrae_L2,0.9897,0.961029375621324,0.9814429601851851
s1411,vertebrae_L3,0.9892,0.9718605686491416,0.9816860477513232
s1411,vertebrae_L4,0.989,0.9482500677742693,0.9793061022486765
s1411,vertebrae_L5,0.989,0.9778142223024112,0.9741773041005293
s1411,vertebrae_S1,0.9383,0.9522627149188543,0.9574942507936516
s1411,vertebrae_T10,0.986,0.9493218069195927,0.9694813938672443
s1411,vertebrae_T11,0.9818,0.9561245450117222,0.9718489470899478
s1411,vertebrae_T12,0.984,0.918834833364959,0.9557991924603179
s1411,vertebrae_T8,0.9827,0.8484726176712514,0.8903779194444443
s1411,vertebrae_T9,0.9882,0.9929883599196593,0.9677872456349208
s1407,brain,0.9164,0.9461232577981771,0.9382342074074067
s1407,skull,0.8599,0.9609092000696118,0.9007176249999992
s1407,spinal_cord,0.4716,0.6149114206254341,0.655220468073593
s1407,vertebrae_C1,0.8891,0.807611780681291,0.9038407023809515
s1407,vertebrae_C2,0.7952,0.751485901255349,0.7543514837301589
s0230,adrenal_gland_left,0.7045,0.21720612873644857,0.3206515317460316
s0230,adrenal_gland_right,0.0,0.47462747543668127,0.5352837748196247
s0230,aorta,0.9844,0.9701849212432618,0.9703649195767193
s0230,atrial_appendage_left,0.9571,0.8970174067235555,0.9248012509259259
s0230,autochthon_left,0.9628,0.9568612636980084,0.9594396093915348
s0230,autochthon_right,0.9625,0.9570479591539549,0.9559473703703703
s0230,brachiocephalic_trunk,0.8608,0.8635760302705523,0.8857402355820105
s0230,brachiocephalic_vein_left,0.883,0.8946627583006187,0.8420928646825394
s0230,brachiocephalic_vein_right,0.7836,0.9211828707420692,0.8876672370370369
s0230,clavicula_left,0.969,0.9396872507250399,0.9455982519841272
s0230,clavicula_right,0.9193,0.9420727962206081,0.9317486697089942
s0230,common_carotid_artery_left,0.9582,0.9153091138301979,0.9030387337301586
s0230,common_carotid_artery_right,0.9574,0.8967223187474506,0.9121281599206348
s0230,costal_cartilages,0.6653,0.8982573756728398,0.8217344743386249
s0230,esophagus,0.8948,0.893070439364727,0.9006843498677246
s0230,heart,0.9261,0.9410825371849915,0.9427414841269844
s0230,humerus_left,0.8617,0.8473812050633105,0.7451722076719578
s0230,humerus_right,0.7466,0.961257473636344,0.9282258748917749
s0230,iliopsoas_left,0.3269,0.0,0.1368958634920634
s0230,inferior_vena_cava,0.5495,0.6965598268250036,0.804308700396825
s0230,kidney_left,0.802,0.8435204035355195,0.714944988095238
s0230,liver,0.9471,0.9695418878990096,0.9692345616402113
s0230,lung_lower_lobe_left,0.9702,0.7848703506032233,0.8204458330687828
s0230,lung_lower_lobe_right,0.9852,0.9696483135201293,0.968124413492064
s0230,lung_middle_lobe_right,0.9597,0.9607600271131529,0.9432167563492067
s0230,lung_upper_lobe_left,0.9825,0.9775093947825989,0.9761074120370362
s0230,lung_upper_lobe_right,0.9851,0.9852399679118418,0.9801172126142372
s0230,pancreas,0.4906,0.7011295090717807,0.5205078565656562
s0230,pulmonary_vein,0.9039,0.9350520164863118,0.9264272994708989
s0230,rib_left_1,0.932,0.9176130161993232,0.9185325309523811
s0230,rib_left_10,0.9699,0.9220685065447702,0.9641134412698413
s0230,rib_left_11,0.9815,0.9300520401603397,0.9517607892857143
s0230,rib_left_12,0.9524,0.9395061768795356,0.9144471877705632
s0230,rib_left_2,0.8442,0.576264388565267,0.621285592857143
s0230,rib_left_3,0.5449,0.49741528935910817,0.6351902345238094
s0230,rib_left_4,0.7818,0.389518640319818,0.5476630395502643
s0230,rib_left_5,0.8539,0.5780826574809237,0.5804746189153438
s0230,rib_left_6,0.887,0.9723166167706419,0.9441509738095234
s0230,rib_left_7,0.8976,0.7793462346433393,0.7555811686507934
s0230,rib_left_8,0.9181,0.979807228566256,0.965180607407407
s0230,rib_left_9,0.9721,0.9733550466625287,0.9662563353174604
s0230,rib_right_1,0.7544,0.8311598109845721,0.8959118542328044
s0230,rib_right_10,0.9606,0.9418169896073475,0.9592197060846557
s0230,rib_right_11,0.9777,0.9420287948268948,0.9501974871693128
s0230,rib_right_12,0.9583,0.8419258589000294,0.799159421031746
s0230,rib_right_2,0.9446,0.9595639954497506,0.959290216269841
s0230,rib_right_3,0.9443,0.9726476664461681,0.9626886908730161
s0230,rib_right_4,0.9475,0.9474913214349746,0.9659307583333336
s0230,rib_right_5,0.9542,0.8994791739012912,0.8734452242063487
s0230,rib_right_6,0.9556,0.9630098029345707,0.9673187321428566
s0230,rib_right_7,0.9741,0.9603332617721148,0.9645404948412698
s0230,rib_right_8,0.9716,0.9590942273873918,0.9663199447089946
s0230,rib_right_9,0.9698,0.9598425865144486,0.9614304893578638
s0230,scapula_left,0.95,0.967437549448883,0.9543042046296288
s0230,scapula_right,0.9424,0.9573080253309331,0.95280089537037
s0230,spinal_cord,0.9447,0.9336030272486026,0.937136401984127
s0230,spleen,0.852,0.9646522728988132,0.9652444566137571
s0230,sternum,0.8971,0.9280270968376997,0.9260737730158733
s0230,stomach,0.6559,0.8353971310197946,0.8904851257936508
s0230,subclavian_artery_left,0.9432,0.9436103997632346,0.9134390543650791
s0230,subclavian_artery_right,0.8865,0.8963263325112794,0.913742559391535
s0230,superior_vena_cava,0.9514,0.971083988775357,0.9435094216931219
s0230,thyroid_gland,0.9045,0.9268215007241546,0.9219912558201055
s0230,trachea,0.9665,0.9380761975169539,0.9455075880952383
s0230,vertebrae_C7,0.9725,0.892459315133486,0.9122517931337183
s0230,vertebrae_L1,0.9678,0.9290075028452663,0.9048571899470909
s0230,vertebrae_T1,0.9811,0.9536655574003612,0.9578542259259266
s0230,vertebrae_T10,0.9801,0.973262887574127,0.9767984276455024
s0230,vertebrae_T11,0.9801,0.9394461958010895,0.9614891235449736
s0230,vertebrae_T12,0.9779,0.9566205511906403,0.9736263514550264
s0230,vertebrae_T2,0.9744,0.9492319953790032,0.9652863215608471
s0230,vertebrae_T3,0.9727,0.943948063053929,0.9676786338624342
s0230,vertebrae_T4,0.9555,0.9671069822965711,0.9717270431216942
s0230,vertebrae_T5,0.9214,0.9677449681411616,0.9682084153439164
s0230,vertebrae_T6,0.9432,0.9796121792414738,0.9712469791005286
s0230,vertebrae_T7,0.9782,0.9757293398837202,0.9649052162698414
s0230,vertebrae_T8,0.9823,0.9737512930630149,0.961499532539683
s0230,vertebrae_T9,0.9763,0.9720509455089564,0.9678000383477636
s1429,autochthon_left,0.9662,0.942716447189108,0.9509735932539689
s1429,autochthon_right,0.9727,0.9151237345864193,0.9477621055555561
s1429,colon,0.9219,0.8423068013568183,0.8491303526455024
s1429,femur_left,0.9807,0.9781560062445199,0.9476655420634914
s1429,femur_right,0.979,0.9816891281051627,0.9440825421957662
s1429,gluteus_maximus_left,0.9691,0.9733257896581907,0.9680619677248683
s1429,gluteus_maximus_right,0.9686,0.9656598699192096,0.9701193006613759
s1429,gluteus_medius_left,0.9638,0.9742466278186098,0.9564754039682541
s1429,gluteus_medius_right,0.9578,0.9611813415151127,0.9557970373015872
s1429,gluteus_minimus_left,0.9309,0.9209521771604801,0.9184631554713804
s1429,gluteus_minimus_right,0.9325,0.9187905677145568,0.9173548063492063
s1429,hip_left,0.9793,0.9854878422383839,0.9711233380230878
s1429,hip_right,0.9782,0.9753711653977314,0.9718250626262632
s1429,iliac_artery_left,0.7284,0.8243959782452119,0.8552716706709959
s1429,iliac_artery_right,0.7015,0.7498111812180729,0.8399327698412694
s1429,iliac_vena_left,0.795,0.7952461230798856,0.8469916944444444
s1429,iliac_vena_right,0.7136,0.7636067966441106,0.8364664627224621
s1429,iliopsoas_left,0.9539,0.9397768403103126,0.938266406433383
s1429,iliopsoas_right,0.9579,0.9562543850762845,0.9351949944749699
s1429,prostate,0.0,0.26348901497564897,0.35585494470899465
s1429,sacrum,0.963,0.9316070415009878,0.9156159498677253
s1429,small_bowel,0.8921,0.9393503558727667,0.9470530041005287
s1429,spinal_cord,0.8926,0.9570192826447805,0.9039297506613756
s1429,urinary_bladder,0.9581,0.9328114666047078,0.9389257652116404
s1429,vertebrae_L4,0.9658,0.7180719209894572,0.7584404749999997
s1429,vertebrae_L5,0.9881,0.9800641554845602,0.9693694585978839
s1429,vertebrae_S1,0.962,0.9599721171268149,0.9373727678571423
s0792,brain,0.9788,0.9927782836496915,0.9694871412698414
s0792,skull,0.935,0.9313873171063777,0.9352396145502644
s0792,spinal_cord,0.6205,0.8756080453104551,0.7347756170634924
s0792,vertebrae_C1,0.3358,0.7150758161338113,0.6120776707671958
s0792,vertebrae_C2,0.541,0.55558066126442,0.5097197214285711
s0459,adrenal_gland_left,0.8037,0.8287247845777604,0.8373195830687823
s0459,adrenal_gland_right,0.8536,0.8824690395442327,0.8479169559523813
s0459,aorta,0.9835,0.9752936845877119,0.9639103543650795
s0459,atrial_appendage_left,0.8761,0.884922318980092,0.9174571830687832
s0459,autochthon_left,0.9615,0.9688657363041243,0.9624143018518525
s0459,autochthon_right,0.9553,0.9721614371940143,0.9634419410052918
s0459,brachiocephalic_trunk,0.9569,0.88798693015541,0.9037990948412694
s0459,brachiocephalic_vein_left,0.9426,0.912465054971802,0.9246539361111111
s0459,brachiocephalic_vein_right,0.9094,0.6987627689726382,0.8093199879629629
s0459,brain,0.8578,0.7287278940952943,0.7137122912698408
s0459,clavicula_left,0.9586,0.9687161120477095,0.9364675297619054
s0459,clavicula_right,0.91,0.9309913822796525,0.9172675141534391
s0459,common_carotid_artery_left,0.8275,0.919710669914657,0.9202803978835984
s0459,common_carotid_artery_right,0.7923,0.8916546656876314,0.8937924734126985
s0459,costal_cartilages,0.8961,0.9065484828335761,0.8765524985449732
s0459,duodenum,0.2765,0.7720790941758735,0.6909498460317463
s0459,esophagus,0.8244,0.9144361268524022,0.901390333597883
s0459,gallbladder,0.6901,0.7027814251919622,0.5371774123015871
s0459,heart,0.9196,0.9240450706339342,0.9339590119047616
s0459,humerus_left,0.9495,0.9526386422587223,0.8215047054232808
s0459,humerus_right,0.9719,0.9391938892029884,0.9046999818783064
s0459,iliopsoas_left,0.9321,0.8940057126069568,0.8514531445767187
s0459,iliopsoas_right,0.9012,0.8830485420920401,0.8434463165343903
s0459,inferior_vena_cava,0.8837,0.7932522836467678,0.8265546829365077
s0459,kidney_left,0.9689,0.9606432459414239,0.9472857976190471
s0459,kidney_right,0.9815,0.9477637140320526,0.9088915509259264
s0459,liver,0.9696,0.9714063870286413,0.9463398218253974
s0459,lung_lower_lobe_left,0.9489,0.95153576923994,0.9468271324074078
s0459,lung_lower_lobe_right,0.991,0.9861439887023358,0.9853791896825392
s0459,lung_middle_lobe_right,0.9687,0.9773424110048967,0.9577687484126985
s0459,lung_upper_lobe_left,0.9868,0.9680273619393992,0.953911180952381
s0459,lung_upper_lobe_right,0.9878,0.9812626900450185,0.9802515989417993
s0459,pancreas,0.5607,0.7839234574778897,0.6956456026455022
s0459,portal_vein_and_splenic_vein,0.0,0.37831456152023446,0.4480065488095237
s0459,pulmonary_vein,0.9035,0.9030116421034873,0.8744088529100541
s0459,rib_left_1,0.8472,0.9282338919576573,0.9249314018518526
s0459,rib_left_10,0.9729,0.9555722808927737,0.9511432685185194
s0459,rib_left_11,0.9596,0.9590924622751611,0.9449853202380958
s0459,rib_left_12,0.8282,0.8919387598199968,0.9111096960317459
s0459,rib_left_2,0.9461,0.95543009120942,0.9471534490740743
s0459,rib_left_3,0.9395,0.9537107017329676,0.9483028329365074
s0459,rib_left_4,0.9022,0.9683584627018865,0.8470570083333336
s0459,rib_left_5,0.9199,0.9747129212223846,0.9607645037518046
s0459,rib_left_6,0.9712,0.9801143513658928,0.96428140441318
s0459,rib_left_7,0.9774,0.9718642060347178,0.9650094966931219
s0459,rib_left_8,0.9703,0.9503247194341333,0.9640795952380946
s0459,rib_left_9,0.97,0.9566353184452185,0.9591485903439155
s0459,rib_right_1,0.903,0.9170377633129878,0.9256249637566142
s0459,rib_right_10,0.9768,0.9280695865255179,0.946336012169313
s0459,rib_right_11,0.9719,0.9536992078742886,0.9515896293650792
s0459,rib_right_12,0.9375,0.9462278523490834,0.9112913853174598
s0459,rib_right_2,0.9476,0.9545186088903471,0.9536036903439166
s0459,rib_right_3,0.9366,0.9560934407991907,0.956882832407408
s0459,rib_right_4,0.9469,0.9503750808045326,0.9564400694444439
s0459,rib_right_5,0.9669,0.9624226655203453,0.9586589174603174
s0459,rib_right_6,0.956,0.9753019003809827,0.9667134601546606
s0459,rib_right_7,0.9736,0.97044879756586,0.9646250157407406
s0459,rib_right_8,0.9754,0.9479395133409687,0.9642663781746027
s0459,rib_right_9,0.9718,0.9521587844526469,0.9587151947089945
s0459,scapula_left,0.9523,0.9624873149894152,0.926101406084656
s0459,scapula_right,0.9382,0.9670638291697794,0.9408817301587301
s0459,skull,0.9053,0.7925355114299393,0.750846566450217
s0459,spinal_cord,0.9063,0.9457414861117897,0.9445800469576717
s0459,spleen,0.9494,0.9536751948950559,0.9282663489417993
s0459,sternum,0.9334,0.9388831556093279,0.9223772353174614
s0459,stomach,0.8894,0.8513304873932588,0.8365537851851849
s0459,subclavian_artery_left,0.9252,0.9297697461792359,0.9178419585978839
s0459,subclavian_artery_right,0.9362,0.9342580134926532,0.9134933793650798
s0459,superior_vena_cava,0.9719,0.8599287525781137,0.8897806918229916
s0459,thyroid_gland,0.9183,0.9198797217665734,0.9291597097883604
s0459,trachea,0.9562,0.9448481380182518,0.9549798134920636
s0459,vertebrae_C1,0.8772,0.9233264000887296,0.7850385063492067
s0459,vertebrae_C2,0.9659,0.9396013121077504,0.960132760582011
s0459,vertebrae_C3,0.9448,0.9502244072353103,0.9397693806878302
s0459,vertebrae_C4,0.9209,0.9348252719010923,0.9086358646825399
s0459,vertebrae_C5,0.9144,0.9072435806028807,0.8775328412698411
s0459,vertebrae_C6,0.9234,0.925826709566491,0.9332241316137565
s0459,vertebrae_C7,0.9469,0.8998649739739585,0.8964208022486772
s0459,vertebrae_L1,0.9845,0.9852547862784817,0.9800765431216931
s0459,vertebrae_L2,0.9797,0.944999400804959,0.9434433431216934
s0459,vertebrae_T1,0.9709,0.9654473276277792,0.9651430748677249
s0459,vertebrae_T10,0.9835,0.9744242312250819,0.9714162164742669
s0459,vertebrae_T11,0.9847,0.9501296888573413,0.9621724378306883
s0459,vertebrae_T12,0.9843,0.9718261192868163,0.9585811839947087
s0459,vertebrae_T2,0.9727,0.9468569693632319,0.9612239519841274
s0459,vertebrae_T3,0.9701,0.9567892813013728,0.9539957203703701
s0459,vertebrae_T4,0.9727,0.9627253939443277,0.9584936007936502
s0459,vertebrae_T5,0.9721,0.9630502116107535,0.9629685431216937
s0459,vertebrae_T6,0.9783,0.9479276643794942,0.9605413690476197
s0459,vertebrae_T7,0.9826,0.9641755465299153,0.9586188297619047
s0459,vertebrae_T8,0.9837,0.9648821422119194,0.9626518903439157
s0459,vertebrae_T9,0.9842,0.9720011591265113,0.9764000403439149
s1355,aorta,0.9356,0.9205772671066009,0.9108599703703704
s1355,autochthon_left,0.9644,0.9670524721407643,0.9561213492063496
s1355,autochthon_right,0.9645,0.9637734377847909,0.9564984313492065
s1355,colon,0.7785,0.8770863036943145,0.8433757962962969
s1355,costal_cartilages,0.5651,0.1840678807791263,0.3281997908730159
s1355,duodenum,0.8883,0.8200853129506513,0.820041756084656
s1355,femur_left,0.9837,0.9916327768927454,0.9620387812169315
s1355,femur_right,0.9836,0.9935898255494725,0.9608381447089949
s1355,gallbladder,0.8948,0.9378840241482262,0.8706436210317458
s1355,gluteus_maximus_left,0.9608,0.9626104936281007,0.9614628284391536
s1355,gluteus_maximus_right,0.97,0.9764404939737504,0.9610308611111109
s1355,gluteus_medius_left,0.9412,0.9532207392956366,0.9510729103174602
s1355,gluteus_medius_right,0.9411,0.9544570840025455,0.9423204317460306
s1355,gluteus_minimus_left,0.9171,0.936882677793822,0.9267801130952384
s1355,gluteus_minimus_right,0.9274,0.9273693890903008,0.9233336151515152
s1355,hip_left,0.9752,0.9878502559833301,0.9672534956349197
s1355,hip_right,0.9779,0.9902137369216697,0.971460485714285
s1355,iliac_artery_left,0.9214,0.93664478392049,0.9189790995069745
s1355,iliac_artery_right,0.9122,0.92943378307019,0.9179648721260226
s1355,iliac_vena_left,0.8707,0.8964096842793156,0.8812497719576722
s1355,iliac_vena_right,0.8322,0.8748867408070568,0.8627648308201058
s1355,iliopsoas_left,0.9519,0.9431951759934197,0.9526686084656084
s1355,iliopsoas_right,0.9503,0.9532662051423451,0.9550388182539689
s1355,inferior_vena_cava,0.8173,0.9345421662470598,0.9027317515873017
s1355,kidney_left,0.9415,0.9576553090680056,0.9267943273809521
s1355,kidney_right,0.9302,0.9558552583818837,0.9516702416666667
s1355,liver,0.969,0.954742917703681,0.9487067120129871
s1355,pancreas,0.0479,0.9105393887085048,0.9271812394179887
s1355,rib_left_10,0.0,0.501399505046021,0.6224481654761901
s1355,rib_left_11,0.6811,0.6500465299481782,0.6779234393698897
s1355,rib_right_10,0.9142,0.7448913131866695,0.6349249710317459
s1355,rib_right_11,0.9423,0.9133566895945971,0.8800634960317463
s1355,rib_right_12,0.3793,0.7392516049418811,0.5402066166666674
s1355,sacrum,0.9362,0.9498186648093235,0.9447038285714285
s1355,small_bowel,0.7548,0.8063003640071725,0.8262138277777774
s1355,spinal_cord,0.9304,0.9337470617724337,0.921874096296296
s1355,stomach,0.0,0.5558184301773248,0.6136802359788356
s1355,urinary_bladder,0.8929,0.9714389521132532,0.9416879321428574
s1355,vertebrae_L1,0.9509,0.9306918398038581,0.9061679498677246
s1355,vertebrae_L2,0.97,0.965049015995933,0.9763540473544975
s1355,vertebrae_L3,0.9737,0.9845840810365211,0.9783994507936506
s1355,vertebrae_L4,0.9667,0.9711618209131914,0.9731162841269843
s1355,vertebrae_L5,0.9717,0.9677109184636898,0.9647618436507934
s1355,vertebrae_S1,0.8744,0.9581783628189862,0.9556483346560852
s0753,adrenal_gland_left,0.8602,0.7264843946176046,0.7079888559283305
s0753,adrenal_gland_right,0.8813,0.7188884562730755,0.7588897697089949
s0753,aorta,0.9791,0.9781365809137335,0.9736002227513232
s0753,atrial_appendage_left,0.9077,0.9066579782096215,0.9126863456349203
s0753,autochthon_left,0.9631,0.953975182822895,0.9550851186507936
s0753,autochthon_right,0.9675,0.9635852252479243,0.9566063654761903
s0753,brachiocephalic_trunk,0.8556,0.9031015368312336,0.9187052753968252
s0753,brachiocephalic_vein_left,0.9349,0.9261388413349576,0.9293155337301586
s0753,brachiocephalic_vein_right,0.9217,0.8455285453670802,0.8827715398148147
s0753,clavicula_left,0.8958,0.9682399028776907,0.9582357477513227
s0753,clavicula_right,0.9625,0.9487927531117928,0.9594924257936501
s0753,colon,0.9142,0.9246888947406187,0.8634184689153436
s0753,common_carotid_artery_left,0.9512,0.9316493426085047,0.8961106142857149
s0753,common_carotid_artery_right,0.9158,0.926700218834015,0.9234720624338617
s0753,costal_cartilages,0.8415,0.8229833725858328,0.8228115175204427
s0753,duodenum,0.75,0.7683571262310114,0.6764061432539679
s0753,esophagus,0.9022,0.9043329116705551,0.9089722121693123
s0753,gallbladder,0.2746,0.5184732634971468,0.6313497623015872
s0753,heart,0.9439,0.9380405701618494,0.9273920828042329
s0753,humerus_left,0.9332,0.8375745246678741,0.7843083506613756
s0753,humerus_right,0.9507,0.9311065783425724,0.9450631402116397
s0753,inferior_vena_cava,0.9122,0.8343775803107104,0.8645481261904759
s0753,kidney_left,0.9594,0.8360311546719031,0.8747941669312159
s0753,liver,0.977,0.9653181491090572,0.966256502116402
s0753,lung_lower_lobe_left,0.988,0.9851659495382932,0.9872588605820103
s0753,lung_lower_lobe_right,0.9911,0.993505577848751,0.9888020867724867
s0753,lung_middle_lobe_right,0.9542,0.9782533999477024,0.9655765369047619
s0753,lung_upper_lobe_left,0.9918,0.9674884741607106,0.9828907885281385
s0753,lung_upper_lobe_right,0.9803,0.9859721035769289,0.984602831349208
s0753,pancreas,0.8607,0.7544767694499716,0.8529567612433857
s0753,portal_vein_and_splenic_vein,0.4457,0.7224638533469798,0.7290313873015879
s0753,pulmonary_vein,0.9156,0.8693287682972416,0.8995027329966327
s0753,rib_left_1,0.8852,0.9465848988796464,0.9379391142857145
s0753,rib_left_10,0.5876,0.40210032990636924,0.6959276976190484
s0753,rib_left_11,0.8377,0.9614735691514931,0.9405396992063491
s0753,rib_left_12,0.9502,0.9563559409841357,0.9312973779100533
s0753,rib_left_2,0.9495,0.9648637293308611,0.9579738499999995
s0753,rib_left_3,0.9719,0.9493196165554882,0.9553087107142852
s0753,rib_left_4,0.9754,0.9539300716211069,0.9623210218253964
s0753,rib_left_5,0.9803,0.9719924826398123,0.9548877662698413
s0753,rib_left_6,0.9647,0.9433056431551291,0.8770706190476196
s0753,rib_left_7,0.7534,0.813849099773844,0.7480903039682546
s0753,rib_left_8,0.5157,0.29344575685300783,0.39555290674603166
s0753,rib_left_9,0.4896,0.5239224762227584,0.6233529003968256
s0753,rib_right_1,0.8953,0.9097959325403441,0.9364708666666662
s0753,rib_right_10,0.6759,0.23304508655046305,0.39181594722222246
s0753,rib_right_11,0.6625,0.6328109824695949,0.5360539178571427
s0753,rib_right_12,0.8365,0.9147525928170532,0.9379561126984125
s0753,rib_right_2,0.9718,0.9485316503998235,0.956344746380471
s0753,rib_right_3,0.9737,0.9250324604809426,0.9437275219576725
s0753,rib_right_4,0.9669,0.9645376473045754,0.9596306757936509
s0753,rib_right_5,0.9777,0.9743996712918745,0.9595789933862439
s0753,rib_right_6,0.9763,0.9552032399480113,0.9678192873015883
s0753,rib_right_7,0.9501,0.6719419862843957,0.7378659230158727
s0753,rib_right_8,0.8023,0.5694736406403655,0.5943200771164021
s0753,rib_right_9,0.6821,0.3786135768594939,0.4641848124338627
s0753,scapula_left,0.9638,0.9361578382234348,0.9419697408730155
s0753,scapula_right,0.9583,0.9445651738532378,0.9204663468253977
s0753,skull,0.9767,0.9060664726930069,0.9285362600529102
s0753,spinal_cord,0.9601,0.9423485740877824,0.9305909082010576
s0753,spleen,0.9832,0.9124325459983992,0.9445661534632043
s0753,sternum,0.9411,0.855372879728662,0.8911084706349205
s0753,stomach,0.9617,0.9104985511495192,0.9248245037037035
s0753,subclavian_artery_left,0.8472,0.7029377845421377,0.7511276313492057
s0753,subclavian_artery_right,0.9216,0.9243858982632698,0.9230486789682544
s0753,superior_vena_cava,0.9619,0.9179380355416684,0.9239250305555557
s0753,thyroid_gland,0.5714,0.6569704791955956,0.7205356044973544
s0753,trachea,0.9675,0.9523622940247312,0.9531721015873014
s0753,vertebrae_C5,0.875,0.4334035535316147,0.6273779170634917
s0753,vertebrae_C6,0.901,0.8716775508477443,0.8006523214285711
s0753,vertebrae_C7,0.9506,0.916575163556435,0.9106783851851852
s0753,vertebrae_L1,0.9809,0.9187216548131364,0.9296169838624343
s0753,vertebrae_T1,0.9732,0.9538505134001307,0.9624964884920642
s0753,vertebrae_T10,0.5496,0.8914327273269015,0.9101382464285713
s0753,vertebrae_T11,0.5423,0.962535245650997,0.9747153607142852
s0753,vertebrae_T12,0.795,0.9996788321869726,0.9767447597222224
s0753,vertebrae_T2,0.9766,0.9456209020705669,0.9685820084656094
s0753,vertebrae_T3,0.9765,0.956217662372201,0.9641443191798942
s0753,vertebrae_T4,0.9791,0.9628784993832408,0.9637391569745072
s0753,vertebrae_T5,0.9766,0.9422157924508676,0.9643989123977872
s0753,vertebrae_T6,0.9654,0.9733372029301645,0.9633792773809521
s0753,vertebrae_T7,0.946,0.9618888653681475,0.9608928628306882
s0753,vertebrae_T8,0.8421,0.9687897758843987,0.961473084259259
s0753,vertebrae_T9,0.6722,0.9499994950139958,0.9714243563492058
s0038,adrenal_gland_left,0.8649,0.9049012602606439,0.9066167849206348
s0038,adrenal_gland_right,0.8943,0.877526694097914,0.8642392806878311
s0038,aorta,0.9504,0.9364311574263331,0.9495986611111109
s0038,autochthon_left,0.9748,0.9753341991550338,0.9728945679894179
s0038,autochthon_right,0.9706,0.9670131558752744,0.9691594453703696
s0038,colon,0.9357,0.9086024394620708,0.9232566882275138
s0038,costal_cartilages,0.898,0.8683125506937653,0.8653679815295817
s0038,duodenum,0.8844,0.8726594204509304,0.8751097075396828
s0038,esophagus,0.9373,0.9397752322492127,0.9167621384920637
s0038,femur_left,0.9884,0.9980099155855997,0.9831069119047623
s0038,femur_right,0.9868,0.994313067634123,0.9833537400793643
s0038,gallbladder,0.919,0.9051236490748997,0.8516297333333332
s0038,gluteus_maximus_left,0.9734,0.9739465850370803,0.9700793801587294
s0038,gluteus_maximus_right,0.976,0.971411365900408,0.9709167345238093
s0038,gluteus_medius_left,0.9664,0.9667678474286384,0.9634059470899475
s0038,gluteus_medius_right,0.9722,0.9609373655146182,0.9614865025132275
s0038,gluteus_minimus_left,0.9535,0.9410326660107277,0.9431204006493514
s0038,gluteus_minimus_right,0.952,0.9319838566551129,0.9357031505291004
s0038,heart,0.9481,0.9026263590579516,0.8818590092592594
s0038,hip_left,0.985,0.9815551891231864,0.9817286037037037
s0038,hip_right,0.9846,0.9782546824238706,0.9819793771524763
s0038,iliac_artery_left,0.9219,0.8922862576452676,0.8875752019841276
s0038,iliac_artery_right,0.8726,0.9011768911886994,0.8933184720899469
s0038,iliac_vena_left,0.9219,0.9049719753503083,0.9130584162698413
s0038,iliac_vena_right,0.9018,0.9016700657581487,0.9092340171957674
s0038,iliopsoas_left,0.962,0.9643110718347012,0.95635921547619
s0038,iliopsoas_right,0.9687,0.9661833365151307,0.9611500793650796
s0038,inferior_vena_cava,0.9516,0.9370825736345764,0.9437481329365077
s0038,kidney_left,0.9807,0.9751682512112142,0.9718425666666671
s0038,kidney_right,0.9842,0.9748909695527886,0.9788059384920635
s0038,liver,0.9822,0.9746113224767632,0.9747637161375668
s0038,lung_lower_lobe_left,0.9959,0.9830974344204019,0.9882191949735447
s0038,lung_lower_lobe_right,0.9928,0.981355410468737,0.9886097322751325
s0038,lung_middle_lobe_right,0.9572,0.902108357805029,0.9254547932539693
s0038,lung_upper_lobe_left,0.9726,0.8662930156611899,0.9218437965608469
s0038,pancreas,0.819,0.8891721387599257,0.8971876630952382
s0038,portal_vein_and_splenic_vein,0.8424,0.7439691918946953,0.7884689718253962
s0038,rib_left_10,0.9668,0.9649208814876752,0.9678894357142864
s0038,rib_left_11,0.9316,0.962363363176975,0.965189985449735
s0038,rib_left_12,0.9495,0.9038148946719746,0.8910218634920636
s0038,rib_left_6,0.9493,0.8831119788886219,0.8844509359788363
s0038,rib_left_7,0.9803,0.9476303886976409,0.9257287777777771
s0038,rib_left_8,0.9723,0.9422122059729016,0.9490080994708996
s0038,rib_left_9,0.9797,0.9820459548000035,0.9710280927248677
s0038,rib_right_10,0.9676,0.9632710027188907,0.968183198148148
s0038,rib_right_11,0.9659,0.9764107847256657,0.9648751250000006
s0038,rib_right_12,0.9533,0.9167522282200702,0.9412630416666665
s0038,rib_right_6,0.9507,0.9131183484583435,0.9219073358465605
s0038,rib_right_7,0.9797,0.9628248786436092,0.9574450927248684
s0038,rib_right_8,0.9762,0.9731719915138969,0.9689227433862432
s0038,rib_right_9,0.9797,0.968969585748271,0.9693874649470902
s0038,sacrum,0.9569,0.9163496318497105,0.9303400410052907
s0038,small_bowel,0.9355,0.9289207614525908,0.9249999923280431
s0038,spinal_cord,0.9546,0.9447437005929679,0.9413531737854742
s0038,spleen,0.9681,0.9314317109492402,0.9614721882275115
s0038,stomach,0.9443,0.9282797544382434,0.946898835401635
s0038,urinary_bladder,0.9593,0.9627458963655687,0.9482907546296294
s0038,vertebrae_L1,0.9902,0.9892482398896302,0.9817510318662812
s0038,vertebrae_L2,0.9914,0.9861459322212286,0.983964847847522
s0038,vertebrae_L3,0.9862,0.9861191798245371,0.9818486654761897
s0038,vertebrae_L4,0.9848,0.9866869897056411,0.9840472492063485
s0038,vertebrae_L5,0.9854,0.9729226483539046,0.9851153059523797
s0038,vertebrae_S1,0.9303,0.9457124086855058,0.9672295178571416
s0038,vertebrae_T10,0.9872,0.9781565495132841,0.9768788322751324
s0038,vertebrae_T11,0.9857,0.9476953895436098,0.9747642947089946
s0038,vertebrae_T12,0.9871,0.984196832215092,0.9745658400793644
s0038,vertebrae_T8,0.9362,0.8661543597128342,0.8618188833333335
s0038,vertebrae_T9,0.9879,0.9211245143684926,0.9179799727513227
s0249,adrenal_gland_left,0.471,0.5247595117075312,0.3927609107142857
s0249,adrenal_gland_right,0.8251,0.7505812292098577,0.7389443310846553
s0249,aorta,0.9695,0.9030796268244057,0.9430370887566137
s0249,autochthon_left,0.9217,0.9235456727855953,0.9470041026455024
s0249,autochthon_right,0.9208,0.9226129339807441,0.9456662399470894
s0249,colon,0.9165,0.8367641650313006,0.8234929309523807
s0249,costal_cartilages,0.8419,0.8782493593782037,0.8673280452380944
s0249,esophagus,0.9319,0.9179652866133056,0.875915066137566
s0249,heart,0.9249,0.9259137056086433,0.9045979924603177
s0249,iliopsoas_left,0.8084,0.8905827392135859,0.6643671027777781
s0249,iliopsoas_right,0.6296,0.9897070194544616,0.6678639362433859
s0249,inferior_vena_cava,0.9113,0.8155294895661187,0.8197439781746031
s0249,kidney_left,0.8654,0.943026355296791,0.8852097273809523
s0249,kidney_right,0.6641,0.9068507790821555,0.8577941432539681
s0249,liver,0.9731,0.9776730969804258,0.970808223280423
s0249,lung_lower_lobe_left,0.9926,0.9775910895685783,0.9861983845238091
s0249,lung_lower_lobe_right,0.9945,0.9766754829784824,0.9867941856421353
s0249,lung_middle_lobe_right,0.9694,0.9611698963838047,0.9384200318783068
s0249,lung_upper_lobe_left,0.9665,0.9680097924210502,0.9330859037037035
s0249,lung_upper_lobe_right,0.1842,0.5616908315391714,0.32671497023809504
s0249,pancreas,0.643,0.6074888095940613,0.6359689251322749
s0249,portal_vein_and_splenic_vein,0.6714,0.7863863232416952,0.7226324850529099
s0249,rib_left_10,0.9746,0.9512697589943079,0.9624301150793659
s0249,rib_left_11,0.9697,0.9006105627559224,0.9368057845959591
s0249,rib_left_12,0.9089,0.7253954852219252,0.7920981431216937
s0249,rib_left_7,0.9655,0.46691628953135944,0.660354395899471
s0249,rib_left_8,0.9723,0.6691195125492685,0.7804992039682536
s0249,rib_left_9,0.9666,0.8153604627504071,0.902003069047619
s0249,rib_right_10,0.9621,0.9503339094699513,0.9516337821428573
s0249,rib_right_11,0.9562,0.8948765634152386,0.94148006012506
s0249,rib_right_12,0.9277,0.7184125010802754,0.8103280527777785
s0249,rib_right_7,0.9426,0.7147947908776537,0.8070801888888893
s0249,rib_right_8,0.9765,0.8405620757273309,0.8259893194444444
s0249,rib_right_9,0.9681,0.8022401627960029,0.9030133974867728
s0249,spinal_cord,0.9388,0.9448132409807697,0.8898302100529087
s0249,spleen,0.9689,0.9109484192322466,0.9385644082010578
s0249,sternum,0.378,0.42354524996026693,0.4509509960317455
s0249,stomach,0.9125,0.9405132120055993,0.9300317658730156
s0249,vertebrae_L1,0.9652,0.9374279971699223,0.9512141911976915
s0249,vertebrae_T10,0.9797,0.6747804712307759,0.7359871334656092
s0249,vertebrae_T11,0.9819,0.9808440896433267,0.962295671164021
s0249,vertebrae_T12,0.9825,0.9463466475505817,0.9558950980158729
s0352,brain,0.9338,0.9793116253726739,0.9716148183862435
s0352,skull,0.889,0.9711556237950393,0.9422819125661384
s1322,adrenal_gland_left,0.8902,0.8724814388271016,0.8490480511904765
s1322,adrenal_gland_right,0.8996,0.8715275323010802,0.8816971646825393
s1322,aorta,0.9635,0.9307186956935639,0.9423983105820106
s1322,autochthon_left,0.9769,0.9646914483381432,0.9742690865079362
s1322,autochthon_right,0.9704,0.961961598230216,0.9735216421957671
s1322,colon,0.9438,0.9342944500536556,0.9278016595238091
s1322,costal_cartilages,0.9062,0.8905103473559136,0.8855953220899463
s1322,duodenum,0.8051,0.8816361644151186,0.8857489037037036
s1322,esophagus,0.9339,0.9099273400678562,0.8938581780423281
s1322,femur_left,0.9855,0.9991985426196132,0.9831305190476193
s1322,femur_right,0.9875,0.9963800198133262,0.982332063492063
s1322,gallbladder,0.9687,0.7813903059904728,0.8355179626984125
s1322,gluteus_maximus_left,0.9737,0.9594727514249359,0.971873939033189
s1322,gluteus_maximus_right,0.9736,0.9640332612268697,0.9719291078042327
s1322,gluteus_medius_left,0.9576,0.9603498333369639,0.9581704527777778
s1322,gluteus_medius_right,0.9659,0.9646736149466955,0.9626838464285719
s1322,gluteus_minimus_left,0.9331,0.9372905474584613,0.9301716671476676
s1322,gluteus_minimus_right,0.9484,0.9127752837085704,0.9306456357142855
s1322,heart,0.9373,0.9334324232658934,0.9061225714285712
s1322,hip_left,0.981,0.9819416851832239,0.9819945958032709
s1322,hip_right,0.9826,0.9768570020521741,0.9825264460678205
s1322,iliac_artery_left,0.9259,0.9129381655112105,0.9152996982804238
s1322,iliac_artery_right,0.9153,0.9088893537603885,0.8973944253968256
s1322,iliac_vena_left,0.9353,0.9121729918755024,0.9067966579365084
s1322,iliac_vena_right,0.933,0.9108334771609943,0.9063325839947091
s1322,iliopsoas_left,0.9713,0.959471264542676,0.9644335906084652
s1322,iliopsoas_right,0.9731,0.9555816689159312,0.9644328297859545
s1322,inferior_vena_cava,0.9376,0.9361568108418759,0.925656366269841
s1322,kidney_left,0.9848,0.9766221562142436,0.972270916005292
s1322,kidney_right,0.9865,0.9791989696205657,0.9719442259259266
s1322,liver,0.9869,0.9773548549206713,0.9795802751322755
s1322,lung_lower_lobe_left,0.9842,0.9736683182223365,0.9844414325396819
s1322,lung_lower_lobe_right,0.9914,0.9905229798528615,0.9862988500000004
s1322,lung_middle_lobe_right,0.9875,0.9860170108264961,0.9548818825396829
s1322,lung_upper_lobe_left,0.9345,0.7802658323052278,0.9212100615079372
s1322,pancreas,0.9094,0.8986894990943599,0.9103791540283787
s1322,portal_vein_and_splenic_vein,0.9018,0.85765460932755,0.8666898588383841
s1322,prostate,0.7727,0.7297546696518104,0.804589857936509
s1322,rib_left_10,0.9754,0.9869501300337415,0.9683280784151043
s1322,rib_left_11,0.9749,0.9707273700737715,0.965565111640212
s1322,rib_left_12,0.9566,0.9613827900799709,0.9444492673280426
s1322,rib_left_5,0.9658,0.6487196473936631,0.6557614662698417
s1322,rib_left_6,0.9481,0.9245842820207161,0.9493301714285712
s1322,rib_left_7,0.9785,0.9622104030234039,0.9596016232804235
s1322,rib_left_8,0.9811,0.970634576137833,0.95709742063492
s1322,rib_left_9,0.9805,0.9714353117034759,0.9592929083333334
s1322,rib_right_10,0.9676,0.9718889880819934,0.9676248882034637
s1322,rib_right_11,0.969,0.9693703772868725,0.9649517104497359
s1322,rib_right_12,0.9062,0.9661933153294021,0.9429329587301587
s1322,rib_right_5,0.869,0.8182114545279411,0.7251949972222218
s1322,rib_right_6,0.9683,0.9607773027149706,0.9545053206108711
s1322,rib_right_7,0.9763,0.95495141152735,0.9430118933862432
s1322,rib_right_8,0.971,0.9649938406626225,0.950725010185185
s1322,rib_right_9,0.9781,0.9611733340535639,0.9664738341269846
s1322,sacrum,0.9585,0.9390248030518644,0.942965691534391
s1322,small_bowel,0.9141,0.8888764966995869,0.9146811060846568
s1322,spinal_cord,0.9504,0.9440197800219614,0.945963570767195
s1322,spleen,0.9803,0.9814524652161123,0.9719522169312177
s1322,sternum,0.8791,0.6865721340585439,0.7047524826719573
s1322,stomach,0.9676,0.9144601665919189,0.9433037346560849
s1322,urinary_bladder,0.9609,0.9587858685916253,0.9399234458994704
s1322,vertebrae_L1,0.9889,0.9838408827175495,0.9850534216672211
s1322,vertebrae_L2,0.9898,0.9858877385640621,0.9852579432178928
s1322,vertebrae_L3,0.9884,0.9854371740557814,0.9849483605820107
s1322,vertebrae_L4,0.9894,0.9850675461097601,0.986037169708995
s1322,vertebrae_L5,0.9879,0.9900912076356582,0.9834601496031744
s1322,vertebrae_S1,0.9458,0.9635070600468406,0.9630731174603168
s1322,vertebrae_T10,0.988,0.9572030432850016,0.9799817238455989
s1322,vertebrae_T11,0.9878,0.9728199555190064,0.9784020558201059
s1322,vertebrae_T12,0.988,0.9652217419233027,0.9661566195887445
s1322,vertebrae_T9,0.9829,0.8948324792153871,0.9596879283068784
s0499,adrenal_gland_left,0.8626,0.8930202383767345,0.8580162507936508
s0499,adrenal_gland_right,0.8687,0.8666601187912086,0.8533708582010577
s0499,aorta,0.9825,0.9699213557542062,0.9728399113756623
s0499,atrial_appendage_left,0.9575,0.92323879326074,0.9101724584776334
s0499,autochthon_left,0.9735,0.9631091266204185,0.9680237148388647
s0499,autochthon_right,0.9732,0.9578995670912486,0.9688034484126986
s0499,brachiocephalic_trunk,0.9278,0.8954698892536965,0.9194955113756623
s0499,brachiocephalic_vein_left,0.9591,0.928336043807869,0.9290158013227519
s0499,brachiocephalic_vein_right,0.9233,0.8905225598451242,0.8918928517195773
s0499,clavicula_left,0.982,0.9669437219608299,0.960181578487254
s0499,clavicula_right,0.9742,0.97391239866697,0.9597488621693121
s0499,colon,0.8836,0.9011942823710744,0.8786290994708994
s0499,common_carotid_artery_left,0.9559,0.8816320555498408,0.9058771089947093
s0499,common_carotid_artery_right,0.9403,0.8778431024432843,0.8904229052910051
s0499,costal_cartilages,0.8877,0.878188167531214,0.8815343387566137
s0499,duodenum,0.9225,0.8441197245467488,0.8873007805555561
s0499,esophagus,0.95,0.9186888746308195,0.9135405568302072
s0499,femur_left,0.7247,0.9811203752418579,0.9247894411616159
s0499,femur_right,0.7881,0.9937677105915947,0.9431500773809525
s0499,gallbladder,0.839,0.8836614459187601,0.9146272178571432
s0499,gluteus_maximus_left,0.9716,0.9603718919044694,0.9460787452380953
s0499,gluteus_maximus_right,0.9755,0.9622633925777005,0.9505733781746032
s0499,gluteus_medius_left,0.9641,0.9653159963148024,0.9512508010582006
s0499,gluteus_medius_right,0.967,0.963452020365035,0.9529265751322752
s0499,gluteus_minimus_left,0.9537,0.9254328909677098,0.927050936111111
s0499,gluteus_minimus_right,0.9473,0.9290121274975476,0.932790262169312
s0499,heart,0.9389,0.9464028160977422,0.9393196117243872
s0499,hip_left,0.9815,0.9399985674160384,0.9691168623015873
s0499,hip_right,0.982,0.9257892602026973,0.9588972630952384
s0499,humerus_left,0.9812,0.9665669655058426,0.9502269373015878
s0499,humerus_right,0.982,0.9698859881859718,0.9288422263227507
s0499,iliac_artery_left,0.8936,0.901864879566966,0.8736211343915342
s0499,iliac_artery_right,0.7976,0.6591580489116626,0.6991611269841275
s0499,iliac_vena_left,0.7945,0.905923839582529,0.899847208489658
s0499,iliac_vena_right,0.8275,0.9181358666055933,0.8943927464285707
s0499,iliopsoas_left,0.954,0.9573008140435691,0.9534106809283308
s0499,iliopsoas_right,0.9543,0.9495555974994684,0.953860513492063
s0499,inferior_vena_cava,0.9189,0.9341142455376196,0.9357769526455024
s0499,kidney_left,0.9802,0.9436420613887815,0.9730037948412695
s0499,kidney_right,0.956,0.947949312556288,0.9508368944444444
s0499,liver,0.9871,0.9736357172559621,0.9702096104497354
s0499,lung_lower_lobe_left,0.9912,0.9954630178163063,0.9901368984126985
s0499,lung_lower_lobe_right,0.9941,0.9911410659668017,0.9914155876984122
s0499,lung_middle_lobe_right,0.9837,0.9817296641780234,0.9732750075396823
s0499,lung_upper_lobe_left,0.9927,0.9929032998428996,0.9909198126984123
s0499,lung_upper_lobe_right,0.9898,0.9855170814019268,0.9849392777777782
s0499,pancreas,0.9318,0.8981594598446307,0.9125658121693118
s0499,portal_vein_and_splenic_vein,0.9072,0.8287872983375343,0.8597675813492064
s0499,pulmonary_vein,0.9602,0.9023417493468,0.912223066450216
s0499,rib_left_1,0.942,0.9329753268269276,0.9224381100529103
s0499,rib_left_10,0.9566,0.9621639091995596,0.970227262301587
s0499,rib_left_11,0.8894,0.9550428312313318,0.9547942867724866
s0499,rib_left_12,0.9158,0.9285533804222226,0.9081141444444449
s0499,rib_left_2,0.9636,0.9584018486571434,0.9484834861111108
s0499,rib_left_3,0.9674,0.96149004938286,0.9425290055555556
s0499,rib_left_4,0.977,0.9627667114040066,0.9560302384920634
s0499,rib_left_5,0.9808,0.9494238003883396,0.9590292227513225
s0499,rib_left_6,0.9639,0.9678856025926191,0.9681408313011057
s0499,rib_left_7,0.9791,0.9712350058853576,0.9725705503487253
s0499,rib_left_8,0.9826,0.9650078010991676,0.9675402925925928
s0499,rib_left_9,0.9789,0.9657487138893397,0.9680959652958149
s0499,rib_right_1,0.9518,0.9418996682051427,0.9273011777777782
s0499,rib_right_10,0.9588,0.9774120628589309,0.9694579748677244
s0499,rib_right_11,0.973,0.9521369816799101,0.959016088624339
s0499,rib_right_12,0.9432,0.9251288061980321,0.9239883705026453
s0499,rib_right_2,0.9652,0.9612494817073942,0.9578938359788356
s0499,rib_right_3,0.9561,0.9580268334236881,0.9554378714285711
s0499,rib_right_4,0.967,0.9614356382771881,0.9513229249999998
s0499,rib_right_5,0.9489,0.9578313916090174,0.956049544444446
s0499,rib_right_6,0.9656,0.9584920314385831,0.9598421604497346
s0499,rib_right_7,0.9808,0.9671388766354465,0.9691701301587307
s0499,rib_right_8,0.9837,0.9650422568345186,0.9684627289442047
s0499,rib_right_9,0.9721,0.9699201078602706,0.9686722150793646
s0499,sacrum,0.9393,0.9102198257289463,0.8992101246031753
s0499,scapula_left,0.974,0.9674892097369961,0.9619837984126978
s0499,scapula_right,0.9647,0.9602343118897178,0.9613476263227512
s0499,small_bowel,0.864,0.8695638535923124,0.8718108583333333
s0499,spinal_cord,0.955,0.9520955168850401,0.940068042724867
s0499,spleen,0.9848,0.9802187467237468,0.9826485624338619
s0499,sternum,0.9471,0.9324174839238352,0.9340239179894178
s0499,stomach,0.9624,0.9536110009477465,0.9460891157166905
s0499,subclavian_artery_left,0.9435,0.8926360929157794,0.9074620956349203
s0499,subclavian_artery_right,0.9345,0.8933783216164112,0.9053059830687833
s0499,superior_vena_cava,0.961,0.8475353749940722,0.9151596923881683
s0499,thyroid_gland,0.931,0.8947786813782388,0.9162580556878304
s0499,trachea,0.9698,0.9646027023954877,0.9489526789682537
s0499,urinary_bladder,0.8033,0.825126041520473,0.8860342261904758
s0499,vertebrae_C5,0.75,0.5334637258157348,0.8073074736772482
s0499,vertebrae_C6,0.9232,0.7693747228131307,0.7638352210317463
s0499,vertebrae_C7,0.9583,0.956851307644113,0.9593648031746037
s0499,vertebrae_L1,0.9886,0.9882664498957913,0.9778536658730167
s0499,vertebrae_L2,0.9887,0.9695442495258582,0.9632633242063493
s0499,vertebrae_L3,0.9849,0.9558920638350604,0.9667483472222226
s0499,vertebrae_L4,0.9814,0.9557743032233443,0.9679689734126985
s0499,vertebrae_L5,0.9747,0.9599594491225628,0.9671466277777775
s0499,vertebrae_S1,0.9143,0.9478090246102149,0.9458767146825401
s0499,vertebrae_T1,0.9747,0.9601467833942126,0.9709118313492062
s0499,vertebrae_T10,0.9835,0.9490191567709715,0.9774943412698414
s0499,vertebrae_T11,0.9829,0.9773517504736219,0.9747745294973543
s0499,vertebrae_T12,0.984,0.9666861089035327,0.9822050071428564
s0499,vertebrae_T2,0.9763,0.9708455618058567,0.9729441064814821
s0499,vertebrae_T3,0.9805,0.9292335929390206,0.9601940794973541
s0499,vertebrae_T4,0.9796,0.8876890975210037,0.9687576353174603
s0499,vertebrae_T5,0.9842,0.9354359293685862,0.9742501832010578
s0499,vertebrae_T6,0.9816,0.9105822562344389,0.9759105292328037
s0499,vertebrae_T7,0.9835,0.9616821026137579,0.9754410765873005
s0499,vertebrae_T8,0.9861,0.9763720746918084,0.9716467886724378
s0499,vertebrae_T9,0.9835,0.949728983610229,0.9685435187830684
s1248,adrenal_gland_left,0.8062,0.5693674117660176,0.719885175661376
s1248,adrenal_gland_right,0.885,0.8253011325237797,0.7206639884920629
s1248,aorta,0.9818,0.9715378141624603,0.9648345051587296
s1248,atrial_appendage_left,0.933,0.9327191908952243,0.927959274867725
s1248,autochthon_left,0.9443,0.952323469623886,0.9401163014550258
s1248,autochthon_right,0.9474,0.9531785827367188,0.942729776851852
s1248,brachiocephalic_trunk,0.8896,0.928307241626129,0.9203096880952377
s1248,brachiocephalic_vein_left,0.8703,0.8588781114598809,0.8193657523809526
s1248,brachiocephalic_vein_right,0.8655,0.8040264511025426,0.835685114021164
s1248,clavicula_left,0.948,0.9713126433838052,0.963410536904762
s1248,clavicula_right,0.9626,0.9732191638546097,0.9571692095238088
s1248,colon,0.8443,0.8501560925800783,0.8906244415343911
s1248,common_carotid_artery_left,0.9155,0.9203033240200382,0.908120782539682
s1248,common_carotid_artery_right,0.8868,0.907021518146385,0.9104696707671956
s1248,costal_cartilages,0.7663,0.8507926315485821,0.8599485698412701
s1248,duodenum,0.9273,0.8796651375942105,0.8687827877946127
s1248,esophagus,0.6241,0.8421840359376302,0.8249684234126985
s1248,femur_left,0.916,0.953975124999387,0.9296065203703713
s1248,femur_right,0.8701,0.8988401334713996,0.9259318671957673
s1248,gluteus_maximus_left,0.6987,0.9297723147800996,0.9409658398148149
s1248,gluteus_maximus_right,0.8966,0.8882744350315332,0.8285859865079368
s1248,gluteus_medius_left,0.9374,0.9331051353932804,0.9187030722222227
s1248,gluteus_medius_right,0.9152,0.9236194784019673,0.94331656468254
s1248,gluteus_minimus_left,0.8455,0.8249670719505188,0.8727472603174603
s1248,gluteus_minimus_right,0.8922,0.8480259980354977,0.8916315682539685
s1248,heart,0.8897,0.876790166276226,0.84589908505291
s1248,hip_left,0.9229,0.97554400782299,0.9669971771164021
s1248,hip_right,0.9172,0.9577348192473124,0.9736199911495917
s1248,humerus_left,0.9447,0.9779210794524038,0.9313989239417987
s1248,humerus_right,0.9206,0.885281149676664,0.8926352555555557
s1248,iliac_artery_left,0.8295,0.5906218709855258,0.6349318465608463
s1248,iliac_artery_right,0.8728,0.9257175567443386,0.9343520670634924
s1248,iliac_vena_left,0.7587,0.7833521614391207,0.7935085002645512
s1248,iliac_vena_right,0.7696,0.8813244358709618,0.8979988362433865
s1248,iliopsoas_left,0.953,0.9475063869641944,0.941547948544974
s1248,iliopsoas_right,0.9453,0.9407755399032254,0.9270164798941793
s1248,inferior_vena_cava,0.891,0.8062609520649867,0.8207851808201064
s1248,kidney_left,0.9803,0.9499366518772548,0.9520715190476197
s1248,kidney_right,0.9826,0.9571629146483692,0.9565058595238097
s1248,liver,0.98,0.977218207132117,0.9803233617724866
s1248,lung_lower_lobe_left,0.9806,0.9486369403464088,0.9559034936507925
s1248,lung_lower_lobe_right,0.9683,0.9732194253472599,0.9666289723544967
s1248,lung_middle_lobe_right,0.9371,0.9529340697637521,0.9556579742063497
s1248,lung_upper_lobe_left,0.9864,0.9677344814311399,0.9664135321428565
s1248,lung_upper_lobe_right,0.9754,0.968259226055171,0.9695176910052904
s1248,pancreas,0.8625,0.8834092780478244,0.9077971774531021
s1248,portal_vein_and_splenic_vein,0.6817,0.6940016534263668,0.7474258500000003
s1248,prostate,0.0,0.5077929114821356,0.6650731511904763
s1248,pulmonary_vein,0.92,0.9206897643426877,0.9131497197089948
s1248,rib_left_1,0.9117,0.9289629029301423,0.9165601017195771
s1248,rib_left_10,0.8968,0.8754590890593219,0.8688820583333338
s1248,rib_left_11,0.3798,0.9199693012545013,0.9073079563492062
s1248,rib_left_12,0.4652,0.8977943390660489,0.8638905984126984
s1248,rib_left_2,0.9029,0.9679507404195735,0.9432042571428568
s1248,rib_left_3,0.8914,0.9422776261240309,0.9202164543650793
s1248,rib_left_4,0.9361,0.9473073987029289,0.9363032297619053
s1248,rib_left_5,0.9464,0.9242095658766478,0.9317870124338623
s1248,rib_left_6,0.9328,0.9574263887989736,0.9476084939153444
s1248,rib_left_7,0.9651,0.9526818879459783,0.9484544376984123
s1248,rib_left_8,0.9478,0.9515976479997182,0.9433153660052909
s1248,rib_left_9,0.9535,0.9181650481679784,0.9510982010582006
s1248,rib_right_1,0.7843,0.8617352003987986,0.9139448438311691
s1248,rib_right_10,0.7454,0.9658844723500335,0.9407596194444443
s1248,rib_right_11,0.4376,0.35998342271537703,0.4670765321428567
s1248,rib_right_12,0.0,0.441780281772458,0.49167844510582026
s1248,rib_right_2,0.9115,0.9618333840580774,0.9447318816137563
s1248,rib_right_3,0.9333,0.9640068637720313,0.9469493277777778
s1248,rib_right_4,0.9526,0.950361292887062,0.9412358761904766
s1248,rib_right_5,0.9093,0.9573369915446528,0.9549040887566131
s1248,rib_right_6,0.9555,0.9558404310589811,0.9517516605820111
s1248,rib_right_7,0.9492,0.9550073125816451,0.9600731203703706
s1248,rib_right_8,0.9502,0.9636755768534088,0.9621340332010581
s1248,rib_right_9,0.9594,0.9611520743913113,0.9547476349206347
s1248,sacrum,0.9001,0.7703616075771523,0.8596887293650792
s1248,scapula_left,0.9413,0.9623435477319631,0.9591267130952373
s1248,scapula_right,0.9454,0.9537013475068802,0.941438078306878
s1248,skull,0.7958,0.9321902130854475,0.8958210629629627
s1248,small_bowel,0.8016,0.799263122855696,0.8110745739417988
s1248,spinal_cord,0.9232,0.9323985473056043,0.9310075563492065
s1248,spleen,0.9612,0.9630192307377085,0.9679474634920637
s1248,sternum,0.913,0.9241945035346247,0.918140852849928
s1248,stomach,0.6582,0.7708126948736845,0.7513583186507937
s1248,subclavian_artery_left,0.8467,0.73075117984833,0.7109609762025012
s1248,subclavian_artery_right,0.8774,0.923270066815073,0.824759585185185
s1248,superior_vena_cava,0.9732,0.8525745185872667,0.9176802116402123
s1248,thyroid_gland,0.9183,0.9304776183295497,0.9288034690476186
s1248,trachea,0.8708,0.6392851773504159,0.5612308829365077
s1248,urinary_bladder,0.8587,0.9176201769114085,0.902356594444444
s1248,vertebrae_C3,0.7656,0.7425415541661913,0.6443042369047615
s1248,vertebrae_C4,0.5743,0.9435733731647143,0.9476144370370374
s1248,vertebrae_C5,0.7434,0.9587540779083881,0.9133905194444448
s1248,vertebrae_C6,0.8513,0.9517108119250771,0.945632401587302
s1248,vertebrae_C7,0.9227,0.9479434949500053,0.9084836248677247
s1248,vertebrae_L1,0.8349,0.8804307153624019,0.9501096043650796
s1248,vertebrae_L2,0.8459,0.9624586972479875,0.8686969777777771
s1248,vertebrae_L3,0.9075,0.9484211754607669,0.9731933411375667
s1248,vertebrae_L4,0.9217,0.9878504920375286,0.9780928151635405
s1248,vertebrae_L5,0.9285,0.9784487948530743,0.9760720044973544
s1248,vertebrae_S1,0.909,0.8864920032934255,0.9365998337301594
s1248,vertebrae_T1,0.9461,0.950344086405075,0.9553408297619044
s1248,vertebrae_T10,0.9547,0.9625429529311033,0.9713091634078878
s1248,vertebrae_T11,0.9373,0.9837518959370106,0.9712167888167386
s1248,vertebrae_T12,0.8308,0.5745278355429505,0.6511553724867725
s1248,vertebrae_T2,0.948,0.942079398051865,0.9568360047619034
s1248,vertebrae_T3,0.954,0.9743956095561461,0.9493551256613753
s1248,vertebrae_T4,0.9587,0.9703143888714996,0.9397185059523812
s1248,vertebrae_T5,0.9491,0.9067046374626243,0.9359052265873017
s1248,vertebrae_T6,0.9467,0.9254186669523206,0.9598095753968255
s1248,vertebrae_T7,0.9498,0.9713069960699038,0.9664511511904764
s1248,vertebrae_T8,0.9389,0.9877881636819656,0.9654288157407408
s1248,vertebrae_T9,0.9539,0.9742858992832002,0.9690399066618566
s1421,adrenal_gland_left,0.9068,0.893270567080295,0.898997574603175
s1421,adrenal_gland_right,0.8413,0.903041017877276,0.89901564973545
s1421,aorta,0.9646,0.9385970054226684,0.874057301984127
s1421,atrial_appendage_left,0.8901,0.8807378741661015,0.9000381444444444
s1421,autochthon_left,0.9713,0.9692841893938755,0.9704629813492067
s1421,autochthon_right,0.9747,0.9561701056430869,0.9698172386243394
s1421,colon,0.8725,0.8621910764581371,0.8668255019841272
s1421,costal_cartilages,0.8737,0.9054391127196797,0.8946440695767199
s1421,duodenum,0.8967,0.9126994596620591,0.8900474003968244
s1421,esophagus,0.942,0.8985295079635978,0.8713674247354498
s1421,femur_left,0.9868,0.9903383326667635,0.9781806169312174
s1421,femur_right,0.984,0.9704377633773846,0.9069294946886458
s1421,gallbladder,0.4757,0.7761748362901445,0.8329441563492064
s1421,gluteus_maximus_left,0.9654,0.97862684562075,0.9723813333573825
s1421,gluteus_maximus_right,0.9711,0.9747475745534335,0.9735695946007691
s1421,gluteus_medius_left,0.9612,0.9663303833799775,0.9634567231481482
s1421,gluteus_medius_right,0.9659,0.9653442071024246,0.9623241458994711
s1421,gluteus_minimus_left,0.9361,0.9203694332963782,0.9247098732804234
s1421,gluteus_minimus_right,0.9551,0.9380419230175636,0.9375508154761902
s1421,heart,0.9347,0.9713375383227466,0.9520483870490624
s1421,hip_left,0.976,0.9771778282043726,0.976199596296296
s1421,hip_right,0.9793,0.9844636578059381,0.9727605059523796
s1421,humerus_left,0.9412,0.889471644538138,0.8458464800264553
s1421,humerus_right,0.899,0.9859562956342656,0.9314390753968257
s1421,iliac_artery_left,0.9254,0.9338237521971053,0.9202014960317462
s1421,iliac_artery_right,0.9615,0.939775830995738,0.919241926587301
s1421,iliac_vena_left,0.7416,0.7054903311323866,0.7196223595238098
s1421,iliac_vena_right,0.8987,0.6375020390494338,0.7155099394179895
s1421,iliopsoas_left,0.9611,0.9550555013969736,0.9625521334656086
s1421,iliopsoas_right,0.9688,0.9637984259456396,0.9639826240740734
s1421,inferior_vena_cava,0.9034,0.9095745102980765,0.9091550222222222
s1421,kidney_left,0.9743,0.9729323143880597,0.9669994239417986
s1421,kidney_right,0.9834,0.9780769153259476,0.9779735013227514
s1421,liver,0.9792,0.9774312338320705,0.9737900547619047
s1421,lung_lower_lobe_left,0.9747,0.9323040165097615,0.9609442164021158
s1421,lung_lower_lobe_right,0.9759,0.9583317710630905,0.9504384929773928
s1421,lung_middle_lobe_right,0.9386,0.9782961758663058,0.9449516579365081
s1421,lung_upper_lobe_left,0.9821,0.9746904091703179,0.9606096734126988
s1421,lung_upper_lobe_right,0.7227,0.9143912979609377,0.7767206585978839
s1421,pancreas,0.8981,0.8763886330715963,0.8869034406084653
s1421,portal_vein_and_splenic_vein,0.6725,0.7797620128437256,0.8046320604617603
s1421,prostate,0.2439,0.8255058337553811,0.8277324195767195
s1421,pulmonary_vein,0.9109,0.9484873706954607,0.9086186087301585
s1421,rib_left_10,0.9721,0.9774368997383974,0.9692073547619039
s1421,rib_left_11,0.9553,0.9753214297387038,0.9678559980158732
s1421,rib_left_12,0.945,0.9419294205326361,0.9205673749999996
s1421,rib_left_3,0.5906,0.8802025768338451,0.8265379380952376
s1421,rib_left_4,0.9524,0.9567139896518032,0.9329893402116395
s1421,rib_left_5,0.9744,0.960578313807351,0.9696646797619045
s1421,rib_left_6,0.9805,0.982747433086033,0.9658025924603179
s1421,rib_left_7,0.9754,0.9922398310828375,0.9655921076719577
s1421,rib_left_8,0.976,0.9684674287745407,0.9658236268518517
s1421,rib_left_9,0.9759,0.9714297503042792,0.9634066498677244
s1421,rib_right_10,0.9616,0.9788433185421184,0.965917990740741
s1421,rib_right_11,0.9566,0.9560548846135453,0.9674181695767197
s1421,rib_right_12,0.9464,0.9014000528484886,0.8678893087301582
s1421,rib_right_3,0.8511,0.8067740628020634,0.7579895695767197
s1421,rib_right_4,0.9505,0.9707135383896421,0.9522481349206349
s1421,rib_right_5,0.9772,0.9729183095548801,0.9638093654761908
s1421,rib_right_6,0.9769,0.9875184150756141,0.967857391005291
s1421,rib_right_7,0.9721,0.9504952987418903,0.9678033087301583
s1421,rib_right_8,0.9725,0.9841320956906269,0.9695087473063969
s1421,rib_right_9,0.9777,0.9564685109648813,0.9666124313492062
s1421,sacrum,0.9449,0.9339209725714261,0.9342354085978836
s1421,scapula_left,0.9793,0.8319816357063222,0.8927851095238097
s1421,scapula_right,0.9736,0.9323027197458835,0.9416834645502645
s1421,skull,0.0036,0.38604760023140156,0.4505417056878305
s1421,small_bowel,0.8947,0.9282521593837091,0.8811164514550268
s1421,spinal_cord,0.9575,0.9576065605362988,0.9527867642857145
s1421,spleen,0.9661,0.9665280969662841,0.9694794449735448
s1421,sternum,0.9074,0.9497541821642803,0.9368975287518033
s1421,stomach,0.9784,0.9494172757365869,0.9419403662698412
s1421,superior_vena_cava,0.9635,0.8436124353540819,0.8853358619047624
s1421,urinary_bladder,0.9067,1.0,0.9474529461640205
s1421,vertebrae_C1,0.0,0.21076038775257613,0.362319334920635
s1421,vertebrae_L1,0.9855,1.0,0.9857473117724864
s1421,vertebrae_L2,0.9883,1.0,0.9858997080687822
s1421,vertebrae_L3,0.9868,0.9666071109454587,0.9824182781746028
s1421,vertebrae_L4,0.9868,0.9709156316384258,0.9773248031746032
s1421,vertebrae_L5,0.9868,0.9634981089966663,0.9616863429894179
s1421,vertebrae_S1,0.9088,0.9934096571238551,0.9525559116402116
s1421,vertebrae_T10,0.9849,0.9427730287292594,0.9583540179894174
s1421,vertebrae_T11,0.9861,0.9802428125783458,0.98361111005291
s1421,vertebrae_T12,0.9847,0.9834176516521723,0.9800132798941793
s1421,vertebrae_T6,0.9672,0.9772706196443125,0.9002655963564202
s1421,vertebrae_T7,0.9754,0.9903543878126172,0.9555625900793653
s1421,vertebrae_T8,0.9717,0.9786083629953314,0.9546933826719576
s1421,vertebrae_T9,0.9771,0.9807059564961033,0.9814987043650795
s1249,adrenal_gland_left,0.8857,0.9104183697270012,0.878561381746032
s1249,adrenal_gland_right,0.8678,0.8842423472118586,0.8756186150793648
s1249,aorta,0.9833,0.9579790011469256,0.9686583427248674
s1249,atrial_appendage_left,0.9153,0.9365340481387002,0.9279300841390089
s1249,autochthon_left,0.9428,0.954289476207389,0.9501820765873015
s1249,autochthon_right,0.9469,0.9484571526673236,0.9521850845238098
s1249,brachiocephalic_trunk,0.9593,0.8949930919916578,0.8915258757936513
s1249,brachiocephalic_vein_left,0.9557,0.9387785550026368,0.9212166074074071
s1249,brachiocephalic_vein_right,0.9787,0.8571750522545649,0.857742961640212
s1249,brain,0.9527,0.9249438372443115,0.9434418559523806
s1249,clavicula_left,0.9575,0.9521129472245325,0.9377568789682544
s1249,clavicula_right,0.9425,0.953848656971056,0.9440601394179893
s1249,colon,0.8221,0.7250913381486036,0.789949417063492
s1249,common_carotid_artery_left,0.9211,0.9237446334624347,0.9141548776455032
s1249,common_carotid_artery_right,0.8755,0.89507984413801,0.8963850952380962
s1249,costal_cartilages,0.628,0.805924422980043,0.813056070238096
s1249,duodenum,0.8471,0.8139091989851981,0.8305417634920635
s1249,esophagus,0.9185,0.9239950333429491,0.9238980120370379
s1249,femur_left,0.9804,0.9868666458353227,0.9701248671957665
s1249,femur_right,0.9747,0.9866807187478546,0.9691201779100529
s1249,gallbladder,0.9288,0.8614601425791503,0.8563660380952388
s1249,gluteus_maximus_left,0.958,0.9417061475861745,0.933313193121693
s1249,gluteus_maximus_right,0.8677,0.9136461220752793,0.9567188424603186
s1249,gluteus_medius_left,0.9548,0.9507924650128529,0.9515872477513225
s1249,gluteus_medius_right,0.9308,0.9269311259463978,0.9485140189153445
s1249,gluteus_minimus_left,0.9392,0.9302766507826713,0.9083147957671958
s1249,gluteus_minimus_right,0.9255,0.8753249592038587,0.8826429509259257
s1249,heart,0.9437,0.966632513656719,0.953031785714286
s1249,hip_left,0.9744,0.985635981119964,0.9739928177248675
s1249,hip_right,0.969,0.9858094225376393,0.9746405629629622
s1249,humerus_left,0.9558,0.9100932391726589,0.9510594507936505
s1249,humerus_right,0.963,0.9509227563255345,0.9494176392857139
s1249,iliac_artery_left,0.9451,0.9174487290066594,0.9165300503968261
s1249,iliac_artery_right,0.9456,0.9151153541796435,0.9121958468253971
s1249,iliac_vena_left,0.9276,0.9085287679468455,0.9030260880952382
s1249,iliac_vena_right,0.9318,0.8900700437952815,0.899793384656085
s1249,iliopsoas_left,0.9561,0.9497708364182719,0.9256609011904756
s1249,iliopsoas_right,0.9533,0.9402635376598428,0.955084334523809
s1249,inferior_vena_cava,0.9575,0.9448612056367885,0.9268577782347277
s1249,kidney_left,0.947,0.9623671414154502,0.9668270132275135
s1249,kidney_right,0.9645,0.9680045068667775,0.974761767857143
s1249,liver,0.9861,0.9838623979279716,0.9783607948412703
s1249,lung_lower_lobe_left,0.9863,0.950894088783007,0.9819370847883594
s1249,lung_lower_lobe_right,0.9883,0.9914267290816193,0.9837513936507931
s1249,lung_middle_lobe_right,0.9659,0.9400149293157685,0.942000662698412
s1249,lung_upper_lobe_left,0.9927,0.9922619931555307,0.9825299309523814
s1249,lung_upper_lobe_right,0.9849,0.9850616103917111,0.9716407259259257
s1249,pancreas,0.8657,0.8810381556012455,0.8927353079365086
s1249,portal_vein_and_splenic_vein,0.6675,0.9591636336161932,0.8780963773809523
s1249,pulmonary_vein,0.9259,0.8849387082670284,0.880212361640212
s1249,rib_left_1,0.9241,0.9261148382404243,0.8865043206349209
s1249,rib_left_10,0.944,0.9210470352258688,0.9019179920634913
s1249,rib_left_11,0.9446,0.9199076906999056,0.9451595833333338
s1249,rib_left_12,0.943,0.9357493074302368,0.9160841800264546
s1249,rib_left_2,0.9274,0.9579673885822083,0.9437765924603179
s1249,rib_left_3,0.9502,0.9417951417822792,0.9292196041005294
s1249,rib_left_4,0.9541,0.9567116481013429,0.9561519272486771
s1249,rib_left_5,0.9468,0.9593002659756461,0.9505073477513232
s1249,rib_left_6,0.9627,0.965237964417539,0.9599549630952384
s1249,rib_left_7,0.9586,0.9792670493052955,0.9607295591269843
s1249,rib_left_8,0.9496,0.973505810780019,0.8809758718253972
s1249,rib_left_9,0.9506,0.9947274485896154,0.9584996916666669
s1249,rib_right_1,0.8989,0.9395353266658767,0.9352998460317461
s1249,rib_right_10,0.9488,0.9820338408498696,0.8969664953703707
s1249,rib_right_11,0.9552,0.9499339810387396,0.9447070859788361
s1249,rib_right_12,0.9525,0.9068459108572012,0.91584228015873
s1249,rib_right_2,0.933,0.9495400588045738,0.9337848313492062
s1249,rib_right_3,0.918,0.9380145149476913,0.9323523941798948
s1249,rib_right_4,0.933,0.9629476692306375,0.9599017607142853
s1249,rib_right_5,0.8954,0.9647732220144499,0.9601073727513227
s1249,rib_right_6,0.8781,0.9652769795196681,0.9585264461640217
s1249,rib_right_7,0.9485,0.9598256520475987,0.9613002166666661
s1249,rib_right_8,0.903,0.9866401775735718,0.9582859611111115
s1249,rib_right_9,0.9509,0.8921384902744726,0.859065455952381
s1249,sacrum,0.8911,0.9399356556039928,0.9326703843915336
s1249,scapula_left,0.914,0.9667073806692214,0.9568160981481478
s1249,scapula_right,0.9442,0.9691253310400794,0.9567415679773927
s1249,skull,0.9502,0.972978678633787,0.9579280433862433
s1249,small_bowel,0.8145,0.7042433444361819,0.7654610624338624
s1249,spinal_cord,0.9252,0.9389539940789433,0.9401869619047616
s1249,spleen,0.9714,0.9185501666246454,0.926275079713804
s1249,sternum,0.9165,0.934882474285245,0.925987619973545
s1249,stomach,0.9224,0.9381606547407383,0.9276434549302554
s1249,subclavian_artery_left,0.9335,0.9469335749978746,0.9199217503357757
s1249,subclavian_artery_right,0.9253,0.9322504658551701,0.9172691566849817
s1249,superior_vena_cava,0.9733,0.9108479482969443,0.9084273629268877
s1249,thyroid_gland,0.8259,0.8900645827647141,0.8926942587301594
s1249,trachea,0.9574,0.9661735919376391,0.9444046298581045
s1249,urinary_bladder,0.9501,0.9139650470804708,0.912040514959114
s1249,vertebrae_C1,0.8424,0.8313780684962917,0.8825066714285714
s1249,vertebrae_C2,0.9015,0.9468287380007975,0.952343444708995
s1249,vertebrae_C3,0.8565,0.9596979455286462,0.9463135284391538
s1249,vertebrae_C4,0.8473,0.9506356138603969,0.944536908862434
s1249,vertebrae_C5,0.8698,0.8532171103663168,0.8958787753968255
s1249,vertebrae_C6,0.9001,0.9177188750444827,0.9150335833333338
s1249,vertebrae_C7,0.938,0.9667990928403848,0.9563184747354497
s1249,vertebrae_L1,0.9711,0.974064987461798,0.9785608734126979
s1249,vertebrae_L2,0.9699,0.9837552886216295,0.9772683297619049
s1249,vertebrae_L3,0.9647,0.9876171516526285,0.9781912805555552
s1249,vertebrae_L4,0.9633,0.9678881978925088,0.9764264257936507
s1249,vertebrae_L5,0.9461,0.9801375129024993,0.9798648662698408
s1249,vertebrae_S1,0.6092,0.9555057554200922,0.9493313571428572
s1249,vertebrae_T1,0.9584,0.9812972504482782,0.9586832220899474
s1249,vertebrae_T10,0.8361,0.9785260851245663,0.9654367152116401
s1249,vertebrae_T11,0.9556,0.9807775894557792,0.9760710275132272
s1249,vertebrae_T12,0.9722,0.9701345766211075,0.9601625829365077
s1249,vertebrae_T2,0.9496,0.9741715771962425,0.9619680210317468
s1249,vertebrae_T3,0.9417,0.9926693503167429,0.9602496105820106
s1249,vertebrae_T4,0.936,0.9928357060925376,0.964616231746032
s1249,vertebrae_T5,0.9394,0.9845224972401377,0.9572106100529102
s1249,vertebrae_T6,0.8322,0.8099013927392283,0.7406593047619044
s1249,vertebrae_T7,0.531,0.44381925277144624,0.48975232182539685
s1249,vertebrae_T8,0.4243,0.670326012271665,0.6800756197089947
s1249,vertebrae_T9,0.5782,0.8440371886575626,0.8810956129629632
